ISO-10303-21;
HEADER;
FILE_DESCRIPTION(('Open CASCADE Model'),'2;1');
FILE_NAME('Open CASCADE Shape Model','2026-07-15T10:57:30',('Author'),(
    'Open CASCADE'),'Open CASCADE STEP processor 7.9','Open CASCADE 7.9'
  ,'Unknown');
FILE_SCHEMA(('AUTOMOTIVE_DESIGN { 1 0 10303 214 1 1 1 1 }'));
ENDSEC;
DATA;
#1 = APPLICATION_PROTOCOL_DEFINITION('international standard',
  'automotive_design',2000,#2);
#2 = APPLICATION_CONTEXT(
  'core data for automotive mechanical design processes');
#3 = SHAPE_DEFINITION_REPRESENTATION(#4,#10);
#4 = PRODUCT_DEFINITION_SHAPE('','',#5);
#5 = PRODUCT_DEFINITION('design','',#6,#9);
#6 = PRODUCT_DEFINITION_FORMATION('','',#7);
#7 = PRODUCT('cross_axis_slider_concept_v4_captured_link_keyboard_mode',
  'cross_axis_slider_concept_v4_captured_link_keyboard_mode','',(#8));
#8 = PRODUCT_CONTEXT('',#2,'mechanical');
#9 = PRODUCT_DEFINITION_CONTEXT('part definition',#2,'design');
#10 = SHAPE_REPRESENTATION('',(#11,#15,#19,#23,#27,#31,#35,#39,#43,#47,
    #51,#55,#59,#63,#67,#71,#75,#79,#83,#87,#91,#95,#99,#103,#107,#111,
    #115,#119,#123,#127,#131,#135,#139,#143,#147,#151,#155,#159,#163,
    #167),#171);
#11 = AXIS2_PLACEMENT_3D('',#12,#13,#14);
#12 = CARTESIAN_POINT('',(0.,0.,0.));
#13 = DIRECTION('',(0.,0.,1.));
#14 = DIRECTION('',(1.,0.,-0.));
#15 = AXIS2_PLACEMENT_3D('',#16,#17,#18);
#16 = CARTESIAN_POINT('',(0.,0.,0.));
#17 = DIRECTION('',(0.,0.,1.));
#18 = DIRECTION('',(1.,0.,-0.));
#19 = AXIS2_PLACEMENT_3D('',#20,#21,#22);
#20 = CARTESIAN_POINT('',(0.,-35.,22.));
#21 = DIRECTION('',(0.,0.,1.));
#22 = DIRECTION('',(1.,0.,-0.));
#23 = AXIS2_PLACEMENT_3D('',#24,#25,#26);
#24 = CARTESIAN_POINT('',(0.,45.,68.));
#25 = DIRECTION('',(0.,0.,1.));
#26 = DIRECTION('',(1.,0.,-0.));
#27 = AXIS2_PLACEMENT_3D('',#28,#29,#30);
#28 = CARTESIAN_POINT('',(-142.8,-35.,19.8));
#29 = DIRECTION('',(0.,0.,1.));
#30 = DIRECTION('',(1.,0.,-0.));
#31 = AXIS2_PLACEMENT_3D('',#32,#33,#34);
#32 = CARTESIAN_POINT('',(142.8,-35.,19.8));
#33 = DIRECTION('',(0.,0.,1.));
#34 = DIRECTION('',(1.,0.,-0.));
#35 = AXIS2_PLACEMENT_3D('',#36,#37,#38);
#36 = CARTESIAN_POINT('',(-142.8,45.,65.8));
#37 = DIRECTION('',(0.,0.,1.));
#38 = DIRECTION('',(1.,0.,-0.));
#39 = AXIS2_PLACEMENT_3D('',#40,#41,#42);
#40 = CARTESIAN_POINT('',(142.8,45.,65.8));
#41 = DIRECTION('',(0.,0.,1.));
#42 = DIRECTION('',(1.,0.,-0.));
#43 = AXIS2_PLACEMENT_3D('',#44,#45,#46);
#44 = CARTESIAN_POINT('',(0.,0.,0.));
#45 = DIRECTION('',(0.,0.,1.));
#46 = DIRECTION('',(1.,0.,-0.));
#47 = AXIS2_PLACEMENT_3D('',#48,#49,#50);
#48 = CARTESIAN_POINT('',(-148.5,-47.52198067399,36.260990336999));
#49 = DIRECTION('',(1.,-0.,2.22044604925E-16));
#50 = DIRECTION('',(2.22044604925E-16,0.,-1.));
#51 = AXIS2_PLACEMENT_3D('',#52,#53,#54);
#52 = CARTESIAN_POINT('',(-148.5,-22.478019326,23.739009663001));
#53 = DIRECTION('',(1.,-0.,2.22044604925E-16));
#54 = DIRECTION('',(2.22044604925E-16,0.,-1.));
#55 = AXIS2_PLACEMENT_3D('',#56,#57,#58);
#56 = CARTESIAN_POINT('',(-150.5,-42.96230589874,4.));
#57 = DIRECTION('',(0.,0.,1.));
#58 = DIRECTION('',(1.,0.,-0.));
#59 = AXIS2_PLACEMENT_3D('',#60,#61,#62);
#60 = CARTESIAN_POINT('',(-150.5,2.962305898749,4.));
#61 = DIRECTION('',(0.,0.,1.));
#62 = DIRECTION('',(1.,0.,-0.));
#63 = AXIS2_PLACEMENT_3D('',#64,#65,#66);
#64 = CARTESIAN_POINT('',(0.,0.,0.));
#65 = DIRECTION('',(0.,0.,1.));
#66 = DIRECTION('',(1.,0.,-0.));
#67 = AXIS2_PLACEMENT_3D('',#68,#69,#70);
#68 = CARTESIAN_POINT('',(148.5,-47.52198067399,36.260990336999));
#69 = DIRECTION('',(1.,-0.,2.22044604925E-16));
#70 = DIRECTION('',(2.22044604925E-16,0.,-1.));
#71 = AXIS2_PLACEMENT_3D('',#72,#73,#74);
#72 = CARTESIAN_POINT('',(148.5,-22.478019326,23.739009663001));
#73 = DIRECTION('',(1.,-0.,2.22044604925E-16));
#74 = DIRECTION('',(2.22044604925E-16,0.,-1.));
#75 = AXIS2_PLACEMENT_3D('',#76,#77,#78);
#76 = CARTESIAN_POINT('',(150.5,-42.96230589874,4.));
#77 = DIRECTION('',(0.,0.,1.));
#78 = DIRECTION('',(1.,0.,-0.));
#79 = AXIS2_PLACEMENT_3D('',#80,#81,#82);
#80 = CARTESIAN_POINT('',(150.5,2.962305898749,4.));
#81 = DIRECTION('',(0.,0.,1.));
#82 = DIRECTION('',(1.,0.,-0.));
#83 = AXIS2_PLACEMENT_3D('',#84,#85,#86);
#84 = CARTESIAN_POINT('',(0.,0.,0.));
#85 = DIRECTION('',(0.,0.,1.));
#86 = DIRECTION('',(1.,0.,-0.));
#87 = AXIS2_PLACEMENT_3D('',#88,#89,#90);
#88 = CARTESIAN_POINT('',(-148.5,58.831594703085,62.164945257874));
#89 = DIRECTION('',(1.,-0.,2.22044604925E-16));
#90 = DIRECTION('',(2.22044604925E-16,0.,-1.));
#91 = AXIS2_PLACEMENT_3D('',#92,#93,#94);
#92 = CARTESIAN_POINT('',(-148.5,31.168405296915,57.835054742126));
#93 = DIRECTION('',(1.,-0.,2.22044604925E-16));
#94 = DIRECTION('',(2.22044604925E-16,0.,-1.));
#95 = AXIS2_PLACEMENT_3D('',#96,#97,#98);
#96 = CARTESIAN_POINT('',(-150.5,-60.32005154635,4.));
#97 = DIRECTION('',(0.,0.,1.));
#98 = DIRECTION('',(1.,0.,-0.));
#99 = AXIS2_PLACEMENT_3D('',#100,#101,#102);
#100 = CARTESIAN_POINT('',(-150.5,35.320051546354,4.));
#101 = DIRECTION('',(0.,0.,1.));
#102 = DIRECTION('',(1.,0.,-0.));
#103 = AXIS2_PLACEMENT_3D('',#104,#105,#106);
#104 = CARTESIAN_POINT('',(0.,0.,0.));
#105 = DIRECTION('',(0.,0.,1.));
#106 = DIRECTION('',(1.,0.,-0.));
#107 = AXIS2_PLACEMENT_3D('',#108,#109,#110);
#108 = CARTESIAN_POINT('',(148.5,58.831594703085,62.164945257874));
#109 = DIRECTION('',(1.,-0.,2.22044604925E-16));
#110 = DIRECTION('',(2.22044604925E-16,0.,-1.));
#111 = AXIS2_PLACEMENT_3D('',#112,#113,#114);
#112 = CARTESIAN_POINT('',(148.5,31.168405296915,57.835054742126));
#113 = DIRECTION('',(1.,-0.,2.22044604925E-16));
#114 = DIRECTION('',(2.22044604925E-16,0.,-1.));
#115 = AXIS2_PLACEMENT_3D('',#116,#117,#118);
#116 = CARTESIAN_POINT('',(150.5,-60.32005154635,4.));
#117 = DIRECTION('',(0.,0.,1.));
#118 = DIRECTION('',(1.,0.,-0.));
#119 = AXIS2_PLACEMENT_3D('',#120,#121,#122);
#120 = CARTESIAN_POINT('',(150.5,35.320051546354,4.));
#121 = DIRECTION('',(0.,0.,1.));
#122 = DIRECTION('',(1.,0.,-0.));
#123 = AXIS2_PLACEMENT_3D('',#124,#125,#126);
#124 = CARTESIAN_POINT('',(0.,0.,0.));
#125 = DIRECTION('',(0.,0.,1.));
#126 = DIRECTION('',(1.,0.,-0.));
#127 = AXIS2_PLACEMENT_3D('',#128,#129,#130);
#128 = CARTESIAN_POINT('',(0.,0.,0.));
#129 = DIRECTION('',(0.,0.,1.));
#130 = DIRECTION('',(1.,0.,-0.));
#131 = AXIS2_PLACEMENT_3D('',#132,#133,#134);
#132 = CARTESIAN_POINT('',(0.,0.,0.));
#133 = DIRECTION('',(0.,0.,1.));
#134 = DIRECTION('',(1.,0.,-0.));
#135 = AXIS2_PLACEMENT_3D('',#136,#137,#138);
#136 = CARTESIAN_POINT('',(0.,0.,0.));
#137 = DIRECTION('',(0.,0.,1.));
#138 = DIRECTION('',(1.,0.,-0.));
#139 = AXIS2_PLACEMENT_3D('',#140,#141,#142);
#140 = CARTESIAN_POINT('',(0.,0.,0.));
#141 = DIRECTION('',(0.,0.,1.));
#142 = DIRECTION('',(1.,0.,-0.));
#143 = AXIS2_PLACEMENT_3D('',#144,#145,#146);
#144 = CARTESIAN_POINT('',(-142.5,-5.,43.));
#145 = DIRECTION('',(1.,-0.,2.22044604925E-16));
#146 = DIRECTION('',(2.22044604925E-16,0.,-1.));
#147 = AXIS2_PLACEMENT_3D('',#148,#149,#150);
#148 = CARTESIAN_POINT('',(0.,0.,0.));
#149 = DIRECTION('',(0.,0.,1.));
#150 = DIRECTION('',(1.,0.,-0.));
#151 = AXIS2_PLACEMENT_3D('',#152,#153,#154);
#152 = CARTESIAN_POINT('',(0.,0.,0.));
#153 = DIRECTION('',(0.,0.,1.));
#154 = DIRECTION('',(1.,0.,-0.));
#155 = AXIS2_PLACEMENT_3D('',#156,#157,#158);
#156 = CARTESIAN_POINT('',(-145.,-5.,43.));
#157 = DIRECTION('',(1.,-0.,2.22044604925E-16));
#158 = DIRECTION('',(2.22044604925E-16,0.,-1.));
#159 = AXIS2_PLACEMENT_3D('',#160,#161,#162);
#160 = CARTESIAN_POINT('',(-140.,-5.,43.));
#161 = DIRECTION('',(1.,-0.,2.22044604925E-16));
#162 = DIRECTION('',(2.22044604925E-16,0.,-1.));
#163 = AXIS2_PLACEMENT_3D('',#164,#165,#166);
#164 = CARTESIAN_POINT('',(-142.5,30.,66.));
#165 = DIRECTION('',(1.,-0.,2.22044604925E-16));
#166 = DIRECTION('',(2.22044604925E-16,0.,-1.));
#167 = AXIS2_PLACEMENT_3D('',#168,#169,#170);
#168 = CARTESIAN_POINT('',(-142.5,60.,66.));
#169 = DIRECTION('',(1.,-0.,2.22044604925E-16));
#170 = DIRECTION('',(2.22044604925E-16,0.,-1.));
#171 = ( GEOMETRIC_REPRESENTATION_CONTEXT(3) 
GLOBAL_UNCERTAINTY_ASSIGNED_CONTEXT((#175)) GLOBAL_UNIT_ASSIGNED_CONTEXT
((#172,#173,#174)) REPRESENTATION_CONTEXT('Context #1',
  '3D Context with UNIT and UNCERTAINTY') );
#172 = ( LENGTH_UNIT() NAMED_UNIT(*) SI_UNIT(.MILLI.,.METRE.) );
#173 = ( NAMED_UNIT(*) PLANE_ANGLE_UNIT() SI_UNIT($,.RADIAN.) );
#174 = ( NAMED_UNIT(*) SI_UNIT($,.STERADIAN.) SOLID_ANGLE_UNIT() );
#175 = UNCERTAINTY_MEASURE_WITH_UNIT(LENGTH_MEASURE(1.E-07),#172,
  'distance_accuracy_value','confusion accuracy');
#176 = PRODUCT_RELATED_PRODUCT_CATEGORY('part',$,(#7));
#177 = SHAPE_DEFINITION_REPRESENTATION(#178,#184);
#178 = PRODUCT_DEFINITION_SHAPE('','',#179);
#179 = PRODUCT_DEFINITION('design','',#180,#183);
#180 = PRODUCT_DEFINITION_FORMATION('','',#181);
#181 = PRODUCT('base_308x280_four_window_openwork',
  'base_308x280_four_window_openwork','',(#182));
#182 = PRODUCT_CONTEXT('',#2,'mechanical');
#183 = PRODUCT_DEFINITION_CONTEXT('part definition',#2,'design');
#184 = SHAPE_REPRESENTATION('',(#11,#185),#189);
#185 = AXIS2_PLACEMENT_3D('',#186,#187,#188);
#186 = CARTESIAN_POINT('',(0.,0.,0.));
#187 = DIRECTION('',(0.,0.,1.));
#188 = DIRECTION('',(1.,0.,-0.));
#189 = ( GEOMETRIC_REPRESENTATION_CONTEXT(3) 
GLOBAL_UNCERTAINTY_ASSIGNED_CONTEXT((#193)) GLOBAL_UNIT_ASSIGNED_CONTEXT
((#190,#191,#192)) REPRESENTATION_CONTEXT('Context #1',
  '3D Context with UNIT and UNCERTAINTY') );
#190 = ( LENGTH_UNIT() NAMED_UNIT(*) SI_UNIT(.MILLI.,.METRE.) );
#191 = ( NAMED_UNIT(*) PLANE_ANGLE_UNIT() SI_UNIT($,.RADIAN.) );
#192 = ( NAMED_UNIT(*) SI_UNIT($,.STERADIAN.) SOLID_ANGLE_UNIT() );
#193 = UNCERTAINTY_MEASURE_WITH_UNIT(LENGTH_MEASURE(1.E-07),#190,
  'distance_accuracy_value','confusion accuracy');
#194 = CONTEXT_DEPENDENT_SHAPE_REPRESENTATION(#195,#197);
#195 = ( REPRESENTATION_RELATIONSHIP('','',#184,#10) 
REPRESENTATION_RELATIONSHIP_WITH_TRANSFORMATION(#196) 
SHAPE_REPRESENTATION_RELATIONSHIP() );
#196 = ITEM_DEFINED_TRANSFORMATION('','',#11,#15);
#197 = PRODUCT_DEFINITION_SHAPE('Placement','Placement of an item',#198
  );
#198 = NEXT_ASSEMBLY_USAGE_OCCURRENCE('2','=>[0:1:1:2]','',#5,#179,$);
#199 = PRODUCT_RELATED_PRODUCT_CATEGORY('part',$,(#181));
#200 = SHAPE_DEFINITION_REPRESENTATION(#201,#207);
#201 = PRODUCT_DEFINITION_SHAPE('','',#202);
#202 = PRODUCT_DEFINITION('design','',#203,#206);
#203 = PRODUCT_DEFINITION_FORMATION('','',#204);
#204 = PRODUCT('SOLID','SOLID','',(#205));
#205 = PRODUCT_CONTEXT('',#2,'mechanical');
#206 = PRODUCT_DEFINITION_CONTEXT('part definition',#2,'design');
#207 = ADVANCED_BREP_SHAPE_REPRESENTATION('',(#11,#208),#3010);
#208 = MANIFOLD_SOLID_BREP('',#209);
#209 = CLOSED_SHELL('',(#210,#330,#406,#1343,#1392,#2147,#2154,#2201,
    #2227,#2254,#2280,#2307,#2334,#2361,#2368,#2415,#2441,#2468,#2494,
    #2521,#2548,#2575,#2582,#2629,#2655,#2682,#2708,#2735,#2762,#2789,
    #2796,#2843,#2870,#2897,#2924,#2951,#2977,#3003));
#210 = ADVANCED_FACE('',(#211),#225,.F.);
#211 = FACE_BOUND('',#212,.F.);
#212 = EDGE_LOOP('',(#213,#248,#276,#304));
#213 = ORIENTED_EDGE('',*,*,#214,.F.);
#214 = EDGE_CURVE('',#215,#217,#219,.T.);
#215 = VERTEX_POINT('',#216);
#216 = CARTESIAN_POINT('',(-154.,-115.,0.));
#217 = VERTEX_POINT('',#218);
#218 = CARTESIAN_POINT('',(-154.,-115.,4.));
#219 = SURFACE_CURVE('',#220,(#224,#236),.PCURVE_S1.);
#220 = LINE('',#221,#222);
#221 = CARTESIAN_POINT('',(-154.,-115.,0.));
#222 = VECTOR('',#223,1.);
#223 = DIRECTION('',(0.,0.,1.));
#224 = PCURVE('',#225,#230);
#225 = PLANE('',#226);
#226 = AXIS2_PLACEMENT_3D('',#227,#228,#229);
#227 = CARTESIAN_POINT('',(-154.,-115.,0.));
#228 = DIRECTION('',(1.,0.,-0.));
#229 = DIRECTION('',(0.,0.,1.));
#230 = DEFINITIONAL_REPRESENTATION('',(#231),#235);
#231 = LINE('',#232,#233);
#232 = CARTESIAN_POINT('',(0.,0.));
#233 = VECTOR('',#234,1.);
#234 = DIRECTION('',(1.,0.));
#235 = ( GEOMETRIC_REPRESENTATION_CONTEXT(2) 
PARAMETRIC_REPRESENTATION_CONTEXT() REPRESENTATION_CONTEXT('2D SPACE',''
  ) );
#236 = PCURVE('',#237,#242);
#237 = PLANE('',#238);
#238 = AXIS2_PLACEMENT_3D('',#239,#240,#241);
#239 = CARTESIAN_POINT('',(-154.,-115.,0.));
#240 = DIRECTION('',(-0.,1.,0.));
#241 = DIRECTION('',(0.,0.,1.));
#242 = DEFINITIONAL_REPRESENTATION('',(#243),#247);
#243 = LINE('',#244,#245);
#244 = CARTESIAN_POINT('',(0.,0.));
#245 = VECTOR('',#246,1.);
#246 = DIRECTION('',(1.,0.));
#247 = ( GEOMETRIC_REPRESENTATION_CONTEXT(2) 
PARAMETRIC_REPRESENTATION_CONTEXT() REPRESENTATION_CONTEXT('2D SPACE',''
  ) );
#248 = ORIENTED_EDGE('',*,*,#249,.T.);
#249 = EDGE_CURVE('',#215,#250,#252,.T.);
#250 = VERTEX_POINT('',#251);
#251 = CARTESIAN_POINT('',(-154.,165.,0.));
#252 = SURFACE_CURVE('',#253,(#257,#264),.PCURVE_S1.);
#253 = LINE('',#254,#255);
#254 = CARTESIAN_POINT('',(-154.,-115.,0.));
#255 = VECTOR('',#256,1.);
#256 = DIRECTION('',(-0.,1.,0.));
#257 = PCURVE('',#225,#258);
#258 = DEFINITIONAL_REPRESENTATION('',(#259),#263);
#259 = LINE('',#260,#261);
#260 = CARTESIAN_POINT('',(0.,0.));
#261 = VECTOR('',#262,1.);
#262 = DIRECTION('',(0.,-1.));
#263 = ( GEOMETRIC_REPRESENTATION_CONTEXT(2) 
PARAMETRIC_REPRESENTATION_CONTEXT() REPRESENTATION_CONTEXT('2D SPACE',''
  ) );
#264 = PCURVE('',#265,#270);
#265 = PLANE('',#266);
#266 = AXIS2_PLACEMENT_3D('',#267,#268,#269);
#267 = CARTESIAN_POINT('',(-154.,-115.,0.));
#268 = DIRECTION('',(0.,0.,1.));
#269 = DIRECTION('',(1.,0.,-0.));
#270 = DEFINITIONAL_REPRESENTATION('',(#271),#275);
#271 = LINE('',#272,#273);
#272 = CARTESIAN_POINT('',(0.,0.));
#273 = VECTOR('',#274,1.);
#274 = DIRECTION('',(0.,1.));
#275 = ( GEOMETRIC_REPRESENTATION_CONTEXT(2) 
PARAMETRIC_REPRESENTATION_CONTEXT() REPRESENTATION_CONTEXT('2D SPACE',''
  ) );
#276 = ORIENTED_EDGE('',*,*,#277,.T.);
#277 = EDGE_CURVE('',#250,#278,#280,.T.);
#278 = VERTEX_POINT('',#279);
#279 = CARTESIAN_POINT('',(-154.,165.,4.));
#280 = SURFACE_CURVE('',#281,(#285,#292),.PCURVE_S1.);
#281 = LINE('',#282,#283);
#282 = CARTESIAN_POINT('',(-154.,165.,0.));
#283 = VECTOR('',#284,1.);
#284 = DIRECTION('',(0.,0.,1.));
#285 = PCURVE('',#225,#286);
#286 = DEFINITIONAL_REPRESENTATION('',(#287),#291);
#287 = LINE('',#288,#289);
#288 = CARTESIAN_POINT('',(0.,-280.));
#289 = VECTOR('',#290,1.);
#290 = DIRECTION('',(1.,0.));
#291 = ( GEOMETRIC_REPRESENTATION_CONTEXT(2) 
PARAMETRIC_REPRESENTATION_CONTEXT() REPRESENTATION_CONTEXT('2D SPACE',''
  ) );
#292 = PCURVE('',#293,#298);
#293 = PLANE('',#294);
#294 = AXIS2_PLACEMENT_3D('',#295,#296,#297);
#295 = CARTESIAN_POINT('',(-154.,165.,0.));
#296 = DIRECTION('',(-0.,1.,0.));
#297 = DIRECTION('',(0.,0.,1.));
#298 = DEFINITIONAL_REPRESENTATION('',(#299),#303);
#299 = LINE('',#300,#301);
#300 = CARTESIAN_POINT('',(0.,0.));
#301 = VECTOR('',#302,1.);
#302 = DIRECTION('',(1.,0.));
#303 = ( GEOMETRIC_REPRESENTATION_CONTEXT(2) 
PARAMETRIC_REPRESENTATION_CONTEXT() REPRESENTATION_CONTEXT('2D SPACE',''
  ) );
#304 = ORIENTED_EDGE('',*,*,#305,.F.);
#305 = EDGE_CURVE('',#217,#278,#306,.T.);
#306 = SURFACE_CURVE('',#307,(#311,#318),.PCURVE_S1.);
#307 = LINE('',#308,#309);
#308 = CARTESIAN_POINT('',(-154.,-115.,4.));
#309 = VECTOR('',#310,1.);
#310 = DIRECTION('',(-0.,1.,0.));
#311 = PCURVE('',#225,#312);
#312 = DEFINITIONAL_REPRESENTATION('',(#313),#317);
#313 = LINE('',#314,#315);
#314 = CARTESIAN_POINT('',(4.,0.));
#315 = VECTOR('',#316,1.);
#316 = DIRECTION('',(0.,-1.));
#317 = ( GEOMETRIC_REPRESENTATION_CONTEXT(2) 
PARAMETRIC_REPRESENTATION_CONTEXT() REPRESENTATION_CONTEXT('2D SPACE',''
  ) );
#318 = PCURVE('',#319,#324);
#319 = PLANE('',#320);
#320 = AXIS2_PLACEMENT_3D('',#321,#322,#323);
#321 = CARTESIAN_POINT('',(-154.,-115.,4.));
#322 = DIRECTION('',(0.,0.,1.));
#323 = DIRECTION('',(1.,0.,-0.));
#324 = DEFINITIONAL_REPRESENTATION('',(#325),#329);
#325 = LINE('',#326,#327);
#326 = CARTESIAN_POINT('',(0.,0.));
#327 = VECTOR('',#328,1.);
#328 = DIRECTION('',(0.,1.));
#329 = ( GEOMETRIC_REPRESENTATION_CONTEXT(2) 
PARAMETRIC_REPRESENTATION_CONTEXT() REPRESENTATION_CONTEXT('2D SPACE',''
  ) );
#330 = ADVANCED_FACE('',(#331),#237,.F.);
#331 = FACE_BOUND('',#332,.F.);
#332 = EDGE_LOOP('',(#333,#356,#357,#380));
#333 = ORIENTED_EDGE('',*,*,#334,.F.);
#334 = EDGE_CURVE('',#215,#335,#337,.T.);
#335 = VERTEX_POINT('',#336);
#336 = CARTESIAN_POINT('',(154.,-115.,0.));
#337 = SURFACE_CURVE('',#338,(#342,#349),.PCURVE_S1.);
#338 = LINE('',#339,#340);
#339 = CARTESIAN_POINT('',(-154.,-115.,0.));
#340 = VECTOR('',#341,1.);
#341 = DIRECTION('',(1.,0.,-0.));
#342 = PCURVE('',#237,#343);
#343 = DEFINITIONAL_REPRESENTATION('',(#344),#348);
#344 = LINE('',#345,#346);
#345 = CARTESIAN_POINT('',(0.,0.));
#346 = VECTOR('',#347,1.);
#347 = DIRECTION('',(0.,1.));
#348 = ( GEOMETRIC_REPRESENTATION_CONTEXT(2) 
PARAMETRIC_REPRESENTATION_CONTEXT() REPRESENTATION_CONTEXT('2D SPACE',''
  ) );
#349 = PCURVE('',#265,#350);
#350 = DEFINITIONAL_REPRESENTATION('',(#351),#355);
#351 = LINE('',#352,#353);
#352 = CARTESIAN_POINT('',(0.,0.));
#353 = VECTOR('',#354,1.);
#354 = DIRECTION('',(1.,0.));
#355 = ( GEOMETRIC_REPRESENTATION_CONTEXT(2) 
PARAMETRIC_REPRESENTATION_CONTEXT() REPRESENTATION_CONTEXT('2D SPACE',''
  ) );
#356 = ORIENTED_EDGE('',*,*,#214,.T.);
#357 = ORIENTED_EDGE('',*,*,#358,.T.);
#358 = EDGE_CURVE('',#217,#359,#361,.T.);
#359 = VERTEX_POINT('',#360);
#360 = CARTESIAN_POINT('',(154.,-115.,4.));
#361 = SURFACE_CURVE('',#362,(#366,#373),.PCURVE_S1.);
#362 = LINE('',#363,#364);
#363 = CARTESIAN_POINT('',(-154.,-115.,4.));
#364 = VECTOR('',#365,1.);
#365 = DIRECTION('',(1.,0.,-0.));
#366 = PCURVE('',#237,#367);
#367 = DEFINITIONAL_REPRESENTATION('',(#368),#372);
#368 = LINE('',#369,#370);
#369 = CARTESIAN_POINT('',(4.,0.));
#370 = VECTOR('',#371,1.);
#371 = DIRECTION('',(0.,1.));
#372 = ( GEOMETRIC_REPRESENTATION_CONTEXT(2) 
PARAMETRIC_REPRESENTATION_CONTEXT() REPRESENTATION_CONTEXT('2D SPACE',''
  ) );
#373 = PCURVE('',#319,#374);
#374 = DEFINITIONAL_REPRESENTATION('',(#375),#379);
#375 = LINE('',#376,#377);
#376 = CARTESIAN_POINT('',(0.,0.));
#377 = VECTOR('',#378,1.);
#378 = DIRECTION('',(1.,0.));
#379 = ( GEOMETRIC_REPRESENTATION_CONTEXT(2) 
PARAMETRIC_REPRESENTATION_CONTEXT() REPRESENTATION_CONTEXT('2D SPACE',''
  ) );
#380 = ORIENTED_EDGE('',*,*,#381,.F.);
#381 = EDGE_CURVE('',#335,#359,#382,.T.);
#382 = SURFACE_CURVE('',#383,(#387,#394),.PCURVE_S1.);
#383 = LINE('',#384,#385);
#384 = CARTESIAN_POINT('',(154.,-115.,0.));
#385 = VECTOR('',#386,1.);
#386 = DIRECTION('',(0.,0.,1.));
#387 = PCURVE('',#237,#388);
#388 = DEFINITIONAL_REPRESENTATION('',(#389),#393);
#389 = LINE('',#390,#391);
#390 = CARTESIAN_POINT('',(0.,308.));
#391 = VECTOR('',#392,1.);
#392 = DIRECTION('',(1.,0.));
#393 = ( GEOMETRIC_REPRESENTATION_CONTEXT(2) 
PARAMETRIC_REPRESENTATION_CONTEXT() REPRESENTATION_CONTEXT('2D SPACE',''
  ) );
#394 = PCURVE('',#395,#400);
#395 = PLANE('',#396);
#396 = AXIS2_PLACEMENT_3D('',#397,#398,#399);
#397 = CARTESIAN_POINT('',(154.,-115.,0.));
#398 = DIRECTION('',(1.,0.,-0.));
#399 = DIRECTION('',(0.,0.,1.));
#400 = DEFINITIONAL_REPRESENTATION('',(#401),#405);
#401 = LINE('',#402,#403);
#402 = CARTESIAN_POINT('',(0.,0.));
#403 = VECTOR('',#404,1.);
#404 = DIRECTION('',(1.,0.));
#405 = ( GEOMETRIC_REPRESENTATION_CONTEXT(2) 
PARAMETRIC_REPRESENTATION_CONTEXT() REPRESENTATION_CONTEXT('2D SPACE',''
  ) );
#406 = ADVANCED_FACE('',(#407,#455,#677,#899,#1121),#319,.T.);
#407 = FACE_BOUND('',#408,.T.);
#408 = EDGE_LOOP('',(#409,#410,#411,#434));
#409 = ORIENTED_EDGE('',*,*,#305,.F.);
#410 = ORIENTED_EDGE('',*,*,#358,.T.);
#411 = ORIENTED_EDGE('',*,*,#412,.T.);
#412 = EDGE_CURVE('',#359,#413,#415,.T.);
#413 = VERTEX_POINT('',#414);
#414 = CARTESIAN_POINT('',(154.,165.,4.));
#415 = SURFACE_CURVE('',#416,(#420,#427),.PCURVE_S1.);
#416 = LINE('',#417,#418);
#417 = CARTESIAN_POINT('',(154.,-115.,4.));
#418 = VECTOR('',#419,1.);
#419 = DIRECTION('',(-0.,1.,0.));
#420 = PCURVE('',#319,#421);
#421 = DEFINITIONAL_REPRESENTATION('',(#422),#426);
#422 = LINE('',#423,#424);
#423 = CARTESIAN_POINT('',(308.,0.));
#424 = VECTOR('',#425,1.);
#425 = DIRECTION('',(0.,1.));
#426 = ( GEOMETRIC_REPRESENTATION_CONTEXT(2) 
PARAMETRIC_REPRESENTATION_CONTEXT() REPRESENTATION_CONTEXT('2D SPACE',''
  ) );
#427 = PCURVE('',#395,#428);
#428 = DEFINITIONAL_REPRESENTATION('',(#429),#433);
#429 = LINE('',#430,#431);
#430 = CARTESIAN_POINT('',(4.,0.));
#431 = VECTOR('',#432,1.);
#432 = DIRECTION('',(0.,-1.));
#433 = ( GEOMETRIC_REPRESENTATION_CONTEXT(2) 
PARAMETRIC_REPRESENTATION_CONTEXT() REPRESENTATION_CONTEXT('2D SPACE',''
  ) );
#434 = ORIENTED_EDGE('',*,*,#435,.F.);
#435 = EDGE_CURVE('',#278,#413,#436,.T.);
#436 = SURFACE_CURVE('',#437,(#441,#448),.PCURVE_S1.);
#437 = LINE('',#438,#439);
#438 = CARTESIAN_POINT('',(-154.,165.,4.));
#439 = VECTOR('',#440,1.);
#440 = DIRECTION('',(1.,0.,-0.));
#441 = PCURVE('',#319,#442);
#442 = DEFINITIONAL_REPRESENTATION('',(#443),#447);
#443 = LINE('',#444,#445);
#444 = CARTESIAN_POINT('',(0.,280.));
#445 = VECTOR('',#446,1.);
#446 = DIRECTION('',(1.,0.));
#447 = ( GEOMETRIC_REPRESENTATION_CONTEXT(2) 
PARAMETRIC_REPRESENTATION_CONTEXT() REPRESENTATION_CONTEXT('2D SPACE',''
  ) );
#448 = PCURVE('',#293,#449);
#449 = DEFINITIONAL_REPRESENTATION('',(#450),#454);
#450 = LINE('',#451,#452);
#451 = CARTESIAN_POINT('',(4.,0.));
#452 = VECTOR('',#453,1.);
#453 = DIRECTION('',(0.,1.));
#454 = ( GEOMETRIC_REPRESENTATION_CONTEXT(2) 
PARAMETRIC_REPRESENTATION_CONTEXT() REPRESENTATION_CONTEXT('2D SPACE',''
  ) );
#455 = FACE_BOUND('',#456,.T.);
#456 = EDGE_LOOP('',(#457,#485,#514,#540,#569,#595,#624,#650));
#457 = ORIENTED_EDGE('',*,*,#458,.F.);
#458 = EDGE_CURVE('',#459,#461,#463,.T.);
#459 = VERTEX_POINT('',#460);
#460 = CARTESIAN_POINT('',(-20.,12.,4.));
#461 = VERTEX_POINT('',#462);
#462 = CARTESIAN_POINT('',(-110.,12.,4.));
#463 = SURFACE_CURVE('',#464,(#468,#474),.PCURVE_S1.);
#464 = LINE('',#465,#466);
#465 = CARTESIAN_POINT('',(-132.,12.,4.));
#466 = VECTOR('',#467,1.);
#467 = DIRECTION('',(-1.,-0.,0.));
#468 = PCURVE('',#319,#469);
#469 = DEFINITIONAL_REPRESENTATION('',(#470),#473);
#470 = B_SPLINE_CURVE_WITH_KNOTS('',1,(#471,#472),.UNSPECIFIED.,.F.,.F.,
  (2,2),(-112.,-22.),.PIECEWISE_BEZIER_KNOTS.);
#471 = CARTESIAN_POINT('',(134.,127.));
#472 = CARTESIAN_POINT('',(44.,127.));
#473 = ( GEOMETRIC_REPRESENTATION_CONTEXT(2) 
PARAMETRIC_REPRESENTATION_CONTEXT() REPRESENTATION_CONTEXT('2D SPACE',''
  ) );
#474 = PCURVE('',#475,#480);
#475 = PLANE('',#476);
#476 = AXIS2_PLACEMENT_3D('',#477,#478,#479);
#477 = CARTESIAN_POINT('',(-110.,12.,-1.));
#478 = DIRECTION('',(-0.,1.,0.));
#479 = DIRECTION('',(0.,0.,1.));
#480 = DEFINITIONAL_REPRESENTATION('',(#481),#484);
#481 = B_SPLINE_CURVE_WITH_KNOTS('',1,(#482,#483),.UNSPECIFIED.,.F.,.F.,
  (2,2),(-112.,-22.),.PIECEWISE_BEZIER_KNOTS.);
#482 = CARTESIAN_POINT('',(5.,90.));
#483 = CARTESIAN_POINT('',(5.,0.));
#484 = ( GEOMETRIC_REPRESENTATION_CONTEXT(2) 
PARAMETRIC_REPRESENTATION_CONTEXT() REPRESENTATION_CONTEXT('2D SPACE',''
  ) );
#485 = ORIENTED_EDGE('',*,*,#486,.F.);
#486 = EDGE_CURVE('',#487,#459,#489,.T.);
#487 = VERTEX_POINT('',#488);
#488 = CARTESIAN_POINT('',(-10.,2.,4.));
#489 = SURFACE_CURVE('',#490,(#495,#502),.PCURVE_S1.);
#490 = CIRCLE('',#491,10.);
#491 = AXIS2_PLACEMENT_3D('',#492,#493,#494);
#492 = CARTESIAN_POINT('',(-20.,2.,4.));
#493 = DIRECTION('',(0.,0.,1.));
#494 = DIRECTION('',(1.,0.,-0.));
#495 = PCURVE('',#319,#496);
#496 = DEFINITIONAL_REPRESENTATION('',(#497),#501);
#497 = CIRCLE('',#498,10.);
#498 = AXIS2_PLACEMENT_2D('',#499,#500);
#499 = CARTESIAN_POINT('',(134.,117.));
#500 = DIRECTION('',(1.,0.));
#501 = ( GEOMETRIC_REPRESENTATION_CONTEXT(2) 
PARAMETRIC_REPRESENTATION_CONTEXT() REPRESENTATION_CONTEXT('2D SPACE',''
  ) );
#502 = PCURVE('',#503,#508);
#503 = CYLINDRICAL_SURFACE('',#504,10.);
#504 = AXIS2_PLACEMENT_3D('',#505,#506,#507);
#505 = CARTESIAN_POINT('',(-20.,2.,-1.));
#506 = DIRECTION('',(0.,0.,1.));
#507 = DIRECTION('',(1.,0.,-0.));
#508 = DEFINITIONAL_REPRESENTATION('',(#509),#513);
#509 = LINE('',#510,#511);
#510 = CARTESIAN_POINT('',(0.,5.));
#511 = VECTOR('',#512,1.);
#512 = DIRECTION('',(1.,0.));
#513 = ( GEOMETRIC_REPRESENTATION_CONTEXT(2) 
PARAMETRIC_REPRESENTATION_CONTEXT() REPRESENTATION_CONTEXT('2D SPACE',''
  ) );
#514 = ORIENTED_EDGE('',*,*,#515,.F.);
#515 = EDGE_CURVE('',#516,#487,#518,.T.);
#516 = VERTEX_POINT('',#517);
#517 = CARTESIAN_POINT('',(-10.,-88.,4.));
#518 = SURFACE_CURVE('',#519,(#523,#529),.PCURVE_S1.);
#519 = LINE('',#520,#521);
#520 = CARTESIAN_POINT('',(-10.,-101.5,4.));
#521 = VECTOR('',#522,1.);
#522 = DIRECTION('',(-0.,1.,0.));
#523 = PCURVE('',#319,#524);
#524 = DEFINITIONAL_REPRESENTATION('',(#525),#528);
#525 = B_SPLINE_CURVE_WITH_KNOTS('',1,(#526,#527),.UNSPECIFIED.,.F.,.F.,
  (2,2),(13.5,103.5),.PIECEWISE_BEZIER_KNOTS.);
#526 = CARTESIAN_POINT('',(144.,27.));
#527 = CARTESIAN_POINT('',(144.,117.));
#528 = ( GEOMETRIC_REPRESENTATION_CONTEXT(2) 
PARAMETRIC_REPRESENTATION_CONTEXT() REPRESENTATION_CONTEXT('2D SPACE',''
  ) );
#529 = PCURVE('',#530,#535);
#530 = PLANE('',#531);
#531 = AXIS2_PLACEMENT_3D('',#532,#533,#534);
#532 = CARTESIAN_POINT('',(-10.,-88.,-1.));
#533 = DIRECTION('',(1.,0.,-0.));
#534 = DIRECTION('',(0.,0.,1.));
#535 = DEFINITIONAL_REPRESENTATION('',(#536),#539);
#536 = B_SPLINE_CURVE_WITH_KNOTS('',1,(#537,#538),.UNSPECIFIED.,.F.,.F.,
  (2,2),(13.5,103.5),.PIECEWISE_BEZIER_KNOTS.);
#537 = CARTESIAN_POINT('',(5.,0.));
#538 = CARTESIAN_POINT('',(5.,-90.));
#539 = ( GEOMETRIC_REPRESENTATION_CONTEXT(2) 
PARAMETRIC_REPRESENTATION_CONTEXT() REPRESENTATION_CONTEXT('2D SPACE',''
  ) );
#540 = ORIENTED_EDGE('',*,*,#541,.F.);
#541 = EDGE_CURVE('',#542,#516,#544,.T.);
#542 = VERTEX_POINT('',#543);
#543 = CARTESIAN_POINT('',(-20.,-98.,4.));
#544 = SURFACE_CURVE('',#545,(#550,#557),.PCURVE_S1.);
#545 = CIRCLE('',#546,10.);
#546 = AXIS2_PLACEMENT_3D('',#547,#548,#549);
#547 = CARTESIAN_POINT('',(-20.,-88.,4.));
#548 = DIRECTION('',(0.,0.,1.));
#549 = DIRECTION('',(1.,0.,-0.));
#550 = PCURVE('',#319,#551);
#551 = DEFINITIONAL_REPRESENTATION('',(#552),#556);
#552 = CIRCLE('',#553,10.);
#553 = AXIS2_PLACEMENT_2D('',#554,#555);
#554 = CARTESIAN_POINT('',(134.,27.));
#555 = DIRECTION('',(1.,0.));
#556 = ( GEOMETRIC_REPRESENTATION_CONTEXT(2) 
PARAMETRIC_REPRESENTATION_CONTEXT() REPRESENTATION_CONTEXT('2D SPACE',''
  ) );
#557 = PCURVE('',#558,#563);
#558 = CYLINDRICAL_SURFACE('',#559,10.);
#559 = AXIS2_PLACEMENT_3D('',#560,#561,#562);
#560 = CARTESIAN_POINT('',(-20.,-88.,-1.));
#561 = DIRECTION('',(0.,0.,1.));
#562 = DIRECTION('',(1.,0.,-0.));
#563 = DEFINITIONAL_REPRESENTATION('',(#564),#568);
#564 = LINE('',#565,#566);
#565 = CARTESIAN_POINT('',(0.,5.));
#566 = VECTOR('',#567,1.);
#567 = DIRECTION('',(1.,0.));
#568 = ( GEOMETRIC_REPRESENTATION_CONTEXT(2) 
PARAMETRIC_REPRESENTATION_CONTEXT() REPRESENTATION_CONTEXT('2D SPACE',''
  ) );
#569 = ORIENTED_EDGE('',*,*,#570,.T.);
#570 = EDGE_CURVE('',#542,#571,#573,.T.);
#571 = VERTEX_POINT('',#572);
#572 = CARTESIAN_POINT('',(-110.,-98.,4.));
#573 = SURFACE_CURVE('',#574,(#578,#584),.PCURVE_S1.);
#574 = LINE('',#575,#576);
#575 = CARTESIAN_POINT('',(-132.,-98.,4.));
#576 = VECTOR('',#577,1.);
#577 = DIRECTION('',(-1.,-0.,0.));
#578 = PCURVE('',#319,#579);
#579 = DEFINITIONAL_REPRESENTATION('',(#580),#583);
#580 = B_SPLINE_CURVE_WITH_KNOTS('',1,(#581,#582),.UNSPECIFIED.,.F.,.F.,
  (2,2),(-112.,-22.),.PIECEWISE_BEZIER_KNOTS.);
#581 = CARTESIAN_POINT('',(134.,17.));
#582 = CARTESIAN_POINT('',(44.,17.));
#583 = ( GEOMETRIC_REPRESENTATION_CONTEXT(2) 
PARAMETRIC_REPRESENTATION_CONTEXT() REPRESENTATION_CONTEXT('2D SPACE',''
  ) );
#584 = PCURVE('',#585,#590);
#585 = PLANE('',#586);
#586 = AXIS2_PLACEMENT_3D('',#587,#588,#589);
#587 = CARTESIAN_POINT('',(-110.,-98.,-1.));
#588 = DIRECTION('',(-0.,1.,0.));
#589 = DIRECTION('',(0.,0.,1.));
#590 = DEFINITIONAL_REPRESENTATION('',(#591),#594);
#591 = B_SPLINE_CURVE_WITH_KNOTS('',1,(#592,#593),.UNSPECIFIED.,.F.,.F.,
  (2,2),(-112.,-22.),.PIECEWISE_BEZIER_KNOTS.);
#592 = CARTESIAN_POINT('',(5.,90.));
#593 = CARTESIAN_POINT('',(5.,0.));
#594 = ( GEOMETRIC_REPRESENTATION_CONTEXT(2) 
PARAMETRIC_REPRESENTATION_CONTEXT() REPRESENTATION_CONTEXT('2D SPACE',''
  ) );
#595 = ORIENTED_EDGE('',*,*,#596,.F.);
#596 = EDGE_CURVE('',#597,#571,#599,.T.);
#597 = VERTEX_POINT('',#598);
#598 = CARTESIAN_POINT('',(-120.,-88.,4.));
#599 = SURFACE_CURVE('',#600,(#605,#612),.PCURVE_S1.);
#600 = CIRCLE('',#601,10.);
#601 = AXIS2_PLACEMENT_3D('',#602,#603,#604);
#602 = CARTESIAN_POINT('',(-110.,-88.,4.));
#603 = DIRECTION('',(0.,0.,1.));
#604 = DIRECTION('',(1.,0.,-0.));
#605 = PCURVE('',#319,#606);
#606 = DEFINITIONAL_REPRESENTATION('',(#607),#611);
#607 = CIRCLE('',#608,10.);
#608 = AXIS2_PLACEMENT_2D('',#609,#610);
#609 = CARTESIAN_POINT('',(44.,27.));
#610 = DIRECTION('',(1.,0.));
#611 = ( GEOMETRIC_REPRESENTATION_CONTEXT(2) 
PARAMETRIC_REPRESENTATION_CONTEXT() REPRESENTATION_CONTEXT('2D SPACE',''
  ) );
#612 = PCURVE('',#613,#618);
#613 = CYLINDRICAL_SURFACE('',#614,10.);
#614 = AXIS2_PLACEMENT_3D('',#615,#616,#617);
#615 = CARTESIAN_POINT('',(-110.,-88.,-1.));
#616 = DIRECTION('',(0.,0.,1.));
#617 = DIRECTION('',(1.,0.,-0.));
#618 = DEFINITIONAL_REPRESENTATION('',(#619),#623);
#619 = LINE('',#620,#621);
#620 = CARTESIAN_POINT('',(0.,5.));
#621 = VECTOR('',#622,1.);
#622 = DIRECTION('',(1.,0.));
#623 = ( GEOMETRIC_REPRESENTATION_CONTEXT(2) 
PARAMETRIC_REPRESENTATION_CONTEXT() REPRESENTATION_CONTEXT('2D SPACE',''
  ) );
#624 = ORIENTED_EDGE('',*,*,#625,.T.);
#625 = EDGE_CURVE('',#597,#626,#628,.T.);
#626 = VERTEX_POINT('',#627);
#627 = CARTESIAN_POINT('',(-120.,2.,4.));
#628 = SURFACE_CURVE('',#629,(#633,#639),.PCURVE_S1.);
#629 = LINE('',#630,#631);
#630 = CARTESIAN_POINT('',(-120.,-101.5,4.));
#631 = VECTOR('',#632,1.);
#632 = DIRECTION('',(-0.,1.,0.));
#633 = PCURVE('',#319,#634);
#634 = DEFINITIONAL_REPRESENTATION('',(#635),#638);
#635 = B_SPLINE_CURVE_WITH_KNOTS('',1,(#636,#637),.UNSPECIFIED.,.F.,.F.,
  (2,2),(13.5,103.5),.PIECEWISE_BEZIER_KNOTS.);
#636 = CARTESIAN_POINT('',(34.,27.));
#637 = CARTESIAN_POINT('',(34.,117.));
#638 = ( GEOMETRIC_REPRESENTATION_CONTEXT(2) 
PARAMETRIC_REPRESENTATION_CONTEXT() REPRESENTATION_CONTEXT('2D SPACE',''
  ) );
#639 = PCURVE('',#640,#645);
#640 = PLANE('',#641);
#641 = AXIS2_PLACEMENT_3D('',#642,#643,#644);
#642 = CARTESIAN_POINT('',(-120.,-88.,-1.));
#643 = DIRECTION('',(1.,0.,-0.));
#644 = DIRECTION('',(0.,0.,1.));
#645 = DEFINITIONAL_REPRESENTATION('',(#646),#649);
#646 = B_SPLINE_CURVE_WITH_KNOTS('',1,(#647,#648),.UNSPECIFIED.,.F.,.F.,
  (2,2),(13.5,103.5),.PIECEWISE_BEZIER_KNOTS.);
#647 = CARTESIAN_POINT('',(5.,0.));
#648 = CARTESIAN_POINT('',(5.,-90.));
#649 = ( GEOMETRIC_REPRESENTATION_CONTEXT(2) 
PARAMETRIC_REPRESENTATION_CONTEXT() REPRESENTATION_CONTEXT('2D SPACE',''
  ) );
#650 = ORIENTED_EDGE('',*,*,#651,.F.);
#651 = EDGE_CURVE('',#461,#626,#652,.T.);
#652 = SURFACE_CURVE('',#653,(#658,#665),.PCURVE_S1.);
#653 = CIRCLE('',#654,10.);
#654 = AXIS2_PLACEMENT_3D('',#655,#656,#657);
#655 = CARTESIAN_POINT('',(-110.,2.,4.));
#656 = DIRECTION('',(0.,0.,1.));
#657 = DIRECTION('',(1.,0.,-0.));
#658 = PCURVE('',#319,#659);
#659 = DEFINITIONAL_REPRESENTATION('',(#660),#664);
#660 = CIRCLE('',#661,10.);
#661 = AXIS2_PLACEMENT_2D('',#662,#663);
#662 = CARTESIAN_POINT('',(44.,117.));
#663 = DIRECTION('',(1.,0.));
#664 = ( GEOMETRIC_REPRESENTATION_CONTEXT(2) 
PARAMETRIC_REPRESENTATION_CONTEXT() REPRESENTATION_CONTEXT('2D SPACE',''
  ) );
#665 = PCURVE('',#666,#671);
#666 = CYLINDRICAL_SURFACE('',#667,10.);
#667 = AXIS2_PLACEMENT_3D('',#668,#669,#670);
#668 = CARTESIAN_POINT('',(-110.,2.,-1.));
#669 = DIRECTION('',(0.,0.,1.));
#670 = DIRECTION('',(1.,0.,-0.));
#671 = DEFINITIONAL_REPRESENTATION('',(#672),#676);
#672 = LINE('',#673,#674);
#673 = CARTESIAN_POINT('',(0.,5.));
#674 = VECTOR('',#675,1.);
#675 = DIRECTION('',(1.,0.));
#676 = ( GEOMETRIC_REPRESENTATION_CONTEXT(2) 
PARAMETRIC_REPRESENTATION_CONTEXT() REPRESENTATION_CONTEXT('2D SPACE',''
  ) );
#677 = FACE_BOUND('',#678,.T.);
#678 = EDGE_LOOP('',(#679,#707,#736,#762,#791,#817,#846,#872));
#679 = ORIENTED_EDGE('',*,*,#680,.F.);
#680 = EDGE_CURVE('',#681,#683,#685,.T.);
#681 = VERTEX_POINT('',#682);
#682 = CARTESIAN_POINT('',(110.,12.,4.));
#683 = VERTEX_POINT('',#684);
#684 = CARTESIAN_POINT('',(20.,12.,4.));
#685 = SURFACE_CURVE('',#686,(#690,#696),.PCURVE_S1.);
#686 = LINE('',#687,#688);
#687 = CARTESIAN_POINT('',(-67.,12.,4.));
#688 = VECTOR('',#689,1.);
#689 = DIRECTION('',(-1.,-0.,0.));
#690 = PCURVE('',#319,#691);
#691 = DEFINITIONAL_REPRESENTATION('',(#692),#695);
#692 = B_SPLINE_CURVE_WITH_KNOTS('',1,(#693,#694),.UNSPECIFIED.,.F.,.F.,
  (2,2),(-177.,-87.),.PIECEWISE_BEZIER_KNOTS.);
#693 = CARTESIAN_POINT('',(264.,127.));
#694 = CARTESIAN_POINT('',(174.,127.));
#695 = ( GEOMETRIC_REPRESENTATION_CONTEXT(2) 
PARAMETRIC_REPRESENTATION_CONTEXT() REPRESENTATION_CONTEXT('2D SPACE',''
  ) );
#696 = PCURVE('',#697,#702);
#697 = PLANE('',#698);
#698 = AXIS2_PLACEMENT_3D('',#699,#700,#701);
#699 = CARTESIAN_POINT('',(20.,12.,-1.));
#700 = DIRECTION('',(-0.,1.,0.));
#701 = DIRECTION('',(0.,0.,1.));
#702 = DEFINITIONAL_REPRESENTATION('',(#703),#706);
#703 = B_SPLINE_CURVE_WITH_KNOTS('',1,(#704,#705),.UNSPECIFIED.,.F.,.F.,
  (2,2),(-177.,-87.),.PIECEWISE_BEZIER_KNOTS.);
#704 = CARTESIAN_POINT('',(5.,90.));
#705 = CARTESIAN_POINT('',(5.,0.));
#706 = ( GEOMETRIC_REPRESENTATION_CONTEXT(2) 
PARAMETRIC_REPRESENTATION_CONTEXT() REPRESENTATION_CONTEXT('2D SPACE',''
  ) );
#707 = ORIENTED_EDGE('',*,*,#708,.F.);
#708 = EDGE_CURVE('',#709,#681,#711,.T.);
#709 = VERTEX_POINT('',#710);
#710 = CARTESIAN_POINT('',(120.,2.,4.));
#711 = SURFACE_CURVE('',#712,(#717,#724),.PCURVE_S1.);
#712 = CIRCLE('',#713,10.);
#713 = AXIS2_PLACEMENT_3D('',#714,#715,#716);
#714 = CARTESIAN_POINT('',(110.,2.,4.));
#715 = DIRECTION('',(0.,0.,1.));
#716 = DIRECTION('',(1.,0.,-0.));
#717 = PCURVE('',#319,#718);
#718 = DEFINITIONAL_REPRESENTATION('',(#719),#723);
#719 = CIRCLE('',#720,10.);
#720 = AXIS2_PLACEMENT_2D('',#721,#722);
#721 = CARTESIAN_POINT('',(264.,117.));
#722 = DIRECTION('',(1.,0.));
#723 = ( GEOMETRIC_REPRESENTATION_CONTEXT(2) 
PARAMETRIC_REPRESENTATION_CONTEXT() REPRESENTATION_CONTEXT('2D SPACE',''
  ) );
#724 = PCURVE('',#725,#730);
#725 = CYLINDRICAL_SURFACE('',#726,10.);
#726 = AXIS2_PLACEMENT_3D('',#727,#728,#729);
#727 = CARTESIAN_POINT('',(110.,2.,-1.));
#728 = DIRECTION('',(0.,0.,1.));
#729 = DIRECTION('',(1.,0.,-0.));
#730 = DEFINITIONAL_REPRESENTATION('',(#731),#735);
#731 = LINE('',#732,#733);
#732 = CARTESIAN_POINT('',(0.,5.));
#733 = VECTOR('',#734,1.);
#734 = DIRECTION('',(1.,0.));
#735 = ( GEOMETRIC_REPRESENTATION_CONTEXT(2) 
PARAMETRIC_REPRESENTATION_CONTEXT() REPRESENTATION_CONTEXT('2D SPACE',''
  ) );
#736 = ORIENTED_EDGE('',*,*,#737,.F.);
#737 = EDGE_CURVE('',#738,#709,#740,.T.);
#738 = VERTEX_POINT('',#739);
#739 = CARTESIAN_POINT('',(120.,-88.,4.));
#740 = SURFACE_CURVE('',#741,(#745,#751),.PCURVE_S1.);
#741 = LINE('',#742,#743);
#742 = CARTESIAN_POINT('',(120.,-101.5,4.));
#743 = VECTOR('',#744,1.);
#744 = DIRECTION('',(-0.,1.,0.));
#745 = PCURVE('',#319,#746);
#746 = DEFINITIONAL_REPRESENTATION('',(#747),#750);
#747 = B_SPLINE_CURVE_WITH_KNOTS('',1,(#748,#749),.UNSPECIFIED.,.F.,.F.,
  (2,2),(13.5,103.5),.PIECEWISE_BEZIER_KNOTS.);
#748 = CARTESIAN_POINT('',(274.,27.));
#749 = CARTESIAN_POINT('',(274.,117.));
#750 = ( GEOMETRIC_REPRESENTATION_CONTEXT(2) 
PARAMETRIC_REPRESENTATION_CONTEXT() REPRESENTATION_CONTEXT('2D SPACE',''
  ) );
#751 = PCURVE('',#752,#757);
#752 = PLANE('',#753);
#753 = AXIS2_PLACEMENT_3D('',#754,#755,#756);
#754 = CARTESIAN_POINT('',(120.,-88.,-1.));
#755 = DIRECTION('',(1.,0.,-0.));
#756 = DIRECTION('',(0.,0.,1.));
#757 = DEFINITIONAL_REPRESENTATION('',(#758),#761);
#758 = B_SPLINE_CURVE_WITH_KNOTS('',1,(#759,#760),.UNSPECIFIED.,.F.,.F.,
  (2,2),(13.5,103.5),.PIECEWISE_BEZIER_KNOTS.);
#759 = CARTESIAN_POINT('',(5.,0.));
#760 = CARTESIAN_POINT('',(5.,-90.));
#761 = ( GEOMETRIC_REPRESENTATION_CONTEXT(2) 
PARAMETRIC_REPRESENTATION_CONTEXT() REPRESENTATION_CONTEXT('2D SPACE',''
  ) );
#762 = ORIENTED_EDGE('',*,*,#763,.F.);
#763 = EDGE_CURVE('',#764,#738,#766,.T.);
#764 = VERTEX_POINT('',#765);
#765 = CARTESIAN_POINT('',(110.,-98.,4.));
#766 = SURFACE_CURVE('',#767,(#772,#779),.PCURVE_S1.);
#767 = CIRCLE('',#768,10.);
#768 = AXIS2_PLACEMENT_3D('',#769,#770,#771);
#769 = CARTESIAN_POINT('',(110.,-88.,4.));
#770 = DIRECTION('',(0.,0.,1.));
#771 = DIRECTION('',(1.,0.,-0.));
#772 = PCURVE('',#319,#773);
#773 = DEFINITIONAL_REPRESENTATION('',(#774),#778);
#774 = CIRCLE('',#775,10.);
#775 = AXIS2_PLACEMENT_2D('',#776,#777);
#776 = CARTESIAN_POINT('',(264.,27.));
#777 = DIRECTION('',(1.,0.));
#778 = ( GEOMETRIC_REPRESENTATION_CONTEXT(2) 
PARAMETRIC_REPRESENTATION_CONTEXT() REPRESENTATION_CONTEXT('2D SPACE',''
  ) );
#779 = PCURVE('',#780,#785);
#780 = CYLINDRICAL_SURFACE('',#781,10.);
#781 = AXIS2_PLACEMENT_3D('',#782,#783,#784);
#782 = CARTESIAN_POINT('',(110.,-88.,-1.));
#783 = DIRECTION('',(0.,0.,1.));
#784 = DIRECTION('',(1.,0.,-0.));
#785 = DEFINITIONAL_REPRESENTATION('',(#786),#790);
#786 = LINE('',#787,#788);
#787 = CARTESIAN_POINT('',(0.,5.));
#788 = VECTOR('',#789,1.);
#789 = DIRECTION('',(1.,0.));
#790 = ( GEOMETRIC_REPRESENTATION_CONTEXT(2) 
PARAMETRIC_REPRESENTATION_CONTEXT() REPRESENTATION_CONTEXT('2D SPACE',''
  ) );
#791 = ORIENTED_EDGE('',*,*,#792,.T.);
#792 = EDGE_CURVE('',#764,#793,#795,.T.);
#793 = VERTEX_POINT('',#794);
#794 = CARTESIAN_POINT('',(20.,-98.,4.));
#795 = SURFACE_CURVE('',#796,(#800,#806),.PCURVE_S1.);
#796 = LINE('',#797,#798);
#797 = CARTESIAN_POINT('',(-67.,-98.,4.));
#798 = VECTOR('',#799,1.);
#799 = DIRECTION('',(-1.,-0.,0.));
#800 = PCURVE('',#319,#801);
#801 = DEFINITIONAL_REPRESENTATION('',(#802),#805);
#802 = B_SPLINE_CURVE_WITH_KNOTS('',1,(#803,#804),.UNSPECIFIED.,.F.,.F.,
  (2,2),(-177.,-87.),.PIECEWISE_BEZIER_KNOTS.);
#803 = CARTESIAN_POINT('',(264.,17.));
#804 = CARTESIAN_POINT('',(174.,17.));
#805 = ( GEOMETRIC_REPRESENTATION_CONTEXT(2) 
PARAMETRIC_REPRESENTATION_CONTEXT() REPRESENTATION_CONTEXT('2D SPACE',''
  ) );
#806 = PCURVE('',#807,#812);
#807 = PLANE('',#808);
#808 = AXIS2_PLACEMENT_3D('',#809,#810,#811);
#809 = CARTESIAN_POINT('',(20.,-98.,-1.));
#810 = DIRECTION('',(-0.,1.,0.));
#811 = DIRECTION('',(0.,0.,1.));
#812 = DEFINITIONAL_REPRESENTATION('',(#813),#816);
#813 = B_SPLINE_CURVE_WITH_KNOTS('',1,(#814,#815),.UNSPECIFIED.,.F.,.F.,
  (2,2),(-177.,-87.),.PIECEWISE_BEZIER_KNOTS.);
#814 = CARTESIAN_POINT('',(5.,90.));
#815 = CARTESIAN_POINT('',(5.,0.));
#816 = ( GEOMETRIC_REPRESENTATION_CONTEXT(2) 
PARAMETRIC_REPRESENTATION_CONTEXT() REPRESENTATION_CONTEXT('2D SPACE',''
  ) );
#817 = ORIENTED_EDGE('',*,*,#818,.F.);
#818 = EDGE_CURVE('',#819,#793,#821,.T.);
#819 = VERTEX_POINT('',#820);
#820 = CARTESIAN_POINT('',(10.,-88.,4.));
#821 = SURFACE_CURVE('',#822,(#827,#834),.PCURVE_S1.);
#822 = CIRCLE('',#823,10.);
#823 = AXIS2_PLACEMENT_3D('',#824,#825,#826);
#824 = CARTESIAN_POINT('',(20.,-88.,4.));
#825 = DIRECTION('',(0.,0.,1.));
#826 = DIRECTION('',(1.,0.,-0.));
#827 = PCURVE('',#319,#828);
#828 = DEFINITIONAL_REPRESENTATION('',(#829),#833);
#829 = CIRCLE('',#830,10.);
#830 = AXIS2_PLACEMENT_2D('',#831,#832);
#831 = CARTESIAN_POINT('',(174.,27.));
#832 = DIRECTION('',(1.,0.));
#833 = ( GEOMETRIC_REPRESENTATION_CONTEXT(2) 
PARAMETRIC_REPRESENTATION_CONTEXT() REPRESENTATION_CONTEXT('2D SPACE',''
  ) );
#834 = PCURVE('',#835,#840);
#835 = CYLINDRICAL_SURFACE('',#836,10.);
#836 = AXIS2_PLACEMENT_3D('',#837,#838,#839);
#837 = CARTESIAN_POINT('',(20.,-88.,-1.));
#838 = DIRECTION('',(0.,0.,1.));
#839 = DIRECTION('',(1.,0.,-0.));
#840 = DEFINITIONAL_REPRESENTATION('',(#841),#845);
#841 = LINE('',#842,#843);
#842 = CARTESIAN_POINT('',(0.,5.));
#843 = VECTOR('',#844,1.);
#844 = DIRECTION('',(1.,0.));
#845 = ( GEOMETRIC_REPRESENTATION_CONTEXT(2) 
PARAMETRIC_REPRESENTATION_CONTEXT() REPRESENTATION_CONTEXT('2D SPACE',''
  ) );
#846 = ORIENTED_EDGE('',*,*,#847,.T.);
#847 = EDGE_CURVE('',#819,#848,#850,.T.);
#848 = VERTEX_POINT('',#849);
#849 = CARTESIAN_POINT('',(10.,2.,4.));
#850 = SURFACE_CURVE('',#851,(#855,#861),.PCURVE_S1.);
#851 = LINE('',#852,#853);
#852 = CARTESIAN_POINT('',(10.,-101.5,4.));
#853 = VECTOR('',#854,1.);
#854 = DIRECTION('',(-0.,1.,0.));
#855 = PCURVE('',#319,#856);
#856 = DEFINITIONAL_REPRESENTATION('',(#857),#860);
#857 = B_SPLINE_CURVE_WITH_KNOTS('',1,(#858,#859),.UNSPECIFIED.,.F.,.F.,
  (2,2),(13.5,103.5),.PIECEWISE_BEZIER_KNOTS.);
#858 = CARTESIAN_POINT('',(164.,27.));
#859 = CARTESIAN_POINT('',(164.,117.));
#860 = ( GEOMETRIC_REPRESENTATION_CONTEXT(2) 
PARAMETRIC_REPRESENTATION_CONTEXT() REPRESENTATION_CONTEXT('2D SPACE',''
  ) );
#861 = PCURVE('',#862,#867);
#862 = PLANE('',#863);
#863 = AXIS2_PLACEMENT_3D('',#864,#865,#866);
#864 = CARTESIAN_POINT('',(10.,-88.,-1.));
#865 = DIRECTION('',(1.,0.,-0.));
#866 = DIRECTION('',(0.,0.,1.));
#867 = DEFINITIONAL_REPRESENTATION('',(#868),#871);
#868 = B_SPLINE_CURVE_WITH_KNOTS('',1,(#869,#870),.UNSPECIFIED.,.F.,.F.,
  (2,2),(13.5,103.5),.PIECEWISE_BEZIER_KNOTS.);
#869 = CARTESIAN_POINT('',(5.,0.));
#870 = CARTESIAN_POINT('',(5.,-90.));
#871 = ( GEOMETRIC_REPRESENTATION_CONTEXT(2) 
PARAMETRIC_REPRESENTATION_CONTEXT() REPRESENTATION_CONTEXT('2D SPACE',''
  ) );
#872 = ORIENTED_EDGE('',*,*,#873,.F.);
#873 = EDGE_CURVE('',#683,#848,#874,.T.);
#874 = SURFACE_CURVE('',#875,(#880,#887),.PCURVE_S1.);
#875 = CIRCLE('',#876,10.);
#876 = AXIS2_PLACEMENT_3D('',#877,#878,#879);
#877 = CARTESIAN_POINT('',(20.,2.,4.));
#878 = DIRECTION('',(0.,0.,1.));
#879 = DIRECTION('',(1.,0.,-0.));
#880 = PCURVE('',#319,#881);
#881 = DEFINITIONAL_REPRESENTATION('',(#882),#886);
#882 = CIRCLE('',#883,10.);
#883 = AXIS2_PLACEMENT_2D('',#884,#885);
#884 = CARTESIAN_POINT('',(174.,117.));
#885 = DIRECTION('',(1.,0.));
#886 = ( GEOMETRIC_REPRESENTATION_CONTEXT(2) 
PARAMETRIC_REPRESENTATION_CONTEXT() REPRESENTATION_CONTEXT('2D SPACE',''
  ) );
#887 = PCURVE('',#888,#893);
#888 = CYLINDRICAL_SURFACE('',#889,10.);
#889 = AXIS2_PLACEMENT_3D('',#890,#891,#892);
#890 = CARTESIAN_POINT('',(20.,2.,-1.));
#891 = DIRECTION('',(0.,0.,1.));
#892 = DIRECTION('',(1.,0.,-0.));
#893 = DEFINITIONAL_REPRESENTATION('',(#894),#898);
#894 = LINE('',#895,#896);
#895 = CARTESIAN_POINT('',(0.,5.));
#896 = VECTOR('',#897,1.);
#897 = DIRECTION('',(1.,0.));
#898 = ( GEOMETRIC_REPRESENTATION_CONTEXT(2) 
PARAMETRIC_REPRESENTATION_CONTEXT() REPRESENTATION_CONTEXT('2D SPACE',''
  ) );
#899 = FACE_BOUND('',#900,.T.);
#900 = EDGE_LOOP('',(#901,#929,#958,#984,#1013,#1039,#1068,#1094));
#901 = ORIENTED_EDGE('',*,*,#902,.F.);
#902 = EDGE_CURVE('',#903,#905,#907,.T.);
#903 = VERTEX_POINT('',#904);
#904 = CARTESIAN_POINT('',(-20.,148.,4.));
#905 = VERTEX_POINT('',#906);
#906 = CARTESIAN_POINT('',(-110.,148.,4.));
#907 = SURFACE_CURVE('',#908,(#912,#918),.PCURVE_S1.);
#908 = LINE('',#909,#910);
#909 = CARTESIAN_POINT('',(-132.,148.,4.));
#910 = VECTOR('',#911,1.);
#911 = DIRECTION('',(-1.,-0.,0.));
#912 = PCURVE('',#319,#913);
#913 = DEFINITIONAL_REPRESENTATION('',(#914),#917);
#914 = B_SPLINE_CURVE_WITH_KNOTS('',1,(#915,#916),.UNSPECIFIED.,.F.,.F.,
  (2,2),(-112.,-22.),.PIECEWISE_BEZIER_KNOTS.);
#915 = CARTESIAN_POINT('',(134.,263.));
#916 = CARTESIAN_POINT('',(44.,263.));
#917 = ( GEOMETRIC_REPRESENTATION_CONTEXT(2) 
PARAMETRIC_REPRESENTATION_CONTEXT() REPRESENTATION_CONTEXT('2D SPACE',''
  ) );
#918 = PCURVE('',#919,#924);
#919 = PLANE('',#920);
#920 = AXIS2_PLACEMENT_3D('',#921,#922,#923);
#921 = CARTESIAN_POINT('',(-110.,148.,-1.));
#922 = DIRECTION('',(-0.,1.,0.));
#923 = DIRECTION('',(0.,0.,1.));
#924 = DEFINITIONAL_REPRESENTATION('',(#925),#928);
#925 = B_SPLINE_CURVE_WITH_KNOTS('',1,(#926,#927),.UNSPECIFIED.,.F.,.F.,
  (2,2),(-112.,-22.),.PIECEWISE_BEZIER_KNOTS.);
#926 = CARTESIAN_POINT('',(5.,90.));
#927 = CARTESIAN_POINT('',(5.,0.));
#928 = ( GEOMETRIC_REPRESENTATION_CONTEXT(2) 
PARAMETRIC_REPRESENTATION_CONTEXT() REPRESENTATION_CONTEXT('2D SPACE',''
  ) );
#929 = ORIENTED_EDGE('',*,*,#930,.F.);
#930 = EDGE_CURVE('',#931,#903,#933,.T.);
#931 = VERTEX_POINT('',#932);
#932 = CARTESIAN_POINT('',(-10.,138.,4.));
#933 = SURFACE_CURVE('',#934,(#939,#946),.PCURVE_S1.);
#934 = CIRCLE('',#935,10.);
#935 = AXIS2_PLACEMENT_3D('',#936,#937,#938);
#936 = CARTESIAN_POINT('',(-20.,138.,4.));
#937 = DIRECTION('',(0.,0.,1.));
#938 = DIRECTION('',(1.,0.,-0.));
#939 = PCURVE('',#319,#940);
#940 = DEFINITIONAL_REPRESENTATION('',(#941),#945);
#941 = CIRCLE('',#942,10.);
#942 = AXIS2_PLACEMENT_2D('',#943,#944);
#943 = CARTESIAN_POINT('',(134.,253.));
#944 = DIRECTION('',(1.,0.));
#945 = ( GEOMETRIC_REPRESENTATION_CONTEXT(2) 
PARAMETRIC_REPRESENTATION_CONTEXT() REPRESENTATION_CONTEXT('2D SPACE',''
  ) );
#946 = PCURVE('',#947,#952);
#947 = CYLINDRICAL_SURFACE('',#948,10.);
#948 = AXIS2_PLACEMENT_3D('',#949,#950,#951);
#949 = CARTESIAN_POINT('',(-20.,138.,-1.));
#950 = DIRECTION('',(0.,0.,1.));
#951 = DIRECTION('',(1.,0.,-0.));
#952 = DEFINITIONAL_REPRESENTATION('',(#953),#957);
#953 = LINE('',#954,#955);
#954 = CARTESIAN_POINT('',(0.,5.));
#955 = VECTOR('',#956,1.);
#956 = DIRECTION('',(1.,0.));
#957 = ( GEOMETRIC_REPRESENTATION_CONTEXT(2) 
PARAMETRIC_REPRESENTATION_CONTEXT() REPRESENTATION_CONTEXT('2D SPACE',''
  ) );
#958 = ORIENTED_EDGE('',*,*,#959,.F.);
#959 = EDGE_CURVE('',#960,#931,#962,.T.);
#960 = VERTEX_POINT('',#961);
#961 = CARTESIAN_POINT('',(-10.,48.,4.));
#962 = SURFACE_CURVE('',#963,(#967,#973),.PCURVE_S1.);
#963 = LINE('',#964,#965);
#964 = CARTESIAN_POINT('',(-10.,-33.5,4.));
#965 = VECTOR('',#966,1.);
#966 = DIRECTION('',(-0.,1.,0.));
#967 = PCURVE('',#319,#968);
#968 = DEFINITIONAL_REPRESENTATION('',(#969),#972);
#969 = B_SPLINE_CURVE_WITH_KNOTS('',1,(#970,#971),.UNSPECIFIED.,.F.,.F.,
  (2,2),(81.5,171.5),.PIECEWISE_BEZIER_KNOTS.);
#970 = CARTESIAN_POINT('',(144.,163.));
#971 = CARTESIAN_POINT('',(144.,253.));
#972 = ( GEOMETRIC_REPRESENTATION_CONTEXT(2) 
PARAMETRIC_REPRESENTATION_CONTEXT() REPRESENTATION_CONTEXT('2D SPACE',''
  ) );
#973 = PCURVE('',#974,#979);
#974 = PLANE('',#975);
#975 = AXIS2_PLACEMENT_3D('',#976,#977,#978);
#976 = CARTESIAN_POINT('',(-10.,48.,-1.));
#977 = DIRECTION('',(1.,0.,-0.));
#978 = DIRECTION('',(0.,0.,1.));
#979 = DEFINITIONAL_REPRESENTATION('',(#980),#983);
#980 = B_SPLINE_CURVE_WITH_KNOTS('',1,(#981,#982),.UNSPECIFIED.,.F.,.F.,
  (2,2),(81.5,171.5),.PIECEWISE_BEZIER_KNOTS.);
#981 = CARTESIAN_POINT('',(5.,0.));
#982 = CARTESIAN_POINT('',(5.,-90.));
#983 = ( GEOMETRIC_REPRESENTATION_CONTEXT(2) 
PARAMETRIC_REPRESENTATION_CONTEXT() REPRESENTATION_CONTEXT('2D SPACE',''
  ) );
#984 = ORIENTED_EDGE('',*,*,#985,.F.);
#985 = EDGE_CURVE('',#986,#960,#988,.T.);
#986 = VERTEX_POINT('',#987);
#987 = CARTESIAN_POINT('',(-20.,38.,4.));
#988 = SURFACE_CURVE('',#989,(#994,#1001),.PCURVE_S1.);
#989 = CIRCLE('',#990,10.);
#990 = AXIS2_PLACEMENT_3D('',#991,#992,#993);
#991 = CARTESIAN_POINT('',(-20.,48.,4.));
#992 = DIRECTION('',(0.,0.,1.));
#993 = DIRECTION('',(1.,0.,-0.));
#994 = PCURVE('',#319,#995);
#995 = DEFINITIONAL_REPRESENTATION('',(#996),#1000);
#996 = CIRCLE('',#997,10.);
#997 = AXIS2_PLACEMENT_2D('',#998,#999);
#998 = CARTESIAN_POINT('',(134.,163.));
#999 = DIRECTION('',(1.,0.));
#1000 = ( GEOMETRIC_REPRESENTATION_CONTEXT(2) 
PARAMETRIC_REPRESENTATION_CONTEXT() REPRESENTATION_CONTEXT('2D SPACE',''
  ) );
#1001 = PCURVE('',#1002,#1007);
#1002 = CYLINDRICAL_SURFACE('',#1003,10.);
#1003 = AXIS2_PLACEMENT_3D('',#1004,#1005,#1006);
#1004 = CARTESIAN_POINT('',(-20.,48.,-1.));
#1005 = DIRECTION('',(0.,0.,1.));
#1006 = DIRECTION('',(1.,0.,-0.));
#1007 = DEFINITIONAL_REPRESENTATION('',(#1008),#1012);
#1008 = LINE('',#1009,#1010);
#1009 = CARTESIAN_POINT('',(0.,5.));
#1010 = VECTOR('',#1011,1.);
#1011 = DIRECTION('',(1.,0.));
#1012 = ( GEOMETRIC_REPRESENTATION_CONTEXT(2) 
PARAMETRIC_REPRESENTATION_CONTEXT() REPRESENTATION_CONTEXT('2D SPACE',''
  ) );
#1013 = ORIENTED_EDGE('',*,*,#1014,.T.);
#1014 = EDGE_CURVE('',#986,#1015,#1017,.T.);
#1015 = VERTEX_POINT('',#1016);
#1016 = CARTESIAN_POINT('',(-110.,38.,4.));
#1017 = SURFACE_CURVE('',#1018,(#1022,#1028),.PCURVE_S1.);
#1018 = LINE('',#1019,#1020);
#1019 = CARTESIAN_POINT('',(-132.,38.,4.));
#1020 = VECTOR('',#1021,1.);
#1021 = DIRECTION('',(-1.,-0.,0.));
#1022 = PCURVE('',#319,#1023);
#1023 = DEFINITIONAL_REPRESENTATION('',(#1024),#1027);
#1024 = B_SPLINE_CURVE_WITH_KNOTS('',1,(#1025,#1026),.UNSPECIFIED.,.F.,
  .F.,(2,2),(-112.,-22.),.PIECEWISE_BEZIER_KNOTS.);
#1025 = CARTESIAN_POINT('',(134.,153.));
#1026 = CARTESIAN_POINT('',(44.,153.));
#1027 = ( GEOMETRIC_REPRESENTATION_CONTEXT(2) 
PARAMETRIC_REPRESENTATION_CONTEXT() REPRESENTATION_CONTEXT('2D SPACE',''
  ) );
#1028 = PCURVE('',#1029,#1034);
#1029 = PLANE('',#1030);
#1030 = AXIS2_PLACEMENT_3D('',#1031,#1032,#1033);
#1031 = CARTESIAN_POINT('',(-110.,38.,-1.));
#1032 = DIRECTION('',(-0.,1.,0.));
#1033 = DIRECTION('',(0.,0.,1.));
#1034 = DEFINITIONAL_REPRESENTATION('',(#1035),#1038);
#1035 = B_SPLINE_CURVE_WITH_KNOTS('',1,(#1036,#1037),.UNSPECIFIED.,.F.,
  .F.,(2,2),(-112.,-22.),.PIECEWISE_BEZIER_KNOTS.);
#1036 = CARTESIAN_POINT('',(5.,90.));
#1037 = CARTESIAN_POINT('',(5.,0.));
#1038 = ( GEOMETRIC_REPRESENTATION_CONTEXT(2) 
PARAMETRIC_REPRESENTATION_CONTEXT() REPRESENTATION_CONTEXT('2D SPACE',''
  ) );
#1039 = ORIENTED_EDGE('',*,*,#1040,.F.);
#1040 = EDGE_CURVE('',#1041,#1015,#1043,.T.);
#1041 = VERTEX_POINT('',#1042);
#1042 = CARTESIAN_POINT('',(-120.,48.,4.));
#1043 = SURFACE_CURVE('',#1044,(#1049,#1056),.PCURVE_S1.);
#1044 = CIRCLE('',#1045,10.);
#1045 = AXIS2_PLACEMENT_3D('',#1046,#1047,#1048);
#1046 = CARTESIAN_POINT('',(-110.,48.,4.));
#1047 = DIRECTION('',(0.,0.,1.));
#1048 = DIRECTION('',(1.,0.,-0.));
#1049 = PCURVE('',#319,#1050);
#1050 = DEFINITIONAL_REPRESENTATION('',(#1051),#1055);
#1051 = CIRCLE('',#1052,10.);
#1052 = AXIS2_PLACEMENT_2D('',#1053,#1054);
#1053 = CARTESIAN_POINT('',(44.,163.));
#1054 = DIRECTION('',(1.,0.));
#1055 = ( GEOMETRIC_REPRESENTATION_CONTEXT(2) 
PARAMETRIC_REPRESENTATION_CONTEXT() REPRESENTATION_CONTEXT('2D SPACE',''
  ) );
#1056 = PCURVE('',#1057,#1062);
#1057 = CYLINDRICAL_SURFACE('',#1058,10.);
#1058 = AXIS2_PLACEMENT_3D('',#1059,#1060,#1061);
#1059 = CARTESIAN_POINT('',(-110.,48.,-1.));
#1060 = DIRECTION('',(0.,0.,1.));
#1061 = DIRECTION('',(1.,0.,-0.));
#1062 = DEFINITIONAL_REPRESENTATION('',(#1063),#1067);
#1063 = LINE('',#1064,#1065);
#1064 = CARTESIAN_POINT('',(0.,5.));
#1065 = VECTOR('',#1066,1.);
#1066 = DIRECTION('',(1.,0.));
#1067 = ( GEOMETRIC_REPRESENTATION_CONTEXT(2) 
PARAMETRIC_REPRESENTATION_CONTEXT() REPRESENTATION_CONTEXT('2D SPACE',''
  ) );
#1068 = ORIENTED_EDGE('',*,*,#1069,.T.);
#1069 = EDGE_CURVE('',#1041,#1070,#1072,.T.);
#1070 = VERTEX_POINT('',#1071);
#1071 = CARTESIAN_POINT('',(-120.,138.,4.));
#1072 = SURFACE_CURVE('',#1073,(#1077,#1083),.PCURVE_S1.);
#1073 = LINE('',#1074,#1075);
#1074 = CARTESIAN_POINT('',(-120.,-33.5,4.));
#1075 = VECTOR('',#1076,1.);
#1076 = DIRECTION('',(-0.,1.,0.));
#1077 = PCURVE('',#319,#1078);
#1078 = DEFINITIONAL_REPRESENTATION('',(#1079),#1082);
#1079 = B_SPLINE_CURVE_WITH_KNOTS('',1,(#1080,#1081),.UNSPECIFIED.,.F.,
  .F.,(2,2),(81.5,171.5),.PIECEWISE_BEZIER_KNOTS.);
#1080 = CARTESIAN_POINT('',(34.,163.));
#1081 = CARTESIAN_POINT('',(34.,253.));
#1082 = ( GEOMETRIC_REPRESENTATION_CONTEXT(2) 
PARAMETRIC_REPRESENTATION_CONTEXT() REPRESENTATION_CONTEXT('2D SPACE',''
  ) );
#1083 = PCURVE('',#1084,#1089);
#1084 = PLANE('',#1085);
#1085 = AXIS2_PLACEMENT_3D('',#1086,#1087,#1088);
#1086 = CARTESIAN_POINT('',(-120.,48.,-1.));
#1087 = DIRECTION('',(1.,0.,-0.));
#1088 = DIRECTION('',(0.,0.,1.));
#1089 = DEFINITIONAL_REPRESENTATION('',(#1090),#1093);
#1090 = B_SPLINE_CURVE_WITH_KNOTS('',1,(#1091,#1092),.UNSPECIFIED.,.F.,
  .F.,(2,2),(81.5,171.5),.PIECEWISE_BEZIER_KNOTS.);
#1091 = CARTESIAN_POINT('',(5.,0.));
#1092 = CARTESIAN_POINT('',(5.,-90.));
#1093 = ( GEOMETRIC_REPRESENTATION_CONTEXT(2) 
PARAMETRIC_REPRESENTATION_CONTEXT() REPRESENTATION_CONTEXT('2D SPACE',''
  ) );
#1094 = ORIENTED_EDGE('',*,*,#1095,.F.);
#1095 = EDGE_CURVE('',#905,#1070,#1096,.T.);
#1096 = SURFACE_CURVE('',#1097,(#1102,#1109),.PCURVE_S1.);
#1097 = CIRCLE('',#1098,10.);
#1098 = AXIS2_PLACEMENT_3D('',#1099,#1100,#1101);
#1099 = CARTESIAN_POINT('',(-110.,138.,4.));
#1100 = DIRECTION('',(0.,0.,1.));
#1101 = DIRECTION('',(1.,0.,-0.));
#1102 = PCURVE('',#319,#1103);
#1103 = DEFINITIONAL_REPRESENTATION('',(#1104),#1108);
#1104 = CIRCLE('',#1105,10.);
#1105 = AXIS2_PLACEMENT_2D('',#1106,#1107);
#1106 = CARTESIAN_POINT('',(44.,253.));
#1107 = DIRECTION('',(1.,0.));
#1108 = ( GEOMETRIC_REPRESENTATION_CONTEXT(2) 
PARAMETRIC_REPRESENTATION_CONTEXT() REPRESENTATION_CONTEXT('2D SPACE',''
  ) );
#1109 = PCURVE('',#1110,#1115);
#1110 = CYLINDRICAL_SURFACE('',#1111,10.);
#1111 = AXIS2_PLACEMENT_3D('',#1112,#1113,#1114);
#1112 = CARTESIAN_POINT('',(-110.,138.,-1.));
#1113 = DIRECTION('',(0.,0.,1.));
#1114 = DIRECTION('',(1.,0.,-0.));
#1115 = DEFINITIONAL_REPRESENTATION('',(#1116),#1120);
#1116 = LINE('',#1117,#1118);
#1117 = CARTESIAN_POINT('',(0.,5.));
#1118 = VECTOR('',#1119,1.);
#1119 = DIRECTION('',(1.,0.));
#1120 = ( GEOMETRIC_REPRESENTATION_CONTEXT(2) 
PARAMETRIC_REPRESENTATION_CONTEXT() REPRESENTATION_CONTEXT('2D SPACE',''
  ) );
#1121 = FACE_BOUND('',#1122,.T.);
#1122 = EDGE_LOOP('',(#1123,#1151,#1180,#1206,#1235,#1261,#1290,#1316));
#1123 = ORIENTED_EDGE('',*,*,#1124,.F.);
#1124 = EDGE_CURVE('',#1125,#1127,#1129,.T.);
#1125 = VERTEX_POINT('',#1126);
#1126 = CARTESIAN_POINT('',(110.,148.,4.));
#1127 = VERTEX_POINT('',#1128);
#1128 = CARTESIAN_POINT('',(20.,148.,4.));
#1129 = SURFACE_CURVE('',#1130,(#1134,#1140),.PCURVE_S1.);
#1130 = LINE('',#1131,#1132);
#1131 = CARTESIAN_POINT('',(-67.,148.,4.));
#1132 = VECTOR('',#1133,1.);
#1133 = DIRECTION('',(-1.,-0.,0.));
#1134 = PCURVE('',#319,#1135);
#1135 = DEFINITIONAL_REPRESENTATION('',(#1136),#1139);
#1136 = B_SPLINE_CURVE_WITH_KNOTS('',1,(#1137,#1138),.UNSPECIFIED.,.F.,
  .F.,(2,2),(-177.,-87.),.PIECEWISE_BEZIER_KNOTS.);
#1137 = CARTESIAN_POINT('',(264.,263.));
#1138 = CARTESIAN_POINT('',(174.,263.));
#1139 = ( GEOMETRIC_REPRESENTATION_CONTEXT(2) 
PARAMETRIC_REPRESENTATION_CONTEXT() REPRESENTATION_CONTEXT('2D SPACE',''
  ) );
#1140 = PCURVE('',#1141,#1146);
#1141 = PLANE('',#1142);
#1142 = AXIS2_PLACEMENT_3D('',#1143,#1144,#1145);
#1143 = CARTESIAN_POINT('',(20.,148.,-1.));
#1144 = DIRECTION('',(-0.,1.,0.));
#1145 = DIRECTION('',(0.,0.,1.));
#1146 = DEFINITIONAL_REPRESENTATION('',(#1147),#1150);
#1147 = B_SPLINE_CURVE_WITH_KNOTS('',1,(#1148,#1149),.UNSPECIFIED.,.F.,
  .F.,(2,2),(-177.,-87.),.PIECEWISE_BEZIER_KNOTS.);
#1148 = CARTESIAN_POINT('',(5.,90.));
#1149 = CARTESIAN_POINT('',(5.,0.));
#1150 = ( GEOMETRIC_REPRESENTATION_CONTEXT(2) 
PARAMETRIC_REPRESENTATION_CONTEXT() REPRESENTATION_CONTEXT('2D SPACE',''
  ) );
#1151 = ORIENTED_EDGE('',*,*,#1152,.F.);
#1152 = EDGE_CURVE('',#1153,#1125,#1155,.T.);
#1153 = VERTEX_POINT('',#1154);
#1154 = CARTESIAN_POINT('',(120.,138.,4.));
#1155 = SURFACE_CURVE('',#1156,(#1161,#1168),.PCURVE_S1.);
#1156 = CIRCLE('',#1157,10.);
#1157 = AXIS2_PLACEMENT_3D('',#1158,#1159,#1160);
#1158 = CARTESIAN_POINT('',(110.,138.,4.));
#1159 = DIRECTION('',(0.,0.,1.));
#1160 = DIRECTION('',(1.,0.,-0.));
#1161 = PCURVE('',#319,#1162);
#1162 = DEFINITIONAL_REPRESENTATION('',(#1163),#1167);
#1163 = CIRCLE('',#1164,10.);
#1164 = AXIS2_PLACEMENT_2D('',#1165,#1166);
#1165 = CARTESIAN_POINT('',(264.,253.));
#1166 = DIRECTION('',(1.,0.));
#1167 = ( GEOMETRIC_REPRESENTATION_CONTEXT(2) 
PARAMETRIC_REPRESENTATION_CONTEXT() REPRESENTATION_CONTEXT('2D SPACE',''
  ) );
#1168 = PCURVE('',#1169,#1174);
#1169 = CYLINDRICAL_SURFACE('',#1170,10.);
#1170 = AXIS2_PLACEMENT_3D('',#1171,#1172,#1173);
#1171 = CARTESIAN_POINT('',(110.,138.,-1.));
#1172 = DIRECTION('',(0.,0.,1.));
#1173 = DIRECTION('',(1.,0.,-0.));
#1174 = DEFINITIONAL_REPRESENTATION('',(#1175),#1179);
#1175 = LINE('',#1176,#1177);
#1176 = CARTESIAN_POINT('',(0.,5.));
#1177 = VECTOR('',#1178,1.);
#1178 = DIRECTION('',(1.,0.));
#1179 = ( GEOMETRIC_REPRESENTATION_CONTEXT(2) 
PARAMETRIC_REPRESENTATION_CONTEXT() REPRESENTATION_CONTEXT('2D SPACE',''
  ) );
#1180 = ORIENTED_EDGE('',*,*,#1181,.F.);
#1181 = EDGE_CURVE('',#1182,#1153,#1184,.T.);
#1182 = VERTEX_POINT('',#1183);
#1183 = CARTESIAN_POINT('',(120.,48.,4.));
#1184 = SURFACE_CURVE('',#1185,(#1189,#1195),.PCURVE_S1.);
#1185 = LINE('',#1186,#1187);
#1186 = CARTESIAN_POINT('',(120.,-33.5,4.));
#1187 = VECTOR('',#1188,1.);
#1188 = DIRECTION('',(-0.,1.,0.));
#1189 = PCURVE('',#319,#1190);
#1190 = DEFINITIONAL_REPRESENTATION('',(#1191),#1194);
#1191 = B_SPLINE_CURVE_WITH_KNOTS('',1,(#1192,#1193),.UNSPECIFIED.,.F.,
  .F.,(2,2),(81.5,171.5),.PIECEWISE_BEZIER_KNOTS.);
#1192 = CARTESIAN_POINT('',(274.,163.));
#1193 = CARTESIAN_POINT('',(274.,253.));
#1194 = ( GEOMETRIC_REPRESENTATION_CONTEXT(2) 
PARAMETRIC_REPRESENTATION_CONTEXT() REPRESENTATION_CONTEXT('2D SPACE',''
  ) );
#1195 = PCURVE('',#1196,#1201);
#1196 = PLANE('',#1197);
#1197 = AXIS2_PLACEMENT_3D('',#1198,#1199,#1200);
#1198 = CARTESIAN_POINT('',(120.,48.,-1.));
#1199 = DIRECTION('',(1.,0.,-0.));
#1200 = DIRECTION('',(0.,0.,1.));
#1201 = DEFINITIONAL_REPRESENTATION('',(#1202),#1205);
#1202 = B_SPLINE_CURVE_WITH_KNOTS('',1,(#1203,#1204),.UNSPECIFIED.,.F.,
  .F.,(2,2),(81.5,171.5),.PIECEWISE_BEZIER_KNOTS.);
#1203 = CARTESIAN_POINT('',(5.,0.));
#1204 = CARTESIAN_POINT('',(5.,-90.));
#1205 = ( GEOMETRIC_REPRESENTATION_CONTEXT(2) 
PARAMETRIC_REPRESENTATION_CONTEXT() REPRESENTATION_CONTEXT('2D SPACE',''
  ) );
#1206 = ORIENTED_EDGE('',*,*,#1207,.F.);
#1207 = EDGE_CURVE('',#1208,#1182,#1210,.T.);
#1208 = VERTEX_POINT('',#1209);
#1209 = CARTESIAN_POINT('',(110.,38.,4.));
#1210 = SURFACE_CURVE('',#1211,(#1216,#1223),.PCURVE_S1.);
#1211 = CIRCLE('',#1212,10.);
#1212 = AXIS2_PLACEMENT_3D('',#1213,#1214,#1215);
#1213 = CARTESIAN_POINT('',(110.,48.,4.));
#1214 = DIRECTION('',(0.,0.,1.));
#1215 = DIRECTION('',(1.,0.,-0.));
#1216 = PCURVE('',#319,#1217);
#1217 = DEFINITIONAL_REPRESENTATION('',(#1218),#1222);
#1218 = CIRCLE('',#1219,10.);
#1219 = AXIS2_PLACEMENT_2D('',#1220,#1221);
#1220 = CARTESIAN_POINT('',(264.,163.));
#1221 = DIRECTION('',(1.,0.));
#1222 = ( GEOMETRIC_REPRESENTATION_CONTEXT(2) 
PARAMETRIC_REPRESENTATION_CONTEXT() REPRESENTATION_CONTEXT('2D SPACE',''
  ) );
#1223 = PCURVE('',#1224,#1229);
#1224 = CYLINDRICAL_SURFACE('',#1225,10.);
#1225 = AXIS2_PLACEMENT_3D('',#1226,#1227,#1228);
#1226 = CARTESIAN_POINT('',(110.,48.,-1.));
#1227 = DIRECTION('',(0.,0.,1.));
#1228 = DIRECTION('',(1.,0.,-0.));
#1229 = DEFINITIONAL_REPRESENTATION('',(#1230),#1234);
#1230 = LINE('',#1231,#1232);
#1231 = CARTESIAN_POINT('',(0.,5.));
#1232 = VECTOR('',#1233,1.);
#1233 = DIRECTION('',(1.,0.));
#1234 = ( GEOMETRIC_REPRESENTATION_CONTEXT(2) 
PARAMETRIC_REPRESENTATION_CONTEXT() REPRESENTATION_CONTEXT('2D SPACE',''
  ) );
#1235 = ORIENTED_EDGE('',*,*,#1236,.T.);
#1236 = EDGE_CURVE('',#1208,#1237,#1239,.T.);
#1237 = VERTEX_POINT('',#1238);
#1238 = CARTESIAN_POINT('',(20.,38.,4.));
#1239 = SURFACE_CURVE('',#1240,(#1244,#1250),.PCURVE_S1.);
#1240 = LINE('',#1241,#1242);
#1241 = CARTESIAN_POINT('',(-67.,38.,4.));
#1242 = VECTOR('',#1243,1.);
#1243 = DIRECTION('',(-1.,-0.,0.));
#1244 = PCURVE('',#319,#1245);
#1245 = DEFINITIONAL_REPRESENTATION('',(#1246),#1249);
#1246 = B_SPLINE_CURVE_WITH_KNOTS('',1,(#1247,#1248),.UNSPECIFIED.,.F.,
  .F.,(2,2),(-177.,-87.),.PIECEWISE_BEZIER_KNOTS.);
#1247 = CARTESIAN_POINT('',(264.,153.));
#1248 = CARTESIAN_POINT('',(174.,153.));
#1249 = ( GEOMETRIC_REPRESENTATION_CONTEXT(2) 
PARAMETRIC_REPRESENTATION_CONTEXT() REPRESENTATION_CONTEXT('2D SPACE',''
  ) );
#1250 = PCURVE('',#1251,#1256);
#1251 = PLANE('',#1252);
#1252 = AXIS2_PLACEMENT_3D('',#1253,#1254,#1255);
#1253 = CARTESIAN_POINT('',(20.,38.,-1.));
#1254 = DIRECTION('',(-0.,1.,0.));
#1255 = DIRECTION('',(0.,0.,1.));
#1256 = DEFINITIONAL_REPRESENTATION('',(#1257),#1260);
#1257 = B_SPLINE_CURVE_WITH_KNOTS('',1,(#1258,#1259),.UNSPECIFIED.,.F.,
  .F.,(2,2),(-177.,-87.),.PIECEWISE_BEZIER_KNOTS.);
#1258 = CARTESIAN_POINT('',(5.,90.));
#1259 = CARTESIAN_POINT('',(5.,0.));
#1260 = ( GEOMETRIC_REPRESENTATION_CONTEXT(2) 
PARAMETRIC_REPRESENTATION_CONTEXT() REPRESENTATION_CONTEXT('2D SPACE',''
  ) );
#1261 = ORIENTED_EDGE('',*,*,#1262,.F.);
#1262 = EDGE_CURVE('',#1263,#1237,#1265,.T.);
#1263 = VERTEX_POINT('',#1264);
#1264 = CARTESIAN_POINT('',(10.,48.,4.));
#1265 = SURFACE_CURVE('',#1266,(#1271,#1278),.PCURVE_S1.);
#1266 = CIRCLE('',#1267,10.);
#1267 = AXIS2_PLACEMENT_3D('',#1268,#1269,#1270);
#1268 = CARTESIAN_POINT('',(20.,48.,4.));
#1269 = DIRECTION('',(0.,0.,1.));
#1270 = DIRECTION('',(1.,0.,-0.));
#1271 = PCURVE('',#319,#1272);
#1272 = DEFINITIONAL_REPRESENTATION('',(#1273),#1277);
#1273 = CIRCLE('',#1274,10.);
#1274 = AXIS2_PLACEMENT_2D('',#1275,#1276);
#1275 = CARTESIAN_POINT('',(174.,163.));
#1276 = DIRECTION('',(1.,0.));
#1277 = ( GEOMETRIC_REPRESENTATION_CONTEXT(2) 
PARAMETRIC_REPRESENTATION_CONTEXT() REPRESENTATION_CONTEXT('2D SPACE',''
  ) );
#1278 = PCURVE('',#1279,#1284);
#1279 = CYLINDRICAL_SURFACE('',#1280,10.);
#1280 = AXIS2_PLACEMENT_3D('',#1281,#1282,#1283);
#1281 = CARTESIAN_POINT('',(20.,48.,-1.));
#1282 = DIRECTION('',(0.,0.,1.));
#1283 = DIRECTION('',(1.,0.,-0.));
#1284 = DEFINITIONAL_REPRESENTATION('',(#1285),#1289);
#1285 = LINE('',#1286,#1287);
#1286 = CARTESIAN_POINT('',(0.,5.));
#1287 = VECTOR('',#1288,1.);
#1288 = DIRECTION('',(1.,0.));
#1289 = ( GEOMETRIC_REPRESENTATION_CONTEXT(2) 
PARAMETRIC_REPRESENTATION_CONTEXT() REPRESENTATION_CONTEXT('2D SPACE',''
  ) );
#1290 = ORIENTED_EDGE('',*,*,#1291,.T.);
#1291 = EDGE_CURVE('',#1263,#1292,#1294,.T.);
#1292 = VERTEX_POINT('',#1293);
#1293 = CARTESIAN_POINT('',(10.,138.,4.));
#1294 = SURFACE_CURVE('',#1295,(#1299,#1305),.PCURVE_S1.);
#1295 = LINE('',#1296,#1297);
#1296 = CARTESIAN_POINT('',(10.,-33.5,4.));
#1297 = VECTOR('',#1298,1.);
#1298 = DIRECTION('',(-0.,1.,0.));
#1299 = PCURVE('',#319,#1300);
#1300 = DEFINITIONAL_REPRESENTATION('',(#1301),#1304);
#1301 = B_SPLINE_CURVE_WITH_KNOTS('',1,(#1302,#1303),.UNSPECIFIED.,.F.,
  .F.,(2,2),(81.5,171.5),.PIECEWISE_BEZIER_KNOTS.);
#1302 = CARTESIAN_POINT('',(164.,163.));
#1303 = CARTESIAN_POINT('',(164.,253.));
#1304 = ( GEOMETRIC_REPRESENTATION_CONTEXT(2) 
PARAMETRIC_REPRESENTATION_CONTEXT() REPRESENTATION_CONTEXT('2D SPACE',''
  ) );
#1305 = PCURVE('',#1306,#1311);
#1306 = PLANE('',#1307);
#1307 = AXIS2_PLACEMENT_3D('',#1308,#1309,#1310);
#1308 = CARTESIAN_POINT('',(10.,48.,-1.));
#1309 = DIRECTION('',(1.,0.,-0.));
#1310 = DIRECTION('',(0.,0.,1.));
#1311 = DEFINITIONAL_REPRESENTATION('',(#1312),#1315);
#1312 = B_SPLINE_CURVE_WITH_KNOTS('',1,(#1313,#1314),.UNSPECIFIED.,.F.,
  .F.,(2,2),(81.5,171.5),.PIECEWISE_BEZIER_KNOTS.);
#1313 = CARTESIAN_POINT('',(5.,0.));
#1314 = CARTESIAN_POINT('',(5.,-90.));
#1315 = ( GEOMETRIC_REPRESENTATION_CONTEXT(2) 
PARAMETRIC_REPRESENTATION_CONTEXT() REPRESENTATION_CONTEXT('2D SPACE',''
  ) );
#1316 = ORIENTED_EDGE('',*,*,#1317,.F.);
#1317 = EDGE_CURVE('',#1127,#1292,#1318,.T.);
#1318 = SURFACE_CURVE('',#1319,(#1324,#1331),.PCURVE_S1.);
#1319 = CIRCLE('',#1320,10.);
#1320 = AXIS2_PLACEMENT_3D('',#1321,#1322,#1323);
#1321 = CARTESIAN_POINT('',(20.,138.,4.));
#1322 = DIRECTION('',(0.,0.,1.));
#1323 = DIRECTION('',(1.,0.,-0.));
#1324 = PCURVE('',#319,#1325);
#1325 = DEFINITIONAL_REPRESENTATION('',(#1326),#1330);
#1326 = CIRCLE('',#1327,10.);
#1327 = AXIS2_PLACEMENT_2D('',#1328,#1329);
#1328 = CARTESIAN_POINT('',(174.,253.));
#1329 = DIRECTION('',(1.,0.));
#1330 = ( GEOMETRIC_REPRESENTATION_CONTEXT(2) 
PARAMETRIC_REPRESENTATION_CONTEXT() REPRESENTATION_CONTEXT('2D SPACE',''
  ) );
#1331 = PCURVE('',#1332,#1337);
#1332 = CYLINDRICAL_SURFACE('',#1333,10.);
#1333 = AXIS2_PLACEMENT_3D('',#1334,#1335,#1336);
#1334 = CARTESIAN_POINT('',(20.,138.,-1.));
#1335 = DIRECTION('',(0.,0.,1.));
#1336 = DIRECTION('',(1.,0.,-0.));
#1337 = DEFINITIONAL_REPRESENTATION('',(#1338),#1342);
#1338 = LINE('',#1339,#1340);
#1339 = CARTESIAN_POINT('',(0.,5.));
#1340 = VECTOR('',#1341,1.);
#1341 = DIRECTION('',(1.,0.));
#1342 = ( GEOMETRIC_REPRESENTATION_CONTEXT(2) 
PARAMETRIC_REPRESENTATION_CONTEXT() REPRESENTATION_CONTEXT('2D SPACE',''
  ) );
#1343 = ADVANCED_FACE('',(#1344),#293,.T.);
#1344 = FACE_BOUND('',#1345,.T.);
#1345 = EDGE_LOOP('',(#1346,#1369,#1370,#1371));
#1346 = ORIENTED_EDGE('',*,*,#1347,.F.);
#1347 = EDGE_CURVE('',#250,#1348,#1350,.T.);
#1348 = VERTEX_POINT('',#1349);
#1349 = CARTESIAN_POINT('',(154.,165.,0.));
#1350 = SURFACE_CURVE('',#1351,(#1355,#1362),.PCURVE_S1.);
#1351 = LINE('',#1352,#1353);
#1352 = CARTESIAN_POINT('',(-154.,165.,0.));
#1353 = VECTOR('',#1354,1.);
#1354 = DIRECTION('',(1.,0.,-0.));
#1355 = PCURVE('',#293,#1356);
#1356 = DEFINITIONAL_REPRESENTATION('',(#1357),#1361);
#1357 = LINE('',#1358,#1359);
#1358 = CARTESIAN_POINT('',(0.,0.));
#1359 = VECTOR('',#1360,1.);
#1360 = DIRECTION('',(0.,1.));
#1361 = ( GEOMETRIC_REPRESENTATION_CONTEXT(2) 
PARAMETRIC_REPRESENTATION_CONTEXT() REPRESENTATION_CONTEXT('2D SPACE',''
  ) );
#1362 = PCURVE('',#265,#1363);
#1363 = DEFINITIONAL_REPRESENTATION('',(#1364),#1368);
#1364 = LINE('',#1365,#1366);
#1365 = CARTESIAN_POINT('',(0.,280.));
#1366 = VECTOR('',#1367,1.);
#1367 = DIRECTION('',(1.,0.));
#1368 = ( GEOMETRIC_REPRESENTATION_CONTEXT(2) 
PARAMETRIC_REPRESENTATION_CONTEXT() REPRESENTATION_CONTEXT('2D SPACE',''
  ) );
#1369 = ORIENTED_EDGE('',*,*,#277,.T.);
#1370 = ORIENTED_EDGE('',*,*,#435,.T.);
#1371 = ORIENTED_EDGE('',*,*,#1372,.F.);
#1372 = EDGE_CURVE('',#1348,#413,#1373,.T.);
#1373 = SURFACE_CURVE('',#1374,(#1378,#1385),.PCURVE_S1.);
#1374 = LINE('',#1375,#1376);
#1375 = CARTESIAN_POINT('',(154.,165.,0.));
#1376 = VECTOR('',#1377,1.);
#1377 = DIRECTION('',(0.,0.,1.));
#1378 = PCURVE('',#293,#1379);
#1379 = DEFINITIONAL_REPRESENTATION('',(#1380),#1384);
#1380 = LINE('',#1381,#1382);
#1381 = CARTESIAN_POINT('',(0.,308.));
#1382 = VECTOR('',#1383,1.);
#1383 = DIRECTION('',(1.,0.));
#1384 = ( GEOMETRIC_REPRESENTATION_CONTEXT(2) 
PARAMETRIC_REPRESENTATION_CONTEXT() REPRESENTATION_CONTEXT('2D SPACE',''
  ) );
#1385 = PCURVE('',#395,#1386);
#1386 = DEFINITIONAL_REPRESENTATION('',(#1387),#1391);
#1387 = LINE('',#1388,#1389);
#1388 = CARTESIAN_POINT('',(0.,-280.));
#1389 = VECTOR('',#1390,1.);
#1390 = DIRECTION('',(1.,0.));
#1391 = ( GEOMETRIC_REPRESENTATION_CONTEXT(2) 
PARAMETRIC_REPRESENTATION_CONTEXT() REPRESENTATION_CONTEXT('2D SPACE',''
  ) );
#1392 = ADVANCED_FACE('',(#1393,#1419,#1601,#1783,#1965),#265,.F.);
#1393 = FACE_BOUND('',#1394,.F.);
#1394 = EDGE_LOOP('',(#1395,#1396,#1397,#1418));
#1395 = ORIENTED_EDGE('',*,*,#249,.F.);
#1396 = ORIENTED_EDGE('',*,*,#334,.T.);
#1397 = ORIENTED_EDGE('',*,*,#1398,.T.);
#1398 = EDGE_CURVE('',#335,#1348,#1399,.T.);
#1399 = SURFACE_CURVE('',#1400,(#1404,#1411),.PCURVE_S1.);
#1400 = LINE('',#1401,#1402);
#1401 = CARTESIAN_POINT('',(154.,-115.,0.));
#1402 = VECTOR('',#1403,1.);
#1403 = DIRECTION('',(-0.,1.,0.));
#1404 = PCURVE('',#265,#1405);
#1405 = DEFINITIONAL_REPRESENTATION('',(#1406),#1410);
#1406 = LINE('',#1407,#1408);
#1407 = CARTESIAN_POINT('',(308.,0.));
#1408 = VECTOR('',#1409,1.);
#1409 = DIRECTION('',(0.,1.));
#1410 = ( GEOMETRIC_REPRESENTATION_CONTEXT(2) 
PARAMETRIC_REPRESENTATION_CONTEXT() REPRESENTATION_CONTEXT('2D SPACE',''
  ) );
#1411 = PCURVE('',#395,#1412);
#1412 = DEFINITIONAL_REPRESENTATION('',(#1413),#1417);
#1413 = LINE('',#1414,#1415);
#1414 = CARTESIAN_POINT('',(0.,0.));
#1415 = VECTOR('',#1416,1.);
#1416 = DIRECTION('',(0.,-1.));
#1417 = ( GEOMETRIC_REPRESENTATION_CONTEXT(2) 
PARAMETRIC_REPRESENTATION_CONTEXT() REPRESENTATION_CONTEXT('2D SPACE',''
  ) );
#1418 = ORIENTED_EDGE('',*,*,#1347,.F.);
#1419 = FACE_BOUND('',#1420,.F.);
#1420 = EDGE_LOOP('',(#1421,#1444,#1468,#1489,#1513,#1534,#1558,#1579));
#1421 = ORIENTED_EDGE('',*,*,#1422,.F.);
#1422 = EDGE_CURVE('',#1423,#1425,#1427,.T.);
#1423 = VERTEX_POINT('',#1424);
#1424 = CARTESIAN_POINT('',(-20.,12.,0.));
#1425 = VERTEX_POINT('',#1426);
#1426 = CARTESIAN_POINT('',(-110.,12.,0.));
#1427 = SURFACE_CURVE('',#1428,(#1432,#1438),.PCURVE_S1.);
#1428 = LINE('',#1429,#1430);
#1429 = CARTESIAN_POINT('',(-132.,12.,0.));
#1430 = VECTOR('',#1431,1.);
#1431 = DIRECTION('',(-1.,-0.,0.));
#1432 = PCURVE('',#265,#1433);
#1433 = DEFINITIONAL_REPRESENTATION('',(#1434),#1437);
#1434 = B_SPLINE_CURVE_WITH_KNOTS('',1,(#1435,#1436),.UNSPECIFIED.,.F.,
  .F.,(2,2),(-112.,-22.),.PIECEWISE_BEZIER_KNOTS.);
#1435 = CARTESIAN_POINT('',(134.,127.));
#1436 = CARTESIAN_POINT('',(44.,127.));
#1437 = ( GEOMETRIC_REPRESENTATION_CONTEXT(2) 
PARAMETRIC_REPRESENTATION_CONTEXT() REPRESENTATION_CONTEXT('2D SPACE',''
  ) );
#1438 = PCURVE('',#475,#1439);
#1439 = DEFINITIONAL_REPRESENTATION('',(#1440),#1443);
#1440 = B_SPLINE_CURVE_WITH_KNOTS('',1,(#1441,#1442),.UNSPECIFIED.,.F.,
  .F.,(2,2),(-112.,-22.),.PIECEWISE_BEZIER_KNOTS.);
#1441 = CARTESIAN_POINT('',(1.,90.));
#1442 = CARTESIAN_POINT('',(1.,0.));
#1443 = ( GEOMETRIC_REPRESENTATION_CONTEXT(2) 
PARAMETRIC_REPRESENTATION_CONTEXT() REPRESENTATION_CONTEXT('2D SPACE',''
  ) );
#1444 = ORIENTED_EDGE('',*,*,#1445,.F.);
#1445 = EDGE_CURVE('',#1446,#1423,#1448,.T.);
#1446 = VERTEX_POINT('',#1447);
#1447 = CARTESIAN_POINT('',(-10.,2.,0.));
#1448 = SURFACE_CURVE('',#1449,(#1454,#1461),.PCURVE_S1.);
#1449 = CIRCLE('',#1450,10.);
#1450 = AXIS2_PLACEMENT_3D('',#1451,#1452,#1453);
#1451 = CARTESIAN_POINT('',(-20.,2.,0.));
#1452 = DIRECTION('',(0.,0.,1.));
#1453 = DIRECTION('',(1.,0.,-0.));
#1454 = PCURVE('',#265,#1455);
#1455 = DEFINITIONAL_REPRESENTATION('',(#1456),#1460);
#1456 = CIRCLE('',#1457,10.);
#1457 = AXIS2_PLACEMENT_2D('',#1458,#1459);
#1458 = CARTESIAN_POINT('',(134.,117.));
#1459 = DIRECTION('',(1.,0.));
#1460 = ( GEOMETRIC_REPRESENTATION_CONTEXT(2) 
PARAMETRIC_REPRESENTATION_CONTEXT() REPRESENTATION_CONTEXT('2D SPACE',''
  ) );
#1461 = PCURVE('',#503,#1462);
#1462 = DEFINITIONAL_REPRESENTATION('',(#1463),#1467);
#1463 = LINE('',#1464,#1465);
#1464 = CARTESIAN_POINT('',(0.,1.));
#1465 = VECTOR('',#1466,1.);
#1466 = DIRECTION('',(1.,0.));
#1467 = ( GEOMETRIC_REPRESENTATION_CONTEXT(2) 
PARAMETRIC_REPRESENTATION_CONTEXT() REPRESENTATION_CONTEXT('2D SPACE',''
  ) );
#1468 = ORIENTED_EDGE('',*,*,#1469,.F.);
#1469 = EDGE_CURVE('',#1470,#1446,#1472,.T.);
#1470 = VERTEX_POINT('',#1471);
#1471 = CARTESIAN_POINT('',(-10.,-88.,0.));
#1472 = SURFACE_CURVE('',#1473,(#1477,#1483),.PCURVE_S1.);
#1473 = LINE('',#1474,#1475);
#1474 = CARTESIAN_POINT('',(-10.,-101.5,0.));
#1475 = VECTOR('',#1476,1.);
#1476 = DIRECTION('',(-0.,1.,0.));
#1477 = PCURVE('',#265,#1478);
#1478 = DEFINITIONAL_REPRESENTATION('',(#1479),#1482);
#1479 = B_SPLINE_CURVE_WITH_KNOTS('',1,(#1480,#1481),.UNSPECIFIED.,.F.,
  .F.,(2,2),(13.5,103.5),.PIECEWISE_BEZIER_KNOTS.);
#1480 = CARTESIAN_POINT('',(144.,27.));
#1481 = CARTESIAN_POINT('',(144.,117.));
#1482 = ( GEOMETRIC_REPRESENTATION_CONTEXT(2) 
PARAMETRIC_REPRESENTATION_CONTEXT() REPRESENTATION_CONTEXT('2D SPACE',''
  ) );
#1483 = PCURVE('',#530,#1484);
#1484 = DEFINITIONAL_REPRESENTATION('',(#1485),#1488);
#1485 = B_SPLINE_CURVE_WITH_KNOTS('',1,(#1486,#1487),.UNSPECIFIED.,.F.,
  .F.,(2,2),(13.5,103.5),.PIECEWISE_BEZIER_KNOTS.);
#1486 = CARTESIAN_POINT('',(1.,0.));
#1487 = CARTESIAN_POINT('',(1.,-90.));
#1488 = ( GEOMETRIC_REPRESENTATION_CONTEXT(2) 
PARAMETRIC_REPRESENTATION_CONTEXT() REPRESENTATION_CONTEXT('2D SPACE',''
  ) );
#1489 = ORIENTED_EDGE('',*,*,#1490,.F.);
#1490 = EDGE_CURVE('',#1491,#1470,#1493,.T.);
#1491 = VERTEX_POINT('',#1492);
#1492 = CARTESIAN_POINT('',(-20.,-98.,0.));
#1493 = SURFACE_CURVE('',#1494,(#1499,#1506),.PCURVE_S1.);
#1494 = CIRCLE('',#1495,10.);
#1495 = AXIS2_PLACEMENT_3D('',#1496,#1497,#1498);
#1496 = CARTESIAN_POINT('',(-20.,-88.,0.));
#1497 = DIRECTION('',(0.,0.,1.));
#1498 = DIRECTION('',(1.,0.,-0.));
#1499 = PCURVE('',#265,#1500);
#1500 = DEFINITIONAL_REPRESENTATION('',(#1501),#1505);
#1501 = CIRCLE('',#1502,10.);
#1502 = AXIS2_PLACEMENT_2D('',#1503,#1504);
#1503 = CARTESIAN_POINT('',(134.,27.));
#1504 = DIRECTION('',(1.,0.));
#1505 = ( GEOMETRIC_REPRESENTATION_CONTEXT(2) 
PARAMETRIC_REPRESENTATION_CONTEXT() REPRESENTATION_CONTEXT('2D SPACE',''
  ) );
#1506 = PCURVE('',#558,#1507);
#1507 = DEFINITIONAL_REPRESENTATION('',(#1508),#1512);
#1508 = LINE('',#1509,#1510);
#1509 = CARTESIAN_POINT('',(0.,1.));
#1510 = VECTOR('',#1511,1.);
#1511 = DIRECTION('',(1.,0.));
#1512 = ( GEOMETRIC_REPRESENTATION_CONTEXT(2) 
PARAMETRIC_REPRESENTATION_CONTEXT() REPRESENTATION_CONTEXT('2D SPACE',''
  ) );
#1513 = ORIENTED_EDGE('',*,*,#1514,.T.);
#1514 = EDGE_CURVE('',#1491,#1515,#1517,.T.);
#1515 = VERTEX_POINT('',#1516);
#1516 = CARTESIAN_POINT('',(-110.,-98.,0.));
#1517 = SURFACE_CURVE('',#1518,(#1522,#1528),.PCURVE_S1.);
#1518 = LINE('',#1519,#1520);
#1519 = CARTESIAN_POINT('',(-132.,-98.,0.));
#1520 = VECTOR('',#1521,1.);
#1521 = DIRECTION('',(-1.,-0.,0.));
#1522 = PCURVE('',#265,#1523);
#1523 = DEFINITIONAL_REPRESENTATION('',(#1524),#1527);
#1524 = B_SPLINE_CURVE_WITH_KNOTS('',1,(#1525,#1526),.UNSPECIFIED.,.F.,
  .F.,(2,2),(-112.,-22.),.PIECEWISE_BEZIER_KNOTS.);
#1525 = CARTESIAN_POINT('',(134.,17.));
#1526 = CARTESIAN_POINT('',(44.,17.));
#1527 = ( GEOMETRIC_REPRESENTATION_CONTEXT(2) 
PARAMETRIC_REPRESENTATION_CONTEXT() REPRESENTATION_CONTEXT('2D SPACE',''
  ) );
#1528 = PCURVE('',#585,#1529);
#1529 = DEFINITIONAL_REPRESENTATION('',(#1530),#1533);
#1530 = B_SPLINE_CURVE_WITH_KNOTS('',1,(#1531,#1532),.UNSPECIFIED.,.F.,
  .F.,(2,2),(-112.,-22.),.PIECEWISE_BEZIER_KNOTS.);
#1531 = CARTESIAN_POINT('',(1.,90.));
#1532 = CARTESIAN_POINT('',(1.,0.));
#1533 = ( GEOMETRIC_REPRESENTATION_CONTEXT(2) 
PARAMETRIC_REPRESENTATION_CONTEXT() REPRESENTATION_CONTEXT('2D SPACE',''
  ) );
#1534 = ORIENTED_EDGE('',*,*,#1535,.F.);
#1535 = EDGE_CURVE('',#1536,#1515,#1538,.T.);
#1536 = VERTEX_POINT('',#1537);
#1537 = CARTESIAN_POINT('',(-120.,-88.,0.));
#1538 = SURFACE_CURVE('',#1539,(#1544,#1551),.PCURVE_S1.);
#1539 = CIRCLE('',#1540,10.);
#1540 = AXIS2_PLACEMENT_3D('',#1541,#1542,#1543);
#1541 = CARTESIAN_POINT('',(-110.,-88.,0.));
#1542 = DIRECTION('',(0.,0.,1.));
#1543 = DIRECTION('',(1.,0.,-0.));
#1544 = PCURVE('',#265,#1545);
#1545 = DEFINITIONAL_REPRESENTATION('',(#1546),#1550);
#1546 = CIRCLE('',#1547,10.);
#1547 = AXIS2_PLACEMENT_2D('',#1548,#1549);
#1548 = CARTESIAN_POINT('',(44.,27.));
#1549 = DIRECTION('',(1.,0.));
#1550 = ( GEOMETRIC_REPRESENTATION_CONTEXT(2) 
PARAMETRIC_REPRESENTATION_CONTEXT() REPRESENTATION_CONTEXT('2D SPACE',''
  ) );
#1551 = PCURVE('',#613,#1552);
#1552 = DEFINITIONAL_REPRESENTATION('',(#1553),#1557);
#1553 = LINE('',#1554,#1555);
#1554 = CARTESIAN_POINT('',(0.,1.));
#1555 = VECTOR('',#1556,1.);
#1556 = DIRECTION('',(1.,0.));
#1557 = ( GEOMETRIC_REPRESENTATION_CONTEXT(2) 
PARAMETRIC_REPRESENTATION_CONTEXT() REPRESENTATION_CONTEXT('2D SPACE',''
  ) );
#1558 = ORIENTED_EDGE('',*,*,#1559,.T.);
#1559 = EDGE_CURVE('',#1536,#1560,#1562,.T.);
#1560 = VERTEX_POINT('',#1561);
#1561 = CARTESIAN_POINT('',(-120.,2.,0.));
#1562 = SURFACE_CURVE('',#1563,(#1567,#1573),.PCURVE_S1.);
#1563 = LINE('',#1564,#1565);
#1564 = CARTESIAN_POINT('',(-120.,-101.5,0.));
#1565 = VECTOR('',#1566,1.);
#1566 = DIRECTION('',(-0.,1.,0.));
#1567 = PCURVE('',#265,#1568);
#1568 = DEFINITIONAL_REPRESENTATION('',(#1569),#1572);
#1569 = B_SPLINE_CURVE_WITH_KNOTS('',1,(#1570,#1571),.UNSPECIFIED.,.F.,
  .F.,(2,2),(13.5,103.5),.PIECEWISE_BEZIER_KNOTS.);
#1570 = CARTESIAN_POINT('',(34.,27.));
#1571 = CARTESIAN_POINT('',(34.,117.));
#1572 = ( GEOMETRIC_REPRESENTATION_CONTEXT(2) 
PARAMETRIC_REPRESENTATION_CONTEXT() REPRESENTATION_CONTEXT('2D SPACE',''
  ) );
#1573 = PCURVE('',#640,#1574);
#1574 = DEFINITIONAL_REPRESENTATION('',(#1575),#1578);
#1575 = B_SPLINE_CURVE_WITH_KNOTS('',1,(#1576,#1577),.UNSPECIFIED.,.F.,
  .F.,(2,2),(13.5,103.5),.PIECEWISE_BEZIER_KNOTS.);
#1576 = CARTESIAN_POINT('',(1.,0.));
#1577 = CARTESIAN_POINT('',(1.,-90.));
#1578 = ( GEOMETRIC_REPRESENTATION_CONTEXT(2) 
PARAMETRIC_REPRESENTATION_CONTEXT() REPRESENTATION_CONTEXT('2D SPACE',''
  ) );
#1579 = ORIENTED_EDGE('',*,*,#1580,.F.);
#1580 = EDGE_CURVE('',#1425,#1560,#1581,.T.);
#1581 = SURFACE_CURVE('',#1582,(#1587,#1594),.PCURVE_S1.);
#1582 = CIRCLE('',#1583,10.);
#1583 = AXIS2_PLACEMENT_3D('',#1584,#1585,#1586);
#1584 = CARTESIAN_POINT('',(-110.,2.,0.));
#1585 = DIRECTION('',(0.,0.,1.));
#1586 = DIRECTION('',(1.,0.,-0.));
#1587 = PCURVE('',#265,#1588);
#1588 = DEFINITIONAL_REPRESENTATION('',(#1589),#1593);
#1589 = CIRCLE('',#1590,10.);
#1590 = AXIS2_PLACEMENT_2D('',#1591,#1592);
#1591 = CARTESIAN_POINT('',(44.,117.));
#1592 = DIRECTION('',(1.,0.));
#1593 = ( GEOMETRIC_REPRESENTATION_CONTEXT(2) 
PARAMETRIC_REPRESENTATION_CONTEXT() REPRESENTATION_CONTEXT('2D SPACE',''
  ) );
#1594 = PCURVE('',#666,#1595);
#1595 = DEFINITIONAL_REPRESENTATION('',(#1596),#1600);
#1596 = LINE('',#1597,#1598);
#1597 = CARTESIAN_POINT('',(0.,1.));
#1598 = VECTOR('',#1599,1.);
#1599 = DIRECTION('',(1.,0.));
#1600 = ( GEOMETRIC_REPRESENTATION_CONTEXT(2) 
PARAMETRIC_REPRESENTATION_CONTEXT() REPRESENTATION_CONTEXT('2D SPACE',''
  ) );
#1601 = FACE_BOUND('',#1602,.F.);
#1602 = EDGE_LOOP('',(#1603,#1626,#1650,#1671,#1695,#1716,#1740,#1761));
#1603 = ORIENTED_EDGE('',*,*,#1604,.F.);
#1604 = EDGE_CURVE('',#1605,#1607,#1609,.T.);
#1605 = VERTEX_POINT('',#1606);
#1606 = CARTESIAN_POINT('',(110.,12.,0.));
#1607 = VERTEX_POINT('',#1608);
#1608 = CARTESIAN_POINT('',(20.,12.,0.));
#1609 = SURFACE_CURVE('',#1610,(#1614,#1620),.PCURVE_S1.);
#1610 = LINE('',#1611,#1612);
#1611 = CARTESIAN_POINT('',(-67.,12.,0.));
#1612 = VECTOR('',#1613,1.);
#1613 = DIRECTION('',(-1.,-0.,0.));
#1614 = PCURVE('',#265,#1615);
#1615 = DEFINITIONAL_REPRESENTATION('',(#1616),#1619);
#1616 = B_SPLINE_CURVE_WITH_KNOTS('',1,(#1617,#1618),.UNSPECIFIED.,.F.,
  .F.,(2,2),(-177.,-87.),.PIECEWISE_BEZIER_KNOTS.);
#1617 = CARTESIAN_POINT('',(264.,127.));
#1618 = CARTESIAN_POINT('',(174.,127.));
#1619 = ( GEOMETRIC_REPRESENTATION_CONTEXT(2) 
PARAMETRIC_REPRESENTATION_CONTEXT() REPRESENTATION_CONTEXT('2D SPACE',''
  ) );
#1620 = PCURVE('',#697,#1621);
#1621 = DEFINITIONAL_REPRESENTATION('',(#1622),#1625);
#1622 = B_SPLINE_CURVE_WITH_KNOTS('',1,(#1623,#1624),.UNSPECIFIED.,.F.,
  .F.,(2,2),(-177.,-87.),.PIECEWISE_BEZIER_KNOTS.);
#1623 = CARTESIAN_POINT('',(1.,90.));
#1624 = CARTESIAN_POINT('',(1.,0.));
#1625 = ( GEOMETRIC_REPRESENTATION_CONTEXT(2) 
PARAMETRIC_REPRESENTATION_CONTEXT() REPRESENTATION_CONTEXT('2D SPACE',''
  ) );
#1626 = ORIENTED_EDGE('',*,*,#1627,.F.);
#1627 = EDGE_CURVE('',#1628,#1605,#1630,.T.);
#1628 = VERTEX_POINT('',#1629);
#1629 = CARTESIAN_POINT('',(120.,2.,0.));
#1630 = SURFACE_CURVE('',#1631,(#1636,#1643),.PCURVE_S1.);
#1631 = CIRCLE('',#1632,10.);
#1632 = AXIS2_PLACEMENT_3D('',#1633,#1634,#1635);
#1633 = CARTESIAN_POINT('',(110.,2.,0.));
#1634 = DIRECTION('',(0.,0.,1.));
#1635 = DIRECTION('',(1.,0.,-0.));
#1636 = PCURVE('',#265,#1637);
#1637 = DEFINITIONAL_REPRESENTATION('',(#1638),#1642);
#1638 = CIRCLE('',#1639,10.);
#1639 = AXIS2_PLACEMENT_2D('',#1640,#1641);
#1640 = CARTESIAN_POINT('',(264.,117.));
#1641 = DIRECTION('',(1.,0.));
#1642 = ( GEOMETRIC_REPRESENTATION_CONTEXT(2) 
PARAMETRIC_REPRESENTATION_CONTEXT() REPRESENTATION_CONTEXT('2D SPACE',''
  ) );
#1643 = PCURVE('',#725,#1644);
#1644 = DEFINITIONAL_REPRESENTATION('',(#1645),#1649);
#1645 = LINE('',#1646,#1647);
#1646 = CARTESIAN_POINT('',(0.,1.));
#1647 = VECTOR('',#1648,1.);
#1648 = DIRECTION('',(1.,0.));
#1649 = ( GEOMETRIC_REPRESENTATION_CONTEXT(2) 
PARAMETRIC_REPRESENTATION_CONTEXT() REPRESENTATION_CONTEXT('2D SPACE',''
  ) );
#1650 = ORIENTED_EDGE('',*,*,#1651,.F.);
#1651 = EDGE_CURVE('',#1652,#1628,#1654,.T.);
#1652 = VERTEX_POINT('',#1653);
#1653 = CARTESIAN_POINT('',(120.,-88.,0.));
#1654 = SURFACE_CURVE('',#1655,(#1659,#1665),.PCURVE_S1.);
#1655 = LINE('',#1656,#1657);
#1656 = CARTESIAN_POINT('',(120.,-101.5,0.));
#1657 = VECTOR('',#1658,1.);
#1658 = DIRECTION('',(-0.,1.,0.));
#1659 = PCURVE('',#265,#1660);
#1660 = DEFINITIONAL_REPRESENTATION('',(#1661),#1664);
#1661 = B_SPLINE_CURVE_WITH_KNOTS('',1,(#1662,#1663),.UNSPECIFIED.,.F.,
  .F.,(2,2),(13.5,103.5),.PIECEWISE_BEZIER_KNOTS.);
#1662 = CARTESIAN_POINT('',(274.,27.));
#1663 = CARTESIAN_POINT('',(274.,117.));
#1664 = ( GEOMETRIC_REPRESENTATION_CONTEXT(2) 
PARAMETRIC_REPRESENTATION_CONTEXT() REPRESENTATION_CONTEXT('2D SPACE',''
  ) );
#1665 = PCURVE('',#752,#1666);
#1666 = DEFINITIONAL_REPRESENTATION('',(#1667),#1670);
#1667 = B_SPLINE_CURVE_WITH_KNOTS('',1,(#1668,#1669),.UNSPECIFIED.,.F.,
  .F.,(2,2),(13.5,103.5),.PIECEWISE_BEZIER_KNOTS.);
#1668 = CARTESIAN_POINT('',(1.,0.));
#1669 = CARTESIAN_POINT('',(1.,-90.));
#1670 = ( GEOMETRIC_REPRESENTATION_CONTEXT(2) 
PARAMETRIC_REPRESENTATION_CONTEXT() REPRESENTATION_CONTEXT('2D SPACE',''
  ) );
#1671 = ORIENTED_EDGE('',*,*,#1672,.F.);
#1672 = EDGE_CURVE('',#1673,#1652,#1675,.T.);
#1673 = VERTEX_POINT('',#1674);
#1674 = CARTESIAN_POINT('',(110.,-98.,0.));
#1675 = SURFACE_CURVE('',#1676,(#1681,#1688),.PCURVE_S1.);
#1676 = CIRCLE('',#1677,10.);
#1677 = AXIS2_PLACEMENT_3D('',#1678,#1679,#1680);
#1678 = CARTESIAN_POINT('',(110.,-88.,0.));
#1679 = DIRECTION('',(0.,0.,1.));
#1680 = DIRECTION('',(1.,0.,-0.));
#1681 = PCURVE('',#265,#1682);
#1682 = DEFINITIONAL_REPRESENTATION('',(#1683),#1687);
#1683 = CIRCLE('',#1684,10.);
#1684 = AXIS2_PLACEMENT_2D('',#1685,#1686);
#1685 = CARTESIAN_POINT('',(264.,27.));
#1686 = DIRECTION('',(1.,0.));
#1687 = ( GEOMETRIC_REPRESENTATION_CONTEXT(2) 
PARAMETRIC_REPRESENTATION_CONTEXT() REPRESENTATION_CONTEXT('2D SPACE',''
  ) );
#1688 = PCURVE('',#780,#1689);
#1689 = DEFINITIONAL_REPRESENTATION('',(#1690),#1694);
#1690 = LINE('',#1691,#1692);
#1691 = CARTESIAN_POINT('',(0.,1.));
#1692 = VECTOR('',#1693,1.);
#1693 = DIRECTION('',(1.,0.));
#1694 = ( GEOMETRIC_REPRESENTATION_CONTEXT(2) 
PARAMETRIC_REPRESENTATION_CONTEXT() REPRESENTATION_CONTEXT('2D SPACE',''
  ) );
#1695 = ORIENTED_EDGE('',*,*,#1696,.T.);
#1696 = EDGE_CURVE('',#1673,#1697,#1699,.T.);
#1697 = VERTEX_POINT('',#1698);
#1698 = CARTESIAN_POINT('',(20.,-98.,0.));
#1699 = SURFACE_CURVE('',#1700,(#1704,#1710),.PCURVE_S1.);
#1700 = LINE('',#1701,#1702);
#1701 = CARTESIAN_POINT('',(-67.,-98.,0.));
#1702 = VECTOR('',#1703,1.);
#1703 = DIRECTION('',(-1.,-0.,0.));
#1704 = PCURVE('',#265,#1705);
#1705 = DEFINITIONAL_REPRESENTATION('',(#1706),#1709);
#1706 = B_SPLINE_CURVE_WITH_KNOTS('',1,(#1707,#1708),.UNSPECIFIED.,.F.,
  .F.,(2,2),(-177.,-87.),.PIECEWISE_BEZIER_KNOTS.);
#1707 = CARTESIAN_POINT('',(264.,17.));
#1708 = CARTESIAN_POINT('',(174.,17.));
#1709 = ( GEOMETRIC_REPRESENTATION_CONTEXT(2) 
PARAMETRIC_REPRESENTATION_CONTEXT() REPRESENTATION_CONTEXT('2D SPACE',''
  ) );
#1710 = PCURVE('',#807,#1711);
#1711 = DEFINITIONAL_REPRESENTATION('',(#1712),#1715);
#1712 = B_SPLINE_CURVE_WITH_KNOTS('',1,(#1713,#1714),.UNSPECIFIED.,.F.,
  .F.,(2,2),(-177.,-87.),.PIECEWISE_BEZIER_KNOTS.);
#1713 = CARTESIAN_POINT('',(1.,90.));
#1714 = CARTESIAN_POINT('',(1.,0.));
#1715 = ( GEOMETRIC_REPRESENTATION_CONTEXT(2) 
PARAMETRIC_REPRESENTATION_CONTEXT() REPRESENTATION_CONTEXT('2D SPACE',''
  ) );
#1716 = ORIENTED_EDGE('',*,*,#1717,.F.);
#1717 = EDGE_CURVE('',#1718,#1697,#1720,.T.);
#1718 = VERTEX_POINT('',#1719);
#1719 = CARTESIAN_POINT('',(10.,-88.,0.));
#1720 = SURFACE_CURVE('',#1721,(#1726,#1733),.PCURVE_S1.);
#1721 = CIRCLE('',#1722,10.);
#1722 = AXIS2_PLACEMENT_3D('',#1723,#1724,#1725);
#1723 = CARTESIAN_POINT('',(20.,-88.,0.));
#1724 = DIRECTION('',(0.,0.,1.));
#1725 = DIRECTION('',(1.,0.,-0.));
#1726 = PCURVE('',#265,#1727);
#1727 = DEFINITIONAL_REPRESENTATION('',(#1728),#1732);
#1728 = CIRCLE('',#1729,10.);
#1729 = AXIS2_PLACEMENT_2D('',#1730,#1731);
#1730 = CARTESIAN_POINT('',(174.,27.));
#1731 = DIRECTION('',(1.,0.));
#1732 = ( GEOMETRIC_REPRESENTATION_CONTEXT(2) 
PARAMETRIC_REPRESENTATION_CONTEXT() REPRESENTATION_CONTEXT('2D SPACE',''
  ) );
#1733 = PCURVE('',#835,#1734);
#1734 = DEFINITIONAL_REPRESENTATION('',(#1735),#1739);
#1735 = LINE('',#1736,#1737);
#1736 = CARTESIAN_POINT('',(0.,1.));
#1737 = VECTOR('',#1738,1.);
#1738 = DIRECTION('',(1.,0.));
#1739 = ( GEOMETRIC_REPRESENTATION_CONTEXT(2) 
PARAMETRIC_REPRESENTATION_CONTEXT() REPRESENTATION_CONTEXT('2D SPACE',''
  ) );
#1740 = ORIENTED_EDGE('',*,*,#1741,.T.);
#1741 = EDGE_CURVE('',#1718,#1742,#1744,.T.);
#1742 = VERTEX_POINT('',#1743);
#1743 = CARTESIAN_POINT('',(10.,2.,0.));
#1744 = SURFACE_CURVE('',#1745,(#1749,#1755),.PCURVE_S1.);
#1745 = LINE('',#1746,#1747);
#1746 = CARTESIAN_POINT('',(10.,-101.5,0.));
#1747 = VECTOR('',#1748,1.);
#1748 = DIRECTION('',(-0.,1.,0.));
#1749 = PCURVE('',#265,#1750);
#1750 = DEFINITIONAL_REPRESENTATION('',(#1751),#1754);
#1751 = B_SPLINE_CURVE_WITH_KNOTS('',1,(#1752,#1753),.UNSPECIFIED.,.F.,
  .F.,(2,2),(13.5,103.5),.PIECEWISE_BEZIER_KNOTS.);
#1752 = CARTESIAN_POINT('',(164.,27.));
#1753 = CARTESIAN_POINT('',(164.,117.));
#1754 = ( GEOMETRIC_REPRESENTATION_CONTEXT(2) 
PARAMETRIC_REPRESENTATION_CONTEXT() REPRESENTATION_CONTEXT('2D SPACE',''
  ) );
#1755 = PCURVE('',#862,#1756);
#1756 = DEFINITIONAL_REPRESENTATION('',(#1757),#1760);
#1757 = B_SPLINE_CURVE_WITH_KNOTS('',1,(#1758,#1759),.UNSPECIFIED.,.F.,
  .F.,(2,2),(13.5,103.5),.PIECEWISE_BEZIER_KNOTS.);
#1758 = CARTESIAN_POINT('',(1.,0.));
#1759 = CARTESIAN_POINT('',(1.,-90.));
#1760 = ( GEOMETRIC_REPRESENTATION_CONTEXT(2) 
PARAMETRIC_REPRESENTATION_CONTEXT() REPRESENTATION_CONTEXT('2D SPACE',''
  ) );
#1761 = ORIENTED_EDGE('',*,*,#1762,.F.);
#1762 = EDGE_CURVE('',#1607,#1742,#1763,.T.);
#1763 = SURFACE_CURVE('',#1764,(#1769,#1776),.PCURVE_S1.);
#1764 = CIRCLE('',#1765,10.);
#1765 = AXIS2_PLACEMENT_3D('',#1766,#1767,#1768);
#1766 = CARTESIAN_POINT('',(20.,2.,0.));
#1767 = DIRECTION('',(0.,0.,1.));
#1768 = DIRECTION('',(1.,0.,-0.));
#1769 = PCURVE('',#265,#1770);
#1770 = DEFINITIONAL_REPRESENTATION('',(#1771),#1775);
#1771 = CIRCLE('',#1772,10.);
#1772 = AXIS2_PLACEMENT_2D('',#1773,#1774);
#1773 = CARTESIAN_POINT('',(174.,117.));
#1774 = DIRECTION('',(1.,0.));
#1775 = ( GEOMETRIC_REPRESENTATION_CONTEXT(2) 
PARAMETRIC_REPRESENTATION_CONTEXT() REPRESENTATION_CONTEXT('2D SPACE',''
  ) );
#1776 = PCURVE('',#888,#1777);
#1777 = DEFINITIONAL_REPRESENTATION('',(#1778),#1782);
#1778 = LINE('',#1779,#1780);
#1779 = CARTESIAN_POINT('',(0.,1.));
#1780 = VECTOR('',#1781,1.);
#1781 = DIRECTION('',(1.,0.));
#1782 = ( GEOMETRIC_REPRESENTATION_CONTEXT(2) 
PARAMETRIC_REPRESENTATION_CONTEXT() REPRESENTATION_CONTEXT('2D SPACE',''
  ) );
#1783 = FACE_BOUND('',#1784,.F.);
#1784 = EDGE_LOOP('',(#1785,#1808,#1832,#1853,#1877,#1898,#1922,#1943));
#1785 = ORIENTED_EDGE('',*,*,#1786,.F.);
#1786 = EDGE_CURVE('',#1787,#1789,#1791,.T.);
#1787 = VERTEX_POINT('',#1788);
#1788 = CARTESIAN_POINT('',(-20.,148.,0.));
#1789 = VERTEX_POINT('',#1790);
#1790 = CARTESIAN_POINT('',(-110.,148.,0.));
#1791 = SURFACE_CURVE('',#1792,(#1796,#1802),.PCURVE_S1.);
#1792 = LINE('',#1793,#1794);
#1793 = CARTESIAN_POINT('',(-132.,148.,0.));
#1794 = VECTOR('',#1795,1.);
#1795 = DIRECTION('',(-1.,-0.,0.));
#1796 = PCURVE('',#265,#1797);
#1797 = DEFINITIONAL_REPRESENTATION('',(#1798),#1801);
#1798 = B_SPLINE_CURVE_WITH_KNOTS('',1,(#1799,#1800),.UNSPECIFIED.,.F.,
  .F.,(2,2),(-112.,-22.),.PIECEWISE_BEZIER_KNOTS.);
#1799 = CARTESIAN_POINT('',(134.,263.));
#1800 = CARTESIAN_POINT('',(44.,263.));
#1801 = ( GEOMETRIC_REPRESENTATION_CONTEXT(2) 
PARAMETRIC_REPRESENTATION_CONTEXT() REPRESENTATION_CONTEXT('2D SPACE',''
  ) );
#1802 = PCURVE('',#919,#1803);
#1803 = DEFINITIONAL_REPRESENTATION('',(#1804),#1807);
#1804 = B_SPLINE_CURVE_WITH_KNOTS('',1,(#1805,#1806),.UNSPECIFIED.,.F.,
  .F.,(2,2),(-112.,-22.),.PIECEWISE_BEZIER_KNOTS.);
#1805 = CARTESIAN_POINT('',(1.,90.));
#1806 = CARTESIAN_POINT('',(1.,0.));
#1807 = ( GEOMETRIC_REPRESENTATION_CONTEXT(2) 
PARAMETRIC_REPRESENTATION_CONTEXT() REPRESENTATION_CONTEXT('2D SPACE',''
  ) );
#1808 = ORIENTED_EDGE('',*,*,#1809,.F.);
#1809 = EDGE_CURVE('',#1810,#1787,#1812,.T.);
#1810 = VERTEX_POINT('',#1811);
#1811 = CARTESIAN_POINT('',(-10.,138.,0.));
#1812 = SURFACE_CURVE('',#1813,(#1818,#1825),.PCURVE_S1.);
#1813 = CIRCLE('',#1814,10.);
#1814 = AXIS2_PLACEMENT_3D('',#1815,#1816,#1817);
#1815 = CARTESIAN_POINT('',(-20.,138.,0.));
#1816 = DIRECTION('',(0.,0.,1.));
#1817 = DIRECTION('',(1.,0.,-0.));
#1818 = PCURVE('',#265,#1819);
#1819 = DEFINITIONAL_REPRESENTATION('',(#1820),#1824);
#1820 = CIRCLE('',#1821,10.);
#1821 = AXIS2_PLACEMENT_2D('',#1822,#1823);
#1822 = CARTESIAN_POINT('',(134.,253.));
#1823 = DIRECTION('',(1.,0.));
#1824 = ( GEOMETRIC_REPRESENTATION_CONTEXT(2) 
PARAMETRIC_REPRESENTATION_CONTEXT() REPRESENTATION_CONTEXT('2D SPACE',''
  ) );
#1825 = PCURVE('',#947,#1826);
#1826 = DEFINITIONAL_REPRESENTATION('',(#1827),#1831);
#1827 = LINE('',#1828,#1829);
#1828 = CARTESIAN_POINT('',(0.,1.));
#1829 = VECTOR('',#1830,1.);
#1830 = DIRECTION('',(1.,0.));
#1831 = ( GEOMETRIC_REPRESENTATION_CONTEXT(2) 
PARAMETRIC_REPRESENTATION_CONTEXT() REPRESENTATION_CONTEXT('2D SPACE',''
  ) );
#1832 = ORIENTED_EDGE('',*,*,#1833,.F.);
#1833 = EDGE_CURVE('',#1834,#1810,#1836,.T.);
#1834 = VERTEX_POINT('',#1835);
#1835 = CARTESIAN_POINT('',(-10.,48.,0.));
#1836 = SURFACE_CURVE('',#1837,(#1841,#1847),.PCURVE_S1.);
#1837 = LINE('',#1838,#1839);
#1838 = CARTESIAN_POINT('',(-10.,-33.5,0.));
#1839 = VECTOR('',#1840,1.);
#1840 = DIRECTION('',(-0.,1.,0.));
#1841 = PCURVE('',#265,#1842);
#1842 = DEFINITIONAL_REPRESENTATION('',(#1843),#1846);
#1843 = B_SPLINE_CURVE_WITH_KNOTS('',1,(#1844,#1845),.UNSPECIFIED.,.F.,
  .F.,(2,2),(81.5,171.5),.PIECEWISE_BEZIER_KNOTS.);
#1844 = CARTESIAN_POINT('',(144.,163.));
#1845 = CARTESIAN_POINT('',(144.,253.));
#1846 = ( GEOMETRIC_REPRESENTATION_CONTEXT(2) 
PARAMETRIC_REPRESENTATION_CONTEXT() REPRESENTATION_CONTEXT('2D SPACE',''
  ) );
#1847 = PCURVE('',#974,#1848);
#1848 = DEFINITIONAL_REPRESENTATION('',(#1849),#1852);
#1849 = B_SPLINE_CURVE_WITH_KNOTS('',1,(#1850,#1851),.UNSPECIFIED.,.F.,
  .F.,(2,2),(81.5,171.5),.PIECEWISE_BEZIER_KNOTS.);
#1850 = CARTESIAN_POINT('',(1.,0.));
#1851 = CARTESIAN_POINT('',(1.,-90.));
#1852 = ( GEOMETRIC_REPRESENTATION_CONTEXT(2) 
PARAMETRIC_REPRESENTATION_CONTEXT() REPRESENTATION_CONTEXT('2D SPACE',''
  ) );
#1853 = ORIENTED_EDGE('',*,*,#1854,.F.);
#1854 = EDGE_CURVE('',#1855,#1834,#1857,.T.);
#1855 = VERTEX_POINT('',#1856);
#1856 = CARTESIAN_POINT('',(-20.,38.,0.));
#1857 = SURFACE_CURVE('',#1858,(#1863,#1870),.PCURVE_S1.);
#1858 = CIRCLE('',#1859,10.);
#1859 = AXIS2_PLACEMENT_3D('',#1860,#1861,#1862);
#1860 = CARTESIAN_POINT('',(-20.,48.,0.));
#1861 = DIRECTION('',(0.,0.,1.));
#1862 = DIRECTION('',(1.,0.,-0.));
#1863 = PCURVE('',#265,#1864);
#1864 = DEFINITIONAL_REPRESENTATION('',(#1865),#1869);
#1865 = CIRCLE('',#1866,10.);
#1866 = AXIS2_PLACEMENT_2D('',#1867,#1868);
#1867 = CARTESIAN_POINT('',(134.,163.));
#1868 = DIRECTION('',(1.,0.));
#1869 = ( GEOMETRIC_REPRESENTATION_CONTEXT(2) 
PARAMETRIC_REPRESENTATION_CONTEXT() REPRESENTATION_CONTEXT('2D SPACE',''
  ) );
#1870 = PCURVE('',#1002,#1871);
#1871 = DEFINITIONAL_REPRESENTATION('',(#1872),#1876);
#1872 = LINE('',#1873,#1874);
#1873 = CARTESIAN_POINT('',(0.,1.));
#1874 = VECTOR('',#1875,1.);
#1875 = DIRECTION('',(1.,0.));
#1876 = ( GEOMETRIC_REPRESENTATION_CONTEXT(2) 
PARAMETRIC_REPRESENTATION_CONTEXT() REPRESENTATION_CONTEXT('2D SPACE',''
  ) );
#1877 = ORIENTED_EDGE('',*,*,#1878,.T.);
#1878 = EDGE_CURVE('',#1855,#1879,#1881,.T.);
#1879 = VERTEX_POINT('',#1880);
#1880 = CARTESIAN_POINT('',(-110.,38.,0.));
#1881 = SURFACE_CURVE('',#1882,(#1886,#1892),.PCURVE_S1.);
#1882 = LINE('',#1883,#1884);
#1883 = CARTESIAN_POINT('',(-132.,38.,0.));
#1884 = VECTOR('',#1885,1.);
#1885 = DIRECTION('',(-1.,-0.,0.));
#1886 = PCURVE('',#265,#1887);
#1887 = DEFINITIONAL_REPRESENTATION('',(#1888),#1891);
#1888 = B_SPLINE_CURVE_WITH_KNOTS('',1,(#1889,#1890),.UNSPECIFIED.,.F.,
  .F.,(2,2),(-112.,-22.),.PIECEWISE_BEZIER_KNOTS.);
#1889 = CARTESIAN_POINT('',(134.,153.));
#1890 = CARTESIAN_POINT('',(44.,153.));
#1891 = ( GEOMETRIC_REPRESENTATION_CONTEXT(2) 
PARAMETRIC_REPRESENTATION_CONTEXT() REPRESENTATION_CONTEXT('2D SPACE',''
  ) );
#1892 = PCURVE('',#1029,#1893);
#1893 = DEFINITIONAL_REPRESENTATION('',(#1894),#1897);
#1894 = B_SPLINE_CURVE_WITH_KNOTS('',1,(#1895,#1896),.UNSPECIFIED.,.F.,
  .F.,(2,2),(-112.,-22.),.PIECEWISE_BEZIER_KNOTS.);
#1895 = CARTESIAN_POINT('',(1.,90.));
#1896 = CARTESIAN_POINT('',(1.,0.));
#1897 = ( GEOMETRIC_REPRESENTATION_CONTEXT(2) 
PARAMETRIC_REPRESENTATION_CONTEXT() REPRESENTATION_CONTEXT('2D SPACE',''
  ) );
#1898 = ORIENTED_EDGE('',*,*,#1899,.F.);
#1899 = EDGE_CURVE('',#1900,#1879,#1902,.T.);
#1900 = VERTEX_POINT('',#1901);
#1901 = CARTESIAN_POINT('',(-120.,48.,0.));
#1902 = SURFACE_CURVE('',#1903,(#1908,#1915),.PCURVE_S1.);
#1903 = CIRCLE('',#1904,10.);
#1904 = AXIS2_PLACEMENT_3D('',#1905,#1906,#1907);
#1905 = CARTESIAN_POINT('',(-110.,48.,0.));
#1906 = DIRECTION('',(0.,0.,1.));
#1907 = DIRECTION('',(1.,0.,-0.));
#1908 = PCURVE('',#265,#1909);
#1909 = DEFINITIONAL_REPRESENTATION('',(#1910),#1914);
#1910 = CIRCLE('',#1911,10.);
#1911 = AXIS2_PLACEMENT_2D('',#1912,#1913);
#1912 = CARTESIAN_POINT('',(44.,163.));
#1913 = DIRECTION('',(1.,0.));
#1914 = ( GEOMETRIC_REPRESENTATION_CONTEXT(2) 
PARAMETRIC_REPRESENTATION_CONTEXT() REPRESENTATION_CONTEXT('2D SPACE',''
  ) );
#1915 = PCURVE('',#1057,#1916);
#1916 = DEFINITIONAL_REPRESENTATION('',(#1917),#1921);
#1917 = LINE('',#1918,#1919);
#1918 = CARTESIAN_POINT('',(0.,1.));
#1919 = VECTOR('',#1920,1.);
#1920 = DIRECTION('',(1.,0.));
#1921 = ( GEOMETRIC_REPRESENTATION_CONTEXT(2) 
PARAMETRIC_REPRESENTATION_CONTEXT() REPRESENTATION_CONTEXT('2D SPACE',''
  ) );
#1922 = ORIENTED_EDGE('',*,*,#1923,.T.);
#1923 = EDGE_CURVE('',#1900,#1924,#1926,.T.);
#1924 = VERTEX_POINT('',#1925);
#1925 = CARTESIAN_POINT('',(-120.,138.,0.));
#1926 = SURFACE_CURVE('',#1927,(#1931,#1937),.PCURVE_S1.);
#1927 = LINE('',#1928,#1929);
#1928 = CARTESIAN_POINT('',(-120.,-33.5,0.));
#1929 = VECTOR('',#1930,1.);
#1930 = DIRECTION('',(-0.,1.,0.));
#1931 = PCURVE('',#265,#1932);
#1932 = DEFINITIONAL_REPRESENTATION('',(#1933),#1936);
#1933 = B_SPLINE_CURVE_WITH_KNOTS('',1,(#1934,#1935),.UNSPECIFIED.,.F.,
  .F.,(2,2),(81.5,171.5),.PIECEWISE_BEZIER_KNOTS.);
#1934 = CARTESIAN_POINT('',(34.,163.));
#1935 = CARTESIAN_POINT('',(34.,253.));
#1936 = ( GEOMETRIC_REPRESENTATION_CONTEXT(2) 
PARAMETRIC_REPRESENTATION_CONTEXT() REPRESENTATION_CONTEXT('2D SPACE',''
  ) );
#1937 = PCURVE('',#1084,#1938);
#1938 = DEFINITIONAL_REPRESENTATION('',(#1939),#1942);
#1939 = B_SPLINE_CURVE_WITH_KNOTS('',1,(#1940,#1941),.UNSPECIFIED.,.F.,
  .F.,(2,2),(81.5,171.5),.PIECEWISE_BEZIER_KNOTS.);
#1940 = CARTESIAN_POINT('',(1.,0.));
#1941 = CARTESIAN_POINT('',(1.,-90.));
#1942 = ( GEOMETRIC_REPRESENTATION_CONTEXT(2) 
PARAMETRIC_REPRESENTATION_CONTEXT() REPRESENTATION_CONTEXT('2D SPACE',''
  ) );
#1943 = ORIENTED_EDGE('',*,*,#1944,.F.);
#1944 = EDGE_CURVE('',#1789,#1924,#1945,.T.);
#1945 = SURFACE_CURVE('',#1946,(#1951,#1958),.PCURVE_S1.);
#1946 = CIRCLE('',#1947,10.);
#1947 = AXIS2_PLACEMENT_3D('',#1948,#1949,#1950);
#1948 = CARTESIAN_POINT('',(-110.,138.,0.));
#1949 = DIRECTION('',(0.,0.,1.));
#1950 = DIRECTION('',(1.,0.,-0.));
#1951 = PCURVE('',#265,#1952);
#1952 = DEFINITIONAL_REPRESENTATION('',(#1953),#1957);
#1953 = CIRCLE('',#1954,10.);
#1954 = AXIS2_PLACEMENT_2D('',#1955,#1956);
#1955 = CARTESIAN_POINT('',(44.,253.));
#1956 = DIRECTION('',(1.,0.));
#1957 = ( GEOMETRIC_REPRESENTATION_CONTEXT(2) 
PARAMETRIC_REPRESENTATION_CONTEXT() REPRESENTATION_CONTEXT('2D SPACE',''
  ) );
#1958 = PCURVE('',#1110,#1959);
#1959 = DEFINITIONAL_REPRESENTATION('',(#1960),#1964);
#1960 = LINE('',#1961,#1962);
#1961 = CARTESIAN_POINT('',(0.,1.));
#1962 = VECTOR('',#1963,1.);
#1963 = DIRECTION('',(1.,0.));
#1964 = ( GEOMETRIC_REPRESENTATION_CONTEXT(2) 
PARAMETRIC_REPRESENTATION_CONTEXT() REPRESENTATION_CONTEXT('2D SPACE',''
  ) );
#1965 = FACE_BOUND('',#1966,.F.);
#1966 = EDGE_LOOP('',(#1967,#1990,#2014,#2035,#2059,#2080,#2104,#2125));
#1967 = ORIENTED_EDGE('',*,*,#1968,.F.);
#1968 = EDGE_CURVE('',#1969,#1971,#1973,.T.);
#1969 = VERTEX_POINT('',#1970);
#1970 = CARTESIAN_POINT('',(110.,148.,0.));
#1971 = VERTEX_POINT('',#1972);
#1972 = CARTESIAN_POINT('',(20.,148.,0.));
#1973 = SURFACE_CURVE('',#1974,(#1978,#1984),.PCURVE_S1.);
#1974 = LINE('',#1975,#1976);
#1975 = CARTESIAN_POINT('',(-67.,148.,0.));
#1976 = VECTOR('',#1977,1.);
#1977 = DIRECTION('',(-1.,-0.,0.));
#1978 = PCURVE('',#265,#1979);
#1979 = DEFINITIONAL_REPRESENTATION('',(#1980),#1983);
#1980 = B_SPLINE_CURVE_WITH_KNOTS('',1,(#1981,#1982),.UNSPECIFIED.,.F.,
  .F.,(2,2),(-177.,-87.),.PIECEWISE_BEZIER_KNOTS.);
#1981 = CARTESIAN_POINT('',(264.,263.));
#1982 = CARTESIAN_POINT('',(174.,263.));
#1983 = ( GEOMETRIC_REPRESENTATION_CONTEXT(2) 
PARAMETRIC_REPRESENTATION_CONTEXT() REPRESENTATION_CONTEXT('2D SPACE',''
  ) );
#1984 = PCURVE('',#1141,#1985);
#1985 = DEFINITIONAL_REPRESENTATION('',(#1986),#1989);
#1986 = B_SPLINE_CURVE_WITH_KNOTS('',1,(#1987,#1988),.UNSPECIFIED.,.F.,
  .F.,(2,2),(-177.,-87.),.PIECEWISE_BEZIER_KNOTS.);
#1987 = CARTESIAN_POINT('',(1.,90.));
#1988 = CARTESIAN_POINT('',(1.,0.));
#1989 = ( GEOMETRIC_REPRESENTATION_CONTEXT(2) 
PARAMETRIC_REPRESENTATION_CONTEXT() REPRESENTATION_CONTEXT('2D SPACE',''
  ) );
#1990 = ORIENTED_EDGE('',*,*,#1991,.F.);
#1991 = EDGE_CURVE('',#1992,#1969,#1994,.T.);
#1992 = VERTEX_POINT('',#1993);
#1993 = CARTESIAN_POINT('',(120.,138.,0.));
#1994 = SURFACE_CURVE('',#1995,(#2000,#2007),.PCURVE_S1.);
#1995 = CIRCLE('',#1996,10.);
#1996 = AXIS2_PLACEMENT_3D('',#1997,#1998,#1999);
#1997 = CARTESIAN_POINT('',(110.,138.,0.));
#1998 = DIRECTION('',(0.,0.,1.));
#1999 = DIRECTION('',(1.,0.,-0.));
#2000 = PCURVE('',#265,#2001);
#2001 = DEFINITIONAL_REPRESENTATION('',(#2002),#2006);
#2002 = CIRCLE('',#2003,10.);
#2003 = AXIS2_PLACEMENT_2D('',#2004,#2005);
#2004 = CARTESIAN_POINT('',(264.,253.));
#2005 = DIRECTION('',(1.,0.));
#2006 = ( GEOMETRIC_REPRESENTATION_CONTEXT(2) 
PARAMETRIC_REPRESENTATION_CONTEXT() REPRESENTATION_CONTEXT('2D SPACE',''
  ) );
#2007 = PCURVE('',#1169,#2008);
#2008 = DEFINITIONAL_REPRESENTATION('',(#2009),#2013);
#2009 = LINE('',#2010,#2011);
#2010 = CARTESIAN_POINT('',(0.,1.));
#2011 = VECTOR('',#2012,1.);
#2012 = DIRECTION('',(1.,0.));
#2013 = ( GEOMETRIC_REPRESENTATION_CONTEXT(2) 
PARAMETRIC_REPRESENTATION_CONTEXT() REPRESENTATION_CONTEXT('2D SPACE',''
  ) );
#2014 = ORIENTED_EDGE('',*,*,#2015,.F.);
#2015 = EDGE_CURVE('',#2016,#1992,#2018,.T.);
#2016 = VERTEX_POINT('',#2017);
#2017 = CARTESIAN_POINT('',(120.,48.,0.));
#2018 = SURFACE_CURVE('',#2019,(#2023,#2029),.PCURVE_S1.);
#2019 = LINE('',#2020,#2021);
#2020 = CARTESIAN_POINT('',(120.,-33.5,0.));
#2021 = VECTOR('',#2022,1.);
#2022 = DIRECTION('',(-0.,1.,0.));
#2023 = PCURVE('',#265,#2024);
#2024 = DEFINITIONAL_REPRESENTATION('',(#2025),#2028);
#2025 = B_SPLINE_CURVE_WITH_KNOTS('',1,(#2026,#2027),.UNSPECIFIED.,.F.,
  .F.,(2,2),(81.5,171.5),.PIECEWISE_BEZIER_KNOTS.);
#2026 = CARTESIAN_POINT('',(274.,163.));
#2027 = CARTESIAN_POINT('',(274.,253.));
#2028 = ( GEOMETRIC_REPRESENTATION_CONTEXT(2) 
PARAMETRIC_REPRESENTATION_CONTEXT() REPRESENTATION_CONTEXT('2D SPACE',''
  ) );
#2029 = PCURVE('',#1196,#2030);
#2030 = DEFINITIONAL_REPRESENTATION('',(#2031),#2034);
#2031 = B_SPLINE_CURVE_WITH_KNOTS('',1,(#2032,#2033),.UNSPECIFIED.,.F.,
  .F.,(2,2),(81.5,171.5),.PIECEWISE_BEZIER_KNOTS.);
#2032 = CARTESIAN_POINT('',(1.,0.));
#2033 = CARTESIAN_POINT('',(1.,-90.));
#2034 = ( GEOMETRIC_REPRESENTATION_CONTEXT(2) 
PARAMETRIC_REPRESENTATION_CONTEXT() REPRESENTATION_CONTEXT('2D SPACE',''
  ) );
#2035 = ORIENTED_EDGE('',*,*,#2036,.F.);
#2036 = EDGE_CURVE('',#2037,#2016,#2039,.T.);
#2037 = VERTEX_POINT('',#2038);
#2038 = CARTESIAN_POINT('',(110.,38.,0.));
#2039 = SURFACE_CURVE('',#2040,(#2045,#2052),.PCURVE_S1.);
#2040 = CIRCLE('',#2041,10.);
#2041 = AXIS2_PLACEMENT_3D('',#2042,#2043,#2044);
#2042 = CARTESIAN_POINT('',(110.,48.,0.));
#2043 = DIRECTION('',(0.,0.,1.));
#2044 = DIRECTION('',(1.,0.,-0.));
#2045 = PCURVE('',#265,#2046);
#2046 = DEFINITIONAL_REPRESENTATION('',(#2047),#2051);
#2047 = CIRCLE('',#2048,10.);
#2048 = AXIS2_PLACEMENT_2D('',#2049,#2050);
#2049 = CARTESIAN_POINT('',(264.,163.));
#2050 = DIRECTION('',(1.,0.));
#2051 = ( GEOMETRIC_REPRESENTATION_CONTEXT(2) 
PARAMETRIC_REPRESENTATION_CONTEXT() REPRESENTATION_CONTEXT('2D SPACE',''
  ) );
#2052 = PCURVE('',#1224,#2053);
#2053 = DEFINITIONAL_REPRESENTATION('',(#2054),#2058);
#2054 = LINE('',#2055,#2056);
#2055 = CARTESIAN_POINT('',(0.,1.));
#2056 = VECTOR('',#2057,1.);
#2057 = DIRECTION('',(1.,0.));
#2058 = ( GEOMETRIC_REPRESENTATION_CONTEXT(2) 
PARAMETRIC_REPRESENTATION_CONTEXT() REPRESENTATION_CONTEXT('2D SPACE',''
  ) );
#2059 = ORIENTED_EDGE('',*,*,#2060,.T.);
#2060 = EDGE_CURVE('',#2037,#2061,#2063,.T.);
#2061 = VERTEX_POINT('',#2062);
#2062 = CARTESIAN_POINT('',(20.,38.,0.));
#2063 = SURFACE_CURVE('',#2064,(#2068,#2074),.PCURVE_S1.);
#2064 = LINE('',#2065,#2066);
#2065 = CARTESIAN_POINT('',(-67.,38.,0.));
#2066 = VECTOR('',#2067,1.);
#2067 = DIRECTION('',(-1.,-0.,0.));
#2068 = PCURVE('',#265,#2069);
#2069 = DEFINITIONAL_REPRESENTATION('',(#2070),#2073);
#2070 = B_SPLINE_CURVE_WITH_KNOTS('',1,(#2071,#2072),.UNSPECIFIED.,.F.,
  .F.,(2,2),(-177.,-87.),.PIECEWISE_BEZIER_KNOTS.);
#2071 = CARTESIAN_POINT('',(264.,153.));
#2072 = CARTESIAN_POINT('',(174.,153.));
#2073 = ( GEOMETRIC_REPRESENTATION_CONTEXT(2) 
PARAMETRIC_REPRESENTATION_CONTEXT() REPRESENTATION_CONTEXT('2D SPACE',''
  ) );
#2074 = PCURVE('',#1251,#2075);
#2075 = DEFINITIONAL_REPRESENTATION('',(#2076),#2079);
#2076 = B_SPLINE_CURVE_WITH_KNOTS('',1,(#2077,#2078),.UNSPECIFIED.,.F.,
  .F.,(2,2),(-177.,-87.),.PIECEWISE_BEZIER_KNOTS.);
#2077 = CARTESIAN_POINT('',(1.,90.));
#2078 = CARTESIAN_POINT('',(1.,0.));
#2079 = ( GEOMETRIC_REPRESENTATION_CONTEXT(2) 
PARAMETRIC_REPRESENTATION_CONTEXT() REPRESENTATION_CONTEXT('2D SPACE',''
  ) );
#2080 = ORIENTED_EDGE('',*,*,#2081,.F.);
#2081 = EDGE_CURVE('',#2082,#2061,#2084,.T.);
#2082 = VERTEX_POINT('',#2083);
#2083 = CARTESIAN_POINT('',(10.,48.,0.));
#2084 = SURFACE_CURVE('',#2085,(#2090,#2097),.PCURVE_S1.);
#2085 = CIRCLE('',#2086,10.);
#2086 = AXIS2_PLACEMENT_3D('',#2087,#2088,#2089);
#2087 = CARTESIAN_POINT('',(20.,48.,0.));
#2088 = DIRECTION('',(0.,0.,1.));
#2089 = DIRECTION('',(1.,0.,-0.));
#2090 = PCURVE('',#265,#2091);
#2091 = DEFINITIONAL_REPRESENTATION('',(#2092),#2096);
#2092 = CIRCLE('',#2093,10.);
#2093 = AXIS2_PLACEMENT_2D('',#2094,#2095);
#2094 = CARTESIAN_POINT('',(174.,163.));
#2095 = DIRECTION('',(1.,0.));
#2096 = ( GEOMETRIC_REPRESENTATION_CONTEXT(2) 
PARAMETRIC_REPRESENTATION_CONTEXT() REPRESENTATION_CONTEXT('2D SPACE',''
  ) );
#2097 = PCURVE('',#1279,#2098);
#2098 = DEFINITIONAL_REPRESENTATION('',(#2099),#2103);
#2099 = LINE('',#2100,#2101);
#2100 = CARTESIAN_POINT('',(0.,1.));
#2101 = VECTOR('',#2102,1.);
#2102 = DIRECTION('',(1.,0.));
#2103 = ( GEOMETRIC_REPRESENTATION_CONTEXT(2) 
PARAMETRIC_REPRESENTATION_CONTEXT() REPRESENTATION_CONTEXT('2D SPACE',''
  ) );
#2104 = ORIENTED_EDGE('',*,*,#2105,.T.);
#2105 = EDGE_CURVE('',#2082,#2106,#2108,.T.);
#2106 = VERTEX_POINT('',#2107);
#2107 = CARTESIAN_POINT('',(10.,138.,0.));
#2108 = SURFACE_CURVE('',#2109,(#2113,#2119),.PCURVE_S1.);
#2109 = LINE('',#2110,#2111);
#2110 = CARTESIAN_POINT('',(10.,-33.5,0.));
#2111 = VECTOR('',#2112,1.);
#2112 = DIRECTION('',(-0.,1.,0.));
#2113 = PCURVE('',#265,#2114);
#2114 = DEFINITIONAL_REPRESENTATION('',(#2115),#2118);
#2115 = B_SPLINE_CURVE_WITH_KNOTS('',1,(#2116,#2117),.UNSPECIFIED.,.F.,
  .F.,(2,2),(81.5,171.5),.PIECEWISE_BEZIER_KNOTS.);
#2116 = CARTESIAN_POINT('',(164.,163.));
#2117 = CARTESIAN_POINT('',(164.,253.));
#2118 = ( GEOMETRIC_REPRESENTATION_CONTEXT(2) 
PARAMETRIC_REPRESENTATION_CONTEXT() REPRESENTATION_CONTEXT('2D SPACE',''
  ) );
#2119 = PCURVE('',#1306,#2120);
#2120 = DEFINITIONAL_REPRESENTATION('',(#2121),#2124);
#2121 = B_SPLINE_CURVE_WITH_KNOTS('',1,(#2122,#2123),.UNSPECIFIED.,.F.,
  .F.,(2,2),(81.5,171.5),.PIECEWISE_BEZIER_KNOTS.);
#2122 = CARTESIAN_POINT('',(1.,0.));
#2123 = CARTESIAN_POINT('',(1.,-90.));
#2124 = ( GEOMETRIC_REPRESENTATION_CONTEXT(2) 
PARAMETRIC_REPRESENTATION_CONTEXT() REPRESENTATION_CONTEXT('2D SPACE',''
  ) );
#2125 = ORIENTED_EDGE('',*,*,#2126,.F.);
#2126 = EDGE_CURVE('',#1971,#2106,#2127,.T.);
#2127 = SURFACE_CURVE('',#2128,(#2133,#2140),.PCURVE_S1.);
#2128 = CIRCLE('',#2129,10.);
#2129 = AXIS2_PLACEMENT_3D('',#2130,#2131,#2132);
#2130 = CARTESIAN_POINT('',(20.,138.,0.));
#2131 = DIRECTION('',(0.,0.,1.));
#2132 = DIRECTION('',(1.,0.,-0.));
#2133 = PCURVE('',#265,#2134);
#2134 = DEFINITIONAL_REPRESENTATION('',(#2135),#2139);
#2135 = CIRCLE('',#2136,10.);
#2136 = AXIS2_PLACEMENT_2D('',#2137,#2138);
#2137 = CARTESIAN_POINT('',(174.,253.));
#2138 = DIRECTION('',(1.,0.));
#2139 = ( GEOMETRIC_REPRESENTATION_CONTEXT(2) 
PARAMETRIC_REPRESENTATION_CONTEXT() REPRESENTATION_CONTEXT('2D SPACE',''
  ) );
#2140 = PCURVE('',#1332,#2141);
#2141 = DEFINITIONAL_REPRESENTATION('',(#2142),#2146);
#2142 = LINE('',#2143,#2144);
#2143 = CARTESIAN_POINT('',(0.,1.));
#2144 = VECTOR('',#2145,1.);
#2145 = DIRECTION('',(1.,0.));
#2146 = ( GEOMETRIC_REPRESENTATION_CONTEXT(2) 
PARAMETRIC_REPRESENTATION_CONTEXT() REPRESENTATION_CONTEXT('2D SPACE',''
  ) );
#2147 = ADVANCED_FACE('',(#2148),#395,.T.);
#2148 = FACE_BOUND('',#2149,.T.);
#2149 = EDGE_LOOP('',(#2150,#2151,#2152,#2153));
#2150 = ORIENTED_EDGE('',*,*,#381,.F.);
#2151 = ORIENTED_EDGE('',*,*,#1398,.T.);
#2152 = ORIENTED_EDGE('',*,*,#1372,.T.);
#2153 = ORIENTED_EDGE('',*,*,#412,.F.);
#2154 = ADVANCED_FACE('',(#2155),#475,.F.);
#2155 = FACE_BOUND('',#2156,.F.);
#2156 = EDGE_LOOP('',(#2157,#2178,#2179,#2200));
#2157 = ORIENTED_EDGE('',*,*,#2158,.F.);
#2158 = EDGE_CURVE('',#1423,#459,#2159,.T.);
#2159 = SURFACE_CURVE('',#2160,(#2164,#2171),.PCURVE_S1.);
#2160 = LINE('',#2161,#2162);
#2161 = CARTESIAN_POINT('',(-20.,12.,-1.));
#2162 = VECTOR('',#2163,1.);
#2163 = DIRECTION('',(0.,0.,1.));
#2164 = PCURVE('',#475,#2165);
#2165 = DEFINITIONAL_REPRESENTATION('',(#2166),#2170);
#2166 = LINE('',#2167,#2168);
#2167 = CARTESIAN_POINT('',(0.,90.));
#2168 = VECTOR('',#2169,1.);
#2169 = DIRECTION('',(1.,0.));
#2170 = ( GEOMETRIC_REPRESENTATION_CONTEXT(2) 
PARAMETRIC_REPRESENTATION_CONTEXT() REPRESENTATION_CONTEXT('2D SPACE',''
  ) );
#2171 = PCURVE('',#503,#2172);
#2172 = DEFINITIONAL_REPRESENTATION('',(#2173),#2177);
#2173 = LINE('',#2174,#2175);
#2174 = CARTESIAN_POINT('',(1.570796326795,0.));
#2175 = VECTOR('',#2176,1.);
#2176 = DIRECTION('',(0.,1.));
#2177 = ( GEOMETRIC_REPRESENTATION_CONTEXT(2) 
PARAMETRIC_REPRESENTATION_CONTEXT() REPRESENTATION_CONTEXT('2D SPACE',''
  ) );
#2178 = ORIENTED_EDGE('',*,*,#1422,.T.);
#2179 = ORIENTED_EDGE('',*,*,#2180,.T.);
#2180 = EDGE_CURVE('',#1425,#461,#2181,.T.);
#2181 = SURFACE_CURVE('',#2182,(#2186,#2193),.PCURVE_S1.);
#2182 = LINE('',#2183,#2184);
#2183 = CARTESIAN_POINT('',(-110.,12.,-1.));
#2184 = VECTOR('',#2185,1.);
#2185 = DIRECTION('',(0.,0.,1.));
#2186 = PCURVE('',#475,#2187);
#2187 = DEFINITIONAL_REPRESENTATION('',(#2188),#2192);
#2188 = LINE('',#2189,#2190);
#2189 = CARTESIAN_POINT('',(0.,0.));
#2190 = VECTOR('',#2191,1.);
#2191 = DIRECTION('',(1.,0.));
#2192 = ( GEOMETRIC_REPRESENTATION_CONTEXT(2) 
PARAMETRIC_REPRESENTATION_CONTEXT() REPRESENTATION_CONTEXT('2D SPACE',''
  ) );
#2193 = PCURVE('',#666,#2194);
#2194 = DEFINITIONAL_REPRESENTATION('',(#2195),#2199);
#2195 = LINE('',#2196,#2197);
#2196 = CARTESIAN_POINT('',(1.570796326795,0.));
#2197 = VECTOR('',#2198,1.);
#2198 = DIRECTION('',(0.,1.));
#2199 = ( GEOMETRIC_REPRESENTATION_CONTEXT(2) 
PARAMETRIC_REPRESENTATION_CONTEXT() REPRESENTATION_CONTEXT('2D SPACE',''
  ) );
#2200 = ORIENTED_EDGE('',*,*,#458,.F.);
#2201 = ADVANCED_FACE('',(#2202),#503,.F.);
#2202 = FACE_BOUND('',#2203,.F.);
#2203 = EDGE_LOOP('',(#2204,#2205,#2225,#2226));
#2204 = ORIENTED_EDGE('',*,*,#486,.F.);
#2205 = ORIENTED_EDGE('',*,*,#2206,.F.);
#2206 = EDGE_CURVE('',#1446,#487,#2207,.T.);
#2207 = SURFACE_CURVE('',#2208,(#2212,#2218),.PCURVE_S1.);
#2208 = LINE('',#2209,#2210);
#2209 = CARTESIAN_POINT('',(-10.,2.,-1.));
#2210 = VECTOR('',#2211,1.);
#2211 = DIRECTION('',(0.,0.,1.));
#2212 = PCURVE('',#503,#2213);
#2213 = DEFINITIONAL_REPRESENTATION('',(#2214),#2217);
#2214 = B_SPLINE_CURVE_WITH_KNOTS('',1,(#2215,#2216),.UNSPECIFIED.,.F.,
  .F.,(2,2),(0.,6.),.PIECEWISE_BEZIER_KNOTS.);
#2215 = CARTESIAN_POINT('',(0.,0.));
#2216 = CARTESIAN_POINT('',(0.,6.));
#2217 = ( GEOMETRIC_REPRESENTATION_CONTEXT(2) 
PARAMETRIC_REPRESENTATION_CONTEXT() REPRESENTATION_CONTEXT('2D SPACE',''
  ) );
#2218 = PCURVE('',#530,#2219);
#2219 = DEFINITIONAL_REPRESENTATION('',(#2220),#2224);
#2220 = LINE('',#2221,#2222);
#2221 = CARTESIAN_POINT('',(0.,-90.));
#2222 = VECTOR('',#2223,1.);
#2223 = DIRECTION('',(1.,0.));
#2224 = ( GEOMETRIC_REPRESENTATION_CONTEXT(2) 
PARAMETRIC_REPRESENTATION_CONTEXT() REPRESENTATION_CONTEXT('2D SPACE',''
  ) );
#2225 = ORIENTED_EDGE('',*,*,#1445,.T.);
#2226 = ORIENTED_EDGE('',*,*,#2158,.T.);
#2227 = ADVANCED_FACE('',(#2228),#666,.F.);
#2228 = FACE_BOUND('',#2229,.F.);
#2229 = EDGE_LOOP('',(#2230,#2231,#2232,#2233));
#2230 = ORIENTED_EDGE('',*,*,#651,.F.);
#2231 = ORIENTED_EDGE('',*,*,#2180,.F.);
#2232 = ORIENTED_EDGE('',*,*,#1580,.T.);
#2233 = ORIENTED_EDGE('',*,*,#2234,.T.);
#2234 = EDGE_CURVE('',#1560,#626,#2235,.T.);
#2235 = SURFACE_CURVE('',#2236,(#2240,#2247),.PCURVE_S1.);
#2236 = LINE('',#2237,#2238);
#2237 = CARTESIAN_POINT('',(-120.,2.,-1.));
#2238 = VECTOR('',#2239,1.);
#2239 = DIRECTION('',(0.,0.,1.));
#2240 = PCURVE('',#666,#2241);
#2241 = DEFINITIONAL_REPRESENTATION('',(#2242),#2246);
#2242 = LINE('',#2243,#2244);
#2243 = CARTESIAN_POINT('',(3.14159265359,0.));
#2244 = VECTOR('',#2245,1.);
#2245 = DIRECTION('',(0.,1.));
#2246 = ( GEOMETRIC_REPRESENTATION_CONTEXT(2) 
PARAMETRIC_REPRESENTATION_CONTEXT() REPRESENTATION_CONTEXT('2D SPACE',''
  ) );
#2247 = PCURVE('',#640,#2248);
#2248 = DEFINITIONAL_REPRESENTATION('',(#2249),#2253);
#2249 = LINE('',#2250,#2251);
#2250 = CARTESIAN_POINT('',(0.,-90.));
#2251 = VECTOR('',#2252,1.);
#2252 = DIRECTION('',(1.,0.));
#2253 = ( GEOMETRIC_REPRESENTATION_CONTEXT(2) 
PARAMETRIC_REPRESENTATION_CONTEXT() REPRESENTATION_CONTEXT('2D SPACE',''
  ) );
#2254 = ADVANCED_FACE('',(#2255),#530,.F.);
#2255 = FACE_BOUND('',#2256,.F.);
#2256 = EDGE_LOOP('',(#2257,#2277,#2278,#2279));
#2257 = ORIENTED_EDGE('',*,*,#2258,.F.);
#2258 = EDGE_CURVE('',#1470,#516,#2259,.T.);
#2259 = SURFACE_CURVE('',#2260,(#2264,#2271),.PCURVE_S1.);
#2260 = LINE('',#2261,#2262);
#2261 = CARTESIAN_POINT('',(-10.,-88.,-1.));
#2262 = VECTOR('',#2263,1.);
#2263 = DIRECTION('',(0.,0.,1.));
#2264 = PCURVE('',#530,#2265);
#2265 = DEFINITIONAL_REPRESENTATION('',(#2266),#2270);
#2266 = LINE('',#2267,#2268);
#2267 = CARTESIAN_POINT('',(0.,0.));
#2268 = VECTOR('',#2269,1.);
#2269 = DIRECTION('',(1.,0.));
#2270 = ( GEOMETRIC_REPRESENTATION_CONTEXT(2) 
PARAMETRIC_REPRESENTATION_CONTEXT() REPRESENTATION_CONTEXT('2D SPACE',''
  ) );
#2271 = PCURVE('',#558,#2272);
#2272 = DEFINITIONAL_REPRESENTATION('',(#2273),#2276);
#2273 = B_SPLINE_CURVE_WITH_KNOTS('',1,(#2274,#2275),.UNSPECIFIED.,.F.,
  .F.,(2,2),(0.,6.),.PIECEWISE_BEZIER_KNOTS.);
#2274 = CARTESIAN_POINT('',(6.28318530718,0.));
#2275 = CARTESIAN_POINT('',(6.28318530718,6.));
#2276 = ( GEOMETRIC_REPRESENTATION_CONTEXT(2) 
PARAMETRIC_REPRESENTATION_CONTEXT() REPRESENTATION_CONTEXT('2D SPACE',''
  ) );
#2277 = ORIENTED_EDGE('',*,*,#1469,.T.);
#2278 = ORIENTED_EDGE('',*,*,#2206,.T.);
#2279 = ORIENTED_EDGE('',*,*,#515,.F.);
#2280 = ADVANCED_FACE('',(#2281),#640,.T.);
#2281 = FACE_BOUND('',#2282,.T.);
#2282 = EDGE_LOOP('',(#2283,#2304,#2305,#2306));
#2283 = ORIENTED_EDGE('',*,*,#2284,.F.);
#2284 = EDGE_CURVE('',#1536,#597,#2285,.T.);
#2285 = SURFACE_CURVE('',#2286,(#2290,#2297),.PCURVE_S1.);
#2286 = LINE('',#2287,#2288);
#2287 = CARTESIAN_POINT('',(-120.,-88.,-1.));
#2288 = VECTOR('',#2289,1.);
#2289 = DIRECTION('',(0.,0.,1.));
#2290 = PCURVE('',#640,#2291);
#2291 = DEFINITIONAL_REPRESENTATION('',(#2292),#2296);
#2292 = LINE('',#2293,#2294);
#2293 = CARTESIAN_POINT('',(0.,0.));
#2294 = VECTOR('',#2295,1.);
#2295 = DIRECTION('',(1.,0.));
#2296 = ( GEOMETRIC_REPRESENTATION_CONTEXT(2) 
PARAMETRIC_REPRESENTATION_CONTEXT() REPRESENTATION_CONTEXT('2D SPACE',''
  ) );
#2297 = PCURVE('',#613,#2298);
#2298 = DEFINITIONAL_REPRESENTATION('',(#2299),#2303);
#2299 = LINE('',#2300,#2301);
#2300 = CARTESIAN_POINT('',(3.14159265359,0.));
#2301 = VECTOR('',#2302,1.);
#2302 = DIRECTION('',(0.,1.));
#2303 = ( GEOMETRIC_REPRESENTATION_CONTEXT(2) 
PARAMETRIC_REPRESENTATION_CONTEXT() REPRESENTATION_CONTEXT('2D SPACE',''
  ) );
#2304 = ORIENTED_EDGE('',*,*,#1559,.T.);
#2305 = ORIENTED_EDGE('',*,*,#2234,.T.);
#2306 = ORIENTED_EDGE('',*,*,#625,.F.);
#2307 = ADVANCED_FACE('',(#2308),#558,.F.);
#2308 = FACE_BOUND('',#2309,.F.);
#2309 = EDGE_LOOP('',(#2310,#2311,#2312,#2313));
#2310 = ORIENTED_EDGE('',*,*,#1490,.T.);
#2311 = ORIENTED_EDGE('',*,*,#2258,.T.);
#2312 = ORIENTED_EDGE('',*,*,#541,.F.);
#2313 = ORIENTED_EDGE('',*,*,#2314,.F.);
#2314 = EDGE_CURVE('',#1491,#542,#2315,.T.);
#2315 = SURFACE_CURVE('',#2316,(#2320,#2327),.PCURVE_S1.);
#2316 = LINE('',#2317,#2318);
#2317 = CARTESIAN_POINT('',(-20.,-98.,-1.));
#2318 = VECTOR('',#2319,1.);
#2319 = DIRECTION('',(0.,0.,1.));
#2320 = PCURVE('',#558,#2321);
#2321 = DEFINITIONAL_REPRESENTATION('',(#2322),#2326);
#2322 = LINE('',#2323,#2324);
#2323 = CARTESIAN_POINT('',(4.712388980385,0.));
#2324 = VECTOR('',#2325,1.);
#2325 = DIRECTION('',(0.,1.));
#2326 = ( GEOMETRIC_REPRESENTATION_CONTEXT(2) 
PARAMETRIC_REPRESENTATION_CONTEXT() REPRESENTATION_CONTEXT('2D SPACE',''
  ) );
#2327 = PCURVE('',#585,#2328);
#2328 = DEFINITIONAL_REPRESENTATION('',(#2329),#2333);
#2329 = LINE('',#2330,#2331);
#2330 = CARTESIAN_POINT('',(0.,90.));
#2331 = VECTOR('',#2332,1.);
#2332 = DIRECTION('',(1.,0.));
#2333 = ( GEOMETRIC_REPRESENTATION_CONTEXT(2) 
PARAMETRIC_REPRESENTATION_CONTEXT() REPRESENTATION_CONTEXT('2D SPACE',''
  ) );
#2334 = ADVANCED_FACE('',(#2335),#613,.F.);
#2335 = FACE_BOUND('',#2336,.F.);
#2336 = EDGE_LOOP('',(#2337,#2338,#2339,#2340));
#2337 = ORIENTED_EDGE('',*,*,#596,.F.);
#2338 = ORIENTED_EDGE('',*,*,#2284,.F.);
#2339 = ORIENTED_EDGE('',*,*,#1535,.T.);
#2340 = ORIENTED_EDGE('',*,*,#2341,.T.);
#2341 = EDGE_CURVE('',#1515,#571,#2342,.T.);
#2342 = SURFACE_CURVE('',#2343,(#2347,#2354),.PCURVE_S1.);
#2343 = LINE('',#2344,#2345);
#2344 = CARTESIAN_POINT('',(-110.,-98.,-1.));
#2345 = VECTOR('',#2346,1.);
#2346 = DIRECTION('',(0.,0.,1.));
#2347 = PCURVE('',#613,#2348);
#2348 = DEFINITIONAL_REPRESENTATION('',(#2349),#2353);
#2349 = LINE('',#2350,#2351);
#2350 = CARTESIAN_POINT('',(4.712388980385,0.));
#2351 = VECTOR('',#2352,1.);
#2352 = DIRECTION('',(0.,1.));
#2353 = ( GEOMETRIC_REPRESENTATION_CONTEXT(2) 
PARAMETRIC_REPRESENTATION_CONTEXT() REPRESENTATION_CONTEXT('2D SPACE',''
  ) );
#2354 = PCURVE('',#585,#2355);
#2355 = DEFINITIONAL_REPRESENTATION('',(#2356),#2360);
#2356 = LINE('',#2357,#2358);
#2357 = CARTESIAN_POINT('',(0.,0.));
#2358 = VECTOR('',#2359,1.);
#2359 = DIRECTION('',(1.,0.));
#2360 = ( GEOMETRIC_REPRESENTATION_CONTEXT(2) 
PARAMETRIC_REPRESENTATION_CONTEXT() REPRESENTATION_CONTEXT('2D SPACE',''
  ) );
#2361 = ADVANCED_FACE('',(#2362),#585,.T.);
#2362 = FACE_BOUND('',#2363,.T.);
#2363 = EDGE_LOOP('',(#2364,#2365,#2366,#2367));
#2364 = ORIENTED_EDGE('',*,*,#2314,.F.);
#2365 = ORIENTED_EDGE('',*,*,#1514,.T.);
#2366 = ORIENTED_EDGE('',*,*,#2341,.T.);
#2367 = ORIENTED_EDGE('',*,*,#570,.F.);
#2368 = ADVANCED_FACE('',(#2369),#697,.F.);
#2369 = FACE_BOUND('',#2370,.F.);
#2370 = EDGE_LOOP('',(#2371,#2392,#2393,#2414));
#2371 = ORIENTED_EDGE('',*,*,#2372,.F.);
#2372 = EDGE_CURVE('',#1605,#681,#2373,.T.);
#2373 = SURFACE_CURVE('',#2374,(#2378,#2385),.PCURVE_S1.);
#2374 = LINE('',#2375,#2376);
#2375 = CARTESIAN_POINT('',(110.,12.,-1.));
#2376 = VECTOR('',#2377,1.);
#2377 = DIRECTION('',(0.,0.,1.));
#2378 = PCURVE('',#697,#2379);
#2379 = DEFINITIONAL_REPRESENTATION('',(#2380),#2384);
#2380 = LINE('',#2381,#2382);
#2381 = CARTESIAN_POINT('',(0.,90.));
#2382 = VECTOR('',#2383,1.);
#2383 = DIRECTION('',(1.,0.));
#2384 = ( GEOMETRIC_REPRESENTATION_CONTEXT(2) 
PARAMETRIC_REPRESENTATION_CONTEXT() REPRESENTATION_CONTEXT('2D SPACE',''
  ) );
#2385 = PCURVE('',#725,#2386);
#2386 = DEFINITIONAL_REPRESENTATION('',(#2387),#2391);
#2387 = LINE('',#2388,#2389);
#2388 = CARTESIAN_POINT('',(1.570796326795,0.));
#2389 = VECTOR('',#2390,1.);
#2390 = DIRECTION('',(0.,1.));
#2391 = ( GEOMETRIC_REPRESENTATION_CONTEXT(2) 
PARAMETRIC_REPRESENTATION_CONTEXT() REPRESENTATION_CONTEXT('2D SPACE',''
  ) );
#2392 = ORIENTED_EDGE('',*,*,#1604,.T.);
#2393 = ORIENTED_EDGE('',*,*,#2394,.T.);
#2394 = EDGE_CURVE('',#1607,#683,#2395,.T.);
#2395 = SURFACE_CURVE('',#2396,(#2400,#2407),.PCURVE_S1.);
#2396 = LINE('',#2397,#2398);
#2397 = CARTESIAN_POINT('',(20.,12.,-1.));
#2398 = VECTOR('',#2399,1.);
#2399 = DIRECTION('',(0.,0.,1.));
#2400 = PCURVE('',#697,#2401);
#2401 = DEFINITIONAL_REPRESENTATION('',(#2402),#2406);
#2402 = LINE('',#2403,#2404);
#2403 = CARTESIAN_POINT('',(0.,0.));
#2404 = VECTOR('',#2405,1.);
#2405 = DIRECTION('',(1.,0.));
#2406 = ( GEOMETRIC_REPRESENTATION_CONTEXT(2) 
PARAMETRIC_REPRESENTATION_CONTEXT() REPRESENTATION_CONTEXT('2D SPACE',''
  ) );
#2407 = PCURVE('',#888,#2408);
#2408 = DEFINITIONAL_REPRESENTATION('',(#2409),#2413);
#2409 = LINE('',#2410,#2411);
#2410 = CARTESIAN_POINT('',(1.570796326795,0.));
#2411 = VECTOR('',#2412,1.);
#2412 = DIRECTION('',(0.,1.));
#2413 = ( GEOMETRIC_REPRESENTATION_CONTEXT(2) 
PARAMETRIC_REPRESENTATION_CONTEXT() REPRESENTATION_CONTEXT('2D SPACE',''
  ) );
#2414 = ORIENTED_EDGE('',*,*,#680,.F.);
#2415 = ADVANCED_FACE('',(#2416),#725,.F.);
#2416 = FACE_BOUND('',#2417,.F.);
#2417 = EDGE_LOOP('',(#2418,#2419,#2439,#2440));
#2418 = ORIENTED_EDGE('',*,*,#708,.F.);
#2419 = ORIENTED_EDGE('',*,*,#2420,.F.);
#2420 = EDGE_CURVE('',#1628,#709,#2421,.T.);
#2421 = SURFACE_CURVE('',#2422,(#2426,#2432),.PCURVE_S1.);
#2422 = LINE('',#2423,#2424);
#2423 = CARTESIAN_POINT('',(120.,2.,-1.));
#2424 = VECTOR('',#2425,1.);
#2425 = DIRECTION('',(0.,0.,1.));
#2426 = PCURVE('',#725,#2427);
#2427 = DEFINITIONAL_REPRESENTATION('',(#2428),#2431);
#2428 = B_SPLINE_CURVE_WITH_KNOTS('',1,(#2429,#2430),.UNSPECIFIED.,.F.,
  .F.,(2,2),(0.,6.),.PIECEWISE_BEZIER_KNOTS.);
#2429 = CARTESIAN_POINT('',(0.,0.));
#2430 = CARTESIAN_POINT('',(0.,6.));
#2431 = ( GEOMETRIC_REPRESENTATION_CONTEXT(2) 
PARAMETRIC_REPRESENTATION_CONTEXT() REPRESENTATION_CONTEXT('2D SPACE',''
  ) );
#2432 = PCURVE('',#752,#2433);
#2433 = DEFINITIONAL_REPRESENTATION('',(#2434),#2438);
#2434 = LINE('',#2435,#2436);
#2435 = CARTESIAN_POINT('',(0.,-90.));
#2436 = VECTOR('',#2437,1.);
#2437 = DIRECTION('',(1.,0.));
#2438 = ( GEOMETRIC_REPRESENTATION_CONTEXT(2) 
PARAMETRIC_REPRESENTATION_CONTEXT() REPRESENTATION_CONTEXT('2D SPACE',''
  ) );
#2439 = ORIENTED_EDGE('',*,*,#1627,.T.);
#2440 = ORIENTED_EDGE('',*,*,#2372,.T.);
#2441 = ADVANCED_FACE('',(#2442),#888,.F.);
#2442 = FACE_BOUND('',#2443,.F.);
#2443 = EDGE_LOOP('',(#2444,#2445,#2446,#2447));
#2444 = ORIENTED_EDGE('',*,*,#873,.F.);
#2445 = ORIENTED_EDGE('',*,*,#2394,.F.);
#2446 = ORIENTED_EDGE('',*,*,#1762,.T.);
#2447 = ORIENTED_EDGE('',*,*,#2448,.T.);
#2448 = EDGE_CURVE('',#1742,#848,#2449,.T.);
#2449 = SURFACE_CURVE('',#2450,(#2454,#2461),.PCURVE_S1.);
#2450 = LINE('',#2451,#2452);
#2451 = CARTESIAN_POINT('',(10.,2.,-1.));
#2452 = VECTOR('',#2453,1.);
#2453 = DIRECTION('',(0.,0.,1.));
#2454 = PCURVE('',#888,#2455);
#2455 = DEFINITIONAL_REPRESENTATION('',(#2456),#2460);
#2456 = LINE('',#2457,#2458);
#2457 = CARTESIAN_POINT('',(3.14159265359,0.));
#2458 = VECTOR('',#2459,1.);
#2459 = DIRECTION('',(0.,1.));
#2460 = ( GEOMETRIC_REPRESENTATION_CONTEXT(2) 
PARAMETRIC_REPRESENTATION_CONTEXT() REPRESENTATION_CONTEXT('2D SPACE',''
  ) );
#2461 = PCURVE('',#862,#2462);
#2462 = DEFINITIONAL_REPRESENTATION('',(#2463),#2467);
#2463 = LINE('',#2464,#2465);
#2464 = CARTESIAN_POINT('',(0.,-90.));
#2465 = VECTOR('',#2466,1.);
#2466 = DIRECTION('',(1.,0.));
#2467 = ( GEOMETRIC_REPRESENTATION_CONTEXT(2) 
PARAMETRIC_REPRESENTATION_CONTEXT() REPRESENTATION_CONTEXT('2D SPACE',''
  ) );
#2468 = ADVANCED_FACE('',(#2469),#752,.F.);
#2469 = FACE_BOUND('',#2470,.F.);
#2470 = EDGE_LOOP('',(#2471,#2491,#2492,#2493));
#2471 = ORIENTED_EDGE('',*,*,#2472,.F.);
#2472 = EDGE_CURVE('',#1652,#738,#2473,.T.);
#2473 = SURFACE_CURVE('',#2474,(#2478,#2485),.PCURVE_S1.);
#2474 = LINE('',#2475,#2476);
#2475 = CARTESIAN_POINT('',(120.,-88.,-1.));
#2476 = VECTOR('',#2477,1.);
#2477 = DIRECTION('',(0.,0.,1.));
#2478 = PCURVE('',#752,#2479);
#2479 = DEFINITIONAL_REPRESENTATION('',(#2480),#2484);
#2480 = LINE('',#2481,#2482);
#2481 = CARTESIAN_POINT('',(0.,0.));
#2482 = VECTOR('',#2483,1.);
#2483 = DIRECTION('',(1.,0.));
#2484 = ( GEOMETRIC_REPRESENTATION_CONTEXT(2) 
PARAMETRIC_REPRESENTATION_CONTEXT() REPRESENTATION_CONTEXT('2D SPACE',''
  ) );
#2485 = PCURVE('',#780,#2486);
#2486 = DEFINITIONAL_REPRESENTATION('',(#2487),#2490);
#2487 = B_SPLINE_CURVE_WITH_KNOTS('',1,(#2488,#2489),.UNSPECIFIED.,.F.,
  .F.,(2,2),(0.,6.),.PIECEWISE_BEZIER_KNOTS.);
#2488 = CARTESIAN_POINT('',(6.28318530718,0.));
#2489 = CARTESIAN_POINT('',(6.28318530718,6.));
#2490 = ( GEOMETRIC_REPRESENTATION_CONTEXT(2) 
PARAMETRIC_REPRESENTATION_CONTEXT() REPRESENTATION_CONTEXT('2D SPACE',''
  ) );
#2491 = ORIENTED_EDGE('',*,*,#1651,.T.);
#2492 = ORIENTED_EDGE('',*,*,#2420,.T.);
#2493 = ORIENTED_EDGE('',*,*,#737,.F.);
#2494 = ADVANCED_FACE('',(#2495),#862,.T.);
#2495 = FACE_BOUND('',#2496,.T.);
#2496 = EDGE_LOOP('',(#2497,#2518,#2519,#2520));
#2497 = ORIENTED_EDGE('',*,*,#2498,.F.);
#2498 = EDGE_CURVE('',#1718,#819,#2499,.T.);
#2499 = SURFACE_CURVE('',#2500,(#2504,#2511),.PCURVE_S1.);
#2500 = LINE('',#2501,#2502);
#2501 = CARTESIAN_POINT('',(10.,-88.,-1.));
#2502 = VECTOR('',#2503,1.);
#2503 = DIRECTION('',(0.,0.,1.));
#2504 = PCURVE('',#862,#2505);
#2505 = DEFINITIONAL_REPRESENTATION('',(#2506),#2510);
#2506 = LINE('',#2507,#2508);
#2507 = CARTESIAN_POINT('',(0.,0.));
#2508 = VECTOR('',#2509,1.);
#2509 = DIRECTION('',(1.,0.));
#2510 = ( GEOMETRIC_REPRESENTATION_CONTEXT(2) 
PARAMETRIC_REPRESENTATION_CONTEXT() REPRESENTATION_CONTEXT('2D SPACE',''
  ) );
#2511 = PCURVE('',#835,#2512);
#2512 = DEFINITIONAL_REPRESENTATION('',(#2513),#2517);
#2513 = LINE('',#2514,#2515);
#2514 = CARTESIAN_POINT('',(3.14159265359,0.));
#2515 = VECTOR('',#2516,1.);
#2516 = DIRECTION('',(0.,1.));
#2517 = ( GEOMETRIC_REPRESENTATION_CONTEXT(2) 
PARAMETRIC_REPRESENTATION_CONTEXT() REPRESENTATION_CONTEXT('2D SPACE',''
  ) );
#2518 = ORIENTED_EDGE('',*,*,#1741,.T.);
#2519 = ORIENTED_EDGE('',*,*,#2448,.T.);
#2520 = ORIENTED_EDGE('',*,*,#847,.F.);
#2521 = ADVANCED_FACE('',(#2522),#780,.F.);
#2522 = FACE_BOUND('',#2523,.F.);
#2523 = EDGE_LOOP('',(#2524,#2525,#2526,#2527));
#2524 = ORIENTED_EDGE('',*,*,#1672,.T.);
#2525 = ORIENTED_EDGE('',*,*,#2472,.T.);
#2526 = ORIENTED_EDGE('',*,*,#763,.F.);
#2527 = ORIENTED_EDGE('',*,*,#2528,.F.);
#2528 = EDGE_CURVE('',#1673,#764,#2529,.T.);
#2529 = SURFACE_CURVE('',#2530,(#2534,#2541),.PCURVE_S1.);
#2530 = LINE('',#2531,#2532);
#2531 = CARTESIAN_POINT('',(110.,-98.,-1.));
#2532 = VECTOR('',#2533,1.);
#2533 = DIRECTION('',(0.,0.,1.));
#2534 = PCURVE('',#780,#2535);
#2535 = DEFINITIONAL_REPRESENTATION('',(#2536),#2540);
#2536 = LINE('',#2537,#2538);
#2537 = CARTESIAN_POINT('',(4.712388980385,0.));
#2538 = VECTOR('',#2539,1.);
#2539 = DIRECTION('',(0.,1.));
#2540 = ( GEOMETRIC_REPRESENTATION_CONTEXT(2) 
PARAMETRIC_REPRESENTATION_CONTEXT() REPRESENTATION_CONTEXT('2D SPACE',''
  ) );
#2541 = PCURVE('',#807,#2542);
#2542 = DEFINITIONAL_REPRESENTATION('',(#2543),#2547);
#2543 = LINE('',#2544,#2545);
#2544 = CARTESIAN_POINT('',(0.,90.));
#2545 = VECTOR('',#2546,1.);
#2546 = DIRECTION('',(1.,0.));
#2547 = ( GEOMETRIC_REPRESENTATION_CONTEXT(2) 
PARAMETRIC_REPRESENTATION_CONTEXT() REPRESENTATION_CONTEXT('2D SPACE',''
  ) );
#2548 = ADVANCED_FACE('',(#2549),#835,.F.);
#2549 = FACE_BOUND('',#2550,.F.);
#2550 = EDGE_LOOP('',(#2551,#2552,#2553,#2554));
#2551 = ORIENTED_EDGE('',*,*,#818,.F.);
#2552 = ORIENTED_EDGE('',*,*,#2498,.F.);
#2553 = ORIENTED_EDGE('',*,*,#1717,.T.);
#2554 = ORIENTED_EDGE('',*,*,#2555,.T.);
#2555 = EDGE_CURVE('',#1697,#793,#2556,.T.);
#2556 = SURFACE_CURVE('',#2557,(#2561,#2568),.PCURVE_S1.);
#2557 = LINE('',#2558,#2559);
#2558 = CARTESIAN_POINT('',(20.,-98.,-1.));
#2559 = VECTOR('',#2560,1.);
#2560 = DIRECTION('',(0.,0.,1.));
#2561 = PCURVE('',#835,#2562);
#2562 = DEFINITIONAL_REPRESENTATION('',(#2563),#2567);
#2563 = LINE('',#2564,#2565);
#2564 = CARTESIAN_POINT('',(4.712388980385,0.));
#2565 = VECTOR('',#2566,1.);
#2566 = DIRECTION('',(0.,1.));
#2567 = ( GEOMETRIC_REPRESENTATION_CONTEXT(2) 
PARAMETRIC_REPRESENTATION_CONTEXT() REPRESENTATION_CONTEXT('2D SPACE',''
  ) );
#2568 = PCURVE('',#807,#2569);
#2569 = DEFINITIONAL_REPRESENTATION('',(#2570),#2574);
#2570 = LINE('',#2571,#2572);
#2571 = CARTESIAN_POINT('',(0.,0.));
#2572 = VECTOR('',#2573,1.);
#2573 = DIRECTION('',(1.,0.));
#2574 = ( GEOMETRIC_REPRESENTATION_CONTEXT(2) 
PARAMETRIC_REPRESENTATION_CONTEXT() REPRESENTATION_CONTEXT('2D SPACE',''
  ) );
#2575 = ADVANCED_FACE('',(#2576),#807,.T.);
#2576 = FACE_BOUND('',#2577,.T.);
#2577 = EDGE_LOOP('',(#2578,#2579,#2580,#2581));
#2578 = ORIENTED_EDGE('',*,*,#2528,.F.);
#2579 = ORIENTED_EDGE('',*,*,#1696,.T.);
#2580 = ORIENTED_EDGE('',*,*,#2555,.T.);
#2581 = ORIENTED_EDGE('',*,*,#792,.F.);
#2582 = ADVANCED_FACE('',(#2583),#919,.F.);
#2583 = FACE_BOUND('',#2584,.F.);
#2584 = EDGE_LOOP('',(#2585,#2606,#2607,#2628));
#2585 = ORIENTED_EDGE('',*,*,#2586,.F.);
#2586 = EDGE_CURVE('',#1787,#903,#2587,.T.);
#2587 = SURFACE_CURVE('',#2588,(#2592,#2599),.PCURVE_S1.);
#2588 = LINE('',#2589,#2590);
#2589 = CARTESIAN_POINT('',(-20.,148.,-1.));
#2590 = VECTOR('',#2591,1.);
#2591 = DIRECTION('',(0.,0.,1.));
#2592 = PCURVE('',#919,#2593);
#2593 = DEFINITIONAL_REPRESENTATION('',(#2594),#2598);
#2594 = LINE('',#2595,#2596);
#2595 = CARTESIAN_POINT('',(0.,90.));
#2596 = VECTOR('',#2597,1.);
#2597 = DIRECTION('',(1.,0.));
#2598 = ( GEOMETRIC_REPRESENTATION_CONTEXT(2) 
PARAMETRIC_REPRESENTATION_CONTEXT() REPRESENTATION_CONTEXT('2D SPACE',''
  ) );
#2599 = PCURVE('',#947,#2600);
#2600 = DEFINITIONAL_REPRESENTATION('',(#2601),#2605);
#2601 = LINE('',#2602,#2603);
#2602 = CARTESIAN_POINT('',(1.570796326795,0.));
#2603 = VECTOR('',#2604,1.);
#2604 = DIRECTION('',(0.,1.));
#2605 = ( GEOMETRIC_REPRESENTATION_CONTEXT(2) 
PARAMETRIC_REPRESENTATION_CONTEXT() REPRESENTATION_CONTEXT('2D SPACE',''
  ) );
#2606 = ORIENTED_EDGE('',*,*,#1786,.T.);
#2607 = ORIENTED_EDGE('',*,*,#2608,.T.);
#2608 = EDGE_CURVE('',#1789,#905,#2609,.T.);
#2609 = SURFACE_CURVE('',#2610,(#2614,#2621),.PCURVE_S1.);
#2610 = LINE('',#2611,#2612);
#2611 = CARTESIAN_POINT('',(-110.,148.,-1.));
#2612 = VECTOR('',#2613,1.);
#2613 = DIRECTION('',(0.,0.,1.));
#2614 = PCURVE('',#919,#2615);
#2615 = DEFINITIONAL_REPRESENTATION('',(#2616),#2620);
#2616 = LINE('',#2617,#2618);
#2617 = CARTESIAN_POINT('',(0.,0.));
#2618 = VECTOR('',#2619,1.);
#2619 = DIRECTION('',(1.,0.));
#2620 = ( GEOMETRIC_REPRESENTATION_CONTEXT(2) 
PARAMETRIC_REPRESENTATION_CONTEXT() REPRESENTATION_CONTEXT('2D SPACE',''
  ) );
#2621 = PCURVE('',#1110,#2622);
#2622 = DEFINITIONAL_REPRESENTATION('',(#2623),#2627);
#2623 = LINE('',#2624,#2625);
#2624 = CARTESIAN_POINT('',(1.570796326795,0.));
#2625 = VECTOR('',#2626,1.);
#2626 = DIRECTION('',(0.,1.));
#2627 = ( GEOMETRIC_REPRESENTATION_CONTEXT(2) 
PARAMETRIC_REPRESENTATION_CONTEXT() REPRESENTATION_CONTEXT('2D SPACE',''
  ) );
#2628 = ORIENTED_EDGE('',*,*,#902,.F.);
#2629 = ADVANCED_FACE('',(#2630),#947,.F.);
#2630 = FACE_BOUND('',#2631,.F.);
#2631 = EDGE_LOOP('',(#2632,#2633,#2653,#2654));
#2632 = ORIENTED_EDGE('',*,*,#930,.F.);
#2633 = ORIENTED_EDGE('',*,*,#2634,.F.);
#2634 = EDGE_CURVE('',#1810,#931,#2635,.T.);
#2635 = SURFACE_CURVE('',#2636,(#2640,#2646),.PCURVE_S1.);
#2636 = LINE('',#2637,#2638);
#2637 = CARTESIAN_POINT('',(-10.,138.,-1.));
#2638 = VECTOR('',#2639,1.);
#2639 = DIRECTION('',(0.,0.,1.));
#2640 = PCURVE('',#947,#2641);
#2641 = DEFINITIONAL_REPRESENTATION('',(#2642),#2645);
#2642 = B_SPLINE_CURVE_WITH_KNOTS('',1,(#2643,#2644),.UNSPECIFIED.,.F.,
  .F.,(2,2),(0.,6.),.PIECEWISE_BEZIER_KNOTS.);
#2643 = CARTESIAN_POINT('',(0.,0.));
#2644 = CARTESIAN_POINT('',(0.,6.));
#2645 = ( GEOMETRIC_REPRESENTATION_CONTEXT(2) 
PARAMETRIC_REPRESENTATION_CONTEXT() REPRESENTATION_CONTEXT('2D SPACE',''
  ) );
#2646 = PCURVE('',#974,#2647);
#2647 = DEFINITIONAL_REPRESENTATION('',(#2648),#2652);
#2648 = LINE('',#2649,#2650);
#2649 = CARTESIAN_POINT('',(0.,-90.));
#2650 = VECTOR('',#2651,1.);
#2651 = DIRECTION('',(1.,0.));
#2652 = ( GEOMETRIC_REPRESENTATION_CONTEXT(2) 
PARAMETRIC_REPRESENTATION_CONTEXT() REPRESENTATION_CONTEXT('2D SPACE',''
  ) );
#2653 = ORIENTED_EDGE('',*,*,#1809,.T.);
#2654 = ORIENTED_EDGE('',*,*,#2586,.T.);
#2655 = ADVANCED_FACE('',(#2656),#1110,.F.);
#2656 = FACE_BOUND('',#2657,.F.);
#2657 = EDGE_LOOP('',(#2658,#2659,#2660,#2661));
#2658 = ORIENTED_EDGE('',*,*,#1095,.F.);
#2659 = ORIENTED_EDGE('',*,*,#2608,.F.);
#2660 = ORIENTED_EDGE('',*,*,#1944,.T.);
#2661 = ORIENTED_EDGE('',*,*,#2662,.T.);
#2662 = EDGE_CURVE('',#1924,#1070,#2663,.T.);
#2663 = SURFACE_CURVE('',#2664,(#2668,#2675),.PCURVE_S1.);
#2664 = LINE('',#2665,#2666);
#2665 = CARTESIAN_POINT('',(-120.,138.,-1.));
#2666 = VECTOR('',#2667,1.);
#2667 = DIRECTION('',(0.,0.,1.));
#2668 = PCURVE('',#1110,#2669);
#2669 = DEFINITIONAL_REPRESENTATION('',(#2670),#2674);
#2670 = LINE('',#2671,#2672);
#2671 = CARTESIAN_POINT('',(3.14159265359,0.));
#2672 = VECTOR('',#2673,1.);
#2673 = DIRECTION('',(0.,1.));
#2674 = ( GEOMETRIC_REPRESENTATION_CONTEXT(2) 
PARAMETRIC_REPRESENTATION_CONTEXT() REPRESENTATION_CONTEXT('2D SPACE',''
  ) );
#2675 = PCURVE('',#1084,#2676);
#2676 = DEFINITIONAL_REPRESENTATION('',(#2677),#2681);
#2677 = LINE('',#2678,#2679);
#2678 = CARTESIAN_POINT('',(0.,-90.));
#2679 = VECTOR('',#2680,1.);
#2680 = DIRECTION('',(1.,0.));
#2681 = ( GEOMETRIC_REPRESENTATION_CONTEXT(2) 
PARAMETRIC_REPRESENTATION_CONTEXT() REPRESENTATION_CONTEXT('2D SPACE',''
  ) );
#2682 = ADVANCED_FACE('',(#2683),#974,.F.);
#2683 = FACE_BOUND('',#2684,.F.);
#2684 = EDGE_LOOP('',(#2685,#2705,#2706,#2707));
#2685 = ORIENTED_EDGE('',*,*,#2686,.F.);
#2686 = EDGE_CURVE('',#1834,#960,#2687,.T.);
#2687 = SURFACE_CURVE('',#2688,(#2692,#2699),.PCURVE_S1.);
#2688 = LINE('',#2689,#2690);
#2689 = CARTESIAN_POINT('',(-10.,48.,-1.));
#2690 = VECTOR('',#2691,1.);
#2691 = DIRECTION('',(0.,0.,1.));
#2692 = PCURVE('',#974,#2693);
#2693 = DEFINITIONAL_REPRESENTATION('',(#2694),#2698);
#2694 = LINE('',#2695,#2696);
#2695 = CARTESIAN_POINT('',(0.,0.));
#2696 = VECTOR('',#2697,1.);
#2697 = DIRECTION('',(1.,0.));
#2698 = ( GEOMETRIC_REPRESENTATION_CONTEXT(2) 
PARAMETRIC_REPRESENTATION_CONTEXT() REPRESENTATION_CONTEXT('2D SPACE',''
  ) );
#2699 = PCURVE('',#1002,#2700);
#2700 = DEFINITIONAL_REPRESENTATION('',(#2701),#2704);
#2701 = B_SPLINE_CURVE_WITH_KNOTS('',1,(#2702,#2703),.UNSPECIFIED.,.F.,
  .F.,(2,2),(0.,6.),.PIECEWISE_BEZIER_KNOTS.);
#2702 = CARTESIAN_POINT('',(6.28318530718,0.));
#2703 = CARTESIAN_POINT('',(6.28318530718,6.));
#2704 = ( GEOMETRIC_REPRESENTATION_CONTEXT(2) 
PARAMETRIC_REPRESENTATION_CONTEXT() REPRESENTATION_CONTEXT('2D SPACE',''
  ) );
#2705 = ORIENTED_EDGE('',*,*,#1833,.T.);
#2706 = ORIENTED_EDGE('',*,*,#2634,.T.);
#2707 = ORIENTED_EDGE('',*,*,#959,.F.);
#2708 = ADVANCED_FACE('',(#2709),#1084,.T.);
#2709 = FACE_BOUND('',#2710,.T.);
#2710 = EDGE_LOOP('',(#2711,#2732,#2733,#2734));
#2711 = ORIENTED_EDGE('',*,*,#2712,.F.);
#2712 = EDGE_CURVE('',#1900,#1041,#2713,.T.);
#2713 = SURFACE_CURVE('',#2714,(#2718,#2725),.PCURVE_S1.);
#2714 = LINE('',#2715,#2716);
#2715 = CARTESIAN_POINT('',(-120.,48.,-1.));
#2716 = VECTOR('',#2717,1.);
#2717 = DIRECTION('',(0.,0.,1.));
#2718 = PCURVE('',#1084,#2719);
#2719 = DEFINITIONAL_REPRESENTATION('',(#2720),#2724);
#2720 = LINE('',#2721,#2722);
#2721 = CARTESIAN_POINT('',(0.,0.));
#2722 = VECTOR('',#2723,1.);
#2723 = DIRECTION('',(1.,0.));
#2724 = ( GEOMETRIC_REPRESENTATION_CONTEXT(2) 
PARAMETRIC_REPRESENTATION_CONTEXT() REPRESENTATION_CONTEXT('2D SPACE',''
  ) );
#2725 = PCURVE('',#1057,#2726);
#2726 = DEFINITIONAL_REPRESENTATION('',(#2727),#2731);
#2727 = LINE('',#2728,#2729);
#2728 = CARTESIAN_POINT('',(3.14159265359,0.));
#2729 = VECTOR('',#2730,1.);
#2730 = DIRECTION('',(0.,1.));
#2731 = ( GEOMETRIC_REPRESENTATION_CONTEXT(2) 
PARAMETRIC_REPRESENTATION_CONTEXT() REPRESENTATION_CONTEXT('2D SPACE',''
  ) );
#2732 = ORIENTED_EDGE('',*,*,#1923,.T.);
#2733 = ORIENTED_EDGE('',*,*,#2662,.T.);
#2734 = ORIENTED_EDGE('',*,*,#1069,.F.);
#2735 = ADVANCED_FACE('',(#2736),#1002,.F.);
#2736 = FACE_BOUND('',#2737,.F.);
#2737 = EDGE_LOOP('',(#2738,#2739,#2740,#2741));
#2738 = ORIENTED_EDGE('',*,*,#1854,.T.);
#2739 = ORIENTED_EDGE('',*,*,#2686,.T.);
#2740 = ORIENTED_EDGE('',*,*,#985,.F.);
#2741 = ORIENTED_EDGE('',*,*,#2742,.F.);
#2742 = EDGE_CURVE('',#1855,#986,#2743,.T.);
#2743 = SURFACE_CURVE('',#2744,(#2748,#2755),.PCURVE_S1.);
#2744 = LINE('',#2745,#2746);
#2745 = CARTESIAN_POINT('',(-20.,38.,-1.));
#2746 = VECTOR('',#2747,1.);
#2747 = DIRECTION('',(0.,0.,1.));
#2748 = PCURVE('',#1002,#2749);
#2749 = DEFINITIONAL_REPRESENTATION('',(#2750),#2754);
#2750 = LINE('',#2751,#2752);
#2751 = CARTESIAN_POINT('',(4.712388980385,0.));
#2752 = VECTOR('',#2753,1.);
#2753 = DIRECTION('',(0.,1.));
#2754 = ( GEOMETRIC_REPRESENTATION_CONTEXT(2) 
PARAMETRIC_REPRESENTATION_CONTEXT() REPRESENTATION_CONTEXT('2D SPACE',''
  ) );
#2755 = PCURVE('',#1029,#2756);
#2756 = DEFINITIONAL_REPRESENTATION('',(#2757),#2761);
#2757 = LINE('',#2758,#2759);
#2758 = CARTESIAN_POINT('',(0.,90.));
#2759 = VECTOR('',#2760,1.);
#2760 = DIRECTION('',(1.,0.));
#2761 = ( GEOMETRIC_REPRESENTATION_CONTEXT(2) 
PARAMETRIC_REPRESENTATION_CONTEXT() REPRESENTATION_CONTEXT('2D SPACE',''
  ) );
#2762 = ADVANCED_FACE('',(#2763),#1057,.F.);
#2763 = FACE_BOUND('',#2764,.F.);
#2764 = EDGE_LOOP('',(#2765,#2766,#2767,#2768));
#2765 = ORIENTED_EDGE('',*,*,#1040,.F.);
#2766 = ORIENTED_EDGE('',*,*,#2712,.F.);
#2767 = ORIENTED_EDGE('',*,*,#1899,.T.);
#2768 = ORIENTED_EDGE('',*,*,#2769,.T.);
#2769 = EDGE_CURVE('',#1879,#1015,#2770,.T.);
#2770 = SURFACE_CURVE('',#2771,(#2775,#2782),.PCURVE_S1.);
#2771 = LINE('',#2772,#2773);
#2772 = CARTESIAN_POINT('',(-110.,38.,-1.));
#2773 = VECTOR('',#2774,1.);
#2774 = DIRECTION('',(0.,0.,1.));
#2775 = PCURVE('',#1057,#2776);
#2776 = DEFINITIONAL_REPRESENTATION('',(#2777),#2781);
#2777 = LINE('',#2778,#2779);
#2778 = CARTESIAN_POINT('',(4.712388980385,0.));
#2779 = VECTOR('',#2780,1.);
#2780 = DIRECTION('',(0.,1.));
#2781 = ( GEOMETRIC_REPRESENTATION_CONTEXT(2) 
PARAMETRIC_REPRESENTATION_CONTEXT() REPRESENTATION_CONTEXT('2D SPACE',''
  ) );
#2782 = PCURVE('',#1029,#2783);
#2783 = DEFINITIONAL_REPRESENTATION('',(#2784),#2788);
#2784 = LINE('',#2785,#2786);
#2785 = CARTESIAN_POINT('',(0.,0.));
#2786 = VECTOR('',#2787,1.);
#2787 = DIRECTION('',(1.,0.));
#2788 = ( GEOMETRIC_REPRESENTATION_CONTEXT(2) 
PARAMETRIC_REPRESENTATION_CONTEXT() REPRESENTATION_CONTEXT('2D SPACE',''
  ) );
#2789 = ADVANCED_FACE('',(#2790),#1029,.T.);
#2790 = FACE_BOUND('',#2791,.T.);
#2791 = EDGE_LOOP('',(#2792,#2793,#2794,#2795));
#2792 = ORIENTED_EDGE('',*,*,#2742,.F.);
#2793 = ORIENTED_EDGE('',*,*,#1878,.T.);
#2794 = ORIENTED_EDGE('',*,*,#2769,.T.);
#2795 = ORIENTED_EDGE('',*,*,#1014,.F.);
#2796 = ADVANCED_FACE('',(#2797),#1141,.F.);
#2797 = FACE_BOUND('',#2798,.F.);
#2798 = EDGE_LOOP('',(#2799,#2820,#2821,#2842));
#2799 = ORIENTED_EDGE('',*,*,#2800,.F.);
#2800 = EDGE_CURVE('',#1969,#1125,#2801,.T.);
#2801 = SURFACE_CURVE('',#2802,(#2806,#2813),.PCURVE_S1.);
#2802 = LINE('',#2803,#2804);
#2803 = CARTESIAN_POINT('',(110.,148.,-1.));
#2804 = VECTOR('',#2805,1.);
#2805 = DIRECTION('',(0.,0.,1.));
#2806 = PCURVE('',#1141,#2807);
#2807 = DEFINITIONAL_REPRESENTATION('',(#2808),#2812);
#2808 = LINE('',#2809,#2810);
#2809 = CARTESIAN_POINT('',(0.,90.));
#2810 = VECTOR('',#2811,1.);
#2811 = DIRECTION('',(1.,0.));
#2812 = ( GEOMETRIC_REPRESENTATION_CONTEXT(2) 
PARAMETRIC_REPRESENTATION_CONTEXT() REPRESENTATION_CONTEXT('2D SPACE',''
  ) );
#2813 = PCURVE('',#1169,#2814);
#2814 = DEFINITIONAL_REPRESENTATION('',(#2815),#2819);
#2815 = LINE('',#2816,#2817);
#2816 = CARTESIAN_POINT('',(1.570796326795,0.));
#2817 = VECTOR('',#2818,1.);
#2818 = DIRECTION('',(0.,1.));
#2819 = ( GEOMETRIC_REPRESENTATION_CONTEXT(2) 
PARAMETRIC_REPRESENTATION_CONTEXT() REPRESENTATION_CONTEXT('2D SPACE',''
  ) );
#2820 = ORIENTED_EDGE('',*,*,#1968,.T.);
#2821 = ORIENTED_EDGE('',*,*,#2822,.T.);
#2822 = EDGE_CURVE('',#1971,#1127,#2823,.T.);
#2823 = SURFACE_CURVE('',#2824,(#2828,#2835),.PCURVE_S1.);
#2824 = LINE('',#2825,#2826);
#2825 = CARTESIAN_POINT('',(20.,148.,-1.));
#2826 = VECTOR('',#2827,1.);
#2827 = DIRECTION('',(0.,0.,1.));
#2828 = PCURVE('',#1141,#2829);
#2829 = DEFINITIONAL_REPRESENTATION('',(#2830),#2834);
#2830 = LINE('',#2831,#2832);
#2831 = CARTESIAN_POINT('',(0.,0.));
#2832 = VECTOR('',#2833,1.);
#2833 = DIRECTION('',(1.,0.));
#2834 = ( GEOMETRIC_REPRESENTATION_CONTEXT(2) 
PARAMETRIC_REPRESENTATION_CONTEXT() REPRESENTATION_CONTEXT('2D SPACE',''
  ) );
#2835 = PCURVE('',#1332,#2836);
#2836 = DEFINITIONAL_REPRESENTATION('',(#2837),#2841);
#2837 = LINE('',#2838,#2839);
#2838 = CARTESIAN_POINT('',(1.570796326795,0.));
#2839 = VECTOR('',#2840,1.);
#2840 = DIRECTION('',(0.,1.));
#2841 = ( GEOMETRIC_REPRESENTATION_CONTEXT(2) 
PARAMETRIC_REPRESENTATION_CONTEXT() REPRESENTATION_CONTEXT('2D SPACE',''
  ) );
#2842 = ORIENTED_EDGE('',*,*,#1124,.F.);
#2843 = ADVANCED_FACE('',(#2844),#1332,.F.);
#2844 = FACE_BOUND('',#2845,.F.);
#2845 = EDGE_LOOP('',(#2846,#2847,#2848,#2849));
#2846 = ORIENTED_EDGE('',*,*,#1317,.F.);
#2847 = ORIENTED_EDGE('',*,*,#2822,.F.);
#2848 = ORIENTED_EDGE('',*,*,#2126,.T.);
#2849 = ORIENTED_EDGE('',*,*,#2850,.T.);
#2850 = EDGE_CURVE('',#2106,#1292,#2851,.T.);
#2851 = SURFACE_CURVE('',#2852,(#2856,#2863),.PCURVE_S1.);
#2852 = LINE('',#2853,#2854);
#2853 = CARTESIAN_POINT('',(10.,138.,-1.));
#2854 = VECTOR('',#2855,1.);
#2855 = DIRECTION('',(0.,0.,1.));
#2856 = PCURVE('',#1332,#2857);
#2857 = DEFINITIONAL_REPRESENTATION('',(#2858),#2862);
#2858 = LINE('',#2859,#2860);
#2859 = CARTESIAN_POINT('',(3.14159265359,0.));
#2860 = VECTOR('',#2861,1.);
#2861 = DIRECTION('',(0.,1.));
#2862 = ( GEOMETRIC_REPRESENTATION_CONTEXT(2) 
PARAMETRIC_REPRESENTATION_CONTEXT() REPRESENTATION_CONTEXT('2D SPACE',''
  ) );
#2863 = PCURVE('',#1306,#2864);
#2864 = DEFINITIONAL_REPRESENTATION('',(#2865),#2869);
#2865 = LINE('',#2866,#2867);
#2866 = CARTESIAN_POINT('',(0.,-90.));
#2867 = VECTOR('',#2868,1.);
#2868 = DIRECTION('',(1.,0.));
#2869 = ( GEOMETRIC_REPRESENTATION_CONTEXT(2) 
PARAMETRIC_REPRESENTATION_CONTEXT() REPRESENTATION_CONTEXT('2D SPACE',''
  ) );
#2870 = ADVANCED_FACE('',(#2871),#1306,.T.);
#2871 = FACE_BOUND('',#2872,.T.);
#2872 = EDGE_LOOP('',(#2873,#2894,#2895,#2896));
#2873 = ORIENTED_EDGE('',*,*,#2874,.F.);
#2874 = EDGE_CURVE('',#2082,#1263,#2875,.T.);
#2875 = SURFACE_CURVE('',#2876,(#2880,#2887),.PCURVE_S1.);
#2876 = LINE('',#2877,#2878);
#2877 = CARTESIAN_POINT('',(10.,48.,-1.));
#2878 = VECTOR('',#2879,1.);
#2879 = DIRECTION('',(0.,0.,1.));
#2880 = PCURVE('',#1306,#2881);
#2881 = DEFINITIONAL_REPRESENTATION('',(#2882),#2886);
#2882 = LINE('',#2883,#2884);
#2883 = CARTESIAN_POINT('',(0.,0.));
#2884 = VECTOR('',#2885,1.);
#2885 = DIRECTION('',(1.,0.));
#2886 = ( GEOMETRIC_REPRESENTATION_CONTEXT(2) 
PARAMETRIC_REPRESENTATION_CONTEXT() REPRESENTATION_CONTEXT('2D SPACE',''
  ) );
#2887 = PCURVE('',#1279,#2888);
#2888 = DEFINITIONAL_REPRESENTATION('',(#2889),#2893);
#2889 = LINE('',#2890,#2891);
#2890 = CARTESIAN_POINT('',(3.14159265359,0.));
#2891 = VECTOR('',#2892,1.);
#2892 = DIRECTION('',(0.,1.));
#2893 = ( GEOMETRIC_REPRESENTATION_CONTEXT(2) 
PARAMETRIC_REPRESENTATION_CONTEXT() REPRESENTATION_CONTEXT('2D SPACE',''
  ) );
#2894 = ORIENTED_EDGE('',*,*,#2105,.T.);
#2895 = ORIENTED_EDGE('',*,*,#2850,.T.);
#2896 = ORIENTED_EDGE('',*,*,#1291,.F.);
#2897 = ADVANCED_FACE('',(#2898),#1279,.F.);
#2898 = FACE_BOUND('',#2899,.F.);
#2899 = EDGE_LOOP('',(#2900,#2901,#2902,#2903));
#2900 = ORIENTED_EDGE('',*,*,#1262,.F.);
#2901 = ORIENTED_EDGE('',*,*,#2874,.F.);
#2902 = ORIENTED_EDGE('',*,*,#2081,.T.);
#2903 = ORIENTED_EDGE('',*,*,#2904,.T.);
#2904 = EDGE_CURVE('',#2061,#1237,#2905,.T.);
#2905 = SURFACE_CURVE('',#2906,(#2910,#2917),.PCURVE_S1.);
#2906 = LINE('',#2907,#2908);
#2907 = CARTESIAN_POINT('',(20.,38.,-1.));
#2908 = VECTOR('',#2909,1.);
#2909 = DIRECTION('',(0.,0.,1.));
#2910 = PCURVE('',#1279,#2911);
#2911 = DEFINITIONAL_REPRESENTATION('',(#2912),#2916);
#2912 = LINE('',#2913,#2914);
#2913 = CARTESIAN_POINT('',(4.712388980385,0.));
#2914 = VECTOR('',#2915,1.);
#2915 = DIRECTION('',(0.,1.));
#2916 = ( GEOMETRIC_REPRESENTATION_CONTEXT(2) 
PARAMETRIC_REPRESENTATION_CONTEXT() REPRESENTATION_CONTEXT('2D SPACE',''
  ) );
#2917 = PCURVE('',#1251,#2918);
#2918 = DEFINITIONAL_REPRESENTATION('',(#2919),#2923);
#2919 = LINE('',#2920,#2921);
#2920 = CARTESIAN_POINT('',(0.,0.));
#2921 = VECTOR('',#2922,1.);
#2922 = DIRECTION('',(1.,0.));
#2923 = ( GEOMETRIC_REPRESENTATION_CONTEXT(2) 
PARAMETRIC_REPRESENTATION_CONTEXT() REPRESENTATION_CONTEXT('2D SPACE',''
  ) );
#2924 = ADVANCED_FACE('',(#2925),#1251,.T.);
#2925 = FACE_BOUND('',#2926,.T.);
#2926 = EDGE_LOOP('',(#2927,#2948,#2949,#2950));
#2927 = ORIENTED_EDGE('',*,*,#2928,.F.);
#2928 = EDGE_CURVE('',#2037,#1208,#2929,.T.);
#2929 = SURFACE_CURVE('',#2930,(#2934,#2941),.PCURVE_S1.);
#2930 = LINE('',#2931,#2932);
#2931 = CARTESIAN_POINT('',(110.,38.,-1.));
#2932 = VECTOR('',#2933,1.);
#2933 = DIRECTION('',(0.,0.,1.));
#2934 = PCURVE('',#1251,#2935);
#2935 = DEFINITIONAL_REPRESENTATION('',(#2936),#2940);
#2936 = LINE('',#2937,#2938);
#2937 = CARTESIAN_POINT('',(0.,90.));
#2938 = VECTOR('',#2939,1.);
#2939 = DIRECTION('',(1.,0.));
#2940 = ( GEOMETRIC_REPRESENTATION_CONTEXT(2) 
PARAMETRIC_REPRESENTATION_CONTEXT() REPRESENTATION_CONTEXT('2D SPACE',''
  ) );
#2941 = PCURVE('',#1224,#2942);
#2942 = DEFINITIONAL_REPRESENTATION('',(#2943),#2947);
#2943 = LINE('',#2944,#2945);
#2944 = CARTESIAN_POINT('',(4.712388980385,0.));
#2945 = VECTOR('',#2946,1.);
#2946 = DIRECTION('',(0.,1.));
#2947 = ( GEOMETRIC_REPRESENTATION_CONTEXT(2) 
PARAMETRIC_REPRESENTATION_CONTEXT() REPRESENTATION_CONTEXT('2D SPACE',''
  ) );
#2948 = ORIENTED_EDGE('',*,*,#2060,.T.);
#2949 = ORIENTED_EDGE('',*,*,#2904,.T.);
#2950 = ORIENTED_EDGE('',*,*,#1236,.F.);
#2951 = ADVANCED_FACE('',(#2952),#1224,.F.);
#2952 = FACE_BOUND('',#2953,.F.);
#2953 = EDGE_LOOP('',(#2954,#2955,#2975,#2976));
#2954 = ORIENTED_EDGE('',*,*,#2036,.T.);
#2955 = ORIENTED_EDGE('',*,*,#2956,.T.);
#2956 = EDGE_CURVE('',#2016,#1182,#2957,.T.);
#2957 = SURFACE_CURVE('',#2958,(#2962,#2968),.PCURVE_S1.);
#2958 = LINE('',#2959,#2960);
#2959 = CARTESIAN_POINT('',(120.,48.,-1.));
#2960 = VECTOR('',#2961,1.);
#2961 = DIRECTION('',(0.,0.,1.));
#2962 = PCURVE('',#1224,#2963);
#2963 = DEFINITIONAL_REPRESENTATION('',(#2964),#2967);
#2964 = B_SPLINE_CURVE_WITH_KNOTS('',1,(#2965,#2966),.UNSPECIFIED.,.F.,
  .F.,(2,2),(0.,6.),.PIECEWISE_BEZIER_KNOTS.);
#2965 = CARTESIAN_POINT('',(6.28318530718,0.));
#2966 = CARTESIAN_POINT('',(6.28318530718,6.));
#2967 = ( GEOMETRIC_REPRESENTATION_CONTEXT(2) 
PARAMETRIC_REPRESENTATION_CONTEXT() REPRESENTATION_CONTEXT('2D SPACE',''
  ) );
#2968 = PCURVE('',#1196,#2969);
#2969 = DEFINITIONAL_REPRESENTATION('',(#2970),#2974);
#2970 = LINE('',#2971,#2972);
#2971 = CARTESIAN_POINT('',(0.,0.));
#2972 = VECTOR('',#2973,1.);
#2973 = DIRECTION('',(1.,0.));
#2974 = ( GEOMETRIC_REPRESENTATION_CONTEXT(2) 
PARAMETRIC_REPRESENTATION_CONTEXT() REPRESENTATION_CONTEXT('2D SPACE',''
  ) );
#2975 = ORIENTED_EDGE('',*,*,#1207,.F.);
#2976 = ORIENTED_EDGE('',*,*,#2928,.F.);
#2977 = ADVANCED_FACE('',(#2978),#1196,.F.);
#2978 = FACE_BOUND('',#2979,.F.);
#2979 = EDGE_LOOP('',(#2980,#2981,#2982,#3002));
#2980 = ORIENTED_EDGE('',*,*,#2956,.F.);
#2981 = ORIENTED_EDGE('',*,*,#2015,.T.);
#2982 = ORIENTED_EDGE('',*,*,#2983,.T.);
#2983 = EDGE_CURVE('',#1992,#1153,#2984,.T.);
#2984 = SURFACE_CURVE('',#2985,(#2989,#2996),.PCURVE_S1.);
#2985 = LINE('',#2986,#2987);
#2986 = CARTESIAN_POINT('',(120.,138.,-1.));
#2987 = VECTOR('',#2988,1.);
#2988 = DIRECTION('',(0.,0.,1.));
#2989 = PCURVE('',#1196,#2990);
#2990 = DEFINITIONAL_REPRESENTATION('',(#2991),#2995);
#2991 = LINE('',#2992,#2993);
#2992 = CARTESIAN_POINT('',(0.,-90.));
#2993 = VECTOR('',#2994,1.);
#2994 = DIRECTION('',(1.,0.));
#2995 = ( GEOMETRIC_REPRESENTATION_CONTEXT(2) 
PARAMETRIC_REPRESENTATION_CONTEXT() REPRESENTATION_CONTEXT('2D SPACE',''
  ) );
#2996 = PCURVE('',#1169,#2997);
#2997 = DEFINITIONAL_REPRESENTATION('',(#2998),#3001);
#2998 = B_SPLINE_CURVE_WITH_KNOTS('',1,(#2999,#3000),.UNSPECIFIED.,.F.,
  .F.,(2,2),(0.,6.),.PIECEWISE_BEZIER_KNOTS.);
#2999 = CARTESIAN_POINT('',(0.,0.));
#3000 = CARTESIAN_POINT('',(0.,6.));
#3001 = ( GEOMETRIC_REPRESENTATION_CONTEXT(2) 
PARAMETRIC_REPRESENTATION_CONTEXT() REPRESENTATION_CONTEXT('2D SPACE',''
  ) );
#3002 = ORIENTED_EDGE('',*,*,#1181,.F.);
#3003 = ADVANCED_FACE('',(#3004),#1169,.F.);
#3004 = FACE_BOUND('',#3005,.F.);
#3005 = EDGE_LOOP('',(#3006,#3007,#3008,#3009));
#3006 = ORIENTED_EDGE('',*,*,#1152,.F.);
#3007 = ORIENTED_EDGE('',*,*,#2983,.F.);
#3008 = ORIENTED_EDGE('',*,*,#1991,.T.);
#3009 = ORIENTED_EDGE('',*,*,#2800,.T.);
#3010 = ( GEOMETRIC_REPRESENTATION_CONTEXT(3) 
GLOBAL_UNCERTAINTY_ASSIGNED_CONTEXT((#3014)) 
GLOBAL_UNIT_ASSIGNED_CONTEXT((#3011,#3012,#3013)) REPRESENTATION_CONTEXT
('Context #1','3D Context with UNIT and UNCERTAINTY') );
#3011 = ( LENGTH_UNIT() NAMED_UNIT(*) SI_UNIT(.MILLI.,.METRE.) );
#3012 = ( NAMED_UNIT(*) PLANE_ANGLE_UNIT() SI_UNIT($,.RADIAN.) );
#3013 = ( NAMED_UNIT(*) SI_UNIT($,.STERADIAN.) SOLID_ANGLE_UNIT() );
#3014 = UNCERTAINTY_MEASURE_WITH_UNIT(LENGTH_MEASURE(1.E-07),#3011,
  'distance_accuracy_value','confusion accuracy');
#3015 = CONTEXT_DEPENDENT_SHAPE_REPRESENTATION(#3016,#3018);
#3016 = ( REPRESENTATION_RELATIONSHIP('','',#207,#184) 
REPRESENTATION_RELATIONSHIP_WITH_TRANSFORMATION(#3017) 
SHAPE_REPRESENTATION_RELATIONSHIP() );
#3017 = ITEM_DEFINED_TRANSFORMATION('','',#11,#185);
#3018 = PRODUCT_DEFINITION_SHAPE('Placement','Placement of an item',
  #3019);
#3019 = NEXT_ASSEMBLY_USAGE_OCCURRENCE('1','=>[0:1:1:3]','',#179,#202,$
  );
#3020 = PRODUCT_RELATED_PRODUCT_CATEGORY('part',$,(#204));
#3021 = SHAPE_DEFINITION_REPRESENTATION(#3022,#3028);
#3022 = PRODUCT_DEFINITION_SHAPE('','',#3023);
#3023 = PRODUCT_DEFINITION('design','',#3024,#3027);
#3024 = PRODUCT_DEFINITION_FORMATION('','',#3025);
#3025 = PRODUCT('keyboard_tray_continuous','keyboard_tray_continuous',''
  ,(#3026));
#3026 = PRODUCT_CONTEXT('',#2,'mechanical');
#3027 = PRODUCT_DEFINITION_CONTEXT('part definition',#2,'design');
#3028 = SHAPE_REPRESENTATION('',(#11,#3029),#3033);
#3029 = AXIS2_PLACEMENT_3D('',#3030,#3031,#3032);
#3030 = CARTESIAN_POINT('',(-139.85,-57.85,0.));
#3031 = DIRECTION('',(0.,0.,1.));
#3032 = DIRECTION('',(1.,0.,-0.));
#3033 = ( GEOMETRIC_REPRESENTATION_CONTEXT(3) 
GLOBAL_UNCERTAINTY_ASSIGNED_CONTEXT((#3037)) 
GLOBAL_UNIT_ASSIGNED_CONTEXT((#3034,#3035,#3036)) REPRESENTATION_CONTEXT
('Context #1','3D Context with UNIT and UNCERTAINTY') );
#3034 = ( LENGTH_UNIT() NAMED_UNIT(*) SI_UNIT(.MILLI.,.METRE.) );
#3035 = ( NAMED_UNIT(*) PLANE_ANGLE_UNIT() SI_UNIT($,.RADIAN.) );
#3036 = ( NAMED_UNIT(*) SI_UNIT($,.STERADIAN.) SOLID_ANGLE_UNIT() );
#3037 = UNCERTAINTY_MEASURE_WITH_UNIT(LENGTH_MEASURE(1.E-07),#3034,
  'distance_accuracy_value','confusion accuracy');
#3038 = CONTEXT_DEPENDENT_SHAPE_REPRESENTATION(#3039,#3041);
#3039 = ( REPRESENTATION_RELATIONSHIP('','',#3028,#10) 
REPRESENTATION_RELATIONSHIP_WITH_TRANSFORMATION(#3040) 
SHAPE_REPRESENTATION_RELATIONSHIP() );
#3040 = ITEM_DEFINED_TRANSFORMATION('','',#11,#19);
#3041 = PRODUCT_DEFINITION_SHAPE('Placement','Placement of an item',
  #3042);
#3042 = NEXT_ASSEMBLY_USAGE_OCCURRENCE('4','=>[0:1:1:4]','',#5,#3023,$);
#3043 = PRODUCT_RELATED_PRODUCT_CATEGORY('part',$,(#3025));
#3044 = SHAPE_DEFINITION_REPRESENTATION(#3045,#3051);
#3045 = PRODUCT_DEFINITION_SHAPE('','',#3046);
#3046 = PRODUCT_DEFINITION('design','',#3047,#3050);
#3047 = PRODUCT_DEFINITION_FORMATION('','',#3048);
#3048 = PRODUCT('SOLID','SOLID','',(#3049));
#3049 = PRODUCT_CONTEXT('',#2,'mechanical');
#3050 = PRODUCT_DEFINITION_CONTEXT('part definition',#2,'design');
#3051 = ADVANCED_BREP_SHAPE_REPRESENTATION('',(#11,#3052),#3382);
#3052 = MANIFOLD_SOLID_BREP('',#3053);
#3053 = CLOSED_SHELL('',(#3054,#3174,#3274,#3321,#3368,#3375));
#3054 = ADVANCED_FACE('',(#3055),#3069,.F.);
#3055 = FACE_BOUND('',#3056,.F.);
#3056 = EDGE_LOOP('',(#3057,#3092,#3120,#3148));
#3057 = ORIENTED_EDGE('',*,*,#3058,.F.);
#3058 = EDGE_CURVE('',#3059,#3061,#3063,.T.);
#3059 = VERTEX_POINT('',#3060);
#3060 = CARTESIAN_POINT('',(0.,0.,0.));
#3061 = VERTEX_POINT('',#3062);
#3062 = CARTESIAN_POINT('',(0.,0.,3.5));
#3063 = SURFACE_CURVE('',#3064,(#3068,#3080),.PCURVE_S1.);
#3064 = LINE('',#3065,#3066);
#3065 = CARTESIAN_POINT('',(0.,0.,0.));
#3066 = VECTOR('',#3067,1.);
#3067 = DIRECTION('',(0.,0.,1.));
#3068 = PCURVE('',#3069,#3074);
#3069 = PLANE('',#3070);
#3070 = AXIS2_PLACEMENT_3D('',#3071,#3072,#3073);
#3071 = CARTESIAN_POINT('',(0.,0.,0.));
#3072 = DIRECTION('',(1.,0.,-0.));
#3073 = DIRECTION('',(0.,0.,1.));
#3074 = DEFINITIONAL_REPRESENTATION('',(#3075),#3079);
#3075 = LINE('',#3076,#3077);
#3076 = CARTESIAN_POINT('',(0.,0.));
#3077 = VECTOR('',#3078,1.);
#3078 = DIRECTION('',(1.,0.));
#3079 = ( GEOMETRIC_REPRESENTATION_CONTEXT(2) 
PARAMETRIC_REPRESENTATION_CONTEXT() REPRESENTATION_CONTEXT('2D SPACE',''
  ) );
#3080 = PCURVE('',#3081,#3086);
#3081 = PLANE('',#3082);
#3082 = AXIS2_PLACEMENT_3D('',#3083,#3084,#3085);
#3083 = CARTESIAN_POINT('',(0.,0.,0.));
#3084 = DIRECTION('',(-0.,1.,0.));
#3085 = DIRECTION('',(0.,0.,1.));
#3086 = DEFINITIONAL_REPRESENTATION('',(#3087),#3091);
#3087 = LINE('',#3088,#3089);
#3088 = CARTESIAN_POINT('',(0.,0.));
#3089 = VECTOR('',#3090,1.);
#3090 = DIRECTION('',(1.,0.));
#3091 = ( GEOMETRIC_REPRESENTATION_CONTEXT(2) 
PARAMETRIC_REPRESENTATION_CONTEXT() REPRESENTATION_CONTEXT('2D SPACE',''
  ) );
#3092 = ORIENTED_EDGE('',*,*,#3093,.T.);
#3093 = EDGE_CURVE('',#3059,#3094,#3096,.T.);
#3094 = VERTEX_POINT('',#3095);
#3095 = CARTESIAN_POINT('',(0.,115.7,0.));
#3096 = SURFACE_CURVE('',#3097,(#3101,#3108),.PCURVE_S1.);
#3097 = LINE('',#3098,#3099);
#3098 = CARTESIAN_POINT('',(0.,0.,0.));
#3099 = VECTOR('',#3100,1.);
#3100 = DIRECTION('',(-0.,1.,0.));
#3101 = PCURVE('',#3069,#3102);
#3102 = DEFINITIONAL_REPRESENTATION('',(#3103),#3107);
#3103 = LINE('',#3104,#3105);
#3104 = CARTESIAN_POINT('',(0.,0.));
#3105 = VECTOR('',#3106,1.);
#3106 = DIRECTION('',(0.,-1.));
#3107 = ( GEOMETRIC_REPRESENTATION_CONTEXT(2) 
PARAMETRIC_REPRESENTATION_CONTEXT() REPRESENTATION_CONTEXT('2D SPACE',''
  ) );
#3108 = PCURVE('',#3109,#3114);
#3109 = PLANE('',#3110);
#3110 = AXIS2_PLACEMENT_3D('',#3111,#3112,#3113);
#3111 = CARTESIAN_POINT('',(0.,0.,0.));
#3112 = DIRECTION('',(0.,0.,1.));
#3113 = DIRECTION('',(1.,0.,-0.));
#3114 = DEFINITIONAL_REPRESENTATION('',(#3115),#3119);
#3115 = LINE('',#3116,#3117);
#3116 = CARTESIAN_POINT('',(0.,0.));
#3117 = VECTOR('',#3118,1.);
#3118 = DIRECTION('',(0.,1.));
#3119 = ( GEOMETRIC_REPRESENTATION_CONTEXT(2) 
PARAMETRIC_REPRESENTATION_CONTEXT() REPRESENTATION_CONTEXT('2D SPACE',''
  ) );
#3120 = ORIENTED_EDGE('',*,*,#3121,.T.);
#3121 = EDGE_CURVE('',#3094,#3122,#3124,.T.);
#3122 = VERTEX_POINT('',#3123);
#3123 = CARTESIAN_POINT('',(0.,115.7,3.5));
#3124 = SURFACE_CURVE('',#3125,(#3129,#3136),.PCURVE_S1.);
#3125 = LINE('',#3126,#3127);
#3126 = CARTESIAN_POINT('',(0.,115.7,0.));
#3127 = VECTOR('',#3128,1.);
#3128 = DIRECTION('',(0.,0.,1.));
#3129 = PCURVE('',#3069,#3130);
#3130 = DEFINITIONAL_REPRESENTATION('',(#3131),#3135);
#3131 = LINE('',#3132,#3133);
#3132 = CARTESIAN_POINT('',(0.,-115.7));
#3133 = VECTOR('',#3134,1.);
#3134 = DIRECTION('',(1.,0.));
#3135 = ( GEOMETRIC_REPRESENTATION_CONTEXT(2) 
PARAMETRIC_REPRESENTATION_CONTEXT() REPRESENTATION_CONTEXT('2D SPACE',''
  ) );
#3136 = PCURVE('',#3137,#3142);
#3137 = PLANE('',#3138);
#3138 = AXIS2_PLACEMENT_3D('',#3139,#3140,#3141);
#3139 = CARTESIAN_POINT('',(0.,115.7,0.));
#3140 = DIRECTION('',(-0.,1.,0.));
#3141 = DIRECTION('',(0.,0.,1.));
#3142 = DEFINITIONAL_REPRESENTATION('',(#3143),#3147);
#3143 = LINE('',#3144,#3145);
#3144 = CARTESIAN_POINT('',(0.,0.));
#3145 = VECTOR('',#3146,1.);
#3146 = DIRECTION('',(1.,0.));
#3147 = ( GEOMETRIC_REPRESENTATION_CONTEXT(2) 
PARAMETRIC_REPRESENTATION_CONTEXT() REPRESENTATION_CONTEXT('2D SPACE',''
  ) );
#3148 = ORIENTED_EDGE('',*,*,#3149,.F.);
#3149 = EDGE_CURVE('',#3061,#3122,#3150,.T.);
#3150 = SURFACE_CURVE('',#3151,(#3155,#3162),.PCURVE_S1.);
#3151 = LINE('',#3152,#3153);
#3152 = CARTESIAN_POINT('',(0.,0.,3.5));
#3153 = VECTOR('',#3154,1.);
#3154 = DIRECTION('',(-0.,1.,0.));
#3155 = PCURVE('',#3069,#3156);
#3156 = DEFINITIONAL_REPRESENTATION('',(#3157),#3161);
#3157 = LINE('',#3158,#3159);
#3158 = CARTESIAN_POINT('',(3.5,0.));
#3159 = VECTOR('',#3160,1.);
#3160 = DIRECTION('',(0.,-1.));
#3161 = ( GEOMETRIC_REPRESENTATION_CONTEXT(2) 
PARAMETRIC_REPRESENTATION_CONTEXT() REPRESENTATION_CONTEXT('2D SPACE',''
  ) );
#3162 = PCURVE('',#3163,#3168);
#3163 = PLANE('',#3164);
#3164 = AXIS2_PLACEMENT_3D('',#3165,#3166,#3167);
#3165 = CARTESIAN_POINT('',(0.,0.,3.5));
#3166 = DIRECTION('',(0.,0.,1.));
#3167 = DIRECTION('',(1.,0.,-0.));
#3168 = DEFINITIONAL_REPRESENTATION('',(#3169),#3173);
#3169 = LINE('',#3170,#3171);
#3170 = CARTESIAN_POINT('',(0.,0.));
#3171 = VECTOR('',#3172,1.);
#3172 = DIRECTION('',(0.,1.));
#3173 = ( GEOMETRIC_REPRESENTATION_CONTEXT(2) 
PARAMETRIC_REPRESENTATION_CONTEXT() REPRESENTATION_CONTEXT('2D SPACE',''
  ) );
#3174 = ADVANCED_FACE('',(#3175),#3189,.T.);
#3175 = FACE_BOUND('',#3176,.T.);
#3176 = EDGE_LOOP('',(#3177,#3207,#3230,#3253));
#3177 = ORIENTED_EDGE('',*,*,#3178,.F.);
#3178 = EDGE_CURVE('',#3179,#3181,#3183,.T.);
#3179 = VERTEX_POINT('',#3180);
#3180 = CARTESIAN_POINT('',(279.7,0.,0.));
#3181 = VERTEX_POINT('',#3182);
#3182 = CARTESIAN_POINT('',(279.7,0.,3.5));
#3183 = SURFACE_CURVE('',#3184,(#3188,#3200),.PCURVE_S1.);
#3184 = LINE('',#3185,#3186);
#3185 = CARTESIAN_POINT('',(279.7,0.,0.));
#3186 = VECTOR('',#3187,1.);
#3187 = DIRECTION('',(0.,0.,1.));
#3188 = PCURVE('',#3189,#3194);
#3189 = PLANE('',#3190);
#3190 = AXIS2_PLACEMENT_3D('',#3191,#3192,#3193);
#3191 = CARTESIAN_POINT('',(279.7,0.,0.));
#3192 = DIRECTION('',(1.,0.,-0.));
#3193 = DIRECTION('',(0.,0.,1.));
#3194 = DEFINITIONAL_REPRESENTATION('',(#3195),#3199);
#3195 = LINE('',#3196,#3197);
#3196 = CARTESIAN_POINT('',(0.,0.));
#3197 = VECTOR('',#3198,1.);
#3198 = DIRECTION('',(1.,0.));
#3199 = ( GEOMETRIC_REPRESENTATION_CONTEXT(2) 
PARAMETRIC_REPRESENTATION_CONTEXT() REPRESENTATION_CONTEXT('2D SPACE',''
  ) );
#3200 = PCURVE('',#3081,#3201);
#3201 = DEFINITIONAL_REPRESENTATION('',(#3202),#3206);
#3202 = LINE('',#3203,#3204);
#3203 = CARTESIAN_POINT('',(0.,279.7));
#3204 = VECTOR('',#3205,1.);
#3205 = DIRECTION('',(1.,0.));
#3206 = ( GEOMETRIC_REPRESENTATION_CONTEXT(2) 
PARAMETRIC_REPRESENTATION_CONTEXT() REPRESENTATION_CONTEXT('2D SPACE',''
  ) );
#3207 = ORIENTED_EDGE('',*,*,#3208,.T.);
#3208 = EDGE_CURVE('',#3179,#3209,#3211,.T.);
#3209 = VERTEX_POINT('',#3210);
#3210 = CARTESIAN_POINT('',(279.7,115.7,0.));
#3211 = SURFACE_CURVE('',#3212,(#3216,#3223),.PCURVE_S1.);
#3212 = LINE('',#3213,#3214);
#3213 = CARTESIAN_POINT('',(279.7,0.,0.));
#3214 = VECTOR('',#3215,1.);
#3215 = DIRECTION('',(-0.,1.,0.));
#3216 = PCURVE('',#3189,#3217);
#3217 = DEFINITIONAL_REPRESENTATION('',(#3218),#3222);
#3218 = LINE('',#3219,#3220);
#3219 = CARTESIAN_POINT('',(0.,0.));
#3220 = VECTOR('',#3221,1.);
#3221 = DIRECTION('',(0.,-1.));
#3222 = ( GEOMETRIC_REPRESENTATION_CONTEXT(2) 
PARAMETRIC_REPRESENTATION_CONTEXT() REPRESENTATION_CONTEXT('2D SPACE',''
  ) );
#3223 = PCURVE('',#3109,#3224);
#3224 = DEFINITIONAL_REPRESENTATION('',(#3225),#3229);
#3225 = LINE('',#3226,#3227);
#3226 = CARTESIAN_POINT('',(279.7,0.));
#3227 = VECTOR('',#3228,1.);
#3228 = DIRECTION('',(0.,1.));
#3229 = ( GEOMETRIC_REPRESENTATION_CONTEXT(2) 
PARAMETRIC_REPRESENTATION_CONTEXT() REPRESENTATION_CONTEXT('2D SPACE',''
  ) );
#3230 = ORIENTED_EDGE('',*,*,#3231,.T.);
#3231 = EDGE_CURVE('',#3209,#3232,#3234,.T.);
#3232 = VERTEX_POINT('',#3233);
#3233 = CARTESIAN_POINT('',(279.7,115.7,3.5));
#3234 = SURFACE_CURVE('',#3235,(#3239,#3246),.PCURVE_S1.);
#3235 = LINE('',#3236,#3237);
#3236 = CARTESIAN_POINT('',(279.7,115.7,0.));
#3237 = VECTOR('',#3238,1.);
#3238 = DIRECTION('',(0.,0.,1.));
#3239 = PCURVE('',#3189,#3240);
#3240 = DEFINITIONAL_REPRESENTATION('',(#3241),#3245);
#3241 = LINE('',#3242,#3243);
#3242 = CARTESIAN_POINT('',(0.,-115.7));
#3243 = VECTOR('',#3244,1.);
#3244 = DIRECTION('',(1.,0.));
#3245 = ( GEOMETRIC_REPRESENTATION_CONTEXT(2) 
PARAMETRIC_REPRESENTATION_CONTEXT() REPRESENTATION_CONTEXT('2D SPACE',''
  ) );
#3246 = PCURVE('',#3137,#3247);
#3247 = DEFINITIONAL_REPRESENTATION('',(#3248),#3252);
#3248 = LINE('',#3249,#3250);
#3249 = CARTESIAN_POINT('',(0.,279.7));
#3250 = VECTOR('',#3251,1.);
#3251 = DIRECTION('',(1.,0.));
#3252 = ( GEOMETRIC_REPRESENTATION_CONTEXT(2) 
PARAMETRIC_REPRESENTATION_CONTEXT() REPRESENTATION_CONTEXT('2D SPACE',''
  ) );
#3253 = ORIENTED_EDGE('',*,*,#3254,.F.);
#3254 = EDGE_CURVE('',#3181,#3232,#3255,.T.);
#3255 = SURFACE_CURVE('',#3256,(#3260,#3267),.PCURVE_S1.);
#3256 = LINE('',#3257,#3258);
#3257 = CARTESIAN_POINT('',(279.7,0.,3.5));
#3258 = VECTOR('',#3259,1.);
#3259 = DIRECTION('',(-0.,1.,0.));
#3260 = PCURVE('',#3189,#3261);
#3261 = DEFINITIONAL_REPRESENTATION('',(#3262),#3266);
#3262 = LINE('',#3263,#3264);
#3263 = CARTESIAN_POINT('',(3.5,0.));
#3264 = VECTOR('',#3265,1.);
#3265 = DIRECTION('',(0.,-1.));
#3266 = ( GEOMETRIC_REPRESENTATION_CONTEXT(2) 
PARAMETRIC_REPRESENTATION_CONTEXT() REPRESENTATION_CONTEXT('2D SPACE',''
  ) );
#3267 = PCURVE('',#3163,#3268);
#3268 = DEFINITIONAL_REPRESENTATION('',(#3269),#3273);
#3269 = LINE('',#3270,#3271);
#3270 = CARTESIAN_POINT('',(279.7,0.));
#3271 = VECTOR('',#3272,1.);
#3272 = DIRECTION('',(0.,1.));
#3273 = ( GEOMETRIC_REPRESENTATION_CONTEXT(2) 
PARAMETRIC_REPRESENTATION_CONTEXT() REPRESENTATION_CONTEXT('2D SPACE',''
  ) );
#3274 = ADVANCED_FACE('',(#3275),#3081,.F.);
#3275 = FACE_BOUND('',#3276,.F.);
#3276 = EDGE_LOOP('',(#3277,#3298,#3299,#3320));
#3277 = ORIENTED_EDGE('',*,*,#3278,.F.);
#3278 = EDGE_CURVE('',#3059,#3179,#3279,.T.);
#3279 = SURFACE_CURVE('',#3280,(#3284,#3291),.PCURVE_S1.);
#3280 = LINE('',#3281,#3282);
#3281 = CARTESIAN_POINT('',(0.,0.,0.));
#3282 = VECTOR('',#3283,1.);
#3283 = DIRECTION('',(1.,0.,-0.));
#3284 = PCURVE('',#3081,#3285);
#3285 = DEFINITIONAL_REPRESENTATION('',(#3286),#3290);
#3286 = LINE('',#3287,#3288);
#3287 = CARTESIAN_POINT('',(0.,0.));
#3288 = VECTOR('',#3289,1.);
#3289 = DIRECTION('',(0.,1.));
#3290 = ( GEOMETRIC_REPRESENTATION_CONTEXT(2) 
PARAMETRIC_REPRESENTATION_CONTEXT() REPRESENTATION_CONTEXT('2D SPACE',''
  ) );
#3291 = PCURVE('',#3109,#3292);
#3292 = DEFINITIONAL_REPRESENTATION('',(#3293),#3297);
#3293 = LINE('',#3294,#3295);
#3294 = CARTESIAN_POINT('',(0.,0.));
#3295 = VECTOR('',#3296,1.);
#3296 = DIRECTION('',(1.,0.));
#3297 = ( GEOMETRIC_REPRESENTATION_CONTEXT(2) 
PARAMETRIC_REPRESENTATION_CONTEXT() REPRESENTATION_CONTEXT('2D SPACE',''
  ) );
#3298 = ORIENTED_EDGE('',*,*,#3058,.T.);
#3299 = ORIENTED_EDGE('',*,*,#3300,.T.);
#3300 = EDGE_CURVE('',#3061,#3181,#3301,.T.);
#3301 = SURFACE_CURVE('',#3302,(#3306,#3313),.PCURVE_S1.);
#3302 = LINE('',#3303,#3304);
#3303 = CARTESIAN_POINT('',(0.,0.,3.5));
#3304 = VECTOR('',#3305,1.);
#3305 = DIRECTION('',(1.,0.,-0.));
#3306 = PCURVE('',#3081,#3307);
#3307 = DEFINITIONAL_REPRESENTATION('',(#3308),#3312);
#3308 = LINE('',#3309,#3310);
#3309 = CARTESIAN_POINT('',(3.5,0.));
#3310 = VECTOR('',#3311,1.);
#3311 = DIRECTION('',(0.,1.));
#3312 = ( GEOMETRIC_REPRESENTATION_CONTEXT(2) 
PARAMETRIC_REPRESENTATION_CONTEXT() REPRESENTATION_CONTEXT('2D SPACE',''
  ) );
#3313 = PCURVE('',#3163,#3314);
#3314 = DEFINITIONAL_REPRESENTATION('',(#3315),#3319);
#3315 = LINE('',#3316,#3317);
#3316 = CARTESIAN_POINT('',(0.,0.));
#3317 = VECTOR('',#3318,1.);
#3318 = DIRECTION('',(1.,0.));
#3319 = ( GEOMETRIC_REPRESENTATION_CONTEXT(2) 
PARAMETRIC_REPRESENTATION_CONTEXT() REPRESENTATION_CONTEXT('2D SPACE',''
  ) );
#3320 = ORIENTED_EDGE('',*,*,#3178,.F.);
#3321 = ADVANCED_FACE('',(#3322),#3137,.T.);
#3322 = FACE_BOUND('',#3323,.T.);
#3323 = EDGE_LOOP('',(#3324,#3345,#3346,#3367));
#3324 = ORIENTED_EDGE('',*,*,#3325,.F.);
#3325 = EDGE_CURVE('',#3094,#3209,#3326,.T.);
#3326 = SURFACE_CURVE('',#3327,(#3331,#3338),.PCURVE_S1.);
#3327 = LINE('',#3328,#3329);
#3328 = CARTESIAN_POINT('',(0.,115.7,0.));
#3329 = VECTOR('',#3330,1.);
#3330 = DIRECTION('',(1.,0.,-0.));
#3331 = PCURVE('',#3137,#3332);
#3332 = DEFINITIONAL_REPRESENTATION('',(#3333),#3337);
#3333 = LINE('',#3334,#3335);
#3334 = CARTESIAN_POINT('',(0.,0.));
#3335 = VECTOR('',#3336,1.);
#3336 = DIRECTION('',(0.,1.));
#3337 = ( GEOMETRIC_REPRESENTATION_CONTEXT(2) 
PARAMETRIC_REPRESENTATION_CONTEXT() REPRESENTATION_CONTEXT('2D SPACE',''
  ) );
#3338 = PCURVE('',#3109,#3339);
#3339 = DEFINITIONAL_REPRESENTATION('',(#3340),#3344);
#3340 = LINE('',#3341,#3342);
#3341 = CARTESIAN_POINT('',(0.,115.7));
#3342 = VECTOR('',#3343,1.);
#3343 = DIRECTION('',(1.,0.));
#3344 = ( GEOMETRIC_REPRESENTATION_CONTEXT(2) 
PARAMETRIC_REPRESENTATION_CONTEXT() REPRESENTATION_CONTEXT('2D SPACE',''
  ) );
#3345 = ORIENTED_EDGE('',*,*,#3121,.T.);
#3346 = ORIENTED_EDGE('',*,*,#3347,.T.);
#3347 = EDGE_CURVE('',#3122,#3232,#3348,.T.);
#3348 = SURFACE_CURVE('',#3349,(#3353,#3360),.PCURVE_S1.);
#3349 = LINE('',#3350,#3351);
#3350 = CARTESIAN_POINT('',(0.,115.7,3.5));
#3351 = VECTOR('',#3352,1.);
#3352 = DIRECTION('',(1.,0.,-0.));
#3353 = PCURVE('',#3137,#3354);
#3354 = DEFINITIONAL_REPRESENTATION('',(#3355),#3359);
#3355 = LINE('',#3356,#3357);
#3356 = CARTESIAN_POINT('',(3.5,0.));
#3357 = VECTOR('',#3358,1.);
#3358 = DIRECTION('',(0.,1.));
#3359 = ( GEOMETRIC_REPRESENTATION_CONTEXT(2) 
PARAMETRIC_REPRESENTATION_CONTEXT() REPRESENTATION_CONTEXT('2D SPACE',''
  ) );
#3360 = PCURVE('',#3163,#3361);
#3361 = DEFINITIONAL_REPRESENTATION('',(#3362),#3366);
#3362 = LINE('',#3363,#3364);
#3363 = CARTESIAN_POINT('',(0.,115.7));
#3364 = VECTOR('',#3365,1.);
#3365 = DIRECTION('',(1.,0.));
#3366 = ( GEOMETRIC_REPRESENTATION_CONTEXT(2) 
PARAMETRIC_REPRESENTATION_CONTEXT() REPRESENTATION_CONTEXT('2D SPACE',''
  ) );
#3367 = ORIENTED_EDGE('',*,*,#3231,.F.);
#3368 = ADVANCED_FACE('',(#3369),#3109,.F.);
#3369 = FACE_BOUND('',#3370,.F.);
#3370 = EDGE_LOOP('',(#3371,#3372,#3373,#3374));
#3371 = ORIENTED_EDGE('',*,*,#3093,.F.);
#3372 = ORIENTED_EDGE('',*,*,#3278,.T.);
#3373 = ORIENTED_EDGE('',*,*,#3208,.T.);
#3374 = ORIENTED_EDGE('',*,*,#3325,.F.);
#3375 = ADVANCED_FACE('',(#3376),#3163,.T.);
#3376 = FACE_BOUND('',#3377,.T.);
#3377 = EDGE_LOOP('',(#3378,#3379,#3380,#3381));
#3378 = ORIENTED_EDGE('',*,*,#3149,.F.);
#3379 = ORIENTED_EDGE('',*,*,#3300,.T.);
#3380 = ORIENTED_EDGE('',*,*,#3254,.T.);
#3381 = ORIENTED_EDGE('',*,*,#3347,.F.);
#3382 = ( GEOMETRIC_REPRESENTATION_CONTEXT(3) 
GLOBAL_UNCERTAINTY_ASSIGNED_CONTEXT((#3386)) 
GLOBAL_UNIT_ASSIGNED_CONTEXT((#3383,#3384,#3385)) REPRESENTATION_CONTEXT
('Context #1','3D Context with UNIT and UNCERTAINTY') );
#3383 = ( LENGTH_UNIT() NAMED_UNIT(*) SI_UNIT(.MILLI.,.METRE.) );
#3384 = ( NAMED_UNIT(*) PLANE_ANGLE_UNIT() SI_UNIT($,.RADIAN.) );
#3385 = ( NAMED_UNIT(*) SI_UNIT($,.STERADIAN.) SOLID_ANGLE_UNIT() );
#3386 = UNCERTAINTY_MEASURE_WITH_UNIT(LENGTH_MEASURE(1.E-07),#3383,
  'distance_accuracy_value','confusion accuracy');
#3387 = CONTEXT_DEPENDENT_SHAPE_REPRESENTATION(#3388,#3390);
#3388 = ( REPRESENTATION_RELATIONSHIP('','',#3051,#3028) 
REPRESENTATION_RELATIONSHIP_WITH_TRANSFORMATION(#3389) 
SHAPE_REPRESENTATION_RELATIONSHIP() );
#3389 = ITEM_DEFINED_TRANSFORMATION('','',#11,#3029);
#3390 = PRODUCT_DEFINITION_SHAPE('Placement','Placement of an item',
  #3391);
#3391 = NEXT_ASSEMBLY_USAGE_OCCURRENCE('3','=>[0:1:1:5]','',#3023,#3046,
  $);
#3392 = PRODUCT_RELATED_PRODUCT_CATEGORY('part',$,(#3048));
#3393 = SHAPE_DEFINITION_REPRESENTATION(#3394,#3400);
#3394 = PRODUCT_DEFINITION_SHAPE('','',#3395);
#3395 = PRODUCT_DEFINITION('design','',#3396,#3399);
#3396 = PRODUCT_DEFINITION_FORMATION('','',#3397);
#3397 = PRODUCT('trackpad_tray_continuous_right_aligned_reference',
  'trackpad_tray_continuous_right_aligned_reference','',(#3398));
#3398 = PRODUCT_CONTEXT('',#2,'mechanical');
#3399 = PRODUCT_DEFINITION_CONTEXT('part definition',#2,'design');
#3400 = SHAPE_REPRESENTATION('',(#11,#3401),#3405);
#3401 = AXIS2_PLACEMENT_3D('',#3402,#3403,#3404);
#3402 = CARTESIAN_POINT('',(-139.85,-57.85,0.));
#3403 = DIRECTION('',(0.,0.,1.));
#3404 = DIRECTION('',(1.,0.,-0.));
#3405 = ( GEOMETRIC_REPRESENTATION_CONTEXT(3) 
GLOBAL_UNCERTAINTY_ASSIGNED_CONTEXT((#3409)) 
GLOBAL_UNIT_ASSIGNED_CONTEXT((#3406,#3407,#3408)) REPRESENTATION_CONTEXT
('Context #1','3D Context with UNIT and UNCERTAINTY') );
#3406 = ( LENGTH_UNIT() NAMED_UNIT(*) SI_UNIT(.MILLI.,.METRE.) );
#3407 = ( NAMED_UNIT(*) PLANE_ANGLE_UNIT() SI_UNIT($,.RADIAN.) );
#3408 = ( NAMED_UNIT(*) SI_UNIT($,.STERADIAN.) SOLID_ANGLE_UNIT() );
#3409 = UNCERTAINTY_MEASURE_WITH_UNIT(LENGTH_MEASURE(1.E-07),#3406,
  'distance_accuracy_value','confusion accuracy');
#3410 = CONTEXT_DEPENDENT_SHAPE_REPRESENTATION(#3411,#3413);
#3411 = ( REPRESENTATION_RELATIONSHIP('','',#3400,#10) 
REPRESENTATION_RELATIONSHIP_WITH_TRANSFORMATION(#3412) 
SHAPE_REPRESENTATION_RELATIONSHIP() );
#3412 = ITEM_DEFINED_TRANSFORMATION('','',#11,#23);
#3413 = PRODUCT_DEFINITION_SHAPE('Placement','Placement of an item',
  #3414);
#3414 = NEXT_ASSEMBLY_USAGE_OCCURRENCE('6','=>[0:1:1:6]','',#5,#3395,$);
#3415 = PRODUCT_RELATED_PRODUCT_CATEGORY('part',$,(#3397));
#3416 = SHAPE_DEFINITION_REPRESENTATION(#3417,#3423);
#3417 = PRODUCT_DEFINITION_SHAPE('','',#3418);
#3418 = PRODUCT_DEFINITION('design','',#3419,#3422);
#3419 = PRODUCT_DEFINITION_FORMATION('','',#3420);
#3420 = PRODUCT('SOLID','SOLID','',(#3421));
#3421 = PRODUCT_CONTEXT('',#2,'mechanical');
#3422 = PRODUCT_DEFINITION_CONTEXT('part definition',#2,'design');
#3423 = ADVANCED_BREP_SHAPE_REPRESENTATION('',(#11,#3424),#3754);
#3424 = MANIFOLD_SOLID_BREP('',#3425);
#3425 = CLOSED_SHELL('',(#3426,#3546,#3646,#3693,#3740,#3747));
#3426 = ADVANCED_FACE('',(#3427),#3441,.F.);
#3427 = FACE_BOUND('',#3428,.F.);
#3428 = EDGE_LOOP('',(#3429,#3464,#3492,#3520));
#3429 = ORIENTED_EDGE('',*,*,#3430,.F.);
#3430 = EDGE_CURVE('',#3431,#3433,#3435,.T.);
#3431 = VERTEX_POINT('',#3432);
#3432 = CARTESIAN_POINT('',(0.,0.,0.));
#3433 = VERTEX_POINT('',#3434);
#3434 = CARTESIAN_POINT('',(0.,0.,3.5));
#3435 = SURFACE_CURVE('',#3436,(#3440,#3452),.PCURVE_S1.);
#3436 = LINE('',#3437,#3438);
#3437 = CARTESIAN_POINT('',(0.,0.,0.));
#3438 = VECTOR('',#3439,1.);
#3439 = DIRECTION('',(0.,0.,1.));
#3440 = PCURVE('',#3441,#3446);
#3441 = PLANE('',#3442);
#3442 = AXIS2_PLACEMENT_3D('',#3443,#3444,#3445);
#3443 = CARTESIAN_POINT('',(0.,0.,0.));
#3444 = DIRECTION('',(1.,0.,-0.));
#3445 = DIRECTION('',(0.,0.,1.));
#3446 = DEFINITIONAL_REPRESENTATION('',(#3447),#3451);
#3447 = LINE('',#3448,#3449);
#3448 = CARTESIAN_POINT('',(0.,0.));
#3449 = VECTOR('',#3450,1.);
#3450 = DIRECTION('',(1.,0.));
#3451 = ( GEOMETRIC_REPRESENTATION_CONTEXT(2) 
PARAMETRIC_REPRESENTATION_CONTEXT() REPRESENTATION_CONTEXT('2D SPACE',''
  ) );
#3452 = PCURVE('',#3453,#3458);
#3453 = PLANE('',#3454);
#3454 = AXIS2_PLACEMENT_3D('',#3455,#3456,#3457);
#3455 = CARTESIAN_POINT('',(0.,0.,0.));
#3456 = DIRECTION('',(-0.,1.,0.));
#3457 = DIRECTION('',(0.,0.,1.));
#3458 = DEFINITIONAL_REPRESENTATION('',(#3459),#3463);
#3459 = LINE('',#3460,#3461);
#3460 = CARTESIAN_POINT('',(0.,0.));
#3461 = VECTOR('',#3462,1.);
#3462 = DIRECTION('',(1.,0.));
#3463 = ( GEOMETRIC_REPRESENTATION_CONTEXT(2) 
PARAMETRIC_REPRESENTATION_CONTEXT() REPRESENTATION_CONTEXT('2D SPACE',''
  ) );
#3464 = ORIENTED_EDGE('',*,*,#3465,.T.);
#3465 = EDGE_CURVE('',#3431,#3466,#3468,.T.);
#3466 = VERTEX_POINT('',#3467);
#3467 = CARTESIAN_POINT('',(0.,115.7,0.));
#3468 = SURFACE_CURVE('',#3469,(#3473,#3480),.PCURVE_S1.);
#3469 = LINE('',#3470,#3471);
#3470 = CARTESIAN_POINT('',(0.,0.,0.));
#3471 = VECTOR('',#3472,1.);
#3472 = DIRECTION('',(-0.,1.,0.));
#3473 = PCURVE('',#3441,#3474);
#3474 = DEFINITIONAL_REPRESENTATION('',(#3475),#3479);
#3475 = LINE('',#3476,#3477);
#3476 = CARTESIAN_POINT('',(0.,0.));
#3477 = VECTOR('',#3478,1.);
#3478 = DIRECTION('',(0.,-1.));
#3479 = ( GEOMETRIC_REPRESENTATION_CONTEXT(2) 
PARAMETRIC_REPRESENTATION_CONTEXT() REPRESENTATION_CONTEXT('2D SPACE',''
  ) );
#3480 = PCURVE('',#3481,#3486);
#3481 = PLANE('',#3482);
#3482 = AXIS2_PLACEMENT_3D('',#3483,#3484,#3485);
#3483 = CARTESIAN_POINT('',(0.,0.,0.));
#3484 = DIRECTION('',(0.,0.,1.));
#3485 = DIRECTION('',(1.,0.,-0.));
#3486 = DEFINITIONAL_REPRESENTATION('',(#3487),#3491);
#3487 = LINE('',#3488,#3489);
#3488 = CARTESIAN_POINT('',(0.,0.));
#3489 = VECTOR('',#3490,1.);
#3490 = DIRECTION('',(0.,1.));
#3491 = ( GEOMETRIC_REPRESENTATION_CONTEXT(2) 
PARAMETRIC_REPRESENTATION_CONTEXT() REPRESENTATION_CONTEXT('2D SPACE',''
  ) );
#3492 = ORIENTED_EDGE('',*,*,#3493,.T.);
#3493 = EDGE_CURVE('',#3466,#3494,#3496,.T.);
#3494 = VERTEX_POINT('',#3495);
#3495 = CARTESIAN_POINT('',(0.,115.7,3.5));
#3496 = SURFACE_CURVE('',#3497,(#3501,#3508),.PCURVE_S1.);
#3497 = LINE('',#3498,#3499);
#3498 = CARTESIAN_POINT('',(0.,115.7,0.));
#3499 = VECTOR('',#3500,1.);
#3500 = DIRECTION('',(0.,0.,1.));
#3501 = PCURVE('',#3441,#3502);
#3502 = DEFINITIONAL_REPRESENTATION('',(#3503),#3507);
#3503 = LINE('',#3504,#3505);
#3504 = CARTESIAN_POINT('',(0.,-115.7));
#3505 = VECTOR('',#3506,1.);
#3506 = DIRECTION('',(1.,0.));
#3507 = ( GEOMETRIC_REPRESENTATION_CONTEXT(2) 
PARAMETRIC_REPRESENTATION_CONTEXT() REPRESENTATION_CONTEXT('2D SPACE',''
  ) );
#3508 = PCURVE('',#3509,#3514);
#3509 = PLANE('',#3510);
#3510 = AXIS2_PLACEMENT_3D('',#3511,#3512,#3513);
#3511 = CARTESIAN_POINT('',(0.,115.7,0.));
#3512 = DIRECTION('',(-0.,1.,0.));
#3513 = DIRECTION('',(0.,0.,1.));
#3514 = DEFINITIONAL_REPRESENTATION('',(#3515),#3519);
#3515 = LINE('',#3516,#3517);
#3516 = CARTESIAN_POINT('',(0.,0.));
#3517 = VECTOR('',#3518,1.);
#3518 = DIRECTION('',(1.,0.));
#3519 = ( GEOMETRIC_REPRESENTATION_CONTEXT(2) 
PARAMETRIC_REPRESENTATION_CONTEXT() REPRESENTATION_CONTEXT('2D SPACE',''
  ) );
#3520 = ORIENTED_EDGE('',*,*,#3521,.F.);
#3521 = EDGE_CURVE('',#3433,#3494,#3522,.T.);
#3522 = SURFACE_CURVE('',#3523,(#3527,#3534),.PCURVE_S1.);
#3523 = LINE('',#3524,#3525);
#3524 = CARTESIAN_POINT('',(0.,0.,3.5));
#3525 = VECTOR('',#3526,1.);
#3526 = DIRECTION('',(-0.,1.,0.));
#3527 = PCURVE('',#3441,#3528);
#3528 = DEFINITIONAL_REPRESENTATION('',(#3529),#3533);
#3529 = LINE('',#3530,#3531);
#3530 = CARTESIAN_POINT('',(3.5,0.));
#3531 = VECTOR('',#3532,1.);
#3532 = DIRECTION('',(0.,-1.));
#3533 = ( GEOMETRIC_REPRESENTATION_CONTEXT(2) 
PARAMETRIC_REPRESENTATION_CONTEXT() REPRESENTATION_CONTEXT('2D SPACE',''
  ) );
#3534 = PCURVE('',#3535,#3540);
#3535 = PLANE('',#3536);
#3536 = AXIS2_PLACEMENT_3D('',#3537,#3538,#3539);
#3537 = CARTESIAN_POINT('',(0.,0.,3.5));
#3538 = DIRECTION('',(0.,0.,1.));
#3539 = DIRECTION('',(1.,0.,-0.));
#3540 = DEFINITIONAL_REPRESENTATION('',(#3541),#3545);
#3541 = LINE('',#3542,#3543);
#3542 = CARTESIAN_POINT('',(0.,0.));
#3543 = VECTOR('',#3544,1.);
#3544 = DIRECTION('',(0.,1.));
#3545 = ( GEOMETRIC_REPRESENTATION_CONTEXT(2) 
PARAMETRIC_REPRESENTATION_CONTEXT() REPRESENTATION_CONTEXT('2D SPACE',''
  ) );
#3546 = ADVANCED_FACE('',(#3547),#3561,.T.);
#3547 = FACE_BOUND('',#3548,.T.);
#3548 = EDGE_LOOP('',(#3549,#3579,#3602,#3625));
#3549 = ORIENTED_EDGE('',*,*,#3550,.F.);
#3550 = EDGE_CURVE('',#3551,#3553,#3555,.T.);
#3551 = VERTEX_POINT('',#3552);
#3552 = CARTESIAN_POINT('',(279.7,0.,0.));
#3553 = VERTEX_POINT('',#3554);
#3554 = CARTESIAN_POINT('',(279.7,0.,3.5));
#3555 = SURFACE_CURVE('',#3556,(#3560,#3572),.PCURVE_S1.);
#3556 = LINE('',#3557,#3558);
#3557 = CARTESIAN_POINT('',(279.7,0.,0.));
#3558 = VECTOR('',#3559,1.);
#3559 = DIRECTION('',(0.,0.,1.));
#3560 = PCURVE('',#3561,#3566);
#3561 = PLANE('',#3562);
#3562 = AXIS2_PLACEMENT_3D('',#3563,#3564,#3565);
#3563 = CARTESIAN_POINT('',(279.7,0.,0.));
#3564 = DIRECTION('',(1.,0.,-0.));
#3565 = DIRECTION('',(0.,0.,1.));
#3566 = DEFINITIONAL_REPRESENTATION('',(#3567),#3571);
#3567 = LINE('',#3568,#3569);
#3568 = CARTESIAN_POINT('',(0.,0.));
#3569 = VECTOR('',#3570,1.);
#3570 = DIRECTION('',(1.,0.));
#3571 = ( GEOMETRIC_REPRESENTATION_CONTEXT(2) 
PARAMETRIC_REPRESENTATION_CONTEXT() REPRESENTATION_CONTEXT('2D SPACE',''
  ) );
#3572 = PCURVE('',#3453,#3573);
#3573 = DEFINITIONAL_REPRESENTATION('',(#3574),#3578);
#3574 = LINE('',#3575,#3576);
#3575 = CARTESIAN_POINT('',(0.,279.7));
#3576 = VECTOR('',#3577,1.);
#3577 = DIRECTION('',(1.,0.));
#3578 = ( GEOMETRIC_REPRESENTATION_CONTEXT(2) 
PARAMETRIC_REPRESENTATION_CONTEXT() REPRESENTATION_CONTEXT('2D SPACE',''
  ) );
#3579 = ORIENTED_EDGE('',*,*,#3580,.T.);
#3580 = EDGE_CURVE('',#3551,#3581,#3583,.T.);
#3581 = VERTEX_POINT('',#3582);
#3582 = CARTESIAN_POINT('',(279.7,115.7,0.));
#3583 = SURFACE_CURVE('',#3584,(#3588,#3595),.PCURVE_S1.);
#3584 = LINE('',#3585,#3586);
#3585 = CARTESIAN_POINT('',(279.7,0.,0.));
#3586 = VECTOR('',#3587,1.);
#3587 = DIRECTION('',(-0.,1.,0.));
#3588 = PCURVE('',#3561,#3589);
#3589 = DEFINITIONAL_REPRESENTATION('',(#3590),#3594);
#3590 = LINE('',#3591,#3592);
#3591 = CARTESIAN_POINT('',(0.,0.));
#3592 = VECTOR('',#3593,1.);
#3593 = DIRECTION('',(0.,-1.));
#3594 = ( GEOMETRIC_REPRESENTATION_CONTEXT(2) 
PARAMETRIC_REPRESENTATION_CONTEXT() REPRESENTATION_CONTEXT('2D SPACE',''
  ) );
#3595 = PCURVE('',#3481,#3596);
#3596 = DEFINITIONAL_REPRESENTATION('',(#3597),#3601);
#3597 = LINE('',#3598,#3599);
#3598 = CARTESIAN_POINT('',(279.7,0.));
#3599 = VECTOR('',#3600,1.);
#3600 = DIRECTION('',(0.,1.));
#3601 = ( GEOMETRIC_REPRESENTATION_CONTEXT(2) 
PARAMETRIC_REPRESENTATION_CONTEXT() REPRESENTATION_CONTEXT('2D SPACE',''
  ) );
#3602 = ORIENTED_EDGE('',*,*,#3603,.T.);
#3603 = EDGE_CURVE('',#3581,#3604,#3606,.T.);
#3604 = VERTEX_POINT('',#3605);
#3605 = CARTESIAN_POINT('',(279.7,115.7,3.5));
#3606 = SURFACE_CURVE('',#3607,(#3611,#3618),.PCURVE_S1.);
#3607 = LINE('',#3608,#3609);
#3608 = CARTESIAN_POINT('',(279.7,115.7,0.));
#3609 = VECTOR('',#3610,1.);
#3610 = DIRECTION('',(0.,0.,1.));
#3611 = PCURVE('',#3561,#3612);
#3612 = DEFINITIONAL_REPRESENTATION('',(#3613),#3617);
#3613 = LINE('',#3614,#3615);
#3614 = CARTESIAN_POINT('',(0.,-115.7));
#3615 = VECTOR('',#3616,1.);
#3616 = DIRECTION('',(1.,0.));
#3617 = ( GEOMETRIC_REPRESENTATION_CONTEXT(2) 
PARAMETRIC_REPRESENTATION_CONTEXT() REPRESENTATION_CONTEXT('2D SPACE',''
  ) );
#3618 = PCURVE('',#3509,#3619);
#3619 = DEFINITIONAL_REPRESENTATION('',(#3620),#3624);
#3620 = LINE('',#3621,#3622);
#3621 = CARTESIAN_POINT('',(0.,279.7));
#3622 = VECTOR('',#3623,1.);
#3623 = DIRECTION('',(1.,0.));
#3624 = ( GEOMETRIC_REPRESENTATION_CONTEXT(2) 
PARAMETRIC_REPRESENTATION_CONTEXT() REPRESENTATION_CONTEXT('2D SPACE',''
  ) );
#3625 = ORIENTED_EDGE('',*,*,#3626,.F.);
#3626 = EDGE_CURVE('',#3553,#3604,#3627,.T.);
#3627 = SURFACE_CURVE('',#3628,(#3632,#3639),.PCURVE_S1.);
#3628 = LINE('',#3629,#3630);
#3629 = CARTESIAN_POINT('',(279.7,0.,3.5));
#3630 = VECTOR('',#3631,1.);
#3631 = DIRECTION('',(-0.,1.,0.));
#3632 = PCURVE('',#3561,#3633);
#3633 = DEFINITIONAL_REPRESENTATION('',(#3634),#3638);
#3634 = LINE('',#3635,#3636);
#3635 = CARTESIAN_POINT('',(3.5,0.));
#3636 = VECTOR('',#3637,1.);
#3637 = DIRECTION('',(0.,-1.));
#3638 = ( GEOMETRIC_REPRESENTATION_CONTEXT(2) 
PARAMETRIC_REPRESENTATION_CONTEXT() REPRESENTATION_CONTEXT('2D SPACE',''
  ) );
#3639 = PCURVE('',#3535,#3640);
#3640 = DEFINITIONAL_REPRESENTATION('',(#3641),#3645);
#3641 = LINE('',#3642,#3643);
#3642 = CARTESIAN_POINT('',(279.7,0.));
#3643 = VECTOR('',#3644,1.);
#3644 = DIRECTION('',(0.,1.));
#3645 = ( GEOMETRIC_REPRESENTATION_CONTEXT(2) 
PARAMETRIC_REPRESENTATION_CONTEXT() REPRESENTATION_CONTEXT('2D SPACE',''
  ) );
#3646 = ADVANCED_FACE('',(#3647),#3453,.F.);
#3647 = FACE_BOUND('',#3648,.F.);
#3648 = EDGE_LOOP('',(#3649,#3670,#3671,#3692));
#3649 = ORIENTED_EDGE('',*,*,#3650,.F.);
#3650 = EDGE_CURVE('',#3431,#3551,#3651,.T.);
#3651 = SURFACE_CURVE('',#3652,(#3656,#3663),.PCURVE_S1.);
#3652 = LINE('',#3653,#3654);
#3653 = CARTESIAN_POINT('',(0.,0.,0.));
#3654 = VECTOR('',#3655,1.);
#3655 = DIRECTION('',(1.,0.,-0.));
#3656 = PCURVE('',#3453,#3657);
#3657 = DEFINITIONAL_REPRESENTATION('',(#3658),#3662);
#3658 = LINE('',#3659,#3660);
#3659 = CARTESIAN_POINT('',(0.,0.));
#3660 = VECTOR('',#3661,1.);
#3661 = DIRECTION('',(0.,1.));
#3662 = ( GEOMETRIC_REPRESENTATION_CONTEXT(2) 
PARAMETRIC_REPRESENTATION_CONTEXT() REPRESENTATION_CONTEXT('2D SPACE',''
  ) );
#3663 = PCURVE('',#3481,#3664);
#3664 = DEFINITIONAL_REPRESENTATION('',(#3665),#3669);
#3665 = LINE('',#3666,#3667);
#3666 = CARTESIAN_POINT('',(0.,0.));
#3667 = VECTOR('',#3668,1.);
#3668 = DIRECTION('',(1.,0.));
#3669 = ( GEOMETRIC_REPRESENTATION_CONTEXT(2) 
PARAMETRIC_REPRESENTATION_CONTEXT() REPRESENTATION_CONTEXT('2D SPACE',''
  ) );
#3670 = ORIENTED_EDGE('',*,*,#3430,.T.);
#3671 = ORIENTED_EDGE('',*,*,#3672,.T.);
#3672 = EDGE_CURVE('',#3433,#3553,#3673,.T.);
#3673 = SURFACE_CURVE('',#3674,(#3678,#3685),.PCURVE_S1.);
#3674 = LINE('',#3675,#3676);
#3675 = CARTESIAN_POINT('',(0.,0.,3.5));
#3676 = VECTOR('',#3677,1.);
#3677 = DIRECTION('',(1.,0.,-0.));
#3678 = PCURVE('',#3453,#3679);
#3679 = DEFINITIONAL_REPRESENTATION('',(#3680),#3684);
#3680 = LINE('',#3681,#3682);
#3681 = CARTESIAN_POINT('',(3.5,0.));
#3682 = VECTOR('',#3683,1.);
#3683 = DIRECTION('',(0.,1.));
#3684 = ( GEOMETRIC_REPRESENTATION_CONTEXT(2) 
PARAMETRIC_REPRESENTATION_CONTEXT() REPRESENTATION_CONTEXT('2D SPACE',''
  ) );
#3685 = PCURVE('',#3535,#3686);
#3686 = DEFINITIONAL_REPRESENTATION('',(#3687),#3691);
#3687 = LINE('',#3688,#3689);
#3688 = CARTESIAN_POINT('',(0.,0.));
#3689 = VECTOR('',#3690,1.);
#3690 = DIRECTION('',(1.,0.));
#3691 = ( GEOMETRIC_REPRESENTATION_CONTEXT(2) 
PARAMETRIC_REPRESENTATION_CONTEXT() REPRESENTATION_CONTEXT('2D SPACE',''
  ) );
#3692 = ORIENTED_EDGE('',*,*,#3550,.F.);
#3693 = ADVANCED_FACE('',(#3694),#3509,.T.);
#3694 = FACE_BOUND('',#3695,.T.);
#3695 = EDGE_LOOP('',(#3696,#3717,#3718,#3739));
#3696 = ORIENTED_EDGE('',*,*,#3697,.F.);
#3697 = EDGE_CURVE('',#3466,#3581,#3698,.T.);
#3698 = SURFACE_CURVE('',#3699,(#3703,#3710),.PCURVE_S1.);
#3699 = LINE('',#3700,#3701);
#3700 = CARTESIAN_POINT('',(0.,115.7,0.));
#3701 = VECTOR('',#3702,1.);
#3702 = DIRECTION('',(1.,0.,-0.));
#3703 = PCURVE('',#3509,#3704);
#3704 = DEFINITIONAL_REPRESENTATION('',(#3705),#3709);
#3705 = LINE('',#3706,#3707);
#3706 = CARTESIAN_POINT('',(0.,0.));
#3707 = VECTOR('',#3708,1.);
#3708 = DIRECTION('',(0.,1.));
#3709 = ( GEOMETRIC_REPRESENTATION_CONTEXT(2) 
PARAMETRIC_REPRESENTATION_CONTEXT() REPRESENTATION_CONTEXT('2D SPACE',''
  ) );
#3710 = PCURVE('',#3481,#3711);
#3711 = DEFINITIONAL_REPRESENTATION('',(#3712),#3716);
#3712 = LINE('',#3713,#3714);
#3713 = CARTESIAN_POINT('',(0.,115.7));
#3714 = VECTOR('',#3715,1.);
#3715 = DIRECTION('',(1.,0.));
#3716 = ( GEOMETRIC_REPRESENTATION_CONTEXT(2) 
PARAMETRIC_REPRESENTATION_CONTEXT() REPRESENTATION_CONTEXT('2D SPACE',''
  ) );
#3717 = ORIENTED_EDGE('',*,*,#3493,.T.);
#3718 = ORIENTED_EDGE('',*,*,#3719,.T.);
#3719 = EDGE_CURVE('',#3494,#3604,#3720,.T.);
#3720 = SURFACE_CURVE('',#3721,(#3725,#3732),.PCURVE_S1.);
#3721 = LINE('',#3722,#3723);
#3722 = CARTESIAN_POINT('',(0.,115.7,3.5));
#3723 = VECTOR('',#3724,1.);
#3724 = DIRECTION('',(1.,0.,-0.));
#3725 = PCURVE('',#3509,#3726);
#3726 = DEFINITIONAL_REPRESENTATION('',(#3727),#3731);
#3727 = LINE('',#3728,#3729);
#3728 = CARTESIAN_POINT('',(3.5,0.));
#3729 = VECTOR('',#3730,1.);
#3730 = DIRECTION('',(0.,1.));
#3731 = ( GEOMETRIC_REPRESENTATION_CONTEXT(2) 
PARAMETRIC_REPRESENTATION_CONTEXT() REPRESENTATION_CONTEXT('2D SPACE',''
  ) );
#3732 = PCURVE('',#3535,#3733);
#3733 = DEFINITIONAL_REPRESENTATION('',(#3734),#3738);
#3734 = LINE('',#3735,#3736);
#3735 = CARTESIAN_POINT('',(0.,115.7));
#3736 = VECTOR('',#3737,1.);
#3737 = DIRECTION('',(1.,0.));
#3738 = ( GEOMETRIC_REPRESENTATION_CONTEXT(2) 
PARAMETRIC_REPRESENTATION_CONTEXT() REPRESENTATION_CONTEXT('2D SPACE',''
  ) );
#3739 = ORIENTED_EDGE('',*,*,#3603,.F.);
#3740 = ADVANCED_FACE('',(#3741),#3481,.F.);
#3741 = FACE_BOUND('',#3742,.F.);
#3742 = EDGE_LOOP('',(#3743,#3744,#3745,#3746));
#3743 = ORIENTED_EDGE('',*,*,#3465,.F.);
#3744 = ORIENTED_EDGE('',*,*,#3650,.T.);
#3745 = ORIENTED_EDGE('',*,*,#3580,.T.);
#3746 = ORIENTED_EDGE('',*,*,#3697,.F.);
#3747 = ADVANCED_FACE('',(#3748),#3535,.T.);
#3748 = FACE_BOUND('',#3749,.T.);
#3749 = EDGE_LOOP('',(#3750,#3751,#3752,#3753));
#3750 = ORIENTED_EDGE('',*,*,#3521,.F.);
#3751 = ORIENTED_EDGE('',*,*,#3672,.T.);
#3752 = ORIENTED_EDGE('',*,*,#3626,.T.);
#3753 = ORIENTED_EDGE('',*,*,#3719,.F.);
#3754 = ( GEOMETRIC_REPRESENTATION_CONTEXT(3) 
GLOBAL_UNCERTAINTY_ASSIGNED_CONTEXT((#3758)) 
GLOBAL_UNIT_ASSIGNED_CONTEXT((#3755,#3756,#3757)) REPRESENTATION_CONTEXT
('Context #1','3D Context with UNIT and UNCERTAINTY') );
#3755 = ( LENGTH_UNIT() NAMED_UNIT(*) SI_UNIT(.MILLI.,.METRE.) );
#3756 = ( NAMED_UNIT(*) PLANE_ANGLE_UNIT() SI_UNIT($,.RADIAN.) );
#3757 = ( NAMED_UNIT(*) SI_UNIT($,.STERADIAN.) SOLID_ANGLE_UNIT() );
#3758 = UNCERTAINTY_MEASURE_WITH_UNIT(LENGTH_MEASURE(1.E-07),#3755,
  'distance_accuracy_value','confusion accuracy');
#3759 = CONTEXT_DEPENDENT_SHAPE_REPRESENTATION(#3760,#3762);
#3760 = ( REPRESENTATION_RELATIONSHIP('','',#3423,#3400) 
REPRESENTATION_RELATIONSHIP_WITH_TRANSFORMATION(#3761) 
SHAPE_REPRESENTATION_RELATIONSHIP() );
#3761 = ITEM_DEFINED_TRANSFORMATION('','',#11,#3401);
#3762 = PRODUCT_DEFINITION_SHAPE('Placement','Placement of an item',
  #3763);
#3763 = NEXT_ASSEMBLY_USAGE_OCCURRENCE('5','=>[0:1:1:7]','',#3395,#3418,
  $);
#3764 = PRODUCT_RELATED_PRODUCT_CATEGORY('part',$,(#3420));
#3765 = SHAPE_DEFINITION_REPRESENTATION(#3766,#3772);
#3766 = PRODUCT_DEFINITION_SHAPE('','',#3767);
#3767 = PRODUCT_DEFINITION('design','',#3768,#3771);
#3768 = PRODUCT_DEFINITION_FORMATION('','',#3769);
#3769 = PRODUCT('keyboard_side_carriage_left',
  'keyboard_side_carriage_left','',(#3770));
#3770 = PRODUCT_CONTEXT('',#2,'mechanical');
#3771 = PRODUCT_DEFINITION_CONTEXT('part definition',#2,'design');
#3772 = SHAPE_REPRESENTATION('',(#11,#3773),#3777);
#3773 = AXIS2_PLACEMENT_3D('',#3774,#3775,#3776);
#3774 = CARTESIAN_POINT('',(-3.5,-23.,-4.));
#3775 = DIRECTION('',(0.,0.,1.));
#3776 = DIRECTION('',(1.,0.,-0.));
#3777 = ( GEOMETRIC_REPRESENTATION_CONTEXT(3) 
GLOBAL_UNCERTAINTY_ASSIGNED_CONTEXT((#3781)) 
GLOBAL_UNIT_ASSIGNED_CONTEXT((#3778,#3779,#3780)) REPRESENTATION_CONTEXT
('Context #1','3D Context with UNIT and UNCERTAINTY') );
#3778 = ( LENGTH_UNIT() NAMED_UNIT(*) SI_UNIT(.MILLI.,.METRE.) );
#3779 = ( NAMED_UNIT(*) PLANE_ANGLE_UNIT() SI_UNIT($,.RADIAN.) );
#3780 = ( NAMED_UNIT(*) SI_UNIT($,.STERADIAN.) SOLID_ANGLE_UNIT() );
#3781 = UNCERTAINTY_MEASURE_WITH_UNIT(LENGTH_MEASURE(1.E-07),#3778,
  'distance_accuracy_value','confusion accuracy');
#3782 = CONTEXT_DEPENDENT_SHAPE_REPRESENTATION(#3783,#3785);
#3783 = ( REPRESENTATION_RELATIONSHIP('','',#3772,#10) 
REPRESENTATION_RELATIONSHIP_WITH_TRANSFORMATION(#3784) 
SHAPE_REPRESENTATION_RELATIONSHIP() );
#3784 = ITEM_DEFINED_TRANSFORMATION('','',#11,#27);
#3785 = PRODUCT_DEFINITION_SHAPE('Placement','Placement of an item',
  #3786);
#3786 = NEXT_ASSEMBLY_USAGE_OCCURRENCE('8','=>[0:1:1:8]','',#5,#3767,$);
#3787 = PRODUCT_RELATED_PRODUCT_CATEGORY('part',$,(#3769));
#3788 = SHAPE_DEFINITION_REPRESENTATION(#3789,#3795);
#3789 = PRODUCT_DEFINITION_SHAPE('','',#3790);
#3790 = PRODUCT_DEFINITION('design','',#3791,#3794);
#3791 = PRODUCT_DEFINITION_FORMATION('','',#3792);
#3792 = PRODUCT('SOLID','SOLID','',(#3793));
#3793 = PRODUCT_CONTEXT('',#2,'mechanical');
#3794 = PRODUCT_DEFINITION_CONTEXT('part definition',#2,'design');
#3795 = ADVANCED_BREP_SHAPE_REPRESENTATION('',(#11,#3796),#4126);
#3796 = MANIFOLD_SOLID_BREP('',#3797);
#3797 = CLOSED_SHELL('',(#3798,#3918,#4018,#4065,#4112,#4119));
#3798 = ADVANCED_FACE('',(#3799),#3813,.F.);
#3799 = FACE_BOUND('',#3800,.F.);
#3800 = EDGE_LOOP('',(#3801,#3836,#3864,#3892));
#3801 = ORIENTED_EDGE('',*,*,#3802,.F.);
#3802 = EDGE_CURVE('',#3803,#3805,#3807,.T.);
#3803 = VERTEX_POINT('',#3804);
#3804 = CARTESIAN_POINT('',(0.,0.,0.));
#3805 = VERTEX_POINT('',#3806);
#3806 = CARTESIAN_POINT('',(0.,0.,8.));
#3807 = SURFACE_CURVE('',#3808,(#3812,#3824),.PCURVE_S1.);
#3808 = LINE('',#3809,#3810);
#3809 = CARTESIAN_POINT('',(0.,0.,0.));
#3810 = VECTOR('',#3811,1.);
#3811 = DIRECTION('',(0.,0.,1.));
#3812 = PCURVE('',#3813,#3818);
#3813 = PLANE('',#3814);
#3814 = AXIS2_PLACEMENT_3D('',#3815,#3816,#3817);
#3815 = CARTESIAN_POINT('',(0.,0.,0.));
#3816 = DIRECTION('',(1.,0.,-0.));
#3817 = DIRECTION('',(0.,0.,1.));
#3818 = DEFINITIONAL_REPRESENTATION('',(#3819),#3823);
#3819 = LINE('',#3820,#3821);
#3820 = CARTESIAN_POINT('',(0.,0.));
#3821 = VECTOR('',#3822,1.);
#3822 = DIRECTION('',(1.,0.));
#3823 = ( GEOMETRIC_REPRESENTATION_CONTEXT(2) 
PARAMETRIC_REPRESENTATION_CONTEXT() REPRESENTATION_CONTEXT('2D SPACE',''
  ) );
#3824 = PCURVE('',#3825,#3830);
#3825 = PLANE('',#3826);
#3826 = AXIS2_PLACEMENT_3D('',#3827,#3828,#3829);
#3827 = CARTESIAN_POINT('',(0.,0.,0.));
#3828 = DIRECTION('',(-0.,1.,0.));
#3829 = DIRECTION('',(0.,0.,1.));
#3830 = DEFINITIONAL_REPRESENTATION('',(#3831),#3835);
#3831 = LINE('',#3832,#3833);
#3832 = CARTESIAN_POINT('',(0.,0.));
#3833 = VECTOR('',#3834,1.);
#3834 = DIRECTION('',(1.,0.));
#3835 = ( GEOMETRIC_REPRESENTATION_CONTEXT(2) 
PARAMETRIC_REPRESENTATION_CONTEXT() REPRESENTATION_CONTEXT('2D SPACE',''
  ) );
#3836 = ORIENTED_EDGE('',*,*,#3837,.T.);
#3837 = EDGE_CURVE('',#3803,#3838,#3840,.T.);
#3838 = VERTEX_POINT('',#3839);
#3839 = CARTESIAN_POINT('',(0.,46.,0.));
#3840 = SURFACE_CURVE('',#3841,(#3845,#3852),.PCURVE_S1.);
#3841 = LINE('',#3842,#3843);
#3842 = CARTESIAN_POINT('',(0.,0.,0.));
#3843 = VECTOR('',#3844,1.);
#3844 = DIRECTION('',(-0.,1.,0.));
#3845 = PCURVE('',#3813,#3846);
#3846 = DEFINITIONAL_REPRESENTATION('',(#3847),#3851);
#3847 = LINE('',#3848,#3849);
#3848 = CARTESIAN_POINT('',(0.,0.));
#3849 = VECTOR('',#3850,1.);
#3850 = DIRECTION('',(0.,-1.));
#3851 = ( GEOMETRIC_REPRESENTATION_CONTEXT(2) 
PARAMETRIC_REPRESENTATION_CONTEXT() REPRESENTATION_CONTEXT('2D SPACE',''
  ) );
#3852 = PCURVE('',#3853,#3858);
#3853 = PLANE('',#3854);
#3854 = AXIS2_PLACEMENT_3D('',#3855,#3856,#3857);
#3855 = CARTESIAN_POINT('',(0.,0.,0.));
#3856 = DIRECTION('',(0.,0.,1.));
#3857 = DIRECTION('',(1.,0.,-0.));
#3858 = DEFINITIONAL_REPRESENTATION('',(#3859),#3863);
#3859 = LINE('',#3860,#3861);
#3860 = CARTESIAN_POINT('',(0.,0.));
#3861 = VECTOR('',#3862,1.);
#3862 = DIRECTION('',(0.,1.));
#3863 = ( GEOMETRIC_REPRESENTATION_CONTEXT(2) 
PARAMETRIC_REPRESENTATION_CONTEXT() REPRESENTATION_CONTEXT('2D SPACE',''
  ) );
#3864 = ORIENTED_EDGE('',*,*,#3865,.T.);
#3865 = EDGE_CURVE('',#3838,#3866,#3868,.T.);
#3866 = VERTEX_POINT('',#3867);
#3867 = CARTESIAN_POINT('',(0.,46.,8.));
#3868 = SURFACE_CURVE('',#3869,(#3873,#3880),.PCURVE_S1.);
#3869 = LINE('',#3870,#3871);
#3870 = CARTESIAN_POINT('',(0.,46.,0.));
#3871 = VECTOR('',#3872,1.);
#3872 = DIRECTION('',(0.,0.,1.));
#3873 = PCURVE('',#3813,#3874);
#3874 = DEFINITIONAL_REPRESENTATION('',(#3875),#3879);
#3875 = LINE('',#3876,#3877);
#3876 = CARTESIAN_POINT('',(0.,-46.));
#3877 = VECTOR('',#3878,1.);
#3878 = DIRECTION('',(1.,0.));
#3879 = ( GEOMETRIC_REPRESENTATION_CONTEXT(2) 
PARAMETRIC_REPRESENTATION_CONTEXT() REPRESENTATION_CONTEXT('2D SPACE',''
  ) );
#3880 = PCURVE('',#3881,#3886);
#3881 = PLANE('',#3882);
#3882 = AXIS2_PLACEMENT_3D('',#3883,#3884,#3885);
#3883 = CARTESIAN_POINT('',(0.,46.,0.));
#3884 = DIRECTION('',(-0.,1.,0.));
#3885 = DIRECTION('',(0.,0.,1.));
#3886 = DEFINITIONAL_REPRESENTATION('',(#3887),#3891);
#3887 = LINE('',#3888,#3889);
#3888 = CARTESIAN_POINT('',(0.,0.));
#3889 = VECTOR('',#3890,1.);
#3890 = DIRECTION('',(1.,0.));
#3891 = ( GEOMETRIC_REPRESENTATION_CONTEXT(2) 
PARAMETRIC_REPRESENTATION_CONTEXT() REPRESENTATION_CONTEXT('2D SPACE',''
  ) );
#3892 = ORIENTED_EDGE('',*,*,#3893,.F.);
#3893 = EDGE_CURVE('',#3805,#3866,#3894,.T.);
#3894 = SURFACE_CURVE('',#3895,(#3899,#3906),.PCURVE_S1.);
#3895 = LINE('',#3896,#3897);
#3896 = CARTESIAN_POINT('',(0.,0.,8.));
#3897 = VECTOR('',#3898,1.);
#3898 = DIRECTION('',(-0.,1.,0.));
#3899 = PCURVE('',#3813,#3900);
#3900 = DEFINITIONAL_REPRESENTATION('',(#3901),#3905);
#3901 = LINE('',#3902,#3903);
#3902 = CARTESIAN_POINT('',(8.,0.));
#3903 = VECTOR('',#3904,1.);
#3904 = DIRECTION('',(0.,-1.));
#3905 = ( GEOMETRIC_REPRESENTATION_CONTEXT(2) 
PARAMETRIC_REPRESENTATION_CONTEXT() REPRESENTATION_CONTEXT('2D SPACE',''
  ) );
#3906 = PCURVE('',#3907,#3912);
#3907 = PLANE('',#3908);
#3908 = AXIS2_PLACEMENT_3D('',#3909,#3910,#3911);
#3909 = CARTESIAN_POINT('',(0.,0.,8.));
#3910 = DIRECTION('',(0.,0.,1.));
#3911 = DIRECTION('',(1.,0.,-0.));
#3912 = DEFINITIONAL_REPRESENTATION('',(#3913),#3917);
#3913 = LINE('',#3914,#3915);
#3914 = CARTESIAN_POINT('',(0.,0.));
#3915 = VECTOR('',#3916,1.);
#3916 = DIRECTION('',(0.,1.));
#3917 = ( GEOMETRIC_REPRESENTATION_CONTEXT(2) 
PARAMETRIC_REPRESENTATION_CONTEXT() REPRESENTATION_CONTEXT('2D SPACE',''
  ) );
#3918 = ADVANCED_FACE('',(#3919),#3933,.T.);
#3919 = FACE_BOUND('',#3920,.T.);
#3920 = EDGE_LOOP('',(#3921,#3951,#3974,#3997));
#3921 = ORIENTED_EDGE('',*,*,#3922,.F.);
#3922 = EDGE_CURVE('',#3923,#3925,#3927,.T.);
#3923 = VERTEX_POINT('',#3924);
#3924 = CARTESIAN_POINT('',(7.,0.,0.));
#3925 = VERTEX_POINT('',#3926);
#3926 = CARTESIAN_POINT('',(7.,0.,8.));
#3927 = SURFACE_CURVE('',#3928,(#3932,#3944),.PCURVE_S1.);
#3928 = LINE('',#3929,#3930);
#3929 = CARTESIAN_POINT('',(7.,0.,0.));
#3930 = VECTOR('',#3931,1.);
#3931 = DIRECTION('',(0.,0.,1.));
#3932 = PCURVE('',#3933,#3938);
#3933 = PLANE('',#3934);
#3934 = AXIS2_PLACEMENT_3D('',#3935,#3936,#3937);
#3935 = CARTESIAN_POINT('',(7.,0.,0.));
#3936 = DIRECTION('',(1.,0.,-0.));
#3937 = DIRECTION('',(0.,0.,1.));
#3938 = DEFINITIONAL_REPRESENTATION('',(#3939),#3943);
#3939 = LINE('',#3940,#3941);
#3940 = CARTESIAN_POINT('',(0.,0.));
#3941 = VECTOR('',#3942,1.);
#3942 = DIRECTION('',(1.,0.));
#3943 = ( GEOMETRIC_REPRESENTATION_CONTEXT(2) 
PARAMETRIC_REPRESENTATION_CONTEXT() REPRESENTATION_CONTEXT('2D SPACE',''
  ) );
#3944 = PCURVE('',#3825,#3945);
#3945 = DEFINITIONAL_REPRESENTATION('',(#3946),#3950);
#3946 = LINE('',#3947,#3948);
#3947 = CARTESIAN_POINT('',(0.,7.));
#3948 = VECTOR('',#3949,1.);
#3949 = DIRECTION('',(1.,0.));
#3950 = ( GEOMETRIC_REPRESENTATION_CONTEXT(2) 
PARAMETRIC_REPRESENTATION_CONTEXT() REPRESENTATION_CONTEXT('2D SPACE',''
  ) );
#3951 = ORIENTED_EDGE('',*,*,#3952,.T.);
#3952 = EDGE_CURVE('',#3923,#3953,#3955,.T.);
#3953 = VERTEX_POINT('',#3954);
#3954 = CARTESIAN_POINT('',(7.,46.,0.));
#3955 = SURFACE_CURVE('',#3956,(#3960,#3967),.PCURVE_S1.);
#3956 = LINE('',#3957,#3958);
#3957 = CARTESIAN_POINT('',(7.,0.,0.));
#3958 = VECTOR('',#3959,1.);
#3959 = DIRECTION('',(-0.,1.,0.));
#3960 = PCURVE('',#3933,#3961);
#3961 = DEFINITIONAL_REPRESENTATION('',(#3962),#3966);
#3962 = LINE('',#3963,#3964);
#3963 = CARTESIAN_POINT('',(0.,0.));
#3964 = VECTOR('',#3965,1.);
#3965 = DIRECTION('',(0.,-1.));
#3966 = ( GEOMETRIC_REPRESENTATION_CONTEXT(2) 
PARAMETRIC_REPRESENTATION_CONTEXT() REPRESENTATION_CONTEXT('2D SPACE',''
  ) );
#3967 = PCURVE('',#3853,#3968);
#3968 = DEFINITIONAL_REPRESENTATION('',(#3969),#3973);
#3969 = LINE('',#3970,#3971);
#3970 = CARTESIAN_POINT('',(7.,0.));
#3971 = VECTOR('',#3972,1.);
#3972 = DIRECTION('',(0.,1.));
#3973 = ( GEOMETRIC_REPRESENTATION_CONTEXT(2) 
PARAMETRIC_REPRESENTATION_CONTEXT() REPRESENTATION_CONTEXT('2D SPACE',''
  ) );
#3974 = ORIENTED_EDGE('',*,*,#3975,.T.);
#3975 = EDGE_CURVE('',#3953,#3976,#3978,.T.);
#3976 = VERTEX_POINT('',#3977);
#3977 = CARTESIAN_POINT('',(7.,46.,8.));
#3978 = SURFACE_CURVE('',#3979,(#3983,#3990),.PCURVE_S1.);
#3979 = LINE('',#3980,#3981);
#3980 = CARTESIAN_POINT('',(7.,46.,0.));
#3981 = VECTOR('',#3982,1.);
#3982 = DIRECTION('',(0.,0.,1.));
#3983 = PCURVE('',#3933,#3984);
#3984 = DEFINITIONAL_REPRESENTATION('',(#3985),#3989);
#3985 = LINE('',#3986,#3987);
#3986 = CARTESIAN_POINT('',(0.,-46.));
#3987 = VECTOR('',#3988,1.);
#3988 = DIRECTION('',(1.,0.));
#3989 = ( GEOMETRIC_REPRESENTATION_CONTEXT(2) 
PARAMETRIC_REPRESENTATION_CONTEXT() REPRESENTATION_CONTEXT('2D SPACE',''
  ) );
#3990 = PCURVE('',#3881,#3991);
#3991 = DEFINITIONAL_REPRESENTATION('',(#3992),#3996);
#3992 = LINE('',#3993,#3994);
#3993 = CARTESIAN_POINT('',(0.,7.));
#3994 = VECTOR('',#3995,1.);
#3995 = DIRECTION('',(1.,0.));
#3996 = ( GEOMETRIC_REPRESENTATION_CONTEXT(2) 
PARAMETRIC_REPRESENTATION_CONTEXT() REPRESENTATION_CONTEXT('2D SPACE',''
  ) );
#3997 = ORIENTED_EDGE('',*,*,#3998,.F.);
#3998 = EDGE_CURVE('',#3925,#3976,#3999,.T.);
#3999 = SURFACE_CURVE('',#4000,(#4004,#4011),.PCURVE_S1.);
#4000 = LINE('',#4001,#4002);
#4001 = CARTESIAN_POINT('',(7.,0.,8.));
#4002 = VECTOR('',#4003,1.);
#4003 = DIRECTION('',(-0.,1.,0.));
#4004 = PCURVE('',#3933,#4005);
#4005 = DEFINITIONAL_REPRESENTATION('',(#4006),#4010);
#4006 = LINE('',#4007,#4008);
#4007 = CARTESIAN_POINT('',(8.,0.));
#4008 = VECTOR('',#4009,1.);
#4009 = DIRECTION('',(0.,-1.));
#4010 = ( GEOMETRIC_REPRESENTATION_CONTEXT(2) 
PARAMETRIC_REPRESENTATION_CONTEXT() REPRESENTATION_CONTEXT('2D SPACE',''
  ) );
#4011 = PCURVE('',#3907,#4012);
#4012 = DEFINITIONAL_REPRESENTATION('',(#4013),#4017);
#4013 = LINE('',#4014,#4015);
#4014 = CARTESIAN_POINT('',(7.,0.));
#4015 = VECTOR('',#4016,1.);
#4016 = DIRECTION('',(0.,1.));
#4017 = ( GEOMETRIC_REPRESENTATION_CONTEXT(2) 
PARAMETRIC_REPRESENTATION_CONTEXT() REPRESENTATION_CONTEXT('2D SPACE',''
  ) );
#4018 = ADVANCED_FACE('',(#4019),#3825,.F.);
#4019 = FACE_BOUND('',#4020,.F.);
#4020 = EDGE_LOOP('',(#4021,#4042,#4043,#4064));
#4021 = ORIENTED_EDGE('',*,*,#4022,.F.);
#4022 = EDGE_CURVE('',#3803,#3923,#4023,.T.);
#4023 = SURFACE_CURVE('',#4024,(#4028,#4035),.PCURVE_S1.);
#4024 = LINE('',#4025,#4026);
#4025 = CARTESIAN_POINT('',(0.,0.,0.));
#4026 = VECTOR('',#4027,1.);
#4027 = DIRECTION('',(1.,0.,-0.));
#4028 = PCURVE('',#3825,#4029);
#4029 = DEFINITIONAL_REPRESENTATION('',(#4030),#4034);
#4030 = LINE('',#4031,#4032);
#4031 = CARTESIAN_POINT('',(0.,0.));
#4032 = VECTOR('',#4033,1.);
#4033 = DIRECTION('',(0.,1.));
#4034 = ( GEOMETRIC_REPRESENTATION_CONTEXT(2) 
PARAMETRIC_REPRESENTATION_CONTEXT() REPRESENTATION_CONTEXT('2D SPACE',''
  ) );
#4035 = PCURVE('',#3853,#4036);
#4036 = DEFINITIONAL_REPRESENTATION('',(#4037),#4041);
#4037 = LINE('',#4038,#4039);
#4038 = CARTESIAN_POINT('',(0.,0.));
#4039 = VECTOR('',#4040,1.);
#4040 = DIRECTION('',(1.,0.));
#4041 = ( GEOMETRIC_REPRESENTATION_CONTEXT(2) 
PARAMETRIC_REPRESENTATION_CONTEXT() REPRESENTATION_CONTEXT('2D SPACE',''
  ) );
#4042 = ORIENTED_EDGE('',*,*,#3802,.T.);
#4043 = ORIENTED_EDGE('',*,*,#4044,.T.);
#4044 = EDGE_CURVE('',#3805,#3925,#4045,.T.);
#4045 = SURFACE_CURVE('',#4046,(#4050,#4057),.PCURVE_S1.);
#4046 = LINE('',#4047,#4048);
#4047 = CARTESIAN_POINT('',(0.,0.,8.));
#4048 = VECTOR('',#4049,1.);
#4049 = DIRECTION('',(1.,0.,-0.));
#4050 = PCURVE('',#3825,#4051);
#4051 = DEFINITIONAL_REPRESENTATION('',(#4052),#4056);
#4052 = LINE('',#4053,#4054);
#4053 = CARTESIAN_POINT('',(8.,0.));
#4054 = VECTOR('',#4055,1.);
#4055 = DIRECTION('',(0.,1.));
#4056 = ( GEOMETRIC_REPRESENTATION_CONTEXT(2) 
PARAMETRIC_REPRESENTATION_CONTEXT() REPRESENTATION_CONTEXT('2D SPACE',''
  ) );
#4057 = PCURVE('',#3907,#4058);
#4058 = DEFINITIONAL_REPRESENTATION('',(#4059),#4063);
#4059 = LINE('',#4060,#4061);
#4060 = CARTESIAN_POINT('',(0.,0.));
#4061 = VECTOR('',#4062,1.);
#4062 = DIRECTION('',(1.,0.));
#4063 = ( GEOMETRIC_REPRESENTATION_CONTEXT(2) 
PARAMETRIC_REPRESENTATION_CONTEXT() REPRESENTATION_CONTEXT('2D SPACE',''
  ) );
#4064 = ORIENTED_EDGE('',*,*,#3922,.F.);
#4065 = ADVANCED_FACE('',(#4066),#3881,.T.);
#4066 = FACE_BOUND('',#4067,.T.);
#4067 = EDGE_LOOP('',(#4068,#4089,#4090,#4111));
#4068 = ORIENTED_EDGE('',*,*,#4069,.F.);
#4069 = EDGE_CURVE('',#3838,#3953,#4070,.T.);
#4070 = SURFACE_CURVE('',#4071,(#4075,#4082),.PCURVE_S1.);
#4071 = LINE('',#4072,#4073);
#4072 = CARTESIAN_POINT('',(0.,46.,0.));
#4073 = VECTOR('',#4074,1.);
#4074 = DIRECTION('',(1.,0.,-0.));
#4075 = PCURVE('',#3881,#4076);
#4076 = DEFINITIONAL_REPRESENTATION('',(#4077),#4081);
#4077 = LINE('',#4078,#4079);
#4078 = CARTESIAN_POINT('',(0.,0.));
#4079 = VECTOR('',#4080,1.);
#4080 = DIRECTION('',(0.,1.));
#4081 = ( GEOMETRIC_REPRESENTATION_CONTEXT(2) 
PARAMETRIC_REPRESENTATION_CONTEXT() REPRESENTATION_CONTEXT('2D SPACE',''
  ) );
#4082 = PCURVE('',#3853,#4083);
#4083 = DEFINITIONAL_REPRESENTATION('',(#4084),#4088);
#4084 = LINE('',#4085,#4086);
#4085 = CARTESIAN_POINT('',(0.,46.));
#4086 = VECTOR('',#4087,1.);
#4087 = DIRECTION('',(1.,0.));
#4088 = ( GEOMETRIC_REPRESENTATION_CONTEXT(2) 
PARAMETRIC_REPRESENTATION_CONTEXT() REPRESENTATION_CONTEXT('2D SPACE',''
  ) );
#4089 = ORIENTED_EDGE('',*,*,#3865,.T.);
#4090 = ORIENTED_EDGE('',*,*,#4091,.T.);
#4091 = EDGE_CURVE('',#3866,#3976,#4092,.T.);
#4092 = SURFACE_CURVE('',#4093,(#4097,#4104),.PCURVE_S1.);
#4093 = LINE('',#4094,#4095);
#4094 = CARTESIAN_POINT('',(0.,46.,8.));
#4095 = VECTOR('',#4096,1.);
#4096 = DIRECTION('',(1.,0.,-0.));
#4097 = PCURVE('',#3881,#4098);
#4098 = DEFINITIONAL_REPRESENTATION('',(#4099),#4103);
#4099 = LINE('',#4100,#4101);
#4100 = CARTESIAN_POINT('',(8.,0.));
#4101 = VECTOR('',#4102,1.);
#4102 = DIRECTION('',(0.,1.));
#4103 = ( GEOMETRIC_REPRESENTATION_CONTEXT(2) 
PARAMETRIC_REPRESENTATION_CONTEXT() REPRESENTATION_CONTEXT('2D SPACE',''
  ) );
#4104 = PCURVE('',#3907,#4105);
#4105 = DEFINITIONAL_REPRESENTATION('',(#4106),#4110);
#4106 = LINE('',#4107,#4108);
#4107 = CARTESIAN_POINT('',(0.,46.));
#4108 = VECTOR('',#4109,1.);
#4109 = DIRECTION('',(1.,0.));
#4110 = ( GEOMETRIC_REPRESENTATION_CONTEXT(2) 
PARAMETRIC_REPRESENTATION_CONTEXT() REPRESENTATION_CONTEXT('2D SPACE',''
  ) );
#4111 = ORIENTED_EDGE('',*,*,#3975,.F.);
#4112 = ADVANCED_FACE('',(#4113),#3853,.F.);
#4113 = FACE_BOUND('',#4114,.F.);
#4114 = EDGE_LOOP('',(#4115,#4116,#4117,#4118));
#4115 = ORIENTED_EDGE('',*,*,#3837,.F.);
#4116 = ORIENTED_EDGE('',*,*,#4022,.T.);
#4117 = ORIENTED_EDGE('',*,*,#3952,.T.);
#4118 = ORIENTED_EDGE('',*,*,#4069,.F.);
#4119 = ADVANCED_FACE('',(#4120),#3907,.T.);
#4120 = FACE_BOUND('',#4121,.T.);
#4121 = EDGE_LOOP('',(#4122,#4123,#4124,#4125));
#4122 = ORIENTED_EDGE('',*,*,#3893,.F.);
#4123 = ORIENTED_EDGE('',*,*,#4044,.T.);
#4124 = ORIENTED_EDGE('',*,*,#3998,.T.);
#4125 = ORIENTED_EDGE('',*,*,#4091,.F.);
#4126 = ( GEOMETRIC_REPRESENTATION_CONTEXT(3) 
GLOBAL_UNCERTAINTY_ASSIGNED_CONTEXT((#4130)) 
GLOBAL_UNIT_ASSIGNED_CONTEXT((#4127,#4128,#4129)) REPRESENTATION_CONTEXT
('Context #1','3D Context with UNIT and UNCERTAINTY') );
#4127 = ( LENGTH_UNIT() NAMED_UNIT(*) SI_UNIT(.MILLI.,.METRE.) );
#4128 = ( NAMED_UNIT(*) PLANE_ANGLE_UNIT() SI_UNIT($,.RADIAN.) );
#4129 = ( NAMED_UNIT(*) SI_UNIT($,.STERADIAN.) SOLID_ANGLE_UNIT() );
#4130 = UNCERTAINTY_MEASURE_WITH_UNIT(LENGTH_MEASURE(1.E-07),#4127,
  'distance_accuracy_value','confusion accuracy');
#4131 = CONTEXT_DEPENDENT_SHAPE_REPRESENTATION(#4132,#4134);
#4132 = ( REPRESENTATION_RELATIONSHIP('','',#3795,#3772) 
REPRESENTATION_RELATIONSHIP_WITH_TRANSFORMATION(#4133) 
SHAPE_REPRESENTATION_RELATIONSHIP() );
#4133 = ITEM_DEFINED_TRANSFORMATION('','',#11,#3773);
#4134 = PRODUCT_DEFINITION_SHAPE('Placement','Placement of an item',
  #4135);
#4135 = NEXT_ASSEMBLY_USAGE_OCCURRENCE('7','=>[0:1:1:9]','',#3767,#3790,
  $);
#4136 = PRODUCT_RELATED_PRODUCT_CATEGORY('part',$,(#3792));
#4137 = SHAPE_DEFINITION_REPRESENTATION(#4138,#4144);
#4138 = PRODUCT_DEFINITION_SHAPE('','',#4139);
#4139 = PRODUCT_DEFINITION('design','',#4140,#4143);
#4140 = PRODUCT_DEFINITION_FORMATION('','',#4141);
#4141 = PRODUCT('keyboard_side_carriage_right',
  'keyboard_side_carriage_right','',(#4142));
#4142 = PRODUCT_CONTEXT('',#2,'mechanical');
#4143 = PRODUCT_DEFINITION_CONTEXT('part definition',#2,'design');
#4144 = SHAPE_REPRESENTATION('',(#11,#4145),#4149);
#4145 = AXIS2_PLACEMENT_3D('',#4146,#4147,#4148);
#4146 = CARTESIAN_POINT('',(-3.5,-23.,-4.));
#4147 = DIRECTION('',(0.,0.,1.));
#4148 = DIRECTION('',(1.,0.,-0.));
#4149 = ( GEOMETRIC_REPRESENTATION_CONTEXT(3) 
GLOBAL_UNCERTAINTY_ASSIGNED_CONTEXT((#4153)) 
GLOBAL_UNIT_ASSIGNED_CONTEXT((#4150,#4151,#4152)) REPRESENTATION_CONTEXT
('Context #1','3D Context with UNIT and UNCERTAINTY') );
#4150 = ( LENGTH_UNIT() NAMED_UNIT(*) SI_UNIT(.MILLI.,.METRE.) );
#4151 = ( NAMED_UNIT(*) PLANE_ANGLE_UNIT() SI_UNIT($,.RADIAN.) );
#4152 = ( NAMED_UNIT(*) SI_UNIT($,.STERADIAN.) SOLID_ANGLE_UNIT() );
#4153 = UNCERTAINTY_MEASURE_WITH_UNIT(LENGTH_MEASURE(1.E-07),#4150,
  'distance_accuracy_value','confusion accuracy');
#4154 = CONTEXT_DEPENDENT_SHAPE_REPRESENTATION(#4155,#4157);
#4155 = ( REPRESENTATION_RELATIONSHIP('','',#4144,#10) 
REPRESENTATION_RELATIONSHIP_WITH_TRANSFORMATION(#4156) 
SHAPE_REPRESENTATION_RELATIONSHIP() );
#4156 = ITEM_DEFINED_TRANSFORMATION('','',#11,#31);
#4157 = PRODUCT_DEFINITION_SHAPE('Placement','Placement of an item',
  #4158);
#4158 = NEXT_ASSEMBLY_USAGE_OCCURRENCE('10','=>[0:1:1:10]','',#5,#4139,$
  );
#4159 = PRODUCT_RELATED_PRODUCT_CATEGORY('part',$,(#4141));
#4160 = SHAPE_DEFINITION_REPRESENTATION(#4161,#4167);
#4161 = PRODUCT_DEFINITION_SHAPE('','',#4162);
#4162 = PRODUCT_DEFINITION('design','',#4163,#4166);
#4163 = PRODUCT_DEFINITION_FORMATION('','',#4164);
#4164 = PRODUCT('SOLID','SOLID','',(#4165));
#4165 = PRODUCT_CONTEXT('',#2,'mechanical');
#4166 = PRODUCT_DEFINITION_CONTEXT('part definition',#2,'design');
#4167 = ADVANCED_BREP_SHAPE_REPRESENTATION('',(#11,#4168),#4498);
#4168 = MANIFOLD_SOLID_BREP('',#4169);
#4169 = CLOSED_SHELL('',(#4170,#4290,#4390,#4437,#4484,#4491));
#4170 = ADVANCED_FACE('',(#4171),#4185,.F.);
#4171 = FACE_BOUND('',#4172,.F.);
#4172 = EDGE_LOOP('',(#4173,#4208,#4236,#4264));
#4173 = ORIENTED_EDGE('',*,*,#4174,.F.);
#4174 = EDGE_CURVE('',#4175,#4177,#4179,.T.);
#4175 = VERTEX_POINT('',#4176);
#4176 = CARTESIAN_POINT('',(0.,0.,0.));
#4177 = VERTEX_POINT('',#4178);
#4178 = CARTESIAN_POINT('',(0.,0.,8.));
#4179 = SURFACE_CURVE('',#4180,(#4184,#4196),.PCURVE_S1.);
#4180 = LINE('',#4181,#4182);
#4181 = CARTESIAN_POINT('',(0.,0.,0.));
#4182 = VECTOR('',#4183,1.);
#4183 = DIRECTION('',(0.,0.,1.));
#4184 = PCURVE('',#4185,#4190);
#4185 = PLANE('',#4186);
#4186 = AXIS2_PLACEMENT_3D('',#4187,#4188,#4189);
#4187 = CARTESIAN_POINT('',(0.,0.,0.));
#4188 = DIRECTION('',(1.,0.,-0.));
#4189 = DIRECTION('',(0.,0.,1.));
#4190 = DEFINITIONAL_REPRESENTATION('',(#4191),#4195);
#4191 = LINE('',#4192,#4193);
#4192 = CARTESIAN_POINT('',(0.,0.));
#4193 = VECTOR('',#4194,1.);
#4194 = DIRECTION('',(1.,0.));
#4195 = ( GEOMETRIC_REPRESENTATION_CONTEXT(2) 
PARAMETRIC_REPRESENTATION_CONTEXT() REPRESENTATION_CONTEXT('2D SPACE',''
  ) );
#4196 = PCURVE('',#4197,#4202);
#4197 = PLANE('',#4198);
#4198 = AXIS2_PLACEMENT_3D('',#4199,#4200,#4201);
#4199 = CARTESIAN_POINT('',(0.,0.,0.));
#4200 = DIRECTION('',(-0.,1.,0.));
#4201 = DIRECTION('',(0.,0.,1.));
#4202 = DEFINITIONAL_REPRESENTATION('',(#4203),#4207);
#4203 = LINE('',#4204,#4205);
#4204 = CARTESIAN_POINT('',(0.,0.));
#4205 = VECTOR('',#4206,1.);
#4206 = DIRECTION('',(1.,0.));
#4207 = ( GEOMETRIC_REPRESENTATION_CONTEXT(2) 
PARAMETRIC_REPRESENTATION_CONTEXT() REPRESENTATION_CONTEXT('2D SPACE',''
  ) );
#4208 = ORIENTED_EDGE('',*,*,#4209,.T.);
#4209 = EDGE_CURVE('',#4175,#4210,#4212,.T.);
#4210 = VERTEX_POINT('',#4211);
#4211 = CARTESIAN_POINT('',(0.,46.,0.));
#4212 = SURFACE_CURVE('',#4213,(#4217,#4224),.PCURVE_S1.);
#4213 = LINE('',#4214,#4215);
#4214 = CARTESIAN_POINT('',(0.,0.,0.));
#4215 = VECTOR('',#4216,1.);
#4216 = DIRECTION('',(-0.,1.,0.));
#4217 = PCURVE('',#4185,#4218);
#4218 = DEFINITIONAL_REPRESENTATION('',(#4219),#4223);
#4219 = LINE('',#4220,#4221);
#4220 = CARTESIAN_POINT('',(0.,0.));
#4221 = VECTOR('',#4222,1.);
#4222 = DIRECTION('',(0.,-1.));
#4223 = ( GEOMETRIC_REPRESENTATION_CONTEXT(2) 
PARAMETRIC_REPRESENTATION_CONTEXT() REPRESENTATION_CONTEXT('2D SPACE',''
  ) );
#4224 = PCURVE('',#4225,#4230);
#4225 = PLANE('',#4226);
#4226 = AXIS2_PLACEMENT_3D('',#4227,#4228,#4229);
#4227 = CARTESIAN_POINT('',(0.,0.,0.));
#4228 = DIRECTION('',(0.,0.,1.));
#4229 = DIRECTION('',(1.,0.,-0.));
#4230 = DEFINITIONAL_REPRESENTATION('',(#4231),#4235);
#4231 = LINE('',#4232,#4233);
#4232 = CARTESIAN_POINT('',(0.,0.));
#4233 = VECTOR('',#4234,1.);
#4234 = DIRECTION('',(0.,1.));
#4235 = ( GEOMETRIC_REPRESENTATION_CONTEXT(2) 
PARAMETRIC_REPRESENTATION_CONTEXT() REPRESENTATION_CONTEXT('2D SPACE',''
  ) );
#4236 = ORIENTED_EDGE('',*,*,#4237,.T.);
#4237 = EDGE_CURVE('',#4210,#4238,#4240,.T.);
#4238 = VERTEX_POINT('',#4239);
#4239 = CARTESIAN_POINT('',(0.,46.,8.));
#4240 = SURFACE_CURVE('',#4241,(#4245,#4252),.PCURVE_S1.);
#4241 = LINE('',#4242,#4243);
#4242 = CARTESIAN_POINT('',(0.,46.,0.));
#4243 = VECTOR('',#4244,1.);
#4244 = DIRECTION('',(0.,0.,1.));
#4245 = PCURVE('',#4185,#4246);
#4246 = DEFINITIONAL_REPRESENTATION('',(#4247),#4251);
#4247 = LINE('',#4248,#4249);
#4248 = CARTESIAN_POINT('',(0.,-46.));
#4249 = VECTOR('',#4250,1.);
#4250 = DIRECTION('',(1.,0.));
#4251 = ( GEOMETRIC_REPRESENTATION_CONTEXT(2) 
PARAMETRIC_REPRESENTATION_CONTEXT() REPRESENTATION_CONTEXT('2D SPACE',''
  ) );
#4252 = PCURVE('',#4253,#4258);
#4253 = PLANE('',#4254);
#4254 = AXIS2_PLACEMENT_3D('',#4255,#4256,#4257);
#4255 = CARTESIAN_POINT('',(0.,46.,0.));
#4256 = DIRECTION('',(-0.,1.,0.));
#4257 = DIRECTION('',(0.,0.,1.));
#4258 = DEFINITIONAL_REPRESENTATION('',(#4259),#4263);
#4259 = LINE('',#4260,#4261);
#4260 = CARTESIAN_POINT('',(0.,0.));
#4261 = VECTOR('',#4262,1.);
#4262 = DIRECTION('',(1.,0.));
#4263 = ( GEOMETRIC_REPRESENTATION_CONTEXT(2) 
PARAMETRIC_REPRESENTATION_CONTEXT() REPRESENTATION_CONTEXT('2D SPACE',''
  ) );
#4264 = ORIENTED_EDGE('',*,*,#4265,.F.);
#4265 = EDGE_CURVE('',#4177,#4238,#4266,.T.);
#4266 = SURFACE_CURVE('',#4267,(#4271,#4278),.PCURVE_S1.);
#4267 = LINE('',#4268,#4269);
#4268 = CARTESIAN_POINT('',(0.,0.,8.));
#4269 = VECTOR('',#4270,1.);
#4270 = DIRECTION('',(-0.,1.,0.));
#4271 = PCURVE('',#4185,#4272);
#4272 = DEFINITIONAL_REPRESENTATION('',(#4273),#4277);
#4273 = LINE('',#4274,#4275);
#4274 = CARTESIAN_POINT('',(8.,0.));
#4275 = VECTOR('',#4276,1.);
#4276 = DIRECTION('',(0.,-1.));
#4277 = ( GEOMETRIC_REPRESENTATION_CONTEXT(2) 
PARAMETRIC_REPRESENTATION_CONTEXT() REPRESENTATION_CONTEXT('2D SPACE',''
  ) );
#4278 = PCURVE('',#4279,#4284);
#4279 = PLANE('',#4280);
#4280 = AXIS2_PLACEMENT_3D('',#4281,#4282,#4283);
#4281 = CARTESIAN_POINT('',(0.,0.,8.));
#4282 = DIRECTION('',(0.,0.,1.));
#4283 = DIRECTION('',(1.,0.,-0.));
#4284 = DEFINITIONAL_REPRESENTATION('',(#4285),#4289);
#4285 = LINE('',#4286,#4287);
#4286 = CARTESIAN_POINT('',(0.,0.));
#4287 = VECTOR('',#4288,1.);
#4288 = DIRECTION('',(0.,1.));
#4289 = ( GEOMETRIC_REPRESENTATION_CONTEXT(2) 
PARAMETRIC_REPRESENTATION_CONTEXT() REPRESENTATION_CONTEXT('2D SPACE',''
  ) );
#4290 = ADVANCED_FACE('',(#4291),#4305,.T.);
#4291 = FACE_BOUND('',#4292,.T.);
#4292 = EDGE_LOOP('',(#4293,#4323,#4346,#4369));
#4293 = ORIENTED_EDGE('',*,*,#4294,.F.);
#4294 = EDGE_CURVE('',#4295,#4297,#4299,.T.);
#4295 = VERTEX_POINT('',#4296);
#4296 = CARTESIAN_POINT('',(7.,0.,0.));
#4297 = VERTEX_POINT('',#4298);
#4298 = CARTESIAN_POINT('',(7.,0.,8.));
#4299 = SURFACE_CURVE('',#4300,(#4304,#4316),.PCURVE_S1.);
#4300 = LINE('',#4301,#4302);
#4301 = CARTESIAN_POINT('',(7.,0.,0.));
#4302 = VECTOR('',#4303,1.);
#4303 = DIRECTION('',(0.,0.,1.));
#4304 = PCURVE('',#4305,#4310);
#4305 = PLANE('',#4306);
#4306 = AXIS2_PLACEMENT_3D('',#4307,#4308,#4309);
#4307 = CARTESIAN_POINT('',(7.,0.,0.));
#4308 = DIRECTION('',(1.,0.,-0.));
#4309 = DIRECTION('',(0.,0.,1.));
#4310 = DEFINITIONAL_REPRESENTATION('',(#4311),#4315);
#4311 = LINE('',#4312,#4313);
#4312 = CARTESIAN_POINT('',(0.,0.));
#4313 = VECTOR('',#4314,1.);
#4314 = DIRECTION('',(1.,0.));
#4315 = ( GEOMETRIC_REPRESENTATION_CONTEXT(2) 
PARAMETRIC_REPRESENTATION_CONTEXT() REPRESENTATION_CONTEXT('2D SPACE',''
  ) );
#4316 = PCURVE('',#4197,#4317);
#4317 = DEFINITIONAL_REPRESENTATION('',(#4318),#4322);
#4318 = LINE('',#4319,#4320);
#4319 = CARTESIAN_POINT('',(0.,7.));
#4320 = VECTOR('',#4321,1.);
#4321 = DIRECTION('',(1.,0.));
#4322 = ( GEOMETRIC_REPRESENTATION_CONTEXT(2) 
PARAMETRIC_REPRESENTATION_CONTEXT() REPRESENTATION_CONTEXT('2D SPACE',''
  ) );
#4323 = ORIENTED_EDGE('',*,*,#4324,.T.);
#4324 = EDGE_CURVE('',#4295,#4325,#4327,.T.);
#4325 = VERTEX_POINT('',#4326);
#4326 = CARTESIAN_POINT('',(7.,46.,0.));
#4327 = SURFACE_CURVE('',#4328,(#4332,#4339),.PCURVE_S1.);
#4328 = LINE('',#4329,#4330);
#4329 = CARTESIAN_POINT('',(7.,0.,0.));
#4330 = VECTOR('',#4331,1.);
#4331 = DIRECTION('',(-0.,1.,0.));
#4332 = PCURVE('',#4305,#4333);
#4333 = DEFINITIONAL_REPRESENTATION('',(#4334),#4338);
#4334 = LINE('',#4335,#4336);
#4335 = CARTESIAN_POINT('',(0.,0.));
#4336 = VECTOR('',#4337,1.);
#4337 = DIRECTION('',(0.,-1.));
#4338 = ( GEOMETRIC_REPRESENTATION_CONTEXT(2) 
PARAMETRIC_REPRESENTATION_CONTEXT() REPRESENTATION_CONTEXT('2D SPACE',''
  ) );
#4339 = PCURVE('',#4225,#4340);
#4340 = DEFINITIONAL_REPRESENTATION('',(#4341),#4345);
#4341 = LINE('',#4342,#4343);
#4342 = CARTESIAN_POINT('',(7.,0.));
#4343 = VECTOR('',#4344,1.);
#4344 = DIRECTION('',(0.,1.));
#4345 = ( GEOMETRIC_REPRESENTATION_CONTEXT(2) 
PARAMETRIC_REPRESENTATION_CONTEXT() REPRESENTATION_CONTEXT('2D SPACE',''
  ) );
#4346 = ORIENTED_EDGE('',*,*,#4347,.T.);
#4347 = EDGE_CURVE('',#4325,#4348,#4350,.T.);
#4348 = VERTEX_POINT('',#4349);
#4349 = CARTESIAN_POINT('',(7.,46.,8.));
#4350 = SURFACE_CURVE('',#4351,(#4355,#4362),.PCURVE_S1.);
#4351 = LINE('',#4352,#4353);
#4352 = CARTESIAN_POINT('',(7.,46.,0.));
#4353 = VECTOR('',#4354,1.);
#4354 = DIRECTION('',(0.,0.,1.));
#4355 = PCURVE('',#4305,#4356);
#4356 = DEFINITIONAL_REPRESENTATION('',(#4357),#4361);
#4357 = LINE('',#4358,#4359);
#4358 = CARTESIAN_POINT('',(0.,-46.));
#4359 = VECTOR('',#4360,1.);
#4360 = DIRECTION('',(1.,0.));
#4361 = ( GEOMETRIC_REPRESENTATION_CONTEXT(2) 
PARAMETRIC_REPRESENTATION_CONTEXT() REPRESENTATION_CONTEXT('2D SPACE',''
  ) );
#4362 = PCURVE('',#4253,#4363);
#4363 = DEFINITIONAL_REPRESENTATION('',(#4364),#4368);
#4364 = LINE('',#4365,#4366);
#4365 = CARTESIAN_POINT('',(0.,7.));
#4366 = VECTOR('',#4367,1.);
#4367 = DIRECTION('',(1.,0.));
#4368 = ( GEOMETRIC_REPRESENTATION_CONTEXT(2) 
PARAMETRIC_REPRESENTATION_CONTEXT() REPRESENTATION_CONTEXT('2D SPACE',''
  ) );
#4369 = ORIENTED_EDGE('',*,*,#4370,.F.);
#4370 = EDGE_CURVE('',#4297,#4348,#4371,.T.);
#4371 = SURFACE_CURVE('',#4372,(#4376,#4383),.PCURVE_S1.);
#4372 = LINE('',#4373,#4374);
#4373 = CARTESIAN_POINT('',(7.,0.,8.));
#4374 = VECTOR('',#4375,1.);
#4375 = DIRECTION('',(-0.,1.,0.));
#4376 = PCURVE('',#4305,#4377);
#4377 = DEFINITIONAL_REPRESENTATION('',(#4378),#4382);
#4378 = LINE('',#4379,#4380);
#4379 = CARTESIAN_POINT('',(8.,0.));
#4380 = VECTOR('',#4381,1.);
#4381 = DIRECTION('',(0.,-1.));
#4382 = ( GEOMETRIC_REPRESENTATION_CONTEXT(2) 
PARAMETRIC_REPRESENTATION_CONTEXT() REPRESENTATION_CONTEXT('2D SPACE',''
  ) );
#4383 = PCURVE('',#4279,#4384);
#4384 = DEFINITIONAL_REPRESENTATION('',(#4385),#4389);
#4385 = LINE('',#4386,#4387);
#4386 = CARTESIAN_POINT('',(7.,0.));
#4387 = VECTOR('',#4388,1.);
#4388 = DIRECTION('',(0.,1.));
#4389 = ( GEOMETRIC_REPRESENTATION_CONTEXT(2) 
PARAMETRIC_REPRESENTATION_CONTEXT() REPRESENTATION_CONTEXT('2D SPACE',''
  ) );
#4390 = ADVANCED_FACE('',(#4391),#4197,.F.);
#4391 = FACE_BOUND('',#4392,.F.);
#4392 = EDGE_LOOP('',(#4393,#4414,#4415,#4436));
#4393 = ORIENTED_EDGE('',*,*,#4394,.F.);
#4394 = EDGE_CURVE('',#4175,#4295,#4395,.T.);
#4395 = SURFACE_CURVE('',#4396,(#4400,#4407),.PCURVE_S1.);
#4396 = LINE('',#4397,#4398);
#4397 = CARTESIAN_POINT('',(0.,0.,0.));
#4398 = VECTOR('',#4399,1.);
#4399 = DIRECTION('',(1.,0.,-0.));
#4400 = PCURVE('',#4197,#4401);
#4401 = DEFINITIONAL_REPRESENTATION('',(#4402),#4406);
#4402 = LINE('',#4403,#4404);
#4403 = CARTESIAN_POINT('',(0.,0.));
#4404 = VECTOR('',#4405,1.);
#4405 = DIRECTION('',(0.,1.));
#4406 = ( GEOMETRIC_REPRESENTATION_CONTEXT(2) 
PARAMETRIC_REPRESENTATION_CONTEXT() REPRESENTATION_CONTEXT('2D SPACE',''
  ) );
#4407 = PCURVE('',#4225,#4408);
#4408 = DEFINITIONAL_REPRESENTATION('',(#4409),#4413);
#4409 = LINE('',#4410,#4411);
#4410 = CARTESIAN_POINT('',(0.,0.));
#4411 = VECTOR('',#4412,1.);
#4412 = DIRECTION('',(1.,0.));
#4413 = ( GEOMETRIC_REPRESENTATION_CONTEXT(2) 
PARAMETRIC_REPRESENTATION_CONTEXT() REPRESENTATION_CONTEXT('2D SPACE',''
  ) );
#4414 = ORIENTED_EDGE('',*,*,#4174,.T.);
#4415 = ORIENTED_EDGE('',*,*,#4416,.T.);
#4416 = EDGE_CURVE('',#4177,#4297,#4417,.T.);
#4417 = SURFACE_CURVE('',#4418,(#4422,#4429),.PCURVE_S1.);
#4418 = LINE('',#4419,#4420);
#4419 = CARTESIAN_POINT('',(0.,0.,8.));
#4420 = VECTOR('',#4421,1.);
#4421 = DIRECTION('',(1.,0.,-0.));
#4422 = PCURVE('',#4197,#4423);
#4423 = DEFINITIONAL_REPRESENTATION('',(#4424),#4428);
#4424 = LINE('',#4425,#4426);
#4425 = CARTESIAN_POINT('',(8.,0.));
#4426 = VECTOR('',#4427,1.);
#4427 = DIRECTION('',(0.,1.));
#4428 = ( GEOMETRIC_REPRESENTATION_CONTEXT(2) 
PARAMETRIC_REPRESENTATION_CONTEXT() REPRESENTATION_CONTEXT('2D SPACE',''
  ) );
#4429 = PCURVE('',#4279,#4430);
#4430 = DEFINITIONAL_REPRESENTATION('',(#4431),#4435);
#4431 = LINE('',#4432,#4433);
#4432 = CARTESIAN_POINT('',(0.,0.));
#4433 = VECTOR('',#4434,1.);
#4434 = DIRECTION('',(1.,0.));
#4435 = ( GEOMETRIC_REPRESENTATION_CONTEXT(2) 
PARAMETRIC_REPRESENTATION_CONTEXT() REPRESENTATION_CONTEXT('2D SPACE',''
  ) );
#4436 = ORIENTED_EDGE('',*,*,#4294,.F.);
#4437 = ADVANCED_FACE('',(#4438),#4253,.T.);
#4438 = FACE_BOUND('',#4439,.T.);
#4439 = EDGE_LOOP('',(#4440,#4461,#4462,#4483));
#4440 = ORIENTED_EDGE('',*,*,#4441,.F.);
#4441 = EDGE_CURVE('',#4210,#4325,#4442,.T.);
#4442 = SURFACE_CURVE('',#4443,(#4447,#4454),.PCURVE_S1.);
#4443 = LINE('',#4444,#4445);
#4444 = CARTESIAN_POINT('',(0.,46.,0.));
#4445 = VECTOR('',#4446,1.);
#4446 = DIRECTION('',(1.,0.,-0.));
#4447 = PCURVE('',#4253,#4448);
#4448 = DEFINITIONAL_REPRESENTATION('',(#4449),#4453);
#4449 = LINE('',#4450,#4451);
#4450 = CARTESIAN_POINT('',(0.,0.));
#4451 = VECTOR('',#4452,1.);
#4452 = DIRECTION('',(0.,1.));
#4453 = ( GEOMETRIC_REPRESENTATION_CONTEXT(2) 
PARAMETRIC_REPRESENTATION_CONTEXT() REPRESENTATION_CONTEXT('2D SPACE',''
  ) );
#4454 = PCURVE('',#4225,#4455);
#4455 = DEFINITIONAL_REPRESENTATION('',(#4456),#4460);
#4456 = LINE('',#4457,#4458);
#4457 = CARTESIAN_POINT('',(0.,46.));
#4458 = VECTOR('',#4459,1.);
#4459 = DIRECTION('',(1.,0.));
#4460 = ( GEOMETRIC_REPRESENTATION_CONTEXT(2) 
PARAMETRIC_REPRESENTATION_CONTEXT() REPRESENTATION_CONTEXT('2D SPACE',''
  ) );
#4461 = ORIENTED_EDGE('',*,*,#4237,.T.);
#4462 = ORIENTED_EDGE('',*,*,#4463,.T.);
#4463 = EDGE_CURVE('',#4238,#4348,#4464,.T.);
#4464 = SURFACE_CURVE('',#4465,(#4469,#4476),.PCURVE_S1.);
#4465 = LINE('',#4466,#4467);
#4466 = CARTESIAN_POINT('',(0.,46.,8.));
#4467 = VECTOR('',#4468,1.);
#4468 = DIRECTION('',(1.,0.,-0.));
#4469 = PCURVE('',#4253,#4470);
#4470 = DEFINITIONAL_REPRESENTATION('',(#4471),#4475);
#4471 = LINE('',#4472,#4473);
#4472 = CARTESIAN_POINT('',(8.,0.));
#4473 = VECTOR('',#4474,1.);
#4474 = DIRECTION('',(0.,1.));
#4475 = ( GEOMETRIC_REPRESENTATION_CONTEXT(2) 
PARAMETRIC_REPRESENTATION_CONTEXT() REPRESENTATION_CONTEXT('2D SPACE',''
  ) );
#4476 = PCURVE('',#4279,#4477);
#4477 = DEFINITIONAL_REPRESENTATION('',(#4478),#4482);
#4478 = LINE('',#4479,#4480);
#4479 = CARTESIAN_POINT('',(0.,46.));
#4480 = VECTOR('',#4481,1.);
#4481 = DIRECTION('',(1.,0.));
#4482 = ( GEOMETRIC_REPRESENTATION_CONTEXT(2) 
PARAMETRIC_REPRESENTATION_CONTEXT() REPRESENTATION_CONTEXT('2D SPACE',''
  ) );
#4483 = ORIENTED_EDGE('',*,*,#4347,.F.);
#4484 = ADVANCED_FACE('',(#4485),#4225,.F.);
#4485 = FACE_BOUND('',#4486,.F.);
#4486 = EDGE_LOOP('',(#4487,#4488,#4489,#4490));
#4487 = ORIENTED_EDGE('',*,*,#4209,.F.);
#4488 = ORIENTED_EDGE('',*,*,#4394,.T.);
#4489 = ORIENTED_EDGE('',*,*,#4324,.T.);
#4490 = ORIENTED_EDGE('',*,*,#4441,.F.);
#4491 = ADVANCED_FACE('',(#4492),#4279,.T.);
#4492 = FACE_BOUND('',#4493,.T.);
#4493 = EDGE_LOOP('',(#4494,#4495,#4496,#4497));
#4494 = ORIENTED_EDGE('',*,*,#4265,.F.);
#4495 = ORIENTED_EDGE('',*,*,#4416,.T.);
#4496 = ORIENTED_EDGE('',*,*,#4370,.T.);
#4497 = ORIENTED_EDGE('',*,*,#4463,.F.);
#4498 = ( GEOMETRIC_REPRESENTATION_CONTEXT(3) 
GLOBAL_UNCERTAINTY_ASSIGNED_CONTEXT((#4502)) 
GLOBAL_UNIT_ASSIGNED_CONTEXT((#4499,#4500,#4501)) REPRESENTATION_CONTEXT
('Context #1','3D Context with UNIT and UNCERTAINTY') );
#4499 = ( LENGTH_UNIT() NAMED_UNIT(*) SI_UNIT(.MILLI.,.METRE.) );
#4500 = ( NAMED_UNIT(*) PLANE_ANGLE_UNIT() SI_UNIT($,.RADIAN.) );
#4501 = ( NAMED_UNIT(*) SI_UNIT($,.STERADIAN.) SOLID_ANGLE_UNIT() );
#4502 = UNCERTAINTY_MEASURE_WITH_UNIT(LENGTH_MEASURE(1.E-07),#4499,
  'distance_accuracy_value','confusion accuracy');
#4503 = CONTEXT_DEPENDENT_SHAPE_REPRESENTATION(#4504,#4506);
#4504 = ( REPRESENTATION_RELATIONSHIP('','',#4167,#4144) 
REPRESENTATION_RELATIONSHIP_WITH_TRANSFORMATION(#4505) 
SHAPE_REPRESENTATION_RELATIONSHIP() );
#4505 = ITEM_DEFINED_TRANSFORMATION('','',#11,#4145);
#4506 = PRODUCT_DEFINITION_SHAPE('Placement','Placement of an item',
  #4507);
#4507 = NEXT_ASSEMBLY_USAGE_OCCURRENCE('9','=>[0:1:1:11]','',#4139,#4162
  ,$);
#4508 = PRODUCT_RELATED_PRODUCT_CATEGORY('part',$,(#4164));
#4509 = SHAPE_DEFINITION_REPRESENTATION(#4510,#4516);
#4510 = PRODUCT_DEFINITION_SHAPE('','',#4511);
#4511 = PRODUCT_DEFINITION('design','',#4512,#4515);
#4512 = PRODUCT_DEFINITION_FORMATION('','',#4513);
#4513 = PRODUCT('trackpad_side_carriage_left',
  'trackpad_side_carriage_left','',(#4514));
#4514 = PRODUCT_CONTEXT('',#2,'mechanical');
#4515 = PRODUCT_DEFINITION_CONTEXT('part definition',#2,'design');
#4516 = SHAPE_REPRESENTATION('',(#11,#4517),#4521);
#4517 = AXIS2_PLACEMENT_3D('',#4518,#4519,#4520);
#4518 = CARTESIAN_POINT('',(-3.5,-23.,-4.));
#4519 = DIRECTION('',(0.,0.,1.));
#4520 = DIRECTION('',(1.,0.,-0.));
#4521 = ( GEOMETRIC_REPRESENTATION_CONTEXT(3) 
GLOBAL_UNCERTAINTY_ASSIGNED_CONTEXT((#4525)) 
GLOBAL_UNIT_ASSIGNED_CONTEXT((#4522,#4523,#4524)) REPRESENTATION_CONTEXT
('Context #1','3D Context with UNIT and UNCERTAINTY') );
#4522 = ( LENGTH_UNIT() NAMED_UNIT(*) SI_UNIT(.MILLI.,.METRE.) );
#4523 = ( NAMED_UNIT(*) PLANE_ANGLE_UNIT() SI_UNIT($,.RADIAN.) );
#4524 = ( NAMED_UNIT(*) SI_UNIT($,.STERADIAN.) SOLID_ANGLE_UNIT() );
#4525 = UNCERTAINTY_MEASURE_WITH_UNIT(LENGTH_MEASURE(1.E-07),#4522,
  'distance_accuracy_value','confusion accuracy');
#4526 = CONTEXT_DEPENDENT_SHAPE_REPRESENTATION(#4527,#4529);
#4527 = ( REPRESENTATION_RELATIONSHIP('','',#4516,#10) 
REPRESENTATION_RELATIONSHIP_WITH_TRANSFORMATION(#4528) 
SHAPE_REPRESENTATION_RELATIONSHIP() );
#4528 = ITEM_DEFINED_TRANSFORMATION('','',#11,#35);
#4529 = PRODUCT_DEFINITION_SHAPE('Placement','Placement of an item',
  #4530);
#4530 = NEXT_ASSEMBLY_USAGE_OCCURRENCE('12','=>[0:1:1:12]','',#5,#4511,$
  );
#4531 = PRODUCT_RELATED_PRODUCT_CATEGORY('part',$,(#4513));
#4532 = SHAPE_DEFINITION_REPRESENTATION(#4533,#4539);
#4533 = PRODUCT_DEFINITION_SHAPE('','',#4534);
#4534 = PRODUCT_DEFINITION('design','',#4535,#4538);
#4535 = PRODUCT_DEFINITION_FORMATION('','',#4536);
#4536 = PRODUCT('SOLID','SOLID','',(#4537));
#4537 = PRODUCT_CONTEXT('',#2,'mechanical');
#4538 = PRODUCT_DEFINITION_CONTEXT('part definition',#2,'design');
#4539 = ADVANCED_BREP_SHAPE_REPRESENTATION('',(#11,#4540),#4870);
#4540 = MANIFOLD_SOLID_BREP('',#4541);
#4541 = CLOSED_SHELL('',(#4542,#4662,#4762,#4809,#4856,#4863));
#4542 = ADVANCED_FACE('',(#4543),#4557,.F.);
#4543 = FACE_BOUND('',#4544,.F.);
#4544 = EDGE_LOOP('',(#4545,#4580,#4608,#4636));
#4545 = ORIENTED_EDGE('',*,*,#4546,.F.);
#4546 = EDGE_CURVE('',#4547,#4549,#4551,.T.);
#4547 = VERTEX_POINT('',#4548);
#4548 = CARTESIAN_POINT('',(0.,0.,0.));
#4549 = VERTEX_POINT('',#4550);
#4550 = CARTESIAN_POINT('',(0.,0.,8.));
#4551 = SURFACE_CURVE('',#4552,(#4556,#4568),.PCURVE_S1.);
#4552 = LINE('',#4553,#4554);
#4553 = CARTESIAN_POINT('',(0.,0.,0.));
#4554 = VECTOR('',#4555,1.);
#4555 = DIRECTION('',(0.,0.,1.));
#4556 = PCURVE('',#4557,#4562);
#4557 = PLANE('',#4558);
#4558 = AXIS2_PLACEMENT_3D('',#4559,#4560,#4561);
#4559 = CARTESIAN_POINT('',(0.,0.,0.));
#4560 = DIRECTION('',(1.,0.,-0.));
#4561 = DIRECTION('',(0.,0.,1.));
#4562 = DEFINITIONAL_REPRESENTATION('',(#4563),#4567);
#4563 = LINE('',#4564,#4565);
#4564 = CARTESIAN_POINT('',(0.,0.));
#4565 = VECTOR('',#4566,1.);
#4566 = DIRECTION('',(1.,0.));
#4567 = ( GEOMETRIC_REPRESENTATION_CONTEXT(2) 
PARAMETRIC_REPRESENTATION_CONTEXT() REPRESENTATION_CONTEXT('2D SPACE',''
  ) );
#4568 = PCURVE('',#4569,#4574);
#4569 = PLANE('',#4570);
#4570 = AXIS2_PLACEMENT_3D('',#4571,#4572,#4573);
#4571 = CARTESIAN_POINT('',(0.,0.,0.));
#4572 = DIRECTION('',(-0.,1.,0.));
#4573 = DIRECTION('',(0.,0.,1.));
#4574 = DEFINITIONAL_REPRESENTATION('',(#4575),#4579);
#4575 = LINE('',#4576,#4577);
#4576 = CARTESIAN_POINT('',(0.,0.));
#4577 = VECTOR('',#4578,1.);
#4578 = DIRECTION('',(1.,0.));
#4579 = ( GEOMETRIC_REPRESENTATION_CONTEXT(2) 
PARAMETRIC_REPRESENTATION_CONTEXT() REPRESENTATION_CONTEXT('2D SPACE',''
  ) );
#4580 = ORIENTED_EDGE('',*,*,#4581,.T.);
#4581 = EDGE_CURVE('',#4547,#4582,#4584,.T.);
#4582 = VERTEX_POINT('',#4583);
#4583 = CARTESIAN_POINT('',(0.,46.,0.));
#4584 = SURFACE_CURVE('',#4585,(#4589,#4596),.PCURVE_S1.);
#4585 = LINE('',#4586,#4587);
#4586 = CARTESIAN_POINT('',(0.,0.,0.));
#4587 = VECTOR('',#4588,1.);
#4588 = DIRECTION('',(-0.,1.,0.));
#4589 = PCURVE('',#4557,#4590);
#4590 = DEFINITIONAL_REPRESENTATION('',(#4591),#4595);
#4591 = LINE('',#4592,#4593);
#4592 = CARTESIAN_POINT('',(0.,0.));
#4593 = VECTOR('',#4594,1.);
#4594 = DIRECTION('',(0.,-1.));
#4595 = ( GEOMETRIC_REPRESENTATION_CONTEXT(2) 
PARAMETRIC_REPRESENTATION_CONTEXT() REPRESENTATION_CONTEXT('2D SPACE',''
  ) );
#4596 = PCURVE('',#4597,#4602);
#4597 = PLANE('',#4598);
#4598 = AXIS2_PLACEMENT_3D('',#4599,#4600,#4601);
#4599 = CARTESIAN_POINT('',(0.,0.,0.));
#4600 = DIRECTION('',(0.,0.,1.));
#4601 = DIRECTION('',(1.,0.,-0.));
#4602 = DEFINITIONAL_REPRESENTATION('',(#4603),#4607);
#4603 = LINE('',#4604,#4605);
#4604 = CARTESIAN_POINT('',(0.,0.));
#4605 = VECTOR('',#4606,1.);
#4606 = DIRECTION('',(0.,1.));
#4607 = ( GEOMETRIC_REPRESENTATION_CONTEXT(2) 
PARAMETRIC_REPRESENTATION_CONTEXT() REPRESENTATION_CONTEXT('2D SPACE',''
  ) );
#4608 = ORIENTED_EDGE('',*,*,#4609,.T.);
#4609 = EDGE_CURVE('',#4582,#4610,#4612,.T.);
#4610 = VERTEX_POINT('',#4611);
#4611 = CARTESIAN_POINT('',(0.,46.,8.));
#4612 = SURFACE_CURVE('',#4613,(#4617,#4624),.PCURVE_S1.);
#4613 = LINE('',#4614,#4615);
#4614 = CARTESIAN_POINT('',(0.,46.,0.));
#4615 = VECTOR('',#4616,1.);
#4616 = DIRECTION('',(0.,0.,1.));
#4617 = PCURVE('',#4557,#4618);
#4618 = DEFINITIONAL_REPRESENTATION('',(#4619),#4623);
#4619 = LINE('',#4620,#4621);
#4620 = CARTESIAN_POINT('',(0.,-46.));
#4621 = VECTOR('',#4622,1.);
#4622 = DIRECTION('',(1.,0.));
#4623 = ( GEOMETRIC_REPRESENTATION_CONTEXT(2) 
PARAMETRIC_REPRESENTATION_CONTEXT() REPRESENTATION_CONTEXT('2D SPACE',''
  ) );
#4624 = PCURVE('',#4625,#4630);
#4625 = PLANE('',#4626);
#4626 = AXIS2_PLACEMENT_3D('',#4627,#4628,#4629);
#4627 = CARTESIAN_POINT('',(0.,46.,0.));
#4628 = DIRECTION('',(-0.,1.,0.));
#4629 = DIRECTION('',(0.,0.,1.));
#4630 = DEFINITIONAL_REPRESENTATION('',(#4631),#4635);
#4631 = LINE('',#4632,#4633);
#4632 = CARTESIAN_POINT('',(0.,0.));
#4633 = VECTOR('',#4634,1.);
#4634 = DIRECTION('',(1.,0.));
#4635 = ( GEOMETRIC_REPRESENTATION_CONTEXT(2) 
PARAMETRIC_REPRESENTATION_CONTEXT() REPRESENTATION_CONTEXT('2D SPACE',''
  ) );
#4636 = ORIENTED_EDGE('',*,*,#4637,.F.);
#4637 = EDGE_CURVE('',#4549,#4610,#4638,.T.);
#4638 = SURFACE_CURVE('',#4639,(#4643,#4650),.PCURVE_S1.);
#4639 = LINE('',#4640,#4641);
#4640 = CARTESIAN_POINT('',(0.,0.,8.));
#4641 = VECTOR('',#4642,1.);
#4642 = DIRECTION('',(-0.,1.,0.));
#4643 = PCURVE('',#4557,#4644);
#4644 = DEFINITIONAL_REPRESENTATION('',(#4645),#4649);
#4645 = LINE('',#4646,#4647);
#4646 = CARTESIAN_POINT('',(8.,0.));
#4647 = VECTOR('',#4648,1.);
#4648 = DIRECTION('',(0.,-1.));
#4649 = ( GEOMETRIC_REPRESENTATION_CONTEXT(2) 
PARAMETRIC_REPRESENTATION_CONTEXT() REPRESENTATION_CONTEXT('2D SPACE',''
  ) );
#4650 = PCURVE('',#4651,#4656);
#4651 = PLANE('',#4652);
#4652 = AXIS2_PLACEMENT_3D('',#4653,#4654,#4655);
#4653 = CARTESIAN_POINT('',(0.,0.,8.));
#4654 = DIRECTION('',(0.,0.,1.));
#4655 = DIRECTION('',(1.,0.,-0.));
#4656 = DEFINITIONAL_REPRESENTATION('',(#4657),#4661);
#4657 = LINE('',#4658,#4659);
#4658 = CARTESIAN_POINT('',(0.,0.));
#4659 = VECTOR('',#4660,1.);
#4660 = DIRECTION('',(0.,1.));
#4661 = ( GEOMETRIC_REPRESENTATION_CONTEXT(2) 
PARAMETRIC_REPRESENTATION_CONTEXT() REPRESENTATION_CONTEXT('2D SPACE',''
  ) );
#4662 = ADVANCED_FACE('',(#4663),#4677,.T.);
#4663 = FACE_BOUND('',#4664,.T.);
#4664 = EDGE_LOOP('',(#4665,#4695,#4718,#4741));
#4665 = ORIENTED_EDGE('',*,*,#4666,.F.);
#4666 = EDGE_CURVE('',#4667,#4669,#4671,.T.);
#4667 = VERTEX_POINT('',#4668);
#4668 = CARTESIAN_POINT('',(7.,0.,0.));
#4669 = VERTEX_POINT('',#4670);
#4670 = CARTESIAN_POINT('',(7.,0.,8.));
#4671 = SURFACE_CURVE('',#4672,(#4676,#4688),.PCURVE_S1.);
#4672 = LINE('',#4673,#4674);
#4673 = CARTESIAN_POINT('',(7.,0.,0.));
#4674 = VECTOR('',#4675,1.);
#4675 = DIRECTION('',(0.,0.,1.));
#4676 = PCURVE('',#4677,#4682);
#4677 = PLANE('',#4678);
#4678 = AXIS2_PLACEMENT_3D('',#4679,#4680,#4681);
#4679 = CARTESIAN_POINT('',(7.,0.,0.));
#4680 = DIRECTION('',(1.,0.,-0.));
#4681 = DIRECTION('',(0.,0.,1.));
#4682 = DEFINITIONAL_REPRESENTATION('',(#4683),#4687);
#4683 = LINE('',#4684,#4685);
#4684 = CARTESIAN_POINT('',(0.,0.));
#4685 = VECTOR('',#4686,1.);
#4686 = DIRECTION('',(1.,0.));
#4687 = ( GEOMETRIC_REPRESENTATION_CONTEXT(2) 
PARAMETRIC_REPRESENTATION_CONTEXT() REPRESENTATION_CONTEXT('2D SPACE',''
  ) );
#4688 = PCURVE('',#4569,#4689);
#4689 = DEFINITIONAL_REPRESENTATION('',(#4690),#4694);
#4690 = LINE('',#4691,#4692);
#4691 = CARTESIAN_POINT('',(0.,7.));
#4692 = VECTOR('',#4693,1.);
#4693 = DIRECTION('',(1.,0.));
#4694 = ( GEOMETRIC_REPRESENTATION_CONTEXT(2) 
PARAMETRIC_REPRESENTATION_CONTEXT() REPRESENTATION_CONTEXT('2D SPACE',''
  ) );
#4695 = ORIENTED_EDGE('',*,*,#4696,.T.);
#4696 = EDGE_CURVE('',#4667,#4697,#4699,.T.);
#4697 = VERTEX_POINT('',#4698);
#4698 = CARTESIAN_POINT('',(7.,46.,0.));
#4699 = SURFACE_CURVE('',#4700,(#4704,#4711),.PCURVE_S1.);
#4700 = LINE('',#4701,#4702);
#4701 = CARTESIAN_POINT('',(7.,0.,0.));
#4702 = VECTOR('',#4703,1.);
#4703 = DIRECTION('',(-0.,1.,0.));
#4704 = PCURVE('',#4677,#4705);
#4705 = DEFINITIONAL_REPRESENTATION('',(#4706),#4710);
#4706 = LINE('',#4707,#4708);
#4707 = CARTESIAN_POINT('',(0.,0.));
#4708 = VECTOR('',#4709,1.);
#4709 = DIRECTION('',(0.,-1.));
#4710 = ( GEOMETRIC_REPRESENTATION_CONTEXT(2) 
PARAMETRIC_REPRESENTATION_CONTEXT() REPRESENTATION_CONTEXT('2D SPACE',''
  ) );
#4711 = PCURVE('',#4597,#4712);
#4712 = DEFINITIONAL_REPRESENTATION('',(#4713),#4717);
#4713 = LINE('',#4714,#4715);
#4714 = CARTESIAN_POINT('',(7.,0.));
#4715 = VECTOR('',#4716,1.);
#4716 = DIRECTION('',(0.,1.));
#4717 = ( GEOMETRIC_REPRESENTATION_CONTEXT(2) 
PARAMETRIC_REPRESENTATION_CONTEXT() REPRESENTATION_CONTEXT('2D SPACE',''
  ) );
#4718 = ORIENTED_EDGE('',*,*,#4719,.T.);
#4719 = EDGE_CURVE('',#4697,#4720,#4722,.T.);
#4720 = VERTEX_POINT('',#4721);
#4721 = CARTESIAN_POINT('',(7.,46.,8.));
#4722 = SURFACE_CURVE('',#4723,(#4727,#4734),.PCURVE_S1.);
#4723 = LINE('',#4724,#4725);
#4724 = CARTESIAN_POINT('',(7.,46.,0.));
#4725 = VECTOR('',#4726,1.);
#4726 = DIRECTION('',(0.,0.,1.));
#4727 = PCURVE('',#4677,#4728);
#4728 = DEFINITIONAL_REPRESENTATION('',(#4729),#4733);
#4729 = LINE('',#4730,#4731);
#4730 = CARTESIAN_POINT('',(0.,-46.));
#4731 = VECTOR('',#4732,1.);
#4732 = DIRECTION('',(1.,0.));
#4733 = ( GEOMETRIC_REPRESENTATION_CONTEXT(2) 
PARAMETRIC_REPRESENTATION_CONTEXT() REPRESENTATION_CONTEXT('2D SPACE',''
  ) );
#4734 = PCURVE('',#4625,#4735);
#4735 = DEFINITIONAL_REPRESENTATION('',(#4736),#4740);
#4736 = LINE('',#4737,#4738);
#4737 = CARTESIAN_POINT('',(0.,7.));
#4738 = VECTOR('',#4739,1.);
#4739 = DIRECTION('',(1.,0.));
#4740 = ( GEOMETRIC_REPRESENTATION_CONTEXT(2) 
PARAMETRIC_REPRESENTATION_CONTEXT() REPRESENTATION_CONTEXT('2D SPACE',''
  ) );
#4741 = ORIENTED_EDGE('',*,*,#4742,.F.);
#4742 = EDGE_CURVE('',#4669,#4720,#4743,.T.);
#4743 = SURFACE_CURVE('',#4744,(#4748,#4755),.PCURVE_S1.);
#4744 = LINE('',#4745,#4746);
#4745 = CARTESIAN_POINT('',(7.,0.,8.));
#4746 = VECTOR('',#4747,1.);
#4747 = DIRECTION('',(-0.,1.,0.));
#4748 = PCURVE('',#4677,#4749);
#4749 = DEFINITIONAL_REPRESENTATION('',(#4750),#4754);
#4750 = LINE('',#4751,#4752);
#4751 = CARTESIAN_POINT('',(8.,0.));
#4752 = VECTOR('',#4753,1.);
#4753 = DIRECTION('',(0.,-1.));
#4754 = ( GEOMETRIC_REPRESENTATION_CONTEXT(2) 
PARAMETRIC_REPRESENTATION_CONTEXT() REPRESENTATION_CONTEXT('2D SPACE',''
  ) );
#4755 = PCURVE('',#4651,#4756);
#4756 = DEFINITIONAL_REPRESENTATION('',(#4757),#4761);
#4757 = LINE('',#4758,#4759);
#4758 = CARTESIAN_POINT('',(7.,0.));
#4759 = VECTOR('',#4760,1.);
#4760 = DIRECTION('',(0.,1.));
#4761 = ( GEOMETRIC_REPRESENTATION_CONTEXT(2) 
PARAMETRIC_REPRESENTATION_CONTEXT() REPRESENTATION_CONTEXT('2D SPACE',''
  ) );
#4762 = ADVANCED_FACE('',(#4763),#4569,.F.);
#4763 = FACE_BOUND('',#4764,.F.);
#4764 = EDGE_LOOP('',(#4765,#4786,#4787,#4808));
#4765 = ORIENTED_EDGE('',*,*,#4766,.F.);
#4766 = EDGE_CURVE('',#4547,#4667,#4767,.T.);
#4767 = SURFACE_CURVE('',#4768,(#4772,#4779),.PCURVE_S1.);
#4768 = LINE('',#4769,#4770);
#4769 = CARTESIAN_POINT('',(0.,0.,0.));
#4770 = VECTOR('',#4771,1.);
#4771 = DIRECTION('',(1.,0.,-0.));
#4772 = PCURVE('',#4569,#4773);
#4773 = DEFINITIONAL_REPRESENTATION('',(#4774),#4778);
#4774 = LINE('',#4775,#4776);
#4775 = CARTESIAN_POINT('',(0.,0.));
#4776 = VECTOR('',#4777,1.);
#4777 = DIRECTION('',(0.,1.));
#4778 = ( GEOMETRIC_REPRESENTATION_CONTEXT(2) 
PARAMETRIC_REPRESENTATION_CONTEXT() REPRESENTATION_CONTEXT('2D SPACE',''
  ) );
#4779 = PCURVE('',#4597,#4780);
#4780 = DEFINITIONAL_REPRESENTATION('',(#4781),#4785);
#4781 = LINE('',#4782,#4783);
#4782 = CARTESIAN_POINT('',(0.,0.));
#4783 = VECTOR('',#4784,1.);
#4784 = DIRECTION('',(1.,0.));
#4785 = ( GEOMETRIC_REPRESENTATION_CONTEXT(2) 
PARAMETRIC_REPRESENTATION_CONTEXT() REPRESENTATION_CONTEXT('2D SPACE',''
  ) );
#4786 = ORIENTED_EDGE('',*,*,#4546,.T.);
#4787 = ORIENTED_EDGE('',*,*,#4788,.T.);
#4788 = EDGE_CURVE('',#4549,#4669,#4789,.T.);
#4789 = SURFACE_CURVE('',#4790,(#4794,#4801),.PCURVE_S1.);
#4790 = LINE('',#4791,#4792);
#4791 = CARTESIAN_POINT('',(0.,0.,8.));
#4792 = VECTOR('',#4793,1.);
#4793 = DIRECTION('',(1.,0.,-0.));
#4794 = PCURVE('',#4569,#4795);
#4795 = DEFINITIONAL_REPRESENTATION('',(#4796),#4800);
#4796 = LINE('',#4797,#4798);
#4797 = CARTESIAN_POINT('',(8.,0.));
#4798 = VECTOR('',#4799,1.);
#4799 = DIRECTION('',(0.,1.));
#4800 = ( GEOMETRIC_REPRESENTATION_CONTEXT(2) 
PARAMETRIC_REPRESENTATION_CONTEXT() REPRESENTATION_CONTEXT('2D SPACE',''
  ) );
#4801 = PCURVE('',#4651,#4802);
#4802 = DEFINITIONAL_REPRESENTATION('',(#4803),#4807);
#4803 = LINE('',#4804,#4805);
#4804 = CARTESIAN_POINT('',(0.,0.));
#4805 = VECTOR('',#4806,1.);
#4806 = DIRECTION('',(1.,0.));
#4807 = ( GEOMETRIC_REPRESENTATION_CONTEXT(2) 
PARAMETRIC_REPRESENTATION_CONTEXT() REPRESENTATION_CONTEXT('2D SPACE',''
  ) );
#4808 = ORIENTED_EDGE('',*,*,#4666,.F.);
#4809 = ADVANCED_FACE('',(#4810),#4625,.T.);
#4810 = FACE_BOUND('',#4811,.T.);
#4811 = EDGE_LOOP('',(#4812,#4833,#4834,#4855));
#4812 = ORIENTED_EDGE('',*,*,#4813,.F.);
#4813 = EDGE_CURVE('',#4582,#4697,#4814,.T.);
#4814 = SURFACE_CURVE('',#4815,(#4819,#4826),.PCURVE_S1.);
#4815 = LINE('',#4816,#4817);
#4816 = CARTESIAN_POINT('',(0.,46.,0.));
#4817 = VECTOR('',#4818,1.);
#4818 = DIRECTION('',(1.,0.,-0.));
#4819 = PCURVE('',#4625,#4820);
#4820 = DEFINITIONAL_REPRESENTATION('',(#4821),#4825);
#4821 = LINE('',#4822,#4823);
#4822 = CARTESIAN_POINT('',(0.,0.));
#4823 = VECTOR('',#4824,1.);
#4824 = DIRECTION('',(0.,1.));
#4825 = ( GEOMETRIC_REPRESENTATION_CONTEXT(2) 
PARAMETRIC_REPRESENTATION_CONTEXT() REPRESENTATION_CONTEXT('2D SPACE',''
  ) );
#4826 = PCURVE('',#4597,#4827);
#4827 = DEFINITIONAL_REPRESENTATION('',(#4828),#4832);
#4828 = LINE('',#4829,#4830);
#4829 = CARTESIAN_POINT('',(0.,46.));
#4830 = VECTOR('',#4831,1.);
#4831 = DIRECTION('',(1.,0.));
#4832 = ( GEOMETRIC_REPRESENTATION_CONTEXT(2) 
PARAMETRIC_REPRESENTATION_CONTEXT() REPRESENTATION_CONTEXT('2D SPACE',''
  ) );
#4833 = ORIENTED_EDGE('',*,*,#4609,.T.);
#4834 = ORIENTED_EDGE('',*,*,#4835,.T.);
#4835 = EDGE_CURVE('',#4610,#4720,#4836,.T.);
#4836 = SURFACE_CURVE('',#4837,(#4841,#4848),.PCURVE_S1.);
#4837 = LINE('',#4838,#4839);
#4838 = CARTESIAN_POINT('',(0.,46.,8.));
#4839 = VECTOR('',#4840,1.);
#4840 = DIRECTION('',(1.,0.,-0.));
#4841 = PCURVE('',#4625,#4842);
#4842 = DEFINITIONAL_REPRESENTATION('',(#4843),#4847);
#4843 = LINE('',#4844,#4845);
#4844 = CARTESIAN_POINT('',(8.,0.));
#4845 = VECTOR('',#4846,1.);
#4846 = DIRECTION('',(0.,1.));
#4847 = ( GEOMETRIC_REPRESENTATION_CONTEXT(2) 
PARAMETRIC_REPRESENTATION_CONTEXT() REPRESENTATION_CONTEXT('2D SPACE',''
  ) );
#4848 = PCURVE('',#4651,#4849);
#4849 = DEFINITIONAL_REPRESENTATION('',(#4850),#4854);
#4850 = LINE('',#4851,#4852);
#4851 = CARTESIAN_POINT('',(0.,46.));
#4852 = VECTOR('',#4853,1.);
#4853 = DIRECTION('',(1.,0.));
#4854 = ( GEOMETRIC_REPRESENTATION_CONTEXT(2) 
PARAMETRIC_REPRESENTATION_CONTEXT() REPRESENTATION_CONTEXT('2D SPACE',''
  ) );
#4855 = ORIENTED_EDGE('',*,*,#4719,.F.);
#4856 = ADVANCED_FACE('',(#4857),#4597,.F.);
#4857 = FACE_BOUND('',#4858,.F.);
#4858 = EDGE_LOOP('',(#4859,#4860,#4861,#4862));
#4859 = ORIENTED_EDGE('',*,*,#4581,.F.);
#4860 = ORIENTED_EDGE('',*,*,#4766,.T.);
#4861 = ORIENTED_EDGE('',*,*,#4696,.T.);
#4862 = ORIENTED_EDGE('',*,*,#4813,.F.);
#4863 = ADVANCED_FACE('',(#4864),#4651,.T.);
#4864 = FACE_BOUND('',#4865,.T.);
#4865 = EDGE_LOOP('',(#4866,#4867,#4868,#4869));
#4866 = ORIENTED_EDGE('',*,*,#4637,.F.);
#4867 = ORIENTED_EDGE('',*,*,#4788,.T.);
#4868 = ORIENTED_EDGE('',*,*,#4742,.T.);
#4869 = ORIENTED_EDGE('',*,*,#4835,.F.);
#4870 = ( GEOMETRIC_REPRESENTATION_CONTEXT(3) 
GLOBAL_UNCERTAINTY_ASSIGNED_CONTEXT((#4874)) 
GLOBAL_UNIT_ASSIGNED_CONTEXT((#4871,#4872,#4873)) REPRESENTATION_CONTEXT
('Context #1','3D Context with UNIT and UNCERTAINTY') );
#4871 = ( LENGTH_UNIT() NAMED_UNIT(*) SI_UNIT(.MILLI.,.METRE.) );
#4872 = ( NAMED_UNIT(*) PLANE_ANGLE_UNIT() SI_UNIT($,.RADIAN.) );
#4873 = ( NAMED_UNIT(*) SI_UNIT($,.STERADIAN.) SOLID_ANGLE_UNIT() );
#4874 = UNCERTAINTY_MEASURE_WITH_UNIT(LENGTH_MEASURE(1.E-07),#4871,
  'distance_accuracy_value','confusion accuracy');
#4875 = CONTEXT_DEPENDENT_SHAPE_REPRESENTATION(#4876,#4878);
#4876 = ( REPRESENTATION_RELATIONSHIP('','',#4539,#4516) 
REPRESENTATION_RELATIONSHIP_WITH_TRANSFORMATION(#4877) 
SHAPE_REPRESENTATION_RELATIONSHIP() );
#4877 = ITEM_DEFINED_TRANSFORMATION('','',#11,#4517);
#4878 = PRODUCT_DEFINITION_SHAPE('Placement','Placement of an item',
  #4879);
#4879 = NEXT_ASSEMBLY_USAGE_OCCURRENCE('11','=>[0:1:1:13]','',#4511,
  #4534,$);
#4880 = PRODUCT_RELATED_PRODUCT_CATEGORY('part',$,(#4536));
#4881 = SHAPE_DEFINITION_REPRESENTATION(#4882,#4888);
#4882 = PRODUCT_DEFINITION_SHAPE('','',#4883);
#4883 = PRODUCT_DEFINITION('design','',#4884,#4887);
#4884 = PRODUCT_DEFINITION_FORMATION('','',#4885);
#4885 = PRODUCT('trackpad_side_carriage_right',
  'trackpad_side_carriage_right','',(#4886));
#4886 = PRODUCT_CONTEXT('',#2,'mechanical');
#4887 = PRODUCT_DEFINITION_CONTEXT('part definition',#2,'design');
#4888 = SHAPE_REPRESENTATION('',(#11,#4889),#4893);
#4889 = AXIS2_PLACEMENT_3D('',#4890,#4891,#4892);
#4890 = CARTESIAN_POINT('',(-3.5,-23.,-4.));
#4891 = DIRECTION('',(0.,0.,1.));
#4892 = DIRECTION('',(1.,0.,-0.));
#4893 = ( GEOMETRIC_REPRESENTATION_CONTEXT(3) 
GLOBAL_UNCERTAINTY_ASSIGNED_CONTEXT((#4897)) 
GLOBAL_UNIT_ASSIGNED_CONTEXT((#4894,#4895,#4896)) REPRESENTATION_CONTEXT
('Context #1','3D Context with UNIT and UNCERTAINTY') );
#4894 = ( LENGTH_UNIT() NAMED_UNIT(*) SI_UNIT(.MILLI.,.METRE.) );
#4895 = ( NAMED_UNIT(*) PLANE_ANGLE_UNIT() SI_UNIT($,.RADIAN.) );
#4896 = ( NAMED_UNIT(*) SI_UNIT($,.STERADIAN.) SOLID_ANGLE_UNIT() );
#4897 = UNCERTAINTY_MEASURE_WITH_UNIT(LENGTH_MEASURE(1.E-07),#4894,
  'distance_accuracy_value','confusion accuracy');
#4898 = CONTEXT_DEPENDENT_SHAPE_REPRESENTATION(#4899,#4901);
#4899 = ( REPRESENTATION_RELATIONSHIP('','',#4888,#10) 
REPRESENTATION_RELATIONSHIP_WITH_TRANSFORMATION(#4900) 
SHAPE_REPRESENTATION_RELATIONSHIP() );
#4900 = ITEM_DEFINED_TRANSFORMATION('','',#11,#39);
#4901 = PRODUCT_DEFINITION_SHAPE('Placement','Placement of an item',
  #4902);
#4902 = NEXT_ASSEMBLY_USAGE_OCCURRENCE('14','=>[0:1:1:14]','',#5,#4883,$
  );
#4903 = PRODUCT_RELATED_PRODUCT_CATEGORY('part',$,(#4885));
#4904 = SHAPE_DEFINITION_REPRESENTATION(#4905,#4911);
#4905 = PRODUCT_DEFINITION_SHAPE('','',#4906);
#4906 = PRODUCT_DEFINITION('design','',#4907,#4910);
#4907 = PRODUCT_DEFINITION_FORMATION('','',#4908);
#4908 = PRODUCT('SOLID','SOLID','',(#4909));
#4909 = PRODUCT_CONTEXT('',#2,'mechanical');
#4910 = PRODUCT_DEFINITION_CONTEXT('part definition',#2,'design');
#4911 = ADVANCED_BREP_SHAPE_REPRESENTATION('',(#11,#4912),#5242);
#4912 = MANIFOLD_SOLID_BREP('',#4913);
#4913 = CLOSED_SHELL('',(#4914,#5034,#5134,#5181,#5228,#5235));
#4914 = ADVANCED_FACE('',(#4915),#4929,.F.);
#4915 = FACE_BOUND('',#4916,.F.);
#4916 = EDGE_LOOP('',(#4917,#4952,#4980,#5008));
#4917 = ORIENTED_EDGE('',*,*,#4918,.F.);
#4918 = EDGE_CURVE('',#4919,#4921,#4923,.T.);
#4919 = VERTEX_POINT('',#4920);
#4920 = CARTESIAN_POINT('',(0.,0.,0.));
#4921 = VERTEX_POINT('',#4922);
#4922 = CARTESIAN_POINT('',(0.,0.,8.));
#4923 = SURFACE_CURVE('',#4924,(#4928,#4940),.PCURVE_S1.);
#4924 = LINE('',#4925,#4926);
#4925 = CARTESIAN_POINT('',(0.,0.,0.));
#4926 = VECTOR('',#4927,1.);
#4927 = DIRECTION('',(0.,0.,1.));
#4928 = PCURVE('',#4929,#4934);
#4929 = PLANE('',#4930);
#4930 = AXIS2_PLACEMENT_3D('',#4931,#4932,#4933);
#4931 = CARTESIAN_POINT('',(0.,0.,0.));
#4932 = DIRECTION('',(1.,0.,-0.));
#4933 = DIRECTION('',(0.,0.,1.));
#4934 = DEFINITIONAL_REPRESENTATION('',(#4935),#4939);
#4935 = LINE('',#4936,#4937);
#4936 = CARTESIAN_POINT('',(0.,0.));
#4937 = VECTOR('',#4938,1.);
#4938 = DIRECTION('',(1.,0.));
#4939 = ( GEOMETRIC_REPRESENTATION_CONTEXT(2) 
PARAMETRIC_REPRESENTATION_CONTEXT() REPRESENTATION_CONTEXT('2D SPACE',''
  ) );
#4940 = PCURVE('',#4941,#4946);
#4941 = PLANE('',#4942);
#4942 = AXIS2_PLACEMENT_3D('',#4943,#4944,#4945);
#4943 = CARTESIAN_POINT('',(0.,0.,0.));
#4944 = DIRECTION('',(-0.,1.,0.));
#4945 = DIRECTION('',(0.,0.,1.));
#4946 = DEFINITIONAL_REPRESENTATION('',(#4947),#4951);
#4947 = LINE('',#4948,#4949);
#4948 = CARTESIAN_POINT('',(0.,0.));
#4949 = VECTOR('',#4950,1.);
#4950 = DIRECTION('',(1.,0.));
#4951 = ( GEOMETRIC_REPRESENTATION_CONTEXT(2) 
PARAMETRIC_REPRESENTATION_CONTEXT() REPRESENTATION_CONTEXT('2D SPACE',''
  ) );
#4952 = ORIENTED_EDGE('',*,*,#4953,.T.);
#4953 = EDGE_CURVE('',#4919,#4954,#4956,.T.);
#4954 = VERTEX_POINT('',#4955);
#4955 = CARTESIAN_POINT('',(0.,46.,0.));
#4956 = SURFACE_CURVE('',#4957,(#4961,#4968),.PCURVE_S1.);
#4957 = LINE('',#4958,#4959);
#4958 = CARTESIAN_POINT('',(0.,0.,0.));
#4959 = VECTOR('',#4960,1.);
#4960 = DIRECTION('',(-0.,1.,0.));
#4961 = PCURVE('',#4929,#4962);
#4962 = DEFINITIONAL_REPRESENTATION('',(#4963),#4967);
#4963 = LINE('',#4964,#4965);
#4964 = CARTESIAN_POINT('',(0.,0.));
#4965 = VECTOR('',#4966,1.);
#4966 = DIRECTION('',(0.,-1.));
#4967 = ( GEOMETRIC_REPRESENTATION_CONTEXT(2) 
PARAMETRIC_REPRESENTATION_CONTEXT() REPRESENTATION_CONTEXT('2D SPACE',''
  ) );
#4968 = PCURVE('',#4969,#4974);
#4969 = PLANE('',#4970);
#4970 = AXIS2_PLACEMENT_3D('',#4971,#4972,#4973);
#4971 = CARTESIAN_POINT('',(0.,0.,0.));
#4972 = DIRECTION('',(0.,0.,1.));
#4973 = DIRECTION('',(1.,0.,-0.));
#4974 = DEFINITIONAL_REPRESENTATION('',(#4975),#4979);
#4975 = LINE('',#4976,#4977);
#4976 = CARTESIAN_POINT('',(0.,0.));
#4977 = VECTOR('',#4978,1.);
#4978 = DIRECTION('',(0.,1.));
#4979 = ( GEOMETRIC_REPRESENTATION_CONTEXT(2) 
PARAMETRIC_REPRESENTATION_CONTEXT() REPRESENTATION_CONTEXT('2D SPACE',''
  ) );
#4980 = ORIENTED_EDGE('',*,*,#4981,.T.);
#4981 = EDGE_CURVE('',#4954,#4982,#4984,.T.);
#4982 = VERTEX_POINT('',#4983);
#4983 = CARTESIAN_POINT('',(0.,46.,8.));
#4984 = SURFACE_CURVE('',#4985,(#4989,#4996),.PCURVE_S1.);
#4985 = LINE('',#4986,#4987);
#4986 = CARTESIAN_POINT('',(0.,46.,0.));
#4987 = VECTOR('',#4988,1.);
#4988 = DIRECTION('',(0.,0.,1.));
#4989 = PCURVE('',#4929,#4990);
#4990 = DEFINITIONAL_REPRESENTATION('',(#4991),#4995);
#4991 = LINE('',#4992,#4993);
#4992 = CARTESIAN_POINT('',(0.,-46.));
#4993 = VECTOR('',#4994,1.);
#4994 = DIRECTION('',(1.,0.));
#4995 = ( GEOMETRIC_REPRESENTATION_CONTEXT(2) 
PARAMETRIC_REPRESENTATION_CONTEXT() REPRESENTATION_CONTEXT('2D SPACE',''
  ) );
#4996 = PCURVE('',#4997,#5002);
#4997 = PLANE('',#4998);
#4998 = AXIS2_PLACEMENT_3D('',#4999,#5000,#5001);
#4999 = CARTESIAN_POINT('',(0.,46.,0.));
#5000 = DIRECTION('',(-0.,1.,0.));
#5001 = DIRECTION('',(0.,0.,1.));
#5002 = DEFINITIONAL_REPRESENTATION('',(#5003),#5007);
#5003 = LINE('',#5004,#5005);
#5004 = CARTESIAN_POINT('',(0.,0.));
#5005 = VECTOR('',#5006,1.);
#5006 = DIRECTION('',(1.,0.));
#5007 = ( GEOMETRIC_REPRESENTATION_CONTEXT(2) 
PARAMETRIC_REPRESENTATION_CONTEXT() REPRESENTATION_CONTEXT('2D SPACE',''
  ) );
#5008 = ORIENTED_EDGE('',*,*,#5009,.F.);
#5009 = EDGE_CURVE('',#4921,#4982,#5010,.T.);
#5010 = SURFACE_CURVE('',#5011,(#5015,#5022),.PCURVE_S1.);
#5011 = LINE('',#5012,#5013);
#5012 = CARTESIAN_POINT('',(0.,0.,8.));
#5013 = VECTOR('',#5014,1.);
#5014 = DIRECTION('',(-0.,1.,0.));
#5015 = PCURVE('',#4929,#5016);
#5016 = DEFINITIONAL_REPRESENTATION('',(#5017),#5021);
#5017 = LINE('',#5018,#5019);
#5018 = CARTESIAN_POINT('',(8.,0.));
#5019 = VECTOR('',#5020,1.);
#5020 = DIRECTION('',(0.,-1.));
#5021 = ( GEOMETRIC_REPRESENTATION_CONTEXT(2) 
PARAMETRIC_REPRESENTATION_CONTEXT() REPRESENTATION_CONTEXT('2D SPACE',''
  ) );
#5022 = PCURVE('',#5023,#5028);
#5023 = PLANE('',#5024);
#5024 = AXIS2_PLACEMENT_3D('',#5025,#5026,#5027);
#5025 = CARTESIAN_POINT('',(0.,0.,8.));
#5026 = DIRECTION('',(0.,0.,1.));
#5027 = DIRECTION('',(1.,0.,-0.));
#5028 = DEFINITIONAL_REPRESENTATION('',(#5029),#5033);
#5029 = LINE('',#5030,#5031);
#5030 = CARTESIAN_POINT('',(0.,0.));
#5031 = VECTOR('',#5032,1.);
#5032 = DIRECTION('',(0.,1.));
#5033 = ( GEOMETRIC_REPRESENTATION_CONTEXT(2) 
PARAMETRIC_REPRESENTATION_CONTEXT() REPRESENTATION_CONTEXT('2D SPACE',''
  ) );
#5034 = ADVANCED_FACE('',(#5035),#5049,.T.);
#5035 = FACE_BOUND('',#5036,.T.);
#5036 = EDGE_LOOP('',(#5037,#5067,#5090,#5113));
#5037 = ORIENTED_EDGE('',*,*,#5038,.F.);
#5038 = EDGE_CURVE('',#5039,#5041,#5043,.T.);
#5039 = VERTEX_POINT('',#5040);
#5040 = CARTESIAN_POINT('',(7.,0.,0.));
#5041 = VERTEX_POINT('',#5042);
#5042 = CARTESIAN_POINT('',(7.,0.,8.));
#5043 = SURFACE_CURVE('',#5044,(#5048,#5060),.PCURVE_S1.);
#5044 = LINE('',#5045,#5046);
#5045 = CARTESIAN_POINT('',(7.,0.,0.));
#5046 = VECTOR('',#5047,1.);
#5047 = DIRECTION('',(0.,0.,1.));
#5048 = PCURVE('',#5049,#5054);
#5049 = PLANE('',#5050);
#5050 = AXIS2_PLACEMENT_3D('',#5051,#5052,#5053);
#5051 = CARTESIAN_POINT('',(7.,0.,0.));
#5052 = DIRECTION('',(1.,0.,-0.));
#5053 = DIRECTION('',(0.,0.,1.));
#5054 = DEFINITIONAL_REPRESENTATION('',(#5055),#5059);
#5055 = LINE('',#5056,#5057);
#5056 = CARTESIAN_POINT('',(0.,0.));
#5057 = VECTOR('',#5058,1.);
#5058 = DIRECTION('',(1.,0.));
#5059 = ( GEOMETRIC_REPRESENTATION_CONTEXT(2) 
PARAMETRIC_REPRESENTATION_CONTEXT() REPRESENTATION_CONTEXT('2D SPACE',''
  ) );
#5060 = PCURVE('',#4941,#5061);
#5061 = DEFINITIONAL_REPRESENTATION('',(#5062),#5066);
#5062 = LINE('',#5063,#5064);
#5063 = CARTESIAN_POINT('',(0.,7.));
#5064 = VECTOR('',#5065,1.);
#5065 = DIRECTION('',(1.,0.));
#5066 = ( GEOMETRIC_REPRESENTATION_CONTEXT(2) 
PARAMETRIC_REPRESENTATION_CONTEXT() REPRESENTATION_CONTEXT('2D SPACE',''
  ) );
#5067 = ORIENTED_EDGE('',*,*,#5068,.T.);
#5068 = EDGE_CURVE('',#5039,#5069,#5071,.T.);
#5069 = VERTEX_POINT('',#5070);
#5070 = CARTESIAN_POINT('',(7.,46.,0.));
#5071 = SURFACE_CURVE('',#5072,(#5076,#5083),.PCURVE_S1.);
#5072 = LINE('',#5073,#5074);
#5073 = CARTESIAN_POINT('',(7.,0.,0.));
#5074 = VECTOR('',#5075,1.);
#5075 = DIRECTION('',(-0.,1.,0.));
#5076 = PCURVE('',#5049,#5077);
#5077 = DEFINITIONAL_REPRESENTATION('',(#5078),#5082);
#5078 = LINE('',#5079,#5080);
#5079 = CARTESIAN_POINT('',(0.,0.));
#5080 = VECTOR('',#5081,1.);
#5081 = DIRECTION('',(0.,-1.));
#5082 = ( GEOMETRIC_REPRESENTATION_CONTEXT(2) 
PARAMETRIC_REPRESENTATION_CONTEXT() REPRESENTATION_CONTEXT('2D SPACE',''
  ) );
#5083 = PCURVE('',#4969,#5084);
#5084 = DEFINITIONAL_REPRESENTATION('',(#5085),#5089);
#5085 = LINE('',#5086,#5087);
#5086 = CARTESIAN_POINT('',(7.,0.));
#5087 = VECTOR('',#5088,1.);
#5088 = DIRECTION('',(0.,1.));
#5089 = ( GEOMETRIC_REPRESENTATION_CONTEXT(2) 
PARAMETRIC_REPRESENTATION_CONTEXT() REPRESENTATION_CONTEXT('2D SPACE',''
  ) );
#5090 = ORIENTED_EDGE('',*,*,#5091,.T.);
#5091 = EDGE_CURVE('',#5069,#5092,#5094,.T.);
#5092 = VERTEX_POINT('',#5093);
#5093 = CARTESIAN_POINT('',(7.,46.,8.));
#5094 = SURFACE_CURVE('',#5095,(#5099,#5106),.PCURVE_S1.);
#5095 = LINE('',#5096,#5097);
#5096 = CARTESIAN_POINT('',(7.,46.,0.));
#5097 = VECTOR('',#5098,1.);
#5098 = DIRECTION('',(0.,0.,1.));
#5099 = PCURVE('',#5049,#5100);
#5100 = DEFINITIONAL_REPRESENTATION('',(#5101),#5105);
#5101 = LINE('',#5102,#5103);
#5102 = CARTESIAN_POINT('',(0.,-46.));
#5103 = VECTOR('',#5104,1.);
#5104 = DIRECTION('',(1.,0.));
#5105 = ( GEOMETRIC_REPRESENTATION_CONTEXT(2) 
PARAMETRIC_REPRESENTATION_CONTEXT() REPRESENTATION_CONTEXT('2D SPACE',''
  ) );
#5106 = PCURVE('',#4997,#5107);
#5107 = DEFINITIONAL_REPRESENTATION('',(#5108),#5112);
#5108 = LINE('',#5109,#5110);
#5109 = CARTESIAN_POINT('',(0.,7.));
#5110 = VECTOR('',#5111,1.);
#5111 = DIRECTION('',(1.,0.));
#5112 = ( GEOMETRIC_REPRESENTATION_CONTEXT(2) 
PARAMETRIC_REPRESENTATION_CONTEXT() REPRESENTATION_CONTEXT('2D SPACE',''
  ) );
#5113 = ORIENTED_EDGE('',*,*,#5114,.F.);
#5114 = EDGE_CURVE('',#5041,#5092,#5115,.T.);
#5115 = SURFACE_CURVE('',#5116,(#5120,#5127),.PCURVE_S1.);
#5116 = LINE('',#5117,#5118);
#5117 = CARTESIAN_POINT('',(7.,0.,8.));
#5118 = VECTOR('',#5119,1.);
#5119 = DIRECTION('',(-0.,1.,0.));
#5120 = PCURVE('',#5049,#5121);
#5121 = DEFINITIONAL_REPRESENTATION('',(#5122),#5126);
#5122 = LINE('',#5123,#5124);
#5123 = CARTESIAN_POINT('',(8.,0.));
#5124 = VECTOR('',#5125,1.);
#5125 = DIRECTION('',(0.,-1.));
#5126 = ( GEOMETRIC_REPRESENTATION_CONTEXT(2) 
PARAMETRIC_REPRESENTATION_CONTEXT() REPRESENTATION_CONTEXT('2D SPACE',''
  ) );
#5127 = PCURVE('',#5023,#5128);
#5128 = DEFINITIONAL_REPRESENTATION('',(#5129),#5133);
#5129 = LINE('',#5130,#5131);
#5130 = CARTESIAN_POINT('',(7.,0.));
#5131 = VECTOR('',#5132,1.);
#5132 = DIRECTION('',(0.,1.));
#5133 = ( GEOMETRIC_REPRESENTATION_CONTEXT(2) 
PARAMETRIC_REPRESENTATION_CONTEXT() REPRESENTATION_CONTEXT('2D SPACE',''
  ) );
#5134 = ADVANCED_FACE('',(#5135),#4941,.F.);
#5135 = FACE_BOUND('',#5136,.F.);
#5136 = EDGE_LOOP('',(#5137,#5158,#5159,#5180));
#5137 = ORIENTED_EDGE('',*,*,#5138,.F.);
#5138 = EDGE_CURVE('',#4919,#5039,#5139,.T.);
#5139 = SURFACE_CURVE('',#5140,(#5144,#5151),.PCURVE_S1.);
#5140 = LINE('',#5141,#5142);
#5141 = CARTESIAN_POINT('',(0.,0.,0.));
#5142 = VECTOR('',#5143,1.);
#5143 = DIRECTION('',(1.,0.,-0.));
#5144 = PCURVE('',#4941,#5145);
#5145 = DEFINITIONAL_REPRESENTATION('',(#5146),#5150);
#5146 = LINE('',#5147,#5148);
#5147 = CARTESIAN_POINT('',(0.,0.));
#5148 = VECTOR('',#5149,1.);
#5149 = DIRECTION('',(0.,1.));
#5150 = ( GEOMETRIC_REPRESENTATION_CONTEXT(2) 
PARAMETRIC_REPRESENTATION_CONTEXT() REPRESENTATION_CONTEXT('2D SPACE',''
  ) );
#5151 = PCURVE('',#4969,#5152);
#5152 = DEFINITIONAL_REPRESENTATION('',(#5153),#5157);
#5153 = LINE('',#5154,#5155);
#5154 = CARTESIAN_POINT('',(0.,0.));
#5155 = VECTOR('',#5156,1.);
#5156 = DIRECTION('',(1.,0.));
#5157 = ( GEOMETRIC_REPRESENTATION_CONTEXT(2) 
PARAMETRIC_REPRESENTATION_CONTEXT() REPRESENTATION_CONTEXT('2D SPACE',''
  ) );
#5158 = ORIENTED_EDGE('',*,*,#4918,.T.);
#5159 = ORIENTED_EDGE('',*,*,#5160,.T.);
#5160 = EDGE_CURVE('',#4921,#5041,#5161,.T.);
#5161 = SURFACE_CURVE('',#5162,(#5166,#5173),.PCURVE_S1.);
#5162 = LINE('',#5163,#5164);
#5163 = CARTESIAN_POINT('',(0.,0.,8.));
#5164 = VECTOR('',#5165,1.);
#5165 = DIRECTION('',(1.,0.,-0.));
#5166 = PCURVE('',#4941,#5167);
#5167 = DEFINITIONAL_REPRESENTATION('',(#5168),#5172);
#5168 = LINE('',#5169,#5170);
#5169 = CARTESIAN_POINT('',(8.,0.));
#5170 = VECTOR('',#5171,1.);
#5171 = DIRECTION('',(0.,1.));
#5172 = ( GEOMETRIC_REPRESENTATION_CONTEXT(2) 
PARAMETRIC_REPRESENTATION_CONTEXT() REPRESENTATION_CONTEXT('2D SPACE',''
  ) );
#5173 = PCURVE('',#5023,#5174);
#5174 = DEFINITIONAL_REPRESENTATION('',(#5175),#5179);
#5175 = LINE('',#5176,#5177);
#5176 = CARTESIAN_POINT('',(0.,0.));
#5177 = VECTOR('',#5178,1.);
#5178 = DIRECTION('',(1.,0.));
#5179 = ( GEOMETRIC_REPRESENTATION_CONTEXT(2) 
PARAMETRIC_REPRESENTATION_CONTEXT() REPRESENTATION_CONTEXT('2D SPACE',''
  ) );
#5180 = ORIENTED_EDGE('',*,*,#5038,.F.);
#5181 = ADVANCED_FACE('',(#5182),#4997,.T.);
#5182 = FACE_BOUND('',#5183,.T.);
#5183 = EDGE_LOOP('',(#5184,#5205,#5206,#5227));
#5184 = ORIENTED_EDGE('',*,*,#5185,.F.);
#5185 = EDGE_CURVE('',#4954,#5069,#5186,.T.);
#5186 = SURFACE_CURVE('',#5187,(#5191,#5198),.PCURVE_S1.);
#5187 = LINE('',#5188,#5189);
#5188 = CARTESIAN_POINT('',(0.,46.,0.));
#5189 = VECTOR('',#5190,1.);
#5190 = DIRECTION('',(1.,0.,-0.));
#5191 = PCURVE('',#4997,#5192);
#5192 = DEFINITIONAL_REPRESENTATION('',(#5193),#5197);
#5193 = LINE('',#5194,#5195);
#5194 = CARTESIAN_POINT('',(0.,0.));
#5195 = VECTOR('',#5196,1.);
#5196 = DIRECTION('',(0.,1.));
#5197 = ( GEOMETRIC_REPRESENTATION_CONTEXT(2) 
PARAMETRIC_REPRESENTATION_CONTEXT() REPRESENTATION_CONTEXT('2D SPACE',''
  ) );
#5198 = PCURVE('',#4969,#5199);
#5199 = DEFINITIONAL_REPRESENTATION('',(#5200),#5204);
#5200 = LINE('',#5201,#5202);
#5201 = CARTESIAN_POINT('',(0.,46.));
#5202 = VECTOR('',#5203,1.);
#5203 = DIRECTION('',(1.,0.));
#5204 = ( GEOMETRIC_REPRESENTATION_CONTEXT(2) 
PARAMETRIC_REPRESENTATION_CONTEXT() REPRESENTATION_CONTEXT('2D SPACE',''
  ) );
#5205 = ORIENTED_EDGE('',*,*,#4981,.T.);
#5206 = ORIENTED_EDGE('',*,*,#5207,.T.);
#5207 = EDGE_CURVE('',#4982,#5092,#5208,.T.);
#5208 = SURFACE_CURVE('',#5209,(#5213,#5220),.PCURVE_S1.);
#5209 = LINE('',#5210,#5211);
#5210 = CARTESIAN_POINT('',(0.,46.,8.));
#5211 = VECTOR('',#5212,1.);
#5212 = DIRECTION('',(1.,0.,-0.));
#5213 = PCURVE('',#4997,#5214);
#5214 = DEFINITIONAL_REPRESENTATION('',(#5215),#5219);
#5215 = LINE('',#5216,#5217);
#5216 = CARTESIAN_POINT('',(8.,0.));
#5217 = VECTOR('',#5218,1.);
#5218 = DIRECTION('',(0.,1.));
#5219 = ( GEOMETRIC_REPRESENTATION_CONTEXT(2) 
PARAMETRIC_REPRESENTATION_CONTEXT() REPRESENTATION_CONTEXT('2D SPACE',''
  ) );
#5220 = PCURVE('',#5023,#5221);
#5221 = DEFINITIONAL_REPRESENTATION('',(#5222),#5226);
#5222 = LINE('',#5223,#5224);
#5223 = CARTESIAN_POINT('',(0.,46.));
#5224 = VECTOR('',#5225,1.);
#5225 = DIRECTION('',(1.,0.));
#5226 = ( GEOMETRIC_REPRESENTATION_CONTEXT(2) 
PARAMETRIC_REPRESENTATION_CONTEXT() REPRESENTATION_CONTEXT('2D SPACE',''
  ) );
#5227 = ORIENTED_EDGE('',*,*,#5091,.F.);
#5228 = ADVANCED_FACE('',(#5229),#4969,.F.);
#5229 = FACE_BOUND('',#5230,.F.);
#5230 = EDGE_LOOP('',(#5231,#5232,#5233,#5234));
#5231 = ORIENTED_EDGE('',*,*,#4953,.F.);
#5232 = ORIENTED_EDGE('',*,*,#5138,.T.);
#5233 = ORIENTED_EDGE('',*,*,#5068,.T.);
#5234 = ORIENTED_EDGE('',*,*,#5185,.F.);
#5235 = ADVANCED_FACE('',(#5236),#5023,.T.);
#5236 = FACE_BOUND('',#5237,.T.);
#5237 = EDGE_LOOP('',(#5238,#5239,#5240,#5241));
#5238 = ORIENTED_EDGE('',*,*,#5009,.F.);
#5239 = ORIENTED_EDGE('',*,*,#5160,.T.);
#5240 = ORIENTED_EDGE('',*,*,#5114,.T.);
#5241 = ORIENTED_EDGE('',*,*,#5207,.F.);
#5242 = ( GEOMETRIC_REPRESENTATION_CONTEXT(3) 
GLOBAL_UNCERTAINTY_ASSIGNED_CONTEXT((#5246)) 
GLOBAL_UNIT_ASSIGNED_CONTEXT((#5243,#5244,#5245)) REPRESENTATION_CONTEXT
('Context #1','3D Context with UNIT and UNCERTAINTY') );
#5243 = ( LENGTH_UNIT() NAMED_UNIT(*) SI_UNIT(.MILLI.,.METRE.) );
#5244 = ( NAMED_UNIT(*) PLANE_ANGLE_UNIT() SI_UNIT($,.RADIAN.) );
#5245 = ( NAMED_UNIT(*) SI_UNIT($,.STERADIAN.) SOLID_ANGLE_UNIT() );
#5246 = UNCERTAINTY_MEASURE_WITH_UNIT(LENGTH_MEASURE(1.E-07),#5243,
  'distance_accuracy_value','confusion accuracy');
#5247 = CONTEXT_DEPENDENT_SHAPE_REPRESENTATION(#5248,#5250);
#5248 = ( REPRESENTATION_RELATIONSHIP('','',#4911,#4888) 
REPRESENTATION_RELATIONSHIP_WITH_TRANSFORMATION(#5249) 
SHAPE_REPRESENTATION_RELATIONSHIP() );
#5249 = ITEM_DEFINED_TRANSFORMATION('','',#11,#4889);
#5250 = PRODUCT_DEFINITION_SHAPE('Placement','Placement of an item',
  #5251);
#5251 = NEXT_ASSEMBLY_USAGE_OCCURRENCE('13','=>[0:1:1:15]','',#4883,
  #4906,$);
#5252 = PRODUCT_RELATED_PRODUCT_CATEGORY('part',$,(#4908));
#5253 = SHAPE_DEFINITION_REPRESENTATION(#5254,#5260);
#5254 = PRODUCT_DEFINITION_SHAPE('','',#5255);
#5255 = PRODUCT_DEFINITION('design','',#5256,#5259);
#5256 = PRODUCT_DEFINITION_FORMATION('','',#5257);
#5257 = PRODUCT('keyboard_fixed_guide_left','keyboard_fixed_guide_left',
  '',(#5258));
#5258 = PRODUCT_CONTEXT('',#2,'mechanical');
#5259 = PRODUCT_DEFINITION_CONTEXT('part definition',#2,'design');
#5260 = SHAPE_REPRESENTATION('',(#11,#5261),#5265);
#5261 = AXIS2_PLACEMENT_3D('',#5262,#5263,#5264);
#5262 = CARTESIAN_POINT('',(0.,0.,0.));
#5263 = DIRECTION('',(0.,0.,1.));
#5264 = DIRECTION('',(1.,0.,-0.));
#5265 = ( GEOMETRIC_REPRESENTATION_CONTEXT(3) 
GLOBAL_UNCERTAINTY_ASSIGNED_CONTEXT((#5269)) 
GLOBAL_UNIT_ASSIGNED_CONTEXT((#5266,#5267,#5268)) REPRESENTATION_CONTEXT
('Context #1','3D Context with UNIT and UNCERTAINTY') );
#5266 = ( LENGTH_UNIT() NAMED_UNIT(*) SI_UNIT(.MILLI.,.METRE.) );
#5267 = ( NAMED_UNIT(*) PLANE_ANGLE_UNIT() SI_UNIT($,.RADIAN.) );
#5268 = ( NAMED_UNIT(*) SI_UNIT($,.STERADIAN.) SOLID_ANGLE_UNIT() );
#5269 = UNCERTAINTY_MEASURE_WITH_UNIT(LENGTH_MEASURE(1.E-07),#5266,
  'distance_accuracy_value','confusion accuracy');
#5270 = CONTEXT_DEPENDENT_SHAPE_REPRESENTATION(#5271,#5273);
#5271 = ( REPRESENTATION_RELATIONSHIP('','',#5260,#10) 
REPRESENTATION_RELATIONSHIP_WITH_TRANSFORMATION(#5272) 
SHAPE_REPRESENTATION_RELATIONSHIP() );
#5272 = ITEM_DEFINED_TRANSFORMATION('','',#11,#43);
#5273 = PRODUCT_DEFINITION_SHAPE('Placement','Placement of an item',
  #5274);
#5274 = NEXT_ASSEMBLY_USAGE_OCCURRENCE('16','=>[0:1:1:16]','',#5,#5255,$
  );
#5275 = PRODUCT_RELATED_PRODUCT_CATEGORY('part',$,(#5257));
#5276 = SHAPE_DEFINITION_REPRESENTATION(#5277,#5283);
#5277 = PRODUCT_DEFINITION_SHAPE('','',#5278);
#5278 = PRODUCT_DEFINITION('design','',#5279,#5282);
#5279 = PRODUCT_DEFINITION_FORMATION('','',#5280);
#5280 = PRODUCT('SOLID','SOLID','',(#5281));
#5281 = PRODUCT_CONTEXT('',#2,'mechanical');
#5282 = PRODUCT_DEFINITION_CONTEXT('part definition',#2,'design');
#5283 = ADVANCED_BREP_SHAPE_REPRESENTATION('',(#11,#5284),#5926);
#5284 = MANIFOLD_SOLID_BREP('',#5285);
#5285 = CLOSED_SHELL('',(#5286,#5520,#5596,#5644,#5693,#5721,#5792,#5839
    ,#5888,#5913));
#5286 = ADVANCED_FACE('',(#5287,#5408),#5302,.F.);
#5287 = FACE_BOUND('',#5288,.F.);
#5288 = EDGE_LOOP('',(#5289,#5325,#5353,#5382));
#5289 = ORIENTED_EDGE('',*,*,#5290,.T.);
#5290 = EDGE_CURVE('',#5291,#5293,#5295,.T.);
#5291 = VERTEX_POINT('',#5292);
#5292 = CARTESIAN_POINT('',(-152.5,7.521980673999,3.148839719251));
#5293 = VERTEX_POINT('',#5294);
#5294 = CARTESIAN_POINT('',(-152.5,11.994116628998,12.09311162925));
#5295 = SURFACE_CURVE('',#5296,(#5301,#5313),.PCURVE_S1.);
#5296 = CIRCLE('',#5297,5.);
#5297 = AXIS2_PLACEMENT_3D('',#5298,#5299,#5300);
#5298 = CARTESIAN_POINT('',(-152.5,9.758048651499,7.620975674251));
#5299 = DIRECTION('',(1.,9.930136612989E-17,1.986027322598E-16));
#5300 = DIRECTION('',(2.22044604925E-16,-0.4472135955,-0.894427191));
#5301 = PCURVE('',#5302,#5307);
#5302 = PLANE('',#5303);
#5303 = AXIS2_PLACEMENT_3D('',#5304,#5305,#5306);
#5304 = CARTESIAN_POINT('',(-152.5,-51.99411662899,32.90688837075));
#5305 = DIRECTION('',(1.,0.,-0.));
#5306 = DIRECTION('',(0.,0.4472135955,0.894427191));
#5307 = DEFINITIONAL_REPRESENTATION('',(#5308),#5312);
#5308 = CIRCLE('',#5309,5.);
#5309 = AXIS2_PLACEMENT_2D('',#5310,#5311);
#5310 = CARTESIAN_POINT('',(5.,-66.54101966249));
#5311 = DIRECTION('',(-1.,0.));
#5312 = ( GEOMETRIC_REPRESENTATION_CONTEXT(2) 
PARAMETRIC_REPRESENTATION_CONTEXT() REPRESENTATION_CONTEXT('2D SPACE',''
  ) );
#5313 = PCURVE('',#5314,#5319);
#5314 = CYLINDRICAL_SURFACE('',#5315,5.);
#5315 = AXIS2_PLACEMENT_3D('',#5316,#5317,#5318);
#5316 = CARTESIAN_POINT('',(-152.5,9.758048651499,7.620975674251));
#5317 = DIRECTION('',(1.,9.930136612989E-17,1.986027322598E-16));
#5318 = DIRECTION('',(2.22044604925E-16,-0.4472135955,-0.894427191));
#5319 = DEFINITIONAL_REPRESENTATION('',(#5320),#5324);
#5320 = LINE('',#5321,#5322);
#5321 = CARTESIAN_POINT('',(0.,0.));
#5322 = VECTOR('',#5323,1.);
#5323 = DIRECTION('',(1.,0.));
#5324 = ( GEOMETRIC_REPRESENTATION_CONTEXT(2) 
PARAMETRIC_REPRESENTATION_CONTEXT() REPRESENTATION_CONTEXT('2D SPACE',''
  ) );
#5325 = ORIENTED_EDGE('',*,*,#5326,.F.);
#5326 = EDGE_CURVE('',#5327,#5293,#5329,.T.);
#5327 = VERTEX_POINT('',#5328);
#5328 = CARTESIAN_POINT('',(-152.5,-47.52198067399,41.851160280749));
#5329 = SURFACE_CURVE('',#5330,(#5334,#5341),.PCURVE_S1.);
#5330 = LINE('',#5331,#5332);
#5331 = CARTESIAN_POINT('',(-152.5,-47.52198067399,41.851160280749));
#5332 = VECTOR('',#5333,1.);
#5333 = DIRECTION('',(0.,0.894427191,-0.4472135955));
#5334 = PCURVE('',#5302,#5335);
#5335 = DEFINITIONAL_REPRESENTATION('',(#5336),#5340);
#5336 = LINE('',#5337,#5338);
#5337 = CARTESIAN_POINT('',(10.,0.));
#5338 = VECTOR('',#5339,1.);
#5339 = DIRECTION('',(0.,-1.));
#5340 = ( GEOMETRIC_REPRESENTATION_CONTEXT(2) 
PARAMETRIC_REPRESENTATION_CONTEXT() REPRESENTATION_CONTEXT('2D SPACE',''
  ) );
#5341 = PCURVE('',#5342,#5347);
#5342 = PLANE('',#5343);
#5343 = AXIS2_PLACEMENT_3D('',#5344,#5345,#5346);
#5344 = CARTESIAN_POINT('',(-152.5,-47.52198067399,41.851160280749));
#5345 = DIRECTION('',(0.,0.4472135955,0.894427191));
#5346 = DIRECTION('',(1.,0.,-0.));
#5347 = DEFINITIONAL_REPRESENTATION('',(#5348),#5352);
#5348 = LINE('',#5349,#5350);
#5349 = CARTESIAN_POINT('',(0.,0.));
#5350 = VECTOR('',#5351,1.);
#5351 = DIRECTION('',(0.,1.));
#5352 = ( GEOMETRIC_REPRESENTATION_CONTEXT(2) 
PARAMETRIC_REPRESENTATION_CONTEXT() REPRESENTATION_CONTEXT('2D SPACE',''
  ) );
#5353 = ORIENTED_EDGE('',*,*,#5354,.T.);
#5354 = EDGE_CURVE('',#5327,#5355,#5357,.T.);
#5355 = VERTEX_POINT('',#5356);
#5356 = CARTESIAN_POINT('',(-152.5,-51.99411662899,32.90688837075));
#5357 = SURFACE_CURVE('',#5358,(#5363,#5370),.PCURVE_S1.);
#5358 = CIRCLE('',#5359,5.);
#5359 = AXIS2_PLACEMENT_3D('',#5360,#5361,#5362);
#5360 = CARTESIAN_POINT('',(-152.5,-49.75804865149,37.379024325749));
#5361 = DIRECTION('',(1.,9.930136612989E-17,1.986027322598E-16));
#5362 = DIRECTION('',(2.22044604925E-16,-0.4472135955,-0.894427191));
#5363 = PCURVE('',#5302,#5364);
#5364 = DEFINITIONAL_REPRESENTATION('',(#5365),#5369);
#5365 = CIRCLE('',#5366,5.);
#5366 = AXIS2_PLACEMENT_2D('',#5367,#5368);
#5367 = CARTESIAN_POINT('',(5.,0.));
#5368 = DIRECTION('',(-1.,0.));
#5369 = ( GEOMETRIC_REPRESENTATION_CONTEXT(2) 
PARAMETRIC_REPRESENTATION_CONTEXT() REPRESENTATION_CONTEXT('2D SPACE',''
  ) );
#5370 = PCURVE('',#5371,#5376);
#5371 = CYLINDRICAL_SURFACE('',#5372,5.);
#5372 = AXIS2_PLACEMENT_3D('',#5373,#5374,#5375);
#5373 = CARTESIAN_POINT('',(-152.5,-49.75804865149,37.379024325749));
#5374 = DIRECTION('',(1.,9.930136612989E-17,1.986027322598E-16));
#5375 = DIRECTION('',(2.22044604925E-16,-0.4472135955,-0.894427191));
#5376 = DEFINITIONAL_REPRESENTATION('',(#5377),#5381);
#5377 = LINE('',#5378,#5379);
#5378 = CARTESIAN_POINT('',(0.,0.));
#5379 = VECTOR('',#5380,1.);
#5380 = DIRECTION('',(1.,0.));
#5381 = ( GEOMETRIC_REPRESENTATION_CONTEXT(2) 
PARAMETRIC_REPRESENTATION_CONTEXT() REPRESENTATION_CONTEXT('2D SPACE',''
  ) );
#5382 = ORIENTED_EDGE('',*,*,#5383,.T.);
#5383 = EDGE_CURVE('',#5355,#5291,#5384,.T.);
#5384 = SURFACE_CURVE('',#5385,(#5389,#5396),.PCURVE_S1.);
#5385 = LINE('',#5386,#5387);
#5386 = CARTESIAN_POINT('',(-152.5,-51.99411662899,32.90688837075));
#5387 = VECTOR('',#5388,1.);
#5388 = DIRECTION('',(0.,0.894427191,-0.4472135955));
#5389 = PCURVE('',#5302,#5390);
#5390 = DEFINITIONAL_REPRESENTATION('',(#5391),#5395);
#5391 = LINE('',#5392,#5393);
#5392 = CARTESIAN_POINT('',(0.,0.));
#5393 = VECTOR('',#5394,1.);
#5394 = DIRECTION('',(0.,-1.));
#5395 = ( GEOMETRIC_REPRESENTATION_CONTEXT(2) 
PARAMETRIC_REPRESENTATION_CONTEXT() REPRESENTATION_CONTEXT('2D SPACE',''
  ) );
#5396 = PCURVE('',#5397,#5402);
#5397 = PLANE('',#5398);
#5398 = AXIS2_PLACEMENT_3D('',#5399,#5400,#5401);
#5399 = CARTESIAN_POINT('',(-152.5,-51.99411662899,32.90688837075));
#5400 = DIRECTION('',(0.,0.4472135955,0.894427191));
#5401 = DIRECTION('',(1.,0.,-0.));
#5402 = DEFINITIONAL_REPRESENTATION('',(#5403),#5407);
#5403 = LINE('',#5404,#5405);
#5404 = CARTESIAN_POINT('',(0.,0.));
#5405 = VECTOR('',#5406,1.);
#5406 = DIRECTION('',(0.,1.));
#5407 = ( GEOMETRIC_REPRESENTATION_CONTEXT(2) 
PARAMETRIC_REPRESENTATION_CONTEXT() REPRESENTATION_CONTEXT('2D SPACE',''
  ) );
#5408 = FACE_BOUND('',#5409,.F.);
#5409 = EDGE_LOOP('',(#5410,#5441,#5467,#5496));
#5410 = ORIENTED_EDGE('',*,*,#5411,.F.);
#5411 = EDGE_CURVE('',#5412,#5414,#5416,.T.);
#5412 = VERTEX_POINT('',#5413);
#5413 = CARTESIAN_POINT('',(-152.5,7.030045718949,5.966285370901));
#5414 = VERTEX_POINT('',#5415);
#5415 = CARTESIAN_POINT('',(-152.5,9.444999134649,10.7961922023));
#5416 = SURFACE_CURVE('',#5417,(#5422,#5429),.PCURVE_S1.);
#5417 = CIRCLE('',#5418,2.7);
#5418 = AXIS2_PLACEMENT_3D('',#5419,#5420,#5421);
#5419 = CARTESIAN_POINT('',(-152.5,8.237522426799,8.381238786601));
#5420 = DIRECTION('',(1.,9.930136612989E-17,1.986027322598E-16));
#5421 = DIRECTION('',(2.22044604925E-16,-0.4472135955,-0.894427191));
#5422 = PCURVE('',#5302,#5423);
#5423 = DEFINITIONAL_REPRESENTATION('',(#5424),#5428);
#5424 = CIRCLE('',#5425,2.7);
#5425 = AXIS2_PLACEMENT_2D('',#5426,#5427);
#5426 = CARTESIAN_POINT('',(5.,-64.84101966249));
#5427 = DIRECTION('',(-1.,-8.739870707369E-19));
#5428 = ( GEOMETRIC_REPRESENTATION_CONTEXT(2) 
PARAMETRIC_REPRESENTATION_CONTEXT() REPRESENTATION_CONTEXT('2D SPACE',''
  ) );
#5429 = PCURVE('',#5430,#5435);
#5430 = CYLINDRICAL_SURFACE('',#5431,2.7);
#5431 = AXIS2_PLACEMENT_3D('',#5432,#5433,#5434);
#5432 = CARTESIAN_POINT('',(-153.5,8.237522426799,8.381238786601));
#5433 = DIRECTION('',(1.,9.930136612989E-17,1.986027322598E-16));
#5434 = DIRECTION('',(2.22044604925E-16,-0.4472135955,-0.894427191));
#5435 = DEFINITIONAL_REPRESENTATION('',(#5436),#5440);
#5436 = LINE('',#5437,#5438);
#5437 = CARTESIAN_POINT('',(8.739870707369E-19,1.));
#5438 = VECTOR('',#5439,1.);
#5439 = DIRECTION('',(1.,0.));
#5440 = ( GEOMETRIC_REPRESENTATION_CONTEXT(2) 
PARAMETRIC_REPRESENTATION_CONTEXT() REPRESENTATION_CONTEXT('2D SPACE',''
  ) );
#5441 = ORIENTED_EDGE('',*,*,#5442,.T.);
#5442 = EDGE_CURVE('',#5412,#5443,#5445,.T.);
#5443 = VERTEX_POINT('',#5444);
#5444 = CARTESIAN_POINT('',(-152.5,-49.44499913464,34.2038077977));
#5445 = SURFACE_CURVE('',#5446,(#5450,#5456),.PCURVE_S1.);
#5446 = LINE('',#5447,#5448);
#5447 = CARTESIAN_POINT('',(-152.5,-50.20526224699,34.583939353875));
#5448 = VECTOR('',#5449,1.);
#5449 = DIRECTION('',(0.,-0.894427191,0.4472135955));
#5450 = PCURVE('',#5302,#5451);
#5451 = DEFINITIONAL_REPRESENTATION('',(#5452),#5455);
#5452 = B_SPLINE_CURVE_WITH_KNOTS('',1,(#5453,#5454),.UNSPECIFIED.,.F.,
  .F.,(2,2),(-63.99101966249,-0.85),.PIECEWISE_BEZIER_KNOTS.);
#5453 = CARTESIAN_POINT('',(2.3,-64.84101966249));
#5454 = CARTESIAN_POINT('',(2.3,-1.7));
#5455 = ( GEOMETRIC_REPRESENTATION_CONTEXT(2) 
PARAMETRIC_REPRESENTATION_CONTEXT() REPRESENTATION_CONTEXT('2D SPACE',''
  ) );
#5456 = PCURVE('',#5457,#5462);
#5457 = PLANE('',#5458);
#5458 = AXIS2_PLACEMENT_3D('',#5459,#5460,#5461);
#5459 = CARTESIAN_POINT('',(-153.5,-49.44499913464,34.2038077977));
#5460 = DIRECTION('',(0.,0.4472135955,0.894427191));
#5461 = DIRECTION('',(1.,0.,-0.));
#5462 = DEFINITIONAL_REPRESENTATION('',(#5463),#5466);
#5463 = B_SPLINE_CURVE_WITH_KNOTS('',1,(#5464,#5465),.UNSPECIFIED.,.F.,
  .F.,(2,2),(-63.99101966249,-0.85),.PIECEWISE_BEZIER_KNOTS.);
#5464 = CARTESIAN_POINT('',(1.,63.141019662497));
#5465 = CARTESIAN_POINT('',(1.,0.));
#5466 = ( GEOMETRIC_REPRESENTATION_CONTEXT(2) 
PARAMETRIC_REPRESENTATION_CONTEXT() REPRESENTATION_CONTEXT('2D SPACE',''
  ) );
#5467 = ORIENTED_EDGE('',*,*,#5468,.F.);
#5468 = EDGE_CURVE('',#5469,#5443,#5471,.T.);
#5469 = VERTEX_POINT('',#5470);
#5470 = CARTESIAN_POINT('',(-152.5,-47.03004571894,39.033714629099));
#5471 = SURFACE_CURVE('',#5472,(#5477,#5484),.PCURVE_S1.);
#5472 = CIRCLE('',#5473,2.7);
#5473 = AXIS2_PLACEMENT_3D('',#5474,#5475,#5476);
#5474 = CARTESIAN_POINT('',(-152.5,-48.23752242679,36.618761213399));
#5475 = DIRECTION('',(1.,9.930136612989E-17,1.986027322598E-16));
#5476 = DIRECTION('',(2.22044604925E-16,-0.4472135955,-0.894427191));
#5477 = PCURVE('',#5302,#5478);
#5478 = DEFINITIONAL_REPRESENTATION('',(#5479),#5483);
#5479 = CIRCLE('',#5480,2.7);
#5480 = AXIS2_PLACEMENT_2D('',#5481,#5482);
#5481 = CARTESIAN_POINT('',(5.,-1.7));
#5482 = DIRECTION('',(-1.,-8.739870707369E-19));
#5483 = ( GEOMETRIC_REPRESENTATION_CONTEXT(2) 
PARAMETRIC_REPRESENTATION_CONTEXT() REPRESENTATION_CONTEXT('2D SPACE',''
  ) );
#5484 = PCURVE('',#5485,#5490);
#5485 = CYLINDRICAL_SURFACE('',#5486,2.7);
#5486 = AXIS2_PLACEMENT_3D('',#5487,#5488,#5489);
#5487 = CARTESIAN_POINT('',(-153.5,-48.23752242679,36.618761213399));
#5488 = DIRECTION('',(1.,9.930136612989E-17,1.986027322598E-16));
#5489 = DIRECTION('',(2.22044604925E-16,-0.4472135955,-0.894427191));
#5490 = DEFINITIONAL_REPRESENTATION('',(#5491),#5495);
#5491 = LINE('',#5492,#5493);
#5492 = CARTESIAN_POINT('',(8.739870707369E-19,1.));
#5493 = VECTOR('',#5494,1.);
#5494 = DIRECTION('',(1.,0.));
#5495 = ( GEOMETRIC_REPRESENTATION_CONTEXT(2) 
PARAMETRIC_REPRESENTATION_CONTEXT() REPRESENTATION_CONTEXT('2D SPACE',''
  ) );
#5496 = ORIENTED_EDGE('',*,*,#5497,.F.);
#5497 = EDGE_CURVE('',#5414,#5469,#5498,.T.);
#5498 = SURFACE_CURVE('',#5499,(#5503,#5509),.PCURVE_S1.);
#5499 = LINE('',#5500,#5501);
#5500 = CARTESIAN_POINT('',(-152.5,-47.79030883129,39.413846185274));
#5501 = VECTOR('',#5502,1.);
#5502 = DIRECTION('',(0.,-0.894427191,0.4472135955));
#5503 = PCURVE('',#5302,#5504);
#5504 = DEFINITIONAL_REPRESENTATION('',(#5505),#5508);
#5505 = B_SPLINE_CURVE_WITH_KNOTS('',1,(#5506,#5507),.UNSPECIFIED.,.F.,
  .F.,(2,2),(-63.99101966249,-0.85),.PIECEWISE_BEZIER_KNOTS.);
#5506 = CARTESIAN_POINT('',(7.7,-64.84101966249));
#5507 = CARTESIAN_POINT('',(7.7,-1.7));
#5508 = ( GEOMETRIC_REPRESENTATION_CONTEXT(2) 
PARAMETRIC_REPRESENTATION_CONTEXT() REPRESENTATION_CONTEXT('2D SPACE',''
  ) );
#5509 = PCURVE('',#5510,#5515);
#5510 = PLANE('',#5511);
#5511 = AXIS2_PLACEMENT_3D('',#5512,#5513,#5514);
#5512 = CARTESIAN_POINT('',(-153.5,-47.03004571894,39.033714629099));
#5513 = DIRECTION('',(0.,0.4472135955,0.894427191));
#5514 = DIRECTION('',(1.,0.,-0.));
#5515 = DEFINITIONAL_REPRESENTATION('',(#5516),#5519);
#5516 = B_SPLINE_CURVE_WITH_KNOTS('',1,(#5517,#5518),.UNSPECIFIED.,.F.,
  .F.,(2,2),(-63.99101966249,-0.85),.PIECEWISE_BEZIER_KNOTS.);
#5517 = CARTESIAN_POINT('',(1.,63.141019662497));
#5518 = CARTESIAN_POINT('',(1.,0.));
#5519 = ( GEOMETRIC_REPRESENTATION_CONTEXT(2) 
PARAMETRIC_REPRESENTATION_CONTEXT() REPRESENTATION_CONTEXT('2D SPACE',''
  ) );
#5520 = ADVANCED_FACE('',(#5521),#5314,.T.);
#5521 = FACE_BOUND('',#5522,.T.);
#5522 = EDGE_LOOP('',(#5523,#5554,#5574,#5575));
#5523 = ORIENTED_EDGE('',*,*,#5524,.F.);
#5524 = EDGE_CURVE('',#5525,#5527,#5529,.T.);
#5525 = VERTEX_POINT('',#5526);
#5526 = CARTESIAN_POINT('',(-148.5,7.521980673999,3.148839719251));
#5527 = VERTEX_POINT('',#5528);
#5528 = CARTESIAN_POINT('',(-148.5,11.994116628998,12.09311162925));
#5529 = SURFACE_CURVE('',#5530,(#5535,#5542),.PCURVE_S1.);
#5530 = CIRCLE('',#5531,5.);
#5531 = AXIS2_PLACEMENT_3D('',#5532,#5533,#5534);
#5532 = CARTESIAN_POINT('',(-148.5,9.758048651499,7.620975674251));
#5533 = DIRECTION('',(1.,9.930136612989E-17,1.986027322598E-16));
#5534 = DIRECTION('',(2.22044604925E-16,-0.4472135955,-0.894427191));
#5535 = PCURVE('',#5314,#5536);
#5536 = DEFINITIONAL_REPRESENTATION('',(#5537),#5541);
#5537 = LINE('',#5538,#5539);
#5538 = CARTESIAN_POINT('',(0.,4.));
#5539 = VECTOR('',#5540,1.);
#5540 = DIRECTION('',(1.,0.));
#5541 = ( GEOMETRIC_REPRESENTATION_CONTEXT(2) 
PARAMETRIC_REPRESENTATION_CONTEXT() REPRESENTATION_CONTEXT('2D SPACE',''
  ) );
#5542 = PCURVE('',#5543,#5548);
#5543 = PLANE('',#5544);
#5544 = AXIS2_PLACEMENT_3D('',#5545,#5546,#5547);
#5545 = CARTESIAN_POINT('',(-148.5,-51.99411662899,32.90688837075));
#5546 = DIRECTION('',(1.,0.,-0.));
#5547 = DIRECTION('',(0.,0.4472135955,0.894427191));
#5548 = DEFINITIONAL_REPRESENTATION('',(#5549),#5553);
#5549 = CIRCLE('',#5550,5.);
#5550 = AXIS2_PLACEMENT_2D('',#5551,#5552);
#5551 = CARTESIAN_POINT('',(5.,-66.54101966249));
#5552 = DIRECTION('',(-1.,0.));
#5553 = ( GEOMETRIC_REPRESENTATION_CONTEXT(2) 
PARAMETRIC_REPRESENTATION_CONTEXT() REPRESENTATION_CONTEXT('2D SPACE',''
  ) );
#5554 = ORIENTED_EDGE('',*,*,#5555,.F.);
#5555 = EDGE_CURVE('',#5291,#5525,#5556,.T.);
#5556 = SURFACE_CURVE('',#5557,(#5561,#5567),.PCURVE_S1.);
#5557 = LINE('',#5558,#5559);
#5558 = CARTESIAN_POINT('',(-152.5,7.521980673999,3.148839719251));
#5559 = VECTOR('',#5560,1.);
#5560 = DIRECTION('',(1.,0.,-0.));
#5561 = PCURVE('',#5314,#5562);
#5562 = DEFINITIONAL_REPRESENTATION('',(#5563),#5566);
#5563 = B_SPLINE_CURVE_WITH_KNOTS('',1,(#5564,#5565),.UNSPECIFIED.,.F.,
  .F.,(2,2),(0.,4.),.PIECEWISE_BEZIER_KNOTS.);
#5564 = CARTESIAN_POINT('',(0.,0.));
#5565 = CARTESIAN_POINT('',(0.,4.));
#5566 = ( GEOMETRIC_REPRESENTATION_CONTEXT(2) 
PARAMETRIC_REPRESENTATION_CONTEXT() REPRESENTATION_CONTEXT('2D SPACE',''
  ) );
#5567 = PCURVE('',#5397,#5568);
#5568 = DEFINITIONAL_REPRESENTATION('',(#5569),#5573);
#5569 = LINE('',#5570,#5571);
#5570 = CARTESIAN_POINT('',(0.,66.541019662497));
#5571 = VECTOR('',#5572,1.);
#5572 = DIRECTION('',(1.,0.));
#5573 = ( GEOMETRIC_REPRESENTATION_CONTEXT(2) 
PARAMETRIC_REPRESENTATION_CONTEXT() REPRESENTATION_CONTEXT('2D SPACE',''
  ) );
#5574 = ORIENTED_EDGE('',*,*,#5290,.T.);
#5575 = ORIENTED_EDGE('',*,*,#5576,.T.);
#5576 = EDGE_CURVE('',#5293,#5527,#5577,.T.);
#5577 = SURFACE_CURVE('',#5578,(#5582,#5589),.PCURVE_S1.);
#5578 = LINE('',#5579,#5580);
#5579 = CARTESIAN_POINT('',(-152.5,11.994116628998,12.09311162925));
#5580 = VECTOR('',#5581,1.);
#5581 = DIRECTION('',(1.,0.,-0.));
#5582 = PCURVE('',#5314,#5583);
#5583 = DEFINITIONAL_REPRESENTATION('',(#5584),#5588);
#5584 = LINE('',#5585,#5586);
#5585 = CARTESIAN_POINT('',(3.14159265359,1.110223024625E-15));
#5586 = VECTOR('',#5587,1.);
#5587 = DIRECTION('',(0.,1.));
#5588 = ( GEOMETRIC_REPRESENTATION_CONTEXT(2) 
PARAMETRIC_REPRESENTATION_CONTEXT() REPRESENTATION_CONTEXT('2D SPACE',''
  ) );
#5589 = PCURVE('',#5342,#5590);
#5590 = DEFINITIONAL_REPRESENTATION('',(#5591),#5595);
#5591 = LINE('',#5592,#5593);
#5592 = CARTESIAN_POINT('',(0.,66.541019662497));
#5593 = VECTOR('',#5594,1.);
#5594 = DIRECTION('',(1.,0.));
#5595 = ( GEOMETRIC_REPRESENTATION_CONTEXT(2) 
PARAMETRIC_REPRESENTATION_CONTEXT() REPRESENTATION_CONTEXT('2D SPACE',''
  ) );
#5596 = ADVANCED_FACE('',(#5597),#5397,.F.);
#5597 = FACE_BOUND('',#5598,.F.);
#5598 = EDGE_LOOP('',(#5599,#5600,#5622,#5643));
#5599 = ORIENTED_EDGE('',*,*,#5383,.F.);
#5600 = ORIENTED_EDGE('',*,*,#5601,.T.);
#5601 = EDGE_CURVE('',#5355,#5602,#5604,.T.);
#5602 = VERTEX_POINT('',#5603);
#5603 = CARTESIAN_POINT('',(-148.5,-51.99411662899,32.90688837075));
#5604 = SURFACE_CURVE('',#5605,(#5609,#5616),.PCURVE_S1.);
#5605 = LINE('',#5606,#5607);
#5606 = CARTESIAN_POINT('',(-152.5,-51.99411662899,32.90688837075));
#5607 = VECTOR('',#5608,1.);
#5608 = DIRECTION('',(1.,0.,-0.));
#5609 = PCURVE('',#5397,#5610);
#5610 = DEFINITIONAL_REPRESENTATION('',(#5611),#5615);
#5611 = LINE('',#5612,#5613);
#5612 = CARTESIAN_POINT('',(0.,0.));
#5613 = VECTOR('',#5614,1.);
#5614 = DIRECTION('',(1.,0.));
#5615 = ( GEOMETRIC_REPRESENTATION_CONTEXT(2) 
PARAMETRIC_REPRESENTATION_CONTEXT() REPRESENTATION_CONTEXT('2D SPACE',''
  ) );
#5616 = PCURVE('',#5371,#5617);
#5617 = DEFINITIONAL_REPRESENTATION('',(#5618),#5621);
#5618 = B_SPLINE_CURVE_WITH_KNOTS('',1,(#5619,#5620),.UNSPECIFIED.,.F.,
  .F.,(2,2),(0.,4.),.PIECEWISE_BEZIER_KNOTS.);
#5619 = CARTESIAN_POINT('',(6.28318530718,0.));
#5620 = CARTESIAN_POINT('',(6.28318530718,4.));
#5621 = ( GEOMETRIC_REPRESENTATION_CONTEXT(2) 
PARAMETRIC_REPRESENTATION_CONTEXT() REPRESENTATION_CONTEXT('2D SPACE',''
  ) );
#5622 = ORIENTED_EDGE('',*,*,#5623,.T.);
#5623 = EDGE_CURVE('',#5602,#5525,#5624,.T.);
#5624 = SURFACE_CURVE('',#5625,(#5629,#5636),.PCURVE_S1.);
#5625 = LINE('',#5626,#5627);
#5626 = CARTESIAN_POINT('',(-148.5,-51.99411662899,32.90688837075));
#5627 = VECTOR('',#5628,1.);
#5628 = DIRECTION('',(0.,0.894427191,-0.4472135955));
#5629 = PCURVE('',#5397,#5630);
#5630 = DEFINITIONAL_REPRESENTATION('',(#5631),#5635);
#5631 = LINE('',#5632,#5633);
#5632 = CARTESIAN_POINT('',(4.,0.));
#5633 = VECTOR('',#5634,1.);
#5634 = DIRECTION('',(0.,1.));
#5635 = ( GEOMETRIC_REPRESENTATION_CONTEXT(2) 
PARAMETRIC_REPRESENTATION_CONTEXT() REPRESENTATION_CONTEXT('2D SPACE',''
  ) );
#5636 = PCURVE('',#5543,#5637);
#5637 = DEFINITIONAL_REPRESENTATION('',(#5638),#5642);
#5638 = LINE('',#5639,#5640);
#5639 = CARTESIAN_POINT('',(0.,0.));
#5640 = VECTOR('',#5641,1.);
#5641 = DIRECTION('',(0.,-1.));
#5642 = ( GEOMETRIC_REPRESENTATION_CONTEXT(2) 
PARAMETRIC_REPRESENTATION_CONTEXT() REPRESENTATION_CONTEXT('2D SPACE',''
  ) );
#5643 = ORIENTED_EDGE('',*,*,#5555,.F.);
#5644 = ADVANCED_FACE('',(#5645),#5342,.T.);
#5645 = FACE_BOUND('',#5646,.T.);
#5646 = EDGE_LOOP('',(#5647,#5648,#5671,#5692));
#5647 = ORIENTED_EDGE('',*,*,#5326,.F.);
#5648 = ORIENTED_EDGE('',*,*,#5649,.T.);
#5649 = EDGE_CURVE('',#5327,#5650,#5652,.T.);
#5650 = VERTEX_POINT('',#5651);
#5651 = CARTESIAN_POINT('',(-148.5,-47.52198067399,41.851160280749));
#5652 = SURFACE_CURVE('',#5653,(#5657,#5664),.PCURVE_S1.);
#5653 = LINE('',#5654,#5655);
#5654 = CARTESIAN_POINT('',(-152.5,-47.52198067399,41.851160280749));
#5655 = VECTOR('',#5656,1.);
#5656 = DIRECTION('',(1.,0.,-0.));
#5657 = PCURVE('',#5342,#5658);
#5658 = DEFINITIONAL_REPRESENTATION('',(#5659),#5663);
#5659 = LINE('',#5660,#5661);
#5660 = CARTESIAN_POINT('',(0.,0.));
#5661 = VECTOR('',#5662,1.);
#5662 = DIRECTION('',(1.,0.));
#5663 = ( GEOMETRIC_REPRESENTATION_CONTEXT(2) 
PARAMETRIC_REPRESENTATION_CONTEXT() REPRESENTATION_CONTEXT('2D SPACE',''
  ) );
#5664 = PCURVE('',#5371,#5665);
#5665 = DEFINITIONAL_REPRESENTATION('',(#5666),#5670);
#5666 = LINE('',#5667,#5668);
#5667 = CARTESIAN_POINT('',(3.14159265359,1.110223024625E-15));
#5668 = VECTOR('',#5669,1.);
#5669 = DIRECTION('',(0.,1.));
#5670 = ( GEOMETRIC_REPRESENTATION_CONTEXT(2) 
PARAMETRIC_REPRESENTATION_CONTEXT() REPRESENTATION_CONTEXT('2D SPACE',''
  ) );
#5671 = ORIENTED_EDGE('',*,*,#5672,.T.);
#5672 = EDGE_CURVE('',#5650,#5527,#5673,.T.);
#5673 = SURFACE_CURVE('',#5674,(#5678,#5685),.PCURVE_S1.);
#5674 = LINE('',#5675,#5676);
#5675 = CARTESIAN_POINT('',(-148.5,-47.52198067399,41.851160280749));
#5676 = VECTOR('',#5677,1.);
#5677 = DIRECTION('',(0.,0.894427191,-0.4472135955));
#5678 = PCURVE('',#5342,#5679);
#5679 = DEFINITIONAL_REPRESENTATION('',(#5680),#5684);
#5680 = LINE('',#5681,#5682);
#5681 = CARTESIAN_POINT('',(4.,0.));
#5682 = VECTOR('',#5683,1.);
#5683 = DIRECTION('',(0.,1.));
#5684 = ( GEOMETRIC_REPRESENTATION_CONTEXT(2) 
PARAMETRIC_REPRESENTATION_CONTEXT() REPRESENTATION_CONTEXT('2D SPACE',''
  ) );
#5685 = PCURVE('',#5543,#5686);
#5686 = DEFINITIONAL_REPRESENTATION('',(#5687),#5691);
#5687 = LINE('',#5688,#5689);
#5688 = CARTESIAN_POINT('',(10.,0.));
#5689 = VECTOR('',#5690,1.);
#5690 = DIRECTION('',(0.,-1.));
#5691 = ( GEOMETRIC_REPRESENTATION_CONTEXT(2) 
PARAMETRIC_REPRESENTATION_CONTEXT() REPRESENTATION_CONTEXT('2D SPACE',''
  ) );
#5692 = ORIENTED_EDGE('',*,*,#5576,.F.);
#5693 = ADVANCED_FACE('',(#5694),#5371,.T.);
#5694 = FACE_BOUND('',#5695,.T.);
#5695 = EDGE_LOOP('',(#5696,#5697,#5719,#5720));
#5696 = ORIENTED_EDGE('',*,*,#5601,.T.);
#5697 = ORIENTED_EDGE('',*,*,#5698,.F.);
#5698 = EDGE_CURVE('',#5650,#5602,#5699,.T.);
#5699 = SURFACE_CURVE('',#5700,(#5705,#5712),.PCURVE_S1.);
#5700 = CIRCLE('',#5701,5.);
#5701 = AXIS2_PLACEMENT_3D('',#5702,#5703,#5704);
#5702 = CARTESIAN_POINT('',(-148.5,-49.75804865149,37.379024325749));
#5703 = DIRECTION('',(1.,9.930136612989E-17,1.986027322598E-16));
#5704 = DIRECTION('',(2.22044604925E-16,-0.4472135955,-0.894427191));
#5705 = PCURVE('',#5371,#5706);
#5706 = DEFINITIONAL_REPRESENTATION('',(#5707),#5711);
#5707 = LINE('',#5708,#5709);
#5708 = CARTESIAN_POINT('',(0.,4.));
#5709 = VECTOR('',#5710,1.);
#5710 = DIRECTION('',(1.,0.));
#5711 = ( GEOMETRIC_REPRESENTATION_CONTEXT(2) 
PARAMETRIC_REPRESENTATION_CONTEXT() REPRESENTATION_CONTEXT('2D SPACE',''
  ) );
#5712 = PCURVE('',#5543,#5713);
#5713 = DEFINITIONAL_REPRESENTATION('',(#5714),#5718);
#5714 = CIRCLE('',#5715,5.);
#5715 = AXIS2_PLACEMENT_2D('',#5716,#5717);
#5716 = CARTESIAN_POINT('',(5.,0.));
#5717 = DIRECTION('',(-1.,0.));
#5718 = ( GEOMETRIC_REPRESENTATION_CONTEXT(2) 
PARAMETRIC_REPRESENTATION_CONTEXT() REPRESENTATION_CONTEXT('2D SPACE',''
  ) );
#5719 = ORIENTED_EDGE('',*,*,#5649,.F.);
#5720 = ORIENTED_EDGE('',*,*,#5354,.T.);
#5721 = ADVANCED_FACE('',(#5722),#5430,.F.);
#5722 = FACE_BOUND('',#5723,.F.);
#5723 = EDGE_LOOP('',(#5724,#5750,#5770,#5771));
#5724 = ORIENTED_EDGE('',*,*,#5725,.F.);
#5725 = EDGE_CURVE('',#5726,#5728,#5730,.T.);
#5726 = VERTEX_POINT('',#5727);
#5727 = CARTESIAN_POINT('',(-148.5,7.030045718949,5.966285370901));
#5728 = VERTEX_POINT('',#5729);
#5729 = CARTESIAN_POINT('',(-148.5,9.444999134649,10.7961922023));
#5730 = SURFACE_CURVE('',#5731,(#5736,#5743),.PCURVE_S1.);
#5731 = CIRCLE('',#5732,2.7);
#5732 = AXIS2_PLACEMENT_3D('',#5733,#5734,#5735);
#5733 = CARTESIAN_POINT('',(-148.5,8.237522426799,8.381238786601));
#5734 = DIRECTION('',(1.,9.930136612989E-17,1.986027322598E-16));
#5735 = DIRECTION('',(2.22044604925E-16,-0.4472135955,-0.894427191));
#5736 = PCURVE('',#5430,#5737);
#5737 = DEFINITIONAL_REPRESENTATION('',(#5738),#5742);
#5738 = LINE('',#5739,#5740);
#5739 = CARTESIAN_POINT('',(8.739870707369E-19,5.));
#5740 = VECTOR('',#5741,1.);
#5741 = DIRECTION('',(1.,0.));
#5742 = ( GEOMETRIC_REPRESENTATION_CONTEXT(2) 
PARAMETRIC_REPRESENTATION_CONTEXT() REPRESENTATION_CONTEXT('2D SPACE',''
  ) );
#5743 = PCURVE('',#5543,#5744);
#5744 = DEFINITIONAL_REPRESENTATION('',(#5745),#5749);
#5745 = CIRCLE('',#5746,2.7);
#5746 = AXIS2_PLACEMENT_2D('',#5747,#5748);
#5747 = CARTESIAN_POINT('',(5.,-64.84101966249));
#5748 = DIRECTION('',(-1.,-8.739870707369E-19));
#5749 = ( GEOMETRIC_REPRESENTATION_CONTEXT(2) 
PARAMETRIC_REPRESENTATION_CONTEXT() REPRESENTATION_CONTEXT('2D SPACE',''
  ) );
#5750 = ORIENTED_EDGE('',*,*,#5751,.F.);
#5751 = EDGE_CURVE('',#5412,#5726,#5752,.T.);
#5752 = SURFACE_CURVE('',#5753,(#5757,#5763),.PCURVE_S1.);
#5753 = LINE('',#5754,#5755);
#5754 = CARTESIAN_POINT('',(-153.5,7.030045718949,5.966285370901));
#5755 = VECTOR('',#5756,1.);
#5756 = DIRECTION('',(1.,0.,-0.));
#5757 = PCURVE('',#5430,#5758);
#5758 = DEFINITIONAL_REPRESENTATION('',(#5759),#5762);
#5759 = B_SPLINE_CURVE_WITH_KNOTS('',1,(#5760,#5761),.UNSPECIFIED.,.F.,
  .F.,(2,2),(0.,6.),.PIECEWISE_BEZIER_KNOTS.);
#5760 = CARTESIAN_POINT('',(0.,0.));
#5761 = CARTESIAN_POINT('',(0.,6.));
#5762 = ( GEOMETRIC_REPRESENTATION_CONTEXT(2) 
PARAMETRIC_REPRESENTATION_CONTEXT() REPRESENTATION_CONTEXT('2D SPACE',''
  ) );
#5763 = PCURVE('',#5457,#5764);
#5764 = DEFINITIONAL_REPRESENTATION('',(#5765),#5769);
#5765 = LINE('',#5766,#5767);
#5766 = CARTESIAN_POINT('',(0.,63.141019662497));
#5767 = VECTOR('',#5768,1.);
#5768 = DIRECTION('',(1.,0.));
#5769 = ( GEOMETRIC_REPRESENTATION_CONTEXT(2) 
PARAMETRIC_REPRESENTATION_CONTEXT() REPRESENTATION_CONTEXT('2D SPACE',''
  ) );
#5770 = ORIENTED_EDGE('',*,*,#5411,.T.);
#5771 = ORIENTED_EDGE('',*,*,#5772,.T.);
#5772 = EDGE_CURVE('',#5414,#5728,#5773,.T.);
#5773 = SURFACE_CURVE('',#5774,(#5778,#5785),.PCURVE_S1.);
#5774 = LINE('',#5775,#5776);
#5775 = CARTESIAN_POINT('',(-153.5,9.444999134649,10.7961922023));
#5776 = VECTOR('',#5777,1.);
#5777 = DIRECTION('',(1.,0.,-0.));
#5778 = PCURVE('',#5430,#5779);
#5779 = DEFINITIONAL_REPRESENTATION('',(#5780),#5784);
#5780 = LINE('',#5781,#5782);
#5781 = CARTESIAN_POINT('',(3.14159265359,5.995204332976E-16));
#5782 = VECTOR('',#5783,1.);
#5783 = DIRECTION('',(0.,1.));
#5784 = ( GEOMETRIC_REPRESENTATION_CONTEXT(2) 
PARAMETRIC_REPRESENTATION_CONTEXT() REPRESENTATION_CONTEXT('2D SPACE',''
  ) );
#5785 = PCURVE('',#5510,#5786);
#5786 = DEFINITIONAL_REPRESENTATION('',(#5787),#5791);
#5787 = LINE('',#5788,#5789);
#5788 = CARTESIAN_POINT('',(0.,63.141019662497));
#5789 = VECTOR('',#5790,1.);
#5790 = DIRECTION('',(1.,0.));
#5791 = ( GEOMETRIC_REPRESENTATION_CONTEXT(2) 
PARAMETRIC_REPRESENTATION_CONTEXT() REPRESENTATION_CONTEXT('2D SPACE',''
  ) );
#5792 = ADVANCED_FACE('',(#5793),#5510,.F.);
#5793 = FACE_BOUND('',#5794,.F.);
#5794 = EDGE_LOOP('',(#5795,#5796,#5797,#5820));
#5795 = ORIENTED_EDGE('',*,*,#5772,.F.);
#5796 = ORIENTED_EDGE('',*,*,#5497,.T.);
#5797 = ORIENTED_EDGE('',*,*,#5798,.T.);
#5798 = EDGE_CURVE('',#5469,#5799,#5801,.T.);
#5799 = VERTEX_POINT('',#5800);
#5800 = CARTESIAN_POINT('',(-148.5,-47.03004571894,39.033714629099));
#5801 = SURFACE_CURVE('',#5802,(#5806,#5813),.PCURVE_S1.);
#5802 = LINE('',#5803,#5804);
#5803 = CARTESIAN_POINT('',(-153.5,-47.03004571894,39.033714629099));
#5804 = VECTOR('',#5805,1.);
#5805 = DIRECTION('',(1.,0.,-0.));
#5806 = PCURVE('',#5510,#5807);
#5807 = DEFINITIONAL_REPRESENTATION('',(#5808),#5812);
#5808 = LINE('',#5809,#5810);
#5809 = CARTESIAN_POINT('',(0.,0.));
#5810 = VECTOR('',#5811,1.);
#5811 = DIRECTION('',(1.,0.));
#5812 = ( GEOMETRIC_REPRESENTATION_CONTEXT(2) 
PARAMETRIC_REPRESENTATION_CONTEXT() REPRESENTATION_CONTEXT('2D SPACE',''
  ) );
#5813 = PCURVE('',#5485,#5814);
#5814 = DEFINITIONAL_REPRESENTATION('',(#5815),#5819);
#5815 = LINE('',#5816,#5817);
#5816 = CARTESIAN_POINT('',(3.14159265359,5.995204332976E-16));
#5817 = VECTOR('',#5818,1.);
#5818 = DIRECTION('',(0.,1.));
#5819 = ( GEOMETRIC_REPRESENTATION_CONTEXT(2) 
PARAMETRIC_REPRESENTATION_CONTEXT() REPRESENTATION_CONTEXT('2D SPACE',''
  ) );
#5820 = ORIENTED_EDGE('',*,*,#5821,.F.);
#5821 = EDGE_CURVE('',#5728,#5799,#5822,.T.);
#5822 = SURFACE_CURVE('',#5823,(#5827,#5833),.PCURVE_S1.);
#5823 = LINE('',#5824,#5825);
#5824 = CARTESIAN_POINT('',(-148.5,-47.79030883129,39.413846185274));
#5825 = VECTOR('',#5826,1.);
#5826 = DIRECTION('',(0.,-0.894427191,0.4472135955));
#5827 = PCURVE('',#5510,#5828);
#5828 = DEFINITIONAL_REPRESENTATION('',(#5829),#5832);
#5829 = B_SPLINE_CURVE_WITH_KNOTS('',1,(#5830,#5831),.UNSPECIFIED.,.F.,
  .F.,(2,2),(-63.99101966249,-0.85),.PIECEWISE_BEZIER_KNOTS.);
#5830 = CARTESIAN_POINT('',(5.,63.141019662497));
#5831 = CARTESIAN_POINT('',(5.,0.));
#5832 = ( GEOMETRIC_REPRESENTATION_CONTEXT(2) 
PARAMETRIC_REPRESENTATION_CONTEXT() REPRESENTATION_CONTEXT('2D SPACE',''
  ) );
#5833 = PCURVE('',#5543,#5834);
#5834 = DEFINITIONAL_REPRESENTATION('',(#5835),#5838);
#5835 = B_SPLINE_CURVE_WITH_KNOTS('',1,(#5836,#5837),.UNSPECIFIED.,.F.,
  .F.,(2,2),(-63.99101966249,-0.85),.PIECEWISE_BEZIER_KNOTS.);
#5836 = CARTESIAN_POINT('',(7.7,-64.84101966249));
#5837 = CARTESIAN_POINT('',(7.7,-1.7));
#5838 = ( GEOMETRIC_REPRESENTATION_CONTEXT(2) 
PARAMETRIC_REPRESENTATION_CONTEXT() REPRESENTATION_CONTEXT('2D SPACE',''
  ) );
#5839 = ADVANCED_FACE('',(#5840),#5485,.F.);
#5840 = FACE_BOUND('',#5841,.F.);
#5841 = EDGE_LOOP('',(#5842,#5843,#5865,#5887));
#5842 = ORIENTED_EDGE('',*,*,#5468,.T.);
#5843 = ORIENTED_EDGE('',*,*,#5844,.T.);
#5844 = EDGE_CURVE('',#5443,#5845,#5847,.T.);
#5845 = VERTEX_POINT('',#5846);
#5846 = CARTESIAN_POINT('',(-148.5,-49.44499913464,34.2038077977));
#5847 = SURFACE_CURVE('',#5848,(#5852,#5858),.PCURVE_S1.);
#5848 = LINE('',#5849,#5850);
#5849 = CARTESIAN_POINT('',(-153.5,-49.44499913464,34.2038077977));
#5850 = VECTOR('',#5851,1.);
#5851 = DIRECTION('',(1.,0.,-0.));
#5852 = PCURVE('',#5485,#5853);
#5853 = DEFINITIONAL_REPRESENTATION('',(#5854),#5857);
#5854 = B_SPLINE_CURVE_WITH_KNOTS('',1,(#5855,#5856),.UNSPECIFIED.,.F.,
  .F.,(2,2),(0.,6.),.PIECEWISE_BEZIER_KNOTS.);
#5855 = CARTESIAN_POINT('',(6.28318530718,0.));
#5856 = CARTESIAN_POINT('',(6.28318530718,6.));
#5857 = ( GEOMETRIC_REPRESENTATION_CONTEXT(2) 
PARAMETRIC_REPRESENTATION_CONTEXT() REPRESENTATION_CONTEXT('2D SPACE',''
  ) );
#5858 = PCURVE('',#5457,#5859);
#5859 = DEFINITIONAL_REPRESENTATION('',(#5860),#5864);
#5860 = LINE('',#5861,#5862);
#5861 = CARTESIAN_POINT('',(0.,0.));
#5862 = VECTOR('',#5863,1.);
#5863 = DIRECTION('',(1.,0.));
#5864 = ( GEOMETRIC_REPRESENTATION_CONTEXT(2) 
PARAMETRIC_REPRESENTATION_CONTEXT() REPRESENTATION_CONTEXT('2D SPACE',''
  ) );
#5865 = ORIENTED_EDGE('',*,*,#5866,.F.);
#5866 = EDGE_CURVE('',#5799,#5845,#5867,.T.);
#5867 = SURFACE_CURVE('',#5868,(#5873,#5880),.PCURVE_S1.);
#5868 = CIRCLE('',#5869,2.7);
#5869 = AXIS2_PLACEMENT_3D('',#5870,#5871,#5872);
#5870 = CARTESIAN_POINT('',(-148.5,-48.23752242679,36.618761213399));
#5871 = DIRECTION('',(1.,9.930136612989E-17,1.986027322598E-16));
#5872 = DIRECTION('',(2.22044604925E-16,-0.4472135955,-0.894427191));
#5873 = PCURVE('',#5485,#5874);
#5874 = DEFINITIONAL_REPRESENTATION('',(#5875),#5879);
#5875 = LINE('',#5876,#5877);
#5876 = CARTESIAN_POINT('',(8.739870707369E-19,5.));
#5877 = VECTOR('',#5878,1.);
#5878 = DIRECTION('',(1.,0.));
#5879 = ( GEOMETRIC_REPRESENTATION_CONTEXT(2) 
PARAMETRIC_REPRESENTATION_CONTEXT() REPRESENTATION_CONTEXT('2D SPACE',''
  ) );
#5880 = PCURVE('',#5543,#5881);
#5881 = DEFINITIONAL_REPRESENTATION('',(#5882),#5886);
#5882 = CIRCLE('',#5883,2.7);
#5883 = AXIS2_PLACEMENT_2D('',#5884,#5885);
#5884 = CARTESIAN_POINT('',(5.,-1.7));
#5885 = DIRECTION('',(-1.,-8.739870707369E-19));
#5886 = ( GEOMETRIC_REPRESENTATION_CONTEXT(2) 
PARAMETRIC_REPRESENTATION_CONTEXT() REPRESENTATION_CONTEXT('2D SPACE',''
  ) );
#5887 = ORIENTED_EDGE('',*,*,#5798,.F.);
#5888 = ADVANCED_FACE('',(#5889),#5457,.T.);
#5889 = FACE_BOUND('',#5890,.T.);
#5890 = EDGE_LOOP('',(#5891,#5892,#5893,#5912));
#5891 = ORIENTED_EDGE('',*,*,#5442,.T.);
#5892 = ORIENTED_EDGE('',*,*,#5844,.T.);
#5893 = ORIENTED_EDGE('',*,*,#5894,.F.);
#5894 = EDGE_CURVE('',#5726,#5845,#5895,.T.);
#5895 = SURFACE_CURVE('',#5896,(#5900,#5906),.PCURVE_S1.);
#5896 = LINE('',#5897,#5898);
#5897 = CARTESIAN_POINT('',(-148.5,-50.20526224699,34.583939353875));
#5898 = VECTOR('',#5899,1.);
#5899 = DIRECTION('',(0.,-0.894427191,0.4472135955));
#5900 = PCURVE('',#5457,#5901);
#5901 = DEFINITIONAL_REPRESENTATION('',(#5902),#5905);
#5902 = B_SPLINE_CURVE_WITH_KNOTS('',1,(#5903,#5904),.UNSPECIFIED.,.F.,
  .F.,(2,2),(-63.99101966249,-0.85),.PIECEWISE_BEZIER_KNOTS.);
#5903 = CARTESIAN_POINT('',(5.,63.141019662497));
#5904 = CARTESIAN_POINT('',(5.,0.));
#5905 = ( GEOMETRIC_REPRESENTATION_CONTEXT(2) 
PARAMETRIC_REPRESENTATION_CONTEXT() REPRESENTATION_CONTEXT('2D SPACE',''
  ) );
#5906 = PCURVE('',#5543,#5907);
#5907 = DEFINITIONAL_REPRESENTATION('',(#5908),#5911);
#5908 = B_SPLINE_CURVE_WITH_KNOTS('',1,(#5909,#5910),.UNSPECIFIED.,.F.,
  .F.,(2,2),(-63.99101966249,-0.85),.PIECEWISE_BEZIER_KNOTS.);
#5909 = CARTESIAN_POINT('',(2.3,-64.84101966249));
#5910 = CARTESIAN_POINT('',(2.3,-1.7));
#5911 = ( GEOMETRIC_REPRESENTATION_CONTEXT(2) 
PARAMETRIC_REPRESENTATION_CONTEXT() REPRESENTATION_CONTEXT('2D SPACE',''
  ) );
#5912 = ORIENTED_EDGE('',*,*,#5751,.F.);
#5913 = ADVANCED_FACE('',(#5914,#5920),#5543,.T.);
#5914 = FACE_BOUND('',#5915,.T.);
#5915 = EDGE_LOOP('',(#5916,#5917,#5918,#5919));
#5916 = ORIENTED_EDGE('',*,*,#5524,.T.);
#5917 = ORIENTED_EDGE('',*,*,#5672,.F.);
#5918 = ORIENTED_EDGE('',*,*,#5698,.T.);
#5919 = ORIENTED_EDGE('',*,*,#5623,.T.);
#5920 = FACE_BOUND('',#5921,.T.);
#5921 = EDGE_LOOP('',(#5922,#5923,#5924,#5925));
#5922 = ORIENTED_EDGE('',*,*,#5725,.F.);
#5923 = ORIENTED_EDGE('',*,*,#5894,.T.);
#5924 = ORIENTED_EDGE('',*,*,#5866,.F.);
#5925 = ORIENTED_EDGE('',*,*,#5821,.F.);
#5926 = ( GEOMETRIC_REPRESENTATION_CONTEXT(3) 
GLOBAL_UNCERTAINTY_ASSIGNED_CONTEXT((#5930)) 
GLOBAL_UNIT_ASSIGNED_CONTEXT((#5927,#5928,#5929)) REPRESENTATION_CONTEXT
('Context #1','3D Context with UNIT and UNCERTAINTY') );
#5927 = ( LENGTH_UNIT() NAMED_UNIT(*) SI_UNIT(.MILLI.,.METRE.) );
#5928 = ( NAMED_UNIT(*) PLANE_ANGLE_UNIT() SI_UNIT($,.RADIAN.) );
#5929 = ( NAMED_UNIT(*) SI_UNIT($,.STERADIAN.) SOLID_ANGLE_UNIT() );
#5930 = UNCERTAINTY_MEASURE_WITH_UNIT(LENGTH_MEASURE(1.E-07),#5927,
  'distance_accuracy_value','confusion accuracy');
#5931 = CONTEXT_DEPENDENT_SHAPE_REPRESENTATION(#5932,#5934);
#5932 = ( REPRESENTATION_RELATIONSHIP('','',#5283,#5260) 
REPRESENTATION_RELATIONSHIP_WITH_TRANSFORMATION(#5933) 
SHAPE_REPRESENTATION_RELATIONSHIP() );
#5933 = ITEM_DEFINED_TRANSFORMATION('','',#11,#5261);
#5934 = PRODUCT_DEFINITION_SHAPE('Placement','Placement of an item',
  #5935);
#5935 = NEXT_ASSEMBLY_USAGE_OCCURRENCE('15','=>[0:1:1:17]','',#5255,
  #5278,$);
#5936 = PRODUCT_RELATED_PRODUCT_CATEGORY('part',$,(#5280));
#5937 = SHAPE_DEFINITION_REPRESENTATION(#5938,#5944);
#5938 = PRODUCT_DEFINITION_SHAPE('','',#5939);
#5939 = PRODUCT_DEFINITION('design','',#5940,#5943);
#5940 = PRODUCT_DEFINITION_FORMATION('','',#5941);
#5941 = PRODUCT('keyboard_guide_roller_left_1',
  'keyboard_guide_roller_left_1','',(#5942));
#5942 = PRODUCT_CONTEXT('',#2,'mechanical');
#5943 = PRODUCT_DEFINITION_CONTEXT('part definition',#2,'design');
#5944 = SHAPE_REPRESENTATION('',(#11,#5945),#5949);
#5945 = AXIS2_PLACEMENT_3D('',#5946,#5947,#5948);
#5946 = CARTESIAN_POINT('',(0.,0.,-3.5));
#5947 = DIRECTION('',(0.,0.,1.));
#5948 = DIRECTION('',(1.,0.,-0.));
#5949 = ( GEOMETRIC_REPRESENTATION_CONTEXT(3) 
GLOBAL_UNCERTAINTY_ASSIGNED_CONTEXT((#5953)) 
GLOBAL_UNIT_ASSIGNED_CONTEXT((#5950,#5951,#5952)) REPRESENTATION_CONTEXT
('Context #1','3D Context with UNIT and UNCERTAINTY') );
#5950 = ( LENGTH_UNIT() NAMED_UNIT(*) SI_UNIT(.MILLI.,.METRE.) );
#5951 = ( NAMED_UNIT(*) PLANE_ANGLE_UNIT() SI_UNIT($,.RADIAN.) );
#5952 = ( NAMED_UNIT(*) SI_UNIT($,.STERADIAN.) SOLID_ANGLE_UNIT() );
#5953 = UNCERTAINTY_MEASURE_WITH_UNIT(LENGTH_MEASURE(1.E-07),#5950,
  'distance_accuracy_value','confusion accuracy');
#5954 = CONTEXT_DEPENDENT_SHAPE_REPRESENTATION(#5955,#5957);
#5955 = ( REPRESENTATION_RELATIONSHIP('','',#5944,#10) 
REPRESENTATION_RELATIONSHIP_WITH_TRANSFORMATION(#5956) 
SHAPE_REPRESENTATION_RELATIONSHIP() );
#5956 = ITEM_DEFINED_TRANSFORMATION('','',#11,#47);
#5957 = PRODUCT_DEFINITION_SHAPE('Placement','Placement of an item',
  #5958);
#5958 = NEXT_ASSEMBLY_USAGE_OCCURRENCE('18','=>[0:1:1:18]','',#5,#5939,$
  );
#5959 = PRODUCT_RELATED_PRODUCT_CATEGORY('part',$,(#5941));
#5960 = SHAPE_DEFINITION_REPRESENTATION(#5961,#5967);
#5961 = PRODUCT_DEFINITION_SHAPE('','',#5962);
#5962 = PRODUCT_DEFINITION('design','',#5963,#5966);
#5963 = PRODUCT_DEFINITION_FORMATION('','',#5964);
#5964 = PRODUCT('SOLID','SOLID','',(#5965));
#5965 = PRODUCT_CONTEXT('',#2,'mechanical');
#5966 = PRODUCT_DEFINITION_CONTEXT('part definition',#2,'design');
#5967 = ADVANCED_BREP_SHAPE_REPRESENTATION('',(#11,#5968),#6066);
#5968 = MANIFOLD_SOLID_BREP('',#5969);
#5969 = CLOSED_SHELL('',(#5970,#6058,#6062));
#5970 = ADVANCED_FACE('',(#5971),#5984,.T.);
#5971 = FACE_BOUND('',#5972,.T.);
#5972 = EDGE_LOOP('',(#5973,#6007,#6030,#6057));
#5973 = ORIENTED_EDGE('',*,*,#5974,.F.);
#5974 = EDGE_CURVE('',#5975,#5975,#5977,.T.);
#5975 = VERTEX_POINT('',#5976);
#5976 = CARTESIAN_POINT('',(2.,-4.898587196589E-16,7.));
#5977 = SURFACE_CURVE('',#5978,(#5983,#5995),.PCURVE_S1.);
#5978 = CIRCLE('',#5979,2.);
#5979 = AXIS2_PLACEMENT_3D('',#5980,#5981,#5982);
#5980 = CARTESIAN_POINT('',(0.,0.,7.));
#5981 = DIRECTION('',(0.,0.,1.));
#5982 = DIRECTION('',(1.,0.,-0.));
#5983 = PCURVE('',#5984,#5989);
#5984 = CYLINDRICAL_SURFACE('',#5985,2.);
#5985 = AXIS2_PLACEMENT_3D('',#5986,#5987,#5988);
#5986 = CARTESIAN_POINT('',(0.,0.,0.));
#5987 = DIRECTION('',(0.,0.,1.));
#5988 = DIRECTION('',(1.,0.,-0.));
#5989 = DEFINITIONAL_REPRESENTATION('',(#5990),#5994);
#5990 = LINE('',#5991,#5992);
#5991 = CARTESIAN_POINT('',(0.,7.));
#5992 = VECTOR('',#5993,1.);
#5993 = DIRECTION('',(1.,0.));
#5994 = ( GEOMETRIC_REPRESENTATION_CONTEXT(2) 
PARAMETRIC_REPRESENTATION_CONTEXT() REPRESENTATION_CONTEXT('2D SPACE',''
  ) );
#5995 = PCURVE('',#5996,#6001);
#5996 = PLANE('',#5997);
#5997 = AXIS2_PLACEMENT_3D('',#5998,#5999,#6000);
#5998 = CARTESIAN_POINT('',(0.,0.,7.));
#5999 = DIRECTION('',(0.,0.,1.));
#6000 = DIRECTION('',(1.,0.,-0.));
#6001 = DEFINITIONAL_REPRESENTATION('',(#6002),#6006);
#6002 = CIRCLE('',#6003,2.);
#6003 = AXIS2_PLACEMENT_2D('',#6004,#6005);
#6004 = CARTESIAN_POINT('',(0.,0.));
#6005 = DIRECTION('',(1.,0.));
#6006 = ( GEOMETRIC_REPRESENTATION_CONTEXT(2) 
PARAMETRIC_REPRESENTATION_CONTEXT() REPRESENTATION_CONTEXT('2D SPACE',''
  ) );
#6007 = ORIENTED_EDGE('',*,*,#6008,.F.);
#6008 = EDGE_CURVE('',#6009,#5975,#6011,.T.);
#6009 = VERTEX_POINT('',#6010);
#6010 = CARTESIAN_POINT('',(2.,-4.898587196589E-16,0.));
#6011 = SEAM_CURVE('',#6012,(#6016,#6023),.PCURVE_S1.);
#6012 = LINE('',#6013,#6014);
#6013 = CARTESIAN_POINT('',(2.,-4.898587196589E-16,0.));
#6014 = VECTOR('',#6015,1.);
#6015 = DIRECTION('',(0.,0.,1.));
#6016 = PCURVE('',#5984,#6017);
#6017 = DEFINITIONAL_REPRESENTATION('',(#6018),#6022);
#6018 = LINE('',#6019,#6020);
#6019 = CARTESIAN_POINT('',(6.28318530718,-0.));
#6020 = VECTOR('',#6021,1.);
#6021 = DIRECTION('',(0.,1.));
#6022 = ( GEOMETRIC_REPRESENTATION_CONTEXT(2) 
PARAMETRIC_REPRESENTATION_CONTEXT() REPRESENTATION_CONTEXT('2D SPACE',''
  ) );
#6023 = PCURVE('',#5984,#6024);
#6024 = DEFINITIONAL_REPRESENTATION('',(#6025),#6029);
#6025 = LINE('',#6026,#6027);
#6026 = CARTESIAN_POINT('',(0.,-0.));
#6027 = VECTOR('',#6028,1.);
#6028 = DIRECTION('',(0.,1.));
#6029 = ( GEOMETRIC_REPRESENTATION_CONTEXT(2) 
PARAMETRIC_REPRESENTATION_CONTEXT() REPRESENTATION_CONTEXT('2D SPACE',''
  ) );
#6030 = ORIENTED_EDGE('',*,*,#6031,.T.);
#6031 = EDGE_CURVE('',#6009,#6009,#6032,.T.);
#6032 = SURFACE_CURVE('',#6033,(#6038,#6045),.PCURVE_S1.);
#6033 = CIRCLE('',#6034,2.);
#6034 = AXIS2_PLACEMENT_3D('',#6035,#6036,#6037);
#6035 = CARTESIAN_POINT('',(0.,0.,0.));
#6036 = DIRECTION('',(0.,0.,1.));
#6037 = DIRECTION('',(1.,0.,-0.));
#6038 = PCURVE('',#5984,#6039);
#6039 = DEFINITIONAL_REPRESENTATION('',(#6040),#6044);
#6040 = LINE('',#6041,#6042);
#6041 = CARTESIAN_POINT('',(0.,0.));
#6042 = VECTOR('',#6043,1.);
#6043 = DIRECTION('',(1.,0.));
#6044 = ( GEOMETRIC_REPRESENTATION_CONTEXT(2) 
PARAMETRIC_REPRESENTATION_CONTEXT() REPRESENTATION_CONTEXT('2D SPACE',''
  ) );
#6045 = PCURVE('',#6046,#6051);
#6046 = PLANE('',#6047);
#6047 = AXIS2_PLACEMENT_3D('',#6048,#6049,#6050);
#6048 = CARTESIAN_POINT('',(0.,0.,0.));
#6049 = DIRECTION('',(0.,0.,1.));
#6050 = DIRECTION('',(1.,0.,-0.));
#6051 = DEFINITIONAL_REPRESENTATION('',(#6052),#6056);
#6052 = CIRCLE('',#6053,2.);
#6053 = AXIS2_PLACEMENT_2D('',#6054,#6055);
#6054 = CARTESIAN_POINT('',(0.,0.));
#6055 = DIRECTION('',(1.,0.));
#6056 = ( GEOMETRIC_REPRESENTATION_CONTEXT(2) 
PARAMETRIC_REPRESENTATION_CONTEXT() REPRESENTATION_CONTEXT('2D SPACE',''
  ) );
#6057 = ORIENTED_EDGE('',*,*,#6008,.T.);
#6058 = ADVANCED_FACE('',(#6059),#5996,.T.);
#6059 = FACE_BOUND('',#6060,.T.);
#6060 = EDGE_LOOP('',(#6061));
#6061 = ORIENTED_EDGE('',*,*,#5974,.T.);
#6062 = ADVANCED_FACE('',(#6063),#6046,.F.);
#6063 = FACE_BOUND('',#6064,.T.);
#6064 = EDGE_LOOP('',(#6065));
#6065 = ORIENTED_EDGE('',*,*,#6031,.F.);
#6066 = ( GEOMETRIC_REPRESENTATION_CONTEXT(3) 
GLOBAL_UNCERTAINTY_ASSIGNED_CONTEXT((#6070)) 
GLOBAL_UNIT_ASSIGNED_CONTEXT((#6067,#6068,#6069)) REPRESENTATION_CONTEXT
('Context #1','3D Context with UNIT and UNCERTAINTY') );
#6067 = ( LENGTH_UNIT() NAMED_UNIT(*) SI_UNIT(.MILLI.,.METRE.) );
#6068 = ( NAMED_UNIT(*) PLANE_ANGLE_UNIT() SI_UNIT($,.RADIAN.) );
#6069 = ( NAMED_UNIT(*) SI_UNIT($,.STERADIAN.) SOLID_ANGLE_UNIT() );
#6070 = UNCERTAINTY_MEASURE_WITH_UNIT(LENGTH_MEASURE(1.E-07),#6067,
  'distance_accuracy_value','confusion accuracy');
#6071 = CONTEXT_DEPENDENT_SHAPE_REPRESENTATION(#6072,#6074);
#6072 = ( REPRESENTATION_RELATIONSHIP('','',#5967,#5944) 
REPRESENTATION_RELATIONSHIP_WITH_TRANSFORMATION(#6073) 
SHAPE_REPRESENTATION_RELATIONSHIP() );
#6073 = ITEM_DEFINED_TRANSFORMATION('','',#11,#5945);
#6074 = PRODUCT_DEFINITION_SHAPE('Placement','Placement of an item',
  #6075);
#6075 = NEXT_ASSEMBLY_USAGE_OCCURRENCE('17','=>[0:1:1:19]','',#5939,
  #5962,$);
#6076 = PRODUCT_RELATED_PRODUCT_CATEGORY('part',$,(#5964));
#6077 = SHAPE_DEFINITION_REPRESENTATION(#6078,#6084);
#6078 = PRODUCT_DEFINITION_SHAPE('','',#6079);
#6079 = PRODUCT_DEFINITION('design','',#6080,#6083);
#6080 = PRODUCT_DEFINITION_FORMATION('','',#6081);
#6081 = PRODUCT('keyboard_guide_roller_left_2',
  'keyboard_guide_roller_left_2','',(#6082));
#6082 = PRODUCT_CONTEXT('',#2,'mechanical');
#6083 = PRODUCT_DEFINITION_CONTEXT('part definition',#2,'design');
#6084 = SHAPE_REPRESENTATION('',(#11,#6085),#6089);
#6085 = AXIS2_PLACEMENT_3D('',#6086,#6087,#6088);
#6086 = CARTESIAN_POINT('',(0.,0.,-3.5));
#6087 = DIRECTION('',(0.,0.,1.));
#6088 = DIRECTION('',(1.,0.,-0.));
#6089 = ( GEOMETRIC_REPRESENTATION_CONTEXT(3) 
GLOBAL_UNCERTAINTY_ASSIGNED_CONTEXT((#6093)) 
GLOBAL_UNIT_ASSIGNED_CONTEXT((#6090,#6091,#6092)) REPRESENTATION_CONTEXT
('Context #1','3D Context with UNIT and UNCERTAINTY') );
#6090 = ( LENGTH_UNIT() NAMED_UNIT(*) SI_UNIT(.MILLI.,.METRE.) );
#6091 = ( NAMED_UNIT(*) PLANE_ANGLE_UNIT() SI_UNIT($,.RADIAN.) );
#6092 = ( NAMED_UNIT(*) SI_UNIT($,.STERADIAN.) SOLID_ANGLE_UNIT() );
#6093 = UNCERTAINTY_MEASURE_WITH_UNIT(LENGTH_MEASURE(1.E-07),#6090,
  'distance_accuracy_value','confusion accuracy');
#6094 = CONTEXT_DEPENDENT_SHAPE_REPRESENTATION(#6095,#6097);
#6095 = ( REPRESENTATION_RELATIONSHIP('','',#6084,#10) 
REPRESENTATION_RELATIONSHIP_WITH_TRANSFORMATION(#6096) 
SHAPE_REPRESENTATION_RELATIONSHIP() );
#6096 = ITEM_DEFINED_TRANSFORMATION('','',#11,#51);
#6097 = PRODUCT_DEFINITION_SHAPE('Placement','Placement of an item',
  #6098);
#6098 = NEXT_ASSEMBLY_USAGE_OCCURRENCE('20','=>[0:1:1:20]','',#5,#6079,$
  );
#6099 = PRODUCT_RELATED_PRODUCT_CATEGORY('part',$,(#6081));
#6100 = SHAPE_DEFINITION_REPRESENTATION(#6101,#6107);
#6101 = PRODUCT_DEFINITION_SHAPE('','',#6102);
#6102 = PRODUCT_DEFINITION('design','',#6103,#6106);
#6103 = PRODUCT_DEFINITION_FORMATION('','',#6104);
#6104 = PRODUCT('SOLID','SOLID','',(#6105));
#6105 = PRODUCT_CONTEXT('',#2,'mechanical');
#6106 = PRODUCT_DEFINITION_CONTEXT('part definition',#2,'design');
#6107 = ADVANCED_BREP_SHAPE_REPRESENTATION('',(#11,#6108),#6206);
#6108 = MANIFOLD_SOLID_BREP('',#6109);
#6109 = CLOSED_SHELL('',(#6110,#6198,#6202));
#6110 = ADVANCED_FACE('',(#6111),#6124,.T.);
#6111 = FACE_BOUND('',#6112,.T.);
#6112 = EDGE_LOOP('',(#6113,#6147,#6170,#6197));
#6113 = ORIENTED_EDGE('',*,*,#6114,.F.);
#6114 = EDGE_CURVE('',#6115,#6115,#6117,.T.);
#6115 = VERTEX_POINT('',#6116);
#6116 = CARTESIAN_POINT('',(2.,-4.898587196589E-16,7.));
#6117 = SURFACE_CURVE('',#6118,(#6123,#6135),.PCURVE_S1.);
#6118 = CIRCLE('',#6119,2.);
#6119 = AXIS2_PLACEMENT_3D('',#6120,#6121,#6122);
#6120 = CARTESIAN_POINT('',(0.,0.,7.));
#6121 = DIRECTION('',(0.,0.,1.));
#6122 = DIRECTION('',(1.,0.,-0.));
#6123 = PCURVE('',#6124,#6129);
#6124 = CYLINDRICAL_SURFACE('',#6125,2.);
#6125 = AXIS2_PLACEMENT_3D('',#6126,#6127,#6128);
#6126 = CARTESIAN_POINT('',(0.,0.,0.));
#6127 = DIRECTION('',(0.,0.,1.));
#6128 = DIRECTION('',(1.,0.,-0.));
#6129 = DEFINITIONAL_REPRESENTATION('',(#6130),#6134);
#6130 = LINE('',#6131,#6132);
#6131 = CARTESIAN_POINT('',(0.,7.));
#6132 = VECTOR('',#6133,1.);
#6133 = DIRECTION('',(1.,0.));
#6134 = ( GEOMETRIC_REPRESENTATION_CONTEXT(2) 
PARAMETRIC_REPRESENTATION_CONTEXT() REPRESENTATION_CONTEXT('2D SPACE',''
  ) );
#6135 = PCURVE('',#6136,#6141);
#6136 = PLANE('',#6137);
#6137 = AXIS2_PLACEMENT_3D('',#6138,#6139,#6140);
#6138 = CARTESIAN_POINT('',(0.,0.,7.));
#6139 = DIRECTION('',(0.,0.,1.));
#6140 = DIRECTION('',(1.,0.,-0.));
#6141 = DEFINITIONAL_REPRESENTATION('',(#6142),#6146);
#6142 = CIRCLE('',#6143,2.);
#6143 = AXIS2_PLACEMENT_2D('',#6144,#6145);
#6144 = CARTESIAN_POINT('',(0.,0.));
#6145 = DIRECTION('',(1.,0.));
#6146 = ( GEOMETRIC_REPRESENTATION_CONTEXT(2) 
PARAMETRIC_REPRESENTATION_CONTEXT() REPRESENTATION_CONTEXT('2D SPACE',''
  ) );
#6147 = ORIENTED_EDGE('',*,*,#6148,.F.);
#6148 = EDGE_CURVE('',#6149,#6115,#6151,.T.);
#6149 = VERTEX_POINT('',#6150);
#6150 = CARTESIAN_POINT('',(2.,-4.898587196589E-16,0.));
#6151 = SEAM_CURVE('',#6152,(#6156,#6163),.PCURVE_S1.);
#6152 = LINE('',#6153,#6154);
#6153 = CARTESIAN_POINT('',(2.,-4.898587196589E-16,0.));
#6154 = VECTOR('',#6155,1.);
#6155 = DIRECTION('',(0.,0.,1.));
#6156 = PCURVE('',#6124,#6157);
#6157 = DEFINITIONAL_REPRESENTATION('',(#6158),#6162);
#6158 = LINE('',#6159,#6160);
#6159 = CARTESIAN_POINT('',(6.28318530718,-0.));
#6160 = VECTOR('',#6161,1.);
#6161 = DIRECTION('',(0.,1.));
#6162 = ( GEOMETRIC_REPRESENTATION_CONTEXT(2) 
PARAMETRIC_REPRESENTATION_CONTEXT() REPRESENTATION_CONTEXT('2D SPACE',''
  ) );
#6163 = PCURVE('',#6124,#6164);
#6164 = DEFINITIONAL_REPRESENTATION('',(#6165),#6169);
#6165 = LINE('',#6166,#6167);
#6166 = CARTESIAN_POINT('',(0.,-0.));
#6167 = VECTOR('',#6168,1.);
#6168 = DIRECTION('',(0.,1.));
#6169 = ( GEOMETRIC_REPRESENTATION_CONTEXT(2) 
PARAMETRIC_REPRESENTATION_CONTEXT() REPRESENTATION_CONTEXT('2D SPACE',''
  ) );
#6170 = ORIENTED_EDGE('',*,*,#6171,.T.);
#6171 = EDGE_CURVE('',#6149,#6149,#6172,.T.);
#6172 = SURFACE_CURVE('',#6173,(#6178,#6185),.PCURVE_S1.);
#6173 = CIRCLE('',#6174,2.);
#6174 = AXIS2_PLACEMENT_3D('',#6175,#6176,#6177);
#6175 = CARTESIAN_POINT('',(0.,0.,0.));
#6176 = DIRECTION('',(0.,0.,1.));
#6177 = DIRECTION('',(1.,0.,-0.));
#6178 = PCURVE('',#6124,#6179);
#6179 = DEFINITIONAL_REPRESENTATION('',(#6180),#6184);
#6180 = LINE('',#6181,#6182);
#6181 = CARTESIAN_POINT('',(0.,0.));
#6182 = VECTOR('',#6183,1.);
#6183 = DIRECTION('',(1.,0.));
#6184 = ( GEOMETRIC_REPRESENTATION_CONTEXT(2) 
PARAMETRIC_REPRESENTATION_CONTEXT() REPRESENTATION_CONTEXT('2D SPACE',''
  ) );
#6185 = PCURVE('',#6186,#6191);
#6186 = PLANE('',#6187);
#6187 = AXIS2_PLACEMENT_3D('',#6188,#6189,#6190);
#6188 = CARTESIAN_POINT('',(0.,0.,0.));
#6189 = DIRECTION('',(0.,0.,1.));
#6190 = DIRECTION('',(1.,0.,-0.));
#6191 = DEFINITIONAL_REPRESENTATION('',(#6192),#6196);
#6192 = CIRCLE('',#6193,2.);
#6193 = AXIS2_PLACEMENT_2D('',#6194,#6195);
#6194 = CARTESIAN_POINT('',(0.,0.));
#6195 = DIRECTION('',(1.,0.));
#6196 = ( GEOMETRIC_REPRESENTATION_CONTEXT(2) 
PARAMETRIC_REPRESENTATION_CONTEXT() REPRESENTATION_CONTEXT('2D SPACE',''
  ) );
#6197 = ORIENTED_EDGE('',*,*,#6148,.T.);
#6198 = ADVANCED_FACE('',(#6199),#6136,.T.);
#6199 = FACE_BOUND('',#6200,.T.);
#6200 = EDGE_LOOP('',(#6201));
#6201 = ORIENTED_EDGE('',*,*,#6114,.T.);
#6202 = ADVANCED_FACE('',(#6203),#6186,.F.);
#6203 = FACE_BOUND('',#6204,.T.);
#6204 = EDGE_LOOP('',(#6205));
#6205 = ORIENTED_EDGE('',*,*,#6171,.F.);
#6206 = ( GEOMETRIC_REPRESENTATION_CONTEXT(3) 
GLOBAL_UNCERTAINTY_ASSIGNED_CONTEXT((#6210)) 
GLOBAL_UNIT_ASSIGNED_CONTEXT((#6207,#6208,#6209)) REPRESENTATION_CONTEXT
('Context #1','3D Context with UNIT and UNCERTAINTY') );
#6207 = ( LENGTH_UNIT() NAMED_UNIT(*) SI_UNIT(.MILLI.,.METRE.) );
#6208 = ( NAMED_UNIT(*) PLANE_ANGLE_UNIT() SI_UNIT($,.RADIAN.) );
#6209 = ( NAMED_UNIT(*) SI_UNIT($,.STERADIAN.) SOLID_ANGLE_UNIT() );
#6210 = UNCERTAINTY_MEASURE_WITH_UNIT(LENGTH_MEASURE(1.E-07),#6207,
  'distance_accuracy_value','confusion accuracy');
#6211 = CONTEXT_DEPENDENT_SHAPE_REPRESENTATION(#6212,#6214);
#6212 = ( REPRESENTATION_RELATIONSHIP('','',#6107,#6084) 
REPRESENTATION_RELATIONSHIP_WITH_TRANSFORMATION(#6213) 
SHAPE_REPRESENTATION_RELATIONSHIP() );
#6213 = ITEM_DEFINED_TRANSFORMATION('','',#11,#6085);
#6214 = PRODUCT_DEFINITION_SHAPE('Placement','Placement of an item',
  #6215);
#6215 = NEXT_ASSEMBLY_USAGE_OCCURRENCE('19','=>[0:1:1:21]','',#6079,
  #6102,$);
#6216 = PRODUCT_RELATED_PRODUCT_CATEGORY('part',$,(#6104));
#6217 = SHAPE_DEFINITION_REPRESENTATION(#6218,#6224);
#6218 = PRODUCT_DEFINITION_SHAPE('','',#6219);
#6219 = PRODUCT_DEFINITION('design','',#6220,#6223);
#6220 = PRODUCT_DEFINITION_FORMATION('','',#6221);
#6221 = PRODUCT('keyboard_guide_support_left_1',
  'keyboard_guide_support_left_1','',(#6222));
#6222 = PRODUCT_CONTEXT('',#2,'mechanical');
#6223 = PRODUCT_DEFINITION_CONTEXT('part definition',#2,'design');
#6224 = SHAPE_REPRESENTATION('',(#11,#6225),#6229);
#6225 = AXIS2_PLACEMENT_3D('',#6226,#6227,#6228);
#6226 = CARTESIAN_POINT('',(-3.,-3.5,0.));
#6227 = DIRECTION('',(0.,0.,1.));
#6228 = DIRECTION('',(1.,0.,-0.));
#6229 = ( GEOMETRIC_REPRESENTATION_CONTEXT(3) 
GLOBAL_UNCERTAINTY_ASSIGNED_CONTEXT((#6233)) 
GLOBAL_UNIT_ASSIGNED_CONTEXT((#6230,#6231,#6232)) REPRESENTATION_CONTEXT
('Context #1','3D Context with UNIT and UNCERTAINTY') );
#6230 = ( LENGTH_UNIT() NAMED_UNIT(*) SI_UNIT(.MILLI.,.METRE.) );
#6231 = ( NAMED_UNIT(*) PLANE_ANGLE_UNIT() SI_UNIT($,.RADIAN.) );
#6232 = ( NAMED_UNIT(*) SI_UNIT($,.STERADIAN.) SOLID_ANGLE_UNIT() );
#6233 = UNCERTAINTY_MEASURE_WITH_UNIT(LENGTH_MEASURE(1.E-07),#6230,
  'distance_accuracy_value','confusion accuracy');
#6234 = CONTEXT_DEPENDENT_SHAPE_REPRESENTATION(#6235,#6237);
#6235 = ( REPRESENTATION_RELATIONSHIP('','',#6224,#10) 
REPRESENTATION_RELATIONSHIP_WITH_TRANSFORMATION(#6236) 
SHAPE_REPRESENTATION_RELATIONSHIP() );
#6236 = ITEM_DEFINED_TRANSFORMATION('','',#11,#55);
#6237 = PRODUCT_DEFINITION_SHAPE('Placement','Placement of an item',
  #6238);
#6238 = NEXT_ASSEMBLY_USAGE_OCCURRENCE('22','=>[0:1:1:22]','',#5,#6219,$
  );
#6239 = PRODUCT_RELATED_PRODUCT_CATEGORY('part',$,(#6221));
#6240 = SHAPE_DEFINITION_REPRESENTATION(#6241,#6247);
#6241 = PRODUCT_DEFINITION_SHAPE('','',#6242);
#6242 = PRODUCT_DEFINITION('design','',#6243,#6246);
#6243 = PRODUCT_DEFINITION_FORMATION('','',#6244);
#6244 = PRODUCT('SOLID','SOLID','',(#6245));
#6245 = PRODUCT_CONTEXT('',#2,'mechanical');
#6246 = PRODUCT_DEFINITION_CONTEXT('part definition',#2,'design');
#6247 = ADVANCED_BREP_SHAPE_REPRESENTATION('',(#11,#6248),#6578);
#6248 = MANIFOLD_SOLID_BREP('',#6249);
#6249 = CLOSED_SHELL('',(#6250,#6370,#6470,#6517,#6564,#6571));
#6250 = ADVANCED_FACE('',(#6251),#6265,.F.);
#6251 = FACE_BOUND('',#6252,.F.);
#6252 = EDGE_LOOP('',(#6253,#6288,#6316,#6344));
#6253 = ORIENTED_EDGE('',*,*,#6254,.F.);
#6254 = EDGE_CURVE('',#6255,#6257,#6259,.T.);
#6255 = VERTEX_POINT('',#6256);
#6256 = CARTESIAN_POINT('',(0.,0.,0.));
#6257 = VERTEX_POINT('',#6258);
#6258 = CARTESIAN_POINT('',(0.,0.,29.981152949375));
#6259 = SURFACE_CURVE('',#6260,(#6264,#6276),.PCURVE_S1.);
#6260 = LINE('',#6261,#6262);
#6261 = CARTESIAN_POINT('',(0.,0.,0.));
#6262 = VECTOR('',#6263,1.);
#6263 = DIRECTION('',(0.,0.,1.));
#6264 = PCURVE('',#6265,#6270);
#6265 = PLANE('',#6266);
#6266 = AXIS2_PLACEMENT_3D('',#6267,#6268,#6269);
#6267 = CARTESIAN_POINT('',(0.,0.,0.));
#6268 = DIRECTION('',(1.,0.,-0.));
#6269 = DIRECTION('',(0.,0.,1.));
#6270 = DEFINITIONAL_REPRESENTATION('',(#6271),#6275);
#6271 = LINE('',#6272,#6273);
#6272 = CARTESIAN_POINT('',(0.,0.));
#6273 = VECTOR('',#6274,1.);
#6274 = DIRECTION('',(1.,0.));
#6275 = ( GEOMETRIC_REPRESENTATION_CONTEXT(2) 
PARAMETRIC_REPRESENTATION_CONTEXT() REPRESENTATION_CONTEXT('2D SPACE',''
  ) );
#6276 = PCURVE('',#6277,#6282);
#6277 = PLANE('',#6278);
#6278 = AXIS2_PLACEMENT_3D('',#6279,#6280,#6281);
#6279 = CARTESIAN_POINT('',(0.,0.,0.));
#6280 = DIRECTION('',(-0.,1.,0.));
#6281 = DIRECTION('',(0.,0.,1.));
#6282 = DEFINITIONAL_REPRESENTATION('',(#6283),#6287);
#6283 = LINE('',#6284,#6285);
#6284 = CARTESIAN_POINT('',(0.,0.));
#6285 = VECTOR('',#6286,1.);
#6286 = DIRECTION('',(1.,0.));
#6287 = ( GEOMETRIC_REPRESENTATION_CONTEXT(2) 
PARAMETRIC_REPRESENTATION_CONTEXT() REPRESENTATION_CONTEXT('2D SPACE',''
  ) );
#6288 = ORIENTED_EDGE('',*,*,#6289,.T.);
#6289 = EDGE_CURVE('',#6255,#6290,#6292,.T.);
#6290 = VERTEX_POINT('',#6291);
#6291 = CARTESIAN_POINT('',(0.,7.,0.));
#6292 = SURFACE_CURVE('',#6293,(#6297,#6304),.PCURVE_S1.);
#6293 = LINE('',#6294,#6295);
#6294 = CARTESIAN_POINT('',(0.,0.,0.));
#6295 = VECTOR('',#6296,1.);
#6296 = DIRECTION('',(-0.,1.,0.));
#6297 = PCURVE('',#6265,#6298);
#6298 = DEFINITIONAL_REPRESENTATION('',(#6299),#6303);
#6299 = LINE('',#6300,#6301);
#6300 = CARTESIAN_POINT('',(0.,0.));
#6301 = VECTOR('',#6302,1.);
#6302 = DIRECTION('',(0.,-1.));
#6303 = ( GEOMETRIC_REPRESENTATION_CONTEXT(2) 
PARAMETRIC_REPRESENTATION_CONTEXT() REPRESENTATION_CONTEXT('2D SPACE',''
  ) );
#6304 = PCURVE('',#6305,#6310);
#6305 = PLANE('',#6306);
#6306 = AXIS2_PLACEMENT_3D('',#6307,#6308,#6309);
#6307 = CARTESIAN_POINT('',(0.,0.,0.));
#6308 = DIRECTION('',(0.,0.,1.));
#6309 = DIRECTION('',(1.,0.,-0.));
#6310 = DEFINITIONAL_REPRESENTATION('',(#6311),#6315);
#6311 = LINE('',#6312,#6313);
#6312 = CARTESIAN_POINT('',(0.,0.));
#6313 = VECTOR('',#6314,1.);
#6314 = DIRECTION('',(0.,1.));
#6315 = ( GEOMETRIC_REPRESENTATION_CONTEXT(2) 
PARAMETRIC_REPRESENTATION_CONTEXT() REPRESENTATION_CONTEXT('2D SPACE',''
  ) );
#6316 = ORIENTED_EDGE('',*,*,#6317,.T.);
#6317 = EDGE_CURVE('',#6290,#6318,#6320,.T.);
#6318 = VERTEX_POINT('',#6319);
#6319 = CARTESIAN_POINT('',(0.,7.,29.981152949375));
#6320 = SURFACE_CURVE('',#6321,(#6325,#6332),.PCURVE_S1.);
#6321 = LINE('',#6322,#6323);
#6322 = CARTESIAN_POINT('',(0.,7.,0.));
#6323 = VECTOR('',#6324,1.);
#6324 = DIRECTION('',(0.,0.,1.));
#6325 = PCURVE('',#6265,#6326);
#6326 = DEFINITIONAL_REPRESENTATION('',(#6327),#6331);
#6327 = LINE('',#6328,#6329);
#6328 = CARTESIAN_POINT('',(0.,-7.));
#6329 = VECTOR('',#6330,1.);
#6330 = DIRECTION('',(1.,0.));
#6331 = ( GEOMETRIC_REPRESENTATION_CONTEXT(2) 
PARAMETRIC_REPRESENTATION_CONTEXT() REPRESENTATION_CONTEXT('2D SPACE',''
  ) );
#6332 = PCURVE('',#6333,#6338);
#6333 = PLANE('',#6334);
#6334 = AXIS2_PLACEMENT_3D('',#6335,#6336,#6337);
#6335 = CARTESIAN_POINT('',(0.,7.,0.));
#6336 = DIRECTION('',(-0.,1.,0.));
#6337 = DIRECTION('',(0.,0.,1.));
#6338 = DEFINITIONAL_REPRESENTATION('',(#6339),#6343);
#6339 = LINE('',#6340,#6341);
#6340 = CARTESIAN_POINT('',(0.,0.));
#6341 = VECTOR('',#6342,1.);
#6342 = DIRECTION('',(1.,0.));
#6343 = ( GEOMETRIC_REPRESENTATION_CONTEXT(2) 
PARAMETRIC_REPRESENTATION_CONTEXT() REPRESENTATION_CONTEXT('2D SPACE',''
  ) );
#6344 = ORIENTED_EDGE('',*,*,#6345,.F.);
#6345 = EDGE_CURVE('',#6257,#6318,#6346,.T.);
#6346 = SURFACE_CURVE('',#6347,(#6351,#6358),.PCURVE_S1.);
#6347 = LINE('',#6348,#6349);
#6348 = CARTESIAN_POINT('',(0.,0.,29.981152949375));
#6349 = VECTOR('',#6350,1.);
#6350 = DIRECTION('',(-0.,1.,0.));
#6351 = PCURVE('',#6265,#6352);
#6352 = DEFINITIONAL_REPRESENTATION('',(#6353),#6357);
#6353 = LINE('',#6354,#6355);
#6354 = CARTESIAN_POINT('',(29.981152949375,0.));
#6355 = VECTOR('',#6356,1.);
#6356 = DIRECTION('',(0.,-1.));
#6357 = ( GEOMETRIC_REPRESENTATION_CONTEXT(2) 
PARAMETRIC_REPRESENTATION_CONTEXT() REPRESENTATION_CONTEXT('2D SPACE',''
  ) );
#6358 = PCURVE('',#6359,#6364);
#6359 = PLANE('',#6360);
#6360 = AXIS2_PLACEMENT_3D('',#6361,#6362,#6363);
#6361 = CARTESIAN_POINT('',(0.,0.,29.981152949375));
#6362 = DIRECTION('',(0.,0.,1.));
#6363 = DIRECTION('',(1.,0.,-0.));
#6364 = DEFINITIONAL_REPRESENTATION('',(#6365),#6369);
#6365 = LINE('',#6366,#6367);
#6366 = CARTESIAN_POINT('',(0.,0.));
#6367 = VECTOR('',#6368,1.);
#6368 = DIRECTION('',(0.,1.));
#6369 = ( GEOMETRIC_REPRESENTATION_CONTEXT(2) 
PARAMETRIC_REPRESENTATION_CONTEXT() REPRESENTATION_CONTEXT('2D SPACE',''
  ) );
#6370 = ADVANCED_FACE('',(#6371),#6385,.T.);
#6371 = FACE_BOUND('',#6372,.T.);
#6372 = EDGE_LOOP('',(#6373,#6403,#6426,#6449));
#6373 = ORIENTED_EDGE('',*,*,#6374,.F.);
#6374 = EDGE_CURVE('',#6375,#6377,#6379,.T.);
#6375 = VERTEX_POINT('',#6376);
#6376 = CARTESIAN_POINT('',(6.,0.,0.));
#6377 = VERTEX_POINT('',#6378);
#6378 = CARTESIAN_POINT('',(6.,0.,29.981152949375));
#6379 = SURFACE_CURVE('',#6380,(#6384,#6396),.PCURVE_S1.);
#6380 = LINE('',#6381,#6382);
#6381 = CARTESIAN_POINT('',(6.,0.,0.));
#6382 = VECTOR('',#6383,1.);
#6383 = DIRECTION('',(0.,0.,1.));
#6384 = PCURVE('',#6385,#6390);
#6385 = PLANE('',#6386);
#6386 = AXIS2_PLACEMENT_3D('',#6387,#6388,#6389);
#6387 = CARTESIAN_POINT('',(6.,0.,0.));
#6388 = DIRECTION('',(1.,0.,-0.));
#6389 = DIRECTION('',(0.,0.,1.));
#6390 = DEFINITIONAL_REPRESENTATION('',(#6391),#6395);
#6391 = LINE('',#6392,#6393);
#6392 = CARTESIAN_POINT('',(0.,0.));
#6393 = VECTOR('',#6394,1.);
#6394 = DIRECTION('',(1.,0.));
#6395 = ( GEOMETRIC_REPRESENTATION_CONTEXT(2) 
PARAMETRIC_REPRESENTATION_CONTEXT() REPRESENTATION_CONTEXT('2D SPACE',''
  ) );
#6396 = PCURVE('',#6277,#6397);
#6397 = DEFINITIONAL_REPRESENTATION('',(#6398),#6402);
#6398 = LINE('',#6399,#6400);
#6399 = CARTESIAN_POINT('',(0.,6.));
#6400 = VECTOR('',#6401,1.);
#6401 = DIRECTION('',(1.,0.));
#6402 = ( GEOMETRIC_REPRESENTATION_CONTEXT(2) 
PARAMETRIC_REPRESENTATION_CONTEXT() REPRESENTATION_CONTEXT('2D SPACE',''
  ) );
#6403 = ORIENTED_EDGE('',*,*,#6404,.T.);
#6404 = EDGE_CURVE('',#6375,#6405,#6407,.T.);
#6405 = VERTEX_POINT('',#6406);
#6406 = CARTESIAN_POINT('',(6.,7.,0.));
#6407 = SURFACE_CURVE('',#6408,(#6412,#6419),.PCURVE_S1.);
#6408 = LINE('',#6409,#6410);
#6409 = CARTESIAN_POINT('',(6.,0.,0.));
#6410 = VECTOR('',#6411,1.);
#6411 = DIRECTION('',(-0.,1.,0.));
#6412 = PCURVE('',#6385,#6413);
#6413 = DEFINITIONAL_REPRESENTATION('',(#6414),#6418);
#6414 = LINE('',#6415,#6416);
#6415 = CARTESIAN_POINT('',(0.,0.));
#6416 = VECTOR('',#6417,1.);
#6417 = DIRECTION('',(0.,-1.));
#6418 = ( GEOMETRIC_REPRESENTATION_CONTEXT(2) 
PARAMETRIC_REPRESENTATION_CONTEXT() REPRESENTATION_CONTEXT('2D SPACE',''
  ) );
#6419 = PCURVE('',#6305,#6420);
#6420 = DEFINITIONAL_REPRESENTATION('',(#6421),#6425);
#6421 = LINE('',#6422,#6423);
#6422 = CARTESIAN_POINT('',(6.,0.));
#6423 = VECTOR('',#6424,1.);
#6424 = DIRECTION('',(0.,1.));
#6425 = ( GEOMETRIC_REPRESENTATION_CONTEXT(2) 
PARAMETRIC_REPRESENTATION_CONTEXT() REPRESENTATION_CONTEXT('2D SPACE',''
  ) );
#6426 = ORIENTED_EDGE('',*,*,#6427,.T.);
#6427 = EDGE_CURVE('',#6405,#6428,#6430,.T.);
#6428 = VERTEX_POINT('',#6429);
#6429 = CARTESIAN_POINT('',(6.,7.,29.981152949375));
#6430 = SURFACE_CURVE('',#6431,(#6435,#6442),.PCURVE_S1.);
#6431 = LINE('',#6432,#6433);
#6432 = CARTESIAN_POINT('',(6.,7.,0.));
#6433 = VECTOR('',#6434,1.);
#6434 = DIRECTION('',(0.,0.,1.));
#6435 = PCURVE('',#6385,#6436);
#6436 = DEFINITIONAL_REPRESENTATION('',(#6437),#6441);
#6437 = LINE('',#6438,#6439);
#6438 = CARTESIAN_POINT('',(0.,-7.));
#6439 = VECTOR('',#6440,1.);
#6440 = DIRECTION('',(1.,0.));
#6441 = ( GEOMETRIC_REPRESENTATION_CONTEXT(2) 
PARAMETRIC_REPRESENTATION_CONTEXT() REPRESENTATION_CONTEXT('2D SPACE',''
  ) );
#6442 = PCURVE('',#6333,#6443);
#6443 = DEFINITIONAL_REPRESENTATION('',(#6444),#6448);
#6444 = LINE('',#6445,#6446);
#6445 = CARTESIAN_POINT('',(0.,6.));
#6446 = VECTOR('',#6447,1.);
#6447 = DIRECTION('',(1.,0.));
#6448 = ( GEOMETRIC_REPRESENTATION_CONTEXT(2) 
PARAMETRIC_REPRESENTATION_CONTEXT() REPRESENTATION_CONTEXT('2D SPACE',''
  ) );
#6449 = ORIENTED_EDGE('',*,*,#6450,.F.);
#6450 = EDGE_CURVE('',#6377,#6428,#6451,.T.);
#6451 = SURFACE_CURVE('',#6452,(#6456,#6463),.PCURVE_S1.);
#6452 = LINE('',#6453,#6454);
#6453 = CARTESIAN_POINT('',(6.,0.,29.981152949375));
#6454 = VECTOR('',#6455,1.);
#6455 = DIRECTION('',(-0.,1.,0.));
#6456 = PCURVE('',#6385,#6457);
#6457 = DEFINITIONAL_REPRESENTATION('',(#6458),#6462);
#6458 = LINE('',#6459,#6460);
#6459 = CARTESIAN_POINT('',(29.981152949375,0.));
#6460 = VECTOR('',#6461,1.);
#6461 = DIRECTION('',(0.,-1.));
#6462 = ( GEOMETRIC_REPRESENTATION_CONTEXT(2) 
PARAMETRIC_REPRESENTATION_CONTEXT() REPRESENTATION_CONTEXT('2D SPACE',''
  ) );
#6463 = PCURVE('',#6359,#6464);
#6464 = DEFINITIONAL_REPRESENTATION('',(#6465),#6469);
#6465 = LINE('',#6466,#6467);
#6466 = CARTESIAN_POINT('',(6.,0.));
#6467 = VECTOR('',#6468,1.);
#6468 = DIRECTION('',(0.,1.));
#6469 = ( GEOMETRIC_REPRESENTATION_CONTEXT(2) 
PARAMETRIC_REPRESENTATION_CONTEXT() REPRESENTATION_CONTEXT('2D SPACE',''
  ) );
#6470 = ADVANCED_FACE('',(#6471),#6277,.F.);
#6471 = FACE_BOUND('',#6472,.F.);
#6472 = EDGE_LOOP('',(#6473,#6494,#6495,#6516));
#6473 = ORIENTED_EDGE('',*,*,#6474,.F.);
#6474 = EDGE_CURVE('',#6255,#6375,#6475,.T.);
#6475 = SURFACE_CURVE('',#6476,(#6480,#6487),.PCURVE_S1.);
#6476 = LINE('',#6477,#6478);
#6477 = CARTESIAN_POINT('',(0.,0.,0.));
#6478 = VECTOR('',#6479,1.);
#6479 = DIRECTION('',(1.,0.,-0.));
#6480 = PCURVE('',#6277,#6481);
#6481 = DEFINITIONAL_REPRESENTATION('',(#6482),#6486);
#6482 = LINE('',#6483,#6484);
#6483 = CARTESIAN_POINT('',(0.,0.));
#6484 = VECTOR('',#6485,1.);
#6485 = DIRECTION('',(0.,1.));
#6486 = ( GEOMETRIC_REPRESENTATION_CONTEXT(2) 
PARAMETRIC_REPRESENTATION_CONTEXT() REPRESENTATION_CONTEXT('2D SPACE',''
  ) );
#6487 = PCURVE('',#6305,#6488);
#6488 = DEFINITIONAL_REPRESENTATION('',(#6489),#6493);
#6489 = LINE('',#6490,#6491);
#6490 = CARTESIAN_POINT('',(0.,0.));
#6491 = VECTOR('',#6492,1.);
#6492 = DIRECTION('',(1.,0.));
#6493 = ( GEOMETRIC_REPRESENTATION_CONTEXT(2) 
PARAMETRIC_REPRESENTATION_CONTEXT() REPRESENTATION_CONTEXT('2D SPACE',''
  ) );
#6494 = ORIENTED_EDGE('',*,*,#6254,.T.);
#6495 = ORIENTED_EDGE('',*,*,#6496,.T.);
#6496 = EDGE_CURVE('',#6257,#6377,#6497,.T.);
#6497 = SURFACE_CURVE('',#6498,(#6502,#6509),.PCURVE_S1.);
#6498 = LINE('',#6499,#6500);
#6499 = CARTESIAN_POINT('',(0.,0.,29.981152949375));
#6500 = VECTOR('',#6501,1.);
#6501 = DIRECTION('',(1.,0.,-0.));
#6502 = PCURVE('',#6277,#6503);
#6503 = DEFINITIONAL_REPRESENTATION('',(#6504),#6508);
#6504 = LINE('',#6505,#6506);
#6505 = CARTESIAN_POINT('',(29.981152949375,0.));
#6506 = VECTOR('',#6507,1.);
#6507 = DIRECTION('',(0.,1.));
#6508 = ( GEOMETRIC_REPRESENTATION_CONTEXT(2) 
PARAMETRIC_REPRESENTATION_CONTEXT() REPRESENTATION_CONTEXT('2D SPACE',''
  ) );
#6509 = PCURVE('',#6359,#6510);
#6510 = DEFINITIONAL_REPRESENTATION('',(#6511),#6515);
#6511 = LINE('',#6512,#6513);
#6512 = CARTESIAN_POINT('',(0.,0.));
#6513 = VECTOR('',#6514,1.);
#6514 = DIRECTION('',(1.,0.));
#6515 = ( GEOMETRIC_REPRESENTATION_CONTEXT(2) 
PARAMETRIC_REPRESENTATION_CONTEXT() REPRESENTATION_CONTEXT('2D SPACE',''
  ) );
#6516 = ORIENTED_EDGE('',*,*,#6374,.F.);
#6517 = ADVANCED_FACE('',(#6518),#6333,.T.);
#6518 = FACE_BOUND('',#6519,.T.);
#6519 = EDGE_LOOP('',(#6520,#6541,#6542,#6563));
#6520 = ORIENTED_EDGE('',*,*,#6521,.F.);
#6521 = EDGE_CURVE('',#6290,#6405,#6522,.T.);
#6522 = SURFACE_CURVE('',#6523,(#6527,#6534),.PCURVE_S1.);
#6523 = LINE('',#6524,#6525);
#6524 = CARTESIAN_POINT('',(0.,7.,0.));
#6525 = VECTOR('',#6526,1.);
#6526 = DIRECTION('',(1.,0.,-0.));
#6527 = PCURVE('',#6333,#6528);
#6528 = DEFINITIONAL_REPRESENTATION('',(#6529),#6533);
#6529 = LINE('',#6530,#6531);
#6530 = CARTESIAN_POINT('',(0.,0.));
#6531 = VECTOR('',#6532,1.);
#6532 = DIRECTION('',(0.,1.));
#6533 = ( GEOMETRIC_REPRESENTATION_CONTEXT(2) 
PARAMETRIC_REPRESENTATION_CONTEXT() REPRESENTATION_CONTEXT('2D SPACE',''
  ) );
#6534 = PCURVE('',#6305,#6535);
#6535 = DEFINITIONAL_REPRESENTATION('',(#6536),#6540);
#6536 = LINE('',#6537,#6538);
#6537 = CARTESIAN_POINT('',(0.,7.));
#6538 = VECTOR('',#6539,1.);
#6539 = DIRECTION('',(1.,0.));
#6540 = ( GEOMETRIC_REPRESENTATION_CONTEXT(2) 
PARAMETRIC_REPRESENTATION_CONTEXT() REPRESENTATION_CONTEXT('2D SPACE',''
  ) );
#6541 = ORIENTED_EDGE('',*,*,#6317,.T.);
#6542 = ORIENTED_EDGE('',*,*,#6543,.T.);
#6543 = EDGE_CURVE('',#6318,#6428,#6544,.T.);
#6544 = SURFACE_CURVE('',#6545,(#6549,#6556),.PCURVE_S1.);
#6545 = LINE('',#6546,#6547);
#6546 = CARTESIAN_POINT('',(0.,7.,29.981152949375));
#6547 = VECTOR('',#6548,1.);
#6548 = DIRECTION('',(1.,0.,-0.));
#6549 = PCURVE('',#6333,#6550);
#6550 = DEFINITIONAL_REPRESENTATION('',(#6551),#6555);
#6551 = LINE('',#6552,#6553);
#6552 = CARTESIAN_POINT('',(29.981152949375,0.));
#6553 = VECTOR('',#6554,1.);
#6554 = DIRECTION('',(0.,1.));
#6555 = ( GEOMETRIC_REPRESENTATION_CONTEXT(2) 
PARAMETRIC_REPRESENTATION_CONTEXT() REPRESENTATION_CONTEXT('2D SPACE',''
  ) );
#6556 = PCURVE('',#6359,#6557);
#6557 = DEFINITIONAL_REPRESENTATION('',(#6558),#6562);
#6558 = LINE('',#6559,#6560);
#6559 = CARTESIAN_POINT('',(0.,7.));
#6560 = VECTOR('',#6561,1.);
#6561 = DIRECTION('',(1.,0.));
#6562 = ( GEOMETRIC_REPRESENTATION_CONTEXT(2) 
PARAMETRIC_REPRESENTATION_CONTEXT() REPRESENTATION_CONTEXT('2D SPACE',''
  ) );
#6563 = ORIENTED_EDGE('',*,*,#6427,.F.);
#6564 = ADVANCED_FACE('',(#6565),#6305,.F.);
#6565 = FACE_BOUND('',#6566,.F.);
#6566 = EDGE_LOOP('',(#6567,#6568,#6569,#6570));
#6567 = ORIENTED_EDGE('',*,*,#6289,.F.);
#6568 = ORIENTED_EDGE('',*,*,#6474,.T.);
#6569 = ORIENTED_EDGE('',*,*,#6404,.T.);
#6570 = ORIENTED_EDGE('',*,*,#6521,.F.);
#6571 = ADVANCED_FACE('',(#6572),#6359,.T.);
#6572 = FACE_BOUND('',#6573,.T.);
#6573 = EDGE_LOOP('',(#6574,#6575,#6576,#6577));
#6574 = ORIENTED_EDGE('',*,*,#6345,.F.);
#6575 = ORIENTED_EDGE('',*,*,#6496,.T.);
#6576 = ORIENTED_EDGE('',*,*,#6450,.T.);
#6577 = ORIENTED_EDGE('',*,*,#6543,.F.);
#6578 = ( GEOMETRIC_REPRESENTATION_CONTEXT(3) 
GLOBAL_UNCERTAINTY_ASSIGNED_CONTEXT((#6582)) 
GLOBAL_UNIT_ASSIGNED_CONTEXT((#6579,#6580,#6581)) REPRESENTATION_CONTEXT
('Context #1','3D Context with UNIT and UNCERTAINTY') );
#6579 = ( LENGTH_UNIT() NAMED_UNIT(*) SI_UNIT(.MILLI.,.METRE.) );
#6580 = ( NAMED_UNIT(*) PLANE_ANGLE_UNIT() SI_UNIT($,.RADIAN.) );
#6581 = ( NAMED_UNIT(*) SI_UNIT($,.STERADIAN.) SOLID_ANGLE_UNIT() );
#6582 = UNCERTAINTY_MEASURE_WITH_UNIT(LENGTH_MEASURE(1.E-07),#6579,
  'distance_accuracy_value','confusion accuracy');
#6583 = CONTEXT_DEPENDENT_SHAPE_REPRESENTATION(#6584,#6586);
#6584 = ( REPRESENTATION_RELATIONSHIP('','',#6247,#6224) 
REPRESENTATION_RELATIONSHIP_WITH_TRANSFORMATION(#6585) 
SHAPE_REPRESENTATION_RELATIONSHIP() );
#6585 = ITEM_DEFINED_TRANSFORMATION('','',#11,#6225);
#6586 = PRODUCT_DEFINITION_SHAPE('Placement','Placement of an item',
  #6587);
#6587 = NEXT_ASSEMBLY_USAGE_OCCURRENCE('21','=>[0:1:1:23]','',#6219,
  #6242,$);
#6588 = PRODUCT_RELATED_PRODUCT_CATEGORY('part',$,(#6244));
#6589 = SHAPE_DEFINITION_REPRESENTATION(#6590,#6596);
#6590 = PRODUCT_DEFINITION_SHAPE('','',#6591);
#6591 = PRODUCT_DEFINITION('design','',#6592,#6595);
#6592 = PRODUCT_DEFINITION_FORMATION('','',#6593);
#6593 = PRODUCT('keyboard_guide_support_left_2',
  'keyboard_guide_support_left_2','',(#6594));
#6594 = PRODUCT_CONTEXT('',#2,'mechanical');
#6595 = PRODUCT_DEFINITION_CONTEXT('part definition',#2,'design');
#6596 = SHAPE_REPRESENTATION('',(#11,#6597),#6601);
#6597 = AXIS2_PLACEMENT_3D('',#6598,#6599,#6600);
#6598 = CARTESIAN_POINT('',(-3.,-3.5,0.));
#6599 = DIRECTION('',(0.,0.,1.));
#6600 = DIRECTION('',(1.,0.,-0.));
#6601 = ( GEOMETRIC_REPRESENTATION_CONTEXT(3) 
GLOBAL_UNCERTAINTY_ASSIGNED_CONTEXT((#6605)) 
GLOBAL_UNIT_ASSIGNED_CONTEXT((#6602,#6603,#6604)) REPRESENTATION_CONTEXT
('Context #1','3D Context with UNIT and UNCERTAINTY') );
#6602 = ( LENGTH_UNIT() NAMED_UNIT(*) SI_UNIT(.MILLI.,.METRE.) );
#6603 = ( NAMED_UNIT(*) PLANE_ANGLE_UNIT() SI_UNIT($,.RADIAN.) );
#6604 = ( NAMED_UNIT(*) SI_UNIT($,.STERADIAN.) SOLID_ANGLE_UNIT() );
#6605 = UNCERTAINTY_MEASURE_WITH_UNIT(LENGTH_MEASURE(1.E-07),#6602,
  'distance_accuracy_value','confusion accuracy');
#6606 = CONTEXT_DEPENDENT_SHAPE_REPRESENTATION(#6607,#6609);
#6607 = ( REPRESENTATION_RELATIONSHIP('','',#6596,#10) 
REPRESENTATION_RELATIONSHIP_WITH_TRANSFORMATION(#6608) 
SHAPE_REPRESENTATION_RELATIONSHIP() );
#6608 = ITEM_DEFINED_TRANSFORMATION('','',#11,#59);
#6609 = PRODUCT_DEFINITION_SHAPE('Placement','Placement of an item',
  #6610);
#6610 = NEXT_ASSEMBLY_USAGE_OCCURRENCE('24','=>[0:1:1:24]','',#5,#6591,$
  );
#6611 = PRODUCT_RELATED_PRODUCT_CATEGORY('part',$,(#6593));
#6612 = SHAPE_DEFINITION_REPRESENTATION(#6613,#6619);
#6613 = PRODUCT_DEFINITION_SHAPE('','',#6614);
#6614 = PRODUCT_DEFINITION('design','',#6615,#6618);
#6615 = PRODUCT_DEFINITION_FORMATION('','',#6616);
#6616 = PRODUCT('SOLID','SOLID','',(#6617));
#6617 = PRODUCT_CONTEXT('',#2,'mechanical');
#6618 = PRODUCT_DEFINITION_CONTEXT('part definition',#2,'design');
#6619 = ADVANCED_BREP_SHAPE_REPRESENTATION('',(#11,#6620),#6950);
#6620 = MANIFOLD_SOLID_BREP('',#6621);
#6621 = CLOSED_SHELL('',(#6622,#6742,#6842,#6889,#6936,#6943));
#6622 = ADVANCED_FACE('',(#6623),#6637,.F.);
#6623 = FACE_BOUND('',#6624,.F.);
#6624 = EDGE_LOOP('',(#6625,#6660,#6688,#6716));
#6625 = ORIENTED_EDGE('',*,*,#6626,.F.);
#6626 = EDGE_CURVE('',#6627,#6629,#6631,.T.);
#6627 = VERTEX_POINT('',#6628);
#6628 = CARTESIAN_POINT('',(0.,0.,0.));
#6629 = VERTEX_POINT('',#6630);
#6630 = CARTESIAN_POINT('',(0.,0.,7.018847050625));
#6631 = SURFACE_CURVE('',#6632,(#6636,#6648),.PCURVE_S1.);
#6632 = LINE('',#6633,#6634);
#6633 = CARTESIAN_POINT('',(0.,0.,0.));
#6634 = VECTOR('',#6635,1.);
#6635 = DIRECTION('',(0.,0.,1.));
#6636 = PCURVE('',#6637,#6642);
#6637 = PLANE('',#6638);
#6638 = AXIS2_PLACEMENT_3D('',#6639,#6640,#6641);
#6639 = CARTESIAN_POINT('',(0.,0.,0.));
#6640 = DIRECTION('',(1.,0.,-0.));
#6641 = DIRECTION('',(0.,0.,1.));
#6642 = DEFINITIONAL_REPRESENTATION('',(#6643),#6647);
#6643 = LINE('',#6644,#6645);
#6644 = CARTESIAN_POINT('',(0.,0.));
#6645 = VECTOR('',#6646,1.);
#6646 = DIRECTION('',(1.,0.));
#6647 = ( GEOMETRIC_REPRESENTATION_CONTEXT(2) 
PARAMETRIC_REPRESENTATION_CONTEXT() REPRESENTATION_CONTEXT('2D SPACE',''
  ) );
#6648 = PCURVE('',#6649,#6654);
#6649 = PLANE('',#6650);
#6650 = AXIS2_PLACEMENT_3D('',#6651,#6652,#6653);
#6651 = CARTESIAN_POINT('',(0.,0.,0.));
#6652 = DIRECTION('',(-0.,1.,0.));
#6653 = DIRECTION('',(0.,0.,1.));
#6654 = DEFINITIONAL_REPRESENTATION('',(#6655),#6659);
#6655 = LINE('',#6656,#6657);
#6656 = CARTESIAN_POINT('',(0.,0.));
#6657 = VECTOR('',#6658,1.);
#6658 = DIRECTION('',(1.,0.));
#6659 = ( GEOMETRIC_REPRESENTATION_CONTEXT(2) 
PARAMETRIC_REPRESENTATION_CONTEXT() REPRESENTATION_CONTEXT('2D SPACE',''
  ) );
#6660 = ORIENTED_EDGE('',*,*,#6661,.T.);
#6661 = EDGE_CURVE('',#6627,#6662,#6664,.T.);
#6662 = VERTEX_POINT('',#6663);
#6663 = CARTESIAN_POINT('',(0.,7.,0.));
#6664 = SURFACE_CURVE('',#6665,(#6669,#6676),.PCURVE_S1.);
#6665 = LINE('',#6666,#6667);
#6666 = CARTESIAN_POINT('',(0.,0.,0.));
#6667 = VECTOR('',#6668,1.);
#6668 = DIRECTION('',(-0.,1.,0.));
#6669 = PCURVE('',#6637,#6670);
#6670 = DEFINITIONAL_REPRESENTATION('',(#6671),#6675);
#6671 = LINE('',#6672,#6673);
#6672 = CARTESIAN_POINT('',(0.,0.));
#6673 = VECTOR('',#6674,1.);
#6674 = DIRECTION('',(0.,-1.));
#6675 = ( GEOMETRIC_REPRESENTATION_CONTEXT(2) 
PARAMETRIC_REPRESENTATION_CONTEXT() REPRESENTATION_CONTEXT('2D SPACE',''
  ) );
#6676 = PCURVE('',#6677,#6682);
#6677 = PLANE('',#6678);
#6678 = AXIS2_PLACEMENT_3D('',#6679,#6680,#6681);
#6679 = CARTESIAN_POINT('',(0.,0.,0.));
#6680 = DIRECTION('',(0.,0.,1.));
#6681 = DIRECTION('',(1.,0.,-0.));
#6682 = DEFINITIONAL_REPRESENTATION('',(#6683),#6687);
#6683 = LINE('',#6684,#6685);
#6684 = CARTESIAN_POINT('',(0.,0.));
#6685 = VECTOR('',#6686,1.);
#6686 = DIRECTION('',(0.,1.));
#6687 = ( GEOMETRIC_REPRESENTATION_CONTEXT(2) 
PARAMETRIC_REPRESENTATION_CONTEXT() REPRESENTATION_CONTEXT('2D SPACE',''
  ) );
#6688 = ORIENTED_EDGE('',*,*,#6689,.T.);
#6689 = EDGE_CURVE('',#6662,#6690,#6692,.T.);
#6690 = VERTEX_POINT('',#6691);
#6691 = CARTESIAN_POINT('',(0.,7.,7.018847050625));
#6692 = SURFACE_CURVE('',#6693,(#6697,#6704),.PCURVE_S1.);
#6693 = LINE('',#6694,#6695);
#6694 = CARTESIAN_POINT('',(0.,7.,0.));
#6695 = VECTOR('',#6696,1.);
#6696 = DIRECTION('',(0.,0.,1.));
#6697 = PCURVE('',#6637,#6698);
#6698 = DEFINITIONAL_REPRESENTATION('',(#6699),#6703);
#6699 = LINE('',#6700,#6701);
#6700 = CARTESIAN_POINT('',(0.,-7.));
#6701 = VECTOR('',#6702,1.);
#6702 = DIRECTION('',(1.,0.));
#6703 = ( GEOMETRIC_REPRESENTATION_CONTEXT(2) 
PARAMETRIC_REPRESENTATION_CONTEXT() REPRESENTATION_CONTEXT('2D SPACE',''
  ) );
#6704 = PCURVE('',#6705,#6710);
#6705 = PLANE('',#6706);
#6706 = AXIS2_PLACEMENT_3D('',#6707,#6708,#6709);
#6707 = CARTESIAN_POINT('',(0.,7.,0.));
#6708 = DIRECTION('',(-0.,1.,0.));
#6709 = DIRECTION('',(0.,0.,1.));
#6710 = DEFINITIONAL_REPRESENTATION('',(#6711),#6715);
#6711 = LINE('',#6712,#6713);
#6712 = CARTESIAN_POINT('',(0.,0.));
#6713 = VECTOR('',#6714,1.);
#6714 = DIRECTION('',(1.,0.));
#6715 = ( GEOMETRIC_REPRESENTATION_CONTEXT(2) 
PARAMETRIC_REPRESENTATION_CONTEXT() REPRESENTATION_CONTEXT('2D SPACE',''
  ) );
#6716 = ORIENTED_EDGE('',*,*,#6717,.F.);
#6717 = EDGE_CURVE('',#6629,#6690,#6718,.T.);
#6718 = SURFACE_CURVE('',#6719,(#6723,#6730),.PCURVE_S1.);
#6719 = LINE('',#6720,#6721);
#6720 = CARTESIAN_POINT('',(0.,0.,7.018847050625));
#6721 = VECTOR('',#6722,1.);
#6722 = DIRECTION('',(-0.,1.,0.));
#6723 = PCURVE('',#6637,#6724);
#6724 = DEFINITIONAL_REPRESENTATION('',(#6725),#6729);
#6725 = LINE('',#6726,#6727);
#6726 = CARTESIAN_POINT('',(7.018847050625,0.));
#6727 = VECTOR('',#6728,1.);
#6728 = DIRECTION('',(0.,-1.));
#6729 = ( GEOMETRIC_REPRESENTATION_CONTEXT(2) 
PARAMETRIC_REPRESENTATION_CONTEXT() REPRESENTATION_CONTEXT('2D SPACE',''
  ) );
#6730 = PCURVE('',#6731,#6736);
#6731 = PLANE('',#6732);
#6732 = AXIS2_PLACEMENT_3D('',#6733,#6734,#6735);
#6733 = CARTESIAN_POINT('',(0.,0.,7.018847050625));
#6734 = DIRECTION('',(0.,0.,1.));
#6735 = DIRECTION('',(1.,0.,-0.));
#6736 = DEFINITIONAL_REPRESENTATION('',(#6737),#6741);
#6737 = LINE('',#6738,#6739);
#6738 = CARTESIAN_POINT('',(0.,0.));
#6739 = VECTOR('',#6740,1.);
#6740 = DIRECTION('',(0.,1.));
#6741 = ( GEOMETRIC_REPRESENTATION_CONTEXT(2) 
PARAMETRIC_REPRESENTATION_CONTEXT() REPRESENTATION_CONTEXT('2D SPACE',''
  ) );
#6742 = ADVANCED_FACE('',(#6743),#6757,.T.);
#6743 = FACE_BOUND('',#6744,.T.);
#6744 = EDGE_LOOP('',(#6745,#6775,#6798,#6821));
#6745 = ORIENTED_EDGE('',*,*,#6746,.F.);
#6746 = EDGE_CURVE('',#6747,#6749,#6751,.T.);
#6747 = VERTEX_POINT('',#6748);
#6748 = CARTESIAN_POINT('',(6.,0.,0.));
#6749 = VERTEX_POINT('',#6750);
#6750 = CARTESIAN_POINT('',(6.,0.,7.018847050625));
#6751 = SURFACE_CURVE('',#6752,(#6756,#6768),.PCURVE_S1.);
#6752 = LINE('',#6753,#6754);
#6753 = CARTESIAN_POINT('',(6.,0.,0.));
#6754 = VECTOR('',#6755,1.);
#6755 = DIRECTION('',(0.,0.,1.));
#6756 = PCURVE('',#6757,#6762);
#6757 = PLANE('',#6758);
#6758 = AXIS2_PLACEMENT_3D('',#6759,#6760,#6761);
#6759 = CARTESIAN_POINT('',(6.,0.,0.));
#6760 = DIRECTION('',(1.,0.,-0.));
#6761 = DIRECTION('',(0.,0.,1.));
#6762 = DEFINITIONAL_REPRESENTATION('',(#6763),#6767);
#6763 = LINE('',#6764,#6765);
#6764 = CARTESIAN_POINT('',(0.,0.));
#6765 = VECTOR('',#6766,1.);
#6766 = DIRECTION('',(1.,0.));
#6767 = ( GEOMETRIC_REPRESENTATION_CONTEXT(2) 
PARAMETRIC_REPRESENTATION_CONTEXT() REPRESENTATION_CONTEXT('2D SPACE',''
  ) );
#6768 = PCURVE('',#6649,#6769);
#6769 = DEFINITIONAL_REPRESENTATION('',(#6770),#6774);
#6770 = LINE('',#6771,#6772);
#6771 = CARTESIAN_POINT('',(0.,6.));
#6772 = VECTOR('',#6773,1.);
#6773 = DIRECTION('',(1.,0.));
#6774 = ( GEOMETRIC_REPRESENTATION_CONTEXT(2) 
PARAMETRIC_REPRESENTATION_CONTEXT() REPRESENTATION_CONTEXT('2D SPACE',''
  ) );
#6775 = ORIENTED_EDGE('',*,*,#6776,.T.);
#6776 = EDGE_CURVE('',#6747,#6777,#6779,.T.);
#6777 = VERTEX_POINT('',#6778);
#6778 = CARTESIAN_POINT('',(6.,7.,0.));
#6779 = SURFACE_CURVE('',#6780,(#6784,#6791),.PCURVE_S1.);
#6780 = LINE('',#6781,#6782);
#6781 = CARTESIAN_POINT('',(6.,0.,0.));
#6782 = VECTOR('',#6783,1.);
#6783 = DIRECTION('',(-0.,1.,0.));
#6784 = PCURVE('',#6757,#6785);
#6785 = DEFINITIONAL_REPRESENTATION('',(#6786),#6790);
#6786 = LINE('',#6787,#6788);
#6787 = CARTESIAN_POINT('',(0.,0.));
#6788 = VECTOR('',#6789,1.);
#6789 = DIRECTION('',(0.,-1.));
#6790 = ( GEOMETRIC_REPRESENTATION_CONTEXT(2) 
PARAMETRIC_REPRESENTATION_CONTEXT() REPRESENTATION_CONTEXT('2D SPACE',''
  ) );
#6791 = PCURVE('',#6677,#6792);
#6792 = DEFINITIONAL_REPRESENTATION('',(#6793),#6797);
#6793 = LINE('',#6794,#6795);
#6794 = CARTESIAN_POINT('',(6.,0.));
#6795 = VECTOR('',#6796,1.);
#6796 = DIRECTION('',(0.,1.));
#6797 = ( GEOMETRIC_REPRESENTATION_CONTEXT(2) 
PARAMETRIC_REPRESENTATION_CONTEXT() REPRESENTATION_CONTEXT('2D SPACE',''
  ) );
#6798 = ORIENTED_EDGE('',*,*,#6799,.T.);
#6799 = EDGE_CURVE('',#6777,#6800,#6802,.T.);
#6800 = VERTEX_POINT('',#6801);
#6801 = CARTESIAN_POINT('',(6.,7.,7.018847050625));
#6802 = SURFACE_CURVE('',#6803,(#6807,#6814),.PCURVE_S1.);
#6803 = LINE('',#6804,#6805);
#6804 = CARTESIAN_POINT('',(6.,7.,0.));
#6805 = VECTOR('',#6806,1.);
#6806 = DIRECTION('',(0.,0.,1.));
#6807 = PCURVE('',#6757,#6808);
#6808 = DEFINITIONAL_REPRESENTATION('',(#6809),#6813);
#6809 = LINE('',#6810,#6811);
#6810 = CARTESIAN_POINT('',(0.,-7.));
#6811 = VECTOR('',#6812,1.);
#6812 = DIRECTION('',(1.,0.));
#6813 = ( GEOMETRIC_REPRESENTATION_CONTEXT(2) 
PARAMETRIC_REPRESENTATION_CONTEXT() REPRESENTATION_CONTEXT('2D SPACE',''
  ) );
#6814 = PCURVE('',#6705,#6815);
#6815 = DEFINITIONAL_REPRESENTATION('',(#6816),#6820);
#6816 = LINE('',#6817,#6818);
#6817 = CARTESIAN_POINT('',(0.,6.));
#6818 = VECTOR('',#6819,1.);
#6819 = DIRECTION('',(1.,0.));
#6820 = ( GEOMETRIC_REPRESENTATION_CONTEXT(2) 
PARAMETRIC_REPRESENTATION_CONTEXT() REPRESENTATION_CONTEXT('2D SPACE',''
  ) );
#6821 = ORIENTED_EDGE('',*,*,#6822,.F.);
#6822 = EDGE_CURVE('',#6749,#6800,#6823,.T.);
#6823 = SURFACE_CURVE('',#6824,(#6828,#6835),.PCURVE_S1.);
#6824 = LINE('',#6825,#6826);
#6825 = CARTESIAN_POINT('',(6.,0.,7.018847050625));
#6826 = VECTOR('',#6827,1.);
#6827 = DIRECTION('',(-0.,1.,0.));
#6828 = PCURVE('',#6757,#6829);
#6829 = DEFINITIONAL_REPRESENTATION('',(#6830),#6834);
#6830 = LINE('',#6831,#6832);
#6831 = CARTESIAN_POINT('',(7.018847050625,0.));
#6832 = VECTOR('',#6833,1.);
#6833 = DIRECTION('',(0.,-1.));
#6834 = ( GEOMETRIC_REPRESENTATION_CONTEXT(2) 
PARAMETRIC_REPRESENTATION_CONTEXT() REPRESENTATION_CONTEXT('2D SPACE',''
  ) );
#6835 = PCURVE('',#6731,#6836);
#6836 = DEFINITIONAL_REPRESENTATION('',(#6837),#6841);
#6837 = LINE('',#6838,#6839);
#6838 = CARTESIAN_POINT('',(6.,0.));
#6839 = VECTOR('',#6840,1.);
#6840 = DIRECTION('',(0.,1.));
#6841 = ( GEOMETRIC_REPRESENTATION_CONTEXT(2) 
PARAMETRIC_REPRESENTATION_CONTEXT() REPRESENTATION_CONTEXT('2D SPACE',''
  ) );
#6842 = ADVANCED_FACE('',(#6843),#6649,.F.);
#6843 = FACE_BOUND('',#6844,.F.);
#6844 = EDGE_LOOP('',(#6845,#6866,#6867,#6888));
#6845 = ORIENTED_EDGE('',*,*,#6846,.F.);
#6846 = EDGE_CURVE('',#6627,#6747,#6847,.T.);
#6847 = SURFACE_CURVE('',#6848,(#6852,#6859),.PCURVE_S1.);
#6848 = LINE('',#6849,#6850);
#6849 = CARTESIAN_POINT('',(0.,0.,0.));
#6850 = VECTOR('',#6851,1.);
#6851 = DIRECTION('',(1.,0.,-0.));
#6852 = PCURVE('',#6649,#6853);
#6853 = DEFINITIONAL_REPRESENTATION('',(#6854),#6858);
#6854 = LINE('',#6855,#6856);
#6855 = CARTESIAN_POINT('',(0.,0.));
#6856 = VECTOR('',#6857,1.);
#6857 = DIRECTION('',(0.,1.));
#6858 = ( GEOMETRIC_REPRESENTATION_CONTEXT(2) 
PARAMETRIC_REPRESENTATION_CONTEXT() REPRESENTATION_CONTEXT('2D SPACE',''
  ) );
#6859 = PCURVE('',#6677,#6860);
#6860 = DEFINITIONAL_REPRESENTATION('',(#6861),#6865);
#6861 = LINE('',#6862,#6863);
#6862 = CARTESIAN_POINT('',(0.,0.));
#6863 = VECTOR('',#6864,1.);
#6864 = DIRECTION('',(1.,0.));
#6865 = ( GEOMETRIC_REPRESENTATION_CONTEXT(2) 
PARAMETRIC_REPRESENTATION_CONTEXT() REPRESENTATION_CONTEXT('2D SPACE',''
  ) );
#6866 = ORIENTED_EDGE('',*,*,#6626,.T.);
#6867 = ORIENTED_EDGE('',*,*,#6868,.T.);
#6868 = EDGE_CURVE('',#6629,#6749,#6869,.T.);
#6869 = SURFACE_CURVE('',#6870,(#6874,#6881),.PCURVE_S1.);
#6870 = LINE('',#6871,#6872);
#6871 = CARTESIAN_POINT('',(0.,0.,7.018847050625));
#6872 = VECTOR('',#6873,1.);
#6873 = DIRECTION('',(1.,0.,-0.));
#6874 = PCURVE('',#6649,#6875);
#6875 = DEFINITIONAL_REPRESENTATION('',(#6876),#6880);
#6876 = LINE('',#6877,#6878);
#6877 = CARTESIAN_POINT('',(7.018847050625,0.));
#6878 = VECTOR('',#6879,1.);
#6879 = DIRECTION('',(0.,1.));
#6880 = ( GEOMETRIC_REPRESENTATION_CONTEXT(2) 
PARAMETRIC_REPRESENTATION_CONTEXT() REPRESENTATION_CONTEXT('2D SPACE',''
  ) );
#6881 = PCURVE('',#6731,#6882);
#6882 = DEFINITIONAL_REPRESENTATION('',(#6883),#6887);
#6883 = LINE('',#6884,#6885);
#6884 = CARTESIAN_POINT('',(0.,0.));
#6885 = VECTOR('',#6886,1.);
#6886 = DIRECTION('',(1.,0.));
#6887 = ( GEOMETRIC_REPRESENTATION_CONTEXT(2) 
PARAMETRIC_REPRESENTATION_CONTEXT() REPRESENTATION_CONTEXT('2D SPACE',''
  ) );
#6888 = ORIENTED_EDGE('',*,*,#6746,.F.);
#6889 = ADVANCED_FACE('',(#6890),#6705,.T.);
#6890 = FACE_BOUND('',#6891,.T.);
#6891 = EDGE_LOOP('',(#6892,#6913,#6914,#6935));
#6892 = ORIENTED_EDGE('',*,*,#6893,.F.);
#6893 = EDGE_CURVE('',#6662,#6777,#6894,.T.);
#6894 = SURFACE_CURVE('',#6895,(#6899,#6906),.PCURVE_S1.);
#6895 = LINE('',#6896,#6897);
#6896 = CARTESIAN_POINT('',(0.,7.,0.));
#6897 = VECTOR('',#6898,1.);
#6898 = DIRECTION('',(1.,0.,-0.));
#6899 = PCURVE('',#6705,#6900);
#6900 = DEFINITIONAL_REPRESENTATION('',(#6901),#6905);
#6901 = LINE('',#6902,#6903);
#6902 = CARTESIAN_POINT('',(0.,0.));
#6903 = VECTOR('',#6904,1.);
#6904 = DIRECTION('',(0.,1.));
#6905 = ( GEOMETRIC_REPRESENTATION_CONTEXT(2) 
PARAMETRIC_REPRESENTATION_CONTEXT() REPRESENTATION_CONTEXT('2D SPACE',''
  ) );
#6906 = PCURVE('',#6677,#6907);
#6907 = DEFINITIONAL_REPRESENTATION('',(#6908),#6912);
#6908 = LINE('',#6909,#6910);
#6909 = CARTESIAN_POINT('',(0.,7.));
#6910 = VECTOR('',#6911,1.);
#6911 = DIRECTION('',(1.,0.));
#6912 = ( GEOMETRIC_REPRESENTATION_CONTEXT(2) 
PARAMETRIC_REPRESENTATION_CONTEXT() REPRESENTATION_CONTEXT('2D SPACE',''
  ) );
#6913 = ORIENTED_EDGE('',*,*,#6689,.T.);
#6914 = ORIENTED_EDGE('',*,*,#6915,.T.);
#6915 = EDGE_CURVE('',#6690,#6800,#6916,.T.);
#6916 = SURFACE_CURVE('',#6917,(#6921,#6928),.PCURVE_S1.);
#6917 = LINE('',#6918,#6919);
#6918 = CARTESIAN_POINT('',(0.,7.,7.018847050625));
#6919 = VECTOR('',#6920,1.);
#6920 = DIRECTION('',(1.,0.,-0.));
#6921 = PCURVE('',#6705,#6922);
#6922 = DEFINITIONAL_REPRESENTATION('',(#6923),#6927);
#6923 = LINE('',#6924,#6925);
#6924 = CARTESIAN_POINT('',(7.018847050625,0.));
#6925 = VECTOR('',#6926,1.);
#6926 = DIRECTION('',(0.,1.));
#6927 = ( GEOMETRIC_REPRESENTATION_CONTEXT(2) 
PARAMETRIC_REPRESENTATION_CONTEXT() REPRESENTATION_CONTEXT('2D SPACE',''
  ) );
#6928 = PCURVE('',#6731,#6929);
#6929 = DEFINITIONAL_REPRESENTATION('',(#6930),#6934);
#6930 = LINE('',#6931,#6932);
#6931 = CARTESIAN_POINT('',(0.,7.));
#6932 = VECTOR('',#6933,1.);
#6933 = DIRECTION('',(1.,0.));
#6934 = ( GEOMETRIC_REPRESENTATION_CONTEXT(2) 
PARAMETRIC_REPRESENTATION_CONTEXT() REPRESENTATION_CONTEXT('2D SPACE',''
  ) );
#6935 = ORIENTED_EDGE('',*,*,#6799,.F.);
#6936 = ADVANCED_FACE('',(#6937),#6677,.F.);
#6937 = FACE_BOUND('',#6938,.F.);
#6938 = EDGE_LOOP('',(#6939,#6940,#6941,#6942));
#6939 = ORIENTED_EDGE('',*,*,#6661,.F.);
#6940 = ORIENTED_EDGE('',*,*,#6846,.T.);
#6941 = ORIENTED_EDGE('',*,*,#6776,.T.);
#6942 = ORIENTED_EDGE('',*,*,#6893,.F.);
#6943 = ADVANCED_FACE('',(#6944),#6731,.T.);
#6944 = FACE_BOUND('',#6945,.T.);
#6945 = EDGE_LOOP('',(#6946,#6947,#6948,#6949));
#6946 = ORIENTED_EDGE('',*,*,#6717,.F.);
#6947 = ORIENTED_EDGE('',*,*,#6868,.T.);
#6948 = ORIENTED_EDGE('',*,*,#6822,.T.);
#6949 = ORIENTED_EDGE('',*,*,#6915,.F.);
#6950 = ( GEOMETRIC_REPRESENTATION_CONTEXT(3) 
GLOBAL_UNCERTAINTY_ASSIGNED_CONTEXT((#6954)) 
GLOBAL_UNIT_ASSIGNED_CONTEXT((#6951,#6952,#6953)) REPRESENTATION_CONTEXT
('Context #1','3D Context with UNIT and UNCERTAINTY') );
#6951 = ( LENGTH_UNIT() NAMED_UNIT(*) SI_UNIT(.MILLI.,.METRE.) );
#6952 = ( NAMED_UNIT(*) PLANE_ANGLE_UNIT() SI_UNIT($,.RADIAN.) );
#6953 = ( NAMED_UNIT(*) SI_UNIT($,.STERADIAN.) SOLID_ANGLE_UNIT() );
#6954 = UNCERTAINTY_MEASURE_WITH_UNIT(LENGTH_MEASURE(1.E-07),#6951,
  'distance_accuracy_value','confusion accuracy');
#6955 = CONTEXT_DEPENDENT_SHAPE_REPRESENTATION(#6956,#6958);
#6956 = ( REPRESENTATION_RELATIONSHIP('','',#6619,#6596) 
REPRESENTATION_RELATIONSHIP_WITH_TRANSFORMATION(#6957) 
SHAPE_REPRESENTATION_RELATIONSHIP() );
#6957 = ITEM_DEFINED_TRANSFORMATION('','',#11,#6597);
#6958 = PRODUCT_DEFINITION_SHAPE('Placement','Placement of an item',
  #6959);
#6959 = NEXT_ASSEMBLY_USAGE_OCCURRENCE('23','=>[0:1:1:25]','',#6591,
  #6614,$);
#6960 = PRODUCT_RELATED_PRODUCT_CATEGORY('part',$,(#6616));
#6961 = SHAPE_DEFINITION_REPRESENTATION(#6962,#6968);
#6962 = PRODUCT_DEFINITION_SHAPE('','',#6963);
#6963 = PRODUCT_DEFINITION('design','',#6964,#6967);
#6964 = PRODUCT_DEFINITION_FORMATION('','',#6965);
#6965 = PRODUCT('keyboard_fixed_guide_right',
  'keyboard_fixed_guide_right','',(#6966));
#6966 = PRODUCT_CONTEXT('',#2,'mechanical');
#6967 = PRODUCT_DEFINITION_CONTEXT('part definition',#2,'design');
#6968 = SHAPE_REPRESENTATION('',(#11,#6969),#6973);
#6969 = AXIS2_PLACEMENT_3D('',#6970,#6971,#6972);
#6970 = CARTESIAN_POINT('',(0.,0.,0.));
#6971 = DIRECTION('',(0.,0.,1.));
#6972 = DIRECTION('',(1.,0.,-0.));
#6973 = ( GEOMETRIC_REPRESENTATION_CONTEXT(3) 
GLOBAL_UNCERTAINTY_ASSIGNED_CONTEXT((#6977)) 
GLOBAL_UNIT_ASSIGNED_CONTEXT((#6974,#6975,#6976)) REPRESENTATION_CONTEXT
('Context #1','3D Context with UNIT and UNCERTAINTY') );
#6974 = ( LENGTH_UNIT() NAMED_UNIT(*) SI_UNIT(.MILLI.,.METRE.) );
#6975 = ( NAMED_UNIT(*) PLANE_ANGLE_UNIT() SI_UNIT($,.RADIAN.) );
#6976 = ( NAMED_UNIT(*) SI_UNIT($,.STERADIAN.) SOLID_ANGLE_UNIT() );
#6977 = UNCERTAINTY_MEASURE_WITH_UNIT(LENGTH_MEASURE(1.E-07),#6974,
  'distance_accuracy_value','confusion accuracy');
#6978 = CONTEXT_DEPENDENT_SHAPE_REPRESENTATION(#6979,#6981);
#6979 = ( REPRESENTATION_RELATIONSHIP('','',#6968,#10) 
REPRESENTATION_RELATIONSHIP_WITH_TRANSFORMATION(#6980) 
SHAPE_REPRESENTATION_RELATIONSHIP() );
#6980 = ITEM_DEFINED_TRANSFORMATION('','',#11,#63);
#6981 = PRODUCT_DEFINITION_SHAPE('Placement','Placement of an item',
  #6982);
#6982 = NEXT_ASSEMBLY_USAGE_OCCURRENCE('26','=>[0:1:1:26]','',#5,#6963,$
  );
#6983 = PRODUCT_RELATED_PRODUCT_CATEGORY('part',$,(#6965));
#6984 = SHAPE_DEFINITION_REPRESENTATION(#6985,#6991);
#6985 = PRODUCT_DEFINITION_SHAPE('','',#6986);
#6986 = PRODUCT_DEFINITION('design','',#6987,#6990);
#6987 = PRODUCT_DEFINITION_FORMATION('','',#6988);
#6988 = PRODUCT('SOLID','SOLID','',(#6989));
#6989 = PRODUCT_CONTEXT('',#2,'mechanical');
#6990 = PRODUCT_DEFINITION_CONTEXT('part definition',#2,'design');
#6991 = ADVANCED_BREP_SHAPE_REPRESENTATION('',(#11,#6992),#7634);
#6992 = MANIFOLD_SOLID_BREP('',#6993);
#6993 = CLOSED_SHELL('',(#6994,#7228,#7304,#7352,#7401,#7429,#7500,#7547
    ,#7596,#7621));
#6994 = ADVANCED_FACE('',(#6995,#7116),#7010,.F.);
#6995 = FACE_BOUND('',#6996,.F.);
#6996 = EDGE_LOOP('',(#6997,#7033,#7061,#7090));
#6997 = ORIENTED_EDGE('',*,*,#6998,.T.);
#6998 = EDGE_CURVE('',#6999,#7001,#7003,.T.);
#6999 = VERTEX_POINT('',#7000);
#7000 = CARTESIAN_POINT('',(148.5,7.521980673999,3.148839719251));
#7001 = VERTEX_POINT('',#7002);
#7002 = CARTESIAN_POINT('',(148.5,11.994116628998,12.09311162925));
#7003 = SURFACE_CURVE('',#7004,(#7009,#7021),.PCURVE_S1.);
#7004 = CIRCLE('',#7005,5.);
#7005 = AXIS2_PLACEMENT_3D('',#7006,#7007,#7008);
#7006 = CARTESIAN_POINT('',(148.5,9.758048651499,7.620975674251));
#7007 = DIRECTION('',(1.,9.930136612989E-17,1.986027322598E-16));
#7008 = DIRECTION('',(2.22044604925E-16,-0.4472135955,-0.894427191));
#7009 = PCURVE('',#7010,#7015);
#7010 = PLANE('',#7011);
#7011 = AXIS2_PLACEMENT_3D('',#7012,#7013,#7014);
#7012 = CARTESIAN_POINT('',(148.5,-51.99411662899,32.90688837075));
#7013 = DIRECTION('',(1.,0.,-0.));
#7014 = DIRECTION('',(0.,0.4472135955,0.894427191));
#7015 = DEFINITIONAL_REPRESENTATION('',(#7016),#7020);
#7016 = CIRCLE('',#7017,5.);
#7017 = AXIS2_PLACEMENT_2D('',#7018,#7019);
#7018 = CARTESIAN_POINT('',(5.,-66.54101966249));
#7019 = DIRECTION('',(-1.,0.));
#7020 = ( GEOMETRIC_REPRESENTATION_CONTEXT(2) 
PARAMETRIC_REPRESENTATION_CONTEXT() REPRESENTATION_CONTEXT('2D SPACE',''
  ) );
#7021 = PCURVE('',#7022,#7027);
#7022 = CYLINDRICAL_SURFACE('',#7023,5.);
#7023 = AXIS2_PLACEMENT_3D('',#7024,#7025,#7026);
#7024 = CARTESIAN_POINT('',(148.5,9.758048651499,7.620975674251));
#7025 = DIRECTION('',(1.,9.930136612989E-17,1.986027322598E-16));
#7026 = DIRECTION('',(2.22044604925E-16,-0.4472135955,-0.894427191));
#7027 = DEFINITIONAL_REPRESENTATION('',(#7028),#7032);
#7028 = LINE('',#7029,#7030);
#7029 = CARTESIAN_POINT('',(0.,0.));
#7030 = VECTOR('',#7031,1.);
#7031 = DIRECTION('',(1.,0.));
#7032 = ( GEOMETRIC_REPRESENTATION_CONTEXT(2) 
PARAMETRIC_REPRESENTATION_CONTEXT() REPRESENTATION_CONTEXT('2D SPACE',''
  ) );
#7033 = ORIENTED_EDGE('',*,*,#7034,.F.);
#7034 = EDGE_CURVE('',#7035,#7001,#7037,.T.);
#7035 = VERTEX_POINT('',#7036);
#7036 = CARTESIAN_POINT('',(148.5,-47.52198067399,41.851160280749));
#7037 = SURFACE_CURVE('',#7038,(#7042,#7049),.PCURVE_S1.);
#7038 = LINE('',#7039,#7040);
#7039 = CARTESIAN_POINT('',(148.5,-47.52198067399,41.851160280749));
#7040 = VECTOR('',#7041,1.);
#7041 = DIRECTION('',(0.,0.894427191,-0.4472135955));
#7042 = PCURVE('',#7010,#7043);
#7043 = DEFINITIONAL_REPRESENTATION('',(#7044),#7048);
#7044 = LINE('',#7045,#7046);
#7045 = CARTESIAN_POINT('',(10.,0.));
#7046 = VECTOR('',#7047,1.);
#7047 = DIRECTION('',(0.,-1.));
#7048 = ( GEOMETRIC_REPRESENTATION_CONTEXT(2) 
PARAMETRIC_REPRESENTATION_CONTEXT() REPRESENTATION_CONTEXT('2D SPACE',''
  ) );
#7049 = PCURVE('',#7050,#7055);
#7050 = PLANE('',#7051);
#7051 = AXIS2_PLACEMENT_3D('',#7052,#7053,#7054);
#7052 = CARTESIAN_POINT('',(148.5,-47.52198067399,41.851160280749));
#7053 = DIRECTION('',(0.,0.4472135955,0.894427191));
#7054 = DIRECTION('',(1.,0.,-0.));
#7055 = DEFINITIONAL_REPRESENTATION('',(#7056),#7060);
#7056 = LINE('',#7057,#7058);
#7057 = CARTESIAN_POINT('',(0.,0.));
#7058 = VECTOR('',#7059,1.);
#7059 = DIRECTION('',(0.,1.));
#7060 = ( GEOMETRIC_REPRESENTATION_CONTEXT(2) 
PARAMETRIC_REPRESENTATION_CONTEXT() REPRESENTATION_CONTEXT('2D SPACE',''
  ) );
#7061 = ORIENTED_EDGE('',*,*,#7062,.T.);
#7062 = EDGE_CURVE('',#7035,#7063,#7065,.T.);
#7063 = VERTEX_POINT('',#7064);
#7064 = CARTESIAN_POINT('',(148.5,-51.99411662899,32.90688837075));
#7065 = SURFACE_CURVE('',#7066,(#7071,#7078),.PCURVE_S1.);
#7066 = CIRCLE('',#7067,5.);
#7067 = AXIS2_PLACEMENT_3D('',#7068,#7069,#7070);
#7068 = CARTESIAN_POINT('',(148.5,-49.75804865149,37.379024325749));
#7069 = DIRECTION('',(1.,9.930136612989E-17,1.986027322598E-16));
#7070 = DIRECTION('',(2.22044604925E-16,-0.4472135955,-0.894427191));
#7071 = PCURVE('',#7010,#7072);
#7072 = DEFINITIONAL_REPRESENTATION('',(#7073),#7077);
#7073 = CIRCLE('',#7074,5.);
#7074 = AXIS2_PLACEMENT_2D('',#7075,#7076);
#7075 = CARTESIAN_POINT('',(5.,0.));
#7076 = DIRECTION('',(-1.,0.));
#7077 = ( GEOMETRIC_REPRESENTATION_CONTEXT(2) 
PARAMETRIC_REPRESENTATION_CONTEXT() REPRESENTATION_CONTEXT('2D SPACE',''
  ) );
#7078 = PCURVE('',#7079,#7084);
#7079 = CYLINDRICAL_SURFACE('',#7080,5.);
#7080 = AXIS2_PLACEMENT_3D('',#7081,#7082,#7083);
#7081 = CARTESIAN_POINT('',(148.5,-49.75804865149,37.379024325749));
#7082 = DIRECTION('',(1.,9.930136612989E-17,1.986027322598E-16));
#7083 = DIRECTION('',(2.22044604925E-16,-0.4472135955,-0.894427191));
#7084 = DEFINITIONAL_REPRESENTATION('',(#7085),#7089);
#7085 = LINE('',#7086,#7087);
#7086 = CARTESIAN_POINT('',(0.,0.));
#7087 = VECTOR('',#7088,1.);
#7088 = DIRECTION('',(1.,0.));
#7089 = ( GEOMETRIC_REPRESENTATION_CONTEXT(2) 
PARAMETRIC_REPRESENTATION_CONTEXT() REPRESENTATION_CONTEXT('2D SPACE',''
  ) );
#7090 = ORIENTED_EDGE('',*,*,#7091,.T.);
#7091 = EDGE_CURVE('',#7063,#6999,#7092,.T.);
#7092 = SURFACE_CURVE('',#7093,(#7097,#7104),.PCURVE_S1.);
#7093 = LINE('',#7094,#7095);
#7094 = CARTESIAN_POINT('',(148.5,-51.99411662899,32.90688837075));
#7095 = VECTOR('',#7096,1.);
#7096 = DIRECTION('',(0.,0.894427191,-0.4472135955));
#7097 = PCURVE('',#7010,#7098);
#7098 = DEFINITIONAL_REPRESENTATION('',(#7099),#7103);
#7099 = LINE('',#7100,#7101);
#7100 = CARTESIAN_POINT('',(0.,0.));
#7101 = VECTOR('',#7102,1.);
#7102 = DIRECTION('',(0.,-1.));
#7103 = ( GEOMETRIC_REPRESENTATION_CONTEXT(2) 
PARAMETRIC_REPRESENTATION_CONTEXT() REPRESENTATION_CONTEXT('2D SPACE',''
  ) );
#7104 = PCURVE('',#7105,#7110);
#7105 = PLANE('',#7106);
#7106 = AXIS2_PLACEMENT_3D('',#7107,#7108,#7109);
#7107 = CARTESIAN_POINT('',(148.5,-51.99411662899,32.90688837075));
#7108 = DIRECTION('',(0.,0.4472135955,0.894427191));
#7109 = DIRECTION('',(1.,0.,-0.));
#7110 = DEFINITIONAL_REPRESENTATION('',(#7111),#7115);
#7111 = LINE('',#7112,#7113);
#7112 = CARTESIAN_POINT('',(0.,0.));
#7113 = VECTOR('',#7114,1.);
#7114 = DIRECTION('',(0.,1.));
#7115 = ( GEOMETRIC_REPRESENTATION_CONTEXT(2) 
PARAMETRIC_REPRESENTATION_CONTEXT() REPRESENTATION_CONTEXT('2D SPACE',''
  ) );
#7116 = FACE_BOUND('',#7117,.F.);
#7117 = EDGE_LOOP('',(#7118,#7149,#7175,#7204));
#7118 = ORIENTED_EDGE('',*,*,#7119,.F.);
#7119 = EDGE_CURVE('',#7120,#7122,#7124,.T.);
#7120 = VERTEX_POINT('',#7121);
#7121 = CARTESIAN_POINT('',(148.5,7.030045718949,5.966285370901));
#7122 = VERTEX_POINT('',#7123);
#7123 = CARTESIAN_POINT('',(148.5,9.444999134649,10.7961922023));
#7124 = SURFACE_CURVE('',#7125,(#7130,#7137),.PCURVE_S1.);
#7125 = CIRCLE('',#7126,2.7);
#7126 = AXIS2_PLACEMENT_3D('',#7127,#7128,#7129);
#7127 = CARTESIAN_POINT('',(148.5,8.237522426799,8.381238786601));
#7128 = DIRECTION('',(1.,9.930136612989E-17,1.986027322598E-16));
#7129 = DIRECTION('',(2.22044604925E-16,-0.4472135955,-0.894427191));
#7130 = PCURVE('',#7010,#7131);
#7131 = DEFINITIONAL_REPRESENTATION('',(#7132),#7136);
#7132 = CIRCLE('',#7133,2.7);
#7133 = AXIS2_PLACEMENT_2D('',#7134,#7135);
#7134 = CARTESIAN_POINT('',(5.,-64.84101966249));
#7135 = DIRECTION('',(-1.,-8.739870707369E-19));
#7136 = ( GEOMETRIC_REPRESENTATION_CONTEXT(2) 
PARAMETRIC_REPRESENTATION_CONTEXT() REPRESENTATION_CONTEXT('2D SPACE',''
  ) );
#7137 = PCURVE('',#7138,#7143);
#7138 = CYLINDRICAL_SURFACE('',#7139,2.7);
#7139 = AXIS2_PLACEMENT_3D('',#7140,#7141,#7142);
#7140 = CARTESIAN_POINT('',(147.5,8.237522426799,8.381238786601));
#7141 = DIRECTION('',(1.,9.930136612989E-17,1.986027322598E-16));
#7142 = DIRECTION('',(2.22044604925E-16,-0.4472135955,-0.894427191));
#7143 = DEFINITIONAL_REPRESENTATION('',(#7144),#7148);
#7144 = LINE('',#7145,#7146);
#7145 = CARTESIAN_POINT('',(8.739870707369E-19,1.));
#7146 = VECTOR('',#7147,1.);
#7147 = DIRECTION('',(1.,0.));
#7148 = ( GEOMETRIC_REPRESENTATION_CONTEXT(2) 
PARAMETRIC_REPRESENTATION_CONTEXT() REPRESENTATION_CONTEXT('2D SPACE',''
  ) );
#7149 = ORIENTED_EDGE('',*,*,#7150,.T.);
#7150 = EDGE_CURVE('',#7120,#7151,#7153,.T.);
#7151 = VERTEX_POINT('',#7152);
#7152 = CARTESIAN_POINT('',(148.5,-49.44499913464,34.2038077977));
#7153 = SURFACE_CURVE('',#7154,(#7158,#7164),.PCURVE_S1.);
#7154 = LINE('',#7155,#7156);
#7155 = CARTESIAN_POINT('',(148.5,-50.20526224699,34.583939353875));
#7156 = VECTOR('',#7157,1.);
#7157 = DIRECTION('',(0.,-0.894427191,0.4472135955));
#7158 = PCURVE('',#7010,#7159);
#7159 = DEFINITIONAL_REPRESENTATION('',(#7160),#7163);
#7160 = B_SPLINE_CURVE_WITH_KNOTS('',1,(#7161,#7162),.UNSPECIFIED.,.F.,
  .F.,(2,2),(-63.99101966249,-0.85),.PIECEWISE_BEZIER_KNOTS.);
#7161 = CARTESIAN_POINT('',(2.3,-64.84101966249));
#7162 = CARTESIAN_POINT('',(2.3,-1.7));
#7163 = ( GEOMETRIC_REPRESENTATION_CONTEXT(2) 
PARAMETRIC_REPRESENTATION_CONTEXT() REPRESENTATION_CONTEXT('2D SPACE',''
  ) );
#7164 = PCURVE('',#7165,#7170);
#7165 = PLANE('',#7166);
#7166 = AXIS2_PLACEMENT_3D('',#7167,#7168,#7169);
#7167 = CARTESIAN_POINT('',(147.5,-49.44499913464,34.2038077977));
#7168 = DIRECTION('',(0.,0.4472135955,0.894427191));
#7169 = DIRECTION('',(1.,0.,-0.));
#7170 = DEFINITIONAL_REPRESENTATION('',(#7171),#7174);
#7171 = B_SPLINE_CURVE_WITH_KNOTS('',1,(#7172,#7173),.UNSPECIFIED.,.F.,
  .F.,(2,2),(-63.99101966249,-0.85),.PIECEWISE_BEZIER_KNOTS.);
#7172 = CARTESIAN_POINT('',(1.,63.141019662497));
#7173 = CARTESIAN_POINT('',(1.,0.));
#7174 = ( GEOMETRIC_REPRESENTATION_CONTEXT(2) 
PARAMETRIC_REPRESENTATION_CONTEXT() REPRESENTATION_CONTEXT('2D SPACE',''
  ) );
#7175 = ORIENTED_EDGE('',*,*,#7176,.F.);
#7176 = EDGE_CURVE('',#7177,#7151,#7179,.T.);
#7177 = VERTEX_POINT('',#7178);
#7178 = CARTESIAN_POINT('',(148.5,-47.03004571894,39.033714629099));
#7179 = SURFACE_CURVE('',#7180,(#7185,#7192),.PCURVE_S1.);
#7180 = CIRCLE('',#7181,2.7);
#7181 = AXIS2_PLACEMENT_3D('',#7182,#7183,#7184);
#7182 = CARTESIAN_POINT('',(148.5,-48.23752242679,36.618761213399));
#7183 = DIRECTION('',(1.,9.930136612989E-17,1.986027322598E-16));
#7184 = DIRECTION('',(2.22044604925E-16,-0.4472135955,-0.894427191));
#7185 = PCURVE('',#7010,#7186);
#7186 = DEFINITIONAL_REPRESENTATION('',(#7187),#7191);
#7187 = CIRCLE('',#7188,2.7);
#7188 = AXIS2_PLACEMENT_2D('',#7189,#7190);
#7189 = CARTESIAN_POINT('',(5.,-1.7));
#7190 = DIRECTION('',(-1.,-8.739870707369E-19));
#7191 = ( GEOMETRIC_REPRESENTATION_CONTEXT(2) 
PARAMETRIC_REPRESENTATION_CONTEXT() REPRESENTATION_CONTEXT('2D SPACE',''
  ) );
#7192 = PCURVE('',#7193,#7198);
#7193 = CYLINDRICAL_SURFACE('',#7194,2.7);
#7194 = AXIS2_PLACEMENT_3D('',#7195,#7196,#7197);
#7195 = CARTESIAN_POINT('',(147.5,-48.23752242679,36.618761213399));
#7196 = DIRECTION('',(1.,9.930136612989E-17,1.986027322598E-16));
#7197 = DIRECTION('',(2.22044604925E-16,-0.4472135955,-0.894427191));
#7198 = DEFINITIONAL_REPRESENTATION('',(#7199),#7203);
#7199 = LINE('',#7200,#7201);
#7200 = CARTESIAN_POINT('',(8.739870707369E-19,1.));
#7201 = VECTOR('',#7202,1.);
#7202 = DIRECTION('',(1.,0.));
#7203 = ( GEOMETRIC_REPRESENTATION_CONTEXT(2) 
PARAMETRIC_REPRESENTATION_CONTEXT() REPRESENTATION_CONTEXT('2D SPACE',''
  ) );
#7204 = ORIENTED_EDGE('',*,*,#7205,.F.);
#7205 = EDGE_CURVE('',#7122,#7177,#7206,.T.);
#7206 = SURFACE_CURVE('',#7207,(#7211,#7217),.PCURVE_S1.);
#7207 = LINE('',#7208,#7209);
#7208 = CARTESIAN_POINT('',(148.5,-47.79030883129,39.413846185274));
#7209 = VECTOR('',#7210,1.);
#7210 = DIRECTION('',(0.,-0.894427191,0.4472135955));
#7211 = PCURVE('',#7010,#7212);
#7212 = DEFINITIONAL_REPRESENTATION('',(#7213),#7216);
#7213 = B_SPLINE_CURVE_WITH_KNOTS('',1,(#7214,#7215),.UNSPECIFIED.,.F.,
  .F.,(2,2),(-63.99101966249,-0.85),.PIECEWISE_BEZIER_KNOTS.);
#7214 = CARTESIAN_POINT('',(7.7,-64.84101966249));
#7215 = CARTESIAN_POINT('',(7.7,-1.7));
#7216 = ( GEOMETRIC_REPRESENTATION_CONTEXT(2) 
PARAMETRIC_REPRESENTATION_CONTEXT() REPRESENTATION_CONTEXT('2D SPACE',''
  ) );
#7217 = PCURVE('',#7218,#7223);
#7218 = PLANE('',#7219);
#7219 = AXIS2_PLACEMENT_3D('',#7220,#7221,#7222);
#7220 = CARTESIAN_POINT('',(147.5,-47.03004571894,39.033714629099));
#7221 = DIRECTION('',(0.,0.4472135955,0.894427191));
#7222 = DIRECTION('',(1.,0.,-0.));
#7223 = DEFINITIONAL_REPRESENTATION('',(#7224),#7227);
#7224 = B_SPLINE_CURVE_WITH_KNOTS('',1,(#7225,#7226),.UNSPECIFIED.,.F.,
  .F.,(2,2),(-63.99101966249,-0.85),.PIECEWISE_BEZIER_KNOTS.);
#7225 = CARTESIAN_POINT('',(1.,63.141019662497));
#7226 = CARTESIAN_POINT('',(1.,0.));
#7227 = ( GEOMETRIC_REPRESENTATION_CONTEXT(2) 
PARAMETRIC_REPRESENTATION_CONTEXT() REPRESENTATION_CONTEXT('2D SPACE',''
  ) );
#7228 = ADVANCED_FACE('',(#7229),#7022,.T.);
#7229 = FACE_BOUND('',#7230,.T.);
#7230 = EDGE_LOOP('',(#7231,#7262,#7282,#7283));
#7231 = ORIENTED_EDGE('',*,*,#7232,.F.);
#7232 = EDGE_CURVE('',#7233,#7235,#7237,.T.);
#7233 = VERTEX_POINT('',#7234);
#7234 = CARTESIAN_POINT('',(152.5,7.521980673999,3.148839719251));
#7235 = VERTEX_POINT('',#7236);
#7236 = CARTESIAN_POINT('',(152.5,11.994116628998,12.09311162925));
#7237 = SURFACE_CURVE('',#7238,(#7243,#7250),.PCURVE_S1.);
#7238 = CIRCLE('',#7239,5.);
#7239 = AXIS2_PLACEMENT_3D('',#7240,#7241,#7242);
#7240 = CARTESIAN_POINT('',(152.5,9.758048651499,7.620975674251));
#7241 = DIRECTION('',(1.,9.930136612989E-17,1.986027322598E-16));
#7242 = DIRECTION('',(2.22044604925E-16,-0.4472135955,-0.894427191));
#7243 = PCURVE('',#7022,#7244);
#7244 = DEFINITIONAL_REPRESENTATION('',(#7245),#7249);
#7245 = LINE('',#7246,#7247);
#7246 = CARTESIAN_POINT('',(0.,4.));
#7247 = VECTOR('',#7248,1.);
#7248 = DIRECTION('',(1.,0.));
#7249 = ( GEOMETRIC_REPRESENTATION_CONTEXT(2) 
PARAMETRIC_REPRESENTATION_CONTEXT() REPRESENTATION_CONTEXT('2D SPACE',''
  ) );
#7250 = PCURVE('',#7251,#7256);
#7251 = PLANE('',#7252);
#7252 = AXIS2_PLACEMENT_3D('',#7253,#7254,#7255);
#7253 = CARTESIAN_POINT('',(152.5,-51.99411662899,32.90688837075));
#7254 = DIRECTION('',(1.,0.,-0.));
#7255 = DIRECTION('',(0.,0.4472135955,0.894427191));
#7256 = DEFINITIONAL_REPRESENTATION('',(#7257),#7261);
#7257 = CIRCLE('',#7258,5.);
#7258 = AXIS2_PLACEMENT_2D('',#7259,#7260);
#7259 = CARTESIAN_POINT('',(5.,-66.54101966249));
#7260 = DIRECTION('',(-1.,0.));
#7261 = ( GEOMETRIC_REPRESENTATION_CONTEXT(2) 
PARAMETRIC_REPRESENTATION_CONTEXT() REPRESENTATION_CONTEXT('2D SPACE',''
  ) );
#7262 = ORIENTED_EDGE('',*,*,#7263,.F.);
#7263 = EDGE_CURVE('',#6999,#7233,#7264,.T.);
#7264 = SURFACE_CURVE('',#7265,(#7269,#7275),.PCURVE_S1.);
#7265 = LINE('',#7266,#7267);
#7266 = CARTESIAN_POINT('',(148.5,7.521980673999,3.148839719251));
#7267 = VECTOR('',#7268,1.);
#7268 = DIRECTION('',(1.,0.,-0.));
#7269 = PCURVE('',#7022,#7270);
#7270 = DEFINITIONAL_REPRESENTATION('',(#7271),#7274);
#7271 = B_SPLINE_CURVE_WITH_KNOTS('',1,(#7272,#7273),.UNSPECIFIED.,.F.,
  .F.,(2,2),(0.,4.),.PIECEWISE_BEZIER_KNOTS.);
#7272 = CARTESIAN_POINT('',(0.,0.));
#7273 = CARTESIAN_POINT('',(0.,4.));
#7274 = ( GEOMETRIC_REPRESENTATION_CONTEXT(2) 
PARAMETRIC_REPRESENTATION_CONTEXT() REPRESENTATION_CONTEXT('2D SPACE',''
  ) );
#7275 = PCURVE('',#7105,#7276);
#7276 = DEFINITIONAL_REPRESENTATION('',(#7277),#7281);
#7277 = LINE('',#7278,#7279);
#7278 = CARTESIAN_POINT('',(0.,66.541019662497));
#7279 = VECTOR('',#7280,1.);
#7280 = DIRECTION('',(1.,0.));
#7281 = ( GEOMETRIC_REPRESENTATION_CONTEXT(2) 
PARAMETRIC_REPRESENTATION_CONTEXT() REPRESENTATION_CONTEXT('2D SPACE',''
  ) );
#7282 = ORIENTED_EDGE('',*,*,#6998,.T.);
#7283 = ORIENTED_EDGE('',*,*,#7284,.T.);
#7284 = EDGE_CURVE('',#7001,#7235,#7285,.T.);
#7285 = SURFACE_CURVE('',#7286,(#7290,#7297),.PCURVE_S1.);
#7286 = LINE('',#7287,#7288);
#7287 = CARTESIAN_POINT('',(148.5,11.994116628998,12.09311162925));
#7288 = VECTOR('',#7289,1.);
#7289 = DIRECTION('',(1.,0.,-0.));
#7290 = PCURVE('',#7022,#7291);
#7291 = DEFINITIONAL_REPRESENTATION('',(#7292),#7296);
#7292 = LINE('',#7293,#7294);
#7293 = CARTESIAN_POINT('',(3.14159265359,1.110223024625E-15));
#7294 = VECTOR('',#7295,1.);
#7295 = DIRECTION('',(0.,1.));
#7296 = ( GEOMETRIC_REPRESENTATION_CONTEXT(2) 
PARAMETRIC_REPRESENTATION_CONTEXT() REPRESENTATION_CONTEXT('2D SPACE',''
  ) );
#7297 = PCURVE('',#7050,#7298);
#7298 = DEFINITIONAL_REPRESENTATION('',(#7299),#7303);
#7299 = LINE('',#7300,#7301);
#7300 = CARTESIAN_POINT('',(0.,66.541019662497));
#7301 = VECTOR('',#7302,1.);
#7302 = DIRECTION('',(1.,0.));
#7303 = ( GEOMETRIC_REPRESENTATION_CONTEXT(2) 
PARAMETRIC_REPRESENTATION_CONTEXT() REPRESENTATION_CONTEXT('2D SPACE',''
  ) );
#7304 = ADVANCED_FACE('',(#7305),#7105,.F.);
#7305 = FACE_BOUND('',#7306,.F.);
#7306 = EDGE_LOOP('',(#7307,#7308,#7330,#7351));
#7307 = ORIENTED_EDGE('',*,*,#7091,.F.);
#7308 = ORIENTED_EDGE('',*,*,#7309,.T.);
#7309 = EDGE_CURVE('',#7063,#7310,#7312,.T.);
#7310 = VERTEX_POINT('',#7311);
#7311 = CARTESIAN_POINT('',(152.5,-51.99411662899,32.90688837075));
#7312 = SURFACE_CURVE('',#7313,(#7317,#7324),.PCURVE_S1.);
#7313 = LINE('',#7314,#7315);
#7314 = CARTESIAN_POINT('',(148.5,-51.99411662899,32.90688837075));
#7315 = VECTOR('',#7316,1.);
#7316 = DIRECTION('',(1.,0.,-0.));
#7317 = PCURVE('',#7105,#7318);
#7318 = DEFINITIONAL_REPRESENTATION('',(#7319),#7323);
#7319 = LINE('',#7320,#7321);
#7320 = CARTESIAN_POINT('',(0.,0.));
#7321 = VECTOR('',#7322,1.);
#7322 = DIRECTION('',(1.,0.));
#7323 = ( GEOMETRIC_REPRESENTATION_CONTEXT(2) 
PARAMETRIC_REPRESENTATION_CONTEXT() REPRESENTATION_CONTEXT('2D SPACE',''
  ) );
#7324 = PCURVE('',#7079,#7325);
#7325 = DEFINITIONAL_REPRESENTATION('',(#7326),#7329);
#7326 = B_SPLINE_CURVE_WITH_KNOTS('',1,(#7327,#7328),.UNSPECIFIED.,.F.,
  .F.,(2,2),(0.,4.),.PIECEWISE_BEZIER_KNOTS.);
#7327 = CARTESIAN_POINT('',(6.28318530718,0.));
#7328 = CARTESIAN_POINT('',(6.28318530718,4.));
#7329 = ( GEOMETRIC_REPRESENTATION_CONTEXT(2) 
PARAMETRIC_REPRESENTATION_CONTEXT() REPRESENTATION_CONTEXT('2D SPACE',''
  ) );
#7330 = ORIENTED_EDGE('',*,*,#7331,.T.);
#7331 = EDGE_CURVE('',#7310,#7233,#7332,.T.);
#7332 = SURFACE_CURVE('',#7333,(#7337,#7344),.PCURVE_S1.);
#7333 = LINE('',#7334,#7335);
#7334 = CARTESIAN_POINT('',(152.5,-51.99411662899,32.90688837075));
#7335 = VECTOR('',#7336,1.);
#7336 = DIRECTION('',(0.,0.894427191,-0.4472135955));
#7337 = PCURVE('',#7105,#7338);
#7338 = DEFINITIONAL_REPRESENTATION('',(#7339),#7343);
#7339 = LINE('',#7340,#7341);
#7340 = CARTESIAN_POINT('',(4.,0.));
#7341 = VECTOR('',#7342,1.);
#7342 = DIRECTION('',(0.,1.));
#7343 = ( GEOMETRIC_REPRESENTATION_CONTEXT(2) 
PARAMETRIC_REPRESENTATION_CONTEXT() REPRESENTATION_CONTEXT('2D SPACE',''
  ) );
#7344 = PCURVE('',#7251,#7345);
#7345 = DEFINITIONAL_REPRESENTATION('',(#7346),#7350);
#7346 = LINE('',#7347,#7348);
#7347 = CARTESIAN_POINT('',(0.,0.));
#7348 = VECTOR('',#7349,1.);
#7349 = DIRECTION('',(0.,-1.));
#7350 = ( GEOMETRIC_REPRESENTATION_CONTEXT(2) 
PARAMETRIC_REPRESENTATION_CONTEXT() REPRESENTATION_CONTEXT('2D SPACE',''
  ) );
#7351 = ORIENTED_EDGE('',*,*,#7263,.F.);
#7352 = ADVANCED_FACE('',(#7353),#7050,.T.);
#7353 = FACE_BOUND('',#7354,.T.);
#7354 = EDGE_LOOP('',(#7355,#7356,#7379,#7400));
#7355 = ORIENTED_EDGE('',*,*,#7034,.F.);
#7356 = ORIENTED_EDGE('',*,*,#7357,.T.);
#7357 = EDGE_CURVE('',#7035,#7358,#7360,.T.);
#7358 = VERTEX_POINT('',#7359);
#7359 = CARTESIAN_POINT('',(152.5,-47.52198067399,41.851160280749));
#7360 = SURFACE_CURVE('',#7361,(#7365,#7372),.PCURVE_S1.);
#7361 = LINE('',#7362,#7363);
#7362 = CARTESIAN_POINT('',(148.5,-47.52198067399,41.851160280749));
#7363 = VECTOR('',#7364,1.);
#7364 = DIRECTION('',(1.,0.,-0.));
#7365 = PCURVE('',#7050,#7366);
#7366 = DEFINITIONAL_REPRESENTATION('',(#7367),#7371);
#7367 = LINE('',#7368,#7369);
#7368 = CARTESIAN_POINT('',(0.,0.));
#7369 = VECTOR('',#7370,1.);
#7370 = DIRECTION('',(1.,0.));
#7371 = ( GEOMETRIC_REPRESENTATION_CONTEXT(2) 
PARAMETRIC_REPRESENTATION_CONTEXT() REPRESENTATION_CONTEXT('2D SPACE',''
  ) );
#7372 = PCURVE('',#7079,#7373);
#7373 = DEFINITIONAL_REPRESENTATION('',(#7374),#7378);
#7374 = LINE('',#7375,#7376);
#7375 = CARTESIAN_POINT('',(3.14159265359,1.110223024625E-15));
#7376 = VECTOR('',#7377,1.);
#7377 = DIRECTION('',(0.,1.));
#7378 = ( GEOMETRIC_REPRESENTATION_CONTEXT(2) 
PARAMETRIC_REPRESENTATION_CONTEXT() REPRESENTATION_CONTEXT('2D SPACE',''
  ) );
#7379 = ORIENTED_EDGE('',*,*,#7380,.T.);
#7380 = EDGE_CURVE('',#7358,#7235,#7381,.T.);
#7381 = SURFACE_CURVE('',#7382,(#7386,#7393),.PCURVE_S1.);
#7382 = LINE('',#7383,#7384);
#7383 = CARTESIAN_POINT('',(152.5,-47.52198067399,41.851160280749));
#7384 = VECTOR('',#7385,1.);
#7385 = DIRECTION('',(0.,0.894427191,-0.4472135955));
#7386 = PCURVE('',#7050,#7387);
#7387 = DEFINITIONAL_REPRESENTATION('',(#7388),#7392);
#7388 = LINE('',#7389,#7390);
#7389 = CARTESIAN_POINT('',(4.,0.));
#7390 = VECTOR('',#7391,1.);
#7391 = DIRECTION('',(0.,1.));
#7392 = ( GEOMETRIC_REPRESENTATION_CONTEXT(2) 
PARAMETRIC_REPRESENTATION_CONTEXT() REPRESENTATION_CONTEXT('2D SPACE',''
  ) );
#7393 = PCURVE('',#7251,#7394);
#7394 = DEFINITIONAL_REPRESENTATION('',(#7395),#7399);
#7395 = LINE('',#7396,#7397);
#7396 = CARTESIAN_POINT('',(10.,0.));
#7397 = VECTOR('',#7398,1.);
#7398 = DIRECTION('',(0.,-1.));
#7399 = ( GEOMETRIC_REPRESENTATION_CONTEXT(2) 
PARAMETRIC_REPRESENTATION_CONTEXT() REPRESENTATION_CONTEXT('2D SPACE',''
  ) );
#7400 = ORIENTED_EDGE('',*,*,#7284,.F.);
#7401 = ADVANCED_FACE('',(#7402),#7079,.T.);
#7402 = FACE_BOUND('',#7403,.T.);
#7403 = EDGE_LOOP('',(#7404,#7405,#7427,#7428));
#7404 = ORIENTED_EDGE('',*,*,#7309,.T.);
#7405 = ORIENTED_EDGE('',*,*,#7406,.F.);
#7406 = EDGE_CURVE('',#7358,#7310,#7407,.T.);
#7407 = SURFACE_CURVE('',#7408,(#7413,#7420),.PCURVE_S1.);
#7408 = CIRCLE('',#7409,5.);
#7409 = AXIS2_PLACEMENT_3D('',#7410,#7411,#7412);
#7410 = CARTESIAN_POINT('',(152.5,-49.75804865149,37.379024325749));
#7411 = DIRECTION('',(1.,9.930136612989E-17,1.986027322598E-16));
#7412 = DIRECTION('',(2.22044604925E-16,-0.4472135955,-0.894427191));
#7413 = PCURVE('',#7079,#7414);
#7414 = DEFINITIONAL_REPRESENTATION('',(#7415),#7419);
#7415 = LINE('',#7416,#7417);
#7416 = CARTESIAN_POINT('',(0.,4.));
#7417 = VECTOR('',#7418,1.);
#7418 = DIRECTION('',(1.,0.));
#7419 = ( GEOMETRIC_REPRESENTATION_CONTEXT(2) 
PARAMETRIC_REPRESENTATION_CONTEXT() REPRESENTATION_CONTEXT('2D SPACE',''
  ) );
#7420 = PCURVE('',#7251,#7421);
#7421 = DEFINITIONAL_REPRESENTATION('',(#7422),#7426);
#7422 = CIRCLE('',#7423,5.);
#7423 = AXIS2_PLACEMENT_2D('',#7424,#7425);
#7424 = CARTESIAN_POINT('',(5.,0.));
#7425 = DIRECTION('',(-1.,0.));
#7426 = ( GEOMETRIC_REPRESENTATION_CONTEXT(2) 
PARAMETRIC_REPRESENTATION_CONTEXT() REPRESENTATION_CONTEXT('2D SPACE',''
  ) );
#7427 = ORIENTED_EDGE('',*,*,#7357,.F.);
#7428 = ORIENTED_EDGE('',*,*,#7062,.T.);
#7429 = ADVANCED_FACE('',(#7430),#7138,.F.);
#7430 = FACE_BOUND('',#7431,.F.);
#7431 = EDGE_LOOP('',(#7432,#7458,#7478,#7479));
#7432 = ORIENTED_EDGE('',*,*,#7433,.F.);
#7433 = EDGE_CURVE('',#7434,#7436,#7438,.T.);
#7434 = VERTEX_POINT('',#7435);
#7435 = CARTESIAN_POINT('',(152.5,7.030045718949,5.966285370901));
#7436 = VERTEX_POINT('',#7437);
#7437 = CARTESIAN_POINT('',(152.5,9.444999134649,10.7961922023));
#7438 = SURFACE_CURVE('',#7439,(#7444,#7451),.PCURVE_S1.);
#7439 = CIRCLE('',#7440,2.7);
#7440 = AXIS2_PLACEMENT_3D('',#7441,#7442,#7443);
#7441 = CARTESIAN_POINT('',(152.5,8.237522426799,8.381238786601));
#7442 = DIRECTION('',(1.,9.930136612989E-17,1.986027322598E-16));
#7443 = DIRECTION('',(2.22044604925E-16,-0.4472135955,-0.894427191));
#7444 = PCURVE('',#7138,#7445);
#7445 = DEFINITIONAL_REPRESENTATION('',(#7446),#7450);
#7446 = LINE('',#7447,#7448);
#7447 = CARTESIAN_POINT('',(8.739870707369E-19,5.));
#7448 = VECTOR('',#7449,1.);
#7449 = DIRECTION('',(1.,0.));
#7450 = ( GEOMETRIC_REPRESENTATION_CONTEXT(2) 
PARAMETRIC_REPRESENTATION_CONTEXT() REPRESENTATION_CONTEXT('2D SPACE',''
  ) );
#7451 = PCURVE('',#7251,#7452);
#7452 = DEFINITIONAL_REPRESENTATION('',(#7453),#7457);
#7453 = CIRCLE('',#7454,2.7);
#7454 = AXIS2_PLACEMENT_2D('',#7455,#7456);
#7455 = CARTESIAN_POINT('',(5.,-64.84101966249));
#7456 = DIRECTION('',(-1.,-8.739870707369E-19));
#7457 = ( GEOMETRIC_REPRESENTATION_CONTEXT(2) 
PARAMETRIC_REPRESENTATION_CONTEXT() REPRESENTATION_CONTEXT('2D SPACE',''
  ) );
#7458 = ORIENTED_EDGE('',*,*,#7459,.F.);
#7459 = EDGE_CURVE('',#7120,#7434,#7460,.T.);
#7460 = SURFACE_CURVE('',#7461,(#7465,#7471),.PCURVE_S1.);
#7461 = LINE('',#7462,#7463);
#7462 = CARTESIAN_POINT('',(147.5,7.030045718949,5.966285370901));
#7463 = VECTOR('',#7464,1.);
#7464 = DIRECTION('',(1.,0.,-0.));
#7465 = PCURVE('',#7138,#7466);
#7466 = DEFINITIONAL_REPRESENTATION('',(#7467),#7470);
#7467 = B_SPLINE_CURVE_WITH_KNOTS('',1,(#7468,#7469),.UNSPECIFIED.,.F.,
  .F.,(2,2),(0.,6.),.PIECEWISE_BEZIER_KNOTS.);
#7468 = CARTESIAN_POINT('',(0.,0.));
#7469 = CARTESIAN_POINT('',(0.,6.));
#7470 = ( GEOMETRIC_REPRESENTATION_CONTEXT(2) 
PARAMETRIC_REPRESENTATION_CONTEXT() REPRESENTATION_CONTEXT('2D SPACE',''
  ) );
#7471 = PCURVE('',#7165,#7472);
#7472 = DEFINITIONAL_REPRESENTATION('',(#7473),#7477);
#7473 = LINE('',#7474,#7475);
#7474 = CARTESIAN_POINT('',(0.,63.141019662497));
#7475 = VECTOR('',#7476,1.);
#7476 = DIRECTION('',(1.,0.));
#7477 = ( GEOMETRIC_REPRESENTATION_CONTEXT(2) 
PARAMETRIC_REPRESENTATION_CONTEXT() REPRESENTATION_CONTEXT('2D SPACE',''
  ) );
#7478 = ORIENTED_EDGE('',*,*,#7119,.T.);
#7479 = ORIENTED_EDGE('',*,*,#7480,.T.);
#7480 = EDGE_CURVE('',#7122,#7436,#7481,.T.);
#7481 = SURFACE_CURVE('',#7482,(#7486,#7493),.PCURVE_S1.);
#7482 = LINE('',#7483,#7484);
#7483 = CARTESIAN_POINT('',(147.5,9.444999134649,10.7961922023));
#7484 = VECTOR('',#7485,1.);
#7485 = DIRECTION('',(1.,0.,-0.));
#7486 = PCURVE('',#7138,#7487);
#7487 = DEFINITIONAL_REPRESENTATION('',(#7488),#7492);
#7488 = LINE('',#7489,#7490);
#7489 = CARTESIAN_POINT('',(3.14159265359,5.995204332976E-16));
#7490 = VECTOR('',#7491,1.);
#7491 = DIRECTION('',(0.,1.));
#7492 = ( GEOMETRIC_REPRESENTATION_CONTEXT(2) 
PARAMETRIC_REPRESENTATION_CONTEXT() REPRESENTATION_CONTEXT('2D SPACE',''
  ) );
#7493 = PCURVE('',#7218,#7494);
#7494 = DEFINITIONAL_REPRESENTATION('',(#7495),#7499);
#7495 = LINE('',#7496,#7497);
#7496 = CARTESIAN_POINT('',(0.,63.141019662497));
#7497 = VECTOR('',#7498,1.);
#7498 = DIRECTION('',(1.,0.));
#7499 = ( GEOMETRIC_REPRESENTATION_CONTEXT(2) 
PARAMETRIC_REPRESENTATION_CONTEXT() REPRESENTATION_CONTEXT('2D SPACE',''
  ) );
#7500 = ADVANCED_FACE('',(#7501),#7218,.F.);
#7501 = FACE_BOUND('',#7502,.F.);
#7502 = EDGE_LOOP('',(#7503,#7504,#7505,#7528));
#7503 = ORIENTED_EDGE('',*,*,#7480,.F.);
#7504 = ORIENTED_EDGE('',*,*,#7205,.T.);
#7505 = ORIENTED_EDGE('',*,*,#7506,.T.);
#7506 = EDGE_CURVE('',#7177,#7507,#7509,.T.);
#7507 = VERTEX_POINT('',#7508);
#7508 = CARTESIAN_POINT('',(152.5,-47.03004571894,39.033714629099));
#7509 = SURFACE_CURVE('',#7510,(#7514,#7521),.PCURVE_S1.);
#7510 = LINE('',#7511,#7512);
#7511 = CARTESIAN_POINT('',(147.5,-47.03004571894,39.033714629099));
#7512 = VECTOR('',#7513,1.);
#7513 = DIRECTION('',(1.,0.,-0.));
#7514 = PCURVE('',#7218,#7515);
#7515 = DEFINITIONAL_REPRESENTATION('',(#7516),#7520);
#7516 = LINE('',#7517,#7518);
#7517 = CARTESIAN_POINT('',(0.,0.));
#7518 = VECTOR('',#7519,1.);
#7519 = DIRECTION('',(1.,0.));
#7520 = ( GEOMETRIC_REPRESENTATION_CONTEXT(2) 
PARAMETRIC_REPRESENTATION_CONTEXT() REPRESENTATION_CONTEXT('2D SPACE',''
  ) );
#7521 = PCURVE('',#7193,#7522);
#7522 = DEFINITIONAL_REPRESENTATION('',(#7523),#7527);
#7523 = LINE('',#7524,#7525);
#7524 = CARTESIAN_POINT('',(3.14159265359,5.995204332976E-16));
#7525 = VECTOR('',#7526,1.);
#7526 = DIRECTION('',(0.,1.));
#7527 = ( GEOMETRIC_REPRESENTATION_CONTEXT(2) 
PARAMETRIC_REPRESENTATION_CONTEXT() REPRESENTATION_CONTEXT('2D SPACE',''
  ) );
#7528 = ORIENTED_EDGE('',*,*,#7529,.F.);
#7529 = EDGE_CURVE('',#7436,#7507,#7530,.T.);
#7530 = SURFACE_CURVE('',#7531,(#7535,#7541),.PCURVE_S1.);
#7531 = LINE('',#7532,#7533);
#7532 = CARTESIAN_POINT('',(152.5,-47.79030883129,39.413846185274));
#7533 = VECTOR('',#7534,1.);
#7534 = DIRECTION('',(0.,-0.894427191,0.4472135955));
#7535 = PCURVE('',#7218,#7536);
#7536 = DEFINITIONAL_REPRESENTATION('',(#7537),#7540);
#7537 = B_SPLINE_CURVE_WITH_KNOTS('',1,(#7538,#7539),.UNSPECIFIED.,.F.,
  .F.,(2,2),(-63.99101966249,-0.85),.PIECEWISE_BEZIER_KNOTS.);
#7538 = CARTESIAN_POINT('',(5.,63.141019662497));
#7539 = CARTESIAN_POINT('',(5.,0.));
#7540 = ( GEOMETRIC_REPRESENTATION_CONTEXT(2) 
PARAMETRIC_REPRESENTATION_CONTEXT() REPRESENTATION_CONTEXT('2D SPACE',''
  ) );
#7541 = PCURVE('',#7251,#7542);
#7542 = DEFINITIONAL_REPRESENTATION('',(#7543),#7546);
#7543 = B_SPLINE_CURVE_WITH_KNOTS('',1,(#7544,#7545),.UNSPECIFIED.,.F.,
  .F.,(2,2),(-63.99101966249,-0.85),.PIECEWISE_BEZIER_KNOTS.);
#7544 = CARTESIAN_POINT('',(7.7,-64.84101966249));
#7545 = CARTESIAN_POINT('',(7.7,-1.7));
#7546 = ( GEOMETRIC_REPRESENTATION_CONTEXT(2) 
PARAMETRIC_REPRESENTATION_CONTEXT() REPRESENTATION_CONTEXT('2D SPACE',''
  ) );
#7547 = ADVANCED_FACE('',(#7548),#7193,.F.);
#7548 = FACE_BOUND('',#7549,.F.);
#7549 = EDGE_LOOP('',(#7550,#7551,#7573,#7595));
#7550 = ORIENTED_EDGE('',*,*,#7176,.T.);
#7551 = ORIENTED_EDGE('',*,*,#7552,.T.);
#7552 = EDGE_CURVE('',#7151,#7553,#7555,.T.);
#7553 = VERTEX_POINT('',#7554);
#7554 = CARTESIAN_POINT('',(152.5,-49.44499913464,34.2038077977));
#7555 = SURFACE_CURVE('',#7556,(#7560,#7566),.PCURVE_S1.);
#7556 = LINE('',#7557,#7558);
#7557 = CARTESIAN_POINT('',(147.5,-49.44499913464,34.2038077977));
#7558 = VECTOR('',#7559,1.);
#7559 = DIRECTION('',(1.,0.,-0.));
#7560 = PCURVE('',#7193,#7561);
#7561 = DEFINITIONAL_REPRESENTATION('',(#7562),#7565);
#7562 = B_SPLINE_CURVE_WITH_KNOTS('',1,(#7563,#7564),.UNSPECIFIED.,.F.,
  .F.,(2,2),(0.,6.),.PIECEWISE_BEZIER_KNOTS.);
#7563 = CARTESIAN_POINT('',(6.28318530718,0.));
#7564 = CARTESIAN_POINT('',(6.28318530718,6.));
#7565 = ( GEOMETRIC_REPRESENTATION_CONTEXT(2) 
PARAMETRIC_REPRESENTATION_CONTEXT() REPRESENTATION_CONTEXT('2D SPACE',''
  ) );
#7566 = PCURVE('',#7165,#7567);
#7567 = DEFINITIONAL_REPRESENTATION('',(#7568),#7572);
#7568 = LINE('',#7569,#7570);
#7569 = CARTESIAN_POINT('',(0.,0.));
#7570 = VECTOR('',#7571,1.);
#7571 = DIRECTION('',(1.,0.));
#7572 = ( GEOMETRIC_REPRESENTATION_CONTEXT(2) 
PARAMETRIC_REPRESENTATION_CONTEXT() REPRESENTATION_CONTEXT('2D SPACE',''
  ) );
#7573 = ORIENTED_EDGE('',*,*,#7574,.F.);
#7574 = EDGE_CURVE('',#7507,#7553,#7575,.T.);
#7575 = SURFACE_CURVE('',#7576,(#7581,#7588),.PCURVE_S1.);
#7576 = CIRCLE('',#7577,2.7);
#7577 = AXIS2_PLACEMENT_3D('',#7578,#7579,#7580);
#7578 = CARTESIAN_POINT('',(152.5,-48.23752242679,36.618761213399));
#7579 = DIRECTION('',(1.,9.930136612989E-17,1.986027322598E-16));
#7580 = DIRECTION('',(2.22044604925E-16,-0.4472135955,-0.894427191));
#7581 = PCURVE('',#7193,#7582);
#7582 = DEFINITIONAL_REPRESENTATION('',(#7583),#7587);
#7583 = LINE('',#7584,#7585);
#7584 = CARTESIAN_POINT('',(8.739870707369E-19,5.));
#7585 = VECTOR('',#7586,1.);
#7586 = DIRECTION('',(1.,0.));
#7587 = ( GEOMETRIC_REPRESENTATION_CONTEXT(2) 
PARAMETRIC_REPRESENTATION_CONTEXT() REPRESENTATION_CONTEXT('2D SPACE',''
  ) );
#7588 = PCURVE('',#7251,#7589);
#7589 = DEFINITIONAL_REPRESENTATION('',(#7590),#7594);
#7590 = CIRCLE('',#7591,2.7);
#7591 = AXIS2_PLACEMENT_2D('',#7592,#7593);
#7592 = CARTESIAN_POINT('',(5.,-1.7));
#7593 = DIRECTION('',(-1.,-8.739870707369E-19));
#7594 = ( GEOMETRIC_REPRESENTATION_CONTEXT(2) 
PARAMETRIC_REPRESENTATION_CONTEXT() REPRESENTATION_CONTEXT('2D SPACE',''
  ) );
#7595 = ORIENTED_EDGE('',*,*,#7506,.F.);
#7596 = ADVANCED_FACE('',(#7597),#7165,.T.);
#7597 = FACE_BOUND('',#7598,.T.);
#7598 = EDGE_LOOP('',(#7599,#7600,#7601,#7620));
#7599 = ORIENTED_EDGE('',*,*,#7150,.T.);
#7600 = ORIENTED_EDGE('',*,*,#7552,.T.);
#7601 = ORIENTED_EDGE('',*,*,#7602,.F.);
#7602 = EDGE_CURVE('',#7434,#7553,#7603,.T.);
#7603 = SURFACE_CURVE('',#7604,(#7608,#7614),.PCURVE_S1.);
#7604 = LINE('',#7605,#7606);
#7605 = CARTESIAN_POINT('',(152.5,-50.20526224699,34.583939353875));
#7606 = VECTOR('',#7607,1.);
#7607 = DIRECTION('',(0.,-0.894427191,0.4472135955));
#7608 = PCURVE('',#7165,#7609);
#7609 = DEFINITIONAL_REPRESENTATION('',(#7610),#7613);
#7610 = B_SPLINE_CURVE_WITH_KNOTS('',1,(#7611,#7612),.UNSPECIFIED.,.F.,
  .F.,(2,2),(-63.99101966249,-0.85),.PIECEWISE_BEZIER_KNOTS.);
#7611 = CARTESIAN_POINT('',(5.,63.141019662497));
#7612 = CARTESIAN_POINT('',(5.,0.));
#7613 = ( GEOMETRIC_REPRESENTATION_CONTEXT(2) 
PARAMETRIC_REPRESENTATION_CONTEXT() REPRESENTATION_CONTEXT('2D SPACE',''
  ) );
#7614 = PCURVE('',#7251,#7615);
#7615 = DEFINITIONAL_REPRESENTATION('',(#7616),#7619);
#7616 = B_SPLINE_CURVE_WITH_KNOTS('',1,(#7617,#7618),.UNSPECIFIED.,.F.,
  .F.,(2,2),(-63.99101966249,-0.85),.PIECEWISE_BEZIER_KNOTS.);
#7617 = CARTESIAN_POINT('',(2.3,-64.84101966249));
#7618 = CARTESIAN_POINT('',(2.3,-1.7));
#7619 = ( GEOMETRIC_REPRESENTATION_CONTEXT(2) 
PARAMETRIC_REPRESENTATION_CONTEXT() REPRESENTATION_CONTEXT('2D SPACE',''
  ) );
#7620 = ORIENTED_EDGE('',*,*,#7459,.F.);
#7621 = ADVANCED_FACE('',(#7622,#7628),#7251,.T.);
#7622 = FACE_BOUND('',#7623,.T.);
#7623 = EDGE_LOOP('',(#7624,#7625,#7626,#7627));
#7624 = ORIENTED_EDGE('',*,*,#7232,.T.);
#7625 = ORIENTED_EDGE('',*,*,#7380,.F.);
#7626 = ORIENTED_EDGE('',*,*,#7406,.T.);
#7627 = ORIENTED_EDGE('',*,*,#7331,.T.);
#7628 = FACE_BOUND('',#7629,.T.);
#7629 = EDGE_LOOP('',(#7630,#7631,#7632,#7633));
#7630 = ORIENTED_EDGE('',*,*,#7433,.F.);
#7631 = ORIENTED_EDGE('',*,*,#7602,.T.);
#7632 = ORIENTED_EDGE('',*,*,#7574,.F.);
#7633 = ORIENTED_EDGE('',*,*,#7529,.F.);
#7634 = ( GEOMETRIC_REPRESENTATION_CONTEXT(3) 
GLOBAL_UNCERTAINTY_ASSIGNED_CONTEXT((#7638)) 
GLOBAL_UNIT_ASSIGNED_CONTEXT((#7635,#7636,#7637)) REPRESENTATION_CONTEXT
('Context #1','3D Context with UNIT and UNCERTAINTY') );
#7635 = ( LENGTH_UNIT() NAMED_UNIT(*) SI_UNIT(.MILLI.,.METRE.) );
#7636 = ( NAMED_UNIT(*) PLANE_ANGLE_UNIT() SI_UNIT($,.RADIAN.) );
#7637 = ( NAMED_UNIT(*) SI_UNIT($,.STERADIAN.) SOLID_ANGLE_UNIT() );
#7638 = UNCERTAINTY_MEASURE_WITH_UNIT(LENGTH_MEASURE(1.E-07),#7635,
  'distance_accuracy_value','confusion accuracy');
#7639 = CONTEXT_DEPENDENT_SHAPE_REPRESENTATION(#7640,#7642);
#7640 = ( REPRESENTATION_RELATIONSHIP('','',#6991,#6968) 
REPRESENTATION_RELATIONSHIP_WITH_TRANSFORMATION(#7641) 
SHAPE_REPRESENTATION_RELATIONSHIP() );
#7641 = ITEM_DEFINED_TRANSFORMATION('','',#11,#6969);
#7642 = PRODUCT_DEFINITION_SHAPE('Placement','Placement of an item',
  #7643);
#7643 = NEXT_ASSEMBLY_USAGE_OCCURRENCE('25','=>[0:1:1:27]','',#6963,
  #6986,$);
#7644 = PRODUCT_RELATED_PRODUCT_CATEGORY('part',$,(#6988));
#7645 = SHAPE_DEFINITION_REPRESENTATION(#7646,#7652);
#7646 = PRODUCT_DEFINITION_SHAPE('','',#7647);
#7647 = PRODUCT_DEFINITION('design','',#7648,#7651);
#7648 = PRODUCT_DEFINITION_FORMATION('','',#7649);
#7649 = PRODUCT('keyboard_guide_roller_right_1',
  'keyboard_guide_roller_right_1','',(#7650));
#7650 = PRODUCT_CONTEXT('',#2,'mechanical');
#7651 = PRODUCT_DEFINITION_CONTEXT('part definition',#2,'design');
#7652 = SHAPE_REPRESENTATION('',(#11,#7653),#7657);
#7653 = AXIS2_PLACEMENT_3D('',#7654,#7655,#7656);
#7654 = CARTESIAN_POINT('',(0.,0.,-3.5));
#7655 = DIRECTION('',(0.,0.,1.));
#7656 = DIRECTION('',(1.,0.,-0.));
#7657 = ( GEOMETRIC_REPRESENTATION_CONTEXT(3) 
GLOBAL_UNCERTAINTY_ASSIGNED_CONTEXT((#7661)) 
GLOBAL_UNIT_ASSIGNED_CONTEXT((#7658,#7659,#7660)) REPRESENTATION_CONTEXT
('Context #1','3D Context with UNIT and UNCERTAINTY') );
#7658 = ( LENGTH_UNIT() NAMED_UNIT(*) SI_UNIT(.MILLI.,.METRE.) );
#7659 = ( NAMED_UNIT(*) PLANE_ANGLE_UNIT() SI_UNIT($,.RADIAN.) );
#7660 = ( NAMED_UNIT(*) SI_UNIT($,.STERADIAN.) SOLID_ANGLE_UNIT() );
#7661 = UNCERTAINTY_MEASURE_WITH_UNIT(LENGTH_MEASURE(1.E-07),#7658,
  'distance_accuracy_value','confusion accuracy');
#7662 = CONTEXT_DEPENDENT_SHAPE_REPRESENTATION(#7663,#7665);
#7663 = ( REPRESENTATION_RELATIONSHIP('','',#7652,#10) 
REPRESENTATION_RELATIONSHIP_WITH_TRANSFORMATION(#7664) 
SHAPE_REPRESENTATION_RELATIONSHIP() );
#7664 = ITEM_DEFINED_TRANSFORMATION('','',#11,#67);
#7665 = PRODUCT_DEFINITION_SHAPE('Placement','Placement of an item',
  #7666);
#7666 = NEXT_ASSEMBLY_USAGE_OCCURRENCE('28','=>[0:1:1:28]','',#5,#7647,$
  );
#7667 = PRODUCT_RELATED_PRODUCT_CATEGORY('part',$,(#7649));
#7668 = SHAPE_DEFINITION_REPRESENTATION(#7669,#7675);
#7669 = PRODUCT_DEFINITION_SHAPE('','',#7670);
#7670 = PRODUCT_DEFINITION('design','',#7671,#7674);
#7671 = PRODUCT_DEFINITION_FORMATION('','',#7672);
#7672 = PRODUCT('SOLID','SOLID','',(#7673));
#7673 = PRODUCT_CONTEXT('',#2,'mechanical');
#7674 = PRODUCT_DEFINITION_CONTEXT('part definition',#2,'design');
#7675 = ADVANCED_BREP_SHAPE_REPRESENTATION('',(#11,#7676),#7774);
#7676 = MANIFOLD_SOLID_BREP('',#7677);
#7677 = CLOSED_SHELL('',(#7678,#7766,#7770));
#7678 = ADVANCED_FACE('',(#7679),#7692,.T.);
#7679 = FACE_BOUND('',#7680,.T.);
#7680 = EDGE_LOOP('',(#7681,#7715,#7738,#7765));
#7681 = ORIENTED_EDGE('',*,*,#7682,.F.);
#7682 = EDGE_CURVE('',#7683,#7683,#7685,.T.);
#7683 = VERTEX_POINT('',#7684);
#7684 = CARTESIAN_POINT('',(2.,-4.898587196589E-16,7.));
#7685 = SURFACE_CURVE('',#7686,(#7691,#7703),.PCURVE_S1.);
#7686 = CIRCLE('',#7687,2.);
#7687 = AXIS2_PLACEMENT_3D('',#7688,#7689,#7690);
#7688 = CARTESIAN_POINT('',(0.,0.,7.));
#7689 = DIRECTION('',(0.,0.,1.));
#7690 = DIRECTION('',(1.,0.,-0.));
#7691 = PCURVE('',#7692,#7697);
#7692 = CYLINDRICAL_SURFACE('',#7693,2.);
#7693 = AXIS2_PLACEMENT_3D('',#7694,#7695,#7696);
#7694 = CARTESIAN_POINT('',(0.,0.,0.));
#7695 = DIRECTION('',(0.,0.,1.));
#7696 = DIRECTION('',(1.,0.,-0.));
#7697 = DEFINITIONAL_REPRESENTATION('',(#7698),#7702);
#7698 = LINE('',#7699,#7700);
#7699 = CARTESIAN_POINT('',(0.,7.));
#7700 = VECTOR('',#7701,1.);
#7701 = DIRECTION('',(1.,0.));
#7702 = ( GEOMETRIC_REPRESENTATION_CONTEXT(2) 
PARAMETRIC_REPRESENTATION_CONTEXT() REPRESENTATION_CONTEXT('2D SPACE',''
  ) );
#7703 = PCURVE('',#7704,#7709);
#7704 = PLANE('',#7705);
#7705 = AXIS2_PLACEMENT_3D('',#7706,#7707,#7708);
#7706 = CARTESIAN_POINT('',(0.,0.,7.));
#7707 = DIRECTION('',(0.,0.,1.));
#7708 = DIRECTION('',(1.,0.,-0.));
#7709 = DEFINITIONAL_REPRESENTATION('',(#7710),#7714);
#7710 = CIRCLE('',#7711,2.);
#7711 = AXIS2_PLACEMENT_2D('',#7712,#7713);
#7712 = CARTESIAN_POINT('',(0.,0.));
#7713 = DIRECTION('',(1.,0.));
#7714 = ( GEOMETRIC_REPRESENTATION_CONTEXT(2) 
PARAMETRIC_REPRESENTATION_CONTEXT() REPRESENTATION_CONTEXT('2D SPACE',''
  ) );
#7715 = ORIENTED_EDGE('',*,*,#7716,.F.);
#7716 = EDGE_CURVE('',#7717,#7683,#7719,.T.);
#7717 = VERTEX_POINT('',#7718);
#7718 = CARTESIAN_POINT('',(2.,-4.898587196589E-16,0.));
#7719 = SEAM_CURVE('',#7720,(#7724,#7731),.PCURVE_S1.);
#7720 = LINE('',#7721,#7722);
#7721 = CARTESIAN_POINT('',(2.,-4.898587196589E-16,0.));
#7722 = VECTOR('',#7723,1.);
#7723 = DIRECTION('',(0.,0.,1.));
#7724 = PCURVE('',#7692,#7725);
#7725 = DEFINITIONAL_REPRESENTATION('',(#7726),#7730);
#7726 = LINE('',#7727,#7728);
#7727 = CARTESIAN_POINT('',(6.28318530718,-0.));
#7728 = VECTOR('',#7729,1.);
#7729 = DIRECTION('',(0.,1.));
#7730 = ( GEOMETRIC_REPRESENTATION_CONTEXT(2) 
PARAMETRIC_REPRESENTATION_CONTEXT() REPRESENTATION_CONTEXT('2D SPACE',''
  ) );
#7731 = PCURVE('',#7692,#7732);
#7732 = DEFINITIONAL_REPRESENTATION('',(#7733),#7737);
#7733 = LINE('',#7734,#7735);
#7734 = CARTESIAN_POINT('',(0.,-0.));
#7735 = VECTOR('',#7736,1.);
#7736 = DIRECTION('',(0.,1.));
#7737 = ( GEOMETRIC_REPRESENTATION_CONTEXT(2) 
PARAMETRIC_REPRESENTATION_CONTEXT() REPRESENTATION_CONTEXT('2D SPACE',''
  ) );
#7738 = ORIENTED_EDGE('',*,*,#7739,.T.);
#7739 = EDGE_CURVE('',#7717,#7717,#7740,.T.);
#7740 = SURFACE_CURVE('',#7741,(#7746,#7753),.PCURVE_S1.);
#7741 = CIRCLE('',#7742,2.);
#7742 = AXIS2_PLACEMENT_3D('',#7743,#7744,#7745);
#7743 = CARTESIAN_POINT('',(0.,0.,0.));
#7744 = DIRECTION('',(0.,0.,1.));
#7745 = DIRECTION('',(1.,0.,-0.));
#7746 = PCURVE('',#7692,#7747);
#7747 = DEFINITIONAL_REPRESENTATION('',(#7748),#7752);
#7748 = LINE('',#7749,#7750);
#7749 = CARTESIAN_POINT('',(0.,0.));
#7750 = VECTOR('',#7751,1.);
#7751 = DIRECTION('',(1.,0.));
#7752 = ( GEOMETRIC_REPRESENTATION_CONTEXT(2) 
PARAMETRIC_REPRESENTATION_CONTEXT() REPRESENTATION_CONTEXT('2D SPACE',''
  ) );
#7753 = PCURVE('',#7754,#7759);
#7754 = PLANE('',#7755);
#7755 = AXIS2_PLACEMENT_3D('',#7756,#7757,#7758);
#7756 = CARTESIAN_POINT('',(0.,0.,0.));
#7757 = DIRECTION('',(0.,0.,1.));
#7758 = DIRECTION('',(1.,0.,-0.));
#7759 = DEFINITIONAL_REPRESENTATION('',(#7760),#7764);
#7760 = CIRCLE('',#7761,2.);
#7761 = AXIS2_PLACEMENT_2D('',#7762,#7763);
#7762 = CARTESIAN_POINT('',(0.,0.));
#7763 = DIRECTION('',(1.,0.));
#7764 = ( GEOMETRIC_REPRESENTATION_CONTEXT(2) 
PARAMETRIC_REPRESENTATION_CONTEXT() REPRESENTATION_CONTEXT('2D SPACE',''
  ) );
#7765 = ORIENTED_EDGE('',*,*,#7716,.T.);
#7766 = ADVANCED_FACE('',(#7767),#7704,.T.);
#7767 = FACE_BOUND('',#7768,.T.);
#7768 = EDGE_LOOP('',(#7769));
#7769 = ORIENTED_EDGE('',*,*,#7682,.T.);
#7770 = ADVANCED_FACE('',(#7771),#7754,.F.);
#7771 = FACE_BOUND('',#7772,.T.);
#7772 = EDGE_LOOP('',(#7773));
#7773 = ORIENTED_EDGE('',*,*,#7739,.F.);
#7774 = ( GEOMETRIC_REPRESENTATION_CONTEXT(3) 
GLOBAL_UNCERTAINTY_ASSIGNED_CONTEXT((#7778)) 
GLOBAL_UNIT_ASSIGNED_CONTEXT((#7775,#7776,#7777)) REPRESENTATION_CONTEXT
('Context #1','3D Context with UNIT and UNCERTAINTY') );
#7775 = ( LENGTH_UNIT() NAMED_UNIT(*) SI_UNIT(.MILLI.,.METRE.) );
#7776 = ( NAMED_UNIT(*) PLANE_ANGLE_UNIT() SI_UNIT($,.RADIAN.) );
#7777 = ( NAMED_UNIT(*) SI_UNIT($,.STERADIAN.) SOLID_ANGLE_UNIT() );
#7778 = UNCERTAINTY_MEASURE_WITH_UNIT(LENGTH_MEASURE(1.E-07),#7775,
  'distance_accuracy_value','confusion accuracy');
#7779 = CONTEXT_DEPENDENT_SHAPE_REPRESENTATION(#7780,#7782);
#7780 = ( REPRESENTATION_RELATIONSHIP('','',#7675,#7652) 
REPRESENTATION_RELATIONSHIP_WITH_TRANSFORMATION(#7781) 
SHAPE_REPRESENTATION_RELATIONSHIP() );
#7781 = ITEM_DEFINED_TRANSFORMATION('','',#11,#7653);
#7782 = PRODUCT_DEFINITION_SHAPE('Placement','Placement of an item',
  #7783);
#7783 = NEXT_ASSEMBLY_USAGE_OCCURRENCE('27','=>[0:1:1:29]','',#7647,
  #7670,$);
#7784 = PRODUCT_RELATED_PRODUCT_CATEGORY('part',$,(#7672));
#7785 = SHAPE_DEFINITION_REPRESENTATION(#7786,#7792);
#7786 = PRODUCT_DEFINITION_SHAPE('','',#7787);
#7787 = PRODUCT_DEFINITION('design','',#7788,#7791);
#7788 = PRODUCT_DEFINITION_FORMATION('','',#7789);
#7789 = PRODUCT('keyboard_guide_roller_right_2',
  'keyboard_guide_roller_right_2','',(#7790));
#7790 = PRODUCT_CONTEXT('',#2,'mechanical');
#7791 = PRODUCT_DEFINITION_CONTEXT('part definition',#2,'design');
#7792 = SHAPE_REPRESENTATION('',(#11,#7793),#7797);
#7793 = AXIS2_PLACEMENT_3D('',#7794,#7795,#7796);
#7794 = CARTESIAN_POINT('',(0.,0.,-3.5));
#7795 = DIRECTION('',(0.,0.,1.));
#7796 = DIRECTION('',(1.,0.,-0.));
#7797 = ( GEOMETRIC_REPRESENTATION_CONTEXT(3) 
GLOBAL_UNCERTAINTY_ASSIGNED_CONTEXT((#7801)) 
GLOBAL_UNIT_ASSIGNED_CONTEXT((#7798,#7799,#7800)) REPRESENTATION_CONTEXT
('Context #1','3D Context with UNIT and UNCERTAINTY') );
#7798 = ( LENGTH_UNIT() NAMED_UNIT(*) SI_UNIT(.MILLI.,.METRE.) );
#7799 = ( NAMED_UNIT(*) PLANE_ANGLE_UNIT() SI_UNIT($,.RADIAN.) );
#7800 = ( NAMED_UNIT(*) SI_UNIT($,.STERADIAN.) SOLID_ANGLE_UNIT() );
#7801 = UNCERTAINTY_MEASURE_WITH_UNIT(LENGTH_MEASURE(1.E-07),#7798,
  'distance_accuracy_value','confusion accuracy');
#7802 = CONTEXT_DEPENDENT_SHAPE_REPRESENTATION(#7803,#7805);
#7803 = ( REPRESENTATION_RELATIONSHIP('','',#7792,#10) 
REPRESENTATION_RELATIONSHIP_WITH_TRANSFORMATION(#7804) 
SHAPE_REPRESENTATION_RELATIONSHIP() );
#7804 = ITEM_DEFINED_TRANSFORMATION('','',#11,#71);
#7805 = PRODUCT_DEFINITION_SHAPE('Placement','Placement of an item',
  #7806);
#7806 = NEXT_ASSEMBLY_USAGE_OCCURRENCE('30','=>[0:1:1:30]','',#5,#7787,$
  );
#7807 = PRODUCT_RELATED_PRODUCT_CATEGORY('part',$,(#7789));
#7808 = SHAPE_DEFINITION_REPRESENTATION(#7809,#7815);
#7809 = PRODUCT_DEFINITION_SHAPE('','',#7810);
#7810 = PRODUCT_DEFINITION('design','',#7811,#7814);
#7811 = PRODUCT_DEFINITION_FORMATION('','',#7812);
#7812 = PRODUCT('SOLID','SOLID','',(#7813));
#7813 = PRODUCT_CONTEXT('',#2,'mechanical');
#7814 = PRODUCT_DEFINITION_CONTEXT('part definition',#2,'design');
#7815 = ADVANCED_BREP_SHAPE_REPRESENTATION('',(#11,#7816),#7914);
#7816 = MANIFOLD_SOLID_BREP('',#7817);
#7817 = CLOSED_SHELL('',(#7818,#7906,#7910));
#7818 = ADVANCED_FACE('',(#7819),#7832,.T.);
#7819 = FACE_BOUND('',#7820,.T.);
#7820 = EDGE_LOOP('',(#7821,#7855,#7878,#7905));
#7821 = ORIENTED_EDGE('',*,*,#7822,.F.);
#7822 = EDGE_CURVE('',#7823,#7823,#7825,.T.);
#7823 = VERTEX_POINT('',#7824);
#7824 = CARTESIAN_POINT('',(2.,-4.898587196589E-16,7.));
#7825 = SURFACE_CURVE('',#7826,(#7831,#7843),.PCURVE_S1.);
#7826 = CIRCLE('',#7827,2.);
#7827 = AXIS2_PLACEMENT_3D('',#7828,#7829,#7830);
#7828 = CARTESIAN_POINT('',(0.,0.,7.));
#7829 = DIRECTION('',(0.,0.,1.));
#7830 = DIRECTION('',(1.,0.,-0.));
#7831 = PCURVE('',#7832,#7837);
#7832 = CYLINDRICAL_SURFACE('',#7833,2.);
#7833 = AXIS2_PLACEMENT_3D('',#7834,#7835,#7836);
#7834 = CARTESIAN_POINT('',(0.,0.,0.));
#7835 = DIRECTION('',(0.,0.,1.));
#7836 = DIRECTION('',(1.,0.,-0.));
#7837 = DEFINITIONAL_REPRESENTATION('',(#7838),#7842);
#7838 = LINE('',#7839,#7840);
#7839 = CARTESIAN_POINT('',(0.,7.));
#7840 = VECTOR('',#7841,1.);
#7841 = DIRECTION('',(1.,0.));
#7842 = ( GEOMETRIC_REPRESENTATION_CONTEXT(2) 
PARAMETRIC_REPRESENTATION_CONTEXT() REPRESENTATION_CONTEXT('2D SPACE',''
  ) );
#7843 = PCURVE('',#7844,#7849);
#7844 = PLANE('',#7845);
#7845 = AXIS2_PLACEMENT_3D('',#7846,#7847,#7848);
#7846 = CARTESIAN_POINT('',(0.,0.,7.));
#7847 = DIRECTION('',(0.,0.,1.));
#7848 = DIRECTION('',(1.,0.,-0.));
#7849 = DEFINITIONAL_REPRESENTATION('',(#7850),#7854);
#7850 = CIRCLE('',#7851,2.);
#7851 = AXIS2_PLACEMENT_2D('',#7852,#7853);
#7852 = CARTESIAN_POINT('',(0.,0.));
#7853 = DIRECTION('',(1.,0.));
#7854 = ( GEOMETRIC_REPRESENTATION_CONTEXT(2) 
PARAMETRIC_REPRESENTATION_CONTEXT() REPRESENTATION_CONTEXT('2D SPACE',''
  ) );
#7855 = ORIENTED_EDGE('',*,*,#7856,.F.);
#7856 = EDGE_CURVE('',#7857,#7823,#7859,.T.);
#7857 = VERTEX_POINT('',#7858);
#7858 = CARTESIAN_POINT('',(2.,-4.898587196589E-16,0.));
#7859 = SEAM_CURVE('',#7860,(#7864,#7871),.PCURVE_S1.);
#7860 = LINE('',#7861,#7862);
#7861 = CARTESIAN_POINT('',(2.,-4.898587196589E-16,0.));
#7862 = VECTOR('',#7863,1.);
#7863 = DIRECTION('',(0.,0.,1.));
#7864 = PCURVE('',#7832,#7865);
#7865 = DEFINITIONAL_REPRESENTATION('',(#7866),#7870);
#7866 = LINE('',#7867,#7868);
#7867 = CARTESIAN_POINT('',(6.28318530718,-0.));
#7868 = VECTOR('',#7869,1.);
#7869 = DIRECTION('',(0.,1.));
#7870 = ( GEOMETRIC_REPRESENTATION_CONTEXT(2) 
PARAMETRIC_REPRESENTATION_CONTEXT() REPRESENTATION_CONTEXT('2D SPACE',''
  ) );
#7871 = PCURVE('',#7832,#7872);
#7872 = DEFINITIONAL_REPRESENTATION('',(#7873),#7877);
#7873 = LINE('',#7874,#7875);
#7874 = CARTESIAN_POINT('',(0.,-0.));
#7875 = VECTOR('',#7876,1.);
#7876 = DIRECTION('',(0.,1.));
#7877 = ( GEOMETRIC_REPRESENTATION_CONTEXT(2) 
PARAMETRIC_REPRESENTATION_CONTEXT() REPRESENTATION_CONTEXT('2D SPACE',''
  ) );
#7878 = ORIENTED_EDGE('',*,*,#7879,.T.);
#7879 = EDGE_CURVE('',#7857,#7857,#7880,.T.);
#7880 = SURFACE_CURVE('',#7881,(#7886,#7893),.PCURVE_S1.);
#7881 = CIRCLE('',#7882,2.);
#7882 = AXIS2_PLACEMENT_3D('',#7883,#7884,#7885);
#7883 = CARTESIAN_POINT('',(0.,0.,0.));
#7884 = DIRECTION('',(0.,0.,1.));
#7885 = DIRECTION('',(1.,0.,-0.));
#7886 = PCURVE('',#7832,#7887);
#7887 = DEFINITIONAL_REPRESENTATION('',(#7888),#7892);
#7888 = LINE('',#7889,#7890);
#7889 = CARTESIAN_POINT('',(0.,0.));
#7890 = VECTOR('',#7891,1.);
#7891 = DIRECTION('',(1.,0.));
#7892 = ( GEOMETRIC_REPRESENTATION_CONTEXT(2) 
PARAMETRIC_REPRESENTATION_CONTEXT() REPRESENTATION_CONTEXT('2D SPACE',''
  ) );
#7893 = PCURVE('',#7894,#7899);
#7894 = PLANE('',#7895);
#7895 = AXIS2_PLACEMENT_3D('',#7896,#7897,#7898);
#7896 = CARTESIAN_POINT('',(0.,0.,0.));
#7897 = DIRECTION('',(0.,0.,1.));
#7898 = DIRECTION('',(1.,0.,-0.));
#7899 = DEFINITIONAL_REPRESENTATION('',(#7900),#7904);
#7900 = CIRCLE('',#7901,2.);
#7901 = AXIS2_PLACEMENT_2D('',#7902,#7903);
#7902 = CARTESIAN_POINT('',(0.,0.));
#7903 = DIRECTION('',(1.,0.));
#7904 = ( GEOMETRIC_REPRESENTATION_CONTEXT(2) 
PARAMETRIC_REPRESENTATION_CONTEXT() REPRESENTATION_CONTEXT('2D SPACE',''
  ) );
#7905 = ORIENTED_EDGE('',*,*,#7856,.T.);
#7906 = ADVANCED_FACE('',(#7907),#7844,.T.);
#7907 = FACE_BOUND('',#7908,.T.);
#7908 = EDGE_LOOP('',(#7909));
#7909 = ORIENTED_EDGE('',*,*,#7822,.T.);
#7910 = ADVANCED_FACE('',(#7911),#7894,.F.);
#7911 = FACE_BOUND('',#7912,.T.);
#7912 = EDGE_LOOP('',(#7913));
#7913 = ORIENTED_EDGE('',*,*,#7879,.F.);
#7914 = ( GEOMETRIC_REPRESENTATION_CONTEXT(3) 
GLOBAL_UNCERTAINTY_ASSIGNED_CONTEXT((#7918)) 
GLOBAL_UNIT_ASSIGNED_CONTEXT((#7915,#7916,#7917)) REPRESENTATION_CONTEXT
('Context #1','3D Context with UNIT and UNCERTAINTY') );
#7915 = ( LENGTH_UNIT() NAMED_UNIT(*) SI_UNIT(.MILLI.,.METRE.) );
#7916 = ( NAMED_UNIT(*) PLANE_ANGLE_UNIT() SI_UNIT($,.RADIAN.) );
#7917 = ( NAMED_UNIT(*) SI_UNIT($,.STERADIAN.) SOLID_ANGLE_UNIT() );
#7918 = UNCERTAINTY_MEASURE_WITH_UNIT(LENGTH_MEASURE(1.E-07),#7915,
  'distance_accuracy_value','confusion accuracy');
#7919 = CONTEXT_DEPENDENT_SHAPE_REPRESENTATION(#7920,#7922);
#7920 = ( REPRESENTATION_RELATIONSHIP('','',#7815,#7792) 
REPRESENTATION_RELATIONSHIP_WITH_TRANSFORMATION(#7921) 
SHAPE_REPRESENTATION_RELATIONSHIP() );
#7921 = ITEM_DEFINED_TRANSFORMATION('','',#11,#7793);
#7922 = PRODUCT_DEFINITION_SHAPE('Placement','Placement of an item',
  #7923);
#7923 = NEXT_ASSEMBLY_USAGE_OCCURRENCE('29','=>[0:1:1:31]','',#7787,
  #7810,$);
#7924 = PRODUCT_RELATED_PRODUCT_CATEGORY('part',$,(#7812));
#7925 = SHAPE_DEFINITION_REPRESENTATION(#7926,#7932);
#7926 = PRODUCT_DEFINITION_SHAPE('','',#7927);
#7927 = PRODUCT_DEFINITION('design','',#7928,#7931);
#7928 = PRODUCT_DEFINITION_FORMATION('','',#7929);
#7929 = PRODUCT('keyboard_guide_support_right_1',
  'keyboard_guide_support_right_1','',(#7930));
#7930 = PRODUCT_CONTEXT('',#2,'mechanical');
#7931 = PRODUCT_DEFINITION_CONTEXT('part definition',#2,'design');
#7932 = SHAPE_REPRESENTATION('',(#11,#7933),#7937);
#7933 = AXIS2_PLACEMENT_3D('',#7934,#7935,#7936);
#7934 = CARTESIAN_POINT('',(-3.,-3.5,0.));
#7935 = DIRECTION('',(0.,0.,1.));
#7936 = DIRECTION('',(1.,0.,-0.));
#7937 = ( GEOMETRIC_REPRESENTATION_CONTEXT(3) 
GLOBAL_UNCERTAINTY_ASSIGNED_CONTEXT((#7941)) 
GLOBAL_UNIT_ASSIGNED_CONTEXT((#7938,#7939,#7940)) REPRESENTATION_CONTEXT
('Context #1','3D Context with UNIT and UNCERTAINTY') );
#7938 = ( LENGTH_UNIT() NAMED_UNIT(*) SI_UNIT(.MILLI.,.METRE.) );
#7939 = ( NAMED_UNIT(*) PLANE_ANGLE_UNIT() SI_UNIT($,.RADIAN.) );
#7940 = ( NAMED_UNIT(*) SI_UNIT($,.STERADIAN.) SOLID_ANGLE_UNIT() );
#7941 = UNCERTAINTY_MEASURE_WITH_UNIT(LENGTH_MEASURE(1.E-07),#7938,
  'distance_accuracy_value','confusion accuracy');
#7942 = CONTEXT_DEPENDENT_SHAPE_REPRESENTATION(#7943,#7945);
#7943 = ( REPRESENTATION_RELATIONSHIP('','',#7932,#10) 
REPRESENTATION_RELATIONSHIP_WITH_TRANSFORMATION(#7944) 
SHAPE_REPRESENTATION_RELATIONSHIP() );
#7944 = ITEM_DEFINED_TRANSFORMATION('','',#11,#75);
#7945 = PRODUCT_DEFINITION_SHAPE('Placement','Placement of an item',
  #7946);
#7946 = NEXT_ASSEMBLY_USAGE_OCCURRENCE('32','=>[0:1:1:32]','',#5,#7927,$
  );
#7947 = PRODUCT_RELATED_PRODUCT_CATEGORY('part',$,(#7929));
#7948 = SHAPE_DEFINITION_REPRESENTATION(#7949,#7955);
#7949 = PRODUCT_DEFINITION_SHAPE('','',#7950);
#7950 = PRODUCT_DEFINITION('design','',#7951,#7954);
#7951 = PRODUCT_DEFINITION_FORMATION('','',#7952);
#7952 = PRODUCT('SOLID','SOLID','',(#7953));
#7953 = PRODUCT_CONTEXT('',#2,'mechanical');
#7954 = PRODUCT_DEFINITION_CONTEXT('part definition',#2,'design');
#7955 = ADVANCED_BREP_SHAPE_REPRESENTATION('',(#11,#7956),#8286);
#7956 = MANIFOLD_SOLID_BREP('',#7957);
#7957 = CLOSED_SHELL('',(#7958,#8078,#8178,#8225,#8272,#8279));
#7958 = ADVANCED_FACE('',(#7959),#7973,.F.);
#7959 = FACE_BOUND('',#7960,.F.);
#7960 = EDGE_LOOP('',(#7961,#7996,#8024,#8052));
#7961 = ORIENTED_EDGE('',*,*,#7962,.F.);
#7962 = EDGE_CURVE('',#7963,#7965,#7967,.T.);
#7963 = VERTEX_POINT('',#7964);
#7964 = CARTESIAN_POINT('',(0.,0.,0.));
#7965 = VERTEX_POINT('',#7966);
#7966 = CARTESIAN_POINT('',(0.,0.,29.981152949375));
#7967 = SURFACE_CURVE('',#7968,(#7972,#7984),.PCURVE_S1.);
#7968 = LINE('',#7969,#7970);
#7969 = CARTESIAN_POINT('',(0.,0.,0.));
#7970 = VECTOR('',#7971,1.);
#7971 = DIRECTION('',(0.,0.,1.));
#7972 = PCURVE('',#7973,#7978);
#7973 = PLANE('',#7974);
#7974 = AXIS2_PLACEMENT_3D('',#7975,#7976,#7977);
#7975 = CARTESIAN_POINT('',(0.,0.,0.));
#7976 = DIRECTION('',(1.,0.,-0.));
#7977 = DIRECTION('',(0.,0.,1.));
#7978 = DEFINITIONAL_REPRESENTATION('',(#7979),#7983);
#7979 = LINE('',#7980,#7981);
#7980 = CARTESIAN_POINT('',(0.,0.));
#7981 = VECTOR('',#7982,1.);
#7982 = DIRECTION('',(1.,0.));
#7983 = ( GEOMETRIC_REPRESENTATION_CONTEXT(2) 
PARAMETRIC_REPRESENTATION_CONTEXT() REPRESENTATION_CONTEXT('2D SPACE',''
  ) );
#7984 = PCURVE('',#7985,#7990);
#7985 = PLANE('',#7986);
#7986 = AXIS2_PLACEMENT_3D('',#7987,#7988,#7989);
#7987 = CARTESIAN_POINT('',(0.,0.,0.));
#7988 = DIRECTION('',(-0.,1.,0.));
#7989 = DIRECTION('',(0.,0.,1.));
#7990 = DEFINITIONAL_REPRESENTATION('',(#7991),#7995);
#7991 = LINE('',#7992,#7993);
#7992 = CARTESIAN_POINT('',(0.,0.));
#7993 = VECTOR('',#7994,1.);
#7994 = DIRECTION('',(1.,0.));
#7995 = ( GEOMETRIC_REPRESENTATION_CONTEXT(2) 
PARAMETRIC_REPRESENTATION_CONTEXT() REPRESENTATION_CONTEXT('2D SPACE',''
  ) );
#7996 = ORIENTED_EDGE('',*,*,#7997,.T.);
#7997 = EDGE_CURVE('',#7963,#7998,#8000,.T.);
#7998 = VERTEX_POINT('',#7999);
#7999 = CARTESIAN_POINT('',(0.,7.,0.));
#8000 = SURFACE_CURVE('',#8001,(#8005,#8012),.PCURVE_S1.);
#8001 = LINE('',#8002,#8003);
#8002 = CARTESIAN_POINT('',(0.,0.,0.));
#8003 = VECTOR('',#8004,1.);
#8004 = DIRECTION('',(-0.,1.,0.));
#8005 = PCURVE('',#7973,#8006);
#8006 = DEFINITIONAL_REPRESENTATION('',(#8007),#8011);
#8007 = LINE('',#8008,#8009);
#8008 = CARTESIAN_POINT('',(0.,0.));
#8009 = VECTOR('',#8010,1.);
#8010 = DIRECTION('',(0.,-1.));
#8011 = ( GEOMETRIC_REPRESENTATION_CONTEXT(2) 
PARAMETRIC_REPRESENTATION_CONTEXT() REPRESENTATION_CONTEXT('2D SPACE',''
  ) );
#8012 = PCURVE('',#8013,#8018);
#8013 = PLANE('',#8014);
#8014 = AXIS2_PLACEMENT_3D('',#8015,#8016,#8017);
#8015 = CARTESIAN_POINT('',(0.,0.,0.));
#8016 = DIRECTION('',(0.,0.,1.));
#8017 = DIRECTION('',(1.,0.,-0.));
#8018 = DEFINITIONAL_REPRESENTATION('',(#8019),#8023);
#8019 = LINE('',#8020,#8021);
#8020 = CARTESIAN_POINT('',(0.,0.));
#8021 = VECTOR('',#8022,1.);
#8022 = DIRECTION('',(0.,1.));
#8023 = ( GEOMETRIC_REPRESENTATION_CONTEXT(2) 
PARAMETRIC_REPRESENTATION_CONTEXT() REPRESENTATION_CONTEXT('2D SPACE',''
  ) );
#8024 = ORIENTED_EDGE('',*,*,#8025,.T.);
#8025 = EDGE_CURVE('',#7998,#8026,#8028,.T.);
#8026 = VERTEX_POINT('',#8027);
#8027 = CARTESIAN_POINT('',(0.,7.,29.981152949375));
#8028 = SURFACE_CURVE('',#8029,(#8033,#8040),.PCURVE_S1.);
#8029 = LINE('',#8030,#8031);
#8030 = CARTESIAN_POINT('',(0.,7.,0.));
#8031 = VECTOR('',#8032,1.);
#8032 = DIRECTION('',(0.,0.,1.));
#8033 = PCURVE('',#7973,#8034);
#8034 = DEFINITIONAL_REPRESENTATION('',(#8035),#8039);
#8035 = LINE('',#8036,#8037);
#8036 = CARTESIAN_POINT('',(0.,-7.));
#8037 = VECTOR('',#8038,1.);
#8038 = DIRECTION('',(1.,0.));
#8039 = ( GEOMETRIC_REPRESENTATION_CONTEXT(2) 
PARAMETRIC_REPRESENTATION_CONTEXT() REPRESENTATION_CONTEXT('2D SPACE',''
  ) );
#8040 = PCURVE('',#8041,#8046);
#8041 = PLANE('',#8042);
#8042 = AXIS2_PLACEMENT_3D('',#8043,#8044,#8045);
#8043 = CARTESIAN_POINT('',(0.,7.,0.));
#8044 = DIRECTION('',(-0.,1.,0.));
#8045 = DIRECTION('',(0.,0.,1.));
#8046 = DEFINITIONAL_REPRESENTATION('',(#8047),#8051);
#8047 = LINE('',#8048,#8049);
#8048 = CARTESIAN_POINT('',(0.,0.));
#8049 = VECTOR('',#8050,1.);
#8050 = DIRECTION('',(1.,0.));
#8051 = ( GEOMETRIC_REPRESENTATION_CONTEXT(2) 
PARAMETRIC_REPRESENTATION_CONTEXT() REPRESENTATION_CONTEXT('2D SPACE',''
  ) );
#8052 = ORIENTED_EDGE('',*,*,#8053,.F.);
#8053 = EDGE_CURVE('',#7965,#8026,#8054,.T.);
#8054 = SURFACE_CURVE('',#8055,(#8059,#8066),.PCURVE_S1.);
#8055 = LINE('',#8056,#8057);
#8056 = CARTESIAN_POINT('',(0.,0.,29.981152949375));
#8057 = VECTOR('',#8058,1.);
#8058 = DIRECTION('',(-0.,1.,0.));
#8059 = PCURVE('',#7973,#8060);
#8060 = DEFINITIONAL_REPRESENTATION('',(#8061),#8065);
#8061 = LINE('',#8062,#8063);
#8062 = CARTESIAN_POINT('',(29.981152949375,0.));
#8063 = VECTOR('',#8064,1.);
#8064 = DIRECTION('',(0.,-1.));
#8065 = ( GEOMETRIC_REPRESENTATION_CONTEXT(2) 
PARAMETRIC_REPRESENTATION_CONTEXT() REPRESENTATION_CONTEXT('2D SPACE',''
  ) );
#8066 = PCURVE('',#8067,#8072);
#8067 = PLANE('',#8068);
#8068 = AXIS2_PLACEMENT_3D('',#8069,#8070,#8071);
#8069 = CARTESIAN_POINT('',(0.,0.,29.981152949375));
#8070 = DIRECTION('',(0.,0.,1.));
#8071 = DIRECTION('',(1.,0.,-0.));
#8072 = DEFINITIONAL_REPRESENTATION('',(#8073),#8077);
#8073 = LINE('',#8074,#8075);
#8074 = CARTESIAN_POINT('',(0.,0.));
#8075 = VECTOR('',#8076,1.);
#8076 = DIRECTION('',(0.,1.));
#8077 = ( GEOMETRIC_REPRESENTATION_CONTEXT(2) 
PARAMETRIC_REPRESENTATION_CONTEXT() REPRESENTATION_CONTEXT('2D SPACE',''
  ) );
#8078 = ADVANCED_FACE('',(#8079),#8093,.T.);
#8079 = FACE_BOUND('',#8080,.T.);
#8080 = EDGE_LOOP('',(#8081,#8111,#8134,#8157));
#8081 = ORIENTED_EDGE('',*,*,#8082,.F.);
#8082 = EDGE_CURVE('',#8083,#8085,#8087,.T.);
#8083 = VERTEX_POINT('',#8084);
#8084 = CARTESIAN_POINT('',(6.,0.,0.));
#8085 = VERTEX_POINT('',#8086);
#8086 = CARTESIAN_POINT('',(6.,0.,29.981152949375));
#8087 = SURFACE_CURVE('',#8088,(#8092,#8104),.PCURVE_S1.);
#8088 = LINE('',#8089,#8090);
#8089 = CARTESIAN_POINT('',(6.,0.,0.));
#8090 = VECTOR('',#8091,1.);
#8091 = DIRECTION('',(0.,0.,1.));
#8092 = PCURVE('',#8093,#8098);
#8093 = PLANE('',#8094);
#8094 = AXIS2_PLACEMENT_3D('',#8095,#8096,#8097);
#8095 = CARTESIAN_POINT('',(6.,0.,0.));
#8096 = DIRECTION('',(1.,0.,-0.));
#8097 = DIRECTION('',(0.,0.,1.));
#8098 = DEFINITIONAL_REPRESENTATION('',(#8099),#8103);
#8099 = LINE('',#8100,#8101);
#8100 = CARTESIAN_POINT('',(0.,0.));
#8101 = VECTOR('',#8102,1.);
#8102 = DIRECTION('',(1.,0.));
#8103 = ( GEOMETRIC_REPRESENTATION_CONTEXT(2) 
PARAMETRIC_REPRESENTATION_CONTEXT() REPRESENTATION_CONTEXT('2D SPACE',''
  ) );
#8104 = PCURVE('',#7985,#8105);
#8105 = DEFINITIONAL_REPRESENTATION('',(#8106),#8110);
#8106 = LINE('',#8107,#8108);
#8107 = CARTESIAN_POINT('',(0.,6.));
#8108 = VECTOR('',#8109,1.);
#8109 = DIRECTION('',(1.,0.));
#8110 = ( GEOMETRIC_REPRESENTATION_CONTEXT(2) 
PARAMETRIC_REPRESENTATION_CONTEXT() REPRESENTATION_CONTEXT('2D SPACE',''
  ) );
#8111 = ORIENTED_EDGE('',*,*,#8112,.T.);
#8112 = EDGE_CURVE('',#8083,#8113,#8115,.T.);
#8113 = VERTEX_POINT('',#8114);
#8114 = CARTESIAN_POINT('',(6.,7.,0.));
#8115 = SURFACE_CURVE('',#8116,(#8120,#8127),.PCURVE_S1.);
#8116 = LINE('',#8117,#8118);
#8117 = CARTESIAN_POINT('',(6.,0.,0.));
#8118 = VECTOR('',#8119,1.);
#8119 = DIRECTION('',(-0.,1.,0.));
#8120 = PCURVE('',#8093,#8121);
#8121 = DEFINITIONAL_REPRESENTATION('',(#8122),#8126);
#8122 = LINE('',#8123,#8124);
#8123 = CARTESIAN_POINT('',(0.,0.));
#8124 = VECTOR('',#8125,1.);
#8125 = DIRECTION('',(0.,-1.));
#8126 = ( GEOMETRIC_REPRESENTATION_CONTEXT(2) 
PARAMETRIC_REPRESENTATION_CONTEXT() REPRESENTATION_CONTEXT('2D SPACE',''
  ) );
#8127 = PCURVE('',#8013,#8128);
#8128 = DEFINITIONAL_REPRESENTATION('',(#8129),#8133);
#8129 = LINE('',#8130,#8131);
#8130 = CARTESIAN_POINT('',(6.,0.));
#8131 = VECTOR('',#8132,1.);
#8132 = DIRECTION('',(0.,1.));
#8133 = ( GEOMETRIC_REPRESENTATION_CONTEXT(2) 
PARAMETRIC_REPRESENTATION_CONTEXT() REPRESENTATION_CONTEXT('2D SPACE',''
  ) );
#8134 = ORIENTED_EDGE('',*,*,#8135,.T.);
#8135 = EDGE_CURVE('',#8113,#8136,#8138,.T.);
#8136 = VERTEX_POINT('',#8137);
#8137 = CARTESIAN_POINT('',(6.,7.,29.981152949375));
#8138 = SURFACE_CURVE('',#8139,(#8143,#8150),.PCURVE_S1.);
#8139 = LINE('',#8140,#8141);
#8140 = CARTESIAN_POINT('',(6.,7.,0.));
#8141 = VECTOR('',#8142,1.);
#8142 = DIRECTION('',(0.,0.,1.));
#8143 = PCURVE('',#8093,#8144);
#8144 = DEFINITIONAL_REPRESENTATION('',(#8145),#8149);
#8145 = LINE('',#8146,#8147);
#8146 = CARTESIAN_POINT('',(0.,-7.));
#8147 = VECTOR('',#8148,1.);
#8148 = DIRECTION('',(1.,0.));
#8149 = ( GEOMETRIC_REPRESENTATION_CONTEXT(2) 
PARAMETRIC_REPRESENTATION_CONTEXT() REPRESENTATION_CONTEXT('2D SPACE',''
  ) );
#8150 = PCURVE('',#8041,#8151);
#8151 = DEFINITIONAL_REPRESENTATION('',(#8152),#8156);
#8152 = LINE('',#8153,#8154);
#8153 = CARTESIAN_POINT('',(0.,6.));
#8154 = VECTOR('',#8155,1.);
#8155 = DIRECTION('',(1.,0.));
#8156 = ( GEOMETRIC_REPRESENTATION_CONTEXT(2) 
PARAMETRIC_REPRESENTATION_CONTEXT() REPRESENTATION_CONTEXT('2D SPACE',''
  ) );
#8157 = ORIENTED_EDGE('',*,*,#8158,.F.);
#8158 = EDGE_CURVE('',#8085,#8136,#8159,.T.);
#8159 = SURFACE_CURVE('',#8160,(#8164,#8171),.PCURVE_S1.);
#8160 = LINE('',#8161,#8162);
#8161 = CARTESIAN_POINT('',(6.,0.,29.981152949375));
#8162 = VECTOR('',#8163,1.);
#8163 = DIRECTION('',(-0.,1.,0.));
#8164 = PCURVE('',#8093,#8165);
#8165 = DEFINITIONAL_REPRESENTATION('',(#8166),#8170);
#8166 = LINE('',#8167,#8168);
#8167 = CARTESIAN_POINT('',(29.981152949375,0.));
#8168 = VECTOR('',#8169,1.);
#8169 = DIRECTION('',(0.,-1.));
#8170 = ( GEOMETRIC_REPRESENTATION_CONTEXT(2) 
PARAMETRIC_REPRESENTATION_CONTEXT() REPRESENTATION_CONTEXT('2D SPACE',''
  ) );
#8171 = PCURVE('',#8067,#8172);
#8172 = DEFINITIONAL_REPRESENTATION('',(#8173),#8177);
#8173 = LINE('',#8174,#8175);
#8174 = CARTESIAN_POINT('',(6.,0.));
#8175 = VECTOR('',#8176,1.);
#8176 = DIRECTION('',(0.,1.));
#8177 = ( GEOMETRIC_REPRESENTATION_CONTEXT(2) 
PARAMETRIC_REPRESENTATION_CONTEXT() REPRESENTATION_CONTEXT('2D SPACE',''
  ) );
#8178 = ADVANCED_FACE('',(#8179),#7985,.F.);
#8179 = FACE_BOUND('',#8180,.F.);
#8180 = EDGE_LOOP('',(#8181,#8202,#8203,#8224));
#8181 = ORIENTED_EDGE('',*,*,#8182,.F.);
#8182 = EDGE_CURVE('',#7963,#8083,#8183,.T.);
#8183 = SURFACE_CURVE('',#8184,(#8188,#8195),.PCURVE_S1.);
#8184 = LINE('',#8185,#8186);
#8185 = CARTESIAN_POINT('',(0.,0.,0.));
#8186 = VECTOR('',#8187,1.);
#8187 = DIRECTION('',(1.,0.,-0.));
#8188 = PCURVE('',#7985,#8189);
#8189 = DEFINITIONAL_REPRESENTATION('',(#8190),#8194);
#8190 = LINE('',#8191,#8192);
#8191 = CARTESIAN_POINT('',(0.,0.));
#8192 = VECTOR('',#8193,1.);
#8193 = DIRECTION('',(0.,1.));
#8194 = ( GEOMETRIC_REPRESENTATION_CONTEXT(2) 
PARAMETRIC_REPRESENTATION_CONTEXT() REPRESENTATION_CONTEXT('2D SPACE',''
  ) );
#8195 = PCURVE('',#8013,#8196);
#8196 = DEFINITIONAL_REPRESENTATION('',(#8197),#8201);
#8197 = LINE('',#8198,#8199);
#8198 = CARTESIAN_POINT('',(0.,0.));
#8199 = VECTOR('',#8200,1.);
#8200 = DIRECTION('',(1.,0.));
#8201 = ( GEOMETRIC_REPRESENTATION_CONTEXT(2) 
PARAMETRIC_REPRESENTATION_CONTEXT() REPRESENTATION_CONTEXT('2D SPACE',''
  ) );
#8202 = ORIENTED_EDGE('',*,*,#7962,.T.);
#8203 = ORIENTED_EDGE('',*,*,#8204,.T.);
#8204 = EDGE_CURVE('',#7965,#8085,#8205,.T.);
#8205 = SURFACE_CURVE('',#8206,(#8210,#8217),.PCURVE_S1.);
#8206 = LINE('',#8207,#8208);
#8207 = CARTESIAN_POINT('',(0.,0.,29.981152949375));
#8208 = VECTOR('',#8209,1.);
#8209 = DIRECTION('',(1.,0.,-0.));
#8210 = PCURVE('',#7985,#8211);
#8211 = DEFINITIONAL_REPRESENTATION('',(#8212),#8216);
#8212 = LINE('',#8213,#8214);
#8213 = CARTESIAN_POINT('',(29.981152949375,0.));
#8214 = VECTOR('',#8215,1.);
#8215 = DIRECTION('',(0.,1.));
#8216 = ( GEOMETRIC_REPRESENTATION_CONTEXT(2) 
PARAMETRIC_REPRESENTATION_CONTEXT() REPRESENTATION_CONTEXT('2D SPACE',''
  ) );
#8217 = PCURVE('',#8067,#8218);
#8218 = DEFINITIONAL_REPRESENTATION('',(#8219),#8223);
#8219 = LINE('',#8220,#8221);
#8220 = CARTESIAN_POINT('',(0.,0.));
#8221 = VECTOR('',#8222,1.);
#8222 = DIRECTION('',(1.,0.));
#8223 = ( GEOMETRIC_REPRESENTATION_CONTEXT(2) 
PARAMETRIC_REPRESENTATION_CONTEXT() REPRESENTATION_CONTEXT('2D SPACE',''
  ) );
#8224 = ORIENTED_EDGE('',*,*,#8082,.F.);
#8225 = ADVANCED_FACE('',(#8226),#8041,.T.);
#8226 = FACE_BOUND('',#8227,.T.);
#8227 = EDGE_LOOP('',(#8228,#8249,#8250,#8271));
#8228 = ORIENTED_EDGE('',*,*,#8229,.F.);
#8229 = EDGE_CURVE('',#7998,#8113,#8230,.T.);
#8230 = SURFACE_CURVE('',#8231,(#8235,#8242),.PCURVE_S1.);
#8231 = LINE('',#8232,#8233);
#8232 = CARTESIAN_POINT('',(0.,7.,0.));
#8233 = VECTOR('',#8234,1.);
#8234 = DIRECTION('',(1.,0.,-0.));
#8235 = PCURVE('',#8041,#8236);
#8236 = DEFINITIONAL_REPRESENTATION('',(#8237),#8241);
#8237 = LINE('',#8238,#8239);
#8238 = CARTESIAN_POINT('',(0.,0.));
#8239 = VECTOR('',#8240,1.);
#8240 = DIRECTION('',(0.,1.));
#8241 = ( GEOMETRIC_REPRESENTATION_CONTEXT(2) 
PARAMETRIC_REPRESENTATION_CONTEXT() REPRESENTATION_CONTEXT('2D SPACE',''
  ) );
#8242 = PCURVE('',#8013,#8243);
#8243 = DEFINITIONAL_REPRESENTATION('',(#8244),#8248);
#8244 = LINE('',#8245,#8246);
#8245 = CARTESIAN_POINT('',(0.,7.));
#8246 = VECTOR('',#8247,1.);
#8247 = DIRECTION('',(1.,0.));
#8248 = ( GEOMETRIC_REPRESENTATION_CONTEXT(2) 
PARAMETRIC_REPRESENTATION_CONTEXT() REPRESENTATION_CONTEXT('2D SPACE',''
  ) );
#8249 = ORIENTED_EDGE('',*,*,#8025,.T.);
#8250 = ORIENTED_EDGE('',*,*,#8251,.T.);
#8251 = EDGE_CURVE('',#8026,#8136,#8252,.T.);
#8252 = SURFACE_CURVE('',#8253,(#8257,#8264),.PCURVE_S1.);
#8253 = LINE('',#8254,#8255);
#8254 = CARTESIAN_POINT('',(0.,7.,29.981152949375));
#8255 = VECTOR('',#8256,1.);
#8256 = DIRECTION('',(1.,0.,-0.));
#8257 = PCURVE('',#8041,#8258);
#8258 = DEFINITIONAL_REPRESENTATION('',(#8259),#8263);
#8259 = LINE('',#8260,#8261);
#8260 = CARTESIAN_POINT('',(29.981152949375,0.));
#8261 = VECTOR('',#8262,1.);
#8262 = DIRECTION('',(0.,1.));
#8263 = ( GEOMETRIC_REPRESENTATION_CONTEXT(2) 
PARAMETRIC_REPRESENTATION_CONTEXT() REPRESENTATION_CONTEXT('2D SPACE',''
  ) );
#8264 = PCURVE('',#8067,#8265);
#8265 = DEFINITIONAL_REPRESENTATION('',(#8266),#8270);
#8266 = LINE('',#8267,#8268);
#8267 = CARTESIAN_POINT('',(0.,7.));
#8268 = VECTOR('',#8269,1.);
#8269 = DIRECTION('',(1.,0.));
#8270 = ( GEOMETRIC_REPRESENTATION_CONTEXT(2) 
PARAMETRIC_REPRESENTATION_CONTEXT() REPRESENTATION_CONTEXT('2D SPACE',''
  ) );
#8271 = ORIENTED_EDGE('',*,*,#8135,.F.);
#8272 = ADVANCED_FACE('',(#8273),#8013,.F.);
#8273 = FACE_BOUND('',#8274,.F.);
#8274 = EDGE_LOOP('',(#8275,#8276,#8277,#8278));
#8275 = ORIENTED_EDGE('',*,*,#7997,.F.);
#8276 = ORIENTED_EDGE('',*,*,#8182,.T.);
#8277 = ORIENTED_EDGE('',*,*,#8112,.T.);
#8278 = ORIENTED_EDGE('',*,*,#8229,.F.);
#8279 = ADVANCED_FACE('',(#8280),#8067,.T.);
#8280 = FACE_BOUND('',#8281,.T.);
#8281 = EDGE_LOOP('',(#8282,#8283,#8284,#8285));
#8282 = ORIENTED_EDGE('',*,*,#8053,.F.);
#8283 = ORIENTED_EDGE('',*,*,#8204,.T.);
#8284 = ORIENTED_EDGE('',*,*,#8158,.T.);
#8285 = ORIENTED_EDGE('',*,*,#8251,.F.);
#8286 = ( GEOMETRIC_REPRESENTATION_CONTEXT(3) 
GLOBAL_UNCERTAINTY_ASSIGNED_CONTEXT((#8290)) 
GLOBAL_UNIT_ASSIGNED_CONTEXT((#8287,#8288,#8289)) REPRESENTATION_CONTEXT
('Context #1','3D Context with UNIT and UNCERTAINTY') );
#8287 = ( LENGTH_UNIT() NAMED_UNIT(*) SI_UNIT(.MILLI.,.METRE.) );
#8288 = ( NAMED_UNIT(*) PLANE_ANGLE_UNIT() SI_UNIT($,.RADIAN.) );
#8289 = ( NAMED_UNIT(*) SI_UNIT($,.STERADIAN.) SOLID_ANGLE_UNIT() );
#8290 = UNCERTAINTY_MEASURE_WITH_UNIT(LENGTH_MEASURE(1.E-07),#8287,
  'distance_accuracy_value','confusion accuracy');
#8291 = CONTEXT_DEPENDENT_SHAPE_REPRESENTATION(#8292,#8294);
#8292 = ( REPRESENTATION_RELATIONSHIP('','',#7955,#7932) 
REPRESENTATION_RELATIONSHIP_WITH_TRANSFORMATION(#8293) 
SHAPE_REPRESENTATION_RELATIONSHIP() );
#8293 = ITEM_DEFINED_TRANSFORMATION('','',#11,#7933);
#8294 = PRODUCT_DEFINITION_SHAPE('Placement','Placement of an item',
  #8295);
#8295 = NEXT_ASSEMBLY_USAGE_OCCURRENCE('31','=>[0:1:1:33]','',#7927,
  #7950,$);
#8296 = PRODUCT_RELATED_PRODUCT_CATEGORY('part',$,(#7952));
#8297 = SHAPE_DEFINITION_REPRESENTATION(#8298,#8304);
#8298 = PRODUCT_DEFINITION_SHAPE('','',#8299);
#8299 = PRODUCT_DEFINITION('design','',#8300,#8303);
#8300 = PRODUCT_DEFINITION_FORMATION('','',#8301);
#8301 = PRODUCT('keyboard_guide_support_right_2',
  'keyboard_guide_support_right_2','',(#8302));
#8302 = PRODUCT_CONTEXT('',#2,'mechanical');
#8303 = PRODUCT_DEFINITION_CONTEXT('part definition',#2,'design');
#8304 = SHAPE_REPRESENTATION('',(#11,#8305),#8309);
#8305 = AXIS2_PLACEMENT_3D('',#8306,#8307,#8308);
#8306 = CARTESIAN_POINT('',(-3.,-3.5,0.));
#8307 = DIRECTION('',(0.,0.,1.));
#8308 = DIRECTION('',(1.,0.,-0.));
#8309 = ( GEOMETRIC_REPRESENTATION_CONTEXT(3) 
GLOBAL_UNCERTAINTY_ASSIGNED_CONTEXT((#8313)) 
GLOBAL_UNIT_ASSIGNED_CONTEXT((#8310,#8311,#8312)) REPRESENTATION_CONTEXT
('Context #1','3D Context with UNIT and UNCERTAINTY') );
#8310 = ( LENGTH_UNIT() NAMED_UNIT(*) SI_UNIT(.MILLI.,.METRE.) );
#8311 = ( NAMED_UNIT(*) PLANE_ANGLE_UNIT() SI_UNIT($,.RADIAN.) );
#8312 = ( NAMED_UNIT(*) SI_UNIT($,.STERADIAN.) SOLID_ANGLE_UNIT() );
#8313 = UNCERTAINTY_MEASURE_WITH_UNIT(LENGTH_MEASURE(1.E-07),#8310,
  'distance_accuracy_value','confusion accuracy');
#8314 = CONTEXT_DEPENDENT_SHAPE_REPRESENTATION(#8315,#8317);
#8315 = ( REPRESENTATION_RELATIONSHIP('','',#8304,#10) 
REPRESENTATION_RELATIONSHIP_WITH_TRANSFORMATION(#8316) 
SHAPE_REPRESENTATION_RELATIONSHIP() );
#8316 = ITEM_DEFINED_TRANSFORMATION('','',#11,#79);
#8317 = PRODUCT_DEFINITION_SHAPE('Placement','Placement of an item',
  #8318);
#8318 = NEXT_ASSEMBLY_USAGE_OCCURRENCE('34','=>[0:1:1:34]','',#5,#8299,$
  );
#8319 = PRODUCT_RELATED_PRODUCT_CATEGORY('part',$,(#8301));
#8320 = SHAPE_DEFINITION_REPRESENTATION(#8321,#8327);
#8321 = PRODUCT_DEFINITION_SHAPE('','',#8322);
#8322 = PRODUCT_DEFINITION('design','',#8323,#8326);
#8323 = PRODUCT_DEFINITION_FORMATION('','',#8324);
#8324 = PRODUCT('SOLID','SOLID','',(#8325));
#8325 = PRODUCT_CONTEXT('',#2,'mechanical');
#8326 = PRODUCT_DEFINITION_CONTEXT('part definition',#2,'design');
#8327 = ADVANCED_BREP_SHAPE_REPRESENTATION('',(#11,#8328),#8658);
#8328 = MANIFOLD_SOLID_BREP('',#8329);
#8329 = CLOSED_SHELL('',(#8330,#8450,#8550,#8597,#8644,#8651));
#8330 = ADVANCED_FACE('',(#8331),#8345,.F.);
#8331 = FACE_BOUND('',#8332,.F.);
#8332 = EDGE_LOOP('',(#8333,#8368,#8396,#8424));
#8333 = ORIENTED_EDGE('',*,*,#8334,.F.);
#8334 = EDGE_CURVE('',#8335,#8337,#8339,.T.);
#8335 = VERTEX_POINT('',#8336);
#8336 = CARTESIAN_POINT('',(0.,0.,0.));
#8337 = VERTEX_POINT('',#8338);
#8338 = CARTESIAN_POINT('',(0.,0.,7.018847050625));
#8339 = SURFACE_CURVE('',#8340,(#8344,#8356),.PCURVE_S1.);
#8340 = LINE('',#8341,#8342);
#8341 = CARTESIAN_POINT('',(0.,0.,0.));
#8342 = VECTOR('',#8343,1.);
#8343 = DIRECTION('',(0.,0.,1.));
#8344 = PCURVE('',#8345,#8350);
#8345 = PLANE('',#8346);
#8346 = AXIS2_PLACEMENT_3D('',#8347,#8348,#8349);
#8347 = CARTESIAN_POINT('',(0.,0.,0.));
#8348 = DIRECTION('',(1.,0.,-0.));
#8349 = DIRECTION('',(0.,0.,1.));
#8350 = DEFINITIONAL_REPRESENTATION('',(#8351),#8355);
#8351 = LINE('',#8352,#8353);
#8352 = CARTESIAN_POINT('',(0.,0.));
#8353 = VECTOR('',#8354,1.);
#8354 = DIRECTION('',(1.,0.));
#8355 = ( GEOMETRIC_REPRESENTATION_CONTEXT(2) 
PARAMETRIC_REPRESENTATION_CONTEXT() REPRESENTATION_CONTEXT('2D SPACE',''
  ) );
#8356 = PCURVE('',#8357,#8362);
#8357 = PLANE('',#8358);
#8358 = AXIS2_PLACEMENT_3D('',#8359,#8360,#8361);
#8359 = CARTESIAN_POINT('',(0.,0.,0.));
#8360 = DIRECTION('',(-0.,1.,0.));
#8361 = DIRECTION('',(0.,0.,1.));
#8362 = DEFINITIONAL_REPRESENTATION('',(#8363),#8367);
#8363 = LINE('',#8364,#8365);
#8364 = CARTESIAN_POINT('',(0.,0.));
#8365 = VECTOR('',#8366,1.);
#8366 = DIRECTION('',(1.,0.));
#8367 = ( GEOMETRIC_REPRESENTATION_CONTEXT(2) 
PARAMETRIC_REPRESENTATION_CONTEXT() REPRESENTATION_CONTEXT('2D SPACE',''
  ) );
#8368 = ORIENTED_EDGE('',*,*,#8369,.T.);
#8369 = EDGE_CURVE('',#8335,#8370,#8372,.T.);
#8370 = VERTEX_POINT('',#8371);
#8371 = CARTESIAN_POINT('',(0.,7.,0.));
#8372 = SURFACE_CURVE('',#8373,(#8377,#8384),.PCURVE_S1.);
#8373 = LINE('',#8374,#8375);
#8374 = CARTESIAN_POINT('',(0.,0.,0.));
#8375 = VECTOR('',#8376,1.);
#8376 = DIRECTION('',(-0.,1.,0.));
#8377 = PCURVE('',#8345,#8378);
#8378 = DEFINITIONAL_REPRESENTATION('',(#8379),#8383);
#8379 = LINE('',#8380,#8381);
#8380 = CARTESIAN_POINT('',(0.,0.));
#8381 = VECTOR('',#8382,1.);
#8382 = DIRECTION('',(0.,-1.));
#8383 = ( GEOMETRIC_REPRESENTATION_CONTEXT(2) 
PARAMETRIC_REPRESENTATION_CONTEXT() REPRESENTATION_CONTEXT('2D SPACE',''
  ) );
#8384 = PCURVE('',#8385,#8390);
#8385 = PLANE('',#8386);
#8386 = AXIS2_PLACEMENT_3D('',#8387,#8388,#8389);
#8387 = CARTESIAN_POINT('',(0.,0.,0.));
#8388 = DIRECTION('',(0.,0.,1.));
#8389 = DIRECTION('',(1.,0.,-0.));
#8390 = DEFINITIONAL_REPRESENTATION('',(#8391),#8395);
#8391 = LINE('',#8392,#8393);
#8392 = CARTESIAN_POINT('',(0.,0.));
#8393 = VECTOR('',#8394,1.);
#8394 = DIRECTION('',(0.,1.));
#8395 = ( GEOMETRIC_REPRESENTATION_CONTEXT(2) 
PARAMETRIC_REPRESENTATION_CONTEXT() REPRESENTATION_CONTEXT('2D SPACE',''
  ) );
#8396 = ORIENTED_EDGE('',*,*,#8397,.T.);
#8397 = EDGE_CURVE('',#8370,#8398,#8400,.T.);
#8398 = VERTEX_POINT('',#8399);
#8399 = CARTESIAN_POINT('',(0.,7.,7.018847050625));
#8400 = SURFACE_CURVE('',#8401,(#8405,#8412),.PCURVE_S1.);
#8401 = LINE('',#8402,#8403);
#8402 = CARTESIAN_POINT('',(0.,7.,0.));
#8403 = VECTOR('',#8404,1.);
#8404 = DIRECTION('',(0.,0.,1.));
#8405 = PCURVE('',#8345,#8406);
#8406 = DEFINITIONAL_REPRESENTATION('',(#8407),#8411);
#8407 = LINE('',#8408,#8409);
#8408 = CARTESIAN_POINT('',(0.,-7.));
#8409 = VECTOR('',#8410,1.);
#8410 = DIRECTION('',(1.,0.));
#8411 = ( GEOMETRIC_REPRESENTATION_CONTEXT(2) 
PARAMETRIC_REPRESENTATION_CONTEXT() REPRESENTATION_CONTEXT('2D SPACE',''
  ) );
#8412 = PCURVE('',#8413,#8418);
#8413 = PLANE('',#8414);
#8414 = AXIS2_PLACEMENT_3D('',#8415,#8416,#8417);
#8415 = CARTESIAN_POINT('',(0.,7.,0.));
#8416 = DIRECTION('',(-0.,1.,0.));
#8417 = DIRECTION('',(0.,0.,1.));
#8418 = DEFINITIONAL_REPRESENTATION('',(#8419),#8423);
#8419 = LINE('',#8420,#8421);
#8420 = CARTESIAN_POINT('',(0.,0.));
#8421 = VECTOR('',#8422,1.);
#8422 = DIRECTION('',(1.,0.));
#8423 = ( GEOMETRIC_REPRESENTATION_CONTEXT(2) 
PARAMETRIC_REPRESENTATION_CONTEXT() REPRESENTATION_CONTEXT('2D SPACE',''
  ) );
#8424 = ORIENTED_EDGE('',*,*,#8425,.F.);
#8425 = EDGE_CURVE('',#8337,#8398,#8426,.T.);
#8426 = SURFACE_CURVE('',#8427,(#8431,#8438),.PCURVE_S1.);
#8427 = LINE('',#8428,#8429);
#8428 = CARTESIAN_POINT('',(0.,0.,7.018847050625));
#8429 = VECTOR('',#8430,1.);
#8430 = DIRECTION('',(-0.,1.,0.));
#8431 = PCURVE('',#8345,#8432);
#8432 = DEFINITIONAL_REPRESENTATION('',(#8433),#8437);
#8433 = LINE('',#8434,#8435);
#8434 = CARTESIAN_POINT('',(7.018847050625,0.));
#8435 = VECTOR('',#8436,1.);
#8436 = DIRECTION('',(0.,-1.));
#8437 = ( GEOMETRIC_REPRESENTATION_CONTEXT(2) 
PARAMETRIC_REPRESENTATION_CONTEXT() REPRESENTATION_CONTEXT('2D SPACE',''
  ) );
#8438 = PCURVE('',#8439,#8444);
#8439 = PLANE('',#8440);
#8440 = AXIS2_PLACEMENT_3D('',#8441,#8442,#8443);
#8441 = CARTESIAN_POINT('',(0.,0.,7.018847050625));
#8442 = DIRECTION('',(0.,0.,1.));
#8443 = DIRECTION('',(1.,0.,-0.));
#8444 = DEFINITIONAL_REPRESENTATION('',(#8445),#8449);
#8445 = LINE('',#8446,#8447);
#8446 = CARTESIAN_POINT('',(0.,0.));
#8447 = VECTOR('',#8448,1.);
#8448 = DIRECTION('',(0.,1.));
#8449 = ( GEOMETRIC_REPRESENTATION_CONTEXT(2) 
PARAMETRIC_REPRESENTATION_CONTEXT() REPRESENTATION_CONTEXT('2D SPACE',''
  ) );
#8450 = ADVANCED_FACE('',(#8451),#8465,.T.);
#8451 = FACE_BOUND('',#8452,.T.);
#8452 = EDGE_LOOP('',(#8453,#8483,#8506,#8529));
#8453 = ORIENTED_EDGE('',*,*,#8454,.F.);
#8454 = EDGE_CURVE('',#8455,#8457,#8459,.T.);
#8455 = VERTEX_POINT('',#8456);
#8456 = CARTESIAN_POINT('',(6.,0.,0.));
#8457 = VERTEX_POINT('',#8458);
#8458 = CARTESIAN_POINT('',(6.,0.,7.018847050625));
#8459 = SURFACE_CURVE('',#8460,(#8464,#8476),.PCURVE_S1.);
#8460 = LINE('',#8461,#8462);
#8461 = CARTESIAN_POINT('',(6.,0.,0.));
#8462 = VECTOR('',#8463,1.);
#8463 = DIRECTION('',(0.,0.,1.));
#8464 = PCURVE('',#8465,#8470);
#8465 = PLANE('',#8466);
#8466 = AXIS2_PLACEMENT_3D('',#8467,#8468,#8469);
#8467 = CARTESIAN_POINT('',(6.,0.,0.));
#8468 = DIRECTION('',(1.,0.,-0.));
#8469 = DIRECTION('',(0.,0.,1.));
#8470 = DEFINITIONAL_REPRESENTATION('',(#8471),#8475);
#8471 = LINE('',#8472,#8473);
#8472 = CARTESIAN_POINT('',(0.,0.));
#8473 = VECTOR('',#8474,1.);
#8474 = DIRECTION('',(1.,0.));
#8475 = ( GEOMETRIC_REPRESENTATION_CONTEXT(2) 
PARAMETRIC_REPRESENTATION_CONTEXT() REPRESENTATION_CONTEXT('2D SPACE',''
  ) );
#8476 = PCURVE('',#8357,#8477);
#8477 = DEFINITIONAL_REPRESENTATION('',(#8478),#8482);
#8478 = LINE('',#8479,#8480);
#8479 = CARTESIAN_POINT('',(0.,6.));
#8480 = VECTOR('',#8481,1.);
#8481 = DIRECTION('',(1.,0.));
#8482 = ( GEOMETRIC_REPRESENTATION_CONTEXT(2) 
PARAMETRIC_REPRESENTATION_CONTEXT() REPRESENTATION_CONTEXT('2D SPACE',''
  ) );
#8483 = ORIENTED_EDGE('',*,*,#8484,.T.);
#8484 = EDGE_CURVE('',#8455,#8485,#8487,.T.);
#8485 = VERTEX_POINT('',#8486);
#8486 = CARTESIAN_POINT('',(6.,7.,0.));
#8487 = SURFACE_CURVE('',#8488,(#8492,#8499),.PCURVE_S1.);
#8488 = LINE('',#8489,#8490);
#8489 = CARTESIAN_POINT('',(6.,0.,0.));
#8490 = VECTOR('',#8491,1.);
#8491 = DIRECTION('',(-0.,1.,0.));
#8492 = PCURVE('',#8465,#8493);
#8493 = DEFINITIONAL_REPRESENTATION('',(#8494),#8498);
#8494 = LINE('',#8495,#8496);
#8495 = CARTESIAN_POINT('',(0.,0.));
#8496 = VECTOR('',#8497,1.);
#8497 = DIRECTION('',(0.,-1.));
#8498 = ( GEOMETRIC_REPRESENTATION_CONTEXT(2) 
PARAMETRIC_REPRESENTATION_CONTEXT() REPRESENTATION_CONTEXT('2D SPACE',''
  ) );
#8499 = PCURVE('',#8385,#8500);
#8500 = DEFINITIONAL_REPRESENTATION('',(#8501),#8505);
#8501 = LINE('',#8502,#8503);
#8502 = CARTESIAN_POINT('',(6.,0.));
#8503 = VECTOR('',#8504,1.);
#8504 = DIRECTION('',(0.,1.));
#8505 = ( GEOMETRIC_REPRESENTATION_CONTEXT(2) 
PARAMETRIC_REPRESENTATION_CONTEXT() REPRESENTATION_CONTEXT('2D SPACE',''
  ) );
#8506 = ORIENTED_EDGE('',*,*,#8507,.T.);
#8507 = EDGE_CURVE('',#8485,#8508,#8510,.T.);
#8508 = VERTEX_POINT('',#8509);
#8509 = CARTESIAN_POINT('',(6.,7.,7.018847050625));
#8510 = SURFACE_CURVE('',#8511,(#8515,#8522),.PCURVE_S1.);
#8511 = LINE('',#8512,#8513);
#8512 = CARTESIAN_POINT('',(6.,7.,0.));
#8513 = VECTOR('',#8514,1.);
#8514 = DIRECTION('',(0.,0.,1.));
#8515 = PCURVE('',#8465,#8516);
#8516 = DEFINITIONAL_REPRESENTATION('',(#8517),#8521);
#8517 = LINE('',#8518,#8519);
#8518 = CARTESIAN_POINT('',(0.,-7.));
#8519 = VECTOR('',#8520,1.);
#8520 = DIRECTION('',(1.,0.));
#8521 = ( GEOMETRIC_REPRESENTATION_CONTEXT(2) 
PARAMETRIC_REPRESENTATION_CONTEXT() REPRESENTATION_CONTEXT('2D SPACE',''
  ) );
#8522 = PCURVE('',#8413,#8523);
#8523 = DEFINITIONAL_REPRESENTATION('',(#8524),#8528);
#8524 = LINE('',#8525,#8526);
#8525 = CARTESIAN_POINT('',(0.,6.));
#8526 = VECTOR('',#8527,1.);
#8527 = DIRECTION('',(1.,0.));
#8528 = ( GEOMETRIC_REPRESENTATION_CONTEXT(2) 
PARAMETRIC_REPRESENTATION_CONTEXT() REPRESENTATION_CONTEXT('2D SPACE',''
  ) );
#8529 = ORIENTED_EDGE('',*,*,#8530,.F.);
#8530 = EDGE_CURVE('',#8457,#8508,#8531,.T.);
#8531 = SURFACE_CURVE('',#8532,(#8536,#8543),.PCURVE_S1.);
#8532 = LINE('',#8533,#8534);
#8533 = CARTESIAN_POINT('',(6.,0.,7.018847050625));
#8534 = VECTOR('',#8535,1.);
#8535 = DIRECTION('',(-0.,1.,0.));
#8536 = PCURVE('',#8465,#8537);
#8537 = DEFINITIONAL_REPRESENTATION('',(#8538),#8542);
#8538 = LINE('',#8539,#8540);
#8539 = CARTESIAN_POINT('',(7.018847050625,0.));
#8540 = VECTOR('',#8541,1.);
#8541 = DIRECTION('',(0.,-1.));
#8542 = ( GEOMETRIC_REPRESENTATION_CONTEXT(2) 
PARAMETRIC_REPRESENTATION_CONTEXT() REPRESENTATION_CONTEXT('2D SPACE',''
  ) );
#8543 = PCURVE('',#8439,#8544);
#8544 = DEFINITIONAL_REPRESENTATION('',(#8545),#8549);
#8545 = LINE('',#8546,#8547);
#8546 = CARTESIAN_POINT('',(6.,0.));
#8547 = VECTOR('',#8548,1.);
#8548 = DIRECTION('',(0.,1.));
#8549 = ( GEOMETRIC_REPRESENTATION_CONTEXT(2) 
PARAMETRIC_REPRESENTATION_CONTEXT() REPRESENTATION_CONTEXT('2D SPACE',''
  ) );
#8550 = ADVANCED_FACE('',(#8551),#8357,.F.);
#8551 = FACE_BOUND('',#8552,.F.);
#8552 = EDGE_LOOP('',(#8553,#8574,#8575,#8596));
#8553 = ORIENTED_EDGE('',*,*,#8554,.F.);
#8554 = EDGE_CURVE('',#8335,#8455,#8555,.T.);
#8555 = SURFACE_CURVE('',#8556,(#8560,#8567),.PCURVE_S1.);
#8556 = LINE('',#8557,#8558);
#8557 = CARTESIAN_POINT('',(0.,0.,0.));
#8558 = VECTOR('',#8559,1.);
#8559 = DIRECTION('',(1.,0.,-0.));
#8560 = PCURVE('',#8357,#8561);
#8561 = DEFINITIONAL_REPRESENTATION('',(#8562),#8566);
#8562 = LINE('',#8563,#8564);
#8563 = CARTESIAN_POINT('',(0.,0.));
#8564 = VECTOR('',#8565,1.);
#8565 = DIRECTION('',(0.,1.));
#8566 = ( GEOMETRIC_REPRESENTATION_CONTEXT(2) 
PARAMETRIC_REPRESENTATION_CONTEXT() REPRESENTATION_CONTEXT('2D SPACE',''
  ) );
#8567 = PCURVE('',#8385,#8568);
#8568 = DEFINITIONAL_REPRESENTATION('',(#8569),#8573);
#8569 = LINE('',#8570,#8571);
#8570 = CARTESIAN_POINT('',(0.,0.));
#8571 = VECTOR('',#8572,1.);
#8572 = DIRECTION('',(1.,0.));
#8573 = ( GEOMETRIC_REPRESENTATION_CONTEXT(2) 
PARAMETRIC_REPRESENTATION_CONTEXT() REPRESENTATION_CONTEXT('2D SPACE',''
  ) );
#8574 = ORIENTED_EDGE('',*,*,#8334,.T.);
#8575 = ORIENTED_EDGE('',*,*,#8576,.T.);
#8576 = EDGE_CURVE('',#8337,#8457,#8577,.T.);
#8577 = SURFACE_CURVE('',#8578,(#8582,#8589),.PCURVE_S1.);
#8578 = LINE('',#8579,#8580);
#8579 = CARTESIAN_POINT('',(0.,0.,7.018847050625));
#8580 = VECTOR('',#8581,1.);
#8581 = DIRECTION('',(1.,0.,-0.));
#8582 = PCURVE('',#8357,#8583);
#8583 = DEFINITIONAL_REPRESENTATION('',(#8584),#8588);
#8584 = LINE('',#8585,#8586);
#8585 = CARTESIAN_POINT('',(7.018847050625,0.));
#8586 = VECTOR('',#8587,1.);
#8587 = DIRECTION('',(0.,1.));
#8588 = ( GEOMETRIC_REPRESENTATION_CONTEXT(2) 
PARAMETRIC_REPRESENTATION_CONTEXT() REPRESENTATION_CONTEXT('2D SPACE',''
  ) );
#8589 = PCURVE('',#8439,#8590);
#8590 = DEFINITIONAL_REPRESENTATION('',(#8591),#8595);
#8591 = LINE('',#8592,#8593);
#8592 = CARTESIAN_POINT('',(0.,0.));
#8593 = VECTOR('',#8594,1.);
#8594 = DIRECTION('',(1.,0.));
#8595 = ( GEOMETRIC_REPRESENTATION_CONTEXT(2) 
PARAMETRIC_REPRESENTATION_CONTEXT() REPRESENTATION_CONTEXT('2D SPACE',''
  ) );
#8596 = ORIENTED_EDGE('',*,*,#8454,.F.);
#8597 = ADVANCED_FACE('',(#8598),#8413,.T.);
#8598 = FACE_BOUND('',#8599,.T.);
#8599 = EDGE_LOOP('',(#8600,#8621,#8622,#8643));
#8600 = ORIENTED_EDGE('',*,*,#8601,.F.);
#8601 = EDGE_CURVE('',#8370,#8485,#8602,.T.);
#8602 = SURFACE_CURVE('',#8603,(#8607,#8614),.PCURVE_S1.);
#8603 = LINE('',#8604,#8605);
#8604 = CARTESIAN_POINT('',(0.,7.,0.));
#8605 = VECTOR('',#8606,1.);
#8606 = DIRECTION('',(1.,0.,-0.));
#8607 = PCURVE('',#8413,#8608);
#8608 = DEFINITIONAL_REPRESENTATION('',(#8609),#8613);
#8609 = LINE('',#8610,#8611);
#8610 = CARTESIAN_POINT('',(0.,0.));
#8611 = VECTOR('',#8612,1.);
#8612 = DIRECTION('',(0.,1.));
#8613 = ( GEOMETRIC_REPRESENTATION_CONTEXT(2) 
PARAMETRIC_REPRESENTATION_CONTEXT() REPRESENTATION_CONTEXT('2D SPACE',''
  ) );
#8614 = PCURVE('',#8385,#8615);
#8615 = DEFINITIONAL_REPRESENTATION('',(#8616),#8620);
#8616 = LINE('',#8617,#8618);
#8617 = CARTESIAN_POINT('',(0.,7.));
#8618 = VECTOR('',#8619,1.);
#8619 = DIRECTION('',(1.,0.));
#8620 = ( GEOMETRIC_REPRESENTATION_CONTEXT(2) 
PARAMETRIC_REPRESENTATION_CONTEXT() REPRESENTATION_CONTEXT('2D SPACE',''
  ) );
#8621 = ORIENTED_EDGE('',*,*,#8397,.T.);
#8622 = ORIENTED_EDGE('',*,*,#8623,.T.);
#8623 = EDGE_CURVE('',#8398,#8508,#8624,.T.);
#8624 = SURFACE_CURVE('',#8625,(#8629,#8636),.PCURVE_S1.);
#8625 = LINE('',#8626,#8627);
#8626 = CARTESIAN_POINT('',(0.,7.,7.018847050625));
#8627 = VECTOR('',#8628,1.);
#8628 = DIRECTION('',(1.,0.,-0.));
#8629 = PCURVE('',#8413,#8630);
#8630 = DEFINITIONAL_REPRESENTATION('',(#8631),#8635);
#8631 = LINE('',#8632,#8633);
#8632 = CARTESIAN_POINT('',(7.018847050625,0.));
#8633 = VECTOR('',#8634,1.);
#8634 = DIRECTION('',(0.,1.));
#8635 = ( GEOMETRIC_REPRESENTATION_CONTEXT(2) 
PARAMETRIC_REPRESENTATION_CONTEXT() REPRESENTATION_CONTEXT('2D SPACE',''
  ) );
#8636 = PCURVE('',#8439,#8637);
#8637 = DEFINITIONAL_REPRESENTATION('',(#8638),#8642);
#8638 = LINE('',#8639,#8640);
#8639 = CARTESIAN_POINT('',(0.,7.));
#8640 = VECTOR('',#8641,1.);
#8641 = DIRECTION('',(1.,0.));
#8642 = ( GEOMETRIC_REPRESENTATION_CONTEXT(2) 
PARAMETRIC_REPRESENTATION_CONTEXT() REPRESENTATION_CONTEXT('2D SPACE',''
  ) );
#8643 = ORIENTED_EDGE('',*,*,#8507,.F.);
#8644 = ADVANCED_FACE('',(#8645),#8385,.F.);
#8645 = FACE_BOUND('',#8646,.F.);
#8646 = EDGE_LOOP('',(#8647,#8648,#8649,#8650));
#8647 = ORIENTED_EDGE('',*,*,#8369,.F.);
#8648 = ORIENTED_EDGE('',*,*,#8554,.T.);
#8649 = ORIENTED_EDGE('',*,*,#8484,.T.);
#8650 = ORIENTED_EDGE('',*,*,#8601,.F.);
#8651 = ADVANCED_FACE('',(#8652),#8439,.T.);
#8652 = FACE_BOUND('',#8653,.T.);
#8653 = EDGE_LOOP('',(#8654,#8655,#8656,#8657));
#8654 = ORIENTED_EDGE('',*,*,#8425,.F.);
#8655 = ORIENTED_EDGE('',*,*,#8576,.T.);
#8656 = ORIENTED_EDGE('',*,*,#8530,.T.);
#8657 = ORIENTED_EDGE('',*,*,#8623,.F.);
#8658 = ( GEOMETRIC_REPRESENTATION_CONTEXT(3) 
GLOBAL_UNCERTAINTY_ASSIGNED_CONTEXT((#8662)) 
GLOBAL_UNIT_ASSIGNED_CONTEXT((#8659,#8660,#8661)) REPRESENTATION_CONTEXT
('Context #1','3D Context with UNIT and UNCERTAINTY') );
#8659 = ( LENGTH_UNIT() NAMED_UNIT(*) SI_UNIT(.MILLI.,.METRE.) );
#8660 = ( NAMED_UNIT(*) PLANE_ANGLE_UNIT() SI_UNIT($,.RADIAN.) );
#8661 = ( NAMED_UNIT(*) SI_UNIT($,.STERADIAN.) SOLID_ANGLE_UNIT() );
#8662 = UNCERTAINTY_MEASURE_WITH_UNIT(LENGTH_MEASURE(1.E-07),#8659,
  'distance_accuracy_value','confusion accuracy');
#8663 = CONTEXT_DEPENDENT_SHAPE_REPRESENTATION(#8664,#8666);
#8664 = ( REPRESENTATION_RELATIONSHIP('','',#8327,#8304) 
REPRESENTATION_RELATIONSHIP_WITH_TRANSFORMATION(#8665) 
SHAPE_REPRESENTATION_RELATIONSHIP() );
#8665 = ITEM_DEFINED_TRANSFORMATION('','',#11,#8305);
#8666 = PRODUCT_DEFINITION_SHAPE('Placement','Placement of an item',
  #8667);
#8667 = NEXT_ASSEMBLY_USAGE_OCCURRENCE('33','=>[0:1:1:35]','',#8299,
  #8322,$);
#8668 = PRODUCT_RELATED_PRODUCT_CATEGORY('part',$,(#8324));
#8669 = SHAPE_DEFINITION_REPRESENTATION(#8670,#8676);
#8670 = PRODUCT_DEFINITION_SHAPE('','',#8671);
#8671 = PRODUCT_DEFINITION('design','',#8672,#8675);
#8672 = PRODUCT_DEFINITION_FORMATION('','',#8673);
#8673 = PRODUCT('trackpad_fixed_guide_left','trackpad_fixed_guide_left',
  '',(#8674));
#8674 = PRODUCT_CONTEXT('',#2,'mechanical');
#8675 = PRODUCT_DEFINITION_CONTEXT('part definition',#2,'design');
#8676 = SHAPE_REPRESENTATION('',(#11,#8677),#8681);
#8677 = AXIS2_PLACEMENT_3D('',#8678,#8679,#8680);
#8678 = CARTESIAN_POINT('',(0.,0.,0.));
#8679 = DIRECTION('',(0.,0.,1.));
#8680 = DIRECTION('',(1.,0.,-0.));
#8681 = ( GEOMETRIC_REPRESENTATION_CONTEXT(3) 
GLOBAL_UNCERTAINTY_ASSIGNED_CONTEXT((#8685)) 
GLOBAL_UNIT_ASSIGNED_CONTEXT((#8682,#8683,#8684)) REPRESENTATION_CONTEXT
('Context #1','3D Context with UNIT and UNCERTAINTY') );
#8682 = ( LENGTH_UNIT() NAMED_UNIT(*) SI_UNIT(.MILLI.,.METRE.) );
#8683 = ( NAMED_UNIT(*) PLANE_ANGLE_UNIT() SI_UNIT($,.RADIAN.) );
#8684 = ( NAMED_UNIT(*) SI_UNIT($,.STERADIAN.) SOLID_ANGLE_UNIT() );
#8685 = UNCERTAINTY_MEASURE_WITH_UNIT(LENGTH_MEASURE(1.E-07),#8682,
  'distance_accuracy_value','confusion accuracy');
#8686 = CONTEXT_DEPENDENT_SHAPE_REPRESENTATION(#8687,#8689);
#8687 = ( REPRESENTATION_RELATIONSHIP('','',#8676,#10) 
REPRESENTATION_RELATIONSHIP_WITH_TRANSFORMATION(#8688) 
SHAPE_REPRESENTATION_RELATIONSHIP() );
#8688 = ITEM_DEFINED_TRANSFORMATION('','',#11,#83);
#8689 = PRODUCT_DEFINITION_SHAPE('Placement','Placement of an item',
  #8690);
#8690 = NEXT_ASSEMBLY_USAGE_OCCURRENCE('36','=>[0:1:1:36]','',#5,#8671,$
  );
#8691 = PRODUCT_RELATED_PRODUCT_CATEGORY('part',$,(#8673));
#8692 = SHAPE_DEFINITION_REPRESENTATION(#8693,#8699);
#8693 = PRODUCT_DEFINITION_SHAPE('','',#8694);
#8694 = PRODUCT_DEFINITION('design','',#8695,#8698);
#8695 = PRODUCT_DEFINITION_FORMATION('','',#8696);
#8696 = PRODUCT('SOLID','SOLID','',(#8697));
#8697 = PRODUCT_CONTEXT('',#2,'mechanical');
#8698 = PRODUCT_DEFINITION_CONTEXT('part definition',#2,'design');
#8699 = ADVANCED_BREP_SHAPE_REPRESENTATION('',(#11,#8700),#9342);
#8700 = MANIFOLD_SOLID_BREP('',#8701);
#8701 = CLOSED_SHELL('',(#8702,#8936,#9012,#9060,#9109,#9137,#9208,#9255
    ,#9304,#9329));
#8702 = ADVANCED_FACE('',(#8703,#8824),#8718,.F.);
#8703 = FACE_BOUND('',#8704,.F.);
#8704 = EDGE_LOOP('',(#8705,#8741,#8769,#8798));
#8705 = ORIENTED_EDGE('',*,*,#8706,.T.);
#8706 = EDGE_CURVE('',#8707,#8709,#8711,.T.);
#8707 = VERTEX_POINT('',#8708);
#8708 = CARTESIAN_POINT('',(-152.5,-87.07471706359,44.38831262575));
#8709 = VERTEX_POINT('',#8710);
#8710 = CARTESIAN_POINT('',(-152.5,-85.52832759368,34.508602123547));
#8711 = SURFACE_CURVE('',#8712,(#8717,#8729),.PCURVE_S1.);
#8712 = CIRCLE('',#8713,5.);
#8713 = AXIS2_PLACEMENT_3D('',#8714,#8715,#8716);
#8714 = CARTESIAN_POINT('',(-152.5,-86.30152232863,39.448457374648));
#8715 = DIRECTION('',(1.,3.433674389064E-17,-2.193736415235E-16));
#8716 = DIRECTION('',(2.22044604925E-16,-0.154638946991,0.98797105022));
#8717 = PCURVE('',#8718,#8723);
#8718 = PLANE('',#8719);
#8719 = AXIS2_PLACEMENT_3D('',#8720,#8721,#8722);
#8720 = CARTESIAN_POINT('',(-152.5,60.528327593681,67.491397876453));
#8721 = DIRECTION('',(1.,0.,0.));
#8722 = DIRECTION('',(0.,0.154638946991,-0.98797105022));
#8723 = DEFINITIONAL_REPRESENTATION('',(#8724),#8728);
#8724 = CIRCLE('',#8725,5.);
#8725 = AXIS2_PLACEMENT_2D('',#8726,#8727);
#8726 = CARTESIAN_POINT('',(5.,-149.4001718211));
#8727 = DIRECTION('',(-1.,0.));
#8728 = ( GEOMETRIC_REPRESENTATION_CONTEXT(2) 
PARAMETRIC_REPRESENTATION_CONTEXT() REPRESENTATION_CONTEXT('2D SPACE',''
  ) );
#8729 = PCURVE('',#8730,#8735);
#8730 = CYLINDRICAL_SURFACE('',#8731,5.);
#8731 = AXIS2_PLACEMENT_3D('',#8732,#8733,#8734);
#8732 = CARTESIAN_POINT('',(-152.5,-86.30152232863,39.448457374648));
#8733 = DIRECTION('',(1.,3.433674389064E-17,-2.193736415235E-16));
#8734 = DIRECTION('',(2.22044604925E-16,-0.154638946991,0.98797105022));
#8735 = DEFINITIONAL_REPRESENTATION('',(#8736),#8740);
#8736 = LINE('',#8737,#8738);
#8737 = CARTESIAN_POINT('',(0.,0.));
#8738 = VECTOR('',#8739,1.);
#8739 = DIRECTION('',(1.,0.));
#8740 = ( GEOMETRIC_REPRESENTATION_CONTEXT(2) 
PARAMETRIC_REPRESENTATION_CONTEXT() REPRESENTATION_CONTEXT('2D SPACE',''
  ) );
#8741 = ORIENTED_EDGE('',*,*,#8742,.F.);
#8742 = EDGE_CURVE('',#8743,#8709,#8745,.T.);
#8743 = VERTEX_POINT('',#8744);
#8744 = CARTESIAN_POINT('',(-152.5,62.074717063591,57.61168737425));
#8745 = SURFACE_CURVE('',#8746,(#8750,#8757),.PCURVE_S1.);
#8746 = LINE('',#8747,#8748);
#8747 = CARTESIAN_POINT('',(-152.5,62.074717063591,57.61168737425));
#8748 = VECTOR('',#8749,1.);
#8749 = DIRECTION('',(0.,-0.98797105022,-0.154638946991));
#8750 = PCURVE('',#8718,#8751);
#8751 = DEFINITIONAL_REPRESENTATION('',(#8752),#8756);
#8752 = LINE('',#8753,#8754);
#8753 = CARTESIAN_POINT('',(10.,0.));
#8754 = VECTOR('',#8755,1.);
#8755 = DIRECTION('',(0.,-1.));
#8756 = ( GEOMETRIC_REPRESENTATION_CONTEXT(2) 
PARAMETRIC_REPRESENTATION_CONTEXT() REPRESENTATION_CONTEXT('2D SPACE',''
  ) );
#8757 = PCURVE('',#8758,#8763);
#8758 = PLANE('',#8759);
#8759 = AXIS2_PLACEMENT_3D('',#8760,#8761,#8762);
#8760 = CARTESIAN_POINT('',(-152.5,62.074717063591,57.61168737425));
#8761 = DIRECTION('',(0.,0.154638946991,-0.98797105022));
#8762 = DIRECTION('',(1.,0.,0.));
#8763 = DEFINITIONAL_REPRESENTATION('',(#8764),#8768);
#8764 = LINE('',#8765,#8766);
#8765 = CARTESIAN_POINT('',(0.,0.));
#8766 = VECTOR('',#8767,1.);
#8767 = DIRECTION('',(0.,1.));
#8768 = ( GEOMETRIC_REPRESENTATION_CONTEXT(2) 
PARAMETRIC_REPRESENTATION_CONTEXT() REPRESENTATION_CONTEXT('2D SPACE',''
  ) );
#8769 = ORIENTED_EDGE('',*,*,#8770,.T.);
#8770 = EDGE_CURVE('',#8743,#8771,#8773,.T.);
#8771 = VERTEX_POINT('',#8772);
#8772 = CARTESIAN_POINT('',(-152.5,60.528327593681,67.491397876453));
#8773 = SURFACE_CURVE('',#8774,(#8779,#8786),.PCURVE_S1.);
#8774 = CIRCLE('',#8775,5.);
#8775 = AXIS2_PLACEMENT_3D('',#8776,#8777,#8778);
#8776 = CARTESIAN_POINT('',(-152.5,61.301522328636,62.551542625352));
#8777 = DIRECTION('',(1.,3.433674389064E-17,-2.193736415235E-16));
#8778 = DIRECTION('',(2.22044604925E-16,-0.154638946991,0.98797105022));
#8779 = PCURVE('',#8718,#8780);
#8780 = DEFINITIONAL_REPRESENTATION('',(#8781),#8785);
#8781 = CIRCLE('',#8782,5.);
#8782 = AXIS2_PLACEMENT_2D('',#8783,#8784);
#8783 = CARTESIAN_POINT('',(5.,0.));
#8784 = DIRECTION('',(-1.,0.));
#8785 = ( GEOMETRIC_REPRESENTATION_CONTEXT(2) 
PARAMETRIC_REPRESENTATION_CONTEXT() REPRESENTATION_CONTEXT('2D SPACE',''
  ) );
#8786 = PCURVE('',#8787,#8792);
#8787 = CYLINDRICAL_SURFACE('',#8788,5.);
#8788 = AXIS2_PLACEMENT_3D('',#8789,#8790,#8791);
#8789 = CARTESIAN_POINT('',(-152.5,61.301522328636,62.551542625352));
#8790 = DIRECTION('',(1.,3.433674389064E-17,-2.193736415235E-16));
#8791 = DIRECTION('',(2.22044604925E-16,-0.154638946991,0.98797105022));
#8792 = DEFINITIONAL_REPRESENTATION('',(#8793),#8797);
#8793 = LINE('',#8794,#8795);
#8794 = CARTESIAN_POINT('',(0.,0.));
#8795 = VECTOR('',#8796,1.);
#8796 = DIRECTION('',(1.,0.));
#8797 = ( GEOMETRIC_REPRESENTATION_CONTEXT(2) 
PARAMETRIC_REPRESENTATION_CONTEXT() REPRESENTATION_CONTEXT('2D SPACE',''
  ) );
#8798 = ORIENTED_EDGE('',*,*,#8799,.T.);
#8799 = EDGE_CURVE('',#8771,#8707,#8800,.T.);
#8800 = SURFACE_CURVE('',#8801,(#8805,#8812),.PCURVE_S1.);
#8801 = LINE('',#8802,#8803);
#8802 = CARTESIAN_POINT('',(-152.5,60.528327593681,67.491397876453));
#8803 = VECTOR('',#8804,1.);
#8804 = DIRECTION('',(0.,-0.98797105022,-0.154638946991));
#8805 = PCURVE('',#8718,#8806);
#8806 = DEFINITIONAL_REPRESENTATION('',(#8807),#8811);
#8807 = LINE('',#8808,#8809);
#8808 = CARTESIAN_POINT('',(0.,0.));
#8809 = VECTOR('',#8810,1.);
#8810 = DIRECTION('',(0.,-1.));
#8811 = ( GEOMETRIC_REPRESENTATION_CONTEXT(2) 
PARAMETRIC_REPRESENTATION_CONTEXT() REPRESENTATION_CONTEXT('2D SPACE',''
  ) );
#8812 = PCURVE('',#8813,#8818);
#8813 = PLANE('',#8814);
#8814 = AXIS2_PLACEMENT_3D('',#8815,#8816,#8817);
#8815 = CARTESIAN_POINT('',(-152.5,60.528327593681,67.491397876453));
#8816 = DIRECTION('',(0.,0.154638946991,-0.98797105022));
#8817 = DIRECTION('',(1.,0.,0.));
#8818 = DEFINITIONAL_REPRESENTATION('',(#8819),#8823);
#8819 = LINE('',#8820,#8821);
#8820 = CARTESIAN_POINT('',(0.,0.));
#8821 = VECTOR('',#8822,1.);
#8822 = DIRECTION('',(0.,1.));
#8823 = ( GEOMETRIC_REPRESENTATION_CONTEXT(2) 
PARAMETRIC_REPRESENTATION_CONTEXT() REPRESENTATION_CONTEXT('2D SPACE',''
  ) );
#8824 = FACE_BOUND('',#8825,.F.);
#8825 = EDGE_LOOP('',(#8826,#8857,#8883,#8912));
#8826 = ORIENTED_EDGE('',*,*,#8827,.F.);
#8827 = EDGE_CURVE('',#8828,#8830,#8832,.T.);
#8828 = VERTEX_POINT('',#8829);
#8829 = CARTESIAN_POINT('',(-152.5,-85.03949670013,42.378865420128));
#8830 = VERTEX_POINT('',#8831);
#8831 = CARTESIAN_POINT('',(-152.5,-84.20444638638,37.043821748938));
#8832 = SURFACE_CURVE('',#8833,(#8838,#8845),.PCURVE_S1.);
#8833 = CIRCLE('',#8834,2.7);
#8834 = AXIS2_PLACEMENT_3D('',#8835,#8836,#8837);
#8835 = CARTESIAN_POINT('',(-152.5,-84.62197154326,39.711343584533));
#8836 = DIRECTION('',(1.,3.433674389064E-17,-2.193736415235E-16));
#8837 = DIRECTION('',(2.22044604925E-16,-0.154638946991,0.98797105022));
#8838 = PCURVE('',#8718,#8839);
#8839 = DEFINITIONAL_REPRESENTATION('',(#8840),#8844);
#8840 = CIRCLE('',#8841,2.7);
#8841 = AXIS2_PLACEMENT_2D('',#8842,#8843);
#8842 = CARTESIAN_POINT('',(5.,-147.7001718211));
#8843 = DIRECTION('',(-1.,-1.195766416559E-17));
#8844 = ( GEOMETRIC_REPRESENTATION_CONTEXT(2) 
PARAMETRIC_REPRESENTATION_CONTEXT() REPRESENTATION_CONTEXT('2D SPACE',''
  ) );
#8845 = PCURVE('',#8846,#8851);
#8846 = CYLINDRICAL_SURFACE('',#8847,2.7);
#8847 = AXIS2_PLACEMENT_3D('',#8848,#8849,#8850);
#8848 = CARTESIAN_POINT('',(-153.5,-84.62197154326,39.711343584533));
#8849 = DIRECTION('',(1.,3.433674389064E-17,-2.193736415235E-16));
#8850 = DIRECTION('',(2.22044604925E-16,-0.154638946991,0.98797105022));
#8851 = DEFINITIONAL_REPRESENTATION('',(#8852),#8856);
#8852 = LINE('',#8853,#8854);
#8853 = CARTESIAN_POINT('',(0.,1.));
#8854 = VECTOR('',#8855,1.);
#8855 = DIRECTION('',(1.,0.));
#8856 = ( GEOMETRIC_REPRESENTATION_CONTEXT(2) 
PARAMETRIC_REPRESENTATION_CONTEXT() REPRESENTATION_CONTEXT('2D SPACE',''
  ) );
#8857 = ORIENTED_EDGE('',*,*,#8858,.T.);
#8858 = EDGE_CURVE('',#8828,#8859,#8861,.T.);
#8859 = VERTEX_POINT('',#8860);
#8860 = CARTESIAN_POINT('',(-152.5,59.204446386386,64.956178251062));
#8861 = SURFACE_CURVE('',#8862,(#8866,#8872),.PCURVE_S1.);
#8862 = LINE('',#8863,#8864);
#8863 = CARTESIAN_POINT('',(-152.5,60.044221779073,65.087621356004));
#8864 = VECTOR('',#8865,1.);
#8865 = DIRECTION('',(-0.,0.98797105022,0.154638946991));
#8866 = PCURVE('',#8718,#8867);
#8867 = DEFINITIONAL_REPRESENTATION('',(#8868),#8871);
#8868 = B_SPLINE_CURVE_WITH_KNOTS('',1,(#8869,#8870),.UNSPECIFIED.,.F.,
  .F.,(2,2),(-146.8501718211,-0.85),.PIECEWISE_BEZIER_KNOTS.);
#8869 = CARTESIAN_POINT('',(2.3,-147.7001718211));
#8870 = CARTESIAN_POINT('',(2.3,-1.7));
#8871 = ( GEOMETRIC_REPRESENTATION_CONTEXT(2) 
PARAMETRIC_REPRESENTATION_CONTEXT() REPRESENTATION_CONTEXT('2D SPACE',''
  ) );
#8872 = PCURVE('',#8873,#8878);
#8873 = PLANE('',#8874);
#8874 = AXIS2_PLACEMENT_3D('',#8875,#8876,#8877);
#8875 = CARTESIAN_POINT('',(-153.5,59.204446386386,64.956178251062));
#8876 = DIRECTION('',(0.,0.154638946991,-0.98797105022));
#8877 = DIRECTION('',(1.,0.,0.));
#8878 = DEFINITIONAL_REPRESENTATION('',(#8879),#8882);
#8879 = B_SPLINE_CURVE_WITH_KNOTS('',1,(#8880,#8881),.UNSPECIFIED.,.F.,
  .F.,(2,2),(-146.8501718211,-0.85),.PIECEWISE_BEZIER_KNOTS.);
#8880 = CARTESIAN_POINT('',(1.,146.00017182117));
#8881 = CARTESIAN_POINT('',(1.,0.));
#8882 = ( GEOMETRIC_REPRESENTATION_CONTEXT(2) 
PARAMETRIC_REPRESENTATION_CONTEXT() REPRESENTATION_CONTEXT('2D SPACE',''
  ) );
#8883 = ORIENTED_EDGE('',*,*,#8884,.F.);
#8884 = EDGE_CURVE('',#8885,#8859,#8887,.T.);
#8885 = VERTEX_POINT('',#8886);
#8886 = CARTESIAN_POINT('',(-152.5,60.039496700137,59.621134579872));
#8887 = SURFACE_CURVE('',#8888,(#8893,#8900),.PCURVE_S1.);
#8888 = CIRCLE('',#8889,2.7);
#8889 = AXIS2_PLACEMENT_3D('',#8890,#8891,#8892);
#8890 = CARTESIAN_POINT('',(-152.5,59.621971543261,62.288656415467));
#8891 = DIRECTION('',(1.,3.433674389064E-17,-2.193736415235E-16));
#8892 = DIRECTION('',(2.22044604925E-16,-0.154638946991,0.98797105022));
#8893 = PCURVE('',#8718,#8894);
#8894 = DEFINITIONAL_REPRESENTATION('',(#8895),#8899);
#8895 = CIRCLE('',#8896,2.7);
#8896 = AXIS2_PLACEMENT_2D('',#8897,#8898);
#8897 = CARTESIAN_POINT('',(5.,-1.7));
#8898 = DIRECTION('',(-1.,-1.195766416559E-17));
#8899 = ( GEOMETRIC_REPRESENTATION_CONTEXT(2) 
PARAMETRIC_REPRESENTATION_CONTEXT() REPRESENTATION_CONTEXT('2D SPACE',''
  ) );
#8900 = PCURVE('',#8901,#8906);
#8901 = CYLINDRICAL_SURFACE('',#8902,2.7);
#8902 = AXIS2_PLACEMENT_3D('',#8903,#8904,#8905);
#8903 = CARTESIAN_POINT('',(-153.5,59.621971543261,62.288656415467));
#8904 = DIRECTION('',(1.,3.433674389064E-17,-2.193736415235E-16));
#8905 = DIRECTION('',(2.22044604925E-16,-0.154638946991,0.98797105022));
#8906 = DEFINITIONAL_REPRESENTATION('',(#8907),#8911);
#8907 = LINE('',#8908,#8909);
#8908 = CARTESIAN_POINT('',(1.195766416559E-17,1.));
#8909 = VECTOR('',#8910,1.);
#8910 = DIRECTION('',(1.,0.));
#8911 = ( GEOMETRIC_REPRESENTATION_CONTEXT(2) 
PARAMETRIC_REPRESENTATION_CONTEXT() REPRESENTATION_CONTEXT('2D SPACE',''
  ) );
#8912 = ORIENTED_EDGE('',*,*,#8913,.F.);
#8913 = EDGE_CURVE('',#8830,#8885,#8914,.T.);
#8914 = SURFACE_CURVE('',#8915,(#8919,#8925),.PCURVE_S1.);
#8915 = LINE('',#8916,#8917);
#8916 = CARTESIAN_POINT('',(-152.5,60.879272092824,59.752577684814));
#8917 = VECTOR('',#8918,1.);
#8918 = DIRECTION('',(-0.,0.98797105022,0.154638946991));
#8919 = PCURVE('',#8718,#8920);
#8920 = DEFINITIONAL_REPRESENTATION('',(#8921),#8924);
#8921 = B_SPLINE_CURVE_WITH_KNOTS('',1,(#8922,#8923),.UNSPECIFIED.,.F.,
  .F.,(2,2),(-146.8501718211,-0.85),.PIECEWISE_BEZIER_KNOTS.);
#8922 = CARTESIAN_POINT('',(7.7,-147.7001718211));
#8923 = CARTESIAN_POINT('',(7.7,-1.7));
#8924 = ( GEOMETRIC_REPRESENTATION_CONTEXT(2) 
PARAMETRIC_REPRESENTATION_CONTEXT() REPRESENTATION_CONTEXT('2D SPACE',''
  ) );
#8925 = PCURVE('',#8926,#8931);
#8926 = PLANE('',#8927);
#8927 = AXIS2_PLACEMENT_3D('',#8928,#8929,#8930);
#8928 = CARTESIAN_POINT('',(-153.5,60.039496700137,59.621134579872));
#8929 = DIRECTION('',(0.,0.154638946991,-0.98797105022));
#8930 = DIRECTION('',(1.,0.,0.));
#8931 = DEFINITIONAL_REPRESENTATION('',(#8932),#8935);
#8932 = B_SPLINE_CURVE_WITH_KNOTS('',1,(#8933,#8934),.UNSPECIFIED.,.F.,
  .F.,(2,2),(-146.8501718211,-0.85),.PIECEWISE_BEZIER_KNOTS.);
#8933 = CARTESIAN_POINT('',(1.,146.00017182117));
#8934 = CARTESIAN_POINT('',(1.,0.));
#8935 = ( GEOMETRIC_REPRESENTATION_CONTEXT(2) 
PARAMETRIC_REPRESENTATION_CONTEXT() REPRESENTATION_CONTEXT('2D SPACE',''
  ) );
#8936 = ADVANCED_FACE('',(#8937),#8730,.T.);
#8937 = FACE_BOUND('',#8938,.T.);
#8938 = EDGE_LOOP('',(#8939,#8970,#8990,#8991));
#8939 = ORIENTED_EDGE('',*,*,#8940,.F.);
#8940 = EDGE_CURVE('',#8941,#8943,#8945,.T.);
#8941 = VERTEX_POINT('',#8942);
#8942 = CARTESIAN_POINT('',(-148.5,-87.07471706359,44.38831262575));
#8943 = VERTEX_POINT('',#8944);
#8944 = CARTESIAN_POINT('',(-148.5,-85.52832759368,34.508602123547));
#8945 = SURFACE_CURVE('',#8946,(#8951,#8958),.PCURVE_S1.);
#8946 = CIRCLE('',#8947,5.);
#8947 = AXIS2_PLACEMENT_3D('',#8948,#8949,#8950);
#8948 = CARTESIAN_POINT('',(-148.5,-86.30152232863,39.448457374648));
#8949 = DIRECTION('',(1.,3.433674389064E-17,-2.193736415235E-16));
#8950 = DIRECTION('',(2.22044604925E-16,-0.154638946991,0.98797105022));
#8951 = PCURVE('',#8730,#8952);
#8952 = DEFINITIONAL_REPRESENTATION('',(#8953),#8957);
#8953 = LINE('',#8954,#8955);
#8954 = CARTESIAN_POINT('',(0.,4.));
#8955 = VECTOR('',#8956,1.);
#8956 = DIRECTION('',(1.,0.));
#8957 = ( GEOMETRIC_REPRESENTATION_CONTEXT(2) 
PARAMETRIC_REPRESENTATION_CONTEXT() REPRESENTATION_CONTEXT('2D SPACE',''
  ) );
#8958 = PCURVE('',#8959,#8964);
#8959 = PLANE('',#8960);
#8960 = AXIS2_PLACEMENT_3D('',#8961,#8962,#8963);
#8961 = CARTESIAN_POINT('',(-148.5,60.528327593681,67.491397876453));
#8962 = DIRECTION('',(1.,0.,0.));
#8963 = DIRECTION('',(0.,0.154638946991,-0.98797105022));
#8964 = DEFINITIONAL_REPRESENTATION('',(#8965),#8969);
#8965 = CIRCLE('',#8966,5.);
#8966 = AXIS2_PLACEMENT_2D('',#8967,#8968);
#8967 = CARTESIAN_POINT('',(5.,-149.4001718211));
#8968 = DIRECTION('',(-1.,0.));
#8969 = ( GEOMETRIC_REPRESENTATION_CONTEXT(2) 
PARAMETRIC_REPRESENTATION_CONTEXT() REPRESENTATION_CONTEXT('2D SPACE',''
  ) );
#8970 = ORIENTED_EDGE('',*,*,#8971,.F.);
#8971 = EDGE_CURVE('',#8707,#8941,#8972,.T.);
#8972 = SURFACE_CURVE('',#8973,(#8977,#8983),.PCURVE_S1.);
#8973 = LINE('',#8974,#8975);
#8974 = CARTESIAN_POINT('',(-152.5,-87.07471706359,44.38831262575));
#8975 = VECTOR('',#8976,1.);
#8976 = DIRECTION('',(1.,0.,0.));
#8977 = PCURVE('',#8730,#8978);
#8978 = DEFINITIONAL_REPRESENTATION('',(#8979),#8982);
#8979 = B_SPLINE_CURVE_WITH_KNOTS('',1,(#8980,#8981),.UNSPECIFIED.,.F.,
  .F.,(2,2),(0.,4.),.PIECEWISE_BEZIER_KNOTS.);
#8980 = CARTESIAN_POINT('',(0.,0.));
#8981 = CARTESIAN_POINT('',(0.,4.));
#8982 = ( GEOMETRIC_REPRESENTATION_CONTEXT(2) 
PARAMETRIC_REPRESENTATION_CONTEXT() REPRESENTATION_CONTEXT('2D SPACE',''
  ) );
#8983 = PCURVE('',#8813,#8984);
#8984 = DEFINITIONAL_REPRESENTATION('',(#8985),#8989);
#8985 = LINE('',#8986,#8987);
#8986 = CARTESIAN_POINT('',(0.,149.40017182117));
#8987 = VECTOR('',#8988,1.);
#8988 = DIRECTION('',(1.,0.));
#8989 = ( GEOMETRIC_REPRESENTATION_CONTEXT(2) 
PARAMETRIC_REPRESENTATION_CONTEXT() REPRESENTATION_CONTEXT('2D SPACE',''
  ) );
#8990 = ORIENTED_EDGE('',*,*,#8706,.T.);
#8991 = ORIENTED_EDGE('',*,*,#8992,.T.);
#8992 = EDGE_CURVE('',#8709,#8943,#8993,.T.);
#8993 = SURFACE_CURVE('',#8994,(#8998,#9005),.PCURVE_S1.);
#8994 = LINE('',#8995,#8996);
#8995 = CARTESIAN_POINT('',(-152.5,-85.52832759368,34.508602123547));
#8996 = VECTOR('',#8997,1.);
#8997 = DIRECTION('',(1.,0.,0.));
#8998 = PCURVE('',#8730,#8999);
#8999 = DEFINITIONAL_REPRESENTATION('',(#9000),#9004);
#9000 = LINE('',#9001,#9002);
#9001 = CARTESIAN_POINT('',(3.14159265359,1.110223024625E-15));
#9002 = VECTOR('',#9003,1.);
#9003 = DIRECTION('',(0.,1.));
#9004 = ( GEOMETRIC_REPRESENTATION_CONTEXT(2) 
PARAMETRIC_REPRESENTATION_CONTEXT() REPRESENTATION_CONTEXT('2D SPACE',''
  ) );
#9005 = PCURVE('',#8758,#9006);
#9006 = DEFINITIONAL_REPRESENTATION('',(#9007),#9011);
#9007 = LINE('',#9008,#9009);
#9008 = CARTESIAN_POINT('',(0.,149.40017182117));
#9009 = VECTOR('',#9010,1.);
#9010 = DIRECTION('',(1.,0.));
#9011 = ( GEOMETRIC_REPRESENTATION_CONTEXT(2) 
PARAMETRIC_REPRESENTATION_CONTEXT() REPRESENTATION_CONTEXT('2D SPACE',''
  ) );
#9012 = ADVANCED_FACE('',(#9013),#8813,.F.);
#9013 = FACE_BOUND('',#9014,.F.);
#9014 = EDGE_LOOP('',(#9015,#9016,#9038,#9059));
#9015 = ORIENTED_EDGE('',*,*,#8799,.F.);
#9016 = ORIENTED_EDGE('',*,*,#9017,.T.);
#9017 = EDGE_CURVE('',#8771,#9018,#9020,.T.);
#9018 = VERTEX_POINT('',#9019);
#9019 = CARTESIAN_POINT('',(-148.5,60.528327593681,67.491397876453));
#9020 = SURFACE_CURVE('',#9021,(#9025,#9032),.PCURVE_S1.);
#9021 = LINE('',#9022,#9023);
#9022 = CARTESIAN_POINT('',(-152.5,60.528327593681,67.491397876453));
#9023 = VECTOR('',#9024,1.);
#9024 = DIRECTION('',(1.,0.,0.));
#9025 = PCURVE('',#8813,#9026);
#9026 = DEFINITIONAL_REPRESENTATION('',(#9027),#9031);
#9027 = LINE('',#9028,#9029);
#9028 = CARTESIAN_POINT('',(0.,0.));
#9029 = VECTOR('',#9030,1.);
#9030 = DIRECTION('',(1.,0.));
#9031 = ( GEOMETRIC_REPRESENTATION_CONTEXT(2) 
PARAMETRIC_REPRESENTATION_CONTEXT() REPRESENTATION_CONTEXT('2D SPACE',''
  ) );
#9032 = PCURVE('',#8787,#9033);
#9033 = DEFINITIONAL_REPRESENTATION('',(#9034),#9037);
#9034 = B_SPLINE_CURVE_WITH_KNOTS('',1,(#9035,#9036),.UNSPECIFIED.,.F.,
  .F.,(2,2),(0.,4.),.PIECEWISE_BEZIER_KNOTS.);
#9035 = CARTESIAN_POINT('',(6.28318530718,0.));
#9036 = CARTESIAN_POINT('',(6.28318530718,4.));
#9037 = ( GEOMETRIC_REPRESENTATION_CONTEXT(2) 
PARAMETRIC_REPRESENTATION_CONTEXT() REPRESENTATION_CONTEXT('2D SPACE',''
  ) );
#9038 = ORIENTED_EDGE('',*,*,#9039,.T.);
#9039 = EDGE_CURVE('',#9018,#8941,#9040,.T.);
#9040 = SURFACE_CURVE('',#9041,(#9045,#9052),.PCURVE_S1.);
#9041 = LINE('',#9042,#9043);
#9042 = CARTESIAN_POINT('',(-148.5,60.528327593681,67.491397876453));
#9043 = VECTOR('',#9044,1.);
#9044 = DIRECTION('',(0.,-0.98797105022,-0.154638946991));
#9045 = PCURVE('',#8813,#9046);
#9046 = DEFINITIONAL_REPRESENTATION('',(#9047),#9051);
#9047 = LINE('',#9048,#9049);
#9048 = CARTESIAN_POINT('',(4.,0.));
#9049 = VECTOR('',#9050,1.);
#9050 = DIRECTION('',(0.,1.));
#9051 = ( GEOMETRIC_REPRESENTATION_CONTEXT(2) 
PARAMETRIC_REPRESENTATION_CONTEXT() REPRESENTATION_CONTEXT('2D SPACE',''
  ) );
#9052 = PCURVE('',#8959,#9053);
#9053 = DEFINITIONAL_REPRESENTATION('',(#9054),#9058);
#9054 = LINE('',#9055,#9056);
#9055 = CARTESIAN_POINT('',(0.,0.));
#9056 = VECTOR('',#9057,1.);
#9057 = DIRECTION('',(0.,-1.));
#9058 = ( GEOMETRIC_REPRESENTATION_CONTEXT(2) 
PARAMETRIC_REPRESENTATION_CONTEXT() REPRESENTATION_CONTEXT('2D SPACE',''
  ) );
#9059 = ORIENTED_EDGE('',*,*,#8971,.F.);
#9060 = ADVANCED_FACE('',(#9061),#8758,.T.);
#9061 = FACE_BOUND('',#9062,.T.);
#9062 = EDGE_LOOP('',(#9063,#9064,#9087,#9108));
#9063 = ORIENTED_EDGE('',*,*,#8742,.F.);
#9064 = ORIENTED_EDGE('',*,*,#9065,.T.);
#9065 = EDGE_CURVE('',#8743,#9066,#9068,.T.);
#9066 = VERTEX_POINT('',#9067);
#9067 = CARTESIAN_POINT('',(-148.5,62.074717063591,57.61168737425));
#9068 = SURFACE_CURVE('',#9069,(#9073,#9080),.PCURVE_S1.);
#9069 = LINE('',#9070,#9071);
#9070 = CARTESIAN_POINT('',(-152.5,62.074717063591,57.61168737425));
#9071 = VECTOR('',#9072,1.);
#9072 = DIRECTION('',(1.,0.,0.));
#9073 = PCURVE('',#8758,#9074);
#9074 = DEFINITIONAL_REPRESENTATION('',(#9075),#9079);
#9075 = LINE('',#9076,#9077);
#9076 = CARTESIAN_POINT('',(0.,0.));
#9077 = VECTOR('',#9078,1.);
#9078 = DIRECTION('',(1.,0.));
#9079 = ( GEOMETRIC_REPRESENTATION_CONTEXT(2) 
PARAMETRIC_REPRESENTATION_CONTEXT() REPRESENTATION_CONTEXT('2D SPACE',''
  ) );
#9080 = PCURVE('',#8787,#9081);
#9081 = DEFINITIONAL_REPRESENTATION('',(#9082),#9086);
#9082 = LINE('',#9083,#9084);
#9083 = CARTESIAN_POINT('',(3.14159265359,1.110223024625E-15));
#9084 = VECTOR('',#9085,1.);
#9085 = DIRECTION('',(0.,1.));
#9086 = ( GEOMETRIC_REPRESENTATION_CONTEXT(2) 
PARAMETRIC_REPRESENTATION_CONTEXT() REPRESENTATION_CONTEXT('2D SPACE',''
  ) );
#9087 = ORIENTED_EDGE('',*,*,#9088,.T.);
#9088 = EDGE_CURVE('',#9066,#8943,#9089,.T.);
#9089 = SURFACE_CURVE('',#9090,(#9094,#9101),.PCURVE_S1.);
#9090 = LINE('',#9091,#9092);
#9091 = CARTESIAN_POINT('',(-148.5,62.074717063591,57.61168737425));
#9092 = VECTOR('',#9093,1.);
#9093 = DIRECTION('',(0.,-0.98797105022,-0.154638946991));
#9094 = PCURVE('',#8758,#9095);
#9095 = DEFINITIONAL_REPRESENTATION('',(#9096),#9100);
#9096 = LINE('',#9097,#9098);
#9097 = CARTESIAN_POINT('',(4.,0.));
#9098 = VECTOR('',#9099,1.);
#9099 = DIRECTION('',(0.,1.));
#9100 = ( GEOMETRIC_REPRESENTATION_CONTEXT(2) 
PARAMETRIC_REPRESENTATION_CONTEXT() REPRESENTATION_CONTEXT('2D SPACE',''
  ) );
#9101 = PCURVE('',#8959,#9102);
#9102 = DEFINITIONAL_REPRESENTATION('',(#9103),#9107);
#9103 = LINE('',#9104,#9105);
#9104 = CARTESIAN_POINT('',(10.,0.));
#9105 = VECTOR('',#9106,1.);
#9106 = DIRECTION('',(0.,-1.));
#9107 = ( GEOMETRIC_REPRESENTATION_CONTEXT(2) 
PARAMETRIC_REPRESENTATION_CONTEXT() REPRESENTATION_CONTEXT('2D SPACE',''
  ) );
#9108 = ORIENTED_EDGE('',*,*,#8992,.F.);
#9109 = ADVANCED_FACE('',(#9110),#8787,.T.);
#9110 = FACE_BOUND('',#9111,.T.);
#9111 = EDGE_LOOP('',(#9112,#9113,#9135,#9136));
#9112 = ORIENTED_EDGE('',*,*,#9017,.T.);
#9113 = ORIENTED_EDGE('',*,*,#9114,.F.);
#9114 = EDGE_CURVE('',#9066,#9018,#9115,.T.);
#9115 = SURFACE_CURVE('',#9116,(#9121,#9128),.PCURVE_S1.);
#9116 = CIRCLE('',#9117,5.);
#9117 = AXIS2_PLACEMENT_3D('',#9118,#9119,#9120);
#9118 = CARTESIAN_POINT('',(-148.5,61.301522328636,62.551542625352));
#9119 = DIRECTION('',(1.,3.433674389064E-17,-2.193736415235E-16));
#9120 = DIRECTION('',(2.22044604925E-16,-0.154638946991,0.98797105022));
#9121 = PCURVE('',#8787,#9122);
#9122 = DEFINITIONAL_REPRESENTATION('',(#9123),#9127);
#9123 = LINE('',#9124,#9125);
#9124 = CARTESIAN_POINT('',(0.,4.));
#9125 = VECTOR('',#9126,1.);
#9126 = DIRECTION('',(1.,0.));
#9127 = ( GEOMETRIC_REPRESENTATION_CONTEXT(2) 
PARAMETRIC_REPRESENTATION_CONTEXT() REPRESENTATION_CONTEXT('2D SPACE',''
  ) );
#9128 = PCURVE('',#8959,#9129);
#9129 = DEFINITIONAL_REPRESENTATION('',(#9130),#9134);
#9130 = CIRCLE('',#9131,5.);
#9131 = AXIS2_PLACEMENT_2D('',#9132,#9133);
#9132 = CARTESIAN_POINT('',(5.,0.));
#9133 = DIRECTION('',(-1.,0.));
#9134 = ( GEOMETRIC_REPRESENTATION_CONTEXT(2) 
PARAMETRIC_REPRESENTATION_CONTEXT() REPRESENTATION_CONTEXT('2D SPACE',''
  ) );
#9135 = ORIENTED_EDGE('',*,*,#9065,.F.);
#9136 = ORIENTED_EDGE('',*,*,#8770,.T.);
#9137 = ADVANCED_FACE('',(#9138),#8846,.F.);
#9138 = FACE_BOUND('',#9139,.F.);
#9139 = EDGE_LOOP('',(#9140,#9166,#9186,#9187));
#9140 = ORIENTED_EDGE('',*,*,#9141,.F.);
#9141 = EDGE_CURVE('',#9142,#9144,#9146,.T.);
#9142 = VERTEX_POINT('',#9143);
#9143 = CARTESIAN_POINT('',(-148.5,-85.03949670013,42.378865420128));
#9144 = VERTEX_POINT('',#9145);
#9145 = CARTESIAN_POINT('',(-148.5,-84.20444638638,37.043821748938));
#9146 = SURFACE_CURVE('',#9147,(#9152,#9159),.PCURVE_S1.);
#9147 = CIRCLE('',#9148,2.7);
#9148 = AXIS2_PLACEMENT_3D('',#9149,#9150,#9151);
#9149 = CARTESIAN_POINT('',(-148.5,-84.62197154326,39.711343584533));
#9150 = DIRECTION('',(1.,3.433674389064E-17,-2.193736415235E-16));
#9151 = DIRECTION('',(2.22044604925E-16,-0.154638946991,0.98797105022));
#9152 = PCURVE('',#8846,#9153);
#9153 = DEFINITIONAL_REPRESENTATION('',(#9154),#9158);
#9154 = LINE('',#9155,#9156);
#9155 = CARTESIAN_POINT('',(0.,5.));
#9156 = VECTOR('',#9157,1.);
#9157 = DIRECTION('',(1.,0.));
#9158 = ( GEOMETRIC_REPRESENTATION_CONTEXT(2) 
PARAMETRIC_REPRESENTATION_CONTEXT() REPRESENTATION_CONTEXT('2D SPACE',''
  ) );
#9159 = PCURVE('',#8959,#9160);
#9160 = DEFINITIONAL_REPRESENTATION('',(#9161),#9165);
#9161 = CIRCLE('',#9162,2.7);
#9162 = AXIS2_PLACEMENT_2D('',#9163,#9164);
#9163 = CARTESIAN_POINT('',(5.,-147.7001718211));
#9164 = DIRECTION('',(-1.,-1.195766416559E-17));
#9165 = ( GEOMETRIC_REPRESENTATION_CONTEXT(2) 
PARAMETRIC_REPRESENTATION_CONTEXT() REPRESENTATION_CONTEXT('2D SPACE',''
  ) );
#9166 = ORIENTED_EDGE('',*,*,#9167,.F.);
#9167 = EDGE_CURVE('',#8828,#9142,#9168,.T.);
#9168 = SURFACE_CURVE('',#9169,(#9173,#9179),.PCURVE_S1.);
#9169 = LINE('',#9170,#9171);
#9170 = CARTESIAN_POINT('',(-153.5,-85.03949670013,42.378865420128));
#9171 = VECTOR('',#9172,1.);
#9172 = DIRECTION('',(1.,0.,0.));
#9173 = PCURVE('',#8846,#9174);
#9174 = DEFINITIONAL_REPRESENTATION('',(#9175),#9178);
#9175 = B_SPLINE_CURVE_WITH_KNOTS('',1,(#9176,#9177),.UNSPECIFIED.,.F.,
  .F.,(2,2),(0.,6.),.PIECEWISE_BEZIER_KNOTS.);
#9176 = CARTESIAN_POINT('',(0.,0.));
#9177 = CARTESIAN_POINT('',(0.,6.));
#9178 = ( GEOMETRIC_REPRESENTATION_CONTEXT(2) 
PARAMETRIC_REPRESENTATION_CONTEXT() REPRESENTATION_CONTEXT('2D SPACE',''
  ) );
#9179 = PCURVE('',#8873,#9180);
#9180 = DEFINITIONAL_REPRESENTATION('',(#9181),#9185);
#9181 = LINE('',#9182,#9183);
#9182 = CARTESIAN_POINT('',(0.,146.00017182117));
#9183 = VECTOR('',#9184,1.);
#9184 = DIRECTION('',(1.,0.));
#9185 = ( GEOMETRIC_REPRESENTATION_CONTEXT(2) 
PARAMETRIC_REPRESENTATION_CONTEXT() REPRESENTATION_CONTEXT('2D SPACE',''
  ) );
#9186 = ORIENTED_EDGE('',*,*,#8827,.T.);
#9187 = ORIENTED_EDGE('',*,*,#9188,.T.);
#9188 = EDGE_CURVE('',#8830,#9144,#9189,.T.);
#9189 = SURFACE_CURVE('',#9190,(#9194,#9201),.PCURVE_S1.);
#9190 = LINE('',#9191,#9192);
#9191 = CARTESIAN_POINT('',(-153.5,-84.20444638638,37.043821748938));
#9192 = VECTOR('',#9193,1.);
#9193 = DIRECTION('',(1.,0.,0.));
#9194 = PCURVE('',#8846,#9195);
#9195 = DEFINITIONAL_REPRESENTATION('',(#9196),#9200);
#9196 = LINE('',#9197,#9198);
#9197 = CARTESIAN_POINT('',(3.14159265359,5.995204332976E-16));
#9198 = VECTOR('',#9199,1.);
#9199 = DIRECTION('',(0.,1.));
#9200 = ( GEOMETRIC_REPRESENTATION_CONTEXT(2) 
PARAMETRIC_REPRESENTATION_CONTEXT() REPRESENTATION_CONTEXT('2D SPACE',''
  ) );
#9201 = PCURVE('',#8926,#9202);
#9202 = DEFINITIONAL_REPRESENTATION('',(#9203),#9207);
#9203 = LINE('',#9204,#9205);
#9204 = CARTESIAN_POINT('',(0.,146.00017182117));
#9205 = VECTOR('',#9206,1.);
#9206 = DIRECTION('',(1.,0.));
#9207 = ( GEOMETRIC_REPRESENTATION_CONTEXT(2) 
PARAMETRIC_REPRESENTATION_CONTEXT() REPRESENTATION_CONTEXT('2D SPACE',''
  ) );
#9208 = ADVANCED_FACE('',(#9209),#8926,.F.);
#9209 = FACE_BOUND('',#9210,.F.);
#9210 = EDGE_LOOP('',(#9211,#9212,#9213,#9236));
#9211 = ORIENTED_EDGE('',*,*,#9188,.F.);
#9212 = ORIENTED_EDGE('',*,*,#8913,.T.);
#9213 = ORIENTED_EDGE('',*,*,#9214,.T.);
#9214 = EDGE_CURVE('',#8885,#9215,#9217,.T.);
#9215 = VERTEX_POINT('',#9216);
#9216 = CARTESIAN_POINT('',(-148.5,60.039496700137,59.621134579872));
#9217 = SURFACE_CURVE('',#9218,(#9222,#9229),.PCURVE_S1.);
#9218 = LINE('',#9219,#9220);
#9219 = CARTESIAN_POINT('',(-153.5,60.039496700137,59.621134579872));
#9220 = VECTOR('',#9221,1.);
#9221 = DIRECTION('',(1.,0.,0.));
#9222 = PCURVE('',#8926,#9223);
#9223 = DEFINITIONAL_REPRESENTATION('',(#9224),#9228);
#9224 = LINE('',#9225,#9226);
#9225 = CARTESIAN_POINT('',(0.,0.));
#9226 = VECTOR('',#9227,1.);
#9227 = DIRECTION('',(1.,0.));
#9228 = ( GEOMETRIC_REPRESENTATION_CONTEXT(2) 
PARAMETRIC_REPRESENTATION_CONTEXT() REPRESENTATION_CONTEXT('2D SPACE',''
  ) );
#9229 = PCURVE('',#8901,#9230);
#9230 = DEFINITIONAL_REPRESENTATION('',(#9231),#9235);
#9231 = LINE('',#9232,#9233);
#9232 = CARTESIAN_POINT('',(3.14159265359,5.995204332976E-16));
#9233 = VECTOR('',#9234,1.);
#9234 = DIRECTION('',(0.,1.));
#9235 = ( GEOMETRIC_REPRESENTATION_CONTEXT(2) 
PARAMETRIC_REPRESENTATION_CONTEXT() REPRESENTATION_CONTEXT('2D SPACE',''
  ) );
#9236 = ORIENTED_EDGE('',*,*,#9237,.F.);
#9237 = EDGE_CURVE('',#9144,#9215,#9238,.T.);
#9238 = SURFACE_CURVE('',#9239,(#9243,#9249),.PCURVE_S1.);
#9239 = LINE('',#9240,#9241);
#9240 = CARTESIAN_POINT('',(-148.5,60.879272092824,59.752577684814));
#9241 = VECTOR('',#9242,1.);
#9242 = DIRECTION('',(-0.,0.98797105022,0.154638946991));
#9243 = PCURVE('',#8926,#9244);
#9244 = DEFINITIONAL_REPRESENTATION('',(#9245),#9248);
#9245 = B_SPLINE_CURVE_WITH_KNOTS('',1,(#9246,#9247),.UNSPECIFIED.,.F.,
  .F.,(2,2),(-146.8501718211,-0.85),.PIECEWISE_BEZIER_KNOTS.);
#9246 = CARTESIAN_POINT('',(5.,146.00017182117));
#9247 = CARTESIAN_POINT('',(5.,0.));
#9248 = ( GEOMETRIC_REPRESENTATION_CONTEXT(2) 
PARAMETRIC_REPRESENTATION_CONTEXT() REPRESENTATION_CONTEXT('2D SPACE',''
  ) );
#9249 = PCURVE('',#8959,#9250);
#9250 = DEFINITIONAL_REPRESENTATION('',(#9251),#9254);
#9251 = B_SPLINE_CURVE_WITH_KNOTS('',1,(#9252,#9253),.UNSPECIFIED.,.F.,
  .F.,(2,2),(-146.8501718211,-0.85),.PIECEWISE_BEZIER_KNOTS.);
#9252 = CARTESIAN_POINT('',(7.7,-147.7001718211));
#9253 = CARTESIAN_POINT('',(7.7,-1.7));
#9254 = ( GEOMETRIC_REPRESENTATION_CONTEXT(2) 
PARAMETRIC_REPRESENTATION_CONTEXT() REPRESENTATION_CONTEXT('2D SPACE',''
  ) );
#9255 = ADVANCED_FACE('',(#9256),#8901,.F.);
#9256 = FACE_BOUND('',#9257,.F.);
#9257 = EDGE_LOOP('',(#9258,#9259,#9281,#9303));
#9258 = ORIENTED_EDGE('',*,*,#8884,.T.);
#9259 = ORIENTED_EDGE('',*,*,#9260,.T.);
#9260 = EDGE_CURVE('',#8859,#9261,#9263,.T.);
#9261 = VERTEX_POINT('',#9262);
#9262 = CARTESIAN_POINT('',(-148.5,59.204446386386,64.956178251062));
#9263 = SURFACE_CURVE('',#9264,(#9268,#9274),.PCURVE_S1.);
#9264 = LINE('',#9265,#9266);
#9265 = CARTESIAN_POINT('',(-153.5,59.204446386386,64.956178251062));
#9266 = VECTOR('',#9267,1.);
#9267 = DIRECTION('',(1.,0.,0.));
#9268 = PCURVE('',#8901,#9269);
#9269 = DEFINITIONAL_REPRESENTATION('',(#9270),#9273);
#9270 = B_SPLINE_CURVE_WITH_KNOTS('',1,(#9271,#9272),.UNSPECIFIED.,.F.,
  .F.,(2,2),(0.,6.),.PIECEWISE_BEZIER_KNOTS.);
#9271 = CARTESIAN_POINT('',(6.28318530718,0.));
#9272 = CARTESIAN_POINT('',(6.28318530718,6.));
#9273 = ( GEOMETRIC_REPRESENTATION_CONTEXT(2) 
PARAMETRIC_REPRESENTATION_CONTEXT() REPRESENTATION_CONTEXT('2D SPACE',''
  ) );
#9274 = PCURVE('',#8873,#9275);
#9275 = DEFINITIONAL_REPRESENTATION('',(#9276),#9280);
#9276 = LINE('',#9277,#9278);
#9277 = CARTESIAN_POINT('',(0.,0.));
#9278 = VECTOR('',#9279,1.);
#9279 = DIRECTION('',(1.,0.));
#9280 = ( GEOMETRIC_REPRESENTATION_CONTEXT(2) 
PARAMETRIC_REPRESENTATION_CONTEXT() REPRESENTATION_CONTEXT('2D SPACE',''
  ) );
#9281 = ORIENTED_EDGE('',*,*,#9282,.F.);
#9282 = EDGE_CURVE('',#9215,#9261,#9283,.T.);
#9283 = SURFACE_CURVE('',#9284,(#9289,#9296),.PCURVE_S1.);
#9284 = CIRCLE('',#9285,2.7);
#9285 = AXIS2_PLACEMENT_3D('',#9286,#9287,#9288);
#9286 = CARTESIAN_POINT('',(-148.5,59.621971543261,62.288656415467));
#9287 = DIRECTION('',(1.,3.433674389064E-17,-2.193736415235E-16));
#9288 = DIRECTION('',(2.22044604925E-16,-0.154638946991,0.98797105022));
#9289 = PCURVE('',#8901,#9290);
#9290 = DEFINITIONAL_REPRESENTATION('',(#9291),#9295);
#9291 = LINE('',#9292,#9293);
#9292 = CARTESIAN_POINT('',(1.195766416559E-17,5.));
#9293 = VECTOR('',#9294,1.);
#9294 = DIRECTION('',(1.,0.));
#9295 = ( GEOMETRIC_REPRESENTATION_CONTEXT(2) 
PARAMETRIC_REPRESENTATION_CONTEXT() REPRESENTATION_CONTEXT('2D SPACE',''
  ) );
#9296 = PCURVE('',#8959,#9297);
#9297 = DEFINITIONAL_REPRESENTATION('',(#9298),#9302);
#9298 = CIRCLE('',#9299,2.7);
#9299 = AXIS2_PLACEMENT_2D('',#9300,#9301);
#9300 = CARTESIAN_POINT('',(5.,-1.7));
#9301 = DIRECTION('',(-1.,-1.195766416559E-17));
#9302 = ( GEOMETRIC_REPRESENTATION_CONTEXT(2) 
PARAMETRIC_REPRESENTATION_CONTEXT() REPRESENTATION_CONTEXT('2D SPACE',''
  ) );
#9303 = ORIENTED_EDGE('',*,*,#9214,.F.);
#9304 = ADVANCED_FACE('',(#9305),#8873,.T.);
#9305 = FACE_BOUND('',#9306,.T.);
#9306 = EDGE_LOOP('',(#9307,#9308,#9309,#9328));
#9307 = ORIENTED_EDGE('',*,*,#8858,.T.);
#9308 = ORIENTED_EDGE('',*,*,#9260,.T.);
#9309 = ORIENTED_EDGE('',*,*,#9310,.F.);
#9310 = EDGE_CURVE('',#9142,#9261,#9311,.T.);
#9311 = SURFACE_CURVE('',#9312,(#9316,#9322),.PCURVE_S1.);
#9312 = LINE('',#9313,#9314);
#9313 = CARTESIAN_POINT('',(-148.5,60.044221779073,65.087621356004));
#9314 = VECTOR('',#9315,1.);
#9315 = DIRECTION('',(-0.,0.98797105022,0.154638946991));
#9316 = PCURVE('',#8873,#9317);
#9317 = DEFINITIONAL_REPRESENTATION('',(#9318),#9321);
#9318 = B_SPLINE_CURVE_WITH_KNOTS('',1,(#9319,#9320),.UNSPECIFIED.,.F.,
  .F.,(2,2),(-146.8501718211,-0.85),.PIECEWISE_BEZIER_KNOTS.);
#9319 = CARTESIAN_POINT('',(5.,146.00017182117));
#9320 = CARTESIAN_POINT('',(5.,0.));
#9321 = ( GEOMETRIC_REPRESENTATION_CONTEXT(2) 
PARAMETRIC_REPRESENTATION_CONTEXT() REPRESENTATION_CONTEXT('2D SPACE',''
  ) );
#9322 = PCURVE('',#8959,#9323);
#9323 = DEFINITIONAL_REPRESENTATION('',(#9324),#9327);
#9324 = B_SPLINE_CURVE_WITH_KNOTS('',1,(#9325,#9326),.UNSPECIFIED.,.F.,
  .F.,(2,2),(-146.8501718211,-0.85),.PIECEWISE_BEZIER_KNOTS.);
#9325 = CARTESIAN_POINT('',(2.3,-147.7001718211));
#9326 = CARTESIAN_POINT('',(2.3,-1.7));
#9327 = ( GEOMETRIC_REPRESENTATION_CONTEXT(2) 
PARAMETRIC_REPRESENTATION_CONTEXT() REPRESENTATION_CONTEXT('2D SPACE',''
  ) );
#9328 = ORIENTED_EDGE('',*,*,#9167,.F.);
#9329 = ADVANCED_FACE('',(#9330,#9336),#8959,.T.);
#9330 = FACE_BOUND('',#9331,.T.);
#9331 = EDGE_LOOP('',(#9332,#9333,#9334,#9335));
#9332 = ORIENTED_EDGE('',*,*,#8940,.T.);
#9333 = ORIENTED_EDGE('',*,*,#9088,.F.);
#9334 = ORIENTED_EDGE('',*,*,#9114,.T.);
#9335 = ORIENTED_EDGE('',*,*,#9039,.T.);
#9336 = FACE_BOUND('',#9337,.T.);
#9337 = EDGE_LOOP('',(#9338,#9339,#9340,#9341));
#9338 = ORIENTED_EDGE('',*,*,#9141,.F.);
#9339 = ORIENTED_EDGE('',*,*,#9310,.T.);
#9340 = ORIENTED_EDGE('',*,*,#9282,.F.);
#9341 = ORIENTED_EDGE('',*,*,#9237,.F.);
#9342 = ( GEOMETRIC_REPRESENTATION_CONTEXT(3) 
GLOBAL_UNCERTAINTY_ASSIGNED_CONTEXT((#9346)) 
GLOBAL_UNIT_ASSIGNED_CONTEXT((#9343,#9344,#9345)) REPRESENTATION_CONTEXT
('Context #1','3D Context with UNIT and UNCERTAINTY') );
#9343 = ( LENGTH_UNIT() NAMED_UNIT(*) SI_UNIT(.MILLI.,.METRE.) );
#9344 = ( NAMED_UNIT(*) PLANE_ANGLE_UNIT() SI_UNIT($,.RADIAN.) );
#9345 = ( NAMED_UNIT(*) SI_UNIT($,.STERADIAN.) SOLID_ANGLE_UNIT() );
#9346 = UNCERTAINTY_MEASURE_WITH_UNIT(LENGTH_MEASURE(1.E-07),#9343,
  'distance_accuracy_value','confusion accuracy');
#9347 = CONTEXT_DEPENDENT_SHAPE_REPRESENTATION(#9348,#9350);
#9348 = ( REPRESENTATION_RELATIONSHIP('','',#8699,#8676) 
REPRESENTATION_RELATIONSHIP_WITH_TRANSFORMATION(#9349) 
SHAPE_REPRESENTATION_RELATIONSHIP() );
#9349 = ITEM_DEFINED_TRANSFORMATION('','',#11,#8677);
#9350 = PRODUCT_DEFINITION_SHAPE('Placement','Placement of an item',
  #9351);
#9351 = NEXT_ASSEMBLY_USAGE_OCCURRENCE('35','=>[0:1:1:37]','',#8671,
  #8694,$);
#9352 = PRODUCT_RELATED_PRODUCT_CATEGORY('part',$,(#8696));
#9353 = SHAPE_DEFINITION_REPRESENTATION(#9354,#9360);
#9354 = PRODUCT_DEFINITION_SHAPE('','',#9355);
#9355 = PRODUCT_DEFINITION('design','',#9356,#9359);
#9356 = PRODUCT_DEFINITION_FORMATION('','',#9357);
#9357 = PRODUCT('trackpad_guide_roller_left_1',
  'trackpad_guide_roller_left_1','',(#9358));
#9358 = PRODUCT_CONTEXT('',#2,'mechanical');
#9359 = PRODUCT_DEFINITION_CONTEXT('part definition',#2,'design');
#9360 = SHAPE_REPRESENTATION('',(#11,#9361),#9365);
#9361 = AXIS2_PLACEMENT_3D('',#9362,#9363,#9364);
#9362 = CARTESIAN_POINT('',(0.,0.,-3.5));
#9363 = DIRECTION('',(0.,0.,1.));
#9364 = DIRECTION('',(1.,0.,-0.));
#9365 = ( GEOMETRIC_REPRESENTATION_CONTEXT(3) 
GLOBAL_UNCERTAINTY_ASSIGNED_CONTEXT((#9369)) 
GLOBAL_UNIT_ASSIGNED_CONTEXT((#9366,#9367,#9368)) REPRESENTATION_CONTEXT
('Context #1','3D Context with UNIT and UNCERTAINTY') );
#9366 = ( LENGTH_UNIT() NAMED_UNIT(*) SI_UNIT(.MILLI.,.METRE.) );
#9367 = ( NAMED_UNIT(*) PLANE_ANGLE_UNIT() SI_UNIT($,.RADIAN.) );
#9368 = ( NAMED_UNIT(*) SI_UNIT($,.STERADIAN.) SOLID_ANGLE_UNIT() );
#9369 = UNCERTAINTY_MEASURE_WITH_UNIT(LENGTH_MEASURE(1.E-07),#9366,
  'distance_accuracy_value','confusion accuracy');
#9370 = CONTEXT_DEPENDENT_SHAPE_REPRESENTATION(#9371,#9373);
#9371 = ( REPRESENTATION_RELATIONSHIP('','',#9360,#10) 
REPRESENTATION_RELATIONSHIP_WITH_TRANSFORMATION(#9372) 
SHAPE_REPRESENTATION_RELATIONSHIP() );
#9372 = ITEM_DEFINED_TRANSFORMATION('','',#11,#87);
#9373 = PRODUCT_DEFINITION_SHAPE('Placement','Placement of an item',
  #9374);
#9374 = NEXT_ASSEMBLY_USAGE_OCCURRENCE('38','=>[0:1:1:38]','',#5,#9355,$
  );
#9375 = PRODUCT_RELATED_PRODUCT_CATEGORY('part',$,(#9357));
#9376 = SHAPE_DEFINITION_REPRESENTATION(#9377,#9383);
#9377 = PRODUCT_DEFINITION_SHAPE('','',#9378);
#9378 = PRODUCT_DEFINITION('design','',#9379,#9382);
#9379 = PRODUCT_DEFINITION_FORMATION('','',#9380);
#9380 = PRODUCT('SOLID','SOLID','',(#9381));
#9381 = PRODUCT_CONTEXT('',#2,'mechanical');
#9382 = PRODUCT_DEFINITION_CONTEXT('part definition',#2,'design');
#9383 = ADVANCED_BREP_SHAPE_REPRESENTATION('',(#11,#9384),#9482);
#9384 = MANIFOLD_SOLID_BREP('',#9385);
#9385 = CLOSED_SHELL('',(#9386,#9474,#9478));
#9386 = ADVANCED_FACE('',(#9387),#9400,.T.);
#9387 = FACE_BOUND('',#9388,.T.);
#9388 = EDGE_LOOP('',(#9389,#9423,#9446,#9473));
#9389 = ORIENTED_EDGE('',*,*,#9390,.F.);
#9390 = EDGE_CURVE('',#9391,#9391,#9393,.T.);
#9391 = VERTEX_POINT('',#9392);
#9392 = CARTESIAN_POINT('',(2.,-4.898587196589E-16,7.));
#9393 = SURFACE_CURVE('',#9394,(#9399,#9411),.PCURVE_S1.);
#9394 = CIRCLE('',#9395,2.);
#9395 = AXIS2_PLACEMENT_3D('',#9396,#9397,#9398);
#9396 = CARTESIAN_POINT('',(0.,0.,7.));
#9397 = DIRECTION('',(0.,0.,1.));
#9398 = DIRECTION('',(1.,0.,-0.));
#9399 = PCURVE('',#9400,#9405);
#9400 = CYLINDRICAL_SURFACE('',#9401,2.);
#9401 = AXIS2_PLACEMENT_3D('',#9402,#9403,#9404);
#9402 = CARTESIAN_POINT('',(0.,0.,0.));
#9403 = DIRECTION('',(0.,0.,1.));
#9404 = DIRECTION('',(1.,0.,-0.));
#9405 = DEFINITIONAL_REPRESENTATION('',(#9406),#9410);
#9406 = LINE('',#9407,#9408);
#9407 = CARTESIAN_POINT('',(0.,7.));
#9408 = VECTOR('',#9409,1.);
#9409 = DIRECTION('',(1.,0.));
#9410 = ( GEOMETRIC_REPRESENTATION_CONTEXT(2) 
PARAMETRIC_REPRESENTATION_CONTEXT() REPRESENTATION_CONTEXT('2D SPACE',''
  ) );
#9411 = PCURVE('',#9412,#9417);
#9412 = PLANE('',#9413);
#9413 = AXIS2_PLACEMENT_3D('',#9414,#9415,#9416);
#9414 = CARTESIAN_POINT('',(0.,0.,7.));
#9415 = DIRECTION('',(0.,0.,1.));
#9416 = DIRECTION('',(1.,0.,-0.));
#9417 = DEFINITIONAL_REPRESENTATION('',(#9418),#9422);
#9418 = CIRCLE('',#9419,2.);
#9419 = AXIS2_PLACEMENT_2D('',#9420,#9421);
#9420 = CARTESIAN_POINT('',(0.,0.));
#9421 = DIRECTION('',(1.,0.));
#9422 = ( GEOMETRIC_REPRESENTATION_CONTEXT(2) 
PARAMETRIC_REPRESENTATION_CONTEXT() REPRESENTATION_CONTEXT('2D SPACE',''
  ) );
#9423 = ORIENTED_EDGE('',*,*,#9424,.F.);
#9424 = EDGE_CURVE('',#9425,#9391,#9427,.T.);
#9425 = VERTEX_POINT('',#9426);
#9426 = CARTESIAN_POINT('',(2.,-4.898587196589E-16,0.));
#9427 = SEAM_CURVE('',#9428,(#9432,#9439),.PCURVE_S1.);
#9428 = LINE('',#9429,#9430);
#9429 = CARTESIAN_POINT('',(2.,-4.898587196589E-16,0.));
#9430 = VECTOR('',#9431,1.);
#9431 = DIRECTION('',(0.,0.,1.));
#9432 = PCURVE('',#9400,#9433);
#9433 = DEFINITIONAL_REPRESENTATION('',(#9434),#9438);
#9434 = LINE('',#9435,#9436);
#9435 = CARTESIAN_POINT('',(6.28318530718,-0.));
#9436 = VECTOR('',#9437,1.);
#9437 = DIRECTION('',(0.,1.));
#9438 = ( GEOMETRIC_REPRESENTATION_CONTEXT(2) 
PARAMETRIC_REPRESENTATION_CONTEXT() REPRESENTATION_CONTEXT('2D SPACE',''
  ) );
#9439 = PCURVE('',#9400,#9440);
#9440 = DEFINITIONAL_REPRESENTATION('',(#9441),#9445);
#9441 = LINE('',#9442,#9443);
#9442 = CARTESIAN_POINT('',(0.,-0.));
#9443 = VECTOR('',#9444,1.);
#9444 = DIRECTION('',(0.,1.));
#9445 = ( GEOMETRIC_REPRESENTATION_CONTEXT(2) 
PARAMETRIC_REPRESENTATION_CONTEXT() REPRESENTATION_CONTEXT('2D SPACE',''
  ) );
#9446 = ORIENTED_EDGE('',*,*,#9447,.T.);
#9447 = EDGE_CURVE('',#9425,#9425,#9448,.T.);
#9448 = SURFACE_CURVE('',#9449,(#9454,#9461),.PCURVE_S1.);
#9449 = CIRCLE('',#9450,2.);
#9450 = AXIS2_PLACEMENT_3D('',#9451,#9452,#9453);
#9451 = CARTESIAN_POINT('',(0.,0.,0.));
#9452 = DIRECTION('',(0.,0.,1.));
#9453 = DIRECTION('',(1.,0.,-0.));
#9454 = PCURVE('',#9400,#9455);
#9455 = DEFINITIONAL_REPRESENTATION('',(#9456),#9460);
#9456 = LINE('',#9457,#9458);
#9457 = CARTESIAN_POINT('',(0.,0.));
#9458 = VECTOR('',#9459,1.);
#9459 = DIRECTION('',(1.,0.));
#9460 = ( GEOMETRIC_REPRESENTATION_CONTEXT(2) 
PARAMETRIC_REPRESENTATION_CONTEXT() REPRESENTATION_CONTEXT('2D SPACE',''
  ) );
#9461 = PCURVE('',#9462,#9467);
#9462 = PLANE('',#9463);
#9463 = AXIS2_PLACEMENT_3D('',#9464,#9465,#9466);
#9464 = CARTESIAN_POINT('',(0.,0.,0.));
#9465 = DIRECTION('',(0.,0.,1.));
#9466 = DIRECTION('',(1.,0.,-0.));
#9467 = DEFINITIONAL_REPRESENTATION('',(#9468),#9472);
#9468 = CIRCLE('',#9469,2.);
#9469 = AXIS2_PLACEMENT_2D('',#9470,#9471);
#9470 = CARTESIAN_POINT('',(0.,0.));
#9471 = DIRECTION('',(1.,0.));
#9472 = ( GEOMETRIC_REPRESENTATION_CONTEXT(2) 
PARAMETRIC_REPRESENTATION_CONTEXT() REPRESENTATION_CONTEXT('2D SPACE',''
  ) );
#9473 = ORIENTED_EDGE('',*,*,#9424,.T.);
#9474 = ADVANCED_FACE('',(#9475),#9412,.T.);
#9475 = FACE_BOUND('',#9476,.T.);
#9476 = EDGE_LOOP('',(#9477));
#9477 = ORIENTED_EDGE('',*,*,#9390,.T.);
#9478 = ADVANCED_FACE('',(#9479),#9462,.F.);
#9479 = FACE_BOUND('',#9480,.T.);
#9480 = EDGE_LOOP('',(#9481));
#9481 = ORIENTED_EDGE('',*,*,#9447,.F.);
#9482 = ( GEOMETRIC_REPRESENTATION_CONTEXT(3) 
GLOBAL_UNCERTAINTY_ASSIGNED_CONTEXT((#9486)) 
GLOBAL_UNIT_ASSIGNED_CONTEXT((#9483,#9484,#9485)) REPRESENTATION_CONTEXT
('Context #1','3D Context with UNIT and UNCERTAINTY') );
#9483 = ( LENGTH_UNIT() NAMED_UNIT(*) SI_UNIT(.MILLI.,.METRE.) );
#9484 = ( NAMED_UNIT(*) PLANE_ANGLE_UNIT() SI_UNIT($,.RADIAN.) );
#9485 = ( NAMED_UNIT(*) SI_UNIT($,.STERADIAN.) SOLID_ANGLE_UNIT() );
#9486 = UNCERTAINTY_MEASURE_WITH_UNIT(LENGTH_MEASURE(1.E-07),#9483,
  'distance_accuracy_value','confusion accuracy');
#9487 = CONTEXT_DEPENDENT_SHAPE_REPRESENTATION(#9488,#9490);
#9488 = ( REPRESENTATION_RELATIONSHIP('','',#9383,#9360) 
REPRESENTATION_RELATIONSHIP_WITH_TRANSFORMATION(#9489) 
SHAPE_REPRESENTATION_RELATIONSHIP() );
#9489 = ITEM_DEFINED_TRANSFORMATION('','',#11,#9361);
#9490 = PRODUCT_DEFINITION_SHAPE('Placement','Placement of an item',
  #9491);
#9491 = NEXT_ASSEMBLY_USAGE_OCCURRENCE('37','=>[0:1:1:39]','',#9355,
  #9378,$);
#9492 = PRODUCT_RELATED_PRODUCT_CATEGORY('part',$,(#9380));
#9493 = SHAPE_DEFINITION_REPRESENTATION(#9494,#9500);
#9494 = PRODUCT_DEFINITION_SHAPE('','',#9495);
#9495 = PRODUCT_DEFINITION('design','',#9496,#9499);
#9496 = PRODUCT_DEFINITION_FORMATION('','',#9497);
#9497 = PRODUCT('trackpad_guide_roller_left_2',
  'trackpad_guide_roller_left_2','',(#9498));
#9498 = PRODUCT_CONTEXT('',#2,'mechanical');
#9499 = PRODUCT_DEFINITION_CONTEXT('part definition',#2,'design');
#9500 = SHAPE_REPRESENTATION('',(#11,#9501),#9505);
#9501 = AXIS2_PLACEMENT_3D('',#9502,#9503,#9504);
#9502 = CARTESIAN_POINT('',(0.,0.,-3.5));
#9503 = DIRECTION('',(0.,0.,1.));
#9504 = DIRECTION('',(1.,0.,-0.));
#9505 = ( GEOMETRIC_REPRESENTATION_CONTEXT(3) 
GLOBAL_UNCERTAINTY_ASSIGNED_CONTEXT((#9509)) 
GLOBAL_UNIT_ASSIGNED_CONTEXT((#9506,#9507,#9508)) REPRESENTATION_CONTEXT
('Context #1','3D Context with UNIT and UNCERTAINTY') );
#9506 = ( LENGTH_UNIT() NAMED_UNIT(*) SI_UNIT(.MILLI.,.METRE.) );
#9507 = ( NAMED_UNIT(*) PLANE_ANGLE_UNIT() SI_UNIT($,.RADIAN.) );
#9508 = ( NAMED_UNIT(*) SI_UNIT($,.STERADIAN.) SOLID_ANGLE_UNIT() );
#9509 = UNCERTAINTY_MEASURE_WITH_UNIT(LENGTH_MEASURE(1.E-07),#9506,
  'distance_accuracy_value','confusion accuracy');
#9510 = CONTEXT_DEPENDENT_SHAPE_REPRESENTATION(#9511,#9513);
#9511 = ( REPRESENTATION_RELATIONSHIP('','',#9500,#10) 
REPRESENTATION_RELATIONSHIP_WITH_TRANSFORMATION(#9512) 
SHAPE_REPRESENTATION_RELATIONSHIP() );
#9512 = ITEM_DEFINED_TRANSFORMATION('','',#11,#91);
#9513 = PRODUCT_DEFINITION_SHAPE('Placement','Placement of an item',
  #9514);
#9514 = NEXT_ASSEMBLY_USAGE_OCCURRENCE('40','=>[0:1:1:40]','',#5,#9495,$
  );
#9515 = PRODUCT_RELATED_PRODUCT_CATEGORY('part',$,(#9497));
#9516 = SHAPE_DEFINITION_REPRESENTATION(#9517,#9523);
#9517 = PRODUCT_DEFINITION_SHAPE('','',#9518);
#9518 = PRODUCT_DEFINITION('design','',#9519,#9522);
#9519 = PRODUCT_DEFINITION_FORMATION('','',#9520);
#9520 = PRODUCT('SOLID','SOLID','',(#9521));
#9521 = PRODUCT_CONTEXT('',#2,'mechanical');
#9522 = PRODUCT_DEFINITION_CONTEXT('part definition',#2,'design');
#9523 = ADVANCED_BREP_SHAPE_REPRESENTATION('',(#11,#9524),#9622);
#9524 = MANIFOLD_SOLID_BREP('',#9525);
#9525 = CLOSED_SHELL('',(#9526,#9614,#9618));
#9526 = ADVANCED_FACE('',(#9527),#9540,.T.);
#9527 = FACE_BOUND('',#9528,.T.);
#9528 = EDGE_LOOP('',(#9529,#9563,#9586,#9613));
#9529 = ORIENTED_EDGE('',*,*,#9530,.F.);
#9530 = EDGE_CURVE('',#9531,#9531,#9533,.T.);
#9531 = VERTEX_POINT('',#9532);
#9532 = CARTESIAN_POINT('',(2.,-4.898587196589E-16,7.));
#9533 = SURFACE_CURVE('',#9534,(#9539,#9551),.PCURVE_S1.);
#9534 = CIRCLE('',#9535,2.);
#9535 = AXIS2_PLACEMENT_3D('',#9536,#9537,#9538);
#9536 = CARTESIAN_POINT('',(0.,0.,7.));
#9537 = DIRECTION('',(0.,0.,1.));
#9538 = DIRECTION('',(1.,0.,-0.));
#9539 = PCURVE('',#9540,#9545);
#9540 = CYLINDRICAL_SURFACE('',#9541,2.);
#9541 = AXIS2_PLACEMENT_3D('',#9542,#9543,#9544);
#9542 = CARTESIAN_POINT('',(0.,0.,0.));
#9543 = DIRECTION('',(0.,0.,1.));
#9544 = DIRECTION('',(1.,0.,-0.));
#9545 = DEFINITIONAL_REPRESENTATION('',(#9546),#9550);
#9546 = LINE('',#9547,#9548);
#9547 = CARTESIAN_POINT('',(0.,7.));
#9548 = VECTOR('',#9549,1.);
#9549 = DIRECTION('',(1.,0.));
#9550 = ( GEOMETRIC_REPRESENTATION_CONTEXT(2) 
PARAMETRIC_REPRESENTATION_CONTEXT() REPRESENTATION_CONTEXT('2D SPACE',''
  ) );
#9551 = PCURVE('',#9552,#9557);
#9552 = PLANE('',#9553);
#9553 = AXIS2_PLACEMENT_3D('',#9554,#9555,#9556);
#9554 = CARTESIAN_POINT('',(0.,0.,7.));
#9555 = DIRECTION('',(0.,0.,1.));
#9556 = DIRECTION('',(1.,0.,-0.));
#9557 = DEFINITIONAL_REPRESENTATION('',(#9558),#9562);
#9558 = CIRCLE('',#9559,2.);
#9559 = AXIS2_PLACEMENT_2D('',#9560,#9561);
#9560 = CARTESIAN_POINT('',(0.,0.));
#9561 = DIRECTION('',(1.,0.));
#9562 = ( GEOMETRIC_REPRESENTATION_CONTEXT(2) 
PARAMETRIC_REPRESENTATION_CONTEXT() REPRESENTATION_CONTEXT('2D SPACE',''
  ) );
#9563 = ORIENTED_EDGE('',*,*,#9564,.F.);
#9564 = EDGE_CURVE('',#9565,#9531,#9567,.T.);
#9565 = VERTEX_POINT('',#9566);
#9566 = CARTESIAN_POINT('',(2.,-4.898587196589E-16,0.));
#9567 = SEAM_CURVE('',#9568,(#9572,#9579),.PCURVE_S1.);
#9568 = LINE('',#9569,#9570);
#9569 = CARTESIAN_POINT('',(2.,-4.898587196589E-16,0.));
#9570 = VECTOR('',#9571,1.);
#9571 = DIRECTION('',(0.,0.,1.));
#9572 = PCURVE('',#9540,#9573);
#9573 = DEFINITIONAL_REPRESENTATION('',(#9574),#9578);
#9574 = LINE('',#9575,#9576);
#9575 = CARTESIAN_POINT('',(6.28318530718,-0.));
#9576 = VECTOR('',#9577,1.);
#9577 = DIRECTION('',(0.,1.));
#9578 = ( GEOMETRIC_REPRESENTATION_CONTEXT(2) 
PARAMETRIC_REPRESENTATION_CONTEXT() REPRESENTATION_CONTEXT('2D SPACE',''
  ) );
#9579 = PCURVE('',#9540,#9580);
#9580 = DEFINITIONAL_REPRESENTATION('',(#9581),#9585);
#9581 = LINE('',#9582,#9583);
#9582 = CARTESIAN_POINT('',(0.,-0.));
#9583 = VECTOR('',#9584,1.);
#9584 = DIRECTION('',(0.,1.));
#9585 = ( GEOMETRIC_REPRESENTATION_CONTEXT(2) 
PARAMETRIC_REPRESENTATION_CONTEXT() REPRESENTATION_CONTEXT('2D SPACE',''
  ) );
#9586 = ORIENTED_EDGE('',*,*,#9587,.T.);
#9587 = EDGE_CURVE('',#9565,#9565,#9588,.T.);
#9588 = SURFACE_CURVE('',#9589,(#9594,#9601),.PCURVE_S1.);
#9589 = CIRCLE('',#9590,2.);
#9590 = AXIS2_PLACEMENT_3D('',#9591,#9592,#9593);
#9591 = CARTESIAN_POINT('',(0.,0.,0.));
#9592 = DIRECTION('',(0.,0.,1.));
#9593 = DIRECTION('',(1.,0.,-0.));
#9594 = PCURVE('',#9540,#9595);
#9595 = DEFINITIONAL_REPRESENTATION('',(#9596),#9600);
#9596 = LINE('',#9597,#9598);
#9597 = CARTESIAN_POINT('',(0.,0.));
#9598 = VECTOR('',#9599,1.);
#9599 = DIRECTION('',(1.,0.));
#9600 = ( GEOMETRIC_REPRESENTATION_CONTEXT(2) 
PARAMETRIC_REPRESENTATION_CONTEXT() REPRESENTATION_CONTEXT('2D SPACE',''
  ) );
#9601 = PCURVE('',#9602,#9607);
#9602 = PLANE('',#9603);
#9603 = AXIS2_PLACEMENT_3D('',#9604,#9605,#9606);
#9604 = CARTESIAN_POINT('',(0.,0.,0.));
#9605 = DIRECTION('',(0.,0.,1.));
#9606 = DIRECTION('',(1.,0.,-0.));
#9607 = DEFINITIONAL_REPRESENTATION('',(#9608),#9612);
#9608 = CIRCLE('',#9609,2.);
#9609 = AXIS2_PLACEMENT_2D('',#9610,#9611);
#9610 = CARTESIAN_POINT('',(0.,0.));
#9611 = DIRECTION('',(1.,0.));
#9612 = ( GEOMETRIC_REPRESENTATION_CONTEXT(2) 
PARAMETRIC_REPRESENTATION_CONTEXT() REPRESENTATION_CONTEXT('2D SPACE',''
  ) );
#9613 = ORIENTED_EDGE('',*,*,#9564,.T.);
#9614 = ADVANCED_FACE('',(#9615),#9552,.T.);
#9615 = FACE_BOUND('',#9616,.T.);
#9616 = EDGE_LOOP('',(#9617));
#9617 = ORIENTED_EDGE('',*,*,#9530,.T.);
#9618 = ADVANCED_FACE('',(#9619),#9602,.F.);
#9619 = FACE_BOUND('',#9620,.T.);
#9620 = EDGE_LOOP('',(#9621));
#9621 = ORIENTED_EDGE('',*,*,#9587,.F.);
#9622 = ( GEOMETRIC_REPRESENTATION_CONTEXT(3) 
GLOBAL_UNCERTAINTY_ASSIGNED_CONTEXT((#9626)) 
GLOBAL_UNIT_ASSIGNED_CONTEXT((#9623,#9624,#9625)) REPRESENTATION_CONTEXT
('Context #1','3D Context with UNIT and UNCERTAINTY') );
#9623 = ( LENGTH_UNIT() NAMED_UNIT(*) SI_UNIT(.MILLI.,.METRE.) );
#9624 = ( NAMED_UNIT(*) PLANE_ANGLE_UNIT() SI_UNIT($,.RADIAN.) );
#9625 = ( NAMED_UNIT(*) SI_UNIT($,.STERADIAN.) SOLID_ANGLE_UNIT() );
#9626 = UNCERTAINTY_MEASURE_WITH_UNIT(LENGTH_MEASURE(1.E-07),#9623,
  'distance_accuracy_value','confusion accuracy');
#9627 = CONTEXT_DEPENDENT_SHAPE_REPRESENTATION(#9628,#9630);
#9628 = ( REPRESENTATION_RELATIONSHIP('','',#9523,#9500) 
REPRESENTATION_RELATIONSHIP_WITH_TRANSFORMATION(#9629) 
SHAPE_REPRESENTATION_RELATIONSHIP() );
#9629 = ITEM_DEFINED_TRANSFORMATION('','',#11,#9501);
#9630 = PRODUCT_DEFINITION_SHAPE('Placement','Placement of an item',
  #9631);
#9631 = NEXT_ASSEMBLY_USAGE_OCCURRENCE('39','=>[0:1:1:41]','',#9495,
  #9518,$);
#9632 = PRODUCT_RELATED_PRODUCT_CATEGORY('part',$,(#9520));
#9633 = SHAPE_DEFINITION_REPRESENTATION(#9634,#9640);
#9634 = PRODUCT_DEFINITION_SHAPE('','',#9635);
#9635 = PRODUCT_DEFINITION('design','',#9636,#9639);
#9636 = PRODUCT_DEFINITION_FORMATION('','',#9637);
#9637 = PRODUCT('trackpad_guide_support_left_1',
  'trackpad_guide_support_left_1','',(#9638));
#9638 = PRODUCT_CONTEXT('',#2,'mechanical');
#9639 = PRODUCT_DEFINITION_CONTEXT('part definition',#2,'design');
#9640 = SHAPE_REPRESENTATION('',(#11,#9641),#9645);
#9641 = AXIS2_PLACEMENT_3D('',#9642,#9643,#9644);
#9642 = CARTESIAN_POINT('',(-3.,-3.5,0.));
#9643 = DIRECTION('',(0.,0.,1.));
#9644 = DIRECTION('',(1.,0.,-0.));
#9645 = ( GEOMETRIC_REPRESENTATION_CONTEXT(3) 
GLOBAL_UNCERTAINTY_ASSIGNED_CONTEXT((#9649)) 
GLOBAL_UNIT_ASSIGNED_CONTEXT((#9646,#9647,#9648)) REPRESENTATION_CONTEXT
('Context #1','3D Context with UNIT and UNCERTAINTY') );
#9646 = ( LENGTH_UNIT() NAMED_UNIT(*) SI_UNIT(.MILLI.,.METRE.) );
#9647 = ( NAMED_UNIT(*) PLANE_ANGLE_UNIT() SI_UNIT($,.RADIAN.) );
#9648 = ( NAMED_UNIT(*) SI_UNIT($,.STERADIAN.) SOLID_ANGLE_UNIT() );
#9649 = UNCERTAINTY_MEASURE_WITH_UNIT(LENGTH_MEASURE(1.E-07),#9646,
  'distance_accuracy_value','confusion accuracy');
#9650 = CONTEXT_DEPENDENT_SHAPE_REPRESENTATION(#9651,#9653);
#9651 = ( REPRESENTATION_RELATIONSHIP('','',#9640,#10) 
REPRESENTATION_RELATIONSHIP_WITH_TRANSFORMATION(#9652) 
SHAPE_REPRESENTATION_RELATIONSHIP() );
#9652 = ITEM_DEFINED_TRANSFORMATION('','',#11,#95);
#9653 = PRODUCT_DEFINITION_SHAPE('Placement','Placement of an item',
  #9654);
#9654 = NEXT_ASSEMBLY_USAGE_OCCURRENCE('42','=>[0:1:1:42]','',#5,#9635,$
  );
#9655 = PRODUCT_RELATED_PRODUCT_CATEGORY('part',$,(#9637));
#9656 = SHAPE_DEFINITION_REPRESENTATION(#9657,#9663);
#9657 = PRODUCT_DEFINITION_SHAPE('','',#9658);
#9658 = PRODUCT_DEFINITION('design','',#9659,#9662);
#9659 = PRODUCT_DEFINITION_FORMATION('','',#9660);
#9660 = PRODUCT('SOLID','SOLID','',(#9661));
#9661 = PRODUCT_CONTEXT('',#2,'mechanical');
#9662 = PRODUCT_DEFINITION_CONTEXT('part definition',#2,'design');
#9663 = ADVANCED_BREP_SHAPE_REPRESENTATION('',(#11,#9664),#9994);
#9664 = MANIFOLD_SOLID_BREP('',#9665);
#9665 = CLOSED_SHELL('',(#9666,#9786,#9886,#9933,#9980,#9987));
#9666 = ADVANCED_FACE('',(#9667),#9681,.F.);
#9667 = FACE_BOUND('',#9668,.F.);
#9668 = EDGE_LOOP('',(#9669,#9704,#9732,#9760));
#9669 = ORIENTED_EDGE('',*,*,#9670,.F.);
#9670 = EDGE_CURVE('',#9671,#9673,#9675,.T.);
#9671 = VERTEX_POINT('',#9672);
#9672 = CARTESIAN_POINT('',(0.,0.,0.));
#9673 = VERTEX_POINT('',#9674);
#9674 = CARTESIAN_POINT('',(0.,0.,39.515122366658));
#9675 = SURFACE_CURVE('',#9676,(#9680,#9692),.PCURVE_S1.);
#9676 = LINE('',#9677,#9678);
#9677 = CARTESIAN_POINT('',(0.,0.,0.));
#9678 = VECTOR('',#9679,1.);
#9679 = DIRECTION('',(0.,0.,1.));
#9680 = PCURVE('',#9681,#9686);
#9681 = PLANE('',#9682);
#9682 = AXIS2_PLACEMENT_3D('',#9683,#9684,#9685);
#9683 = CARTESIAN_POINT('',(0.,0.,0.));
#9684 = DIRECTION('',(1.,0.,-0.));
#9685 = DIRECTION('',(0.,0.,1.));
#9686 = DEFINITIONAL_REPRESENTATION('',(#9687),#9691);
#9687 = LINE('',#9688,#9689);
#9688 = CARTESIAN_POINT('',(0.,0.));
#9689 = VECTOR('',#9690,1.);
#9690 = DIRECTION('',(1.,0.));
#9691 = ( GEOMETRIC_REPRESENTATION_CONTEXT(2) 
PARAMETRIC_REPRESENTATION_CONTEXT() REPRESENTATION_CONTEXT('2D SPACE',''
  ) );
#9692 = PCURVE('',#9693,#9698);
#9693 = PLANE('',#9694);
#9694 = AXIS2_PLACEMENT_3D('',#9695,#9696,#9697);
#9695 = CARTESIAN_POINT('',(0.,0.,0.));
#9696 = DIRECTION('',(-0.,1.,0.));
#9697 = DIRECTION('',(0.,0.,1.));
#9698 = DEFINITIONAL_REPRESENTATION('',(#9699),#9703);
#9699 = LINE('',#9700,#9701);
#9700 = CARTESIAN_POINT('',(0.,0.));
#9701 = VECTOR('',#9702,1.);
#9702 = DIRECTION('',(1.,0.));
#9703 = ( GEOMETRIC_REPRESENTATION_CONTEXT(2) 
PARAMETRIC_REPRESENTATION_CONTEXT() REPRESENTATION_CONTEXT('2D SPACE',''
  ) );
#9704 = ORIENTED_EDGE('',*,*,#9705,.T.);
#9705 = EDGE_CURVE('',#9671,#9706,#9708,.T.);
#9706 = VERTEX_POINT('',#9707);
#9707 = CARTESIAN_POINT('',(0.,7.,0.));
#9708 = SURFACE_CURVE('',#9709,(#9713,#9720),.PCURVE_S1.);
#9709 = LINE('',#9710,#9711);
#9710 = CARTESIAN_POINT('',(0.,0.,0.));
#9711 = VECTOR('',#9712,1.);
#9712 = DIRECTION('',(-0.,1.,0.));
#9713 = PCURVE('',#9681,#9714);
#9714 = DEFINITIONAL_REPRESENTATION('',(#9715),#9719);
#9715 = LINE('',#9716,#9717);
#9716 = CARTESIAN_POINT('',(0.,0.));
#9717 = VECTOR('',#9718,1.);
#9718 = DIRECTION('',(0.,-1.));
#9719 = ( GEOMETRIC_REPRESENTATION_CONTEXT(2) 
PARAMETRIC_REPRESENTATION_CONTEXT() REPRESENTATION_CONTEXT('2D SPACE',''
  ) );
#9720 = PCURVE('',#9721,#9726);
#9721 = PLANE('',#9722);
#9722 = AXIS2_PLACEMENT_3D('',#9723,#9724,#9725);
#9723 = CARTESIAN_POINT('',(0.,0.,0.));
#9724 = DIRECTION('',(0.,0.,1.));
#9725 = DIRECTION('',(1.,0.,-0.));
#9726 = DEFINITIONAL_REPRESENTATION('',(#9727),#9731);
#9727 = LINE('',#9728,#9729);
#9728 = CARTESIAN_POINT('',(0.,0.));
#9729 = VECTOR('',#9730,1.);
#9730 = DIRECTION('',(0.,1.));
#9731 = ( GEOMETRIC_REPRESENTATION_CONTEXT(2) 
PARAMETRIC_REPRESENTATION_CONTEXT() REPRESENTATION_CONTEXT('2D SPACE',''
  ) );
#9732 = ORIENTED_EDGE('',*,*,#9733,.T.);
#9733 = EDGE_CURVE('',#9706,#9734,#9736,.T.);
#9734 = VERTEX_POINT('',#9735);
#9735 = CARTESIAN_POINT('',(0.,7.,39.515122366658));
#9736 = SURFACE_CURVE('',#9737,(#9741,#9748),.PCURVE_S1.);
#9737 = LINE('',#9738,#9739);
#9738 = CARTESIAN_POINT('',(0.,7.,0.));
#9739 = VECTOR('',#9740,1.);
#9740 = DIRECTION('',(0.,0.,1.));
#9741 = PCURVE('',#9681,#9742);
#9742 = DEFINITIONAL_REPRESENTATION('',(#9743),#9747);
#9743 = LINE('',#9744,#9745);
#9744 = CARTESIAN_POINT('',(0.,-7.));
#9745 = VECTOR('',#9746,1.);
#9746 = DIRECTION('',(1.,0.));
#9747 = ( GEOMETRIC_REPRESENTATION_CONTEXT(2) 
PARAMETRIC_REPRESENTATION_CONTEXT() REPRESENTATION_CONTEXT('2D SPACE',''
  ) );
#9748 = PCURVE('',#9749,#9754);
#9749 = PLANE('',#9750);
#9750 = AXIS2_PLACEMENT_3D('',#9751,#9752,#9753);
#9751 = CARTESIAN_POINT('',(0.,7.,0.));
#9752 = DIRECTION('',(-0.,1.,0.));
#9753 = DIRECTION('',(0.,0.,1.));
#9754 = DEFINITIONAL_REPRESENTATION('',(#9755),#9759);
#9755 = LINE('',#9756,#9757);
#9756 = CARTESIAN_POINT('',(0.,0.));
#9757 = VECTOR('',#9758,1.);
#9758 = DIRECTION('',(1.,0.));
#9759 = ( GEOMETRIC_REPRESENTATION_CONTEXT(2) 
PARAMETRIC_REPRESENTATION_CONTEXT() REPRESENTATION_CONTEXT('2D SPACE',''
  ) );
#9760 = ORIENTED_EDGE('',*,*,#9761,.F.);
#9761 = EDGE_CURVE('',#9673,#9734,#9762,.T.);
#9762 = SURFACE_CURVE('',#9763,(#9767,#9774),.PCURVE_S1.);
#9763 = LINE('',#9764,#9765);
#9764 = CARTESIAN_POINT('',(0.,0.,39.515122366658));
#9765 = VECTOR('',#9766,1.);
#9766 = DIRECTION('',(-0.,1.,0.));
#9767 = PCURVE('',#9681,#9768);
#9768 = DEFINITIONAL_REPRESENTATION('',(#9769),#9773);
#9769 = LINE('',#9770,#9771);
#9770 = CARTESIAN_POINT('',(39.515122366658,0.));
#9771 = VECTOR('',#9772,1.);
#9772 = DIRECTION('',(0.,-1.));
#9773 = ( GEOMETRIC_REPRESENTATION_CONTEXT(2) 
PARAMETRIC_REPRESENTATION_CONTEXT() REPRESENTATION_CONTEXT('2D SPACE',''
  ) );
#9774 = PCURVE('',#9775,#9780);
#9775 = PLANE('',#9776);
#9776 = AXIS2_PLACEMENT_3D('',#9777,#9778,#9779);
#9777 = CARTESIAN_POINT('',(0.,0.,39.515122366658));
#9778 = DIRECTION('',(0.,0.,1.));
#9779 = DIRECTION('',(1.,0.,-0.));
#9780 = DEFINITIONAL_REPRESENTATION('',(#9781),#9785);
#9781 = LINE('',#9782,#9783);
#9782 = CARTESIAN_POINT('',(0.,0.));
#9783 = VECTOR('',#9784,1.);
#9784 = DIRECTION('',(0.,1.));
#9785 = ( GEOMETRIC_REPRESENTATION_CONTEXT(2) 
PARAMETRIC_REPRESENTATION_CONTEXT() REPRESENTATION_CONTEXT('2D SPACE',''
  ) );
#9786 = ADVANCED_FACE('',(#9787),#9801,.T.);
#9787 = FACE_BOUND('',#9788,.T.);
#9788 = EDGE_LOOP('',(#9789,#9819,#9842,#9865));
#9789 = ORIENTED_EDGE('',*,*,#9790,.F.);
#9790 = EDGE_CURVE('',#9791,#9793,#9795,.T.);
#9791 = VERTEX_POINT('',#9792);
#9792 = CARTESIAN_POINT('',(6.,0.,0.));
#9793 = VERTEX_POINT('',#9794);
#9794 = CARTESIAN_POINT('',(6.,0.,39.515122366658));
#9795 = SURFACE_CURVE('',#9796,(#9800,#9812),.PCURVE_S1.);
#9796 = LINE('',#9797,#9798);
#9797 = CARTESIAN_POINT('',(6.,0.,0.));
#9798 = VECTOR('',#9799,1.);
#9799 = DIRECTION('',(0.,0.,1.));
#9800 = PCURVE('',#9801,#9806);
#9801 = PLANE('',#9802);
#9802 = AXIS2_PLACEMENT_3D('',#9803,#9804,#9805);
#9803 = CARTESIAN_POINT('',(6.,0.,0.));
#9804 = DIRECTION('',(1.,0.,-0.));
#9805 = DIRECTION('',(0.,0.,1.));
#9806 = DEFINITIONAL_REPRESENTATION('',(#9807),#9811);
#9807 = LINE('',#9808,#9809);
#9808 = CARTESIAN_POINT('',(0.,0.));
#9809 = VECTOR('',#9810,1.);
#9810 = DIRECTION('',(1.,0.));
#9811 = ( GEOMETRIC_REPRESENTATION_CONTEXT(2) 
PARAMETRIC_REPRESENTATION_CONTEXT() REPRESENTATION_CONTEXT('2D SPACE',''
  ) );
#9812 = PCURVE('',#9693,#9813);
#9813 = DEFINITIONAL_REPRESENTATION('',(#9814),#9818);
#9814 = LINE('',#9815,#9816);
#9815 = CARTESIAN_POINT('',(0.,6.));
#9816 = VECTOR('',#9817,1.);
#9817 = DIRECTION('',(1.,0.));
#9818 = ( GEOMETRIC_REPRESENTATION_CONTEXT(2) 
PARAMETRIC_REPRESENTATION_CONTEXT() REPRESENTATION_CONTEXT('2D SPACE',''
  ) );
#9819 = ORIENTED_EDGE('',*,*,#9820,.T.);
#9820 = EDGE_CURVE('',#9791,#9821,#9823,.T.);
#9821 = VERTEX_POINT('',#9822);
#9822 = CARTESIAN_POINT('',(6.,7.,0.));
#9823 = SURFACE_CURVE('',#9824,(#9828,#9835),.PCURVE_S1.);
#9824 = LINE('',#9825,#9826);
#9825 = CARTESIAN_POINT('',(6.,0.,0.));
#9826 = VECTOR('',#9827,1.);
#9827 = DIRECTION('',(-0.,1.,0.));
#9828 = PCURVE('',#9801,#9829);
#9829 = DEFINITIONAL_REPRESENTATION('',(#9830),#9834);
#9830 = LINE('',#9831,#9832);
#9831 = CARTESIAN_POINT('',(0.,0.));
#9832 = VECTOR('',#9833,1.);
#9833 = DIRECTION('',(0.,-1.));
#9834 = ( GEOMETRIC_REPRESENTATION_CONTEXT(2) 
PARAMETRIC_REPRESENTATION_CONTEXT() REPRESENTATION_CONTEXT('2D SPACE',''
  ) );
#9835 = PCURVE('',#9721,#9836);
#9836 = DEFINITIONAL_REPRESENTATION('',(#9837),#9841);
#9837 = LINE('',#9838,#9839);
#9838 = CARTESIAN_POINT('',(6.,0.));
#9839 = VECTOR('',#9840,1.);
#9840 = DIRECTION('',(0.,1.));
#9841 = ( GEOMETRIC_REPRESENTATION_CONTEXT(2) 
PARAMETRIC_REPRESENTATION_CONTEXT() REPRESENTATION_CONTEXT('2D SPACE',''
  ) );
#9842 = ORIENTED_EDGE('',*,*,#9843,.T.);
#9843 = EDGE_CURVE('',#9821,#9844,#9846,.T.);
#9844 = VERTEX_POINT('',#9845);
#9845 = CARTESIAN_POINT('',(6.,7.,39.515122366658));
#9846 = SURFACE_CURVE('',#9847,(#9851,#9858),.PCURVE_S1.);
#9847 = LINE('',#9848,#9849);
#9848 = CARTESIAN_POINT('',(6.,7.,0.));
#9849 = VECTOR('',#9850,1.);
#9850 = DIRECTION('',(0.,0.,1.));
#9851 = PCURVE('',#9801,#9852);
#9852 = DEFINITIONAL_REPRESENTATION('',(#9853),#9857);
#9853 = LINE('',#9854,#9855);
#9854 = CARTESIAN_POINT('',(0.,-7.));
#9855 = VECTOR('',#9856,1.);
#9856 = DIRECTION('',(1.,0.));
#9857 = ( GEOMETRIC_REPRESENTATION_CONTEXT(2) 
PARAMETRIC_REPRESENTATION_CONTEXT() REPRESENTATION_CONTEXT('2D SPACE',''
  ) );
#9858 = PCURVE('',#9749,#9859);
#9859 = DEFINITIONAL_REPRESENTATION('',(#9860),#9864);
#9860 = LINE('',#9861,#9862);
#9861 = CARTESIAN_POINT('',(0.,6.));
#9862 = VECTOR('',#9863,1.);
#9863 = DIRECTION('',(1.,0.));
#9864 = ( GEOMETRIC_REPRESENTATION_CONTEXT(2) 
PARAMETRIC_REPRESENTATION_CONTEXT() REPRESENTATION_CONTEXT('2D SPACE',''
  ) );
#9865 = ORIENTED_EDGE('',*,*,#9866,.F.);
#9866 = EDGE_CURVE('',#9793,#9844,#9867,.T.);
#9867 = SURFACE_CURVE('',#9868,(#9872,#9879),.PCURVE_S1.);
#9868 = LINE('',#9869,#9870);
#9869 = CARTESIAN_POINT('',(6.,0.,39.515122366658));
#9870 = VECTOR('',#9871,1.);
#9871 = DIRECTION('',(-0.,1.,0.));
#9872 = PCURVE('',#9801,#9873);
#9873 = DEFINITIONAL_REPRESENTATION('',(#9874),#9878);
#9874 = LINE('',#9875,#9876);
#9875 = CARTESIAN_POINT('',(39.515122366658,0.));
#9876 = VECTOR('',#9877,1.);
#9877 = DIRECTION('',(0.,-1.));
#9878 = ( GEOMETRIC_REPRESENTATION_CONTEXT(2) 
PARAMETRIC_REPRESENTATION_CONTEXT() REPRESENTATION_CONTEXT('2D SPACE',''
  ) );
#9879 = PCURVE('',#9775,#9880);
#9880 = DEFINITIONAL_REPRESENTATION('',(#9881),#9885);
#9881 = LINE('',#9882,#9883);
#9882 = CARTESIAN_POINT('',(6.,0.));
#9883 = VECTOR('',#9884,1.);
#9884 = DIRECTION('',(0.,1.));
#9885 = ( GEOMETRIC_REPRESENTATION_CONTEXT(2) 
PARAMETRIC_REPRESENTATION_CONTEXT() REPRESENTATION_CONTEXT('2D SPACE',''
  ) );
#9886 = ADVANCED_FACE('',(#9887),#9693,.F.);
#9887 = FACE_BOUND('',#9888,.F.);
#9888 = EDGE_LOOP('',(#9889,#9910,#9911,#9932));
#9889 = ORIENTED_EDGE('',*,*,#9890,.F.);
#9890 = EDGE_CURVE('',#9671,#9791,#9891,.T.);
#9891 = SURFACE_CURVE('',#9892,(#9896,#9903),.PCURVE_S1.);
#9892 = LINE('',#9893,#9894);
#9893 = CARTESIAN_POINT('',(0.,0.,0.));
#9894 = VECTOR('',#9895,1.);
#9895 = DIRECTION('',(1.,0.,-0.));
#9896 = PCURVE('',#9693,#9897);
#9897 = DEFINITIONAL_REPRESENTATION('',(#9898),#9902);
#9898 = LINE('',#9899,#9900);
#9899 = CARTESIAN_POINT('',(0.,0.));
#9900 = VECTOR('',#9901,1.);
#9901 = DIRECTION('',(0.,1.));
#9902 = ( GEOMETRIC_REPRESENTATION_CONTEXT(2) 
PARAMETRIC_REPRESENTATION_CONTEXT() REPRESENTATION_CONTEXT('2D SPACE',''
  ) );
#9903 = PCURVE('',#9721,#9904);
#9904 = DEFINITIONAL_REPRESENTATION('',(#9905),#9909);
#9905 = LINE('',#9906,#9907);
#9906 = CARTESIAN_POINT('',(0.,0.));
#9907 = VECTOR('',#9908,1.);
#9908 = DIRECTION('',(1.,0.));
#9909 = ( GEOMETRIC_REPRESENTATION_CONTEXT(2) 
PARAMETRIC_REPRESENTATION_CONTEXT() REPRESENTATION_CONTEXT('2D SPACE',''
  ) );
#9910 = ORIENTED_EDGE('',*,*,#9670,.T.);
#9911 = ORIENTED_EDGE('',*,*,#9912,.T.);
#9912 = EDGE_CURVE('',#9673,#9793,#9913,.T.);
#9913 = SURFACE_CURVE('',#9914,(#9918,#9925),.PCURVE_S1.);
#9914 = LINE('',#9915,#9916);
#9915 = CARTESIAN_POINT('',(0.,0.,39.515122366658));
#9916 = VECTOR('',#9917,1.);
#9917 = DIRECTION('',(1.,0.,-0.));
#9918 = PCURVE('',#9693,#9919);
#9919 = DEFINITIONAL_REPRESENTATION('',(#9920),#9924);
#9920 = LINE('',#9921,#9922);
#9921 = CARTESIAN_POINT('',(39.515122366658,0.));
#9922 = VECTOR('',#9923,1.);
#9923 = DIRECTION('',(0.,1.));
#9924 = ( GEOMETRIC_REPRESENTATION_CONTEXT(2) 
PARAMETRIC_REPRESENTATION_CONTEXT() REPRESENTATION_CONTEXT('2D SPACE',''
  ) );
#9925 = PCURVE('',#9775,#9926);
#9926 = DEFINITIONAL_REPRESENTATION('',(#9927),#9931);
#9927 = LINE('',#9928,#9929);
#9928 = CARTESIAN_POINT('',(0.,0.));
#9929 = VECTOR('',#9930,1.);
#9930 = DIRECTION('',(1.,0.));
#9931 = ( GEOMETRIC_REPRESENTATION_CONTEXT(2) 
PARAMETRIC_REPRESENTATION_CONTEXT() REPRESENTATION_CONTEXT('2D SPACE',''
  ) );
#9932 = ORIENTED_EDGE('',*,*,#9790,.F.);
#9933 = ADVANCED_FACE('',(#9934),#9749,.T.);
#9934 = FACE_BOUND('',#9935,.T.);
#9935 = EDGE_LOOP('',(#9936,#9957,#9958,#9979));
#9936 = ORIENTED_EDGE('',*,*,#9937,.F.);
#9937 = EDGE_CURVE('',#9706,#9821,#9938,.T.);
#9938 = SURFACE_CURVE('',#9939,(#9943,#9950),.PCURVE_S1.);
#9939 = LINE('',#9940,#9941);
#9940 = CARTESIAN_POINT('',(0.,7.,0.));
#9941 = VECTOR('',#9942,1.);
#9942 = DIRECTION('',(1.,0.,-0.));
#9943 = PCURVE('',#9749,#9944);
#9944 = DEFINITIONAL_REPRESENTATION('',(#9945),#9949);
#9945 = LINE('',#9946,#9947);
#9946 = CARTESIAN_POINT('',(0.,0.));
#9947 = VECTOR('',#9948,1.);
#9948 = DIRECTION('',(0.,1.));
#9949 = ( GEOMETRIC_REPRESENTATION_CONTEXT(2) 
PARAMETRIC_REPRESENTATION_CONTEXT() REPRESENTATION_CONTEXT('2D SPACE',''
  ) );
#9950 = PCURVE('',#9721,#9951);
#9951 = DEFINITIONAL_REPRESENTATION('',(#9952),#9956);
#9952 = LINE('',#9953,#9954);
#9953 = CARTESIAN_POINT('',(0.,7.));
#9954 = VECTOR('',#9955,1.);
#9955 = DIRECTION('',(1.,0.));
#9956 = ( GEOMETRIC_REPRESENTATION_CONTEXT(2) 
PARAMETRIC_REPRESENTATION_CONTEXT() REPRESENTATION_CONTEXT('2D SPACE',''
  ) );
#9957 = ORIENTED_EDGE('',*,*,#9733,.T.);
#9958 = ORIENTED_EDGE('',*,*,#9959,.T.);
#9959 = EDGE_CURVE('',#9734,#9844,#9960,.T.);
#9960 = SURFACE_CURVE('',#9961,(#9965,#9972),.PCURVE_S1.);
#9961 = LINE('',#9962,#9963);
#9962 = CARTESIAN_POINT('',(0.,7.,39.515122366658));
#9963 = VECTOR('',#9964,1.);
#9964 = DIRECTION('',(1.,0.,-0.));
#9965 = PCURVE('',#9749,#9966);
#9966 = DEFINITIONAL_REPRESENTATION('',(#9967),#9971);
#9967 = LINE('',#9968,#9969);
#9968 = CARTESIAN_POINT('',(39.515122366658,0.));
#9969 = VECTOR('',#9970,1.);
#9970 = DIRECTION('',(0.,1.));
#9971 = ( GEOMETRIC_REPRESENTATION_CONTEXT(2) 
PARAMETRIC_REPRESENTATION_CONTEXT() REPRESENTATION_CONTEXT('2D SPACE',''
  ) );
#9972 = PCURVE('',#9775,#9973);
#9973 = DEFINITIONAL_REPRESENTATION('',(#9974),#9978);
#9974 = LINE('',#9975,#9976);
#9975 = CARTESIAN_POINT('',(0.,7.));
#9976 = VECTOR('',#9977,1.);
#9977 = DIRECTION('',(1.,0.));
#9978 = ( GEOMETRIC_REPRESENTATION_CONTEXT(2) 
PARAMETRIC_REPRESENTATION_CONTEXT() REPRESENTATION_CONTEXT('2D SPACE',''
  ) );
#9979 = ORIENTED_EDGE('',*,*,#9843,.F.);
#9980 = ADVANCED_FACE('',(#9981),#9721,.F.);
#9981 = FACE_BOUND('',#9982,.F.);
#9982 = EDGE_LOOP('',(#9983,#9984,#9985,#9986));
#9983 = ORIENTED_EDGE('',*,*,#9705,.F.);
#9984 = ORIENTED_EDGE('',*,*,#9890,.T.);
#9985 = ORIENTED_EDGE('',*,*,#9820,.T.);
#9986 = ORIENTED_EDGE('',*,*,#9937,.F.);
#9987 = ADVANCED_FACE('',(#9988),#9775,.T.);
#9988 = FACE_BOUND('',#9989,.T.);
#9989 = EDGE_LOOP('',(#9990,#9991,#9992,#9993));
#9990 = ORIENTED_EDGE('',*,*,#9761,.F.);
#9991 = ORIENTED_EDGE('',*,*,#9912,.T.);
#9992 = ORIENTED_EDGE('',*,*,#9866,.T.);
#9993 = ORIENTED_EDGE('',*,*,#9959,.F.);
#9994 = ( GEOMETRIC_REPRESENTATION_CONTEXT(3) 
GLOBAL_UNCERTAINTY_ASSIGNED_CONTEXT((#9998)) 
GLOBAL_UNIT_ASSIGNED_CONTEXT((#9995,#9996,#9997)) REPRESENTATION_CONTEXT
('Context #1','3D Context with UNIT and UNCERTAINTY') );
#9995 = ( LENGTH_UNIT() NAMED_UNIT(*) SI_UNIT(.MILLI.,.METRE.) );
#9996 = ( NAMED_UNIT(*) PLANE_ANGLE_UNIT() SI_UNIT($,.RADIAN.) );
#9997 = ( NAMED_UNIT(*) SI_UNIT($,.STERADIAN.) SOLID_ANGLE_UNIT() );
#9998 = UNCERTAINTY_MEASURE_WITH_UNIT(LENGTH_MEASURE(1.E-07),#9995,
  'distance_accuracy_value','confusion accuracy');
#9999 = CONTEXT_DEPENDENT_SHAPE_REPRESENTATION(#10000,#10002);
#10000 = ( REPRESENTATION_RELATIONSHIP('','',#9663,#9640) 
REPRESENTATION_RELATIONSHIP_WITH_TRANSFORMATION(#10001) 
SHAPE_REPRESENTATION_RELATIONSHIP() );
#10001 = ITEM_DEFINED_TRANSFORMATION('','',#11,#9641);
#10002 = PRODUCT_DEFINITION_SHAPE('Placement','Placement of an item',
  #10003);
#10003 = NEXT_ASSEMBLY_USAGE_OCCURRENCE('41','=>[0:1:1:43]','',#9635,
  #9658,$);
#10004 = PRODUCT_RELATED_PRODUCT_CATEGORY('part',$,(#9660));
#10005 = SHAPE_DEFINITION_REPRESENTATION(#10006,#10012);
#10006 = PRODUCT_DEFINITION_SHAPE('','',#10007);
#10007 = PRODUCT_DEFINITION('design','',#10008,#10011);
#10008 = PRODUCT_DEFINITION_FORMATION('','',#10009);
#10009 = PRODUCT('trackpad_guide_support_left_2',
  'trackpad_guide_support_left_2','',(#10010));
#10010 = PRODUCT_CONTEXT('',#2,'mechanical');
#10011 = PRODUCT_DEFINITION_CONTEXT('part definition',#2,'design');
#10012 = SHAPE_REPRESENTATION('',(#11,#10013),#10017);
#10013 = AXIS2_PLACEMENT_3D('',#10014,#10015,#10016);
#10014 = CARTESIAN_POINT('',(-3.,-3.5,0.));
#10015 = DIRECTION('',(0.,0.,1.));
#10016 = DIRECTION('',(1.,0.,-0.));
#10017 = ( GEOMETRIC_REPRESENTATION_CONTEXT(3) 
GLOBAL_UNCERTAINTY_ASSIGNED_CONTEXT((#10021)) 
GLOBAL_UNIT_ASSIGNED_CONTEXT((#10018,#10019,#10020)) 
REPRESENTATION_CONTEXT('Context #1',
  '3D Context with UNIT and UNCERTAINTY') );
#10018 = ( LENGTH_UNIT() NAMED_UNIT(*) SI_UNIT(.MILLI.,.METRE.) );
#10019 = ( NAMED_UNIT(*) PLANE_ANGLE_UNIT() SI_UNIT($,.RADIAN.) );
#10020 = ( NAMED_UNIT(*) SI_UNIT($,.STERADIAN.) SOLID_ANGLE_UNIT() );
#10021 = UNCERTAINTY_MEASURE_WITH_UNIT(LENGTH_MEASURE(1.E-07),#10018,
  'distance_accuracy_value','confusion accuracy');
#10022 = CONTEXT_DEPENDENT_SHAPE_REPRESENTATION(#10023,#10025);
#10023 = ( REPRESENTATION_RELATIONSHIP('','',#10012,#10) 
REPRESENTATION_RELATIONSHIP_WITH_TRANSFORMATION(#10024) 
SHAPE_REPRESENTATION_RELATIONSHIP() );
#10024 = ITEM_DEFINED_TRANSFORMATION('','',#11,#99);
#10025 = PRODUCT_DEFINITION_SHAPE('Placement','Placement of an item',
  #10026);
#10026 = NEXT_ASSEMBLY_USAGE_OCCURRENCE('44','=>[0:1:1:44]','',#5,#10007
  ,$);
#10027 = PRODUCT_RELATED_PRODUCT_CATEGORY('part',$,(#10009));
#10028 = SHAPE_DEFINITION_REPRESENTATION(#10029,#10035);
#10029 = PRODUCT_DEFINITION_SHAPE('','',#10030);
#10030 = PRODUCT_DEFINITION('design','',#10031,#10034);
#10031 = PRODUCT_DEFINITION_FORMATION('','',#10032);
#10032 = PRODUCT('SOLID','SOLID','',(#10033));
#10033 = PRODUCT_CONTEXT('',#2,'mechanical');
#10034 = PRODUCT_DEFINITION_CONTEXT('part definition',#2,'design');
#10035 = ADVANCED_BREP_SHAPE_REPRESENTATION('',(#11,#10036),#10366);
#10036 = MANIFOLD_SOLID_BREP('',#10037);
#10037 = CLOSED_SHELL('',(#10038,#10158,#10258,#10305,#10352,#10359));
#10038 = ADVANCED_FACE('',(#10039),#10053,.F.);
#10039 = FACE_BOUND('',#10040,.F.);
#10040 = EDGE_LOOP('',(#10041,#10076,#10104,#10132));
#10041 = ORIENTED_EDGE('',*,*,#10042,.F.);
#10042 = EDGE_CURVE('',#10043,#10045,#10047,.T.);
#10043 = VERTEX_POINT('',#10044);
#10044 = CARTESIAN_POINT('',(0.,0.,0.));
#10045 = VERTEX_POINT('',#10046);
#10046 = CARTESIAN_POINT('',(0.,0.,54.484877633342));
#10047 = SURFACE_CURVE('',#10048,(#10052,#10064),.PCURVE_S1.);
#10048 = LINE('',#10049,#10050);
#10049 = CARTESIAN_POINT('',(0.,0.,0.));
#10050 = VECTOR('',#10051,1.);
#10051 = DIRECTION('',(0.,0.,1.));
#10052 = PCURVE('',#10053,#10058);
#10053 = PLANE('',#10054);
#10054 = AXIS2_PLACEMENT_3D('',#10055,#10056,#10057);
#10055 = CARTESIAN_POINT('',(0.,0.,0.));
#10056 = DIRECTION('',(1.,0.,-0.));
#10057 = DIRECTION('',(0.,0.,1.));
#10058 = DEFINITIONAL_REPRESENTATION('',(#10059),#10063);
#10059 = LINE('',#10060,#10061);
#10060 = CARTESIAN_POINT('',(0.,0.));
#10061 = VECTOR('',#10062,1.);
#10062 = DIRECTION('',(1.,0.));
#10063 = ( GEOMETRIC_REPRESENTATION_CONTEXT(2) 
PARAMETRIC_REPRESENTATION_CONTEXT() REPRESENTATION_CONTEXT('2D SPACE',''
  ) );
#10064 = PCURVE('',#10065,#10070);
#10065 = PLANE('',#10066);
#10066 = AXIS2_PLACEMENT_3D('',#10067,#10068,#10069);
#10067 = CARTESIAN_POINT('',(0.,0.,0.));
#10068 = DIRECTION('',(-0.,1.,0.));
#10069 = DIRECTION('',(0.,0.,1.));
#10070 = DEFINITIONAL_REPRESENTATION('',(#10071),#10075);
#10071 = LINE('',#10072,#10073);
#10072 = CARTESIAN_POINT('',(0.,0.));
#10073 = VECTOR('',#10074,1.);
#10074 = DIRECTION('',(1.,0.));
#10075 = ( GEOMETRIC_REPRESENTATION_CONTEXT(2) 
PARAMETRIC_REPRESENTATION_CONTEXT() REPRESENTATION_CONTEXT('2D SPACE',''
  ) );
#10076 = ORIENTED_EDGE('',*,*,#10077,.T.);
#10077 = EDGE_CURVE('',#10043,#10078,#10080,.T.);
#10078 = VERTEX_POINT('',#10079);
#10079 = CARTESIAN_POINT('',(0.,7.,0.));
#10080 = SURFACE_CURVE('',#10081,(#10085,#10092),.PCURVE_S1.);
#10081 = LINE('',#10082,#10083);
#10082 = CARTESIAN_POINT('',(0.,0.,0.));
#10083 = VECTOR('',#10084,1.);
#10084 = DIRECTION('',(-0.,1.,0.));
#10085 = PCURVE('',#10053,#10086);
#10086 = DEFINITIONAL_REPRESENTATION('',(#10087),#10091);
#10087 = LINE('',#10088,#10089);
#10088 = CARTESIAN_POINT('',(0.,0.));
#10089 = VECTOR('',#10090,1.);
#10090 = DIRECTION('',(0.,-1.));
#10091 = ( GEOMETRIC_REPRESENTATION_CONTEXT(2) 
PARAMETRIC_REPRESENTATION_CONTEXT() REPRESENTATION_CONTEXT('2D SPACE',''
  ) );
#10092 = PCURVE('',#10093,#10098);
#10093 = PLANE('',#10094);
#10094 = AXIS2_PLACEMENT_3D('',#10095,#10096,#10097);
#10095 = CARTESIAN_POINT('',(0.,0.,0.));
#10096 = DIRECTION('',(0.,0.,1.));
#10097 = DIRECTION('',(1.,0.,-0.));
#10098 = DEFINITIONAL_REPRESENTATION('',(#10099),#10103);
#10099 = LINE('',#10100,#10101);
#10100 = CARTESIAN_POINT('',(0.,0.));
#10101 = VECTOR('',#10102,1.);
#10102 = DIRECTION('',(0.,1.));
#10103 = ( GEOMETRIC_REPRESENTATION_CONTEXT(2) 
PARAMETRIC_REPRESENTATION_CONTEXT() REPRESENTATION_CONTEXT('2D SPACE',''
  ) );
#10104 = ORIENTED_EDGE('',*,*,#10105,.T.);
#10105 = EDGE_CURVE('',#10078,#10106,#10108,.T.);
#10106 = VERTEX_POINT('',#10107);
#10107 = CARTESIAN_POINT('',(0.,7.,54.484877633342));
#10108 = SURFACE_CURVE('',#10109,(#10113,#10120),.PCURVE_S1.);
#10109 = LINE('',#10110,#10111);
#10110 = CARTESIAN_POINT('',(0.,7.,0.));
#10111 = VECTOR('',#10112,1.);
#10112 = DIRECTION('',(0.,0.,1.));
#10113 = PCURVE('',#10053,#10114);
#10114 = DEFINITIONAL_REPRESENTATION('',(#10115),#10119);
#10115 = LINE('',#10116,#10117);
#10116 = CARTESIAN_POINT('',(0.,-7.));
#10117 = VECTOR('',#10118,1.);
#10118 = DIRECTION('',(1.,0.));
#10119 = ( GEOMETRIC_REPRESENTATION_CONTEXT(2) 
PARAMETRIC_REPRESENTATION_CONTEXT() REPRESENTATION_CONTEXT('2D SPACE',''
  ) );
#10120 = PCURVE('',#10121,#10126);
#10121 = PLANE('',#10122);
#10122 = AXIS2_PLACEMENT_3D('',#10123,#10124,#10125);
#10123 = CARTESIAN_POINT('',(0.,7.,0.));
#10124 = DIRECTION('',(-0.,1.,0.));
#10125 = DIRECTION('',(0.,0.,1.));
#10126 = DEFINITIONAL_REPRESENTATION('',(#10127),#10131);
#10127 = LINE('',#10128,#10129);
#10128 = CARTESIAN_POINT('',(0.,0.));
#10129 = VECTOR('',#10130,1.);
#10130 = DIRECTION('',(1.,0.));
#10131 = ( GEOMETRIC_REPRESENTATION_CONTEXT(2) 
PARAMETRIC_REPRESENTATION_CONTEXT() REPRESENTATION_CONTEXT('2D SPACE',''
  ) );
#10132 = ORIENTED_EDGE('',*,*,#10133,.F.);
#10133 = EDGE_CURVE('',#10045,#10106,#10134,.T.);
#10134 = SURFACE_CURVE('',#10135,(#10139,#10146),.PCURVE_S1.);
#10135 = LINE('',#10136,#10137);
#10136 = CARTESIAN_POINT('',(0.,0.,54.484877633342));
#10137 = VECTOR('',#10138,1.);
#10138 = DIRECTION('',(-0.,1.,0.));
#10139 = PCURVE('',#10053,#10140);
#10140 = DEFINITIONAL_REPRESENTATION('',(#10141),#10145);
#10141 = LINE('',#10142,#10143);
#10142 = CARTESIAN_POINT('',(54.484877633342,0.));
#10143 = VECTOR('',#10144,1.);
#10144 = DIRECTION('',(0.,-1.));
#10145 = ( GEOMETRIC_REPRESENTATION_CONTEXT(2) 
PARAMETRIC_REPRESENTATION_CONTEXT() REPRESENTATION_CONTEXT('2D SPACE',''
  ) );
#10146 = PCURVE('',#10147,#10152);
#10147 = PLANE('',#10148);
#10148 = AXIS2_PLACEMENT_3D('',#10149,#10150,#10151);
#10149 = CARTESIAN_POINT('',(0.,0.,54.484877633342));
#10150 = DIRECTION('',(0.,0.,1.));
#10151 = DIRECTION('',(1.,0.,-0.));
#10152 = DEFINITIONAL_REPRESENTATION('',(#10153),#10157);
#10153 = LINE('',#10154,#10155);
#10154 = CARTESIAN_POINT('',(0.,0.));
#10155 = VECTOR('',#10156,1.);
#10156 = DIRECTION('',(0.,1.));
#10157 = ( GEOMETRIC_REPRESENTATION_CONTEXT(2) 
PARAMETRIC_REPRESENTATION_CONTEXT() REPRESENTATION_CONTEXT('2D SPACE',''
  ) );
#10158 = ADVANCED_FACE('',(#10159),#10173,.T.);
#10159 = FACE_BOUND('',#10160,.T.);
#10160 = EDGE_LOOP('',(#10161,#10191,#10214,#10237));
#10161 = ORIENTED_EDGE('',*,*,#10162,.F.);
#10162 = EDGE_CURVE('',#10163,#10165,#10167,.T.);
#10163 = VERTEX_POINT('',#10164);
#10164 = CARTESIAN_POINT('',(6.,0.,0.));
#10165 = VERTEX_POINT('',#10166);
#10166 = CARTESIAN_POINT('',(6.,0.,54.484877633342));
#10167 = SURFACE_CURVE('',#10168,(#10172,#10184),.PCURVE_S1.);
#10168 = LINE('',#10169,#10170);
#10169 = CARTESIAN_POINT('',(6.,0.,0.));
#10170 = VECTOR('',#10171,1.);
#10171 = DIRECTION('',(0.,0.,1.));
#10172 = PCURVE('',#10173,#10178);
#10173 = PLANE('',#10174);
#10174 = AXIS2_PLACEMENT_3D('',#10175,#10176,#10177);
#10175 = CARTESIAN_POINT('',(6.,0.,0.));
#10176 = DIRECTION('',(1.,0.,-0.));
#10177 = DIRECTION('',(0.,0.,1.));
#10178 = DEFINITIONAL_REPRESENTATION('',(#10179),#10183);
#10179 = LINE('',#10180,#10181);
#10180 = CARTESIAN_POINT('',(0.,0.));
#10181 = VECTOR('',#10182,1.);
#10182 = DIRECTION('',(1.,0.));
#10183 = ( GEOMETRIC_REPRESENTATION_CONTEXT(2) 
PARAMETRIC_REPRESENTATION_CONTEXT() REPRESENTATION_CONTEXT('2D SPACE',''
  ) );
#10184 = PCURVE('',#10065,#10185);
#10185 = DEFINITIONAL_REPRESENTATION('',(#10186),#10190);
#10186 = LINE('',#10187,#10188);
#10187 = CARTESIAN_POINT('',(0.,6.));
#10188 = VECTOR('',#10189,1.);
#10189 = DIRECTION('',(1.,0.));
#10190 = ( GEOMETRIC_REPRESENTATION_CONTEXT(2) 
PARAMETRIC_REPRESENTATION_CONTEXT() REPRESENTATION_CONTEXT('2D SPACE',''
  ) );
#10191 = ORIENTED_EDGE('',*,*,#10192,.T.);
#10192 = EDGE_CURVE('',#10163,#10193,#10195,.T.);
#10193 = VERTEX_POINT('',#10194);
#10194 = CARTESIAN_POINT('',(6.,7.,0.));
#10195 = SURFACE_CURVE('',#10196,(#10200,#10207),.PCURVE_S1.);
#10196 = LINE('',#10197,#10198);
#10197 = CARTESIAN_POINT('',(6.,0.,0.));
#10198 = VECTOR('',#10199,1.);
#10199 = DIRECTION('',(-0.,1.,0.));
#10200 = PCURVE('',#10173,#10201);
#10201 = DEFINITIONAL_REPRESENTATION('',(#10202),#10206);
#10202 = LINE('',#10203,#10204);
#10203 = CARTESIAN_POINT('',(0.,0.));
#10204 = VECTOR('',#10205,1.);
#10205 = DIRECTION('',(0.,-1.));
#10206 = ( GEOMETRIC_REPRESENTATION_CONTEXT(2) 
PARAMETRIC_REPRESENTATION_CONTEXT() REPRESENTATION_CONTEXT('2D SPACE',''
  ) );
#10207 = PCURVE('',#10093,#10208);
#10208 = DEFINITIONAL_REPRESENTATION('',(#10209),#10213);
#10209 = LINE('',#10210,#10211);
#10210 = CARTESIAN_POINT('',(6.,0.));
#10211 = VECTOR('',#10212,1.);
#10212 = DIRECTION('',(0.,1.));
#10213 = ( GEOMETRIC_REPRESENTATION_CONTEXT(2) 
PARAMETRIC_REPRESENTATION_CONTEXT() REPRESENTATION_CONTEXT('2D SPACE',''
  ) );
#10214 = ORIENTED_EDGE('',*,*,#10215,.T.);
#10215 = EDGE_CURVE('',#10193,#10216,#10218,.T.);
#10216 = VERTEX_POINT('',#10217);
#10217 = CARTESIAN_POINT('',(6.,7.,54.484877633342));
#10218 = SURFACE_CURVE('',#10219,(#10223,#10230),.PCURVE_S1.);
#10219 = LINE('',#10220,#10221);
#10220 = CARTESIAN_POINT('',(6.,7.,0.));
#10221 = VECTOR('',#10222,1.);
#10222 = DIRECTION('',(0.,0.,1.));
#10223 = PCURVE('',#10173,#10224);
#10224 = DEFINITIONAL_REPRESENTATION('',(#10225),#10229);
#10225 = LINE('',#10226,#10227);
#10226 = CARTESIAN_POINT('',(0.,-7.));
#10227 = VECTOR('',#10228,1.);
#10228 = DIRECTION('',(1.,0.));
#10229 = ( GEOMETRIC_REPRESENTATION_CONTEXT(2) 
PARAMETRIC_REPRESENTATION_CONTEXT() REPRESENTATION_CONTEXT('2D SPACE',''
  ) );
#10230 = PCURVE('',#10121,#10231);
#10231 = DEFINITIONAL_REPRESENTATION('',(#10232),#10236);
#10232 = LINE('',#10233,#10234);
#10233 = CARTESIAN_POINT('',(0.,6.));
#10234 = VECTOR('',#10235,1.);
#10235 = DIRECTION('',(1.,0.));
#10236 = ( GEOMETRIC_REPRESENTATION_CONTEXT(2) 
PARAMETRIC_REPRESENTATION_CONTEXT() REPRESENTATION_CONTEXT('2D SPACE',''
  ) );
#10237 = ORIENTED_EDGE('',*,*,#10238,.F.);
#10238 = EDGE_CURVE('',#10165,#10216,#10239,.T.);
#10239 = SURFACE_CURVE('',#10240,(#10244,#10251),.PCURVE_S1.);
#10240 = LINE('',#10241,#10242);
#10241 = CARTESIAN_POINT('',(6.,0.,54.484877633342));
#10242 = VECTOR('',#10243,1.);
#10243 = DIRECTION('',(-0.,1.,0.));
#10244 = PCURVE('',#10173,#10245);
#10245 = DEFINITIONAL_REPRESENTATION('',(#10246),#10250);
#10246 = LINE('',#10247,#10248);
#10247 = CARTESIAN_POINT('',(54.484877633342,0.));
#10248 = VECTOR('',#10249,1.);
#10249 = DIRECTION('',(0.,-1.));
#10250 = ( GEOMETRIC_REPRESENTATION_CONTEXT(2) 
PARAMETRIC_REPRESENTATION_CONTEXT() REPRESENTATION_CONTEXT('2D SPACE',''
  ) );
#10251 = PCURVE('',#10147,#10252);
#10252 = DEFINITIONAL_REPRESENTATION('',(#10253),#10257);
#10253 = LINE('',#10254,#10255);
#10254 = CARTESIAN_POINT('',(6.,0.));
#10255 = VECTOR('',#10256,1.);
#10256 = DIRECTION('',(0.,1.));
#10257 = ( GEOMETRIC_REPRESENTATION_CONTEXT(2) 
PARAMETRIC_REPRESENTATION_CONTEXT() REPRESENTATION_CONTEXT('2D SPACE',''
  ) );
#10258 = ADVANCED_FACE('',(#10259),#10065,.F.);
#10259 = FACE_BOUND('',#10260,.F.);
#10260 = EDGE_LOOP('',(#10261,#10282,#10283,#10304));
#10261 = ORIENTED_EDGE('',*,*,#10262,.F.);
#10262 = EDGE_CURVE('',#10043,#10163,#10263,.T.);
#10263 = SURFACE_CURVE('',#10264,(#10268,#10275),.PCURVE_S1.);
#10264 = LINE('',#10265,#10266);
#10265 = CARTESIAN_POINT('',(0.,0.,0.));
#10266 = VECTOR('',#10267,1.);
#10267 = DIRECTION('',(1.,0.,-0.));
#10268 = PCURVE('',#10065,#10269);
#10269 = DEFINITIONAL_REPRESENTATION('',(#10270),#10274);
#10270 = LINE('',#10271,#10272);
#10271 = CARTESIAN_POINT('',(0.,0.));
#10272 = VECTOR('',#10273,1.);
#10273 = DIRECTION('',(0.,1.));
#10274 = ( GEOMETRIC_REPRESENTATION_CONTEXT(2) 
PARAMETRIC_REPRESENTATION_CONTEXT() REPRESENTATION_CONTEXT('2D SPACE',''
  ) );
#10275 = PCURVE('',#10093,#10276);
#10276 = DEFINITIONAL_REPRESENTATION('',(#10277),#10281);
#10277 = LINE('',#10278,#10279);
#10278 = CARTESIAN_POINT('',(0.,0.));
#10279 = VECTOR('',#10280,1.);
#10280 = DIRECTION('',(1.,0.));
#10281 = ( GEOMETRIC_REPRESENTATION_CONTEXT(2) 
PARAMETRIC_REPRESENTATION_CONTEXT() REPRESENTATION_CONTEXT('2D SPACE',''
  ) );
#10282 = ORIENTED_EDGE('',*,*,#10042,.T.);
#10283 = ORIENTED_EDGE('',*,*,#10284,.T.);
#10284 = EDGE_CURVE('',#10045,#10165,#10285,.T.);
#10285 = SURFACE_CURVE('',#10286,(#10290,#10297),.PCURVE_S1.);
#10286 = LINE('',#10287,#10288);
#10287 = CARTESIAN_POINT('',(0.,0.,54.484877633342));
#10288 = VECTOR('',#10289,1.);
#10289 = DIRECTION('',(1.,0.,-0.));
#10290 = PCURVE('',#10065,#10291);
#10291 = DEFINITIONAL_REPRESENTATION('',(#10292),#10296);
#10292 = LINE('',#10293,#10294);
#10293 = CARTESIAN_POINT('',(54.484877633342,0.));
#10294 = VECTOR('',#10295,1.);
#10295 = DIRECTION('',(0.,1.));
#10296 = ( GEOMETRIC_REPRESENTATION_CONTEXT(2) 
PARAMETRIC_REPRESENTATION_CONTEXT() REPRESENTATION_CONTEXT('2D SPACE',''
  ) );
#10297 = PCURVE('',#10147,#10298);
#10298 = DEFINITIONAL_REPRESENTATION('',(#10299),#10303);
#10299 = LINE('',#10300,#10301);
#10300 = CARTESIAN_POINT('',(0.,0.));
#10301 = VECTOR('',#10302,1.);
#10302 = DIRECTION('',(1.,0.));
#10303 = ( GEOMETRIC_REPRESENTATION_CONTEXT(2) 
PARAMETRIC_REPRESENTATION_CONTEXT() REPRESENTATION_CONTEXT('2D SPACE',''
  ) );
#10304 = ORIENTED_EDGE('',*,*,#10162,.F.);
#10305 = ADVANCED_FACE('',(#10306),#10121,.T.);
#10306 = FACE_BOUND('',#10307,.T.);
#10307 = EDGE_LOOP('',(#10308,#10329,#10330,#10351));
#10308 = ORIENTED_EDGE('',*,*,#10309,.F.);
#10309 = EDGE_CURVE('',#10078,#10193,#10310,.T.);
#10310 = SURFACE_CURVE('',#10311,(#10315,#10322),.PCURVE_S1.);
#10311 = LINE('',#10312,#10313);
#10312 = CARTESIAN_POINT('',(0.,7.,0.));
#10313 = VECTOR('',#10314,1.);
#10314 = DIRECTION('',(1.,0.,-0.));
#10315 = PCURVE('',#10121,#10316);
#10316 = DEFINITIONAL_REPRESENTATION('',(#10317),#10321);
#10317 = LINE('',#10318,#10319);
#10318 = CARTESIAN_POINT('',(0.,0.));
#10319 = VECTOR('',#10320,1.);
#10320 = DIRECTION('',(0.,1.));
#10321 = ( GEOMETRIC_REPRESENTATION_CONTEXT(2) 
PARAMETRIC_REPRESENTATION_CONTEXT() REPRESENTATION_CONTEXT('2D SPACE',''
  ) );
#10322 = PCURVE('',#10093,#10323);
#10323 = DEFINITIONAL_REPRESENTATION('',(#10324),#10328);
#10324 = LINE('',#10325,#10326);
#10325 = CARTESIAN_POINT('',(0.,7.));
#10326 = VECTOR('',#10327,1.);
#10327 = DIRECTION('',(1.,0.));
#10328 = ( GEOMETRIC_REPRESENTATION_CONTEXT(2) 
PARAMETRIC_REPRESENTATION_CONTEXT() REPRESENTATION_CONTEXT('2D SPACE',''
  ) );
#10329 = ORIENTED_EDGE('',*,*,#10105,.T.);
#10330 = ORIENTED_EDGE('',*,*,#10331,.T.);
#10331 = EDGE_CURVE('',#10106,#10216,#10332,.T.);
#10332 = SURFACE_CURVE('',#10333,(#10337,#10344),.PCURVE_S1.);
#10333 = LINE('',#10334,#10335);
#10334 = CARTESIAN_POINT('',(0.,7.,54.484877633342));
#10335 = VECTOR('',#10336,1.);
#10336 = DIRECTION('',(1.,0.,-0.));
#10337 = PCURVE('',#10121,#10338);
#10338 = DEFINITIONAL_REPRESENTATION('',(#10339),#10343);
#10339 = LINE('',#10340,#10341);
#10340 = CARTESIAN_POINT('',(54.484877633342,0.));
#10341 = VECTOR('',#10342,1.);
#10342 = DIRECTION('',(0.,1.));
#10343 = ( GEOMETRIC_REPRESENTATION_CONTEXT(2) 
PARAMETRIC_REPRESENTATION_CONTEXT() REPRESENTATION_CONTEXT('2D SPACE',''
  ) );
#10344 = PCURVE('',#10147,#10345);
#10345 = DEFINITIONAL_REPRESENTATION('',(#10346),#10350);
#10346 = LINE('',#10347,#10348);
#10347 = CARTESIAN_POINT('',(0.,7.));
#10348 = VECTOR('',#10349,1.);
#10349 = DIRECTION('',(1.,0.));
#10350 = ( GEOMETRIC_REPRESENTATION_CONTEXT(2) 
PARAMETRIC_REPRESENTATION_CONTEXT() REPRESENTATION_CONTEXT('2D SPACE',''
  ) );
#10351 = ORIENTED_EDGE('',*,*,#10215,.F.);
#10352 = ADVANCED_FACE('',(#10353),#10093,.F.);
#10353 = FACE_BOUND('',#10354,.F.);
#10354 = EDGE_LOOP('',(#10355,#10356,#10357,#10358));
#10355 = ORIENTED_EDGE('',*,*,#10077,.F.);
#10356 = ORIENTED_EDGE('',*,*,#10262,.T.);
#10357 = ORIENTED_EDGE('',*,*,#10192,.T.);
#10358 = ORIENTED_EDGE('',*,*,#10309,.F.);
#10359 = ADVANCED_FACE('',(#10360),#10147,.T.);
#10360 = FACE_BOUND('',#10361,.T.);
#10361 = EDGE_LOOP('',(#10362,#10363,#10364,#10365));
#10362 = ORIENTED_EDGE('',*,*,#10133,.F.);
#10363 = ORIENTED_EDGE('',*,*,#10284,.T.);
#10364 = ORIENTED_EDGE('',*,*,#10238,.T.);
#10365 = ORIENTED_EDGE('',*,*,#10331,.F.);
#10366 = ( GEOMETRIC_REPRESENTATION_CONTEXT(3) 
GLOBAL_UNCERTAINTY_ASSIGNED_CONTEXT((#10370)) 
GLOBAL_UNIT_ASSIGNED_CONTEXT((#10367,#10368,#10369)) 
REPRESENTATION_CONTEXT('Context #1',
  '3D Context with UNIT and UNCERTAINTY') );
#10367 = ( LENGTH_UNIT() NAMED_UNIT(*) SI_UNIT(.MILLI.,.METRE.) );
#10368 = ( NAMED_UNIT(*) PLANE_ANGLE_UNIT() SI_UNIT($,.RADIAN.) );
#10369 = ( NAMED_UNIT(*) SI_UNIT($,.STERADIAN.) SOLID_ANGLE_UNIT() );
#10370 = UNCERTAINTY_MEASURE_WITH_UNIT(LENGTH_MEASURE(1.E-07),#10367,
  'distance_accuracy_value','confusion accuracy');
#10371 = CONTEXT_DEPENDENT_SHAPE_REPRESENTATION(#10372,#10374);
#10372 = ( REPRESENTATION_RELATIONSHIP('','',#10035,#10012) 
REPRESENTATION_RELATIONSHIP_WITH_TRANSFORMATION(#10373) 
SHAPE_REPRESENTATION_RELATIONSHIP() );
#10373 = ITEM_DEFINED_TRANSFORMATION('','',#11,#10013);
#10374 = PRODUCT_DEFINITION_SHAPE('Placement','Placement of an item',
  #10375);
#10375 = NEXT_ASSEMBLY_USAGE_OCCURRENCE('43','=>[0:1:1:45]','',#10007,
  #10030,$);
#10376 = PRODUCT_RELATED_PRODUCT_CATEGORY('part',$,(#10032));
#10377 = SHAPE_DEFINITION_REPRESENTATION(#10378,#10384);
#10378 = PRODUCT_DEFINITION_SHAPE('','',#10379);
#10379 = PRODUCT_DEFINITION('design','',#10380,#10383);
#10380 = PRODUCT_DEFINITION_FORMATION('','',#10381);
#10381 = PRODUCT('trackpad_fixed_guide_right',
  'trackpad_fixed_guide_right','',(#10382));
#10382 = PRODUCT_CONTEXT('',#2,'mechanical');
#10383 = PRODUCT_DEFINITION_CONTEXT('part definition',#2,'design');
#10384 = SHAPE_REPRESENTATION('',(#11,#10385),#10389);
#10385 = AXIS2_PLACEMENT_3D('',#10386,#10387,#10388);
#10386 = CARTESIAN_POINT('',(0.,0.,0.));
#10387 = DIRECTION('',(0.,0.,1.));
#10388 = DIRECTION('',(1.,0.,-0.));
#10389 = ( GEOMETRIC_REPRESENTATION_CONTEXT(3) 
GLOBAL_UNCERTAINTY_ASSIGNED_CONTEXT((#10393)) 
GLOBAL_UNIT_ASSIGNED_CONTEXT((#10390,#10391,#10392)) 
REPRESENTATION_CONTEXT('Context #1',
  '3D Context with UNIT and UNCERTAINTY') );
#10390 = ( LENGTH_UNIT() NAMED_UNIT(*) SI_UNIT(.MILLI.,.METRE.) );
#10391 = ( NAMED_UNIT(*) PLANE_ANGLE_UNIT() SI_UNIT($,.RADIAN.) );
#10392 = ( NAMED_UNIT(*) SI_UNIT($,.STERADIAN.) SOLID_ANGLE_UNIT() );
#10393 = UNCERTAINTY_MEASURE_WITH_UNIT(LENGTH_MEASURE(1.E-07),#10390,
  'distance_accuracy_value','confusion accuracy');
#10394 = CONTEXT_DEPENDENT_SHAPE_REPRESENTATION(#10395,#10397);
#10395 = ( REPRESENTATION_RELATIONSHIP('','',#10384,#10) 
REPRESENTATION_RELATIONSHIP_WITH_TRANSFORMATION(#10396) 
SHAPE_REPRESENTATION_RELATIONSHIP() );
#10396 = ITEM_DEFINED_TRANSFORMATION('','',#11,#103);
#10397 = PRODUCT_DEFINITION_SHAPE('Placement','Placement of an item',
  #10398);
#10398 = NEXT_ASSEMBLY_USAGE_OCCURRENCE('46','=>[0:1:1:46]','',#5,#10379
  ,$);
#10399 = PRODUCT_RELATED_PRODUCT_CATEGORY('part',$,(#10381));
#10400 = SHAPE_DEFINITION_REPRESENTATION(#10401,#10407);
#10401 = PRODUCT_DEFINITION_SHAPE('','',#10402);
#10402 = PRODUCT_DEFINITION('design','',#10403,#10406);
#10403 = PRODUCT_DEFINITION_FORMATION('','',#10404);
#10404 = PRODUCT('SOLID','SOLID','',(#10405));
#10405 = PRODUCT_CONTEXT('',#2,'mechanical');
#10406 = PRODUCT_DEFINITION_CONTEXT('part definition',#2,'design');
#10407 = ADVANCED_BREP_SHAPE_REPRESENTATION('',(#11,#10408),#11050);
#10408 = MANIFOLD_SOLID_BREP('',#10409);
#10409 = CLOSED_SHELL('',(#10410,#10644,#10720,#10768,#10817,#10845,
    #10916,#10963,#11012,#11037));
#10410 = ADVANCED_FACE('',(#10411,#10532),#10426,.F.);
#10411 = FACE_BOUND('',#10412,.F.);
#10412 = EDGE_LOOP('',(#10413,#10449,#10477,#10506));
#10413 = ORIENTED_EDGE('',*,*,#10414,.T.);
#10414 = EDGE_CURVE('',#10415,#10417,#10419,.T.);
#10415 = VERTEX_POINT('',#10416);
#10416 = CARTESIAN_POINT('',(148.5,-87.07471706359,44.38831262575));
#10417 = VERTEX_POINT('',#10418);
#10418 = CARTESIAN_POINT('',(148.5,-85.52832759368,34.508602123547));
#10419 = SURFACE_CURVE('',#10420,(#10425,#10437),.PCURVE_S1.);
#10420 = CIRCLE('',#10421,5.);
#10421 = AXIS2_PLACEMENT_3D('',#10422,#10423,#10424);
#10422 = CARTESIAN_POINT('',(148.5,-86.30152232863,39.448457374648));
#10423 = DIRECTION('',(1.,3.433674389064E-17,-2.193736415235E-16));
#10424 = DIRECTION('',(2.22044604925E-16,-0.154638946991,0.98797105022)
  );
#10425 = PCURVE('',#10426,#10431);
#10426 = PLANE('',#10427);
#10427 = AXIS2_PLACEMENT_3D('',#10428,#10429,#10430);
#10428 = CARTESIAN_POINT('',(148.5,60.528327593681,67.491397876453));
#10429 = DIRECTION('',(1.,0.,0.));
#10430 = DIRECTION('',(0.,0.154638946991,-0.98797105022));
#10431 = DEFINITIONAL_REPRESENTATION('',(#10432),#10436);
#10432 = CIRCLE('',#10433,5.);
#10433 = AXIS2_PLACEMENT_2D('',#10434,#10435);
#10434 = CARTESIAN_POINT('',(5.,-149.4001718211));
#10435 = DIRECTION('',(-1.,0.));
#10436 = ( GEOMETRIC_REPRESENTATION_CONTEXT(2) 
PARAMETRIC_REPRESENTATION_CONTEXT() REPRESENTATION_CONTEXT('2D SPACE',''
  ) );
#10437 = PCURVE('',#10438,#10443);
#10438 = CYLINDRICAL_SURFACE('',#10439,5.);
#10439 = AXIS2_PLACEMENT_3D('',#10440,#10441,#10442);
#10440 = CARTESIAN_POINT('',(148.5,-86.30152232863,39.448457374648));
#10441 = DIRECTION('',(1.,3.433674389064E-17,-2.193736415235E-16));
#10442 = DIRECTION('',(2.22044604925E-16,-0.154638946991,0.98797105022)
  );
#10443 = DEFINITIONAL_REPRESENTATION('',(#10444),#10448);
#10444 = LINE('',#10445,#10446);
#10445 = CARTESIAN_POINT('',(0.,0.));
#10446 = VECTOR('',#10447,1.);
#10447 = DIRECTION('',(1.,0.));
#10448 = ( GEOMETRIC_REPRESENTATION_CONTEXT(2) 
PARAMETRIC_REPRESENTATION_CONTEXT() REPRESENTATION_CONTEXT('2D SPACE',''
  ) );
#10449 = ORIENTED_EDGE('',*,*,#10450,.F.);
#10450 = EDGE_CURVE('',#10451,#10417,#10453,.T.);
#10451 = VERTEX_POINT('',#10452);
#10452 = CARTESIAN_POINT('',(148.5,62.074717063591,57.61168737425));
#10453 = SURFACE_CURVE('',#10454,(#10458,#10465),.PCURVE_S1.);
#10454 = LINE('',#10455,#10456);
#10455 = CARTESIAN_POINT('',(148.5,62.074717063591,57.61168737425));
#10456 = VECTOR('',#10457,1.);
#10457 = DIRECTION('',(0.,-0.98797105022,-0.154638946991));
#10458 = PCURVE('',#10426,#10459);
#10459 = DEFINITIONAL_REPRESENTATION('',(#10460),#10464);
#10460 = LINE('',#10461,#10462);
#10461 = CARTESIAN_POINT('',(10.,0.));
#10462 = VECTOR('',#10463,1.);
#10463 = DIRECTION('',(0.,-1.));
#10464 = ( GEOMETRIC_REPRESENTATION_CONTEXT(2) 
PARAMETRIC_REPRESENTATION_CONTEXT() REPRESENTATION_CONTEXT('2D SPACE',''
  ) );
#10465 = PCURVE('',#10466,#10471);
#10466 = PLANE('',#10467);
#10467 = AXIS2_PLACEMENT_3D('',#10468,#10469,#10470);
#10468 = CARTESIAN_POINT('',(148.5,62.074717063591,57.61168737425));
#10469 = DIRECTION('',(0.,0.154638946991,-0.98797105022));
#10470 = DIRECTION('',(1.,0.,0.));
#10471 = DEFINITIONAL_REPRESENTATION('',(#10472),#10476);
#10472 = LINE('',#10473,#10474);
#10473 = CARTESIAN_POINT('',(0.,0.));
#10474 = VECTOR('',#10475,1.);
#10475 = DIRECTION('',(0.,1.));
#10476 = ( GEOMETRIC_REPRESENTATION_CONTEXT(2) 
PARAMETRIC_REPRESENTATION_CONTEXT() REPRESENTATION_CONTEXT('2D SPACE',''
  ) );
#10477 = ORIENTED_EDGE('',*,*,#10478,.T.);
#10478 = EDGE_CURVE('',#10451,#10479,#10481,.T.);
#10479 = VERTEX_POINT('',#10480);
#10480 = CARTESIAN_POINT('',(148.5,60.528327593681,67.491397876453));
#10481 = SURFACE_CURVE('',#10482,(#10487,#10494),.PCURVE_S1.);
#10482 = CIRCLE('',#10483,5.);
#10483 = AXIS2_PLACEMENT_3D('',#10484,#10485,#10486);
#10484 = CARTESIAN_POINT('',(148.5,61.301522328636,62.551542625352));
#10485 = DIRECTION('',(1.,3.433674389064E-17,-2.193736415235E-16));
#10486 = DIRECTION('',(2.22044604925E-16,-0.154638946991,0.98797105022)
  );
#10487 = PCURVE('',#10426,#10488);
#10488 = DEFINITIONAL_REPRESENTATION('',(#10489),#10493);
#10489 = CIRCLE('',#10490,5.);
#10490 = AXIS2_PLACEMENT_2D('',#10491,#10492);
#10491 = CARTESIAN_POINT('',(5.,0.));
#10492 = DIRECTION('',(-1.,0.));
#10493 = ( GEOMETRIC_REPRESENTATION_CONTEXT(2) 
PARAMETRIC_REPRESENTATION_CONTEXT() REPRESENTATION_CONTEXT('2D SPACE',''
  ) );
#10494 = PCURVE('',#10495,#10500);
#10495 = CYLINDRICAL_SURFACE('',#10496,5.);
#10496 = AXIS2_PLACEMENT_3D('',#10497,#10498,#10499);
#10497 = CARTESIAN_POINT('',(148.5,61.301522328636,62.551542625352));
#10498 = DIRECTION('',(1.,3.433674389064E-17,-2.193736415235E-16));
#10499 = DIRECTION('',(2.22044604925E-16,-0.154638946991,0.98797105022)
  );
#10500 = DEFINITIONAL_REPRESENTATION('',(#10501),#10505);
#10501 = LINE('',#10502,#10503);
#10502 = CARTESIAN_POINT('',(0.,0.));
#10503 = VECTOR('',#10504,1.);
#10504 = DIRECTION('',(1.,0.));
#10505 = ( GEOMETRIC_REPRESENTATION_CONTEXT(2) 
PARAMETRIC_REPRESENTATION_CONTEXT() REPRESENTATION_CONTEXT('2D SPACE',''
  ) );
#10506 = ORIENTED_EDGE('',*,*,#10507,.T.);
#10507 = EDGE_CURVE('',#10479,#10415,#10508,.T.);
#10508 = SURFACE_CURVE('',#10509,(#10513,#10520),.PCURVE_S1.);
#10509 = LINE('',#10510,#10511);
#10510 = CARTESIAN_POINT('',(148.5,60.528327593681,67.491397876453));
#10511 = VECTOR('',#10512,1.);
#10512 = DIRECTION('',(0.,-0.98797105022,-0.154638946991));
#10513 = PCURVE('',#10426,#10514);
#10514 = DEFINITIONAL_REPRESENTATION('',(#10515),#10519);
#10515 = LINE('',#10516,#10517);
#10516 = CARTESIAN_POINT('',(0.,0.));
#10517 = VECTOR('',#10518,1.);
#10518 = DIRECTION('',(0.,-1.));
#10519 = ( GEOMETRIC_REPRESENTATION_CONTEXT(2) 
PARAMETRIC_REPRESENTATION_CONTEXT() REPRESENTATION_CONTEXT('2D SPACE',''
  ) );
#10520 = PCURVE('',#10521,#10526);
#10521 = PLANE('',#10522);
#10522 = AXIS2_PLACEMENT_3D('',#10523,#10524,#10525);
#10523 = CARTESIAN_POINT('',(148.5,60.528327593681,67.491397876453));
#10524 = DIRECTION('',(0.,0.154638946991,-0.98797105022));
#10525 = DIRECTION('',(1.,0.,0.));
#10526 = DEFINITIONAL_REPRESENTATION('',(#10527),#10531);
#10527 = LINE('',#10528,#10529);
#10528 = CARTESIAN_POINT('',(0.,0.));
#10529 = VECTOR('',#10530,1.);
#10530 = DIRECTION('',(0.,1.));
#10531 = ( GEOMETRIC_REPRESENTATION_CONTEXT(2) 
PARAMETRIC_REPRESENTATION_CONTEXT() REPRESENTATION_CONTEXT('2D SPACE',''
  ) );
#10532 = FACE_BOUND('',#10533,.F.);
#10533 = EDGE_LOOP('',(#10534,#10565,#10591,#10620));
#10534 = ORIENTED_EDGE('',*,*,#10535,.F.);
#10535 = EDGE_CURVE('',#10536,#10538,#10540,.T.);
#10536 = VERTEX_POINT('',#10537);
#10537 = CARTESIAN_POINT('',(148.5,-85.03949670013,42.378865420128));
#10538 = VERTEX_POINT('',#10539);
#10539 = CARTESIAN_POINT('',(148.5,-84.20444638638,37.043821748938));
#10540 = SURFACE_CURVE('',#10541,(#10546,#10553),.PCURVE_S1.);
#10541 = CIRCLE('',#10542,2.7);
#10542 = AXIS2_PLACEMENT_3D('',#10543,#10544,#10545);
#10543 = CARTESIAN_POINT('',(148.5,-84.62197154326,39.711343584533));
#10544 = DIRECTION('',(1.,3.433674389064E-17,-2.193736415235E-16));
#10545 = DIRECTION('',(2.22044604925E-16,-0.154638946991,0.98797105022)
  );
#10546 = PCURVE('',#10426,#10547);
#10547 = DEFINITIONAL_REPRESENTATION('',(#10548),#10552);
#10548 = CIRCLE('',#10549,2.7);
#10549 = AXIS2_PLACEMENT_2D('',#10550,#10551);
#10550 = CARTESIAN_POINT('',(5.,-147.7001718211));
#10551 = DIRECTION('',(-1.,-1.195766416559E-17));
#10552 = ( GEOMETRIC_REPRESENTATION_CONTEXT(2) 
PARAMETRIC_REPRESENTATION_CONTEXT() REPRESENTATION_CONTEXT('2D SPACE',''
  ) );
#10553 = PCURVE('',#10554,#10559);
#10554 = CYLINDRICAL_SURFACE('',#10555,2.7);
#10555 = AXIS2_PLACEMENT_3D('',#10556,#10557,#10558);
#10556 = CARTESIAN_POINT('',(147.5,-84.62197154326,39.711343584533));
#10557 = DIRECTION('',(1.,3.433674389064E-17,-2.193736415235E-16));
#10558 = DIRECTION('',(2.22044604925E-16,-0.154638946991,0.98797105022)
  );
#10559 = DEFINITIONAL_REPRESENTATION('',(#10560),#10564);
#10560 = LINE('',#10561,#10562);
#10561 = CARTESIAN_POINT('',(0.,1.));
#10562 = VECTOR('',#10563,1.);
#10563 = DIRECTION('',(1.,0.));
#10564 = ( GEOMETRIC_REPRESENTATION_CONTEXT(2) 
PARAMETRIC_REPRESENTATION_CONTEXT() REPRESENTATION_CONTEXT('2D SPACE',''
  ) );
#10565 = ORIENTED_EDGE('',*,*,#10566,.T.);
#10566 = EDGE_CURVE('',#10536,#10567,#10569,.T.);
#10567 = VERTEX_POINT('',#10568);
#10568 = CARTESIAN_POINT('',(148.5,59.204446386386,64.956178251062));
#10569 = SURFACE_CURVE('',#10570,(#10574,#10580),.PCURVE_S1.);
#10570 = LINE('',#10571,#10572);
#10571 = CARTESIAN_POINT('',(148.5,60.044221779073,65.087621356004));
#10572 = VECTOR('',#10573,1.);
#10573 = DIRECTION('',(-0.,0.98797105022,0.154638946991));
#10574 = PCURVE('',#10426,#10575);
#10575 = DEFINITIONAL_REPRESENTATION('',(#10576),#10579);
#10576 = B_SPLINE_CURVE_WITH_KNOTS('',1,(#10577,#10578),.UNSPECIFIED.,
  .F.,.F.,(2,2),(-146.8501718211,-0.85),.PIECEWISE_BEZIER_KNOTS.);
#10577 = CARTESIAN_POINT('',(2.3,-147.7001718211));
#10578 = CARTESIAN_POINT('',(2.3,-1.7));
#10579 = ( GEOMETRIC_REPRESENTATION_CONTEXT(2) 
PARAMETRIC_REPRESENTATION_CONTEXT() REPRESENTATION_CONTEXT('2D SPACE',''
  ) );
#10580 = PCURVE('',#10581,#10586);
#10581 = PLANE('',#10582);
#10582 = AXIS2_PLACEMENT_3D('',#10583,#10584,#10585);
#10583 = CARTESIAN_POINT('',(147.5,59.204446386386,64.956178251062));
#10584 = DIRECTION('',(0.,0.154638946991,-0.98797105022));
#10585 = DIRECTION('',(1.,0.,0.));
#10586 = DEFINITIONAL_REPRESENTATION('',(#10587),#10590);
#10587 = B_SPLINE_CURVE_WITH_KNOTS('',1,(#10588,#10589),.UNSPECIFIED.,
  .F.,.F.,(2,2),(-146.8501718211,-0.85),.PIECEWISE_BEZIER_KNOTS.);
#10588 = CARTESIAN_POINT('',(1.,146.00017182117));
#10589 = CARTESIAN_POINT('',(1.,0.));
#10590 = ( GEOMETRIC_REPRESENTATION_CONTEXT(2) 
PARAMETRIC_REPRESENTATION_CONTEXT() REPRESENTATION_CONTEXT('2D SPACE',''
  ) );
#10591 = ORIENTED_EDGE('',*,*,#10592,.F.);
#10592 = EDGE_CURVE('',#10593,#10567,#10595,.T.);
#10593 = VERTEX_POINT('',#10594);
#10594 = CARTESIAN_POINT('',(148.5,60.039496700137,59.621134579872));
#10595 = SURFACE_CURVE('',#10596,(#10601,#10608),.PCURVE_S1.);
#10596 = CIRCLE('',#10597,2.7);
#10597 = AXIS2_PLACEMENT_3D('',#10598,#10599,#10600);
#10598 = CARTESIAN_POINT('',(148.5,59.621971543261,62.288656415467));
#10599 = DIRECTION('',(1.,3.433674389064E-17,-2.193736415235E-16));
#10600 = DIRECTION('',(2.22044604925E-16,-0.154638946991,0.98797105022)
  );
#10601 = PCURVE('',#10426,#10602);
#10602 = DEFINITIONAL_REPRESENTATION('',(#10603),#10607);
#10603 = CIRCLE('',#10604,2.7);
#10604 = AXIS2_PLACEMENT_2D('',#10605,#10606);
#10605 = CARTESIAN_POINT('',(5.,-1.7));
#10606 = DIRECTION('',(-1.,-1.195766416559E-17));
#10607 = ( GEOMETRIC_REPRESENTATION_CONTEXT(2) 
PARAMETRIC_REPRESENTATION_CONTEXT() REPRESENTATION_CONTEXT('2D SPACE',''
  ) );
#10608 = PCURVE('',#10609,#10614);
#10609 = CYLINDRICAL_SURFACE('',#10610,2.7);
#10610 = AXIS2_PLACEMENT_3D('',#10611,#10612,#10613);
#10611 = CARTESIAN_POINT('',(147.5,59.621971543261,62.288656415467));
#10612 = DIRECTION('',(1.,3.433674389064E-17,-2.193736415235E-16));
#10613 = DIRECTION('',(2.22044604925E-16,-0.154638946991,0.98797105022)
  );
#10614 = DEFINITIONAL_REPRESENTATION('',(#10615),#10619);
#10615 = LINE('',#10616,#10617);
#10616 = CARTESIAN_POINT('',(1.195766416559E-17,1.));
#10617 = VECTOR('',#10618,1.);
#10618 = DIRECTION('',(1.,0.));
#10619 = ( GEOMETRIC_REPRESENTATION_CONTEXT(2) 
PARAMETRIC_REPRESENTATION_CONTEXT() REPRESENTATION_CONTEXT('2D SPACE',''
  ) );
#10620 = ORIENTED_EDGE('',*,*,#10621,.F.);
#10621 = EDGE_CURVE('',#10538,#10593,#10622,.T.);
#10622 = SURFACE_CURVE('',#10623,(#10627,#10633),.PCURVE_S1.);
#10623 = LINE('',#10624,#10625);
#10624 = CARTESIAN_POINT('',(148.5,60.879272092824,59.752577684814));
#10625 = VECTOR('',#10626,1.);
#10626 = DIRECTION('',(-0.,0.98797105022,0.154638946991));
#10627 = PCURVE('',#10426,#10628);
#10628 = DEFINITIONAL_REPRESENTATION('',(#10629),#10632);
#10629 = B_SPLINE_CURVE_WITH_KNOTS('',1,(#10630,#10631),.UNSPECIFIED.,
  .F.,.F.,(2,2),(-146.8501718211,-0.85),.PIECEWISE_BEZIER_KNOTS.);
#10630 = CARTESIAN_POINT('',(7.7,-147.7001718211));
#10631 = CARTESIAN_POINT('',(7.7,-1.7));
#10632 = ( GEOMETRIC_REPRESENTATION_CONTEXT(2) 
PARAMETRIC_REPRESENTATION_CONTEXT() REPRESENTATION_CONTEXT('2D SPACE',''
  ) );
#10633 = PCURVE('',#10634,#10639);
#10634 = PLANE('',#10635);
#10635 = AXIS2_PLACEMENT_3D('',#10636,#10637,#10638);
#10636 = CARTESIAN_POINT('',(147.5,60.039496700137,59.621134579872));
#10637 = DIRECTION('',(0.,0.154638946991,-0.98797105022));
#10638 = DIRECTION('',(1.,0.,0.));
#10639 = DEFINITIONAL_REPRESENTATION('',(#10640),#10643);
#10640 = B_SPLINE_CURVE_WITH_KNOTS('',1,(#10641,#10642),.UNSPECIFIED.,
  .F.,.F.,(2,2),(-146.8501718211,-0.85),.PIECEWISE_BEZIER_KNOTS.);
#10641 = CARTESIAN_POINT('',(1.,146.00017182117));
#10642 = CARTESIAN_POINT('',(1.,0.));
#10643 = ( GEOMETRIC_REPRESENTATION_CONTEXT(2) 
PARAMETRIC_REPRESENTATION_CONTEXT() REPRESENTATION_CONTEXT('2D SPACE',''
  ) );
#10644 = ADVANCED_FACE('',(#10645),#10438,.T.);
#10645 = FACE_BOUND('',#10646,.T.);
#10646 = EDGE_LOOP('',(#10647,#10678,#10698,#10699));
#10647 = ORIENTED_EDGE('',*,*,#10648,.F.);
#10648 = EDGE_CURVE('',#10649,#10651,#10653,.T.);
#10649 = VERTEX_POINT('',#10650);
#10650 = CARTESIAN_POINT('',(152.5,-87.07471706359,44.38831262575));
#10651 = VERTEX_POINT('',#10652);
#10652 = CARTESIAN_POINT('',(152.5,-85.52832759368,34.508602123547));
#10653 = SURFACE_CURVE('',#10654,(#10659,#10666),.PCURVE_S1.);
#10654 = CIRCLE('',#10655,5.);
#10655 = AXIS2_PLACEMENT_3D('',#10656,#10657,#10658);
#10656 = CARTESIAN_POINT('',(152.5,-86.30152232863,39.448457374648));
#10657 = DIRECTION('',(1.,3.433674389064E-17,-2.193736415235E-16));
#10658 = DIRECTION('',(2.22044604925E-16,-0.154638946991,0.98797105022)
  );
#10659 = PCURVE('',#10438,#10660);
#10660 = DEFINITIONAL_REPRESENTATION('',(#10661),#10665);
#10661 = LINE('',#10662,#10663);
#10662 = CARTESIAN_POINT('',(0.,4.));
#10663 = VECTOR('',#10664,1.);
#10664 = DIRECTION('',(1.,0.));
#10665 = ( GEOMETRIC_REPRESENTATION_CONTEXT(2) 
PARAMETRIC_REPRESENTATION_CONTEXT() REPRESENTATION_CONTEXT('2D SPACE',''
  ) );
#10666 = PCURVE('',#10667,#10672);
#10667 = PLANE('',#10668);
#10668 = AXIS2_PLACEMENT_3D('',#10669,#10670,#10671);
#10669 = CARTESIAN_POINT('',(152.5,60.528327593681,67.491397876453));
#10670 = DIRECTION('',(1.,0.,0.));
#10671 = DIRECTION('',(0.,0.154638946991,-0.98797105022));
#10672 = DEFINITIONAL_REPRESENTATION('',(#10673),#10677);
#10673 = CIRCLE('',#10674,5.);
#10674 = AXIS2_PLACEMENT_2D('',#10675,#10676);
#10675 = CARTESIAN_POINT('',(5.,-149.4001718211));
#10676 = DIRECTION('',(-1.,0.));
#10677 = ( GEOMETRIC_REPRESENTATION_CONTEXT(2) 
PARAMETRIC_REPRESENTATION_CONTEXT() REPRESENTATION_CONTEXT('2D SPACE',''
  ) );
#10678 = ORIENTED_EDGE('',*,*,#10679,.F.);
#10679 = EDGE_CURVE('',#10415,#10649,#10680,.T.);
#10680 = SURFACE_CURVE('',#10681,(#10685,#10691),.PCURVE_S1.);
#10681 = LINE('',#10682,#10683);
#10682 = CARTESIAN_POINT('',(148.5,-87.07471706359,44.38831262575));
#10683 = VECTOR('',#10684,1.);
#10684 = DIRECTION('',(1.,0.,0.));
#10685 = PCURVE('',#10438,#10686);
#10686 = DEFINITIONAL_REPRESENTATION('',(#10687),#10690);
#10687 = B_SPLINE_CURVE_WITH_KNOTS('',1,(#10688,#10689),.UNSPECIFIED.,
  .F.,.F.,(2,2),(0.,4.),.PIECEWISE_BEZIER_KNOTS.);
#10688 = CARTESIAN_POINT('',(0.,0.));
#10689 = CARTESIAN_POINT('',(0.,4.));
#10690 = ( GEOMETRIC_REPRESENTATION_CONTEXT(2) 
PARAMETRIC_REPRESENTATION_CONTEXT() REPRESENTATION_CONTEXT('2D SPACE',''
  ) );
#10691 = PCURVE('',#10521,#10692);
#10692 = DEFINITIONAL_REPRESENTATION('',(#10693),#10697);
#10693 = LINE('',#10694,#10695);
#10694 = CARTESIAN_POINT('',(0.,149.40017182117));
#10695 = VECTOR('',#10696,1.);
#10696 = DIRECTION('',(1.,0.));
#10697 = ( GEOMETRIC_REPRESENTATION_CONTEXT(2) 
PARAMETRIC_REPRESENTATION_CONTEXT() REPRESENTATION_CONTEXT('2D SPACE',''
  ) );
#10698 = ORIENTED_EDGE('',*,*,#10414,.T.);
#10699 = ORIENTED_EDGE('',*,*,#10700,.T.);
#10700 = EDGE_CURVE('',#10417,#10651,#10701,.T.);
#10701 = SURFACE_CURVE('',#10702,(#10706,#10713),.PCURVE_S1.);
#10702 = LINE('',#10703,#10704);
#10703 = CARTESIAN_POINT('',(148.5,-85.52832759368,34.508602123547));
#10704 = VECTOR('',#10705,1.);
#10705 = DIRECTION('',(1.,0.,0.));
#10706 = PCURVE('',#10438,#10707);
#10707 = DEFINITIONAL_REPRESENTATION('',(#10708),#10712);
#10708 = LINE('',#10709,#10710);
#10709 = CARTESIAN_POINT('',(3.14159265359,1.110223024625E-15));
#10710 = VECTOR('',#10711,1.);
#10711 = DIRECTION('',(0.,1.));
#10712 = ( GEOMETRIC_REPRESENTATION_CONTEXT(2) 
PARAMETRIC_REPRESENTATION_CONTEXT() REPRESENTATION_CONTEXT('2D SPACE',''
  ) );
#10713 = PCURVE('',#10466,#10714);
#10714 = DEFINITIONAL_REPRESENTATION('',(#10715),#10719);
#10715 = LINE('',#10716,#10717);
#10716 = CARTESIAN_POINT('',(0.,149.40017182117));
#10717 = VECTOR('',#10718,1.);
#10718 = DIRECTION('',(1.,0.));
#10719 = ( GEOMETRIC_REPRESENTATION_CONTEXT(2) 
PARAMETRIC_REPRESENTATION_CONTEXT() REPRESENTATION_CONTEXT('2D SPACE',''
  ) );
#10720 = ADVANCED_FACE('',(#10721),#10521,.F.);
#10721 = FACE_BOUND('',#10722,.F.);
#10722 = EDGE_LOOP('',(#10723,#10724,#10746,#10767));
#10723 = ORIENTED_EDGE('',*,*,#10507,.F.);
#10724 = ORIENTED_EDGE('',*,*,#10725,.T.);
#10725 = EDGE_CURVE('',#10479,#10726,#10728,.T.);
#10726 = VERTEX_POINT('',#10727);
#10727 = CARTESIAN_POINT('',(152.5,60.528327593681,67.491397876453));
#10728 = SURFACE_CURVE('',#10729,(#10733,#10740),.PCURVE_S1.);
#10729 = LINE('',#10730,#10731);
#10730 = CARTESIAN_POINT('',(148.5,60.528327593681,67.491397876453));
#10731 = VECTOR('',#10732,1.);
#10732 = DIRECTION('',(1.,0.,0.));
#10733 = PCURVE('',#10521,#10734);
#10734 = DEFINITIONAL_REPRESENTATION('',(#10735),#10739);
#10735 = LINE('',#10736,#10737);
#10736 = CARTESIAN_POINT('',(0.,0.));
#10737 = VECTOR('',#10738,1.);
#10738 = DIRECTION('',(1.,0.));
#10739 = ( GEOMETRIC_REPRESENTATION_CONTEXT(2) 
PARAMETRIC_REPRESENTATION_CONTEXT() REPRESENTATION_CONTEXT('2D SPACE',''
  ) );
#10740 = PCURVE('',#10495,#10741);
#10741 = DEFINITIONAL_REPRESENTATION('',(#10742),#10745);
#10742 = B_SPLINE_CURVE_WITH_KNOTS('',1,(#10743,#10744),.UNSPECIFIED.,
  .F.,.F.,(2,2),(0.,4.),.PIECEWISE_BEZIER_KNOTS.);
#10743 = CARTESIAN_POINT('',(6.28318530718,0.));
#10744 = CARTESIAN_POINT('',(6.28318530718,4.));
#10745 = ( GEOMETRIC_REPRESENTATION_CONTEXT(2) 
PARAMETRIC_REPRESENTATION_CONTEXT() REPRESENTATION_CONTEXT('2D SPACE',''
  ) );
#10746 = ORIENTED_EDGE('',*,*,#10747,.T.);
#10747 = EDGE_CURVE('',#10726,#10649,#10748,.T.);
#10748 = SURFACE_CURVE('',#10749,(#10753,#10760),.PCURVE_S1.);
#10749 = LINE('',#10750,#10751);
#10750 = CARTESIAN_POINT('',(152.5,60.528327593681,67.491397876453));
#10751 = VECTOR('',#10752,1.);
#10752 = DIRECTION('',(0.,-0.98797105022,-0.154638946991));
#10753 = PCURVE('',#10521,#10754);
#10754 = DEFINITIONAL_REPRESENTATION('',(#10755),#10759);
#10755 = LINE('',#10756,#10757);
#10756 = CARTESIAN_POINT('',(4.,0.));
#10757 = VECTOR('',#10758,1.);
#10758 = DIRECTION('',(0.,1.));
#10759 = ( GEOMETRIC_REPRESENTATION_CONTEXT(2) 
PARAMETRIC_REPRESENTATION_CONTEXT() REPRESENTATION_CONTEXT('2D SPACE',''
  ) );
#10760 = PCURVE('',#10667,#10761);
#10761 = DEFINITIONAL_REPRESENTATION('',(#10762),#10766);
#10762 = LINE('',#10763,#10764);
#10763 = CARTESIAN_POINT('',(0.,0.));
#10764 = VECTOR('',#10765,1.);
#10765 = DIRECTION('',(0.,-1.));
#10766 = ( GEOMETRIC_REPRESENTATION_CONTEXT(2) 
PARAMETRIC_REPRESENTATION_CONTEXT() REPRESENTATION_CONTEXT('2D SPACE',''
  ) );
#10767 = ORIENTED_EDGE('',*,*,#10679,.F.);
#10768 = ADVANCED_FACE('',(#10769),#10466,.T.);
#10769 = FACE_BOUND('',#10770,.T.);
#10770 = EDGE_LOOP('',(#10771,#10772,#10795,#10816));
#10771 = ORIENTED_EDGE('',*,*,#10450,.F.);
#10772 = ORIENTED_EDGE('',*,*,#10773,.T.);
#10773 = EDGE_CURVE('',#10451,#10774,#10776,.T.);
#10774 = VERTEX_POINT('',#10775);
#10775 = CARTESIAN_POINT('',(152.5,62.074717063591,57.61168737425));
#10776 = SURFACE_CURVE('',#10777,(#10781,#10788),.PCURVE_S1.);
#10777 = LINE('',#10778,#10779);
#10778 = CARTESIAN_POINT('',(148.5,62.074717063591,57.61168737425));
#10779 = VECTOR('',#10780,1.);
#10780 = DIRECTION('',(1.,0.,0.));
#10781 = PCURVE('',#10466,#10782);
#10782 = DEFINITIONAL_REPRESENTATION('',(#10783),#10787);
#10783 = LINE('',#10784,#10785);
#10784 = CARTESIAN_POINT('',(0.,0.));
#10785 = VECTOR('',#10786,1.);
#10786 = DIRECTION('',(1.,0.));
#10787 = ( GEOMETRIC_REPRESENTATION_CONTEXT(2) 
PARAMETRIC_REPRESENTATION_CONTEXT() REPRESENTATION_CONTEXT('2D SPACE',''
  ) );
#10788 = PCURVE('',#10495,#10789);
#10789 = DEFINITIONAL_REPRESENTATION('',(#10790),#10794);
#10790 = LINE('',#10791,#10792);
#10791 = CARTESIAN_POINT('',(3.14159265359,1.110223024625E-15));
#10792 = VECTOR('',#10793,1.);
#10793 = DIRECTION('',(0.,1.));
#10794 = ( GEOMETRIC_REPRESENTATION_CONTEXT(2) 
PARAMETRIC_REPRESENTATION_CONTEXT() REPRESENTATION_CONTEXT('2D SPACE',''
  ) );
#10795 = ORIENTED_EDGE('',*,*,#10796,.T.);
#10796 = EDGE_CURVE('',#10774,#10651,#10797,.T.);
#10797 = SURFACE_CURVE('',#10798,(#10802,#10809),.PCURVE_S1.);
#10798 = LINE('',#10799,#10800);
#10799 = CARTESIAN_POINT('',(152.5,62.074717063591,57.61168737425));
#10800 = VECTOR('',#10801,1.);
#10801 = DIRECTION('',(0.,-0.98797105022,-0.154638946991));
#10802 = PCURVE('',#10466,#10803);
#10803 = DEFINITIONAL_REPRESENTATION('',(#10804),#10808);
#10804 = LINE('',#10805,#10806);
#10805 = CARTESIAN_POINT('',(4.,0.));
#10806 = VECTOR('',#10807,1.);
#10807 = DIRECTION('',(0.,1.));
#10808 = ( GEOMETRIC_REPRESENTATION_CONTEXT(2) 
PARAMETRIC_REPRESENTATION_CONTEXT() REPRESENTATION_CONTEXT('2D SPACE',''
  ) );
#10809 = PCURVE('',#10667,#10810);
#10810 = DEFINITIONAL_REPRESENTATION('',(#10811),#10815);
#10811 = LINE('',#10812,#10813);
#10812 = CARTESIAN_POINT('',(10.,0.));
#10813 = VECTOR('',#10814,1.);
#10814 = DIRECTION('',(0.,-1.));
#10815 = ( GEOMETRIC_REPRESENTATION_CONTEXT(2) 
PARAMETRIC_REPRESENTATION_CONTEXT() REPRESENTATION_CONTEXT('2D SPACE',''
  ) );
#10816 = ORIENTED_EDGE('',*,*,#10700,.F.);
#10817 = ADVANCED_FACE('',(#10818),#10495,.T.);
#10818 = FACE_BOUND('',#10819,.T.);
#10819 = EDGE_LOOP('',(#10820,#10821,#10843,#10844));
#10820 = ORIENTED_EDGE('',*,*,#10725,.T.);
#10821 = ORIENTED_EDGE('',*,*,#10822,.F.);
#10822 = EDGE_CURVE('',#10774,#10726,#10823,.T.);
#10823 = SURFACE_CURVE('',#10824,(#10829,#10836),.PCURVE_S1.);
#10824 = CIRCLE('',#10825,5.);
#10825 = AXIS2_PLACEMENT_3D('',#10826,#10827,#10828);
#10826 = CARTESIAN_POINT('',(152.5,61.301522328636,62.551542625352));
#10827 = DIRECTION('',(1.,3.433674389064E-17,-2.193736415235E-16));
#10828 = DIRECTION('',(2.22044604925E-16,-0.154638946991,0.98797105022)
  );
#10829 = PCURVE('',#10495,#10830);
#10830 = DEFINITIONAL_REPRESENTATION('',(#10831),#10835);
#10831 = LINE('',#10832,#10833);
#10832 = CARTESIAN_POINT('',(0.,4.));
#10833 = VECTOR('',#10834,1.);
#10834 = DIRECTION('',(1.,0.));
#10835 = ( GEOMETRIC_REPRESENTATION_CONTEXT(2) 
PARAMETRIC_REPRESENTATION_CONTEXT() REPRESENTATION_CONTEXT('2D SPACE',''
  ) );
#10836 = PCURVE('',#10667,#10837);
#10837 = DEFINITIONAL_REPRESENTATION('',(#10838),#10842);
#10838 = CIRCLE('',#10839,5.);
#10839 = AXIS2_PLACEMENT_2D('',#10840,#10841);
#10840 = CARTESIAN_POINT('',(5.,0.));
#10841 = DIRECTION('',(-1.,0.));
#10842 = ( GEOMETRIC_REPRESENTATION_CONTEXT(2) 
PARAMETRIC_REPRESENTATION_CONTEXT() REPRESENTATION_CONTEXT('2D SPACE',''
  ) );
#10843 = ORIENTED_EDGE('',*,*,#10773,.F.);
#10844 = ORIENTED_EDGE('',*,*,#10478,.T.);
#10845 = ADVANCED_FACE('',(#10846),#10554,.F.);
#10846 = FACE_BOUND('',#10847,.F.);
#10847 = EDGE_LOOP('',(#10848,#10874,#10894,#10895));
#10848 = ORIENTED_EDGE('',*,*,#10849,.F.);
#10849 = EDGE_CURVE('',#10850,#10852,#10854,.T.);
#10850 = VERTEX_POINT('',#10851);
#10851 = CARTESIAN_POINT('',(152.5,-85.03949670013,42.378865420128));
#10852 = VERTEX_POINT('',#10853);
#10853 = CARTESIAN_POINT('',(152.5,-84.20444638638,37.043821748938));
#10854 = SURFACE_CURVE('',#10855,(#10860,#10867),.PCURVE_S1.);
#10855 = CIRCLE('',#10856,2.7);
#10856 = AXIS2_PLACEMENT_3D('',#10857,#10858,#10859);
#10857 = CARTESIAN_POINT('',(152.5,-84.62197154326,39.711343584533));
#10858 = DIRECTION('',(1.,3.433674389064E-17,-2.193736415235E-16));
#10859 = DIRECTION('',(2.22044604925E-16,-0.154638946991,0.98797105022)
  );
#10860 = PCURVE('',#10554,#10861);
#10861 = DEFINITIONAL_REPRESENTATION('',(#10862),#10866);
#10862 = LINE('',#10863,#10864);
#10863 = CARTESIAN_POINT('',(0.,5.));
#10864 = VECTOR('',#10865,1.);
#10865 = DIRECTION('',(1.,0.));
#10866 = ( GEOMETRIC_REPRESENTATION_CONTEXT(2) 
PARAMETRIC_REPRESENTATION_CONTEXT() REPRESENTATION_CONTEXT('2D SPACE',''
  ) );
#10867 = PCURVE('',#10667,#10868);
#10868 = DEFINITIONAL_REPRESENTATION('',(#10869),#10873);
#10869 = CIRCLE('',#10870,2.7);
#10870 = AXIS2_PLACEMENT_2D('',#10871,#10872);
#10871 = CARTESIAN_POINT('',(5.,-147.7001718211));
#10872 = DIRECTION('',(-1.,-1.195766416559E-17));
#10873 = ( GEOMETRIC_REPRESENTATION_CONTEXT(2) 
PARAMETRIC_REPRESENTATION_CONTEXT() REPRESENTATION_CONTEXT('2D SPACE',''
  ) );
#10874 = ORIENTED_EDGE('',*,*,#10875,.F.);
#10875 = EDGE_CURVE('',#10536,#10850,#10876,.T.);
#10876 = SURFACE_CURVE('',#10877,(#10881,#10887),.PCURVE_S1.);
#10877 = LINE('',#10878,#10879);
#10878 = CARTESIAN_POINT('',(147.5,-85.03949670013,42.378865420128));
#10879 = VECTOR('',#10880,1.);
#10880 = DIRECTION('',(1.,0.,0.));
#10881 = PCURVE('',#10554,#10882);
#10882 = DEFINITIONAL_REPRESENTATION('',(#10883),#10886);
#10883 = B_SPLINE_CURVE_WITH_KNOTS('',1,(#10884,#10885),.UNSPECIFIED.,
  .F.,.F.,(2,2),(0.,6.),.PIECEWISE_BEZIER_KNOTS.);
#10884 = CARTESIAN_POINT('',(0.,0.));
#10885 = CARTESIAN_POINT('',(0.,6.));
#10886 = ( GEOMETRIC_REPRESENTATION_CONTEXT(2) 
PARAMETRIC_REPRESENTATION_CONTEXT() REPRESENTATION_CONTEXT('2D SPACE',''
  ) );
#10887 = PCURVE('',#10581,#10888);
#10888 = DEFINITIONAL_REPRESENTATION('',(#10889),#10893);
#10889 = LINE('',#10890,#10891);
#10890 = CARTESIAN_POINT('',(0.,146.00017182117));
#10891 = VECTOR('',#10892,1.);
#10892 = DIRECTION('',(1.,0.));
#10893 = ( GEOMETRIC_REPRESENTATION_CONTEXT(2) 
PARAMETRIC_REPRESENTATION_CONTEXT() REPRESENTATION_CONTEXT('2D SPACE',''
  ) );
#10894 = ORIENTED_EDGE('',*,*,#10535,.T.);
#10895 = ORIENTED_EDGE('',*,*,#10896,.T.);
#10896 = EDGE_CURVE('',#10538,#10852,#10897,.T.);
#10897 = SURFACE_CURVE('',#10898,(#10902,#10909),.PCURVE_S1.);
#10898 = LINE('',#10899,#10900);
#10899 = CARTESIAN_POINT('',(147.5,-84.20444638638,37.043821748938));
#10900 = VECTOR('',#10901,1.);
#10901 = DIRECTION('',(1.,0.,0.));
#10902 = PCURVE('',#10554,#10903);
#10903 = DEFINITIONAL_REPRESENTATION('',(#10904),#10908);
#10904 = LINE('',#10905,#10906);
#10905 = CARTESIAN_POINT('',(3.14159265359,5.995204332976E-16));
#10906 = VECTOR('',#10907,1.);
#10907 = DIRECTION('',(0.,1.));
#10908 = ( GEOMETRIC_REPRESENTATION_CONTEXT(2) 
PARAMETRIC_REPRESENTATION_CONTEXT() REPRESENTATION_CONTEXT('2D SPACE',''
  ) );
#10909 = PCURVE('',#10634,#10910);
#10910 = DEFINITIONAL_REPRESENTATION('',(#10911),#10915);
#10911 = LINE('',#10912,#10913);
#10912 = CARTESIAN_POINT('',(0.,146.00017182117));
#10913 = VECTOR('',#10914,1.);
#10914 = DIRECTION('',(1.,0.));
#10915 = ( GEOMETRIC_REPRESENTATION_CONTEXT(2) 
PARAMETRIC_REPRESENTATION_CONTEXT() REPRESENTATION_CONTEXT('2D SPACE',''
  ) );
#10916 = ADVANCED_FACE('',(#10917),#10634,.F.);
#10917 = FACE_BOUND('',#10918,.F.);
#10918 = EDGE_LOOP('',(#10919,#10920,#10921,#10944));
#10919 = ORIENTED_EDGE('',*,*,#10896,.F.);
#10920 = ORIENTED_EDGE('',*,*,#10621,.T.);
#10921 = ORIENTED_EDGE('',*,*,#10922,.T.);
#10922 = EDGE_CURVE('',#10593,#10923,#10925,.T.);
#10923 = VERTEX_POINT('',#10924);
#10924 = CARTESIAN_POINT('',(152.5,60.039496700137,59.621134579872));
#10925 = SURFACE_CURVE('',#10926,(#10930,#10937),.PCURVE_S1.);
#10926 = LINE('',#10927,#10928);
#10927 = CARTESIAN_POINT('',(147.5,60.039496700137,59.621134579872));
#10928 = VECTOR('',#10929,1.);
#10929 = DIRECTION('',(1.,0.,0.));
#10930 = PCURVE('',#10634,#10931);
#10931 = DEFINITIONAL_REPRESENTATION('',(#10932),#10936);
#10932 = LINE('',#10933,#10934);
#10933 = CARTESIAN_POINT('',(0.,0.));
#10934 = VECTOR('',#10935,1.);
#10935 = DIRECTION('',(1.,0.));
#10936 = ( GEOMETRIC_REPRESENTATION_CONTEXT(2) 
PARAMETRIC_REPRESENTATION_CONTEXT() REPRESENTATION_CONTEXT('2D SPACE',''
  ) );
#10937 = PCURVE('',#10609,#10938);
#10938 = DEFINITIONAL_REPRESENTATION('',(#10939),#10943);
#10939 = LINE('',#10940,#10941);
#10940 = CARTESIAN_POINT('',(3.14159265359,5.995204332976E-16));
#10941 = VECTOR('',#10942,1.);
#10942 = DIRECTION('',(0.,1.));
#10943 = ( GEOMETRIC_REPRESENTATION_CONTEXT(2) 
PARAMETRIC_REPRESENTATION_CONTEXT() REPRESENTATION_CONTEXT('2D SPACE',''
  ) );
#10944 = ORIENTED_EDGE('',*,*,#10945,.F.);
#10945 = EDGE_CURVE('',#10852,#10923,#10946,.T.);
#10946 = SURFACE_CURVE('',#10947,(#10951,#10957),.PCURVE_S1.);
#10947 = LINE('',#10948,#10949);
#10948 = CARTESIAN_POINT('',(152.5,60.879272092824,59.752577684814));
#10949 = VECTOR('',#10950,1.);
#10950 = DIRECTION('',(-0.,0.98797105022,0.154638946991));
#10951 = PCURVE('',#10634,#10952);
#10952 = DEFINITIONAL_REPRESENTATION('',(#10953),#10956);
#10953 = B_SPLINE_CURVE_WITH_KNOTS('',1,(#10954,#10955),.UNSPECIFIED.,
  .F.,.F.,(2,2),(-146.8501718211,-0.85),.PIECEWISE_BEZIER_KNOTS.);
#10954 = CARTESIAN_POINT('',(5.,146.00017182117));
#10955 = CARTESIAN_POINT('',(5.,0.));
#10956 = ( GEOMETRIC_REPRESENTATION_CONTEXT(2) 
PARAMETRIC_REPRESENTATION_CONTEXT() REPRESENTATION_CONTEXT('2D SPACE',''
  ) );
#10957 = PCURVE('',#10667,#10958);
#10958 = DEFINITIONAL_REPRESENTATION('',(#10959),#10962);
#10959 = B_SPLINE_CURVE_WITH_KNOTS('',1,(#10960,#10961),.UNSPECIFIED.,
  .F.,.F.,(2,2),(-146.8501718211,-0.85),.PIECEWISE_BEZIER_KNOTS.);
#10960 = CARTESIAN_POINT('',(7.7,-147.7001718211));
#10961 = CARTESIAN_POINT('',(7.7,-1.7));
#10962 = ( GEOMETRIC_REPRESENTATION_CONTEXT(2) 
PARAMETRIC_REPRESENTATION_CONTEXT() REPRESENTATION_CONTEXT('2D SPACE',''
  ) );
#10963 = ADVANCED_FACE('',(#10964),#10609,.F.);
#10964 = FACE_BOUND('',#10965,.F.);
#10965 = EDGE_LOOP('',(#10966,#10967,#10989,#11011));
#10966 = ORIENTED_EDGE('',*,*,#10592,.T.);
#10967 = ORIENTED_EDGE('',*,*,#10968,.T.);
#10968 = EDGE_CURVE('',#10567,#10969,#10971,.T.);
#10969 = VERTEX_POINT('',#10970);
#10970 = CARTESIAN_POINT('',(152.5,59.204446386386,64.956178251062));
#10971 = SURFACE_CURVE('',#10972,(#10976,#10982),.PCURVE_S1.);
#10972 = LINE('',#10973,#10974);
#10973 = CARTESIAN_POINT('',(147.5,59.204446386386,64.956178251062));
#10974 = VECTOR('',#10975,1.);
#10975 = DIRECTION('',(1.,0.,0.));
#10976 = PCURVE('',#10609,#10977);
#10977 = DEFINITIONAL_REPRESENTATION('',(#10978),#10981);
#10978 = B_SPLINE_CURVE_WITH_KNOTS('',1,(#10979,#10980),.UNSPECIFIED.,
  .F.,.F.,(2,2),(0.,6.),.PIECEWISE_BEZIER_KNOTS.);
#10979 = CARTESIAN_POINT('',(6.28318530718,0.));
#10980 = CARTESIAN_POINT('',(6.28318530718,6.));
#10981 = ( GEOMETRIC_REPRESENTATION_CONTEXT(2) 
PARAMETRIC_REPRESENTATION_CONTEXT() REPRESENTATION_CONTEXT('2D SPACE',''
  ) );
#10982 = PCURVE('',#10581,#10983);
#10983 = DEFINITIONAL_REPRESENTATION('',(#10984),#10988);
#10984 = LINE('',#10985,#10986);
#10985 = CARTESIAN_POINT('',(0.,0.));
#10986 = VECTOR('',#10987,1.);
#10987 = DIRECTION('',(1.,0.));
#10988 = ( GEOMETRIC_REPRESENTATION_CONTEXT(2) 
PARAMETRIC_REPRESENTATION_CONTEXT() REPRESENTATION_CONTEXT('2D SPACE',''
  ) );
#10989 = ORIENTED_EDGE('',*,*,#10990,.F.);
#10990 = EDGE_CURVE('',#10923,#10969,#10991,.T.);
#10991 = SURFACE_CURVE('',#10992,(#10997,#11004),.PCURVE_S1.);
#10992 = CIRCLE('',#10993,2.7);
#10993 = AXIS2_PLACEMENT_3D('',#10994,#10995,#10996);
#10994 = CARTESIAN_POINT('',(152.5,59.621971543261,62.288656415467));
#10995 = DIRECTION('',(1.,3.433674389064E-17,-2.193736415235E-16));
#10996 = DIRECTION('',(2.22044604925E-16,-0.154638946991,0.98797105022)
  );
#10997 = PCURVE('',#10609,#10998);
#10998 = DEFINITIONAL_REPRESENTATION('',(#10999),#11003);
#10999 = LINE('',#11000,#11001);
#11000 = CARTESIAN_POINT('',(1.195766416559E-17,5.));
#11001 = VECTOR('',#11002,1.);
#11002 = DIRECTION('',(1.,0.));
#11003 = ( GEOMETRIC_REPRESENTATION_CONTEXT(2) 
PARAMETRIC_REPRESENTATION_CONTEXT() REPRESENTATION_CONTEXT('2D SPACE',''
  ) );
#11004 = PCURVE('',#10667,#11005);
#11005 = DEFINITIONAL_REPRESENTATION('',(#11006),#11010);
#11006 = CIRCLE('',#11007,2.7);
#11007 = AXIS2_PLACEMENT_2D('',#11008,#11009);
#11008 = CARTESIAN_POINT('',(5.,-1.7));
#11009 = DIRECTION('',(-1.,-1.195766416559E-17));
#11010 = ( GEOMETRIC_REPRESENTATION_CONTEXT(2) 
PARAMETRIC_REPRESENTATION_CONTEXT() REPRESENTATION_CONTEXT('2D SPACE',''
  ) );
#11011 = ORIENTED_EDGE('',*,*,#10922,.F.);
#11012 = ADVANCED_FACE('',(#11013),#10581,.T.);
#11013 = FACE_BOUND('',#11014,.T.);
#11014 = EDGE_LOOP('',(#11015,#11016,#11017,#11036));
#11015 = ORIENTED_EDGE('',*,*,#10566,.T.);
#11016 = ORIENTED_EDGE('',*,*,#10968,.T.);
#11017 = ORIENTED_EDGE('',*,*,#11018,.F.);
#11018 = EDGE_CURVE('',#10850,#10969,#11019,.T.);
#11019 = SURFACE_CURVE('',#11020,(#11024,#11030),.PCURVE_S1.);
#11020 = LINE('',#11021,#11022);
#11021 = CARTESIAN_POINT('',(152.5,60.044221779073,65.087621356004));
#11022 = VECTOR('',#11023,1.);
#11023 = DIRECTION('',(-0.,0.98797105022,0.154638946991));
#11024 = PCURVE('',#10581,#11025);
#11025 = DEFINITIONAL_REPRESENTATION('',(#11026),#11029);
#11026 = B_SPLINE_CURVE_WITH_KNOTS('',1,(#11027,#11028),.UNSPECIFIED.,
  .F.,.F.,(2,2),(-146.8501718211,-0.85),.PIECEWISE_BEZIER_KNOTS.);
#11027 = CARTESIAN_POINT('',(5.,146.00017182117));
#11028 = CARTESIAN_POINT('',(5.,0.));
#11029 = ( GEOMETRIC_REPRESENTATION_CONTEXT(2) 
PARAMETRIC_REPRESENTATION_CONTEXT() REPRESENTATION_CONTEXT('2D SPACE',''
  ) );
#11030 = PCURVE('',#10667,#11031);
#11031 = DEFINITIONAL_REPRESENTATION('',(#11032),#11035);
#11032 = B_SPLINE_CURVE_WITH_KNOTS('',1,(#11033,#11034),.UNSPECIFIED.,
  .F.,.F.,(2,2),(-146.8501718211,-0.85),.PIECEWISE_BEZIER_KNOTS.);
#11033 = CARTESIAN_POINT('',(2.3,-147.7001718211));
#11034 = CARTESIAN_POINT('',(2.3,-1.7));
#11035 = ( GEOMETRIC_REPRESENTATION_CONTEXT(2) 
PARAMETRIC_REPRESENTATION_CONTEXT() REPRESENTATION_CONTEXT('2D SPACE',''
  ) );
#11036 = ORIENTED_EDGE('',*,*,#10875,.F.);
#11037 = ADVANCED_FACE('',(#11038,#11044),#10667,.T.);
#11038 = FACE_BOUND('',#11039,.T.);
#11039 = EDGE_LOOP('',(#11040,#11041,#11042,#11043));
#11040 = ORIENTED_EDGE('',*,*,#10648,.T.);
#11041 = ORIENTED_EDGE('',*,*,#10796,.F.);
#11042 = ORIENTED_EDGE('',*,*,#10822,.T.);
#11043 = ORIENTED_EDGE('',*,*,#10747,.T.);
#11044 = FACE_BOUND('',#11045,.T.);
#11045 = EDGE_LOOP('',(#11046,#11047,#11048,#11049));
#11046 = ORIENTED_EDGE('',*,*,#10849,.F.);
#11047 = ORIENTED_EDGE('',*,*,#11018,.T.);
#11048 = ORIENTED_EDGE('',*,*,#10990,.F.);
#11049 = ORIENTED_EDGE('',*,*,#10945,.F.);
#11050 = ( GEOMETRIC_REPRESENTATION_CONTEXT(3) 
GLOBAL_UNCERTAINTY_ASSIGNED_CONTEXT((#11054)) 
GLOBAL_UNIT_ASSIGNED_CONTEXT((#11051,#11052,#11053)) 
REPRESENTATION_CONTEXT('Context #1',
  '3D Context with UNIT and UNCERTAINTY') );
#11051 = ( LENGTH_UNIT() NAMED_UNIT(*) SI_UNIT(.MILLI.,.METRE.) );
#11052 = ( NAMED_UNIT(*) PLANE_ANGLE_UNIT() SI_UNIT($,.RADIAN.) );
#11053 = ( NAMED_UNIT(*) SI_UNIT($,.STERADIAN.) SOLID_ANGLE_UNIT() );
#11054 = UNCERTAINTY_MEASURE_WITH_UNIT(LENGTH_MEASURE(1.E-07),#11051,
  'distance_accuracy_value','confusion accuracy');
#11055 = CONTEXT_DEPENDENT_SHAPE_REPRESENTATION(#11056,#11058);
#11056 = ( REPRESENTATION_RELATIONSHIP('','',#10407,#10384) 
REPRESENTATION_RELATIONSHIP_WITH_TRANSFORMATION(#11057) 
SHAPE_REPRESENTATION_RELATIONSHIP() );
#11057 = ITEM_DEFINED_TRANSFORMATION('','',#11,#10385);
#11058 = PRODUCT_DEFINITION_SHAPE('Placement','Placement of an item',
  #11059);
#11059 = NEXT_ASSEMBLY_USAGE_OCCURRENCE('45','=>[0:1:1:47]','',#10379,
  #10402,$);
#11060 = PRODUCT_RELATED_PRODUCT_CATEGORY('part',$,(#10404));
#11061 = SHAPE_DEFINITION_REPRESENTATION(#11062,#11068);
#11062 = PRODUCT_DEFINITION_SHAPE('','',#11063);
#11063 = PRODUCT_DEFINITION('design','',#11064,#11067);
#11064 = PRODUCT_DEFINITION_FORMATION('','',#11065);
#11065 = PRODUCT('trackpad_guide_roller_right_1',
  'trackpad_guide_roller_right_1','',(#11066));
#11066 = PRODUCT_CONTEXT('',#2,'mechanical');
#11067 = PRODUCT_DEFINITION_CONTEXT('part definition',#2,'design');
#11068 = SHAPE_REPRESENTATION('',(#11,#11069),#11073);
#11069 = AXIS2_PLACEMENT_3D('',#11070,#11071,#11072);
#11070 = CARTESIAN_POINT('',(0.,0.,-3.5));
#11071 = DIRECTION('',(0.,0.,1.));
#11072 = DIRECTION('',(1.,0.,-0.));
#11073 = ( GEOMETRIC_REPRESENTATION_CONTEXT(3) 
GLOBAL_UNCERTAINTY_ASSIGNED_CONTEXT((#11077)) 
GLOBAL_UNIT_ASSIGNED_CONTEXT((#11074,#11075,#11076)) 
REPRESENTATION_CONTEXT('Context #1',
  '3D Context with UNIT and UNCERTAINTY') );
#11074 = ( LENGTH_UNIT() NAMED_UNIT(*) SI_UNIT(.MILLI.,.METRE.) );
#11075 = ( NAMED_UNIT(*) PLANE_ANGLE_UNIT() SI_UNIT($,.RADIAN.) );
#11076 = ( NAMED_UNIT(*) SI_UNIT($,.STERADIAN.) SOLID_ANGLE_UNIT() );
#11077 = UNCERTAINTY_MEASURE_WITH_UNIT(LENGTH_MEASURE(1.E-07),#11074,
  'distance_accuracy_value','confusion accuracy');
#11078 = CONTEXT_DEPENDENT_SHAPE_REPRESENTATION(#11079,#11081);
#11079 = ( REPRESENTATION_RELATIONSHIP('','',#11068,#10) 
REPRESENTATION_RELATIONSHIP_WITH_TRANSFORMATION(#11080) 
SHAPE_REPRESENTATION_RELATIONSHIP() );
#11080 = ITEM_DEFINED_TRANSFORMATION('','',#11,#107);
#11081 = PRODUCT_DEFINITION_SHAPE('Placement','Placement of an item',
  #11082);
#11082 = NEXT_ASSEMBLY_USAGE_OCCURRENCE('48','=>[0:1:1:48]','',#5,#11063
  ,$);
#11083 = PRODUCT_RELATED_PRODUCT_CATEGORY('part',$,(#11065));
#11084 = SHAPE_DEFINITION_REPRESENTATION(#11085,#11091);
#11085 = PRODUCT_DEFINITION_SHAPE('','',#11086);
#11086 = PRODUCT_DEFINITION('design','',#11087,#11090);
#11087 = PRODUCT_DEFINITION_FORMATION('','',#11088);
#11088 = PRODUCT('SOLID','SOLID','',(#11089));
#11089 = PRODUCT_CONTEXT('',#2,'mechanical');
#11090 = PRODUCT_DEFINITION_CONTEXT('part definition',#2,'design');
#11091 = ADVANCED_BREP_SHAPE_REPRESENTATION('',(#11,#11092),#11190);
#11092 = MANIFOLD_SOLID_BREP('',#11093);
#11093 = CLOSED_SHELL('',(#11094,#11182,#11186));
#11094 = ADVANCED_FACE('',(#11095),#11108,.T.);
#11095 = FACE_BOUND('',#11096,.T.);
#11096 = EDGE_LOOP('',(#11097,#11131,#11154,#11181));
#11097 = ORIENTED_EDGE('',*,*,#11098,.F.);
#11098 = EDGE_CURVE('',#11099,#11099,#11101,.T.);
#11099 = VERTEX_POINT('',#11100);
#11100 = CARTESIAN_POINT('',(2.,-4.898587196589E-16,7.));
#11101 = SURFACE_CURVE('',#11102,(#11107,#11119),.PCURVE_S1.);
#11102 = CIRCLE('',#11103,2.);
#11103 = AXIS2_PLACEMENT_3D('',#11104,#11105,#11106);
#11104 = CARTESIAN_POINT('',(0.,0.,7.));
#11105 = DIRECTION('',(0.,0.,1.));
#11106 = DIRECTION('',(1.,0.,-0.));
#11107 = PCURVE('',#11108,#11113);
#11108 = CYLINDRICAL_SURFACE('',#11109,2.);
#11109 = AXIS2_PLACEMENT_3D('',#11110,#11111,#11112);
#11110 = CARTESIAN_POINT('',(0.,0.,0.));
#11111 = DIRECTION('',(0.,0.,1.));
#11112 = DIRECTION('',(1.,0.,-0.));
#11113 = DEFINITIONAL_REPRESENTATION('',(#11114),#11118);
#11114 = LINE('',#11115,#11116);
#11115 = CARTESIAN_POINT('',(0.,7.));
#11116 = VECTOR('',#11117,1.);
#11117 = DIRECTION('',(1.,0.));
#11118 = ( GEOMETRIC_REPRESENTATION_CONTEXT(2) 
PARAMETRIC_REPRESENTATION_CONTEXT() REPRESENTATION_CONTEXT('2D SPACE',''
  ) );
#11119 = PCURVE('',#11120,#11125);
#11120 = PLANE('',#11121);
#11121 = AXIS2_PLACEMENT_3D('',#11122,#11123,#11124);
#11122 = CARTESIAN_POINT('',(0.,0.,7.));
#11123 = DIRECTION('',(0.,0.,1.));
#11124 = DIRECTION('',(1.,0.,-0.));
#11125 = DEFINITIONAL_REPRESENTATION('',(#11126),#11130);
#11126 = CIRCLE('',#11127,2.);
#11127 = AXIS2_PLACEMENT_2D('',#11128,#11129);
#11128 = CARTESIAN_POINT('',(0.,0.));
#11129 = DIRECTION('',(1.,0.));
#11130 = ( GEOMETRIC_REPRESENTATION_CONTEXT(2) 
PARAMETRIC_REPRESENTATION_CONTEXT() REPRESENTATION_CONTEXT('2D SPACE',''
  ) );
#11131 = ORIENTED_EDGE('',*,*,#11132,.F.);
#11132 = EDGE_CURVE('',#11133,#11099,#11135,.T.);
#11133 = VERTEX_POINT('',#11134);
#11134 = CARTESIAN_POINT('',(2.,-4.898587196589E-16,0.));
#11135 = SEAM_CURVE('',#11136,(#11140,#11147),.PCURVE_S1.);
#11136 = LINE('',#11137,#11138);
#11137 = CARTESIAN_POINT('',(2.,-4.898587196589E-16,0.));
#11138 = VECTOR('',#11139,1.);
#11139 = DIRECTION('',(0.,0.,1.));
#11140 = PCURVE('',#11108,#11141);
#11141 = DEFINITIONAL_REPRESENTATION('',(#11142),#11146);
#11142 = LINE('',#11143,#11144);
#11143 = CARTESIAN_POINT('',(6.28318530718,-0.));
#11144 = VECTOR('',#11145,1.);
#11145 = DIRECTION('',(0.,1.));
#11146 = ( GEOMETRIC_REPRESENTATION_CONTEXT(2) 
PARAMETRIC_REPRESENTATION_CONTEXT() REPRESENTATION_CONTEXT('2D SPACE',''
  ) );
#11147 = PCURVE('',#11108,#11148);
#11148 = DEFINITIONAL_REPRESENTATION('',(#11149),#11153);
#11149 = LINE('',#11150,#11151);
#11150 = CARTESIAN_POINT('',(0.,-0.));
#11151 = VECTOR('',#11152,1.);
#11152 = DIRECTION('',(0.,1.));
#11153 = ( GEOMETRIC_REPRESENTATION_CONTEXT(2) 
PARAMETRIC_REPRESENTATION_CONTEXT() REPRESENTATION_CONTEXT('2D SPACE',''
  ) );
#11154 = ORIENTED_EDGE('',*,*,#11155,.T.);
#11155 = EDGE_CURVE('',#11133,#11133,#11156,.T.);
#11156 = SURFACE_CURVE('',#11157,(#11162,#11169),.PCURVE_S1.);
#11157 = CIRCLE('',#11158,2.);
#11158 = AXIS2_PLACEMENT_3D('',#11159,#11160,#11161);
#11159 = CARTESIAN_POINT('',(0.,0.,0.));
#11160 = DIRECTION('',(0.,0.,1.));
#11161 = DIRECTION('',(1.,0.,-0.));
#11162 = PCURVE('',#11108,#11163);
#11163 = DEFINITIONAL_REPRESENTATION('',(#11164),#11168);
#11164 = LINE('',#11165,#11166);
#11165 = CARTESIAN_POINT('',(0.,0.));
#11166 = VECTOR('',#11167,1.);
#11167 = DIRECTION('',(1.,0.));
#11168 = ( GEOMETRIC_REPRESENTATION_CONTEXT(2) 
PARAMETRIC_REPRESENTATION_CONTEXT() REPRESENTATION_CONTEXT('2D SPACE',''
  ) );
#11169 = PCURVE('',#11170,#11175);
#11170 = PLANE('',#11171);
#11171 = AXIS2_PLACEMENT_3D('',#11172,#11173,#11174);
#11172 = CARTESIAN_POINT('',(0.,0.,0.));
#11173 = DIRECTION('',(0.,0.,1.));
#11174 = DIRECTION('',(1.,0.,-0.));
#11175 = DEFINITIONAL_REPRESENTATION('',(#11176),#11180);
#11176 = CIRCLE('',#11177,2.);
#11177 = AXIS2_PLACEMENT_2D('',#11178,#11179);
#11178 = CARTESIAN_POINT('',(0.,0.));
#11179 = DIRECTION('',(1.,0.));
#11180 = ( GEOMETRIC_REPRESENTATION_CONTEXT(2) 
PARAMETRIC_REPRESENTATION_CONTEXT() REPRESENTATION_CONTEXT('2D SPACE',''
  ) );
#11181 = ORIENTED_EDGE('',*,*,#11132,.T.);
#11182 = ADVANCED_FACE('',(#11183),#11120,.T.);
#11183 = FACE_BOUND('',#11184,.T.);
#11184 = EDGE_LOOP('',(#11185));
#11185 = ORIENTED_EDGE('',*,*,#11098,.T.);
#11186 = ADVANCED_FACE('',(#11187),#11170,.F.);
#11187 = FACE_BOUND('',#11188,.T.);
#11188 = EDGE_LOOP('',(#11189));
#11189 = ORIENTED_EDGE('',*,*,#11155,.F.);
#11190 = ( GEOMETRIC_REPRESENTATION_CONTEXT(3) 
GLOBAL_UNCERTAINTY_ASSIGNED_CONTEXT((#11194)) 
GLOBAL_UNIT_ASSIGNED_CONTEXT((#11191,#11192,#11193)) 
REPRESENTATION_CONTEXT('Context #1',
  '3D Context with UNIT and UNCERTAINTY') );
#11191 = ( LENGTH_UNIT() NAMED_UNIT(*) SI_UNIT(.MILLI.,.METRE.) );
#11192 = ( NAMED_UNIT(*) PLANE_ANGLE_UNIT() SI_UNIT($,.RADIAN.) );
#11193 = ( NAMED_UNIT(*) SI_UNIT($,.STERADIAN.) SOLID_ANGLE_UNIT() );
#11194 = UNCERTAINTY_MEASURE_WITH_UNIT(LENGTH_MEASURE(1.E-07),#11191,
  'distance_accuracy_value','confusion accuracy');
#11195 = CONTEXT_DEPENDENT_SHAPE_REPRESENTATION(#11196,#11198);
#11196 = ( REPRESENTATION_RELATIONSHIP('','',#11091,#11068) 
REPRESENTATION_RELATIONSHIP_WITH_TRANSFORMATION(#11197) 
SHAPE_REPRESENTATION_RELATIONSHIP() );
#11197 = ITEM_DEFINED_TRANSFORMATION('','',#11,#11069);
#11198 = PRODUCT_DEFINITION_SHAPE('Placement','Placement of an item',
  #11199);
#11199 = NEXT_ASSEMBLY_USAGE_OCCURRENCE('47','=>[0:1:1:49]','',#11063,
  #11086,$);
#11200 = PRODUCT_RELATED_PRODUCT_CATEGORY('part',$,(#11088));
#11201 = SHAPE_DEFINITION_REPRESENTATION(#11202,#11208);
#11202 = PRODUCT_DEFINITION_SHAPE('','',#11203);
#11203 = PRODUCT_DEFINITION('design','',#11204,#11207);
#11204 = PRODUCT_DEFINITION_FORMATION('','',#11205);
#11205 = PRODUCT('trackpad_guide_roller_right_2',
  'trackpad_guide_roller_right_2','',(#11206));
#11206 = PRODUCT_CONTEXT('',#2,'mechanical');
#11207 = PRODUCT_DEFINITION_CONTEXT('part definition',#2,'design');
#11208 = SHAPE_REPRESENTATION('',(#11,#11209),#11213);
#11209 = AXIS2_PLACEMENT_3D('',#11210,#11211,#11212);
#11210 = CARTESIAN_POINT('',(0.,0.,-3.5));
#11211 = DIRECTION('',(0.,0.,1.));
#11212 = DIRECTION('',(1.,0.,-0.));
#11213 = ( GEOMETRIC_REPRESENTATION_CONTEXT(3) 
GLOBAL_UNCERTAINTY_ASSIGNED_CONTEXT((#11217)) 
GLOBAL_UNIT_ASSIGNED_CONTEXT((#11214,#11215,#11216)) 
REPRESENTATION_CONTEXT('Context #1',
  '3D Context with UNIT and UNCERTAINTY') );
#11214 = ( LENGTH_UNIT() NAMED_UNIT(*) SI_UNIT(.MILLI.,.METRE.) );
#11215 = ( NAMED_UNIT(*) PLANE_ANGLE_UNIT() SI_UNIT($,.RADIAN.) );
#11216 = ( NAMED_UNIT(*) SI_UNIT($,.STERADIAN.) SOLID_ANGLE_UNIT() );
#11217 = UNCERTAINTY_MEASURE_WITH_UNIT(LENGTH_MEASURE(1.E-07),#11214,
  'distance_accuracy_value','confusion accuracy');
#11218 = CONTEXT_DEPENDENT_SHAPE_REPRESENTATION(#11219,#11221);
#11219 = ( REPRESENTATION_RELATIONSHIP('','',#11208,#10) 
REPRESENTATION_RELATIONSHIP_WITH_TRANSFORMATION(#11220) 
SHAPE_REPRESENTATION_RELATIONSHIP() );
#11220 = ITEM_DEFINED_TRANSFORMATION('','',#11,#111);
#11221 = PRODUCT_DEFINITION_SHAPE('Placement','Placement of an item',
  #11222);
#11222 = NEXT_ASSEMBLY_USAGE_OCCURRENCE('50','=>[0:1:1:50]','',#5,#11203
  ,$);
#11223 = PRODUCT_RELATED_PRODUCT_CATEGORY('part',$,(#11205));
#11224 = SHAPE_DEFINITION_REPRESENTATION(#11225,#11231);
#11225 = PRODUCT_DEFINITION_SHAPE('','',#11226);
#11226 = PRODUCT_DEFINITION('design','',#11227,#11230);
#11227 = PRODUCT_DEFINITION_FORMATION('','',#11228);
#11228 = PRODUCT('SOLID','SOLID','',(#11229));
#11229 = PRODUCT_CONTEXT('',#2,'mechanical');
#11230 = PRODUCT_DEFINITION_CONTEXT('part definition',#2,'design');
#11231 = ADVANCED_BREP_SHAPE_REPRESENTATION('',(#11,#11232),#11330);
#11232 = MANIFOLD_SOLID_BREP('',#11233);
#11233 = CLOSED_SHELL('',(#11234,#11322,#11326));
#11234 = ADVANCED_FACE('',(#11235),#11248,.T.);
#11235 = FACE_BOUND('',#11236,.T.);
#11236 = EDGE_LOOP('',(#11237,#11271,#11294,#11321));
#11237 = ORIENTED_EDGE('',*,*,#11238,.F.);
#11238 = EDGE_CURVE('',#11239,#11239,#11241,.T.);
#11239 = VERTEX_POINT('',#11240);
#11240 = CARTESIAN_POINT('',(2.,-4.898587196589E-16,7.));
#11241 = SURFACE_CURVE('',#11242,(#11247,#11259),.PCURVE_S1.);
#11242 = CIRCLE('',#11243,2.);
#11243 = AXIS2_PLACEMENT_3D('',#11244,#11245,#11246);
#11244 = CARTESIAN_POINT('',(0.,0.,7.));
#11245 = DIRECTION('',(0.,0.,1.));
#11246 = DIRECTION('',(1.,0.,-0.));
#11247 = PCURVE('',#11248,#11253);
#11248 = CYLINDRICAL_SURFACE('',#11249,2.);
#11249 = AXIS2_PLACEMENT_3D('',#11250,#11251,#11252);
#11250 = CARTESIAN_POINT('',(0.,0.,0.));
#11251 = DIRECTION('',(0.,0.,1.));
#11252 = DIRECTION('',(1.,0.,-0.));
#11253 = DEFINITIONAL_REPRESENTATION('',(#11254),#11258);
#11254 = LINE('',#11255,#11256);
#11255 = CARTESIAN_POINT('',(0.,7.));
#11256 = VECTOR('',#11257,1.);
#11257 = DIRECTION('',(1.,0.));
#11258 = ( GEOMETRIC_REPRESENTATION_CONTEXT(2) 
PARAMETRIC_REPRESENTATION_CONTEXT() REPRESENTATION_CONTEXT('2D SPACE',''
  ) );
#11259 = PCURVE('',#11260,#11265);
#11260 = PLANE('',#11261);
#11261 = AXIS2_PLACEMENT_3D('',#11262,#11263,#11264);
#11262 = CARTESIAN_POINT('',(0.,0.,7.));
#11263 = DIRECTION('',(0.,0.,1.));
#11264 = DIRECTION('',(1.,0.,-0.));
#11265 = DEFINITIONAL_REPRESENTATION('',(#11266),#11270);
#11266 = CIRCLE('',#11267,2.);
#11267 = AXIS2_PLACEMENT_2D('',#11268,#11269);
#11268 = CARTESIAN_POINT('',(0.,0.));
#11269 = DIRECTION('',(1.,0.));
#11270 = ( GEOMETRIC_REPRESENTATION_CONTEXT(2) 
PARAMETRIC_REPRESENTATION_CONTEXT() REPRESENTATION_CONTEXT('2D SPACE',''
  ) );
#11271 = ORIENTED_EDGE('',*,*,#11272,.F.);
#11272 = EDGE_CURVE('',#11273,#11239,#11275,.T.);
#11273 = VERTEX_POINT('',#11274);
#11274 = CARTESIAN_POINT('',(2.,-4.898587196589E-16,0.));
#11275 = SEAM_CURVE('',#11276,(#11280,#11287),.PCURVE_S1.);
#11276 = LINE('',#11277,#11278);
#11277 = CARTESIAN_POINT('',(2.,-4.898587196589E-16,0.));
#11278 = VECTOR('',#11279,1.);
#11279 = DIRECTION('',(0.,0.,1.));
#11280 = PCURVE('',#11248,#11281);
#11281 = DEFINITIONAL_REPRESENTATION('',(#11282),#11286);
#11282 = LINE('',#11283,#11284);
#11283 = CARTESIAN_POINT('',(6.28318530718,-0.));
#11284 = VECTOR('',#11285,1.);
#11285 = DIRECTION('',(0.,1.));
#11286 = ( GEOMETRIC_REPRESENTATION_CONTEXT(2) 
PARAMETRIC_REPRESENTATION_CONTEXT() REPRESENTATION_CONTEXT('2D SPACE',''
  ) );
#11287 = PCURVE('',#11248,#11288);
#11288 = DEFINITIONAL_REPRESENTATION('',(#11289),#11293);
#11289 = LINE('',#11290,#11291);
#11290 = CARTESIAN_POINT('',(0.,-0.));
#11291 = VECTOR('',#11292,1.);
#11292 = DIRECTION('',(0.,1.));
#11293 = ( GEOMETRIC_REPRESENTATION_CONTEXT(2) 
PARAMETRIC_REPRESENTATION_CONTEXT() REPRESENTATION_CONTEXT('2D SPACE',''
  ) );
#11294 = ORIENTED_EDGE('',*,*,#11295,.T.);
#11295 = EDGE_CURVE('',#11273,#11273,#11296,.T.);
#11296 = SURFACE_CURVE('',#11297,(#11302,#11309),.PCURVE_S1.);
#11297 = CIRCLE('',#11298,2.);
#11298 = AXIS2_PLACEMENT_3D('',#11299,#11300,#11301);
#11299 = CARTESIAN_POINT('',(0.,0.,0.));
#11300 = DIRECTION('',(0.,0.,1.));
#11301 = DIRECTION('',(1.,0.,-0.));
#11302 = PCURVE('',#11248,#11303);
#11303 = DEFINITIONAL_REPRESENTATION('',(#11304),#11308);
#11304 = LINE('',#11305,#11306);
#11305 = CARTESIAN_POINT('',(0.,0.));
#11306 = VECTOR('',#11307,1.);
#11307 = DIRECTION('',(1.,0.));
#11308 = ( GEOMETRIC_REPRESENTATION_CONTEXT(2) 
PARAMETRIC_REPRESENTATION_CONTEXT() REPRESENTATION_CONTEXT('2D SPACE',''
  ) );
#11309 = PCURVE('',#11310,#11315);
#11310 = PLANE('',#11311);
#11311 = AXIS2_PLACEMENT_3D('',#11312,#11313,#11314);
#11312 = CARTESIAN_POINT('',(0.,0.,0.));
#11313 = DIRECTION('',(0.,0.,1.));
#11314 = DIRECTION('',(1.,0.,-0.));
#11315 = DEFINITIONAL_REPRESENTATION('',(#11316),#11320);
#11316 = CIRCLE('',#11317,2.);
#11317 = AXIS2_PLACEMENT_2D('',#11318,#11319);
#11318 = CARTESIAN_POINT('',(0.,0.));
#11319 = DIRECTION('',(1.,0.));
#11320 = ( GEOMETRIC_REPRESENTATION_CONTEXT(2) 
PARAMETRIC_REPRESENTATION_CONTEXT() REPRESENTATION_CONTEXT('2D SPACE',''
  ) );
#11321 = ORIENTED_EDGE('',*,*,#11272,.T.);
#11322 = ADVANCED_FACE('',(#11323),#11260,.T.);
#11323 = FACE_BOUND('',#11324,.T.);
#11324 = EDGE_LOOP('',(#11325));
#11325 = ORIENTED_EDGE('',*,*,#11238,.T.);
#11326 = ADVANCED_FACE('',(#11327),#11310,.F.);
#11327 = FACE_BOUND('',#11328,.T.);
#11328 = EDGE_LOOP('',(#11329));
#11329 = ORIENTED_EDGE('',*,*,#11295,.F.);
#11330 = ( GEOMETRIC_REPRESENTATION_CONTEXT(3) 
GLOBAL_UNCERTAINTY_ASSIGNED_CONTEXT((#11334)) 
GLOBAL_UNIT_ASSIGNED_CONTEXT((#11331,#11332,#11333)) 
REPRESENTATION_CONTEXT('Context #1',
  '3D Context with UNIT and UNCERTAINTY') );
#11331 = ( LENGTH_UNIT() NAMED_UNIT(*) SI_UNIT(.MILLI.,.METRE.) );
#11332 = ( NAMED_UNIT(*) PLANE_ANGLE_UNIT() SI_UNIT($,.RADIAN.) );
#11333 = ( NAMED_UNIT(*) SI_UNIT($,.STERADIAN.) SOLID_ANGLE_UNIT() );
#11334 = UNCERTAINTY_MEASURE_WITH_UNIT(LENGTH_MEASURE(1.E-07),#11331,
  'distance_accuracy_value','confusion accuracy');
#11335 = CONTEXT_DEPENDENT_SHAPE_REPRESENTATION(#11336,#11338);
#11336 = ( REPRESENTATION_RELATIONSHIP('','',#11231,#11208) 
REPRESENTATION_RELATIONSHIP_WITH_TRANSFORMATION(#11337) 
SHAPE_REPRESENTATION_RELATIONSHIP() );
#11337 = ITEM_DEFINED_TRANSFORMATION('','',#11,#11209);
#11338 = PRODUCT_DEFINITION_SHAPE('Placement','Placement of an item',
  #11339);
#11339 = NEXT_ASSEMBLY_USAGE_OCCURRENCE('49','=>[0:1:1:51]','',#11203,
  #11226,$);
#11340 = PRODUCT_RELATED_PRODUCT_CATEGORY('part',$,(#11228));
#11341 = SHAPE_DEFINITION_REPRESENTATION(#11342,#11348);
#11342 = PRODUCT_DEFINITION_SHAPE('','',#11343);
#11343 = PRODUCT_DEFINITION('design','',#11344,#11347);
#11344 = PRODUCT_DEFINITION_FORMATION('','',#11345);
#11345 = PRODUCT('trackpad_guide_support_right_1',
  'trackpad_guide_support_right_1','',(#11346));
#11346 = PRODUCT_CONTEXT('',#2,'mechanical');
#11347 = PRODUCT_DEFINITION_CONTEXT('part definition',#2,'design');
#11348 = SHAPE_REPRESENTATION('',(#11,#11349),#11353);
#11349 = AXIS2_PLACEMENT_3D('',#11350,#11351,#11352);
#11350 = CARTESIAN_POINT('',(-3.,-3.5,0.));
#11351 = DIRECTION('',(0.,0.,1.));
#11352 = DIRECTION('',(1.,0.,-0.));
#11353 = ( GEOMETRIC_REPRESENTATION_CONTEXT(3) 
GLOBAL_UNCERTAINTY_ASSIGNED_CONTEXT((#11357)) 
GLOBAL_UNIT_ASSIGNED_CONTEXT((#11354,#11355,#11356)) 
REPRESENTATION_CONTEXT('Context #1',
  '3D Context with UNIT and UNCERTAINTY') );
#11354 = ( LENGTH_UNIT() NAMED_UNIT(*) SI_UNIT(.MILLI.,.METRE.) );
#11355 = ( NAMED_UNIT(*) PLANE_ANGLE_UNIT() SI_UNIT($,.RADIAN.) );
#11356 = ( NAMED_UNIT(*) SI_UNIT($,.STERADIAN.) SOLID_ANGLE_UNIT() );
#11357 = UNCERTAINTY_MEASURE_WITH_UNIT(LENGTH_MEASURE(1.E-07),#11354,
  'distance_accuracy_value','confusion accuracy');
#11358 = CONTEXT_DEPENDENT_SHAPE_REPRESENTATION(#11359,#11361);
#11359 = ( REPRESENTATION_RELATIONSHIP('','',#11348,#10) 
REPRESENTATION_RELATIONSHIP_WITH_TRANSFORMATION(#11360) 
SHAPE_REPRESENTATION_RELATIONSHIP() );
#11360 = ITEM_DEFINED_TRANSFORMATION('','',#11,#115);
#11361 = PRODUCT_DEFINITION_SHAPE('Placement','Placement of an item',
  #11362);
#11362 = NEXT_ASSEMBLY_USAGE_OCCURRENCE('52','=>[0:1:1:52]','',#5,#11343
  ,$);
#11363 = PRODUCT_RELATED_PRODUCT_CATEGORY('part',$,(#11345));
#11364 = SHAPE_DEFINITION_REPRESENTATION(#11365,#11371);
#11365 = PRODUCT_DEFINITION_SHAPE('','',#11366);
#11366 = PRODUCT_DEFINITION('design','',#11367,#11370);
#11367 = PRODUCT_DEFINITION_FORMATION('','',#11368);
#11368 = PRODUCT('SOLID','SOLID','',(#11369));
#11369 = PRODUCT_CONTEXT('',#2,'mechanical');
#11370 = PRODUCT_DEFINITION_CONTEXT('part definition',#2,'design');
#11371 = ADVANCED_BREP_SHAPE_REPRESENTATION('',(#11,#11372),#11702);
#11372 = MANIFOLD_SOLID_BREP('',#11373);
#11373 = CLOSED_SHELL('',(#11374,#11494,#11594,#11641,#11688,#11695));
#11374 = ADVANCED_FACE('',(#11375),#11389,.F.);
#11375 = FACE_BOUND('',#11376,.F.);
#11376 = EDGE_LOOP('',(#11377,#11412,#11440,#11468));
#11377 = ORIENTED_EDGE('',*,*,#11378,.F.);
#11378 = EDGE_CURVE('',#11379,#11381,#11383,.T.);
#11379 = VERTEX_POINT('',#11380);
#11380 = CARTESIAN_POINT('',(0.,0.,0.));
#11381 = VERTEX_POINT('',#11382);
#11382 = CARTESIAN_POINT('',(0.,0.,39.515122366658));
#11383 = SURFACE_CURVE('',#11384,(#11388,#11400),.PCURVE_S1.);
#11384 = LINE('',#11385,#11386);
#11385 = CARTESIAN_POINT('',(0.,0.,0.));
#11386 = VECTOR('',#11387,1.);
#11387 = DIRECTION('',(0.,0.,1.));
#11388 = PCURVE('',#11389,#11394);
#11389 = PLANE('',#11390);
#11390 = AXIS2_PLACEMENT_3D('',#11391,#11392,#11393);
#11391 = CARTESIAN_POINT('',(0.,0.,0.));
#11392 = DIRECTION('',(1.,0.,-0.));
#11393 = DIRECTION('',(0.,0.,1.));
#11394 = DEFINITIONAL_REPRESENTATION('',(#11395),#11399);
#11395 = LINE('',#11396,#11397);
#11396 = CARTESIAN_POINT('',(0.,0.));
#11397 = VECTOR('',#11398,1.);
#11398 = DIRECTION('',(1.,0.));
#11399 = ( GEOMETRIC_REPRESENTATION_CONTEXT(2) 
PARAMETRIC_REPRESENTATION_CONTEXT() REPRESENTATION_CONTEXT('2D SPACE',''
  ) );
#11400 = PCURVE('',#11401,#11406);
#11401 = PLANE('',#11402);
#11402 = AXIS2_PLACEMENT_3D('',#11403,#11404,#11405);
#11403 = CARTESIAN_POINT('',(0.,0.,0.));
#11404 = DIRECTION('',(-0.,1.,0.));
#11405 = DIRECTION('',(0.,0.,1.));
#11406 = DEFINITIONAL_REPRESENTATION('',(#11407),#11411);
#11407 = LINE('',#11408,#11409);
#11408 = CARTESIAN_POINT('',(0.,0.));
#11409 = VECTOR('',#11410,1.);
#11410 = DIRECTION('',(1.,0.));
#11411 = ( GEOMETRIC_REPRESENTATION_CONTEXT(2) 
PARAMETRIC_REPRESENTATION_CONTEXT() REPRESENTATION_CONTEXT('2D SPACE',''
  ) );
#11412 = ORIENTED_EDGE('',*,*,#11413,.T.);
#11413 = EDGE_CURVE('',#11379,#11414,#11416,.T.);
#11414 = VERTEX_POINT('',#11415);
#11415 = CARTESIAN_POINT('',(0.,7.,0.));
#11416 = SURFACE_CURVE('',#11417,(#11421,#11428),.PCURVE_S1.);
#11417 = LINE('',#11418,#11419);
#11418 = CARTESIAN_POINT('',(0.,0.,0.));
#11419 = VECTOR('',#11420,1.);
#11420 = DIRECTION('',(-0.,1.,0.));
#11421 = PCURVE('',#11389,#11422);
#11422 = DEFINITIONAL_REPRESENTATION('',(#11423),#11427);
#11423 = LINE('',#11424,#11425);
#11424 = CARTESIAN_POINT('',(0.,0.));
#11425 = VECTOR('',#11426,1.);
#11426 = DIRECTION('',(0.,-1.));
#11427 = ( GEOMETRIC_REPRESENTATION_CONTEXT(2) 
PARAMETRIC_REPRESENTATION_CONTEXT() REPRESENTATION_CONTEXT('2D SPACE',''
  ) );
#11428 = PCURVE('',#11429,#11434);
#11429 = PLANE('',#11430);
#11430 = AXIS2_PLACEMENT_3D('',#11431,#11432,#11433);
#11431 = CARTESIAN_POINT('',(0.,0.,0.));
#11432 = DIRECTION('',(0.,0.,1.));
#11433 = DIRECTION('',(1.,0.,-0.));
#11434 = DEFINITIONAL_REPRESENTATION('',(#11435),#11439);
#11435 = LINE('',#11436,#11437);
#11436 = CARTESIAN_POINT('',(0.,0.));
#11437 = VECTOR('',#11438,1.);
#11438 = DIRECTION('',(0.,1.));
#11439 = ( GEOMETRIC_REPRESENTATION_CONTEXT(2) 
PARAMETRIC_REPRESENTATION_CONTEXT() REPRESENTATION_CONTEXT('2D SPACE',''
  ) );
#11440 = ORIENTED_EDGE('',*,*,#11441,.T.);
#11441 = EDGE_CURVE('',#11414,#11442,#11444,.T.);
#11442 = VERTEX_POINT('',#11443);
#11443 = CARTESIAN_POINT('',(0.,7.,39.515122366658));
#11444 = SURFACE_CURVE('',#11445,(#11449,#11456),.PCURVE_S1.);
#11445 = LINE('',#11446,#11447);
#11446 = CARTESIAN_POINT('',(0.,7.,0.));
#11447 = VECTOR('',#11448,1.);
#11448 = DIRECTION('',(0.,0.,1.));
#11449 = PCURVE('',#11389,#11450);
#11450 = DEFINITIONAL_REPRESENTATION('',(#11451),#11455);
#11451 = LINE('',#11452,#11453);
#11452 = CARTESIAN_POINT('',(0.,-7.));
#11453 = VECTOR('',#11454,1.);
#11454 = DIRECTION('',(1.,0.));
#11455 = ( GEOMETRIC_REPRESENTATION_CONTEXT(2) 
PARAMETRIC_REPRESENTATION_CONTEXT() REPRESENTATION_CONTEXT('2D SPACE',''
  ) );
#11456 = PCURVE('',#11457,#11462);
#11457 = PLANE('',#11458);
#11458 = AXIS2_PLACEMENT_3D('',#11459,#11460,#11461);
#11459 = CARTESIAN_POINT('',(0.,7.,0.));
#11460 = DIRECTION('',(-0.,1.,0.));
#11461 = DIRECTION('',(0.,0.,1.));
#11462 = DEFINITIONAL_REPRESENTATION('',(#11463),#11467);
#11463 = LINE('',#11464,#11465);
#11464 = CARTESIAN_POINT('',(0.,0.));
#11465 = VECTOR('',#11466,1.);
#11466 = DIRECTION('',(1.,0.));
#11467 = ( GEOMETRIC_REPRESENTATION_CONTEXT(2) 
PARAMETRIC_REPRESENTATION_CONTEXT() REPRESENTATION_CONTEXT('2D SPACE',''
  ) );
#11468 = ORIENTED_EDGE('',*,*,#11469,.F.);
#11469 = EDGE_CURVE('',#11381,#11442,#11470,.T.);
#11470 = SURFACE_CURVE('',#11471,(#11475,#11482),.PCURVE_S1.);
#11471 = LINE('',#11472,#11473);
#11472 = CARTESIAN_POINT('',(0.,0.,39.515122366658));
#11473 = VECTOR('',#11474,1.);
#11474 = DIRECTION('',(-0.,1.,0.));
#11475 = PCURVE('',#11389,#11476);
#11476 = DEFINITIONAL_REPRESENTATION('',(#11477),#11481);
#11477 = LINE('',#11478,#11479);
#11478 = CARTESIAN_POINT('',(39.515122366658,0.));
#11479 = VECTOR('',#11480,1.);
#11480 = DIRECTION('',(0.,-1.));
#11481 = ( GEOMETRIC_REPRESENTATION_CONTEXT(2) 
PARAMETRIC_REPRESENTATION_CONTEXT() REPRESENTATION_CONTEXT('2D SPACE',''
  ) );
#11482 = PCURVE('',#11483,#11488);
#11483 = PLANE('',#11484);
#11484 = AXIS2_PLACEMENT_3D('',#11485,#11486,#11487);
#11485 = CARTESIAN_POINT('',(0.,0.,39.515122366658));
#11486 = DIRECTION('',(0.,0.,1.));
#11487 = DIRECTION('',(1.,0.,-0.));
#11488 = DEFINITIONAL_REPRESENTATION('',(#11489),#11493);
#11489 = LINE('',#11490,#11491);
#11490 = CARTESIAN_POINT('',(0.,0.));
#11491 = VECTOR('',#11492,1.);
#11492 = DIRECTION('',(0.,1.));
#11493 = ( GEOMETRIC_REPRESENTATION_CONTEXT(2) 
PARAMETRIC_REPRESENTATION_CONTEXT() REPRESENTATION_CONTEXT('2D SPACE',''
  ) );
#11494 = ADVANCED_FACE('',(#11495),#11509,.T.);
#11495 = FACE_BOUND('',#11496,.T.);
#11496 = EDGE_LOOP('',(#11497,#11527,#11550,#11573));
#11497 = ORIENTED_EDGE('',*,*,#11498,.F.);
#11498 = EDGE_CURVE('',#11499,#11501,#11503,.T.);
#11499 = VERTEX_POINT('',#11500);
#11500 = CARTESIAN_POINT('',(6.,0.,0.));
#11501 = VERTEX_POINT('',#11502);
#11502 = CARTESIAN_POINT('',(6.,0.,39.515122366658));
#11503 = SURFACE_CURVE('',#11504,(#11508,#11520),.PCURVE_S1.);
#11504 = LINE('',#11505,#11506);
#11505 = CARTESIAN_POINT('',(6.,0.,0.));
#11506 = VECTOR('',#11507,1.);
#11507 = DIRECTION('',(0.,0.,1.));
#11508 = PCURVE('',#11509,#11514);
#11509 = PLANE('',#11510);
#11510 = AXIS2_PLACEMENT_3D('',#11511,#11512,#11513);
#11511 = CARTESIAN_POINT('',(6.,0.,0.));
#11512 = DIRECTION('',(1.,0.,-0.));
#11513 = DIRECTION('',(0.,0.,1.));
#11514 = DEFINITIONAL_REPRESENTATION('',(#11515),#11519);
#11515 = LINE('',#11516,#11517);
#11516 = CARTESIAN_POINT('',(0.,0.));
#11517 = VECTOR('',#11518,1.);
#11518 = DIRECTION('',(1.,0.));
#11519 = ( GEOMETRIC_REPRESENTATION_CONTEXT(2) 
PARAMETRIC_REPRESENTATION_CONTEXT() REPRESENTATION_CONTEXT('2D SPACE',''
  ) );
#11520 = PCURVE('',#11401,#11521);
#11521 = DEFINITIONAL_REPRESENTATION('',(#11522),#11526);
#11522 = LINE('',#11523,#11524);
#11523 = CARTESIAN_POINT('',(0.,6.));
#11524 = VECTOR('',#11525,1.);
#11525 = DIRECTION('',(1.,0.));
#11526 = ( GEOMETRIC_REPRESENTATION_CONTEXT(2) 
PARAMETRIC_REPRESENTATION_CONTEXT() REPRESENTATION_CONTEXT('2D SPACE',''
  ) );
#11527 = ORIENTED_EDGE('',*,*,#11528,.T.);
#11528 = EDGE_CURVE('',#11499,#11529,#11531,.T.);
#11529 = VERTEX_POINT('',#11530);
#11530 = CARTESIAN_POINT('',(6.,7.,0.));
#11531 = SURFACE_CURVE('',#11532,(#11536,#11543),.PCURVE_S1.);
#11532 = LINE('',#11533,#11534);
#11533 = CARTESIAN_POINT('',(6.,0.,0.));
#11534 = VECTOR('',#11535,1.);
#11535 = DIRECTION('',(-0.,1.,0.));
#11536 = PCURVE('',#11509,#11537);
#11537 = DEFINITIONAL_REPRESENTATION('',(#11538),#11542);
#11538 = LINE('',#11539,#11540);
#11539 = CARTESIAN_POINT('',(0.,0.));
#11540 = VECTOR('',#11541,1.);
#11541 = DIRECTION('',(0.,-1.));
#11542 = ( GEOMETRIC_REPRESENTATION_CONTEXT(2) 
PARAMETRIC_REPRESENTATION_CONTEXT() REPRESENTATION_CONTEXT('2D SPACE',''
  ) );
#11543 = PCURVE('',#11429,#11544);
#11544 = DEFINITIONAL_REPRESENTATION('',(#11545),#11549);
#11545 = LINE('',#11546,#11547);
#11546 = CARTESIAN_POINT('',(6.,0.));
#11547 = VECTOR('',#11548,1.);
#11548 = DIRECTION('',(0.,1.));
#11549 = ( GEOMETRIC_REPRESENTATION_CONTEXT(2) 
PARAMETRIC_REPRESENTATION_CONTEXT() REPRESENTATION_CONTEXT('2D SPACE',''
  ) );
#11550 = ORIENTED_EDGE('',*,*,#11551,.T.);
#11551 = EDGE_CURVE('',#11529,#11552,#11554,.T.);
#11552 = VERTEX_POINT('',#11553);
#11553 = CARTESIAN_POINT('',(6.,7.,39.515122366658));
#11554 = SURFACE_CURVE('',#11555,(#11559,#11566),.PCURVE_S1.);
#11555 = LINE('',#11556,#11557);
#11556 = CARTESIAN_POINT('',(6.,7.,0.));
#11557 = VECTOR('',#11558,1.);
#11558 = DIRECTION('',(0.,0.,1.));
#11559 = PCURVE('',#11509,#11560);
#11560 = DEFINITIONAL_REPRESENTATION('',(#11561),#11565);
#11561 = LINE('',#11562,#11563);
#11562 = CARTESIAN_POINT('',(0.,-7.));
#11563 = VECTOR('',#11564,1.);
#11564 = DIRECTION('',(1.,0.));
#11565 = ( GEOMETRIC_REPRESENTATION_CONTEXT(2) 
PARAMETRIC_REPRESENTATION_CONTEXT() REPRESENTATION_CONTEXT('2D SPACE',''
  ) );
#11566 = PCURVE('',#11457,#11567);
#11567 = DEFINITIONAL_REPRESENTATION('',(#11568),#11572);
#11568 = LINE('',#11569,#11570);
#11569 = CARTESIAN_POINT('',(0.,6.));
#11570 = VECTOR('',#11571,1.);
#11571 = DIRECTION('',(1.,0.));
#11572 = ( GEOMETRIC_REPRESENTATION_CONTEXT(2) 
PARAMETRIC_REPRESENTATION_CONTEXT() REPRESENTATION_CONTEXT('2D SPACE',''
  ) );
#11573 = ORIENTED_EDGE('',*,*,#11574,.F.);
#11574 = EDGE_CURVE('',#11501,#11552,#11575,.T.);
#11575 = SURFACE_CURVE('',#11576,(#11580,#11587),.PCURVE_S1.);
#11576 = LINE('',#11577,#11578);
#11577 = CARTESIAN_POINT('',(6.,0.,39.515122366658));
#11578 = VECTOR('',#11579,1.);
#11579 = DIRECTION('',(-0.,1.,0.));
#11580 = PCURVE('',#11509,#11581);
#11581 = DEFINITIONAL_REPRESENTATION('',(#11582),#11586);
#11582 = LINE('',#11583,#11584);
#11583 = CARTESIAN_POINT('',(39.515122366658,0.));
#11584 = VECTOR('',#11585,1.);
#11585 = DIRECTION('',(0.,-1.));
#11586 = ( GEOMETRIC_REPRESENTATION_CONTEXT(2) 
PARAMETRIC_REPRESENTATION_CONTEXT() REPRESENTATION_CONTEXT('2D SPACE',''
  ) );
#11587 = PCURVE('',#11483,#11588);
#11588 = DEFINITIONAL_REPRESENTATION('',(#11589),#11593);
#11589 = LINE('',#11590,#11591);
#11590 = CARTESIAN_POINT('',(6.,0.));
#11591 = VECTOR('',#11592,1.);
#11592 = DIRECTION('',(0.,1.));
#11593 = ( GEOMETRIC_REPRESENTATION_CONTEXT(2) 
PARAMETRIC_REPRESENTATION_CONTEXT() REPRESENTATION_CONTEXT('2D SPACE',''
  ) );
#11594 = ADVANCED_FACE('',(#11595),#11401,.F.);
#11595 = FACE_BOUND('',#11596,.F.);
#11596 = EDGE_LOOP('',(#11597,#11618,#11619,#11640));
#11597 = ORIENTED_EDGE('',*,*,#11598,.F.);
#11598 = EDGE_CURVE('',#11379,#11499,#11599,.T.);
#11599 = SURFACE_CURVE('',#11600,(#11604,#11611),.PCURVE_S1.);
#11600 = LINE('',#11601,#11602);
#11601 = CARTESIAN_POINT('',(0.,0.,0.));
#11602 = VECTOR('',#11603,1.);
#11603 = DIRECTION('',(1.,0.,-0.));
#11604 = PCURVE('',#11401,#11605);
#11605 = DEFINITIONAL_REPRESENTATION('',(#11606),#11610);
#11606 = LINE('',#11607,#11608);
#11607 = CARTESIAN_POINT('',(0.,0.));
#11608 = VECTOR('',#11609,1.);
#11609 = DIRECTION('',(0.,1.));
#11610 = ( GEOMETRIC_REPRESENTATION_CONTEXT(2) 
PARAMETRIC_REPRESENTATION_CONTEXT() REPRESENTATION_CONTEXT('2D SPACE',''
  ) );
#11611 = PCURVE('',#11429,#11612);
#11612 = DEFINITIONAL_REPRESENTATION('',(#11613),#11617);
#11613 = LINE('',#11614,#11615);
#11614 = CARTESIAN_POINT('',(0.,0.));
#11615 = VECTOR('',#11616,1.);
#11616 = DIRECTION('',(1.,0.));
#11617 = ( GEOMETRIC_REPRESENTATION_CONTEXT(2) 
PARAMETRIC_REPRESENTATION_CONTEXT() REPRESENTATION_CONTEXT('2D SPACE',''
  ) );
#11618 = ORIENTED_EDGE('',*,*,#11378,.T.);
#11619 = ORIENTED_EDGE('',*,*,#11620,.T.);
#11620 = EDGE_CURVE('',#11381,#11501,#11621,.T.);
#11621 = SURFACE_CURVE('',#11622,(#11626,#11633),.PCURVE_S1.);
#11622 = LINE('',#11623,#11624);
#11623 = CARTESIAN_POINT('',(0.,0.,39.515122366658));
#11624 = VECTOR('',#11625,1.);
#11625 = DIRECTION('',(1.,0.,-0.));
#11626 = PCURVE('',#11401,#11627);
#11627 = DEFINITIONAL_REPRESENTATION('',(#11628),#11632);
#11628 = LINE('',#11629,#11630);
#11629 = CARTESIAN_POINT('',(39.515122366658,0.));
#11630 = VECTOR('',#11631,1.);
#11631 = DIRECTION('',(0.,1.));
#11632 = ( GEOMETRIC_REPRESENTATION_CONTEXT(2) 
PARAMETRIC_REPRESENTATION_CONTEXT() REPRESENTATION_CONTEXT('2D SPACE',''
  ) );
#11633 = PCURVE('',#11483,#11634);
#11634 = DEFINITIONAL_REPRESENTATION('',(#11635),#11639);
#11635 = LINE('',#11636,#11637);
#11636 = CARTESIAN_POINT('',(0.,0.));
#11637 = VECTOR('',#11638,1.);
#11638 = DIRECTION('',(1.,0.));
#11639 = ( GEOMETRIC_REPRESENTATION_CONTEXT(2) 
PARAMETRIC_REPRESENTATION_CONTEXT() REPRESENTATION_CONTEXT('2D SPACE',''
  ) );
#11640 = ORIENTED_EDGE('',*,*,#11498,.F.);
#11641 = ADVANCED_FACE('',(#11642),#11457,.T.);
#11642 = FACE_BOUND('',#11643,.T.);
#11643 = EDGE_LOOP('',(#11644,#11665,#11666,#11687));
#11644 = ORIENTED_EDGE('',*,*,#11645,.F.);
#11645 = EDGE_CURVE('',#11414,#11529,#11646,.T.);
#11646 = SURFACE_CURVE('',#11647,(#11651,#11658),.PCURVE_S1.);
#11647 = LINE('',#11648,#11649);
#11648 = CARTESIAN_POINT('',(0.,7.,0.));
#11649 = VECTOR('',#11650,1.);
#11650 = DIRECTION('',(1.,0.,-0.));
#11651 = PCURVE('',#11457,#11652);
#11652 = DEFINITIONAL_REPRESENTATION('',(#11653),#11657);
#11653 = LINE('',#11654,#11655);
#11654 = CARTESIAN_POINT('',(0.,0.));
#11655 = VECTOR('',#11656,1.);
#11656 = DIRECTION('',(0.,1.));
#11657 = ( GEOMETRIC_REPRESENTATION_CONTEXT(2) 
PARAMETRIC_REPRESENTATION_CONTEXT() REPRESENTATION_CONTEXT('2D SPACE',''
  ) );
#11658 = PCURVE('',#11429,#11659);
#11659 = DEFINITIONAL_REPRESENTATION('',(#11660),#11664);
#11660 = LINE('',#11661,#11662);
#11661 = CARTESIAN_POINT('',(0.,7.));
#11662 = VECTOR('',#11663,1.);
#11663 = DIRECTION('',(1.,0.));
#11664 = ( GEOMETRIC_REPRESENTATION_CONTEXT(2) 
PARAMETRIC_REPRESENTATION_CONTEXT() REPRESENTATION_CONTEXT('2D SPACE',''
  ) );
#11665 = ORIENTED_EDGE('',*,*,#11441,.T.);
#11666 = ORIENTED_EDGE('',*,*,#11667,.T.);
#11667 = EDGE_CURVE('',#11442,#11552,#11668,.T.);
#11668 = SURFACE_CURVE('',#11669,(#11673,#11680),.PCURVE_S1.);
#11669 = LINE('',#11670,#11671);
#11670 = CARTESIAN_POINT('',(0.,7.,39.515122366658));
#11671 = VECTOR('',#11672,1.);
#11672 = DIRECTION('',(1.,0.,-0.));
#11673 = PCURVE('',#11457,#11674);
#11674 = DEFINITIONAL_REPRESENTATION('',(#11675),#11679);
#11675 = LINE('',#11676,#11677);
#11676 = CARTESIAN_POINT('',(39.515122366658,0.));
#11677 = VECTOR('',#11678,1.);
#11678 = DIRECTION('',(0.,1.));
#11679 = ( GEOMETRIC_REPRESENTATION_CONTEXT(2) 
PARAMETRIC_REPRESENTATION_CONTEXT() REPRESENTATION_CONTEXT('2D SPACE',''
  ) );
#11680 = PCURVE('',#11483,#11681);
#11681 = DEFINITIONAL_REPRESENTATION('',(#11682),#11686);
#11682 = LINE('',#11683,#11684);
#11683 = CARTESIAN_POINT('',(0.,7.));
#11684 = VECTOR('',#11685,1.);
#11685 = DIRECTION('',(1.,0.));
#11686 = ( GEOMETRIC_REPRESENTATION_CONTEXT(2) 
PARAMETRIC_REPRESENTATION_CONTEXT() REPRESENTATION_CONTEXT('2D SPACE',''
  ) );
#11687 = ORIENTED_EDGE('',*,*,#11551,.F.);
#11688 = ADVANCED_FACE('',(#11689),#11429,.F.);
#11689 = FACE_BOUND('',#11690,.F.);
#11690 = EDGE_LOOP('',(#11691,#11692,#11693,#11694));
#11691 = ORIENTED_EDGE('',*,*,#11413,.F.);
#11692 = ORIENTED_EDGE('',*,*,#11598,.T.);
#11693 = ORIENTED_EDGE('',*,*,#11528,.T.);
#11694 = ORIENTED_EDGE('',*,*,#11645,.F.);
#11695 = ADVANCED_FACE('',(#11696),#11483,.T.);
#11696 = FACE_BOUND('',#11697,.T.);
#11697 = EDGE_LOOP('',(#11698,#11699,#11700,#11701));
#11698 = ORIENTED_EDGE('',*,*,#11469,.F.);
#11699 = ORIENTED_EDGE('',*,*,#11620,.T.);
#11700 = ORIENTED_EDGE('',*,*,#11574,.T.);
#11701 = ORIENTED_EDGE('',*,*,#11667,.F.);
#11702 = ( GEOMETRIC_REPRESENTATION_CONTEXT(3) 
GLOBAL_UNCERTAINTY_ASSIGNED_CONTEXT((#11706)) 
GLOBAL_UNIT_ASSIGNED_CONTEXT((#11703,#11704,#11705)) 
REPRESENTATION_CONTEXT('Context #1',
  '3D Context with UNIT and UNCERTAINTY') );
#11703 = ( LENGTH_UNIT() NAMED_UNIT(*) SI_UNIT(.MILLI.,.METRE.) );
#11704 = ( NAMED_UNIT(*) PLANE_ANGLE_UNIT() SI_UNIT($,.RADIAN.) );
#11705 = ( NAMED_UNIT(*) SI_UNIT($,.STERADIAN.) SOLID_ANGLE_UNIT() );
#11706 = UNCERTAINTY_MEASURE_WITH_UNIT(LENGTH_MEASURE(1.E-07),#11703,
  'distance_accuracy_value','confusion accuracy');
#11707 = CONTEXT_DEPENDENT_SHAPE_REPRESENTATION(#11708,#11710);
#11708 = ( REPRESENTATION_RELATIONSHIP('','',#11371,#11348) 
REPRESENTATION_RELATIONSHIP_WITH_TRANSFORMATION(#11709) 
SHAPE_REPRESENTATION_RELATIONSHIP() );
#11709 = ITEM_DEFINED_TRANSFORMATION('','',#11,#11349);
#11710 = PRODUCT_DEFINITION_SHAPE('Placement','Placement of an item',
  #11711);
#11711 = NEXT_ASSEMBLY_USAGE_OCCURRENCE('51','=>[0:1:1:53]','',#11343,
  #11366,$);
#11712 = PRODUCT_RELATED_PRODUCT_CATEGORY('part',$,(#11368));
#11713 = SHAPE_DEFINITION_REPRESENTATION(#11714,#11720);
#11714 = PRODUCT_DEFINITION_SHAPE('','',#11715);
#11715 = PRODUCT_DEFINITION('design','',#11716,#11719);
#11716 = PRODUCT_DEFINITION_FORMATION('','',#11717);
#11717 = PRODUCT('trackpad_guide_support_right_2',
  'trackpad_guide_support_right_2','',(#11718));
#11718 = PRODUCT_CONTEXT('',#2,'mechanical');
#11719 = PRODUCT_DEFINITION_CONTEXT('part definition',#2,'design');
#11720 = SHAPE_REPRESENTATION('',(#11,#11721),#11725);
#11721 = AXIS2_PLACEMENT_3D('',#11722,#11723,#11724);
#11722 = CARTESIAN_POINT('',(-3.,-3.5,0.));
#11723 = DIRECTION('',(0.,0.,1.));
#11724 = DIRECTION('',(1.,0.,-0.));
#11725 = ( GEOMETRIC_REPRESENTATION_CONTEXT(3) 
GLOBAL_UNCERTAINTY_ASSIGNED_CONTEXT((#11729)) 
GLOBAL_UNIT_ASSIGNED_CONTEXT((#11726,#11727,#11728)) 
REPRESENTATION_CONTEXT('Context #1',
  '3D Context with UNIT and UNCERTAINTY') );
#11726 = ( LENGTH_UNIT() NAMED_UNIT(*) SI_UNIT(.MILLI.,.METRE.) );
#11727 = ( NAMED_UNIT(*) PLANE_ANGLE_UNIT() SI_UNIT($,.RADIAN.) );
#11728 = ( NAMED_UNIT(*) SI_UNIT($,.STERADIAN.) SOLID_ANGLE_UNIT() );
#11729 = UNCERTAINTY_MEASURE_WITH_UNIT(LENGTH_MEASURE(1.E-07),#11726,
  'distance_accuracy_value','confusion accuracy');
#11730 = CONTEXT_DEPENDENT_SHAPE_REPRESENTATION(#11731,#11733);
#11731 = ( REPRESENTATION_RELATIONSHIP('','',#11720,#10) 
REPRESENTATION_RELATIONSHIP_WITH_TRANSFORMATION(#11732) 
SHAPE_REPRESENTATION_RELATIONSHIP() );
#11732 = ITEM_DEFINED_TRANSFORMATION('','',#11,#119);
#11733 = PRODUCT_DEFINITION_SHAPE('Placement','Placement of an item',
  #11734);
#11734 = NEXT_ASSEMBLY_USAGE_OCCURRENCE('54','=>[0:1:1:54]','',#5,#11715
  ,$);
#11735 = PRODUCT_RELATED_PRODUCT_CATEGORY('part',$,(#11717));
#11736 = SHAPE_DEFINITION_REPRESENTATION(#11737,#11743);
#11737 = PRODUCT_DEFINITION_SHAPE('','',#11738);
#11738 = PRODUCT_DEFINITION('design','',#11739,#11742);
#11739 = PRODUCT_DEFINITION_FORMATION('','',#11740);
#11740 = PRODUCT('SOLID','SOLID','',(#11741));
#11741 = PRODUCT_CONTEXT('',#2,'mechanical');
#11742 = PRODUCT_DEFINITION_CONTEXT('part definition',#2,'design');
#11743 = ADVANCED_BREP_SHAPE_REPRESENTATION('',(#11,#11744),#12074);
#11744 = MANIFOLD_SOLID_BREP('',#11745);
#11745 = CLOSED_SHELL('',(#11746,#11866,#11966,#12013,#12060,#12067));
#11746 = ADVANCED_FACE('',(#11747),#11761,.F.);
#11747 = FACE_BOUND('',#11748,.F.);
#11748 = EDGE_LOOP('',(#11749,#11784,#11812,#11840));
#11749 = ORIENTED_EDGE('',*,*,#11750,.F.);
#11750 = EDGE_CURVE('',#11751,#11753,#11755,.T.);
#11751 = VERTEX_POINT('',#11752);
#11752 = CARTESIAN_POINT('',(0.,0.,0.));
#11753 = VERTEX_POINT('',#11754);
#11754 = CARTESIAN_POINT('',(0.,0.,54.484877633342));
#11755 = SURFACE_CURVE('',#11756,(#11760,#11772),.PCURVE_S1.);
#11756 = LINE('',#11757,#11758);
#11757 = CARTESIAN_POINT('',(0.,0.,0.));
#11758 = VECTOR('',#11759,1.);
#11759 = DIRECTION('',(0.,0.,1.));
#11760 = PCURVE('',#11761,#11766);
#11761 = PLANE('',#11762);
#11762 = AXIS2_PLACEMENT_3D('',#11763,#11764,#11765);
#11763 = CARTESIAN_POINT('',(0.,0.,0.));
#11764 = DIRECTION('',(1.,0.,-0.));
#11765 = DIRECTION('',(0.,0.,1.));
#11766 = DEFINITIONAL_REPRESENTATION('',(#11767),#11771);
#11767 = LINE('',#11768,#11769);
#11768 = CARTESIAN_POINT('',(0.,0.));
#11769 = VECTOR('',#11770,1.);
#11770 = DIRECTION('',(1.,0.));
#11771 = ( GEOMETRIC_REPRESENTATION_CONTEXT(2) 
PARAMETRIC_REPRESENTATION_CONTEXT() REPRESENTATION_CONTEXT('2D SPACE',''
  ) );
#11772 = PCURVE('',#11773,#11778);
#11773 = PLANE('',#11774);
#11774 = AXIS2_PLACEMENT_3D('',#11775,#11776,#11777);
#11775 = CARTESIAN_POINT('',(0.,0.,0.));
#11776 = DIRECTION('',(-0.,1.,0.));
#11777 = DIRECTION('',(0.,0.,1.));
#11778 = DEFINITIONAL_REPRESENTATION('',(#11779),#11783);
#11779 = LINE('',#11780,#11781);
#11780 = CARTESIAN_POINT('',(0.,0.));
#11781 = VECTOR('',#11782,1.);
#11782 = DIRECTION('',(1.,0.));
#11783 = ( GEOMETRIC_REPRESENTATION_CONTEXT(2) 
PARAMETRIC_REPRESENTATION_CONTEXT() REPRESENTATION_CONTEXT('2D SPACE',''
  ) );
#11784 = ORIENTED_EDGE('',*,*,#11785,.T.);
#11785 = EDGE_CURVE('',#11751,#11786,#11788,.T.);
#11786 = VERTEX_POINT('',#11787);
#11787 = CARTESIAN_POINT('',(0.,7.,0.));
#11788 = SURFACE_CURVE('',#11789,(#11793,#11800),.PCURVE_S1.);
#11789 = LINE('',#11790,#11791);
#11790 = CARTESIAN_POINT('',(0.,0.,0.));
#11791 = VECTOR('',#11792,1.);
#11792 = DIRECTION('',(-0.,1.,0.));
#11793 = PCURVE('',#11761,#11794);
#11794 = DEFINITIONAL_REPRESENTATION('',(#11795),#11799);
#11795 = LINE('',#11796,#11797);
#11796 = CARTESIAN_POINT('',(0.,0.));
#11797 = VECTOR('',#11798,1.);
#11798 = DIRECTION('',(0.,-1.));
#11799 = ( GEOMETRIC_REPRESENTATION_CONTEXT(2) 
PARAMETRIC_REPRESENTATION_CONTEXT() REPRESENTATION_CONTEXT('2D SPACE',''
  ) );
#11800 = PCURVE('',#11801,#11806);
#11801 = PLANE('',#11802);
#11802 = AXIS2_PLACEMENT_3D('',#11803,#11804,#11805);
#11803 = CARTESIAN_POINT('',(0.,0.,0.));
#11804 = DIRECTION('',(0.,0.,1.));
#11805 = DIRECTION('',(1.,0.,-0.));
#11806 = DEFINITIONAL_REPRESENTATION('',(#11807),#11811);
#11807 = LINE('',#11808,#11809);
#11808 = CARTESIAN_POINT('',(0.,0.));
#11809 = VECTOR('',#11810,1.);
#11810 = DIRECTION('',(0.,1.));
#11811 = ( GEOMETRIC_REPRESENTATION_CONTEXT(2) 
PARAMETRIC_REPRESENTATION_CONTEXT() REPRESENTATION_CONTEXT('2D SPACE',''
  ) );
#11812 = ORIENTED_EDGE('',*,*,#11813,.T.);
#11813 = EDGE_CURVE('',#11786,#11814,#11816,.T.);
#11814 = VERTEX_POINT('',#11815);
#11815 = CARTESIAN_POINT('',(0.,7.,54.484877633342));
#11816 = SURFACE_CURVE('',#11817,(#11821,#11828),.PCURVE_S1.);
#11817 = LINE('',#11818,#11819);
#11818 = CARTESIAN_POINT('',(0.,7.,0.));
#11819 = VECTOR('',#11820,1.);
#11820 = DIRECTION('',(0.,0.,1.));
#11821 = PCURVE('',#11761,#11822);
#11822 = DEFINITIONAL_REPRESENTATION('',(#11823),#11827);
#11823 = LINE('',#11824,#11825);
#11824 = CARTESIAN_POINT('',(0.,-7.));
#11825 = VECTOR('',#11826,1.);
#11826 = DIRECTION('',(1.,0.));
#11827 = ( GEOMETRIC_REPRESENTATION_CONTEXT(2) 
PARAMETRIC_REPRESENTATION_CONTEXT() REPRESENTATION_CONTEXT('2D SPACE',''
  ) );
#11828 = PCURVE('',#11829,#11834);
#11829 = PLANE('',#11830);
#11830 = AXIS2_PLACEMENT_3D('',#11831,#11832,#11833);
#11831 = CARTESIAN_POINT('',(0.,7.,0.));
#11832 = DIRECTION('',(-0.,1.,0.));
#11833 = DIRECTION('',(0.,0.,1.));
#11834 = DEFINITIONAL_REPRESENTATION('',(#11835),#11839);
#11835 = LINE('',#11836,#11837);
#11836 = CARTESIAN_POINT('',(0.,0.));
#11837 = VECTOR('',#11838,1.);
#11838 = DIRECTION('',(1.,0.));
#11839 = ( GEOMETRIC_REPRESENTATION_CONTEXT(2) 
PARAMETRIC_REPRESENTATION_CONTEXT() REPRESENTATION_CONTEXT('2D SPACE',''
  ) );
#11840 = ORIENTED_EDGE('',*,*,#11841,.F.);
#11841 = EDGE_CURVE('',#11753,#11814,#11842,.T.);
#11842 = SURFACE_CURVE('',#11843,(#11847,#11854),.PCURVE_S1.);
#11843 = LINE('',#11844,#11845);
#11844 = CARTESIAN_POINT('',(0.,0.,54.484877633342));
#11845 = VECTOR('',#11846,1.);
#11846 = DIRECTION('',(-0.,1.,0.));
#11847 = PCURVE('',#11761,#11848);
#11848 = DEFINITIONAL_REPRESENTATION('',(#11849),#11853);
#11849 = LINE('',#11850,#11851);
#11850 = CARTESIAN_POINT('',(54.484877633342,0.));
#11851 = VECTOR('',#11852,1.);
#11852 = DIRECTION('',(0.,-1.));
#11853 = ( GEOMETRIC_REPRESENTATION_CONTEXT(2) 
PARAMETRIC_REPRESENTATION_CONTEXT() REPRESENTATION_CONTEXT('2D SPACE',''
  ) );
#11854 = PCURVE('',#11855,#11860);
#11855 = PLANE('',#11856);
#11856 = AXIS2_PLACEMENT_3D('',#11857,#11858,#11859);
#11857 = CARTESIAN_POINT('',(0.,0.,54.484877633342));
#11858 = DIRECTION('',(0.,0.,1.));
#11859 = DIRECTION('',(1.,0.,-0.));
#11860 = DEFINITIONAL_REPRESENTATION('',(#11861),#11865);
#11861 = LINE('',#11862,#11863);
#11862 = CARTESIAN_POINT('',(0.,0.));
#11863 = VECTOR('',#11864,1.);
#11864 = DIRECTION('',(0.,1.));
#11865 = ( GEOMETRIC_REPRESENTATION_CONTEXT(2) 
PARAMETRIC_REPRESENTATION_CONTEXT() REPRESENTATION_CONTEXT('2D SPACE',''
  ) );
#11866 = ADVANCED_FACE('',(#11867),#11881,.T.);
#11867 = FACE_BOUND('',#11868,.T.);
#11868 = EDGE_LOOP('',(#11869,#11899,#11922,#11945));
#11869 = ORIENTED_EDGE('',*,*,#11870,.F.);
#11870 = EDGE_CURVE('',#11871,#11873,#11875,.T.);
#11871 = VERTEX_POINT('',#11872);
#11872 = CARTESIAN_POINT('',(6.,0.,0.));
#11873 = VERTEX_POINT('',#11874);
#11874 = CARTESIAN_POINT('',(6.,0.,54.484877633342));
#11875 = SURFACE_CURVE('',#11876,(#11880,#11892),.PCURVE_S1.);
#11876 = LINE('',#11877,#11878);
#11877 = CARTESIAN_POINT('',(6.,0.,0.));
#11878 = VECTOR('',#11879,1.);
#11879 = DIRECTION('',(0.,0.,1.));
#11880 = PCURVE('',#11881,#11886);
#11881 = PLANE('',#11882);
#11882 = AXIS2_PLACEMENT_3D('',#11883,#11884,#11885);
#11883 = CARTESIAN_POINT('',(6.,0.,0.));
#11884 = DIRECTION('',(1.,0.,-0.));
#11885 = DIRECTION('',(0.,0.,1.));
#11886 = DEFINITIONAL_REPRESENTATION('',(#11887),#11891);
#11887 = LINE('',#11888,#11889);
#11888 = CARTESIAN_POINT('',(0.,0.));
#11889 = VECTOR('',#11890,1.);
#11890 = DIRECTION('',(1.,0.));
#11891 = ( GEOMETRIC_REPRESENTATION_CONTEXT(2) 
PARAMETRIC_REPRESENTATION_CONTEXT() REPRESENTATION_CONTEXT('2D SPACE',''
  ) );
#11892 = PCURVE('',#11773,#11893);
#11893 = DEFINITIONAL_REPRESENTATION('',(#11894),#11898);
#11894 = LINE('',#11895,#11896);
#11895 = CARTESIAN_POINT('',(0.,6.));
#11896 = VECTOR('',#11897,1.);
#11897 = DIRECTION('',(1.,0.));
#11898 = ( GEOMETRIC_REPRESENTATION_CONTEXT(2) 
PARAMETRIC_REPRESENTATION_CONTEXT() REPRESENTATION_CONTEXT('2D SPACE',''
  ) );
#11899 = ORIENTED_EDGE('',*,*,#11900,.T.);
#11900 = EDGE_CURVE('',#11871,#11901,#11903,.T.);
#11901 = VERTEX_POINT('',#11902);
#11902 = CARTESIAN_POINT('',(6.,7.,0.));
#11903 = SURFACE_CURVE('',#11904,(#11908,#11915),.PCURVE_S1.);
#11904 = LINE('',#11905,#11906);
#11905 = CARTESIAN_POINT('',(6.,0.,0.));
#11906 = VECTOR('',#11907,1.);
#11907 = DIRECTION('',(-0.,1.,0.));
#11908 = PCURVE('',#11881,#11909);
#11909 = DEFINITIONAL_REPRESENTATION('',(#11910),#11914);
#11910 = LINE('',#11911,#11912);
#11911 = CARTESIAN_POINT('',(0.,0.));
#11912 = VECTOR('',#11913,1.);
#11913 = DIRECTION('',(0.,-1.));
#11914 = ( GEOMETRIC_REPRESENTATION_CONTEXT(2) 
PARAMETRIC_REPRESENTATION_CONTEXT() REPRESENTATION_CONTEXT('2D SPACE',''
  ) );
#11915 = PCURVE('',#11801,#11916);
#11916 = DEFINITIONAL_REPRESENTATION('',(#11917),#11921);
#11917 = LINE('',#11918,#11919);
#11918 = CARTESIAN_POINT('',(6.,0.));
#11919 = VECTOR('',#11920,1.);
#11920 = DIRECTION('',(0.,1.));
#11921 = ( GEOMETRIC_REPRESENTATION_CONTEXT(2) 
PARAMETRIC_REPRESENTATION_CONTEXT() REPRESENTATION_CONTEXT('2D SPACE',''
  ) );
#11922 = ORIENTED_EDGE('',*,*,#11923,.T.);
#11923 = EDGE_CURVE('',#11901,#11924,#11926,.T.);
#11924 = VERTEX_POINT('',#11925);
#11925 = CARTESIAN_POINT('',(6.,7.,54.484877633342));
#11926 = SURFACE_CURVE('',#11927,(#11931,#11938),.PCURVE_S1.);
#11927 = LINE('',#11928,#11929);
#11928 = CARTESIAN_POINT('',(6.,7.,0.));
#11929 = VECTOR('',#11930,1.);
#11930 = DIRECTION('',(0.,0.,1.));
#11931 = PCURVE('',#11881,#11932);
#11932 = DEFINITIONAL_REPRESENTATION('',(#11933),#11937);
#11933 = LINE('',#11934,#11935);
#11934 = CARTESIAN_POINT('',(0.,-7.));
#11935 = VECTOR('',#11936,1.);
#11936 = DIRECTION('',(1.,0.));
#11937 = ( GEOMETRIC_REPRESENTATION_CONTEXT(2) 
PARAMETRIC_REPRESENTATION_CONTEXT() REPRESENTATION_CONTEXT('2D SPACE',''
  ) );
#11938 = PCURVE('',#11829,#11939);
#11939 = DEFINITIONAL_REPRESENTATION('',(#11940),#11944);
#11940 = LINE('',#11941,#11942);
#11941 = CARTESIAN_POINT('',(0.,6.));
#11942 = VECTOR('',#11943,1.);
#11943 = DIRECTION('',(1.,0.));
#11944 = ( GEOMETRIC_REPRESENTATION_CONTEXT(2) 
PARAMETRIC_REPRESENTATION_CONTEXT() REPRESENTATION_CONTEXT('2D SPACE',''
  ) );
#11945 = ORIENTED_EDGE('',*,*,#11946,.F.);
#11946 = EDGE_CURVE('',#11873,#11924,#11947,.T.);
#11947 = SURFACE_CURVE('',#11948,(#11952,#11959),.PCURVE_S1.);
#11948 = LINE('',#11949,#11950);
#11949 = CARTESIAN_POINT('',(6.,0.,54.484877633342));
#11950 = VECTOR('',#11951,1.);
#11951 = DIRECTION('',(-0.,1.,0.));
#11952 = PCURVE('',#11881,#11953);
#11953 = DEFINITIONAL_REPRESENTATION('',(#11954),#11958);
#11954 = LINE('',#11955,#11956);
#11955 = CARTESIAN_POINT('',(54.484877633342,0.));
#11956 = VECTOR('',#11957,1.);
#11957 = DIRECTION('',(0.,-1.));
#11958 = ( GEOMETRIC_REPRESENTATION_CONTEXT(2) 
PARAMETRIC_REPRESENTATION_CONTEXT() REPRESENTATION_CONTEXT('2D SPACE',''
  ) );
#11959 = PCURVE('',#11855,#11960);
#11960 = DEFINITIONAL_REPRESENTATION('',(#11961),#11965);
#11961 = LINE('',#11962,#11963);
#11962 = CARTESIAN_POINT('',(6.,0.));
#11963 = VECTOR('',#11964,1.);
#11964 = DIRECTION('',(0.,1.));
#11965 = ( GEOMETRIC_REPRESENTATION_CONTEXT(2) 
PARAMETRIC_REPRESENTATION_CONTEXT() REPRESENTATION_CONTEXT('2D SPACE',''
  ) );
#11966 = ADVANCED_FACE('',(#11967),#11773,.F.);
#11967 = FACE_BOUND('',#11968,.F.);
#11968 = EDGE_LOOP('',(#11969,#11990,#11991,#12012));
#11969 = ORIENTED_EDGE('',*,*,#11970,.F.);
#11970 = EDGE_CURVE('',#11751,#11871,#11971,.T.);
#11971 = SURFACE_CURVE('',#11972,(#11976,#11983),.PCURVE_S1.);
#11972 = LINE('',#11973,#11974);
#11973 = CARTESIAN_POINT('',(0.,0.,0.));
#11974 = VECTOR('',#11975,1.);
#11975 = DIRECTION('',(1.,0.,-0.));
#11976 = PCURVE('',#11773,#11977);
#11977 = DEFINITIONAL_REPRESENTATION('',(#11978),#11982);
#11978 = LINE('',#11979,#11980);
#11979 = CARTESIAN_POINT('',(0.,0.));
#11980 = VECTOR('',#11981,1.);
#11981 = DIRECTION('',(0.,1.));
#11982 = ( GEOMETRIC_REPRESENTATION_CONTEXT(2) 
PARAMETRIC_REPRESENTATION_CONTEXT() REPRESENTATION_CONTEXT('2D SPACE',''
  ) );
#11983 = PCURVE('',#11801,#11984);
#11984 = DEFINITIONAL_REPRESENTATION('',(#11985),#11989);
#11985 = LINE('',#11986,#11987);
#11986 = CARTESIAN_POINT('',(0.,0.));
#11987 = VECTOR('',#11988,1.);
#11988 = DIRECTION('',(1.,0.));
#11989 = ( GEOMETRIC_REPRESENTATION_CONTEXT(2) 
PARAMETRIC_REPRESENTATION_CONTEXT() REPRESENTATION_CONTEXT('2D SPACE',''
  ) );
#11990 = ORIENTED_EDGE('',*,*,#11750,.T.);
#11991 = ORIENTED_EDGE('',*,*,#11992,.T.);
#11992 = EDGE_CURVE('',#11753,#11873,#11993,.T.);
#11993 = SURFACE_CURVE('',#11994,(#11998,#12005),.PCURVE_S1.);
#11994 = LINE('',#11995,#11996);
#11995 = CARTESIAN_POINT('',(0.,0.,54.484877633342));
#11996 = VECTOR('',#11997,1.);
#11997 = DIRECTION('',(1.,0.,-0.));
#11998 = PCURVE('',#11773,#11999);
#11999 = DEFINITIONAL_REPRESENTATION('',(#12000),#12004);
#12000 = LINE('',#12001,#12002);
#12001 = CARTESIAN_POINT('',(54.484877633342,0.));
#12002 = VECTOR('',#12003,1.);
#12003 = DIRECTION('',(0.,1.));
#12004 = ( GEOMETRIC_REPRESENTATION_CONTEXT(2) 
PARAMETRIC_REPRESENTATION_CONTEXT() REPRESENTATION_CONTEXT('2D SPACE',''
  ) );
#12005 = PCURVE('',#11855,#12006);
#12006 = DEFINITIONAL_REPRESENTATION('',(#12007),#12011);
#12007 = LINE('',#12008,#12009);
#12008 = CARTESIAN_POINT('',(0.,0.));
#12009 = VECTOR('',#12010,1.);
#12010 = DIRECTION('',(1.,0.));
#12011 = ( GEOMETRIC_REPRESENTATION_CONTEXT(2) 
PARAMETRIC_REPRESENTATION_CONTEXT() REPRESENTATION_CONTEXT('2D SPACE',''
  ) );
#12012 = ORIENTED_EDGE('',*,*,#11870,.F.);
#12013 = ADVANCED_FACE('',(#12014),#11829,.T.);
#12014 = FACE_BOUND('',#12015,.T.);
#12015 = EDGE_LOOP('',(#12016,#12037,#12038,#12059));
#12016 = ORIENTED_EDGE('',*,*,#12017,.F.);
#12017 = EDGE_CURVE('',#11786,#11901,#12018,.T.);
#12018 = SURFACE_CURVE('',#12019,(#12023,#12030),.PCURVE_S1.);
#12019 = LINE('',#12020,#12021);
#12020 = CARTESIAN_POINT('',(0.,7.,0.));
#12021 = VECTOR('',#12022,1.);
#12022 = DIRECTION('',(1.,0.,-0.));
#12023 = PCURVE('',#11829,#12024);
#12024 = DEFINITIONAL_REPRESENTATION('',(#12025),#12029);
#12025 = LINE('',#12026,#12027);
#12026 = CARTESIAN_POINT('',(0.,0.));
#12027 = VECTOR('',#12028,1.);
#12028 = DIRECTION('',(0.,1.));
#12029 = ( GEOMETRIC_REPRESENTATION_CONTEXT(2) 
PARAMETRIC_REPRESENTATION_CONTEXT() REPRESENTATION_CONTEXT('2D SPACE',''
  ) );
#12030 = PCURVE('',#11801,#12031);
#12031 = DEFINITIONAL_REPRESENTATION('',(#12032),#12036);
#12032 = LINE('',#12033,#12034);
#12033 = CARTESIAN_POINT('',(0.,7.));
#12034 = VECTOR('',#12035,1.);
#12035 = DIRECTION('',(1.,0.));
#12036 = ( GEOMETRIC_REPRESENTATION_CONTEXT(2) 
PARAMETRIC_REPRESENTATION_CONTEXT() REPRESENTATION_CONTEXT('2D SPACE',''
  ) );
#12037 = ORIENTED_EDGE('',*,*,#11813,.T.);
#12038 = ORIENTED_EDGE('',*,*,#12039,.T.);
#12039 = EDGE_CURVE('',#11814,#11924,#12040,.T.);
#12040 = SURFACE_CURVE('',#12041,(#12045,#12052),.PCURVE_S1.);
#12041 = LINE('',#12042,#12043);
#12042 = CARTESIAN_POINT('',(0.,7.,54.484877633342));
#12043 = VECTOR('',#12044,1.);
#12044 = DIRECTION('',(1.,0.,-0.));
#12045 = PCURVE('',#11829,#12046);
#12046 = DEFINITIONAL_REPRESENTATION('',(#12047),#12051);
#12047 = LINE('',#12048,#12049);
#12048 = CARTESIAN_POINT('',(54.484877633342,0.));
#12049 = VECTOR('',#12050,1.);
#12050 = DIRECTION('',(0.,1.));
#12051 = ( GEOMETRIC_REPRESENTATION_CONTEXT(2) 
PARAMETRIC_REPRESENTATION_CONTEXT() REPRESENTATION_CONTEXT('2D SPACE',''
  ) );
#12052 = PCURVE('',#11855,#12053);
#12053 = DEFINITIONAL_REPRESENTATION('',(#12054),#12058);
#12054 = LINE('',#12055,#12056);
#12055 = CARTESIAN_POINT('',(0.,7.));
#12056 = VECTOR('',#12057,1.);
#12057 = DIRECTION('',(1.,0.));
#12058 = ( GEOMETRIC_REPRESENTATION_CONTEXT(2) 
PARAMETRIC_REPRESENTATION_CONTEXT() REPRESENTATION_CONTEXT('2D SPACE',''
  ) );
#12059 = ORIENTED_EDGE('',*,*,#11923,.F.);
#12060 = ADVANCED_FACE('',(#12061),#11801,.F.);
#12061 = FACE_BOUND('',#12062,.F.);
#12062 = EDGE_LOOP('',(#12063,#12064,#12065,#12066));
#12063 = ORIENTED_EDGE('',*,*,#11785,.F.);
#12064 = ORIENTED_EDGE('',*,*,#11970,.T.);
#12065 = ORIENTED_EDGE('',*,*,#11900,.T.);
#12066 = ORIENTED_EDGE('',*,*,#12017,.F.);
#12067 = ADVANCED_FACE('',(#12068),#11855,.T.);
#12068 = FACE_BOUND('',#12069,.T.);
#12069 = EDGE_LOOP('',(#12070,#12071,#12072,#12073));
#12070 = ORIENTED_EDGE('',*,*,#11841,.F.);
#12071 = ORIENTED_EDGE('',*,*,#11992,.T.);
#12072 = ORIENTED_EDGE('',*,*,#11946,.T.);
#12073 = ORIENTED_EDGE('',*,*,#12039,.F.);
#12074 = ( GEOMETRIC_REPRESENTATION_CONTEXT(3) 
GLOBAL_UNCERTAINTY_ASSIGNED_CONTEXT((#12078)) 
GLOBAL_UNIT_ASSIGNED_CONTEXT((#12075,#12076,#12077)) 
REPRESENTATION_CONTEXT('Context #1',
  '3D Context with UNIT and UNCERTAINTY') );
#12075 = ( LENGTH_UNIT() NAMED_UNIT(*) SI_UNIT(.MILLI.,.METRE.) );
#12076 = ( NAMED_UNIT(*) PLANE_ANGLE_UNIT() SI_UNIT($,.RADIAN.) );
#12077 = ( NAMED_UNIT(*) SI_UNIT($,.STERADIAN.) SOLID_ANGLE_UNIT() );
#12078 = UNCERTAINTY_MEASURE_WITH_UNIT(LENGTH_MEASURE(1.E-07),#12075,
  'distance_accuracy_value','confusion accuracy');
#12079 = CONTEXT_DEPENDENT_SHAPE_REPRESENTATION(#12080,#12082);
#12080 = ( REPRESENTATION_RELATIONSHIP('','',#11743,#11720) 
REPRESENTATION_RELATIONSHIP_WITH_TRANSFORMATION(#12081) 
SHAPE_REPRESENTATION_RELATIONSHIP() );
#12081 = ITEM_DEFINED_TRANSFORMATION('','',#11,#11721);
#12082 = PRODUCT_DEFINITION_SHAPE('Placement','Placement of an item',
  #12083);
#12083 = NEXT_ASSEMBLY_USAGE_OCCURRENCE('53','=>[0:1:1:55]','',#11715,
  #11738,$);
#12084 = PRODUCT_RELATED_PRODUCT_CATEGORY('part',$,(#11740));
#12085 = SHAPE_DEFINITION_REPRESENTATION(#12086,#12092);
#12086 = PRODUCT_DEFINITION_SHAPE('','',#12087);
#12087 = PRODUCT_DEFINITION('design','',#12088,#12091);
#12088 = PRODUCT_DEFINITION_FORMATION('','',#12089);
#12089 = PRODUCT('return_anchor_3x5mm_left','return_anchor_3x5mm_left',
  '',(#12090));
#12090 = PRODUCT_CONTEXT('',#2,'mechanical');
#12091 = PRODUCT_DEFINITION_CONTEXT('part definition',#2,'design');
#12092 = SHAPE_REPRESENTATION('',(#11,#12093),#12097);
#12093 = AXIS2_PLACEMENT_3D('',#12094,#12095,#12096);
#12094 = CARTESIAN_POINT('',(0.,0.,0.));
#12095 = DIRECTION('',(0.,0.,1.));
#12096 = DIRECTION('',(1.,0.,-0.));
#12097 = ( GEOMETRIC_REPRESENTATION_CONTEXT(3) 
GLOBAL_UNCERTAINTY_ASSIGNED_CONTEXT((#12101)) 
GLOBAL_UNIT_ASSIGNED_CONTEXT((#12098,#12099,#12100)) 
REPRESENTATION_CONTEXT('Context #1',
  '3D Context with UNIT and UNCERTAINTY') );
#12098 = ( LENGTH_UNIT() NAMED_UNIT(*) SI_UNIT(.MILLI.,.METRE.) );
#12099 = ( NAMED_UNIT(*) PLANE_ANGLE_UNIT() SI_UNIT($,.RADIAN.) );
#12100 = ( NAMED_UNIT(*) SI_UNIT($,.STERADIAN.) SOLID_ANGLE_UNIT() );
#12101 = UNCERTAINTY_MEASURE_WITH_UNIT(LENGTH_MEASURE(1.E-07),#12098,
  'distance_accuracy_value','confusion accuracy');
#12102 = CONTEXT_DEPENDENT_SHAPE_REPRESENTATION(#12103,#12105);
#12103 = ( REPRESENTATION_RELATIONSHIP('','',#12092,#10) 
REPRESENTATION_RELATIONSHIP_WITH_TRANSFORMATION(#12104) 
SHAPE_REPRESENTATION_RELATIONSHIP() );
#12104 = ITEM_DEFINED_TRANSFORMATION('','',#11,#123);
#12105 = PRODUCT_DEFINITION_SHAPE('Placement','Placement of an item',
  #12106);
#12106 = NEXT_ASSEMBLY_USAGE_OCCURRENCE('56','=>[0:1:1:56]','',#5,#12087
  ,$);
#12107 = PRODUCT_RELATED_PRODUCT_CATEGORY('part',$,(#12089));
#12108 = SHAPE_DEFINITION_REPRESENTATION(#12109,#12115);
#12109 = PRODUCT_DEFINITION_SHAPE('','',#12110);
#12110 = PRODUCT_DEFINITION('design','',#12111,#12114);
#12111 = PRODUCT_DEFINITION_FORMATION('','',#12112);
#12112 = PRODUCT('SOLID','SOLID','',(#12113));
#12113 = PRODUCT_CONTEXT('',#2,'mechanical');
#12114 = PRODUCT_DEFINITION_CONTEXT('part definition',#2,'design');
#12115 = ADVANCED_BREP_SHAPE_REPRESENTATION('',(#11,#12116),#12698);
#12116 = MANIFOLD_SOLID_BREP('',#12117);
#12117 = CLOSED_SHELL('',(#12118,#12331,#12407,#12456,#12505,#12532,
    #12582,#12632,#12682));
#12118 = ADVANCED_FACE('',(#12119,#12238,#12269,#12300),#12133,.F.);
#12119 = FACE_BOUND('',#12120,.F.);
#12120 = EDGE_LOOP('',(#12121,#12156,#12184,#12212));
#12121 = ORIENTED_EDGE('',*,*,#12122,.F.);
#12122 = EDGE_CURVE('',#12123,#12125,#12127,.T.);
#12123 = VERTEX_POINT('',#12124);
#12124 = CARTESIAN_POINT('',(-149.,125.,4.));
#12125 = VERTEX_POINT('',#12126);
#12126 = CARTESIAN_POINT('',(-149.,125.,18.));
#12127 = SURFACE_CURVE('',#12128,(#12132,#12144),.PCURVE_S1.);
#12128 = LINE('',#12129,#12130);
#12129 = CARTESIAN_POINT('',(-149.,125.,4.));
#12130 = VECTOR('',#12131,1.);
#12131 = DIRECTION('',(0.,0.,1.));
#12132 = PCURVE('',#12133,#12138);
#12133 = PLANE('',#12134);
#12134 = AXIS2_PLACEMENT_3D('',#12135,#12136,#12137);
#12135 = CARTESIAN_POINT('',(-149.,125.,4.));
#12136 = DIRECTION('',(1.,0.,-0.));
#12137 = DIRECTION('',(0.,0.,1.));
#12138 = DEFINITIONAL_REPRESENTATION('',(#12139),#12143);
#12139 = LINE('',#12140,#12141);
#12140 = CARTESIAN_POINT('',(0.,0.));
#12141 = VECTOR('',#12142,1.);
#12142 = DIRECTION('',(1.,0.));
#12143 = ( GEOMETRIC_REPRESENTATION_CONTEXT(2) 
PARAMETRIC_REPRESENTATION_CONTEXT() REPRESENTATION_CONTEXT('2D SPACE',''
  ) );
#12144 = PCURVE('',#12145,#12150);
#12145 = PLANE('',#12146);
#12146 = AXIS2_PLACEMENT_3D('',#12147,#12148,#12149);
#12147 = CARTESIAN_POINT('',(-149.,125.,4.));
#12148 = DIRECTION('',(-0.,1.,0.));
#12149 = DIRECTION('',(0.,0.,1.));
#12150 = DEFINITIONAL_REPRESENTATION('',(#12151),#12155);
#12151 = LINE('',#12152,#12153);
#12152 = CARTESIAN_POINT('',(0.,0.));
#12153 = VECTOR('',#12154,1.);
#12154 = DIRECTION('',(1.,0.));
#12155 = ( GEOMETRIC_REPRESENTATION_CONTEXT(2) 
PARAMETRIC_REPRESENTATION_CONTEXT() REPRESENTATION_CONTEXT('2D SPACE',''
  ) );
#12156 = ORIENTED_EDGE('',*,*,#12157,.T.);
#12157 = EDGE_CURVE('',#12123,#12158,#12160,.T.);
#12158 = VERTEX_POINT('',#12159);
#12159 = CARTESIAN_POINT('',(-149.,149.,4.));
#12160 = SURFACE_CURVE('',#12161,(#12165,#12172),.PCURVE_S1.);
#12161 = LINE('',#12162,#12163);
#12162 = CARTESIAN_POINT('',(-149.,125.,4.));
#12163 = VECTOR('',#12164,1.);
#12164 = DIRECTION('',(-0.,1.,0.));
#12165 = PCURVE('',#12133,#12166);
#12166 = DEFINITIONAL_REPRESENTATION('',(#12167),#12171);
#12167 = LINE('',#12168,#12169);
#12168 = CARTESIAN_POINT('',(0.,0.));
#12169 = VECTOR('',#12170,1.);
#12170 = DIRECTION('',(0.,-1.));
#12171 = ( GEOMETRIC_REPRESENTATION_CONTEXT(2) 
PARAMETRIC_REPRESENTATION_CONTEXT() REPRESENTATION_CONTEXT('2D SPACE',''
  ) );
#12172 = PCURVE('',#12173,#12178);
#12173 = PLANE('',#12174);
#12174 = AXIS2_PLACEMENT_3D('',#12175,#12176,#12177);
#12175 = CARTESIAN_POINT('',(-149.,125.,4.));
#12176 = DIRECTION('',(0.,0.,1.));
#12177 = DIRECTION('',(1.,0.,-0.));
#12178 = DEFINITIONAL_REPRESENTATION('',(#12179),#12183);
#12179 = LINE('',#12180,#12181);
#12180 = CARTESIAN_POINT('',(0.,0.));
#12181 = VECTOR('',#12182,1.);
#12182 = DIRECTION('',(0.,1.));
#12183 = ( GEOMETRIC_REPRESENTATION_CONTEXT(2) 
PARAMETRIC_REPRESENTATION_CONTEXT() REPRESENTATION_CONTEXT('2D SPACE',''
  ) );
#12184 = ORIENTED_EDGE('',*,*,#12185,.T.);
#12185 = EDGE_CURVE('',#12158,#12186,#12188,.T.);
#12186 = VERTEX_POINT('',#12187);
#12187 = CARTESIAN_POINT('',(-149.,149.,18.));
#12188 = SURFACE_CURVE('',#12189,(#12193,#12200),.PCURVE_S1.);
#12189 = LINE('',#12190,#12191);
#12190 = CARTESIAN_POINT('',(-149.,149.,4.));
#12191 = VECTOR('',#12192,1.);
#12192 = DIRECTION('',(0.,0.,1.));
#12193 = PCURVE('',#12133,#12194);
#12194 = DEFINITIONAL_REPRESENTATION('',(#12195),#12199);
#12195 = LINE('',#12196,#12197);
#12196 = CARTESIAN_POINT('',(0.,-24.));
#12197 = VECTOR('',#12198,1.);
#12198 = DIRECTION('',(1.,0.));
#12199 = ( GEOMETRIC_REPRESENTATION_CONTEXT(2) 
PARAMETRIC_REPRESENTATION_CONTEXT() REPRESENTATION_CONTEXT('2D SPACE',''
  ) );
#12200 = PCURVE('',#12201,#12206);
#12201 = PLANE('',#12202);
#12202 = AXIS2_PLACEMENT_3D('',#12203,#12204,#12205);
#12203 = CARTESIAN_POINT('',(-149.,149.,4.));
#12204 = DIRECTION('',(-0.,1.,0.));
#12205 = DIRECTION('',(0.,0.,1.));
#12206 = DEFINITIONAL_REPRESENTATION('',(#12207),#12211);
#12207 = LINE('',#12208,#12209);
#12208 = CARTESIAN_POINT('',(0.,0.));
#12209 = VECTOR('',#12210,1.);
#12210 = DIRECTION('',(1.,0.));
#12211 = ( GEOMETRIC_REPRESENTATION_CONTEXT(2) 
PARAMETRIC_REPRESENTATION_CONTEXT() REPRESENTATION_CONTEXT('2D SPACE',''
  ) );
#12212 = ORIENTED_EDGE('',*,*,#12213,.F.);
#12213 = EDGE_CURVE('',#12125,#12186,#12214,.T.);
#12214 = SURFACE_CURVE('',#12215,(#12219,#12226),.PCURVE_S1.);
#12215 = LINE('',#12216,#12217);
#12216 = CARTESIAN_POINT('',(-149.,125.,18.));
#12217 = VECTOR('',#12218,1.);
#12218 = DIRECTION('',(-0.,1.,0.));
#12219 = PCURVE('',#12133,#12220);
#12220 = DEFINITIONAL_REPRESENTATION('',(#12221),#12225);
#12221 = LINE('',#12222,#12223);
#12222 = CARTESIAN_POINT('',(14.,0.));
#12223 = VECTOR('',#12224,1.);
#12224 = DIRECTION('',(0.,-1.));
#12225 = ( GEOMETRIC_REPRESENTATION_CONTEXT(2) 
PARAMETRIC_REPRESENTATION_CONTEXT() REPRESENTATION_CONTEXT('2D SPACE',''
  ) );
#12226 = PCURVE('',#12227,#12232);
#12227 = PLANE('',#12228);
#12228 = AXIS2_PLACEMENT_3D('',#12229,#12230,#12231);
#12229 = CARTESIAN_POINT('',(-149.,125.,18.));
#12230 = DIRECTION('',(0.,0.,1.));
#12231 = DIRECTION('',(1.,0.,-0.));
#12232 = DEFINITIONAL_REPRESENTATION('',(#12233),#12237);
#12233 = LINE('',#12234,#12235);
#12234 = CARTESIAN_POINT('',(0.,0.));
#12235 = VECTOR('',#12236,1.);
#12236 = DIRECTION('',(0.,1.));
#12237 = ( GEOMETRIC_REPRESENTATION_CONTEXT(2) 
PARAMETRIC_REPRESENTATION_CONTEXT() REPRESENTATION_CONTEXT('2D SPACE',''
  ) );
#12238 = FACE_BOUND('',#12239,.F.);
#12239 = EDGE_LOOP('',(#12240));
#12240 = ORIENTED_EDGE('',*,*,#12241,.F.);
#12241 = EDGE_CURVE('',#12242,#12242,#12244,.T.);
#12242 = VERTEX_POINT('',#12243);
#12243 = CARTESIAN_POINT('',(-149.,142.,10.2));
#12244 = SURFACE_CURVE('',#12245,(#12250,#12257),.PCURVE_S1.);
#12245 = CIRCLE('',#12246,1.8);
#12246 = AXIS2_PLACEMENT_3D('',#12247,#12248,#12249);
#12247 = CARTESIAN_POINT('',(-149.,142.,12.));
#12248 = DIRECTION('',(1.,0.,2.22044604925E-16));
#12249 = DIRECTION('',(2.22044604925E-16,0.,-1.));
#12250 = PCURVE('',#12133,#12251);
#12251 = DEFINITIONAL_REPRESENTATION('',(#12252),#12256);
#12252 = CIRCLE('',#12253,1.8);
#12253 = AXIS2_PLACEMENT_2D('',#12254,#12255);
#12254 = CARTESIAN_POINT('',(8.,-17.));
#12255 = DIRECTION('',(-1.,0.));
#12256 = ( GEOMETRIC_REPRESENTATION_CONTEXT(2) 
PARAMETRIC_REPRESENTATION_CONTEXT() REPRESENTATION_CONTEXT('2D SPACE',''
  ) );
#12257 = PCURVE('',#12258,#12263);
#12258 = CYLINDRICAL_SURFACE('',#12259,1.8);
#12259 = AXIS2_PLACEMENT_3D('',#12260,#12261,#12262);
#12260 = CARTESIAN_POINT('',(-150.,142.,12.));
#12261 = DIRECTION('',(1.,0.,2.22044604925E-16));
#12262 = DIRECTION('',(2.22044604925E-16,0.,-1.));
#12263 = DEFINITIONAL_REPRESENTATION('',(#12264),#12268);
#12264 = LINE('',#12265,#12266);
#12265 = CARTESIAN_POINT('',(0.,1.));
#12266 = VECTOR('',#12267,1.);
#12267 = DIRECTION('',(1.,0.));
#12268 = ( GEOMETRIC_REPRESENTATION_CONTEXT(2) 
PARAMETRIC_REPRESENTATION_CONTEXT() REPRESENTATION_CONTEXT('2D SPACE',''
  ) );
#12269 = FACE_BOUND('',#12270,.F.);
#12270 = EDGE_LOOP('',(#12271));
#12271 = ORIENTED_EDGE('',*,*,#12272,.F.);
#12272 = EDGE_CURVE('',#12273,#12273,#12275,.T.);
#12273 = VERTEX_POINT('',#12274);
#12274 = CARTESIAN_POINT('',(-149.,137.,10.2));
#12275 = SURFACE_CURVE('',#12276,(#12281,#12288),.PCURVE_S1.);
#12276 = CIRCLE('',#12277,1.8);
#12277 = AXIS2_PLACEMENT_3D('',#12278,#12279,#12280);
#12278 = CARTESIAN_POINT('',(-149.,137.,12.));
#12279 = DIRECTION('',(1.,0.,2.22044604925E-16));
#12280 = DIRECTION('',(2.22044604925E-16,0.,-1.));
#12281 = PCURVE('',#12133,#12282);
#12282 = DEFINITIONAL_REPRESENTATION('',(#12283),#12287);
#12283 = CIRCLE('',#12284,1.8);
#12284 = AXIS2_PLACEMENT_2D('',#12285,#12286);
#12285 = CARTESIAN_POINT('',(8.,-12.));
#12286 = DIRECTION('',(-1.,0.));
#12287 = ( GEOMETRIC_REPRESENTATION_CONTEXT(2) 
PARAMETRIC_REPRESENTATION_CONTEXT() REPRESENTATION_CONTEXT('2D SPACE',''
  ) );
#12288 = PCURVE('',#12289,#12294);
#12289 = CYLINDRICAL_SURFACE('',#12290,1.8);
#12290 = AXIS2_PLACEMENT_3D('',#12291,#12292,#12293);
#12291 = CARTESIAN_POINT('',(-150.,137.,12.));
#12292 = DIRECTION('',(1.,0.,2.22044604925E-16));
#12293 = DIRECTION('',(2.22044604925E-16,0.,-1.));
#12294 = DEFINITIONAL_REPRESENTATION('',(#12295),#12299);
#12295 = LINE('',#12296,#12297);
#12296 = CARTESIAN_POINT('',(0.,1.));
#12297 = VECTOR('',#12298,1.);
#12298 = DIRECTION('',(1.,0.));
#12299 = ( GEOMETRIC_REPRESENTATION_CONTEXT(2) 
PARAMETRIC_REPRESENTATION_CONTEXT() REPRESENTATION_CONTEXT('2D SPACE',''
  ) );
#12300 = FACE_BOUND('',#12301,.F.);
#12301 = EDGE_LOOP('',(#12302));
#12302 = ORIENTED_EDGE('',*,*,#12303,.F.);
#12303 = EDGE_CURVE('',#12304,#12304,#12306,.T.);
#12304 = VERTEX_POINT('',#12305);
#12305 = CARTESIAN_POINT('',(-149.,132.,10.2));
#12306 = SURFACE_CURVE('',#12307,(#12312,#12319),.PCURVE_S1.);
#12307 = CIRCLE('',#12308,1.8);
#12308 = AXIS2_PLACEMENT_3D('',#12309,#12310,#12311);
#12309 = CARTESIAN_POINT('',(-149.,132.,12.));
#12310 = DIRECTION('',(1.,0.,2.22044604925E-16));
#12311 = DIRECTION('',(2.22044604925E-16,0.,-1.));
#12312 = PCURVE('',#12133,#12313);
#12313 = DEFINITIONAL_REPRESENTATION('',(#12314),#12318);
#12314 = CIRCLE('',#12315,1.8);
#12315 = AXIS2_PLACEMENT_2D('',#12316,#12317);
#12316 = CARTESIAN_POINT('',(8.,-7.));
#12317 = DIRECTION('',(-1.,0.));
#12318 = ( GEOMETRIC_REPRESENTATION_CONTEXT(2) 
PARAMETRIC_REPRESENTATION_CONTEXT() REPRESENTATION_CONTEXT('2D SPACE',''
  ) );
#12319 = PCURVE('',#12320,#12325);
#12320 = CYLINDRICAL_SURFACE('',#12321,1.8);
#12321 = AXIS2_PLACEMENT_3D('',#12322,#12323,#12324);
#12322 = CARTESIAN_POINT('',(-150.,132.,12.));
#12323 = DIRECTION('',(1.,0.,2.22044604925E-16));
#12324 = DIRECTION('',(2.22044604925E-16,0.,-1.));
#12325 = DEFINITIONAL_REPRESENTATION('',(#12326),#12330);
#12326 = LINE('',#12327,#12328);
#12327 = CARTESIAN_POINT('',(0.,1.));
#12328 = VECTOR('',#12329,1.);
#12329 = DIRECTION('',(1.,0.));
#12330 = ( GEOMETRIC_REPRESENTATION_CONTEXT(2) 
PARAMETRIC_REPRESENTATION_CONTEXT() REPRESENTATION_CONTEXT('2D SPACE',''
  ) );
#12331 = ADVANCED_FACE('',(#12332),#12145,.F.);
#12332 = FACE_BOUND('',#12333,.F.);
#12333 = EDGE_LOOP('',(#12334,#12357,#12358,#12381));
#12334 = ORIENTED_EDGE('',*,*,#12335,.F.);
#12335 = EDGE_CURVE('',#12123,#12336,#12338,.T.);
#12336 = VERTEX_POINT('',#12337);
#12337 = CARTESIAN_POINT('',(-144.,125.,4.));
#12338 = SURFACE_CURVE('',#12339,(#12343,#12350),.PCURVE_S1.);
#12339 = LINE('',#12340,#12341);
#12340 = CARTESIAN_POINT('',(-149.,125.,4.));
#12341 = VECTOR('',#12342,1.);
#12342 = DIRECTION('',(1.,0.,-0.));
#12343 = PCURVE('',#12145,#12344);
#12344 = DEFINITIONAL_REPRESENTATION('',(#12345),#12349);
#12345 = LINE('',#12346,#12347);
#12346 = CARTESIAN_POINT('',(0.,0.));
#12347 = VECTOR('',#12348,1.);
#12348 = DIRECTION('',(0.,1.));
#12349 = ( GEOMETRIC_REPRESENTATION_CONTEXT(2) 
PARAMETRIC_REPRESENTATION_CONTEXT() REPRESENTATION_CONTEXT('2D SPACE',''
  ) );
#12350 = PCURVE('',#12173,#12351);
#12351 = DEFINITIONAL_REPRESENTATION('',(#12352),#12356);
#12352 = LINE('',#12353,#12354);
#12353 = CARTESIAN_POINT('',(0.,0.));
#12354 = VECTOR('',#12355,1.);
#12355 = DIRECTION('',(1.,0.));
#12356 = ( GEOMETRIC_REPRESENTATION_CONTEXT(2) 
PARAMETRIC_REPRESENTATION_CONTEXT() REPRESENTATION_CONTEXT('2D SPACE',''
  ) );
#12357 = ORIENTED_EDGE('',*,*,#12122,.T.);
#12358 = ORIENTED_EDGE('',*,*,#12359,.T.);
#12359 = EDGE_CURVE('',#12125,#12360,#12362,.T.);
#12360 = VERTEX_POINT('',#12361);
#12361 = CARTESIAN_POINT('',(-144.,125.,18.));
#12362 = SURFACE_CURVE('',#12363,(#12367,#12374),.PCURVE_S1.);
#12363 = LINE('',#12364,#12365);
#12364 = CARTESIAN_POINT('',(-149.,125.,18.));
#12365 = VECTOR('',#12366,1.);
#12366 = DIRECTION('',(1.,0.,-0.));
#12367 = PCURVE('',#12145,#12368);
#12368 = DEFINITIONAL_REPRESENTATION('',(#12369),#12373);
#12369 = LINE('',#12370,#12371);
#12370 = CARTESIAN_POINT('',(14.,0.));
#12371 = VECTOR('',#12372,1.);
#12372 = DIRECTION('',(0.,1.));
#12373 = ( GEOMETRIC_REPRESENTATION_CONTEXT(2) 
PARAMETRIC_REPRESENTATION_CONTEXT() REPRESENTATION_CONTEXT('2D SPACE',''
  ) );
#12374 = PCURVE('',#12227,#12375);
#12375 = DEFINITIONAL_REPRESENTATION('',(#12376),#12380);
#12376 = LINE('',#12377,#12378);
#12377 = CARTESIAN_POINT('',(0.,0.));
#12378 = VECTOR('',#12379,1.);
#12379 = DIRECTION('',(1.,0.));
#12380 = ( GEOMETRIC_REPRESENTATION_CONTEXT(2) 
PARAMETRIC_REPRESENTATION_CONTEXT() REPRESENTATION_CONTEXT('2D SPACE',''
  ) );
#12381 = ORIENTED_EDGE('',*,*,#12382,.F.);
#12382 = EDGE_CURVE('',#12336,#12360,#12383,.T.);
#12383 = SURFACE_CURVE('',#12384,(#12388,#12395),.PCURVE_S1.);
#12384 = LINE('',#12385,#12386);
#12385 = CARTESIAN_POINT('',(-144.,125.,4.));
#12386 = VECTOR('',#12387,1.);
#12387 = DIRECTION('',(0.,0.,1.));
#12388 = PCURVE('',#12145,#12389);
#12389 = DEFINITIONAL_REPRESENTATION('',(#12390),#12394);
#12390 = LINE('',#12391,#12392);
#12391 = CARTESIAN_POINT('',(0.,5.));
#12392 = VECTOR('',#12393,1.);
#12393 = DIRECTION('',(1.,0.));
#12394 = ( GEOMETRIC_REPRESENTATION_CONTEXT(2) 
PARAMETRIC_REPRESENTATION_CONTEXT() REPRESENTATION_CONTEXT('2D SPACE',''
  ) );
#12395 = PCURVE('',#12396,#12401);
#12396 = PLANE('',#12397);
#12397 = AXIS2_PLACEMENT_3D('',#12398,#12399,#12400);
#12398 = CARTESIAN_POINT('',(-144.,125.,4.));
#12399 = DIRECTION('',(1.,0.,-0.));
#12400 = DIRECTION('',(0.,0.,1.));
#12401 = DEFINITIONAL_REPRESENTATION('',(#12402),#12406);
#12402 = LINE('',#12403,#12404);
#12403 = CARTESIAN_POINT('',(0.,0.));
#12404 = VECTOR('',#12405,1.);
#12405 = DIRECTION('',(1.,0.));
#12406 = ( GEOMETRIC_REPRESENTATION_CONTEXT(2) 
PARAMETRIC_REPRESENTATION_CONTEXT() REPRESENTATION_CONTEXT('2D SPACE',''
  ) );
#12407 = ADVANCED_FACE('',(#12408),#12227,.T.);
#12408 = FACE_BOUND('',#12409,.T.);
#12409 = EDGE_LOOP('',(#12410,#12411,#12412,#12435));
#12410 = ORIENTED_EDGE('',*,*,#12213,.F.);
#12411 = ORIENTED_EDGE('',*,*,#12359,.T.);
#12412 = ORIENTED_EDGE('',*,*,#12413,.T.);
#12413 = EDGE_CURVE('',#12360,#12414,#12416,.T.);
#12414 = VERTEX_POINT('',#12415);
#12415 = CARTESIAN_POINT('',(-144.,149.,18.));
#12416 = SURFACE_CURVE('',#12417,(#12421,#12428),.PCURVE_S1.);
#12417 = LINE('',#12418,#12419);
#12418 = CARTESIAN_POINT('',(-144.,125.,18.));
#12419 = VECTOR('',#12420,1.);
#12420 = DIRECTION('',(-0.,1.,0.));
#12421 = PCURVE('',#12227,#12422);
#12422 = DEFINITIONAL_REPRESENTATION('',(#12423),#12427);
#12423 = LINE('',#12424,#12425);
#12424 = CARTESIAN_POINT('',(5.,0.));
#12425 = VECTOR('',#12426,1.);
#12426 = DIRECTION('',(0.,1.));
#12427 = ( GEOMETRIC_REPRESENTATION_CONTEXT(2) 
PARAMETRIC_REPRESENTATION_CONTEXT() REPRESENTATION_CONTEXT('2D SPACE',''
  ) );
#12428 = PCURVE('',#12396,#12429);
#12429 = DEFINITIONAL_REPRESENTATION('',(#12430),#12434);
#12430 = LINE('',#12431,#12432);
#12431 = CARTESIAN_POINT('',(14.,0.));
#12432 = VECTOR('',#12433,1.);
#12433 = DIRECTION('',(0.,-1.));
#12434 = ( GEOMETRIC_REPRESENTATION_CONTEXT(2) 
PARAMETRIC_REPRESENTATION_CONTEXT() REPRESENTATION_CONTEXT('2D SPACE',''
  ) );
#12435 = ORIENTED_EDGE('',*,*,#12436,.F.);
#12436 = EDGE_CURVE('',#12186,#12414,#12437,.T.);
#12437 = SURFACE_CURVE('',#12438,(#12442,#12449),.PCURVE_S1.);
#12438 = LINE('',#12439,#12440);
#12439 = CARTESIAN_POINT('',(-149.,149.,18.));
#12440 = VECTOR('',#12441,1.);
#12441 = DIRECTION('',(1.,0.,-0.));
#12442 = PCURVE('',#12227,#12443);
#12443 = DEFINITIONAL_REPRESENTATION('',(#12444),#12448);
#12444 = LINE('',#12445,#12446);
#12445 = CARTESIAN_POINT('',(0.,24.));
#12446 = VECTOR('',#12447,1.);
#12447 = DIRECTION('',(1.,0.));
#12448 = ( GEOMETRIC_REPRESENTATION_CONTEXT(2) 
PARAMETRIC_REPRESENTATION_CONTEXT() REPRESENTATION_CONTEXT('2D SPACE',''
  ) );
#12449 = PCURVE('',#12201,#12450);
#12450 = DEFINITIONAL_REPRESENTATION('',(#12451),#12455);
#12451 = LINE('',#12452,#12453);
#12452 = CARTESIAN_POINT('',(14.,0.));
#12453 = VECTOR('',#12454,1.);
#12454 = DIRECTION('',(0.,1.));
#12455 = ( GEOMETRIC_REPRESENTATION_CONTEXT(2) 
PARAMETRIC_REPRESENTATION_CONTEXT() REPRESENTATION_CONTEXT('2D SPACE',''
  ) );
#12456 = ADVANCED_FACE('',(#12457),#12173,.F.);
#12457 = FACE_BOUND('',#12458,.F.);
#12458 = EDGE_LOOP('',(#12459,#12460,#12461,#12484));
#12459 = ORIENTED_EDGE('',*,*,#12157,.F.);
#12460 = ORIENTED_EDGE('',*,*,#12335,.T.);
#12461 = ORIENTED_EDGE('',*,*,#12462,.T.);
#12462 = EDGE_CURVE('',#12336,#12463,#12465,.T.);
#12463 = VERTEX_POINT('',#12464);
#12464 = CARTESIAN_POINT('',(-144.,149.,4.));
#12465 = SURFACE_CURVE('',#12466,(#12470,#12477),.PCURVE_S1.);
#12466 = LINE('',#12467,#12468);
#12467 = CARTESIAN_POINT('',(-144.,125.,4.));
#12468 = VECTOR('',#12469,1.);
#12469 = DIRECTION('',(-0.,1.,0.));
#12470 = PCURVE('',#12173,#12471);
#12471 = DEFINITIONAL_REPRESENTATION('',(#12472),#12476);
#12472 = LINE('',#12473,#12474);
#12473 = CARTESIAN_POINT('',(5.,0.));
#12474 = VECTOR('',#12475,1.);
#12475 = DIRECTION('',(0.,1.));
#12476 = ( GEOMETRIC_REPRESENTATION_CONTEXT(2) 
PARAMETRIC_REPRESENTATION_CONTEXT() REPRESENTATION_CONTEXT('2D SPACE',''
  ) );
#12477 = PCURVE('',#12396,#12478);
#12478 = DEFINITIONAL_REPRESENTATION('',(#12479),#12483);
#12479 = LINE('',#12480,#12481);
#12480 = CARTESIAN_POINT('',(0.,0.));
#12481 = VECTOR('',#12482,1.);
#12482 = DIRECTION('',(0.,-1.));
#12483 = ( GEOMETRIC_REPRESENTATION_CONTEXT(2) 
PARAMETRIC_REPRESENTATION_CONTEXT() REPRESENTATION_CONTEXT('2D SPACE',''
  ) );
#12484 = ORIENTED_EDGE('',*,*,#12485,.F.);
#12485 = EDGE_CURVE('',#12158,#12463,#12486,.T.);
#12486 = SURFACE_CURVE('',#12487,(#12491,#12498),.PCURVE_S1.);
#12487 = LINE('',#12488,#12489);
#12488 = CARTESIAN_POINT('',(-149.,149.,4.));
#12489 = VECTOR('',#12490,1.);
#12490 = DIRECTION('',(1.,0.,-0.));
#12491 = PCURVE('',#12173,#12492);
#12492 = DEFINITIONAL_REPRESENTATION('',(#12493),#12497);
#12493 = LINE('',#12494,#12495);
#12494 = CARTESIAN_POINT('',(0.,24.));
#12495 = VECTOR('',#12496,1.);
#12496 = DIRECTION('',(1.,0.));
#12497 = ( GEOMETRIC_REPRESENTATION_CONTEXT(2) 
PARAMETRIC_REPRESENTATION_CONTEXT() REPRESENTATION_CONTEXT('2D SPACE',''
  ) );
#12498 = PCURVE('',#12201,#12499);
#12499 = DEFINITIONAL_REPRESENTATION('',(#12500),#12504);
#12500 = LINE('',#12501,#12502);
#12501 = CARTESIAN_POINT('',(0.,0.));
#12502 = VECTOR('',#12503,1.);
#12503 = DIRECTION('',(0.,1.));
#12504 = ( GEOMETRIC_REPRESENTATION_CONTEXT(2) 
PARAMETRIC_REPRESENTATION_CONTEXT() REPRESENTATION_CONTEXT('2D SPACE',''
  ) );
#12505 = ADVANCED_FACE('',(#12506),#12201,.T.);
#12506 = FACE_BOUND('',#12507,.T.);
#12507 = EDGE_LOOP('',(#12508,#12509,#12510,#12511));
#12508 = ORIENTED_EDGE('',*,*,#12485,.F.);
#12509 = ORIENTED_EDGE('',*,*,#12185,.T.);
#12510 = ORIENTED_EDGE('',*,*,#12436,.T.);
#12511 = ORIENTED_EDGE('',*,*,#12512,.F.);
#12512 = EDGE_CURVE('',#12463,#12414,#12513,.T.);
#12513 = SURFACE_CURVE('',#12514,(#12518,#12525),.PCURVE_S1.);
#12514 = LINE('',#12515,#12516);
#12515 = CARTESIAN_POINT('',(-144.,149.,4.));
#12516 = VECTOR('',#12517,1.);
#12517 = DIRECTION('',(0.,0.,1.));
#12518 = PCURVE('',#12201,#12519);
#12519 = DEFINITIONAL_REPRESENTATION('',(#12520),#12524);
#12520 = LINE('',#12521,#12522);
#12521 = CARTESIAN_POINT('',(0.,5.));
#12522 = VECTOR('',#12523,1.);
#12523 = DIRECTION('',(1.,0.));
#12524 = ( GEOMETRIC_REPRESENTATION_CONTEXT(2) 
PARAMETRIC_REPRESENTATION_CONTEXT() REPRESENTATION_CONTEXT('2D SPACE',''
  ) );
#12525 = PCURVE('',#12396,#12526);
#12526 = DEFINITIONAL_REPRESENTATION('',(#12527),#12531);
#12527 = LINE('',#12528,#12529);
#12528 = CARTESIAN_POINT('',(0.,-24.));
#12529 = VECTOR('',#12530,1.);
#12530 = DIRECTION('',(1.,0.));
#12531 = ( GEOMETRIC_REPRESENTATION_CONTEXT(2) 
PARAMETRIC_REPRESENTATION_CONTEXT() REPRESENTATION_CONTEXT('2D SPACE',''
  ) );
#12532 = ADVANCED_FACE('',(#12533),#12258,.F.);
#12533 = FACE_BOUND('',#12534,.F.);
#12534 = EDGE_LOOP('',(#12535,#12559,#12580,#12581));
#12535 = ORIENTED_EDGE('',*,*,#12536,.F.);
#12536 = EDGE_CURVE('',#12537,#12537,#12539,.T.);
#12537 = VERTEX_POINT('',#12538);
#12538 = CARTESIAN_POINT('',(-144.,142.,10.2));
#12539 = SURFACE_CURVE('',#12540,(#12545,#12552),.PCURVE_S1.);
#12540 = CIRCLE('',#12541,1.8);
#12541 = AXIS2_PLACEMENT_3D('',#12542,#12543,#12544);
#12542 = CARTESIAN_POINT('',(-144.,142.,12.));
#12543 = DIRECTION('',(1.,0.,2.22044604925E-16));
#12544 = DIRECTION('',(2.22044604925E-16,0.,-1.));
#12545 = PCURVE('',#12258,#12546);
#12546 = DEFINITIONAL_REPRESENTATION('',(#12547),#12551);
#12547 = LINE('',#12548,#12549);
#12548 = CARTESIAN_POINT('',(0.,6.));
#12549 = VECTOR('',#12550,1.);
#12550 = DIRECTION('',(1.,0.));
#12551 = ( GEOMETRIC_REPRESENTATION_CONTEXT(2) 
PARAMETRIC_REPRESENTATION_CONTEXT() REPRESENTATION_CONTEXT('2D SPACE',''
  ) );
#12552 = PCURVE('',#12396,#12553);
#12553 = DEFINITIONAL_REPRESENTATION('',(#12554),#12558);
#12554 = CIRCLE('',#12555,1.8);
#12555 = AXIS2_PLACEMENT_2D('',#12556,#12557);
#12556 = CARTESIAN_POINT('',(8.,-17.));
#12557 = DIRECTION('',(-1.,0.));
#12558 = ( GEOMETRIC_REPRESENTATION_CONTEXT(2) 
PARAMETRIC_REPRESENTATION_CONTEXT() REPRESENTATION_CONTEXT('2D SPACE',''
  ) );
#12559 = ORIENTED_EDGE('',*,*,#12560,.F.);
#12560 = EDGE_CURVE('',#12242,#12537,#12561,.T.);
#12561 = SEAM_CURVE('',#12562,(#12566,#12573),.PCURVE_S1.);
#12562 = LINE('',#12563,#12564);
#12563 = CARTESIAN_POINT('',(-150.,142.,10.2));
#12564 = VECTOR('',#12565,1.);
#12565 = DIRECTION('',(1.,0.,2.22044604925E-16));
#12566 = PCURVE('',#12258,#12567);
#12567 = DEFINITIONAL_REPRESENTATION('',(#12568),#12572);
#12568 = LINE('',#12569,#12570);
#12569 = CARTESIAN_POINT('',(6.28318530718,-0.));
#12570 = VECTOR('',#12571,1.);
#12571 = DIRECTION('',(0.,1.));
#12572 = ( GEOMETRIC_REPRESENTATION_CONTEXT(2) 
PARAMETRIC_REPRESENTATION_CONTEXT() REPRESENTATION_CONTEXT('2D SPACE',''
  ) );
#12573 = PCURVE('',#12258,#12574);
#12574 = DEFINITIONAL_REPRESENTATION('',(#12575),#12579);
#12575 = LINE('',#12576,#12577);
#12576 = CARTESIAN_POINT('',(0.,-0.));
#12577 = VECTOR('',#12578,1.);
#12578 = DIRECTION('',(0.,1.));
#12579 = ( GEOMETRIC_REPRESENTATION_CONTEXT(2) 
PARAMETRIC_REPRESENTATION_CONTEXT() REPRESENTATION_CONTEXT('2D SPACE',''
  ) );
#12580 = ORIENTED_EDGE('',*,*,#12241,.T.);
#12581 = ORIENTED_EDGE('',*,*,#12560,.T.);
#12582 = ADVANCED_FACE('',(#12583),#12289,.F.);
#12583 = FACE_BOUND('',#12584,.F.);
#12584 = EDGE_LOOP('',(#12585,#12609,#12630,#12631));
#12585 = ORIENTED_EDGE('',*,*,#12586,.F.);
#12586 = EDGE_CURVE('',#12587,#12587,#12589,.T.);
#12587 = VERTEX_POINT('',#12588);
#12588 = CARTESIAN_POINT('',(-144.,137.,10.2));
#12589 = SURFACE_CURVE('',#12590,(#12595,#12602),.PCURVE_S1.);
#12590 = CIRCLE('',#12591,1.8);
#12591 = AXIS2_PLACEMENT_3D('',#12592,#12593,#12594);
#12592 = CARTESIAN_POINT('',(-144.,137.,12.));
#12593 = DIRECTION('',(1.,0.,2.22044604925E-16));
#12594 = DIRECTION('',(2.22044604925E-16,0.,-1.));
#12595 = PCURVE('',#12289,#12596);
#12596 = DEFINITIONAL_REPRESENTATION('',(#12597),#12601);
#12597 = LINE('',#12598,#12599);
#12598 = CARTESIAN_POINT('',(0.,6.));
#12599 = VECTOR('',#12600,1.);
#12600 = DIRECTION('',(1.,0.));
#12601 = ( GEOMETRIC_REPRESENTATION_CONTEXT(2) 
PARAMETRIC_REPRESENTATION_CONTEXT() REPRESENTATION_CONTEXT('2D SPACE',''
  ) );
#12602 = PCURVE('',#12396,#12603);
#12603 = DEFINITIONAL_REPRESENTATION('',(#12604),#12608);
#12604 = CIRCLE('',#12605,1.8);
#12605 = AXIS2_PLACEMENT_2D('',#12606,#12607);
#12606 = CARTESIAN_POINT('',(8.,-12.));
#12607 = DIRECTION('',(-1.,0.));
#12608 = ( GEOMETRIC_REPRESENTATION_CONTEXT(2) 
PARAMETRIC_REPRESENTATION_CONTEXT() REPRESENTATION_CONTEXT('2D SPACE',''
  ) );
#12609 = ORIENTED_EDGE('',*,*,#12610,.F.);
#12610 = EDGE_CURVE('',#12273,#12587,#12611,.T.);
#12611 = SEAM_CURVE('',#12612,(#12616,#12623),.PCURVE_S1.);
#12612 = LINE('',#12613,#12614);
#12613 = CARTESIAN_POINT('',(-150.,137.,10.2));
#12614 = VECTOR('',#12615,1.);
#12615 = DIRECTION('',(1.,0.,2.22044604925E-16));
#12616 = PCURVE('',#12289,#12617);
#12617 = DEFINITIONAL_REPRESENTATION('',(#12618),#12622);
#12618 = LINE('',#12619,#12620);
#12619 = CARTESIAN_POINT('',(6.28318530718,-0.));
#12620 = VECTOR('',#12621,1.);
#12621 = DIRECTION('',(0.,1.));
#12622 = ( GEOMETRIC_REPRESENTATION_CONTEXT(2) 
PARAMETRIC_REPRESENTATION_CONTEXT() REPRESENTATION_CONTEXT('2D SPACE',''
  ) );
#12623 = PCURVE('',#12289,#12624);
#12624 = DEFINITIONAL_REPRESENTATION('',(#12625),#12629);
#12625 = LINE('',#12626,#12627);
#12626 = CARTESIAN_POINT('',(0.,-0.));
#12627 = VECTOR('',#12628,1.);
#12628 = DIRECTION('',(0.,1.));
#12629 = ( GEOMETRIC_REPRESENTATION_CONTEXT(2) 
PARAMETRIC_REPRESENTATION_CONTEXT() REPRESENTATION_CONTEXT('2D SPACE',''
  ) );
#12630 = ORIENTED_EDGE('',*,*,#12272,.T.);
#12631 = ORIENTED_EDGE('',*,*,#12610,.T.);
#12632 = ADVANCED_FACE('',(#12633),#12320,.F.);
#12633 = FACE_BOUND('',#12634,.F.);
#12634 = EDGE_LOOP('',(#12635,#12659,#12680,#12681));
#12635 = ORIENTED_EDGE('',*,*,#12636,.F.);
#12636 = EDGE_CURVE('',#12637,#12637,#12639,.T.);
#12637 = VERTEX_POINT('',#12638);
#12638 = CARTESIAN_POINT('',(-144.,132.,10.2));
#12639 = SURFACE_CURVE('',#12640,(#12645,#12652),.PCURVE_S1.);
#12640 = CIRCLE('',#12641,1.8);
#12641 = AXIS2_PLACEMENT_3D('',#12642,#12643,#12644);
#12642 = CARTESIAN_POINT('',(-144.,132.,12.));
#12643 = DIRECTION('',(1.,0.,2.22044604925E-16));
#12644 = DIRECTION('',(2.22044604925E-16,0.,-1.));
#12645 = PCURVE('',#12320,#12646);
#12646 = DEFINITIONAL_REPRESENTATION('',(#12647),#12651);
#12647 = LINE('',#12648,#12649);
#12648 = CARTESIAN_POINT('',(0.,6.));
#12649 = VECTOR('',#12650,1.);
#12650 = DIRECTION('',(1.,0.));
#12651 = ( GEOMETRIC_REPRESENTATION_CONTEXT(2) 
PARAMETRIC_REPRESENTATION_CONTEXT() REPRESENTATION_CONTEXT('2D SPACE',''
  ) );
#12652 = PCURVE('',#12396,#12653);
#12653 = DEFINITIONAL_REPRESENTATION('',(#12654),#12658);
#12654 = CIRCLE('',#12655,1.8);
#12655 = AXIS2_PLACEMENT_2D('',#12656,#12657);
#12656 = CARTESIAN_POINT('',(8.,-7.));
#12657 = DIRECTION('',(-1.,0.));
#12658 = ( GEOMETRIC_REPRESENTATION_CONTEXT(2) 
PARAMETRIC_REPRESENTATION_CONTEXT() REPRESENTATION_CONTEXT('2D SPACE',''
  ) );
#12659 = ORIENTED_EDGE('',*,*,#12660,.F.);
#12660 = EDGE_CURVE('',#12304,#12637,#12661,.T.);
#12661 = SEAM_CURVE('',#12662,(#12666,#12673),.PCURVE_S1.);
#12662 = LINE('',#12663,#12664);
#12663 = CARTESIAN_POINT('',(-150.,132.,10.2));
#12664 = VECTOR('',#12665,1.);
#12665 = DIRECTION('',(1.,0.,2.22044604925E-16));
#12666 = PCURVE('',#12320,#12667);
#12667 = DEFINITIONAL_REPRESENTATION('',(#12668),#12672);
#12668 = LINE('',#12669,#12670);
#12669 = CARTESIAN_POINT('',(6.28318530718,-0.));
#12670 = VECTOR('',#12671,1.);
#12671 = DIRECTION('',(0.,1.));
#12672 = ( GEOMETRIC_REPRESENTATION_CONTEXT(2) 
PARAMETRIC_REPRESENTATION_CONTEXT() REPRESENTATION_CONTEXT('2D SPACE',''
  ) );
#12673 = PCURVE('',#12320,#12674);
#12674 = DEFINITIONAL_REPRESENTATION('',(#12675),#12679);
#12675 = LINE('',#12676,#12677);
#12676 = CARTESIAN_POINT('',(0.,-0.));
#12677 = VECTOR('',#12678,1.);
#12678 = DIRECTION('',(0.,1.));
#12679 = ( GEOMETRIC_REPRESENTATION_CONTEXT(2) 
PARAMETRIC_REPRESENTATION_CONTEXT() REPRESENTATION_CONTEXT('2D SPACE',''
  ) );
#12680 = ORIENTED_EDGE('',*,*,#12303,.T.);
#12681 = ORIENTED_EDGE('',*,*,#12660,.T.);
#12682 = ADVANCED_FACE('',(#12683,#12689,#12692,#12695),#12396,.T.);
#12683 = FACE_BOUND('',#12684,.T.);
#12684 = EDGE_LOOP('',(#12685,#12686,#12687,#12688));
#12685 = ORIENTED_EDGE('',*,*,#12382,.F.);
#12686 = ORIENTED_EDGE('',*,*,#12462,.T.);
#12687 = ORIENTED_EDGE('',*,*,#12512,.T.);
#12688 = ORIENTED_EDGE('',*,*,#12413,.F.);
#12689 = FACE_BOUND('',#12690,.T.);
#12690 = EDGE_LOOP('',(#12691));
#12691 = ORIENTED_EDGE('',*,*,#12536,.F.);
#12692 = FACE_BOUND('',#12693,.T.);
#12693 = EDGE_LOOP('',(#12694));
#12694 = ORIENTED_EDGE('',*,*,#12586,.F.);
#12695 = FACE_BOUND('',#12696,.T.);
#12696 = EDGE_LOOP('',(#12697));
#12697 = ORIENTED_EDGE('',*,*,#12636,.F.);
#12698 = ( GEOMETRIC_REPRESENTATION_CONTEXT(3) 
GLOBAL_UNCERTAINTY_ASSIGNED_CONTEXT((#12702)) 
GLOBAL_UNIT_ASSIGNED_CONTEXT((#12699,#12700,#12701)) 
REPRESENTATION_CONTEXT('Context #1',
  '3D Context with UNIT and UNCERTAINTY') );
#12699 = ( LENGTH_UNIT() NAMED_UNIT(*) SI_UNIT(.MILLI.,.METRE.) );
#12700 = ( NAMED_UNIT(*) PLANE_ANGLE_UNIT() SI_UNIT($,.RADIAN.) );
#12701 = ( NAMED_UNIT(*) SI_UNIT($,.STERADIAN.) SOLID_ANGLE_UNIT() );
#12702 = UNCERTAINTY_MEASURE_WITH_UNIT(LENGTH_MEASURE(1.E-07),#12699,
  'distance_accuracy_value','confusion accuracy');
#12703 = CONTEXT_DEPENDENT_SHAPE_REPRESENTATION(#12704,#12706);
#12704 = ( REPRESENTATION_RELATIONSHIP('','',#12115,#12092) 
REPRESENTATION_RELATIONSHIP_WITH_TRANSFORMATION(#12705) 
SHAPE_REPRESENTATION_RELATIONSHIP() );
#12705 = ITEM_DEFINED_TRANSFORMATION('','',#11,#12093);
#12706 = PRODUCT_DEFINITION_SHAPE('Placement','Placement of an item',
  #12707);
#12707 = NEXT_ASSEMBLY_USAGE_OCCURRENCE('55','=>[0:1:1:57]','',#12087,
  #12110,$);
#12708 = PRODUCT_RELATED_PRODUCT_CATEGORY('part',$,(#12112));
#12709 = SHAPE_DEFINITION_REPRESENTATION(#12710,#12716);
#12710 = PRODUCT_DEFINITION_SHAPE('','',#12711);
#12711 = PRODUCT_DEFINITION('design','',#12712,#12715);
#12712 = PRODUCT_DEFINITION_FORMATION('','',#12713);
#12713 = PRODUCT('return_anchor_3x5mm_right','return_anchor_3x5mm_right'
  ,'',(#12714));
#12714 = PRODUCT_CONTEXT('',#2,'mechanical');
#12715 = PRODUCT_DEFINITION_CONTEXT('part definition',#2,'design');
#12716 = SHAPE_REPRESENTATION('',(#11,#12717),#12721);
#12717 = AXIS2_PLACEMENT_3D('',#12718,#12719,#12720);
#12718 = CARTESIAN_POINT('',(0.,0.,0.));
#12719 = DIRECTION('',(0.,0.,1.));
#12720 = DIRECTION('',(1.,0.,-0.));
#12721 = ( GEOMETRIC_REPRESENTATION_CONTEXT(3) 
GLOBAL_UNCERTAINTY_ASSIGNED_CONTEXT((#12725)) 
GLOBAL_UNIT_ASSIGNED_CONTEXT((#12722,#12723,#12724)) 
REPRESENTATION_CONTEXT('Context #1',
  '3D Context with UNIT and UNCERTAINTY') );
#12722 = ( LENGTH_UNIT() NAMED_UNIT(*) SI_UNIT(.MILLI.,.METRE.) );
#12723 = ( NAMED_UNIT(*) PLANE_ANGLE_UNIT() SI_UNIT($,.RADIAN.) );
#12724 = ( NAMED_UNIT(*) SI_UNIT($,.STERADIAN.) SOLID_ANGLE_UNIT() );
#12725 = UNCERTAINTY_MEASURE_WITH_UNIT(LENGTH_MEASURE(1.E-07),#12722,
  'distance_accuracy_value','confusion accuracy');
#12726 = CONTEXT_DEPENDENT_SHAPE_REPRESENTATION(#12727,#12729);
#12727 = ( REPRESENTATION_RELATIONSHIP('','',#12716,#10) 
REPRESENTATION_RELATIONSHIP_WITH_TRANSFORMATION(#12728) 
SHAPE_REPRESENTATION_RELATIONSHIP() );
#12728 = ITEM_DEFINED_TRANSFORMATION('','',#11,#127);
#12729 = PRODUCT_DEFINITION_SHAPE('Placement','Placement of an item',
  #12730);
#12730 = NEXT_ASSEMBLY_USAGE_OCCURRENCE('58','=>[0:1:1:58]','',#5,#12711
  ,$);
#12731 = PRODUCT_RELATED_PRODUCT_CATEGORY('part',$,(#12713));
#12732 = SHAPE_DEFINITION_REPRESENTATION(#12733,#12739);
#12733 = PRODUCT_DEFINITION_SHAPE('','',#12734);
#12734 = PRODUCT_DEFINITION('design','',#12735,#12738);
#12735 = PRODUCT_DEFINITION_FORMATION('','',#12736);
#12736 = PRODUCT('SOLID','SOLID','',(#12737));
#12737 = PRODUCT_CONTEXT('',#2,'mechanical');
#12738 = PRODUCT_DEFINITION_CONTEXT('part definition',#2,'design');
#12739 = ADVANCED_BREP_SHAPE_REPRESENTATION('',(#11,#12740),#13322);
#12740 = MANIFOLD_SOLID_BREP('',#12741);
#12741 = CLOSED_SHELL('',(#12742,#12955,#13031,#13080,#13129,#13156,
    #13206,#13256,#13306));
#12742 = ADVANCED_FACE('',(#12743,#12862,#12893,#12924),#12757,.F.);
#12743 = FACE_BOUND('',#12744,.F.);
#12744 = EDGE_LOOP('',(#12745,#12780,#12808,#12836));
#12745 = ORIENTED_EDGE('',*,*,#12746,.F.);
#12746 = EDGE_CURVE('',#12747,#12749,#12751,.T.);
#12747 = VERTEX_POINT('',#12748);
#12748 = CARTESIAN_POINT('',(144.,125.,4.));
#12749 = VERTEX_POINT('',#12750);
#12750 = CARTESIAN_POINT('',(144.,125.,18.));
#12751 = SURFACE_CURVE('',#12752,(#12756,#12768),.PCURVE_S1.);
#12752 = LINE('',#12753,#12754);
#12753 = CARTESIAN_POINT('',(144.,125.,4.));
#12754 = VECTOR('',#12755,1.);
#12755 = DIRECTION('',(0.,0.,1.));
#12756 = PCURVE('',#12757,#12762);
#12757 = PLANE('',#12758);
#12758 = AXIS2_PLACEMENT_3D('',#12759,#12760,#12761);
#12759 = CARTESIAN_POINT('',(144.,125.,4.));
#12760 = DIRECTION('',(1.,0.,-0.));
#12761 = DIRECTION('',(0.,0.,1.));
#12762 = DEFINITIONAL_REPRESENTATION('',(#12763),#12767);
#12763 = LINE('',#12764,#12765);
#12764 = CARTESIAN_POINT('',(0.,0.));
#12765 = VECTOR('',#12766,1.);
#12766 = DIRECTION('',(1.,0.));
#12767 = ( GEOMETRIC_REPRESENTATION_CONTEXT(2) 
PARAMETRIC_REPRESENTATION_CONTEXT() REPRESENTATION_CONTEXT('2D SPACE',''
  ) );
#12768 = PCURVE('',#12769,#12774);
#12769 = PLANE('',#12770);
#12770 = AXIS2_PLACEMENT_3D('',#12771,#12772,#12773);
#12771 = CARTESIAN_POINT('',(144.,125.,4.));
#12772 = DIRECTION('',(-0.,1.,0.));
#12773 = DIRECTION('',(0.,0.,1.));
#12774 = DEFINITIONAL_REPRESENTATION('',(#12775),#12779);
#12775 = LINE('',#12776,#12777);
#12776 = CARTESIAN_POINT('',(0.,0.));
#12777 = VECTOR('',#12778,1.);
#12778 = DIRECTION('',(1.,0.));
#12779 = ( GEOMETRIC_REPRESENTATION_CONTEXT(2) 
PARAMETRIC_REPRESENTATION_CONTEXT() REPRESENTATION_CONTEXT('2D SPACE',''
  ) );
#12780 = ORIENTED_EDGE('',*,*,#12781,.T.);
#12781 = EDGE_CURVE('',#12747,#12782,#12784,.T.);
#12782 = VERTEX_POINT('',#12783);
#12783 = CARTESIAN_POINT('',(144.,149.,4.));
#12784 = SURFACE_CURVE('',#12785,(#12789,#12796),.PCURVE_S1.);
#12785 = LINE('',#12786,#12787);
#12786 = CARTESIAN_POINT('',(144.,125.,4.));
#12787 = VECTOR('',#12788,1.);
#12788 = DIRECTION('',(-0.,1.,0.));
#12789 = PCURVE('',#12757,#12790);
#12790 = DEFINITIONAL_REPRESENTATION('',(#12791),#12795);
#12791 = LINE('',#12792,#12793);
#12792 = CARTESIAN_POINT('',(0.,0.));
#12793 = VECTOR('',#12794,1.);
#12794 = DIRECTION('',(0.,-1.));
#12795 = ( GEOMETRIC_REPRESENTATION_CONTEXT(2) 
PARAMETRIC_REPRESENTATION_CONTEXT() REPRESENTATION_CONTEXT('2D SPACE',''
  ) );
#12796 = PCURVE('',#12797,#12802);
#12797 = PLANE('',#12798);
#12798 = AXIS2_PLACEMENT_3D('',#12799,#12800,#12801);
#12799 = CARTESIAN_POINT('',(144.,125.,4.));
#12800 = DIRECTION('',(0.,0.,1.));
#12801 = DIRECTION('',(1.,0.,-0.));
#12802 = DEFINITIONAL_REPRESENTATION('',(#12803),#12807);
#12803 = LINE('',#12804,#12805);
#12804 = CARTESIAN_POINT('',(0.,0.));
#12805 = VECTOR('',#12806,1.);
#12806 = DIRECTION('',(0.,1.));
#12807 = ( GEOMETRIC_REPRESENTATION_CONTEXT(2) 
PARAMETRIC_REPRESENTATION_CONTEXT() REPRESENTATION_CONTEXT('2D SPACE',''
  ) );
#12808 = ORIENTED_EDGE('',*,*,#12809,.T.);
#12809 = EDGE_CURVE('',#12782,#12810,#12812,.T.);
#12810 = VERTEX_POINT('',#12811);
#12811 = CARTESIAN_POINT('',(144.,149.,18.));
#12812 = SURFACE_CURVE('',#12813,(#12817,#12824),.PCURVE_S1.);
#12813 = LINE('',#12814,#12815);
#12814 = CARTESIAN_POINT('',(144.,149.,4.));
#12815 = VECTOR('',#12816,1.);
#12816 = DIRECTION('',(0.,0.,1.));
#12817 = PCURVE('',#12757,#12818);
#12818 = DEFINITIONAL_REPRESENTATION('',(#12819),#12823);
#12819 = LINE('',#12820,#12821);
#12820 = CARTESIAN_POINT('',(0.,-24.));
#12821 = VECTOR('',#12822,1.);
#12822 = DIRECTION('',(1.,0.));
#12823 = ( GEOMETRIC_REPRESENTATION_CONTEXT(2) 
PARAMETRIC_REPRESENTATION_CONTEXT() REPRESENTATION_CONTEXT('2D SPACE',''
  ) );
#12824 = PCURVE('',#12825,#12830);
#12825 = PLANE('',#12826);
#12826 = AXIS2_PLACEMENT_3D('',#12827,#12828,#12829);
#12827 = CARTESIAN_POINT('',(144.,149.,4.));
#12828 = DIRECTION('',(-0.,1.,0.));
#12829 = DIRECTION('',(0.,0.,1.));
#12830 = DEFINITIONAL_REPRESENTATION('',(#12831),#12835);
#12831 = LINE('',#12832,#12833);
#12832 = CARTESIAN_POINT('',(0.,0.));
#12833 = VECTOR('',#12834,1.);
#12834 = DIRECTION('',(1.,0.));
#12835 = ( GEOMETRIC_REPRESENTATION_CONTEXT(2) 
PARAMETRIC_REPRESENTATION_CONTEXT() REPRESENTATION_CONTEXT('2D SPACE',''
  ) );
#12836 = ORIENTED_EDGE('',*,*,#12837,.F.);
#12837 = EDGE_CURVE('',#12749,#12810,#12838,.T.);
#12838 = SURFACE_CURVE('',#12839,(#12843,#12850),.PCURVE_S1.);
#12839 = LINE('',#12840,#12841);
#12840 = CARTESIAN_POINT('',(144.,125.,18.));
#12841 = VECTOR('',#12842,1.);
#12842 = DIRECTION('',(-0.,1.,0.));
#12843 = PCURVE('',#12757,#12844);
#12844 = DEFINITIONAL_REPRESENTATION('',(#12845),#12849);
#12845 = LINE('',#12846,#12847);
#12846 = CARTESIAN_POINT('',(14.,0.));
#12847 = VECTOR('',#12848,1.);
#12848 = DIRECTION('',(0.,-1.));
#12849 = ( GEOMETRIC_REPRESENTATION_CONTEXT(2) 
PARAMETRIC_REPRESENTATION_CONTEXT() REPRESENTATION_CONTEXT('2D SPACE',''
  ) );
#12850 = PCURVE('',#12851,#12856);
#12851 = PLANE('',#12852);
#12852 = AXIS2_PLACEMENT_3D('',#12853,#12854,#12855);
#12853 = CARTESIAN_POINT('',(144.,125.,18.));
#12854 = DIRECTION('',(0.,0.,1.));
#12855 = DIRECTION('',(1.,0.,-0.));
#12856 = DEFINITIONAL_REPRESENTATION('',(#12857),#12861);
#12857 = LINE('',#12858,#12859);
#12858 = CARTESIAN_POINT('',(0.,0.));
#12859 = VECTOR('',#12860,1.);
#12860 = DIRECTION('',(0.,1.));
#12861 = ( GEOMETRIC_REPRESENTATION_CONTEXT(2) 
PARAMETRIC_REPRESENTATION_CONTEXT() REPRESENTATION_CONTEXT('2D SPACE',''
  ) );
#12862 = FACE_BOUND('',#12863,.F.);
#12863 = EDGE_LOOP('',(#12864));
#12864 = ORIENTED_EDGE('',*,*,#12865,.F.);
#12865 = EDGE_CURVE('',#12866,#12866,#12868,.T.);
#12866 = VERTEX_POINT('',#12867);
#12867 = CARTESIAN_POINT('',(144.,142.,10.2));
#12868 = SURFACE_CURVE('',#12869,(#12874,#12881),.PCURVE_S1.);
#12869 = CIRCLE('',#12870,1.8);
#12870 = AXIS2_PLACEMENT_3D('',#12871,#12872,#12873);
#12871 = CARTESIAN_POINT('',(144.,142.,12.));
#12872 = DIRECTION('',(1.,0.,2.22044604925E-16));
#12873 = DIRECTION('',(2.22044604925E-16,0.,-1.));
#12874 = PCURVE('',#12757,#12875);
#12875 = DEFINITIONAL_REPRESENTATION('',(#12876),#12880);
#12876 = CIRCLE('',#12877,1.8);
#12877 = AXIS2_PLACEMENT_2D('',#12878,#12879);
#12878 = CARTESIAN_POINT('',(8.,-17.));
#12879 = DIRECTION('',(-1.,0.));
#12880 = ( GEOMETRIC_REPRESENTATION_CONTEXT(2) 
PARAMETRIC_REPRESENTATION_CONTEXT() REPRESENTATION_CONTEXT('2D SPACE',''
  ) );
#12881 = PCURVE('',#12882,#12887);
#12882 = CYLINDRICAL_SURFACE('',#12883,1.8);
#12883 = AXIS2_PLACEMENT_3D('',#12884,#12885,#12886);
#12884 = CARTESIAN_POINT('',(143.,142.,12.));
#12885 = DIRECTION('',(1.,0.,2.22044604925E-16));
#12886 = DIRECTION('',(2.22044604925E-16,0.,-1.));
#12887 = DEFINITIONAL_REPRESENTATION('',(#12888),#12892);
#12888 = LINE('',#12889,#12890);
#12889 = CARTESIAN_POINT('',(0.,1.));
#12890 = VECTOR('',#12891,1.);
#12891 = DIRECTION('',(1.,0.));
#12892 = ( GEOMETRIC_REPRESENTATION_CONTEXT(2) 
PARAMETRIC_REPRESENTATION_CONTEXT() REPRESENTATION_CONTEXT('2D SPACE',''
  ) );
#12893 = FACE_BOUND('',#12894,.F.);
#12894 = EDGE_LOOP('',(#12895));
#12895 = ORIENTED_EDGE('',*,*,#12896,.F.);
#12896 = EDGE_CURVE('',#12897,#12897,#12899,.T.);
#12897 = VERTEX_POINT('',#12898);
#12898 = CARTESIAN_POINT('',(144.,137.,10.2));
#12899 = SURFACE_CURVE('',#12900,(#12905,#12912),.PCURVE_S1.);
#12900 = CIRCLE('',#12901,1.8);
#12901 = AXIS2_PLACEMENT_3D('',#12902,#12903,#12904);
#12902 = CARTESIAN_POINT('',(144.,137.,12.));
#12903 = DIRECTION('',(1.,0.,2.22044604925E-16));
#12904 = DIRECTION('',(2.22044604925E-16,0.,-1.));
#12905 = PCURVE('',#12757,#12906);
#12906 = DEFINITIONAL_REPRESENTATION('',(#12907),#12911);
#12907 = CIRCLE('',#12908,1.8);
#12908 = AXIS2_PLACEMENT_2D('',#12909,#12910);
#12909 = CARTESIAN_POINT('',(8.,-12.));
#12910 = DIRECTION('',(-1.,0.));
#12911 = ( GEOMETRIC_REPRESENTATION_CONTEXT(2) 
PARAMETRIC_REPRESENTATION_CONTEXT() REPRESENTATION_CONTEXT('2D SPACE',''
  ) );
#12912 = PCURVE('',#12913,#12918);
#12913 = CYLINDRICAL_SURFACE('',#12914,1.8);
#12914 = AXIS2_PLACEMENT_3D('',#12915,#12916,#12917);
#12915 = CARTESIAN_POINT('',(143.,137.,12.));
#12916 = DIRECTION('',(1.,0.,2.22044604925E-16));
#12917 = DIRECTION('',(2.22044604925E-16,0.,-1.));
#12918 = DEFINITIONAL_REPRESENTATION('',(#12919),#12923);
#12919 = LINE('',#12920,#12921);
#12920 = CARTESIAN_POINT('',(0.,1.));
#12921 = VECTOR('',#12922,1.);
#12922 = DIRECTION('',(1.,0.));
#12923 = ( GEOMETRIC_REPRESENTATION_CONTEXT(2) 
PARAMETRIC_REPRESENTATION_CONTEXT() REPRESENTATION_CONTEXT('2D SPACE',''
  ) );
#12924 = FACE_BOUND('',#12925,.F.);
#12925 = EDGE_LOOP('',(#12926));
#12926 = ORIENTED_EDGE('',*,*,#12927,.F.);
#12927 = EDGE_CURVE('',#12928,#12928,#12930,.T.);
#12928 = VERTEX_POINT('',#12929);
#12929 = CARTESIAN_POINT('',(144.,132.,10.2));
#12930 = SURFACE_CURVE('',#12931,(#12936,#12943),.PCURVE_S1.);
#12931 = CIRCLE('',#12932,1.8);
#12932 = AXIS2_PLACEMENT_3D('',#12933,#12934,#12935);
#12933 = CARTESIAN_POINT('',(144.,132.,12.));
#12934 = DIRECTION('',(1.,0.,2.22044604925E-16));
#12935 = DIRECTION('',(2.22044604925E-16,0.,-1.));
#12936 = PCURVE('',#12757,#12937);
#12937 = DEFINITIONAL_REPRESENTATION('',(#12938),#12942);
#12938 = CIRCLE('',#12939,1.8);
#12939 = AXIS2_PLACEMENT_2D('',#12940,#12941);
#12940 = CARTESIAN_POINT('',(8.,-7.));
#12941 = DIRECTION('',(-1.,0.));
#12942 = ( GEOMETRIC_REPRESENTATION_CONTEXT(2) 
PARAMETRIC_REPRESENTATION_CONTEXT() REPRESENTATION_CONTEXT('2D SPACE',''
  ) );
#12943 = PCURVE('',#12944,#12949);
#12944 = CYLINDRICAL_SURFACE('',#12945,1.8);
#12945 = AXIS2_PLACEMENT_3D('',#12946,#12947,#12948);
#12946 = CARTESIAN_POINT('',(143.,132.,12.));
#12947 = DIRECTION('',(1.,0.,2.22044604925E-16));
#12948 = DIRECTION('',(2.22044604925E-16,0.,-1.));
#12949 = DEFINITIONAL_REPRESENTATION('',(#12950),#12954);
#12950 = LINE('',#12951,#12952);
#12951 = CARTESIAN_POINT('',(0.,1.));
#12952 = VECTOR('',#12953,1.);
#12953 = DIRECTION('',(1.,0.));
#12954 = ( GEOMETRIC_REPRESENTATION_CONTEXT(2) 
PARAMETRIC_REPRESENTATION_CONTEXT() REPRESENTATION_CONTEXT('2D SPACE',''
  ) );
#12955 = ADVANCED_FACE('',(#12956),#12769,.F.);
#12956 = FACE_BOUND('',#12957,.F.);
#12957 = EDGE_LOOP('',(#12958,#12981,#12982,#13005));
#12958 = ORIENTED_EDGE('',*,*,#12959,.F.);
#12959 = EDGE_CURVE('',#12747,#12960,#12962,.T.);
#12960 = VERTEX_POINT('',#12961);
#12961 = CARTESIAN_POINT('',(149.,125.,4.));
#12962 = SURFACE_CURVE('',#12963,(#12967,#12974),.PCURVE_S1.);
#12963 = LINE('',#12964,#12965);
#12964 = CARTESIAN_POINT('',(144.,125.,4.));
#12965 = VECTOR('',#12966,1.);
#12966 = DIRECTION('',(1.,0.,-0.));
#12967 = PCURVE('',#12769,#12968);
#12968 = DEFINITIONAL_REPRESENTATION('',(#12969),#12973);
#12969 = LINE('',#12970,#12971);
#12970 = CARTESIAN_POINT('',(0.,0.));
#12971 = VECTOR('',#12972,1.);
#12972 = DIRECTION('',(0.,1.));
#12973 = ( GEOMETRIC_REPRESENTATION_CONTEXT(2) 
PARAMETRIC_REPRESENTATION_CONTEXT() REPRESENTATION_CONTEXT('2D SPACE',''
  ) );
#12974 = PCURVE('',#12797,#12975);
#12975 = DEFINITIONAL_REPRESENTATION('',(#12976),#12980);
#12976 = LINE('',#12977,#12978);
#12977 = CARTESIAN_POINT('',(0.,0.));
#12978 = VECTOR('',#12979,1.);
#12979 = DIRECTION('',(1.,0.));
#12980 = ( GEOMETRIC_REPRESENTATION_CONTEXT(2) 
PARAMETRIC_REPRESENTATION_CONTEXT() REPRESENTATION_CONTEXT('2D SPACE',''
  ) );
#12981 = ORIENTED_EDGE('',*,*,#12746,.T.);
#12982 = ORIENTED_EDGE('',*,*,#12983,.T.);
#12983 = EDGE_CURVE('',#12749,#12984,#12986,.T.);
#12984 = VERTEX_POINT('',#12985);
#12985 = CARTESIAN_POINT('',(149.,125.,18.));
#12986 = SURFACE_CURVE('',#12987,(#12991,#12998),.PCURVE_S1.);
#12987 = LINE('',#12988,#12989);
#12988 = CARTESIAN_POINT('',(144.,125.,18.));
#12989 = VECTOR('',#12990,1.);
#12990 = DIRECTION('',(1.,0.,-0.));
#12991 = PCURVE('',#12769,#12992);
#12992 = DEFINITIONAL_REPRESENTATION('',(#12993),#12997);
#12993 = LINE('',#12994,#12995);
#12994 = CARTESIAN_POINT('',(14.,0.));
#12995 = VECTOR('',#12996,1.);
#12996 = DIRECTION('',(0.,1.));
#12997 = ( GEOMETRIC_REPRESENTATION_CONTEXT(2) 
PARAMETRIC_REPRESENTATION_CONTEXT() REPRESENTATION_CONTEXT('2D SPACE',''
  ) );
#12998 = PCURVE('',#12851,#12999);
#12999 = DEFINITIONAL_REPRESENTATION('',(#13000),#13004);
#13000 = LINE('',#13001,#13002);
#13001 = CARTESIAN_POINT('',(0.,0.));
#13002 = VECTOR('',#13003,1.);
#13003 = DIRECTION('',(1.,0.));
#13004 = ( GEOMETRIC_REPRESENTATION_CONTEXT(2) 
PARAMETRIC_REPRESENTATION_CONTEXT() REPRESENTATION_CONTEXT('2D SPACE',''
  ) );
#13005 = ORIENTED_EDGE('',*,*,#13006,.F.);
#13006 = EDGE_CURVE('',#12960,#12984,#13007,.T.);
#13007 = SURFACE_CURVE('',#13008,(#13012,#13019),.PCURVE_S1.);
#13008 = LINE('',#13009,#13010);
#13009 = CARTESIAN_POINT('',(149.,125.,4.));
#13010 = VECTOR('',#13011,1.);
#13011 = DIRECTION('',(0.,0.,1.));
#13012 = PCURVE('',#12769,#13013);
#13013 = DEFINITIONAL_REPRESENTATION('',(#13014),#13018);
#13014 = LINE('',#13015,#13016);
#13015 = CARTESIAN_POINT('',(0.,5.));
#13016 = VECTOR('',#13017,1.);
#13017 = DIRECTION('',(1.,0.));
#13018 = ( GEOMETRIC_REPRESENTATION_CONTEXT(2) 
PARAMETRIC_REPRESENTATION_CONTEXT() REPRESENTATION_CONTEXT('2D SPACE',''
  ) );
#13019 = PCURVE('',#13020,#13025);
#13020 = PLANE('',#13021);
#13021 = AXIS2_PLACEMENT_3D('',#13022,#13023,#13024);
#13022 = CARTESIAN_POINT('',(149.,125.,4.));
#13023 = DIRECTION('',(1.,0.,-0.));
#13024 = DIRECTION('',(0.,0.,1.));
#13025 = DEFINITIONAL_REPRESENTATION('',(#13026),#13030);
#13026 = LINE('',#13027,#13028);
#13027 = CARTESIAN_POINT('',(0.,0.));
#13028 = VECTOR('',#13029,1.);
#13029 = DIRECTION('',(1.,0.));
#13030 = ( GEOMETRIC_REPRESENTATION_CONTEXT(2) 
PARAMETRIC_REPRESENTATION_CONTEXT() REPRESENTATION_CONTEXT('2D SPACE',''
  ) );
#13031 = ADVANCED_FACE('',(#13032),#12851,.T.);
#13032 = FACE_BOUND('',#13033,.T.);
#13033 = EDGE_LOOP('',(#13034,#13035,#13036,#13059));
#13034 = ORIENTED_EDGE('',*,*,#12837,.F.);
#13035 = ORIENTED_EDGE('',*,*,#12983,.T.);
#13036 = ORIENTED_EDGE('',*,*,#13037,.T.);
#13037 = EDGE_CURVE('',#12984,#13038,#13040,.T.);
#13038 = VERTEX_POINT('',#13039);
#13039 = CARTESIAN_POINT('',(149.,149.,18.));
#13040 = SURFACE_CURVE('',#13041,(#13045,#13052),.PCURVE_S1.);
#13041 = LINE('',#13042,#13043);
#13042 = CARTESIAN_POINT('',(149.,125.,18.));
#13043 = VECTOR('',#13044,1.);
#13044 = DIRECTION('',(-0.,1.,0.));
#13045 = PCURVE('',#12851,#13046);
#13046 = DEFINITIONAL_REPRESENTATION('',(#13047),#13051);
#13047 = LINE('',#13048,#13049);
#13048 = CARTESIAN_POINT('',(5.,0.));
#13049 = VECTOR('',#13050,1.);
#13050 = DIRECTION('',(0.,1.));
#13051 = ( GEOMETRIC_REPRESENTATION_CONTEXT(2) 
PARAMETRIC_REPRESENTATION_CONTEXT() REPRESENTATION_CONTEXT('2D SPACE',''
  ) );
#13052 = PCURVE('',#13020,#13053);
#13053 = DEFINITIONAL_REPRESENTATION('',(#13054),#13058);
#13054 = LINE('',#13055,#13056);
#13055 = CARTESIAN_POINT('',(14.,0.));
#13056 = VECTOR('',#13057,1.);
#13057 = DIRECTION('',(0.,-1.));
#13058 = ( GEOMETRIC_REPRESENTATION_CONTEXT(2) 
PARAMETRIC_REPRESENTATION_CONTEXT() REPRESENTATION_CONTEXT('2D SPACE',''
  ) );
#13059 = ORIENTED_EDGE('',*,*,#13060,.F.);
#13060 = EDGE_CURVE('',#12810,#13038,#13061,.T.);
#13061 = SURFACE_CURVE('',#13062,(#13066,#13073),.PCURVE_S1.);
#13062 = LINE('',#13063,#13064);
#13063 = CARTESIAN_POINT('',(144.,149.,18.));
#13064 = VECTOR('',#13065,1.);
#13065 = DIRECTION('',(1.,0.,-0.));
#13066 = PCURVE('',#12851,#13067);
#13067 = DEFINITIONAL_REPRESENTATION('',(#13068),#13072);
#13068 = LINE('',#13069,#13070);
#13069 = CARTESIAN_POINT('',(0.,24.));
#13070 = VECTOR('',#13071,1.);
#13071 = DIRECTION('',(1.,0.));
#13072 = ( GEOMETRIC_REPRESENTATION_CONTEXT(2) 
PARAMETRIC_REPRESENTATION_CONTEXT() REPRESENTATION_CONTEXT('2D SPACE',''
  ) );
#13073 = PCURVE('',#12825,#13074);
#13074 = DEFINITIONAL_REPRESENTATION('',(#13075),#13079);
#13075 = LINE('',#13076,#13077);
#13076 = CARTESIAN_POINT('',(14.,0.));
#13077 = VECTOR('',#13078,1.);
#13078 = DIRECTION('',(0.,1.));
#13079 = ( GEOMETRIC_REPRESENTATION_CONTEXT(2) 
PARAMETRIC_REPRESENTATION_CONTEXT() REPRESENTATION_CONTEXT('2D SPACE',''
  ) );
#13080 = ADVANCED_FACE('',(#13081),#12797,.F.);
#13081 = FACE_BOUND('',#13082,.F.);
#13082 = EDGE_LOOP('',(#13083,#13084,#13085,#13108));
#13083 = ORIENTED_EDGE('',*,*,#12781,.F.);
#13084 = ORIENTED_EDGE('',*,*,#12959,.T.);
#13085 = ORIENTED_EDGE('',*,*,#13086,.T.);
#13086 = EDGE_CURVE('',#12960,#13087,#13089,.T.);
#13087 = VERTEX_POINT('',#13088);
#13088 = CARTESIAN_POINT('',(149.,149.,4.));
#13089 = SURFACE_CURVE('',#13090,(#13094,#13101),.PCURVE_S1.);
#13090 = LINE('',#13091,#13092);
#13091 = CARTESIAN_POINT('',(149.,125.,4.));
#13092 = VECTOR('',#13093,1.);
#13093 = DIRECTION('',(-0.,1.,0.));
#13094 = PCURVE('',#12797,#13095);
#13095 = DEFINITIONAL_REPRESENTATION('',(#13096),#13100);
#13096 = LINE('',#13097,#13098);
#13097 = CARTESIAN_POINT('',(5.,0.));
#13098 = VECTOR('',#13099,1.);
#13099 = DIRECTION('',(0.,1.));
#13100 = ( GEOMETRIC_REPRESENTATION_CONTEXT(2) 
PARAMETRIC_REPRESENTATION_CONTEXT() REPRESENTATION_CONTEXT('2D SPACE',''
  ) );
#13101 = PCURVE('',#13020,#13102);
#13102 = DEFINITIONAL_REPRESENTATION('',(#13103),#13107);
#13103 = LINE('',#13104,#13105);
#13104 = CARTESIAN_POINT('',(0.,0.));
#13105 = VECTOR('',#13106,1.);
#13106 = DIRECTION('',(0.,-1.));
#13107 = ( GEOMETRIC_REPRESENTATION_CONTEXT(2) 
PARAMETRIC_REPRESENTATION_CONTEXT() REPRESENTATION_CONTEXT('2D SPACE',''
  ) );
#13108 = ORIENTED_EDGE('',*,*,#13109,.F.);
#13109 = EDGE_CURVE('',#12782,#13087,#13110,.T.);
#13110 = SURFACE_CURVE('',#13111,(#13115,#13122),.PCURVE_S1.);
#13111 = LINE('',#13112,#13113);
#13112 = CARTESIAN_POINT('',(144.,149.,4.));
#13113 = VECTOR('',#13114,1.);
#13114 = DIRECTION('',(1.,0.,-0.));
#13115 = PCURVE('',#12797,#13116);
#13116 = DEFINITIONAL_REPRESENTATION('',(#13117),#13121);
#13117 = LINE('',#13118,#13119);
#13118 = CARTESIAN_POINT('',(0.,24.));
#13119 = VECTOR('',#13120,1.);
#13120 = DIRECTION('',(1.,0.));
#13121 = ( GEOMETRIC_REPRESENTATION_CONTEXT(2) 
PARAMETRIC_REPRESENTATION_CONTEXT() REPRESENTATION_CONTEXT('2D SPACE',''
  ) );
#13122 = PCURVE('',#12825,#13123);
#13123 = DEFINITIONAL_REPRESENTATION('',(#13124),#13128);
#13124 = LINE('',#13125,#13126);
#13125 = CARTESIAN_POINT('',(0.,0.));
#13126 = VECTOR('',#13127,1.);
#13127 = DIRECTION('',(0.,1.));
#13128 = ( GEOMETRIC_REPRESENTATION_CONTEXT(2) 
PARAMETRIC_REPRESENTATION_CONTEXT() REPRESENTATION_CONTEXT('2D SPACE',''
  ) );
#13129 = ADVANCED_FACE('',(#13130),#12825,.T.);
#13130 = FACE_BOUND('',#13131,.T.);
#13131 = EDGE_LOOP('',(#13132,#13133,#13134,#13135));
#13132 = ORIENTED_EDGE('',*,*,#13109,.F.);
#13133 = ORIENTED_EDGE('',*,*,#12809,.T.);
#13134 = ORIENTED_EDGE('',*,*,#13060,.T.);
#13135 = ORIENTED_EDGE('',*,*,#13136,.F.);
#13136 = EDGE_CURVE('',#13087,#13038,#13137,.T.);
#13137 = SURFACE_CURVE('',#13138,(#13142,#13149),.PCURVE_S1.);
#13138 = LINE('',#13139,#13140);
#13139 = CARTESIAN_POINT('',(149.,149.,4.));
#13140 = VECTOR('',#13141,1.);
#13141 = DIRECTION('',(0.,0.,1.));
#13142 = PCURVE('',#12825,#13143);
#13143 = DEFINITIONAL_REPRESENTATION('',(#13144),#13148);
#13144 = LINE('',#13145,#13146);
#13145 = CARTESIAN_POINT('',(0.,5.));
#13146 = VECTOR('',#13147,1.);
#13147 = DIRECTION('',(1.,0.));
#13148 = ( GEOMETRIC_REPRESENTATION_CONTEXT(2) 
PARAMETRIC_REPRESENTATION_CONTEXT() REPRESENTATION_CONTEXT('2D SPACE',''
  ) );
#13149 = PCURVE('',#13020,#13150);
#13150 = DEFINITIONAL_REPRESENTATION('',(#13151),#13155);
#13151 = LINE('',#13152,#13153);
#13152 = CARTESIAN_POINT('',(0.,-24.));
#13153 = VECTOR('',#13154,1.);
#13154 = DIRECTION('',(1.,0.));
#13155 = ( GEOMETRIC_REPRESENTATION_CONTEXT(2) 
PARAMETRIC_REPRESENTATION_CONTEXT() REPRESENTATION_CONTEXT('2D SPACE',''
  ) );
#13156 = ADVANCED_FACE('',(#13157),#12882,.F.);
#13157 = FACE_BOUND('',#13158,.F.);
#13158 = EDGE_LOOP('',(#13159,#13183,#13204,#13205));
#13159 = ORIENTED_EDGE('',*,*,#13160,.F.);
#13160 = EDGE_CURVE('',#13161,#13161,#13163,.T.);
#13161 = VERTEX_POINT('',#13162);
#13162 = CARTESIAN_POINT('',(149.,142.,10.2));
#13163 = SURFACE_CURVE('',#13164,(#13169,#13176),.PCURVE_S1.);
#13164 = CIRCLE('',#13165,1.8);
#13165 = AXIS2_PLACEMENT_3D('',#13166,#13167,#13168);
#13166 = CARTESIAN_POINT('',(149.,142.,12.));
#13167 = DIRECTION('',(1.,0.,2.22044604925E-16));
#13168 = DIRECTION('',(2.22044604925E-16,0.,-1.));
#13169 = PCURVE('',#12882,#13170);
#13170 = DEFINITIONAL_REPRESENTATION('',(#13171),#13175);
#13171 = LINE('',#13172,#13173);
#13172 = CARTESIAN_POINT('',(0.,6.));
#13173 = VECTOR('',#13174,1.);
#13174 = DIRECTION('',(1.,0.));
#13175 = ( GEOMETRIC_REPRESENTATION_CONTEXT(2) 
PARAMETRIC_REPRESENTATION_CONTEXT() REPRESENTATION_CONTEXT('2D SPACE',''
  ) );
#13176 = PCURVE('',#13020,#13177);
#13177 = DEFINITIONAL_REPRESENTATION('',(#13178),#13182);
#13178 = CIRCLE('',#13179,1.8);
#13179 = AXIS2_PLACEMENT_2D('',#13180,#13181);
#13180 = CARTESIAN_POINT('',(8.,-17.));
#13181 = DIRECTION('',(-1.,0.));
#13182 = ( GEOMETRIC_REPRESENTATION_CONTEXT(2) 
PARAMETRIC_REPRESENTATION_CONTEXT() REPRESENTATION_CONTEXT('2D SPACE',''
  ) );
#13183 = ORIENTED_EDGE('',*,*,#13184,.F.);
#13184 = EDGE_CURVE('',#12866,#13161,#13185,.T.);
#13185 = SEAM_CURVE('',#13186,(#13190,#13197),.PCURVE_S1.);
#13186 = LINE('',#13187,#13188);
#13187 = CARTESIAN_POINT('',(143.,142.,10.2));
#13188 = VECTOR('',#13189,1.);
#13189 = DIRECTION('',(1.,0.,2.22044604925E-16));
#13190 = PCURVE('',#12882,#13191);
#13191 = DEFINITIONAL_REPRESENTATION('',(#13192),#13196);
#13192 = LINE('',#13193,#13194);
#13193 = CARTESIAN_POINT('',(6.28318530718,-0.));
#13194 = VECTOR('',#13195,1.);
#13195 = DIRECTION('',(0.,1.));
#13196 = ( GEOMETRIC_REPRESENTATION_CONTEXT(2) 
PARAMETRIC_REPRESENTATION_CONTEXT() REPRESENTATION_CONTEXT('2D SPACE',''
  ) );
#13197 = PCURVE('',#12882,#13198);
#13198 = DEFINITIONAL_REPRESENTATION('',(#13199),#13203);
#13199 = LINE('',#13200,#13201);
#13200 = CARTESIAN_POINT('',(0.,-0.));
#13201 = VECTOR('',#13202,1.);
#13202 = DIRECTION('',(0.,1.));
#13203 = ( GEOMETRIC_REPRESENTATION_CONTEXT(2) 
PARAMETRIC_REPRESENTATION_CONTEXT() REPRESENTATION_CONTEXT('2D SPACE',''
  ) );
#13204 = ORIENTED_EDGE('',*,*,#12865,.T.);
#13205 = ORIENTED_EDGE('',*,*,#13184,.T.);
#13206 = ADVANCED_FACE('',(#13207),#12913,.F.);
#13207 = FACE_BOUND('',#13208,.F.);
#13208 = EDGE_LOOP('',(#13209,#13233,#13254,#13255));
#13209 = ORIENTED_EDGE('',*,*,#13210,.F.);
#13210 = EDGE_CURVE('',#13211,#13211,#13213,.T.);
#13211 = VERTEX_POINT('',#13212);
#13212 = CARTESIAN_POINT('',(149.,137.,10.2));
#13213 = SURFACE_CURVE('',#13214,(#13219,#13226),.PCURVE_S1.);
#13214 = CIRCLE('',#13215,1.8);
#13215 = AXIS2_PLACEMENT_3D('',#13216,#13217,#13218);
#13216 = CARTESIAN_POINT('',(149.,137.,12.));
#13217 = DIRECTION('',(1.,0.,2.22044604925E-16));
#13218 = DIRECTION('',(2.22044604925E-16,0.,-1.));
#13219 = PCURVE('',#12913,#13220);
#13220 = DEFINITIONAL_REPRESENTATION('',(#13221),#13225);
#13221 = LINE('',#13222,#13223);
#13222 = CARTESIAN_POINT('',(0.,6.));
#13223 = VECTOR('',#13224,1.);
#13224 = DIRECTION('',(1.,0.));
#13225 = ( GEOMETRIC_REPRESENTATION_CONTEXT(2) 
PARAMETRIC_REPRESENTATION_CONTEXT() REPRESENTATION_CONTEXT('2D SPACE',''
  ) );
#13226 = PCURVE('',#13020,#13227);
#13227 = DEFINITIONAL_REPRESENTATION('',(#13228),#13232);
#13228 = CIRCLE('',#13229,1.8);
#13229 = AXIS2_PLACEMENT_2D('',#13230,#13231);
#13230 = CARTESIAN_POINT('',(8.,-12.));
#13231 = DIRECTION('',(-1.,0.));
#13232 = ( GEOMETRIC_REPRESENTATION_CONTEXT(2) 
PARAMETRIC_REPRESENTATION_CONTEXT() REPRESENTATION_CONTEXT('2D SPACE',''
  ) );
#13233 = ORIENTED_EDGE('',*,*,#13234,.F.);
#13234 = EDGE_CURVE('',#12897,#13211,#13235,.T.);
#13235 = SEAM_CURVE('',#13236,(#13240,#13247),.PCURVE_S1.);
#13236 = LINE('',#13237,#13238);
#13237 = CARTESIAN_POINT('',(143.,137.,10.2));
#13238 = VECTOR('',#13239,1.);
#13239 = DIRECTION('',(1.,0.,2.22044604925E-16));
#13240 = PCURVE('',#12913,#13241);
#13241 = DEFINITIONAL_REPRESENTATION('',(#13242),#13246);
#13242 = LINE('',#13243,#13244);
#13243 = CARTESIAN_POINT('',(6.28318530718,-0.));
#13244 = VECTOR('',#13245,1.);
#13245 = DIRECTION('',(0.,1.));
#13246 = ( GEOMETRIC_REPRESENTATION_CONTEXT(2) 
PARAMETRIC_REPRESENTATION_CONTEXT() REPRESENTATION_CONTEXT('2D SPACE',''
  ) );
#13247 = PCURVE('',#12913,#13248);
#13248 = DEFINITIONAL_REPRESENTATION('',(#13249),#13253);
#13249 = LINE('',#13250,#13251);
#13250 = CARTESIAN_POINT('',(0.,-0.));
#13251 = VECTOR('',#13252,1.);
#13252 = DIRECTION('',(0.,1.));
#13253 = ( GEOMETRIC_REPRESENTATION_CONTEXT(2) 
PARAMETRIC_REPRESENTATION_CONTEXT() REPRESENTATION_CONTEXT('2D SPACE',''
  ) );
#13254 = ORIENTED_EDGE('',*,*,#12896,.T.);
#13255 = ORIENTED_EDGE('',*,*,#13234,.T.);
#13256 = ADVANCED_FACE('',(#13257),#12944,.F.);
#13257 = FACE_BOUND('',#13258,.F.);
#13258 = EDGE_LOOP('',(#13259,#13283,#13304,#13305));
#13259 = ORIENTED_EDGE('',*,*,#13260,.F.);
#13260 = EDGE_CURVE('',#13261,#13261,#13263,.T.);
#13261 = VERTEX_POINT('',#13262);
#13262 = CARTESIAN_POINT('',(149.,132.,10.2));
#13263 = SURFACE_CURVE('',#13264,(#13269,#13276),.PCURVE_S1.);
#13264 = CIRCLE('',#13265,1.8);
#13265 = AXIS2_PLACEMENT_3D('',#13266,#13267,#13268);
#13266 = CARTESIAN_POINT('',(149.,132.,12.));
#13267 = DIRECTION('',(1.,0.,2.22044604925E-16));
#13268 = DIRECTION('',(2.22044604925E-16,0.,-1.));
#13269 = PCURVE('',#12944,#13270);
#13270 = DEFINITIONAL_REPRESENTATION('',(#13271),#13275);
#13271 = LINE('',#13272,#13273);
#13272 = CARTESIAN_POINT('',(0.,6.));
#13273 = VECTOR('',#13274,1.);
#13274 = DIRECTION('',(1.,0.));
#13275 = ( GEOMETRIC_REPRESENTATION_CONTEXT(2) 
PARAMETRIC_REPRESENTATION_CONTEXT() REPRESENTATION_CONTEXT('2D SPACE',''
  ) );
#13276 = PCURVE('',#13020,#13277);
#13277 = DEFINITIONAL_REPRESENTATION('',(#13278),#13282);
#13278 = CIRCLE('',#13279,1.8);
#13279 = AXIS2_PLACEMENT_2D('',#13280,#13281);
#13280 = CARTESIAN_POINT('',(8.,-7.));
#13281 = DIRECTION('',(-1.,0.));
#13282 = ( GEOMETRIC_REPRESENTATION_CONTEXT(2) 
PARAMETRIC_REPRESENTATION_CONTEXT() REPRESENTATION_CONTEXT('2D SPACE',''
  ) );
#13283 = ORIENTED_EDGE('',*,*,#13284,.F.);
#13284 = EDGE_CURVE('',#12928,#13261,#13285,.T.);
#13285 = SEAM_CURVE('',#13286,(#13290,#13297),.PCURVE_S1.);
#13286 = LINE('',#13287,#13288);
#13287 = CARTESIAN_POINT('',(143.,132.,10.2));
#13288 = VECTOR('',#13289,1.);
#13289 = DIRECTION('',(1.,0.,2.22044604925E-16));
#13290 = PCURVE('',#12944,#13291);
#13291 = DEFINITIONAL_REPRESENTATION('',(#13292),#13296);
#13292 = LINE('',#13293,#13294);
#13293 = CARTESIAN_POINT('',(6.28318530718,-0.));
#13294 = VECTOR('',#13295,1.);
#13295 = DIRECTION('',(0.,1.));
#13296 = ( GEOMETRIC_REPRESENTATION_CONTEXT(2) 
PARAMETRIC_REPRESENTATION_CONTEXT() REPRESENTATION_CONTEXT('2D SPACE',''
  ) );
#13297 = PCURVE('',#12944,#13298);
#13298 = DEFINITIONAL_REPRESENTATION('',(#13299),#13303);
#13299 = LINE('',#13300,#13301);
#13300 = CARTESIAN_POINT('',(0.,-0.));
#13301 = VECTOR('',#13302,1.);
#13302 = DIRECTION('',(0.,1.));
#13303 = ( GEOMETRIC_REPRESENTATION_CONTEXT(2) 
PARAMETRIC_REPRESENTATION_CONTEXT() REPRESENTATION_CONTEXT('2D SPACE',''
  ) );
#13304 = ORIENTED_EDGE('',*,*,#12927,.T.);
#13305 = ORIENTED_EDGE('',*,*,#13284,.T.);
#13306 = ADVANCED_FACE('',(#13307,#13313,#13316,#13319),#13020,.T.);
#13307 = FACE_BOUND('',#13308,.T.);
#13308 = EDGE_LOOP('',(#13309,#13310,#13311,#13312));
#13309 = ORIENTED_EDGE('',*,*,#13006,.F.);
#13310 = ORIENTED_EDGE('',*,*,#13086,.T.);
#13311 = ORIENTED_EDGE('',*,*,#13136,.T.);
#13312 = ORIENTED_EDGE('',*,*,#13037,.F.);
#13313 = FACE_BOUND('',#13314,.T.);
#13314 = EDGE_LOOP('',(#13315));
#13315 = ORIENTED_EDGE('',*,*,#13160,.F.);
#13316 = FACE_BOUND('',#13317,.T.);
#13317 = EDGE_LOOP('',(#13318));
#13318 = ORIENTED_EDGE('',*,*,#13210,.F.);
#13319 = FACE_BOUND('',#13320,.T.);
#13320 = EDGE_LOOP('',(#13321));
#13321 = ORIENTED_EDGE('',*,*,#13260,.F.);
#13322 = ( GEOMETRIC_REPRESENTATION_CONTEXT(3) 
GLOBAL_UNCERTAINTY_ASSIGNED_CONTEXT((#13326)) 
GLOBAL_UNIT_ASSIGNED_CONTEXT((#13323,#13324,#13325)) 
REPRESENTATION_CONTEXT('Context #1',
  '3D Context with UNIT and UNCERTAINTY') );
#13323 = ( LENGTH_UNIT() NAMED_UNIT(*) SI_UNIT(.MILLI.,.METRE.) );
#13324 = ( NAMED_UNIT(*) PLANE_ANGLE_UNIT() SI_UNIT($,.RADIAN.) );
#13325 = ( NAMED_UNIT(*) SI_UNIT($,.STERADIAN.) SOLID_ANGLE_UNIT() );
#13326 = UNCERTAINTY_MEASURE_WITH_UNIT(LENGTH_MEASURE(1.E-07),#13323,
  'distance_accuracy_value','confusion accuracy');
#13327 = CONTEXT_DEPENDENT_SHAPE_REPRESENTATION(#13328,#13330);
#13328 = ( REPRESENTATION_RELATIONSHIP('','',#12739,#12716) 
REPRESENTATION_RELATIONSHIP_WITH_TRANSFORMATION(#13329) 
SHAPE_REPRESENTATION_RELATIONSHIP() );
#13329 = ITEM_DEFINED_TRANSFORMATION('','',#11,#12717);
#13330 = PRODUCT_DEFINITION_SHAPE('Placement','Placement of an item',
  #13331);
#13331 = NEXT_ASSEMBLY_USAGE_OCCURRENCE('57','=>[0:1:1:59]','',#12711,
  #12734,$);
#13332 = PRODUCT_RELATED_PRODUCT_CATEGORY('part',$,(#12736));
#13333 = SHAPE_DEFINITION_REPRESENTATION(#13334,#13340);
#13334 = PRODUCT_DEFINITION_SHAPE('','',#13335);
#13335 = PRODUCT_DEFINITION('design','',#13336,#13339);
#13336 = PRODUCT_DEFINITION_FORMATION('','',#13337);
#13337 = PRODUCT('keyboard_two_point_driver_left',
  'keyboard_two_point_driver_left','',(#13338));
#13338 = PRODUCT_CONTEXT('',#2,'mechanical');
#13339 = PRODUCT_DEFINITION_CONTEXT('part definition',#2,'design');
#13340 = SHAPE_REPRESENTATION('',(#11,#13341),#13345);
#13341 = AXIS2_PLACEMENT_3D('',#13342,#13343,#13344);
#13342 = CARTESIAN_POINT('',(0.,0.,0.));
#13343 = DIRECTION('',(0.,0.,1.));
#13344 = DIRECTION('',(1.,0.,-0.));
#13345 = ( GEOMETRIC_REPRESENTATION_CONTEXT(3) 
GLOBAL_UNCERTAINTY_ASSIGNED_CONTEXT((#13349)) 
GLOBAL_UNIT_ASSIGNED_CONTEXT((#13346,#13347,#13348)) 
REPRESENTATION_CONTEXT('Context #1',
  '3D Context with UNIT and UNCERTAINTY') );
#13346 = ( LENGTH_UNIT() NAMED_UNIT(*) SI_UNIT(.MILLI.,.METRE.) );
#13347 = ( NAMED_UNIT(*) PLANE_ANGLE_UNIT() SI_UNIT($,.RADIAN.) );
#13348 = ( NAMED_UNIT(*) SI_UNIT($,.STERADIAN.) SOLID_ANGLE_UNIT() );
#13349 = UNCERTAINTY_MEASURE_WITH_UNIT(LENGTH_MEASURE(1.E-07),#13346,
  'distance_accuracy_value','confusion accuracy');
#13350 = CONTEXT_DEPENDENT_SHAPE_REPRESENTATION(#13351,#13353);
#13351 = ( REPRESENTATION_RELATIONSHIP('','',#13340,#10) 
REPRESENTATION_RELATIONSHIP_WITH_TRANSFORMATION(#13352) 
SHAPE_REPRESENTATION_RELATIONSHIP() );
#13352 = ITEM_DEFINED_TRANSFORMATION('','',#11,#131);
#13353 = PRODUCT_DEFINITION_SHAPE('Placement','Placement of an item',
  #13354);
#13354 = NEXT_ASSEMBLY_USAGE_OCCURRENCE('60','=>[0:1:1:60]','',#5,#13335
  ,$);
#13355 = PRODUCT_RELATED_PRODUCT_CATEGORY('part',$,(#13337));
#13356 = SHAPE_DEFINITION_REPRESENTATION(#13357,#13363);
#13357 = PRODUCT_DEFINITION_SHAPE('','',#13358);
#13358 = PRODUCT_DEFINITION('design','',#13359,#13362);
#13359 = PRODUCT_DEFINITION_FORMATION('','',#13360);
#13360 = PRODUCT('SOLID','SOLID','',(#13361));
#13361 = PRODUCT_CONTEXT('',#2,'mechanical');
#13362 = PRODUCT_DEFINITION_CONTEXT('part definition',#2,'design');
#13363 = ADVANCED_BREP_SHAPE_REPRESENTATION('',(#11,#13364),#14322);
#13364 = MANIFOLD_SOLID_BREP('',#13365);
#13365 = CLOSED_SHELL('',(#13366,#13720,#13794,#13844,#13893,#13941,
    #14008,#14056,#14125,#14152,#14256,#14282,#14289,#14315));
#13366 = ADVANCED_FACE('',(#13367,#13632),#13382,.F.);
#13367 = FACE_BOUND('',#13368,.F.);
#13368 = EDGE_LOOP('',(#13369,#13405,#13433,#13462,#13491,#13519,#13548,
    #13577,#13605));
#13369 = ORIENTED_EDGE('',*,*,#13370,.T.);
#13370 = EDGE_CURVE('',#13371,#13373,#13375,.T.);
#13371 = VERTEX_POINT('',#13372);
#13372 = CARTESIAN_POINT('',(-144.5,-53.,23.));
#13373 = VERTEX_POINT('',#13374);
#13374 = CARTESIAN_POINT('',(-144.5,-48.5,18.5));
#13375 = SURFACE_CURVE('',#13376,(#13381,#13393),.PCURVE_S1.);
#13376 = CIRCLE('',#13377,4.5);
#13377 = AXIS2_PLACEMENT_3D('',#13378,#13379,#13380);
#13378 = CARTESIAN_POINT('',(-144.5,-48.5,23.));
#13379 = DIRECTION('',(1.,-0.,2.22044604925E-16));
#13380 = DIRECTION('',(2.22044604925E-16,0.,-1.));
#13381 = PCURVE('',#13382,#13387);
#13382 = PLANE('',#13383);
#13383 = AXIS2_PLACEMENT_3D('',#13384,#13385,#13386);
#13384 = CARTESIAN_POINT('',(-144.5,-48.5,18.5));
#13385 = DIRECTION('',(1.,0.,0.));
#13386 = DIRECTION('',(0.,0.,1.));
#13387 = DEFINITIONAL_REPRESENTATION('',(#13388),#13392);
#13388 = CIRCLE('',#13389,4.5);
#13389 = AXIS2_PLACEMENT_2D('',#13390,#13391);
#13390 = CARTESIAN_POINT('',(4.5,0.));
#13391 = DIRECTION('',(-1.,0.));
#13392 = ( GEOMETRIC_REPRESENTATION_CONTEXT(2) 
PARAMETRIC_REPRESENTATION_CONTEXT() REPRESENTATION_CONTEXT('2D SPACE',''
  ) );
#13393 = PCURVE('',#13394,#13399);
#13394 = CYLINDRICAL_SURFACE('',#13395,4.5);
#13395 = AXIS2_PLACEMENT_3D('',#13396,#13397,#13398);
#13396 = CARTESIAN_POINT('',(-144.5,-48.5,23.));
#13397 = DIRECTION('',(1.,0.,2.22044604925E-16));
#13398 = DIRECTION('',(2.22044604925E-16,0.,-1.));
#13399 = DEFINITIONAL_REPRESENTATION('',(#13400),#13404);
#13400 = LINE('',#13401,#13402);
#13401 = CARTESIAN_POINT('',(0.,0.));
#13402 = VECTOR('',#13403,1.);
#13403 = DIRECTION('',(1.,0.));
#13404 = ( GEOMETRIC_REPRESENTATION_CONTEXT(2) 
PARAMETRIC_REPRESENTATION_CONTEXT() REPRESENTATION_CONTEXT('2D SPACE',''
  ) );
#13405 = ORIENTED_EDGE('',*,*,#13406,.T.);
#13406 = EDGE_CURVE('',#13373,#13407,#13409,.T.);
#13407 = VERTEX_POINT('',#13408);
#13408 = CARTESIAN_POINT('',(-144.5,-31.5,18.5));
#13409 = SURFACE_CURVE('',#13410,(#13414,#13421),.PCURVE_S1.);
#13410 = LINE('',#13411,#13412);
#13411 = CARTESIAN_POINT('',(-144.5,-48.5,18.5));
#13412 = VECTOR('',#13413,1.);
#13413 = DIRECTION('',(0.,1.,0.));
#13414 = PCURVE('',#13382,#13415);
#13415 = DEFINITIONAL_REPRESENTATION('',(#13416),#13420);
#13416 = LINE('',#13417,#13418);
#13417 = CARTESIAN_POINT('',(0.,0.));
#13418 = VECTOR('',#13419,1.);
#13419 = DIRECTION('',(0.,-1.));
#13420 = ( GEOMETRIC_REPRESENTATION_CONTEXT(2) 
PARAMETRIC_REPRESENTATION_CONTEXT() REPRESENTATION_CONTEXT('2D SPACE',''
  ) );
#13421 = PCURVE('',#13422,#13427);
#13422 = PLANE('',#13423);
#13423 = AXIS2_PLACEMENT_3D('',#13424,#13425,#13426);
#13424 = CARTESIAN_POINT('',(-144.5,-48.5,18.5));
#13425 = DIRECTION('',(0.,0.,1.));
#13426 = DIRECTION('',(1.,0.,0.));
#13427 = DEFINITIONAL_REPRESENTATION('',(#13428),#13432);
#13428 = LINE('',#13429,#13430);
#13429 = CARTESIAN_POINT('',(0.,0.));
#13430 = VECTOR('',#13431,1.);
#13431 = DIRECTION('',(0.,1.));
#13432 = ( GEOMETRIC_REPRESENTATION_CONTEXT(2) 
PARAMETRIC_REPRESENTATION_CONTEXT() REPRESENTATION_CONTEXT('2D SPACE',''
  ) );
#13433 = ORIENTED_EDGE('',*,*,#13434,.T.);
#13434 = EDGE_CURVE('',#13407,#13435,#13437,.T.);
#13435 = VERTEX_POINT('',#13436);
#13436 = CARTESIAN_POINT('',(-144.5,-27.,23.));
#13437 = SURFACE_CURVE('',#13438,(#13443,#13450),.PCURVE_S1.);
#13438 = CIRCLE('',#13439,4.5);
#13439 = AXIS2_PLACEMENT_3D('',#13440,#13441,#13442);
#13440 = CARTESIAN_POINT('',(-144.5,-31.5,23.));
#13441 = DIRECTION('',(1.,-0.,2.22044604925E-16));
#13442 = DIRECTION('',(2.22044604925E-16,0.,-1.));
#13443 = PCURVE('',#13382,#13444);
#13444 = DEFINITIONAL_REPRESENTATION('',(#13445),#13449);
#13445 = CIRCLE('',#13446,4.5);
#13446 = AXIS2_PLACEMENT_2D('',#13447,#13448);
#13447 = CARTESIAN_POINT('',(4.5,-17.));
#13448 = DIRECTION('',(-1.,0.));
#13449 = ( GEOMETRIC_REPRESENTATION_CONTEXT(2) 
PARAMETRIC_REPRESENTATION_CONTEXT() REPRESENTATION_CONTEXT('2D SPACE',''
  ) );
#13450 = PCURVE('',#13451,#13456);
#13451 = CYLINDRICAL_SURFACE('',#13452,4.5);
#13452 = AXIS2_PLACEMENT_3D('',#13453,#13454,#13455);
#13453 = CARTESIAN_POINT('',(-144.5,-31.5,23.));
#13454 = DIRECTION('',(1.,0.,2.22044604925E-16));
#13455 = DIRECTION('',(2.22044604925E-16,0.,-1.));
#13456 = DEFINITIONAL_REPRESENTATION('',(#13457),#13461);
#13457 = LINE('',#13458,#13459);
#13458 = CARTESIAN_POINT('',(0.,0.));
#13459 = VECTOR('',#13460,1.);
#13460 = DIRECTION('',(1.,0.));
#13461 = ( GEOMETRIC_REPRESENTATION_CONTEXT(2) 
PARAMETRIC_REPRESENTATION_CONTEXT() REPRESENTATION_CONTEXT('2D SPACE',''
  ) );
#13462 = ORIENTED_EDGE('',*,*,#13463,.T.);
#13463 = EDGE_CURVE('',#13435,#13464,#13466,.T.);
#13464 = VERTEX_POINT('',#13465);
#13465 = CARTESIAN_POINT('',(-144.5,-19.93693566303,22.663663603002));
#13466 = SURFACE_CURVE('',#13467,(#13472,#13479),.PCURVE_S1.);
#13467 = CIRCLE('',#13468,5.);
#13468 = AXIS2_PLACEMENT_3D('',#13469,#13470,#13471);
#13469 = CARTESIAN_POINT('',(-144.5,-23.30029963302,26.363363969982));
#13470 = DIRECTION('',(1.,-1.493633647867E-16,1.642997012654E-16));
#13471 = DIRECTION('',(2.22044604925E-16,0.672672793996,-0.739940073396)
  );
#13472 = PCURVE('',#13382,#13473);
#13473 = DEFINITIONAL_REPRESENTATION('',(#13474),#13478);
#13474 = CIRCLE('',#13475,5.);
#13475 = AXIS2_PLACEMENT_2D('',#13476,#13477);
#13476 = CARTESIAN_POINT('',(7.863363969982,-25.19970036698));
#13477 = DIRECTION('',(-0.739940073396,-0.672672793996));
#13478 = ( GEOMETRIC_REPRESENTATION_CONTEXT(2) 
PARAMETRIC_REPRESENTATION_CONTEXT() REPRESENTATION_CONTEXT('2D SPACE',''
  ) );
#13479 = PCURVE('',#13480,#13485);
#13480 = CYLINDRICAL_SURFACE('',#13481,5.);
#13481 = AXIS2_PLACEMENT_3D('',#13482,#13483,#13484);
#13482 = CARTESIAN_POINT('',(-144.5,-23.30029963302,26.363363969982));
#13483 = DIRECTION('',(1.,-1.493633647867E-16,1.642997012654E-16));
#13484 = DIRECTION('',(2.22044604925E-16,0.672672793996,-0.739940073396)
  );
#13485 = DEFINITIONAL_REPRESENTATION('',(#13486),#13490);
#13486 = LINE('',#13487,#13488);
#13487 = CARTESIAN_POINT('',(0.,0.));
#13488 = VECTOR('',#13489,1.);
#13489 = DIRECTION('',(1.,0.));
#13490 = ( GEOMETRIC_REPRESENTATION_CONTEXT(2) 
PARAMETRIC_REPRESENTATION_CONTEXT() REPRESENTATION_CONTEXT('2D SPACE',''
  ) );
#13491 = ORIENTED_EDGE('',*,*,#13492,.T.);
#13492 = EDGE_CURVE('',#13464,#13493,#13495,.T.);
#13493 = VERTEX_POINT('',#13494);
#13494 = CARTESIAN_POINT('',(-144.5,-5.336336396998,35.936935663039));
#13495 = SURFACE_CURVE('',#13496,(#13500,#13507),.PCURVE_S1.);
#13496 = LINE('',#13497,#13498);
#13497 = CARTESIAN_POINT('',(-144.5,-19.93693566303,22.663663603002));
#13498 = VECTOR('',#13499,1.);
#13499 = DIRECTION('',(0.,0.739940073396,0.672672793996));
#13500 = PCURVE('',#13382,#13501);
#13501 = DEFINITIONAL_REPRESENTATION('',(#13502),#13506);
#13502 = LINE('',#13503,#13504);
#13503 = CARTESIAN_POINT('',(4.163663603002,-28.56306433696));
#13504 = VECTOR('',#13505,1.);
#13505 = DIRECTION('',(0.672672793996,-0.739940073396));
#13506 = ( GEOMETRIC_REPRESENTATION_CONTEXT(2) 
PARAMETRIC_REPRESENTATION_CONTEXT() REPRESENTATION_CONTEXT('2D SPACE',''
  ) );
#13507 = PCURVE('',#13508,#13513);
#13508 = PLANE('',#13509);
#13509 = AXIS2_PLACEMENT_3D('',#13510,#13511,#13512);
#13510 = CARTESIAN_POINT('',(-144.5,-19.93693566303,22.663663603002));
#13511 = DIRECTION('',(0.,-0.672672793996,0.739940073396));
#13512 = DIRECTION('',(1.,0.,0.));
#13513 = DEFINITIONAL_REPRESENTATION('',(#13514),#13518);
#13514 = LINE('',#13515,#13516);
#13515 = CARTESIAN_POINT('',(0.,0.));
#13516 = VECTOR('',#13517,1.);
#13517 = DIRECTION('',(0.,1.));
#13518 = ( GEOMETRIC_REPRESENTATION_CONTEXT(2) 
PARAMETRIC_REPRESENTATION_CONTEXT() REPRESENTATION_CONTEXT('2D SPACE',''
  ) );
#13519 = ORIENTED_EDGE('',*,*,#13520,.T.);
#13520 = EDGE_CURVE('',#13493,#13521,#13523,.T.);
#13521 = VERTEX_POINT('',#13522);
#13522 = CARTESIAN_POINT('',(-144.5,-5.,43.));
#13523 = SURFACE_CURVE('',#13524,(#13529,#13536),.PCURVE_S1.);
#13524 = CIRCLE('',#13525,5.);
#13525 = AXIS2_PLACEMENT_3D('',#13526,#13527,#13528);
#13526 = CARTESIAN_POINT('',(-144.5,-8.69970036698,39.636636030018));
#13527 = DIRECTION('',(1.,-1.493633647867E-16,1.642997012654E-16));
#13528 = DIRECTION('',(2.22044604925E-16,0.672672793996,-0.739940073396)
  );
#13529 = PCURVE('',#13382,#13530);
#13530 = DEFINITIONAL_REPRESENTATION('',(#13531),#13535);
#13531 = CIRCLE('',#13532,5.);
#13532 = AXIS2_PLACEMENT_2D('',#13533,#13534);
#13533 = CARTESIAN_POINT('',(21.136636030018,-39.80029963302));
#13534 = DIRECTION('',(-0.739940073396,-0.672672793996));
#13535 = ( GEOMETRIC_REPRESENTATION_CONTEXT(2) 
PARAMETRIC_REPRESENTATION_CONTEXT() REPRESENTATION_CONTEXT('2D SPACE',''
  ) );
#13536 = PCURVE('',#13537,#13542);
#13537 = CYLINDRICAL_SURFACE('',#13538,5.);
#13538 = AXIS2_PLACEMENT_3D('',#13539,#13540,#13541);
#13539 = CARTESIAN_POINT('',(-144.5,-8.69970036698,39.636636030018));
#13540 = DIRECTION('',(1.,-1.493633647867E-16,1.642997012654E-16));
#13541 = DIRECTION('',(2.22044604925E-16,0.672672793996,-0.739940073396)
  );
#13542 = DEFINITIONAL_REPRESENTATION('',(#13543),#13547);
#13543 = LINE('',#13544,#13545);
#13544 = CARTESIAN_POINT('',(0.,0.));
#13545 = VECTOR('',#13546,1.);
#13546 = DIRECTION('',(1.,0.));
#13547 = ( GEOMETRIC_REPRESENTATION_CONTEXT(2) 
PARAMETRIC_REPRESENTATION_CONTEXT() REPRESENTATION_CONTEXT('2D SPACE',''
  ) );
#13548 = ORIENTED_EDGE('',*,*,#13549,.T.);
#13549 = EDGE_CURVE('',#13521,#13550,#13552,.T.);
#13550 = VERTEX_POINT('',#13551);
#13551 = CARTESIAN_POINT('',(-144.5,-11.53846153846,45.692307692308));
#13552 = SURFACE_CURVE('',#13553,(#13558,#13565),.PCURVE_S1.);
#13553 = CIRCLE('',#13554,5.);
#13554 = AXIS2_PLACEMENT_3D('',#13555,#13556,#13557);
#13555 = CARTESIAN_POINT('',(-144.5,-9.615384615385,41.076923076923));
#13556 = DIRECTION('',(1.,-8.540177112501E-17,2.049642507E-16));
#13557 = DIRECTION('',(2.22044604925E-16,0.384615384615,-0.923076923077)
  );
#13558 = PCURVE('',#13382,#13559);
#13559 = DEFINITIONAL_REPRESENTATION('',(#13560),#13564);
#13560 = CIRCLE('',#13561,5.);
#13561 = AXIS2_PLACEMENT_2D('',#13562,#13563);
#13562 = CARTESIAN_POINT('',(22.576923076923,-38.88461538461));
#13563 = DIRECTION('',(-0.923076923077,-0.384615384615));
#13564 = ( GEOMETRIC_REPRESENTATION_CONTEXT(2) 
PARAMETRIC_REPRESENTATION_CONTEXT() REPRESENTATION_CONTEXT('2D SPACE',''
  ) );
#13565 = PCURVE('',#13566,#13571);
#13566 = CYLINDRICAL_SURFACE('',#13567,5.);
#13567 = AXIS2_PLACEMENT_3D('',#13568,#13569,#13570);
#13568 = CARTESIAN_POINT('',(-144.5,-9.615384615385,41.076923076923));
#13569 = DIRECTION('',(1.,-8.540177112501E-17,2.049642507E-16));
#13570 = DIRECTION('',(2.22044604925E-16,0.384615384615,-0.923076923077)
  );
#13571 = DEFINITIONAL_REPRESENTATION('',(#13572),#13576);
#13572 = LINE('',#13573,#13574);
#13573 = CARTESIAN_POINT('',(0.,0.));
#13574 = VECTOR('',#13575,1.);
#13575 = DIRECTION('',(1.,0.));
#13576 = ( GEOMETRIC_REPRESENTATION_CONTEXT(2) 
PARAMETRIC_REPRESENTATION_CONTEXT() REPRESENTATION_CONTEXT('2D SPACE',''
  ) );
#13577 = ORIENTED_EDGE('',*,*,#13578,.F.);
#13578 = EDGE_CURVE('',#13579,#13550,#13581,.T.);
#13579 = VERTEX_POINT('',#13580);
#13580 = CARTESIAN_POINT('',(-144.5,-50.30769230769,29.538461538462));
#13581 = SURFACE_CURVE('',#13582,(#13586,#13593),.PCURVE_S1.);
#13582 = LINE('',#13583,#13584);
#13583 = CARTESIAN_POINT('',(-144.5,-50.30769230769,29.538461538462));
#13584 = VECTOR('',#13585,1.);
#13585 = DIRECTION('',(0.,0.923076923077,0.384615384615));
#13586 = PCURVE('',#13382,#13587);
#13587 = DEFINITIONAL_REPRESENTATION('',(#13588),#13592);
#13588 = LINE('',#13589,#13590);
#13589 = CARTESIAN_POINT('',(11.038461538462,1.807692307692));
#13590 = VECTOR('',#13591,1.);
#13591 = DIRECTION('',(0.384615384615,-0.923076923077));
#13592 = ( GEOMETRIC_REPRESENTATION_CONTEXT(2) 
PARAMETRIC_REPRESENTATION_CONTEXT() REPRESENTATION_CONTEXT('2D SPACE',''
  ) );
#13593 = PCURVE('',#13594,#13599);
#13594 = PLANE('',#13595);
#13595 = AXIS2_PLACEMENT_3D('',#13596,#13597,#13598);
#13596 = CARTESIAN_POINT('',(-144.5,-50.30769230769,29.538461538462));
#13597 = DIRECTION('',(0.,-0.384615384615,0.923076923077));
#13598 = DIRECTION('',(1.,0.,0.));
#13599 = DEFINITIONAL_REPRESENTATION('',(#13600),#13604);
#13600 = LINE('',#13601,#13602);
#13601 = CARTESIAN_POINT('',(0.,0.));
#13602 = VECTOR('',#13603,1.);
#13603 = DIRECTION('',(0.,1.));
#13604 = ( GEOMETRIC_REPRESENTATION_CONTEXT(2) 
PARAMETRIC_REPRESENTATION_CONTEXT() REPRESENTATION_CONTEXT('2D SPACE',''
  ) );
#13605 = ORIENTED_EDGE('',*,*,#13606,.T.);
#13606 = EDGE_CURVE('',#13579,#13371,#13607,.T.);
#13607 = SURFACE_CURVE('',#13608,(#13613,#13620),.PCURVE_S1.);
#13608 = CIRCLE('',#13609,5.);
#13609 = AXIS2_PLACEMENT_3D('',#13610,#13611,#13612);
#13610 = CARTESIAN_POINT('',(-144.5,-48.38461538461,24.923076923077));
#13611 = DIRECTION('',(1.,-8.540177112501E-17,2.049642507E-16));
#13612 = DIRECTION('',(2.22044604925E-16,0.384615384615,-0.923076923077)
  );
#13613 = PCURVE('',#13382,#13614);
#13614 = DEFINITIONAL_REPRESENTATION('',(#13615),#13619);
#13615 = CIRCLE('',#13616,5.);
#13616 = AXIS2_PLACEMENT_2D('',#13617,#13618);
#13617 = CARTESIAN_POINT('',(6.423076923077,-0.115384615385));
#13618 = DIRECTION('',(-0.923076923077,-0.384615384615));
#13619 = ( GEOMETRIC_REPRESENTATION_CONTEXT(2) 
PARAMETRIC_REPRESENTATION_CONTEXT() REPRESENTATION_CONTEXT('2D SPACE',''
  ) );
#13620 = PCURVE('',#13621,#13626);
#13621 = CYLINDRICAL_SURFACE('',#13622,5.);
#13622 = AXIS2_PLACEMENT_3D('',#13623,#13624,#13625);
#13623 = CARTESIAN_POINT('',(-144.5,-48.38461538461,24.923076923077));
#13624 = DIRECTION('',(1.,-8.540177112501E-17,2.049642507E-16));
#13625 = DIRECTION('',(2.22044604925E-16,0.384615384615,-0.923076923077)
  );
#13626 = DEFINITIONAL_REPRESENTATION('',(#13627),#13631);
#13627 = LINE('',#13628,#13629);
#13628 = CARTESIAN_POINT('',(0.,0.));
#13629 = VECTOR('',#13630,1.);
#13630 = DIRECTION('',(1.,0.));
#13631 = ( GEOMETRIC_REPRESENTATION_CONTEXT(2) 
PARAMETRIC_REPRESENTATION_CONTEXT() REPRESENTATION_CONTEXT('2D SPACE',''
  ) );
#13632 = FACE_BOUND('',#13633,.F.);
#13633 = EDGE_LOOP('',(#13634,#13664,#13693));
#13634 = ORIENTED_EDGE('',*,*,#13635,.T.);
#13635 = EDGE_CURVE('',#13636,#13638,#13640,.T.);
#13636 = VERTEX_POINT('',#13637);
#13637 = CARTESIAN_POINT('',(-144.5,-29.90299390642,27.207085872322));
#13638 = VERTEX_POINT('',#13639);
#13639 = CARTESIAN_POINT('',(-144.5,-28.02902731797,27.987905284177));
#13640 = SURFACE_CURVE('',#13641,(#13645,#13652),.PCURVE_S1.);
#13641 = LINE('',#13642,#13643);
#13642 = CARTESIAN_POINT('',(-144.5,-46.46153846153,20.307692307692));
#13643 = VECTOR('',#13644,1.);
#13644 = DIRECTION('',(0.,0.923076923077,0.384615384615));
#13645 = PCURVE('',#13382,#13646);
#13646 = DEFINITIONAL_REPRESENTATION('',(#13647),#13651);
#13647 = LINE('',#13648,#13649);
#13648 = CARTESIAN_POINT('',(1.807692307692,-2.038461538462));
#13649 = VECTOR('',#13650,1.);
#13650 = DIRECTION('',(0.384615384615,-0.923076923077));
#13651 = ( GEOMETRIC_REPRESENTATION_CONTEXT(2) 
PARAMETRIC_REPRESENTATION_CONTEXT() REPRESENTATION_CONTEXT('2D SPACE',''
  ) );
#13652 = PCURVE('',#13653,#13658);
#13653 = PLANE('',#13654);
#13654 = AXIS2_PLACEMENT_3D('',#13655,#13656,#13657);
#13655 = CARTESIAN_POINT('',(-144.5,-46.46153846153,20.307692307692));
#13656 = DIRECTION('',(0.,-0.384615384615,0.923076923077));
#13657 = DIRECTION('',(1.,0.,0.));
#13658 = DEFINITIONAL_REPRESENTATION('',(#13659),#13663);
#13659 = LINE('',#13660,#13661);
#13660 = CARTESIAN_POINT('',(0.,0.));
#13661 = VECTOR('',#13662,1.);
#13662 = DIRECTION('',(0.,1.));
#13663 = ( GEOMETRIC_REPRESENTATION_CONTEXT(2) 
PARAMETRIC_REPRESENTATION_CONTEXT() REPRESENTATION_CONTEXT('2D SPACE',''
  ) );
#13664 = ORIENTED_EDGE('',*,*,#13665,.T.);
#13665 = EDGE_CURVE('',#13638,#13666,#13668,.T.);
#13666 = VERTEX_POINT('',#13667);
#13667 = CARTESIAN_POINT('',(-144.5,-28.29616104525,26.159970878358));
#13668 = SURFACE_CURVE('',#13669,(#13674,#13681),.PCURVE_S1.);
#13669 = CIRCLE('',#13670,5.);
#13670 = AXIS2_PLACEMENT_3D('',#13671,#13672,#13673);
#13671 = CARTESIAN_POINT('',(-144.5,-23.30029963302,26.363363969982));
#13672 = DIRECTION('',(1.,-1.493633647867E-16,1.642997012654E-16));
#13673 = DIRECTION('',(2.22044604925E-16,0.672672793996,-0.739940073396)
  );
#13674 = PCURVE('',#13382,#13675);
#13675 = DEFINITIONAL_REPRESENTATION('',(#13676),#13680);
#13676 = CIRCLE('',#13677,5.);
#13677 = AXIS2_PLACEMENT_2D('',#13678,#13679);
#13678 = CARTESIAN_POINT('',(7.863363969982,-25.19970036698));
#13679 = DIRECTION('',(-0.739940073396,-0.672672793996));
#13680 = ( GEOMETRIC_REPRESENTATION_CONTEXT(2) 
PARAMETRIC_REPRESENTATION_CONTEXT() REPRESENTATION_CONTEXT('2D SPACE',''
  ) );
#13681 = PCURVE('',#13682,#13687);
#13682 = CYLINDRICAL_SURFACE('',#13683,5.);
#13683 = AXIS2_PLACEMENT_3D('',#13684,#13685,#13686);
#13684 = CARTESIAN_POINT('',(-144.5,-23.30029963302,26.363363969982));
#13685 = DIRECTION('',(1.,-1.493633647867E-16,1.642997012654E-16));
#13686 = DIRECTION('',(2.22044604925E-16,0.672672793996,-0.739940073396)
  );
#13687 = DEFINITIONAL_REPRESENTATION('',(#13688),#13692);
#13688 = LINE('',#13689,#13690);
#13689 = CARTESIAN_POINT('',(0.,0.));
#13690 = VECTOR('',#13691,1.);
#13691 = DIRECTION('',(1.,0.));
#13692 = ( GEOMETRIC_REPRESENTATION_CONTEXT(2) 
PARAMETRIC_REPRESENTATION_CONTEXT() REPRESENTATION_CONTEXT('2D SPACE',''
  ) );
#13693 = ORIENTED_EDGE('',*,*,#13694,.T.);
#13694 = EDGE_CURVE('',#13666,#13636,#13695,.T.);
#13695 = SURFACE_CURVE('',#13696,(#13701,#13708),.PCURVE_S1.);
#13696 = CIRCLE('',#13697,4.5);
#13697 = AXIS2_PLACEMENT_3D('',#13698,#13699,#13700);
#13698 = CARTESIAN_POINT('',(-144.5,-31.5,23.));
#13699 = DIRECTION('',(1.,-0.,2.22044604925E-16));
#13700 = DIRECTION('',(2.22044604925E-16,0.,-1.));
#13701 = PCURVE('',#13382,#13702);
#13702 = DEFINITIONAL_REPRESENTATION('',(#13703),#13707);
#13703 = CIRCLE('',#13704,4.5);
#13704 = AXIS2_PLACEMENT_2D('',#13705,#13706);
#13705 = CARTESIAN_POINT('',(4.5,-17.));
#13706 = DIRECTION('',(-1.,0.));
#13707 = ( GEOMETRIC_REPRESENTATION_CONTEXT(2) 
PARAMETRIC_REPRESENTATION_CONTEXT() REPRESENTATION_CONTEXT('2D SPACE',''
  ) );
#13708 = PCURVE('',#13709,#13714);
#13709 = CYLINDRICAL_SURFACE('',#13710,4.5);
#13710 = AXIS2_PLACEMENT_3D('',#13711,#13712,#13713);
#13711 = CARTESIAN_POINT('',(-144.5,-31.5,23.));
#13712 = DIRECTION('',(1.,0.,2.22044604925E-16));
#13713 = DIRECTION('',(2.22044604925E-16,0.,-1.));
#13714 = DEFINITIONAL_REPRESENTATION('',(#13715),#13719);
#13715 = LINE('',#13716,#13717);
#13716 = CARTESIAN_POINT('',(0.,0.));
#13717 = VECTOR('',#13718,1.);
#13718 = DIRECTION('',(1.,0.));
#13719 = ( GEOMETRIC_REPRESENTATION_CONTEXT(2) 
PARAMETRIC_REPRESENTATION_CONTEXT() REPRESENTATION_CONTEXT('2D SPACE',''
  ) );
#13720 = ADVANCED_FACE('',(#13721),#13394,.T.);
#13721 = FACE_BOUND('',#13722,.T.);
#13722 = EDGE_LOOP('',(#13723,#13724,#13746,#13775));
#13723 = ORIENTED_EDGE('',*,*,#13370,.T.);
#13724 = ORIENTED_EDGE('',*,*,#13725,.T.);
#13725 = EDGE_CURVE('',#13373,#13726,#13728,.T.);
#13726 = VERTEX_POINT('',#13727);
#13727 = CARTESIAN_POINT('',(-140.5,-48.5,18.5));
#13728 = SURFACE_CURVE('',#13729,(#13733,#13739),.PCURVE_S1.);
#13729 = LINE('',#13730,#13731);
#13730 = CARTESIAN_POINT('',(-144.5,-48.5,18.5));
#13731 = VECTOR('',#13732,1.);
#13732 = DIRECTION('',(1.,0.,0.));
#13733 = PCURVE('',#13394,#13734);
#13734 = DEFINITIONAL_REPRESENTATION('',(#13735),#13738);
#13735 = B_SPLINE_CURVE_WITH_KNOTS('',1,(#13736,#13737),.UNSPECIFIED.,
  .F.,.F.,(2,2),(0.,4.),.PIECEWISE_BEZIER_KNOTS.);
#13736 = CARTESIAN_POINT('',(6.28318530718,0.));
#13737 = CARTESIAN_POINT('',(6.28318530718,4.));
#13738 = ( GEOMETRIC_REPRESENTATION_CONTEXT(2) 
PARAMETRIC_REPRESENTATION_CONTEXT() REPRESENTATION_CONTEXT('2D SPACE',''
  ) );
#13739 = PCURVE('',#13422,#13740);
#13740 = DEFINITIONAL_REPRESENTATION('',(#13741),#13745);
#13741 = LINE('',#13742,#13743);
#13742 = CARTESIAN_POINT('',(0.,0.));
#13743 = VECTOR('',#13744,1.);
#13744 = DIRECTION('',(1.,0.));
#13745 = ( GEOMETRIC_REPRESENTATION_CONTEXT(2) 
PARAMETRIC_REPRESENTATION_CONTEXT() REPRESENTATION_CONTEXT('2D SPACE',''
  ) );
#13746 = ORIENTED_EDGE('',*,*,#13747,.F.);
#13747 = EDGE_CURVE('',#13748,#13726,#13750,.T.);
#13748 = VERTEX_POINT('',#13749);
#13749 = CARTESIAN_POINT('',(-140.5,-53.,23.));
#13750 = SURFACE_CURVE('',#13751,(#13756,#13763),.PCURVE_S1.);
#13751 = CIRCLE('',#13752,4.5);
#13752 = AXIS2_PLACEMENT_3D('',#13753,#13754,#13755);
#13753 = CARTESIAN_POINT('',(-140.5,-48.5,23.));
#13754 = DIRECTION('',(1.,-0.,2.22044604925E-16));
#13755 = DIRECTION('',(2.22044604925E-16,0.,-1.));
#13756 = PCURVE('',#13394,#13757);
#13757 = DEFINITIONAL_REPRESENTATION('',(#13758),#13762);
#13758 = LINE('',#13759,#13760);
#13759 = CARTESIAN_POINT('',(0.,4.));
#13760 = VECTOR('',#13761,1.);
#13761 = DIRECTION('',(1.,0.));
#13762 = ( GEOMETRIC_REPRESENTATION_CONTEXT(2) 
PARAMETRIC_REPRESENTATION_CONTEXT() REPRESENTATION_CONTEXT('2D SPACE',''
  ) );
#13763 = PCURVE('',#13764,#13769);
#13764 = PLANE('',#13765);
#13765 = AXIS2_PLACEMENT_3D('',#13766,#13767,#13768);
#13766 = CARTESIAN_POINT('',(-140.5,-48.5,18.5));
#13767 = DIRECTION('',(1.,0.,0.));
#13768 = DIRECTION('',(0.,0.,1.));
#13769 = DEFINITIONAL_REPRESENTATION('',(#13770),#13774);
#13770 = CIRCLE('',#13771,4.5);
#13771 = AXIS2_PLACEMENT_2D('',#13772,#13773);
#13772 = CARTESIAN_POINT('',(4.5,0.));
#13773 = DIRECTION('',(-1.,0.));
#13774 = ( GEOMETRIC_REPRESENTATION_CONTEXT(2) 
PARAMETRIC_REPRESENTATION_CONTEXT() REPRESENTATION_CONTEXT('2D SPACE',''
  ) );
#13775 = ORIENTED_EDGE('',*,*,#13776,.F.);
#13776 = EDGE_CURVE('',#13371,#13748,#13777,.T.);
#13777 = SURFACE_CURVE('',#13778,(#13782,#13788),.PCURVE_S1.);
#13778 = LINE('',#13779,#13780);
#13779 = CARTESIAN_POINT('',(-144.5,-53.,23.));
#13780 = VECTOR('',#13781,1.);
#13781 = DIRECTION('',(1.,0.,2.22044604925E-16));
#13782 = PCURVE('',#13394,#13783);
#13783 = DEFINITIONAL_REPRESENTATION('',(#13784),#13787);
#13784 = B_SPLINE_CURVE_WITH_KNOTS('',1,(#13785,#13786),.UNSPECIFIED.,
  .F.,.F.,(2,2),(-2.399999999625E-06,4.0000024),
  .PIECEWISE_BEZIER_KNOTS.);
#13785 = CARTESIAN_POINT('',(4.712388980385,-2.399999999625E-06));
#13786 = CARTESIAN_POINT('',(4.712388980385,4.0000024));
#13787 = ( GEOMETRIC_REPRESENTATION_CONTEXT(2) 
PARAMETRIC_REPRESENTATION_CONTEXT() REPRESENTATION_CONTEXT('2D SPACE',''
  ) );
#13788 = PCURVE('',#13621,#13789);
#13789 = DEFINITIONAL_REPRESENTATION('',(#13790),#13793);
#13790 = B_SPLINE_CURVE_WITH_KNOTS('',1,(#13791,#13792),.UNSPECIFIED.,
  .F.,.F.,(2,2),(-2.399999999625E-06,4.0000024),
  .PIECEWISE_BEZIER_KNOTS.);
#13791 = CARTESIAN_POINT('',(4.712388980385,-2.399999999625E-06));
#13792 = CARTESIAN_POINT('',(4.712388980385,4.0000024));
#13793 = ( GEOMETRIC_REPRESENTATION_CONTEXT(2) 
PARAMETRIC_REPRESENTATION_CONTEXT() REPRESENTATION_CONTEXT('2D SPACE',''
  ) );
#13794 = ADVANCED_FACE('',(#13795),#13621,.T.);
#13795 = FACE_BOUND('',#13796,.T.);
#13796 = EDGE_LOOP('',(#13797,#13798,#13799,#13823));
#13797 = ORIENTED_EDGE('',*,*,#13606,.T.);
#13798 = ORIENTED_EDGE('',*,*,#13776,.T.);
#13799 = ORIENTED_EDGE('',*,*,#13800,.F.);
#13800 = EDGE_CURVE('',#13801,#13748,#13803,.T.);
#13801 = VERTEX_POINT('',#13802);
#13802 = CARTESIAN_POINT('',(-140.5,-50.30769230769,29.538461538462));
#13803 = SURFACE_CURVE('',#13804,(#13809,#13816),.PCURVE_S1.);
#13804 = CIRCLE('',#13805,5.);
#13805 = AXIS2_PLACEMENT_3D('',#13806,#13807,#13808);
#13806 = CARTESIAN_POINT('',(-140.5,-48.38461538461,24.923076923077));
#13807 = DIRECTION('',(1.,-8.540177112501E-17,2.049642507E-16));
#13808 = DIRECTION('',(2.22044604925E-16,0.384615384615,-0.923076923077)
  );
#13809 = PCURVE('',#13621,#13810);
#13810 = DEFINITIONAL_REPRESENTATION('',(#13811),#13815);
#13811 = LINE('',#13812,#13813);
#13812 = CARTESIAN_POINT('',(0.,4.));
#13813 = VECTOR('',#13814,1.);
#13814 = DIRECTION('',(1.,0.));
#13815 = ( GEOMETRIC_REPRESENTATION_CONTEXT(2) 
PARAMETRIC_REPRESENTATION_CONTEXT() REPRESENTATION_CONTEXT('2D SPACE',''
  ) );
#13816 = PCURVE('',#13764,#13817);
#13817 = DEFINITIONAL_REPRESENTATION('',(#13818),#13822);
#13818 = CIRCLE('',#13819,5.);
#13819 = AXIS2_PLACEMENT_2D('',#13820,#13821);
#13820 = CARTESIAN_POINT('',(6.423076923077,-0.115384615385));
#13821 = DIRECTION('',(-0.923076923077,-0.384615384615));
#13822 = ( GEOMETRIC_REPRESENTATION_CONTEXT(2) 
PARAMETRIC_REPRESENTATION_CONTEXT() REPRESENTATION_CONTEXT('2D SPACE',''
  ) );
#13823 = ORIENTED_EDGE('',*,*,#13824,.F.);
#13824 = EDGE_CURVE('',#13579,#13801,#13825,.T.);
#13825 = SURFACE_CURVE('',#13826,(#13830,#13837),.PCURVE_S1.);
#13826 = LINE('',#13827,#13828);
#13827 = CARTESIAN_POINT('',(-144.5,-50.30769230769,29.538461538462));
#13828 = VECTOR('',#13829,1.);
#13829 = DIRECTION('',(1.,0.,0.));
#13830 = PCURVE('',#13621,#13831);
#13831 = DEFINITIONAL_REPRESENTATION('',(#13832),#13836);
#13832 = LINE('',#13833,#13834);
#13833 = CARTESIAN_POINT('',(3.14159265359,1.110223024625E-15));
#13834 = VECTOR('',#13835,1.);
#13835 = DIRECTION('',(0.,1.));
#13836 = ( GEOMETRIC_REPRESENTATION_CONTEXT(2) 
PARAMETRIC_REPRESENTATION_CONTEXT() REPRESENTATION_CONTEXT('2D SPACE',''
  ) );
#13837 = PCURVE('',#13594,#13838);
#13838 = DEFINITIONAL_REPRESENTATION('',(#13839),#13843);
#13839 = LINE('',#13840,#13841);
#13840 = CARTESIAN_POINT('',(0.,0.));
#13841 = VECTOR('',#13842,1.);
#13842 = DIRECTION('',(1.,0.));
#13843 = ( GEOMETRIC_REPRESENTATION_CONTEXT(2) 
PARAMETRIC_REPRESENTATION_CONTEXT() REPRESENTATION_CONTEXT('2D SPACE',''
  ) );
#13844 = ADVANCED_FACE('',(#13845),#13594,.T.);
#13845 = FACE_BOUND('',#13846,.T.);
#13846 = EDGE_LOOP('',(#13847,#13848,#13849,#13872));
#13847 = ORIENTED_EDGE('',*,*,#13578,.F.);
#13848 = ORIENTED_EDGE('',*,*,#13824,.T.);
#13849 = ORIENTED_EDGE('',*,*,#13850,.T.);
#13850 = EDGE_CURVE('',#13801,#13851,#13853,.T.);
#13851 = VERTEX_POINT('',#13852);
#13852 = CARTESIAN_POINT('',(-140.5,-11.53846153846,45.692307692308));
#13853 = SURFACE_CURVE('',#13854,(#13858,#13865),.PCURVE_S1.);
#13854 = LINE('',#13855,#13856);
#13855 = CARTESIAN_POINT('',(-140.5,-50.30769230769,29.538461538462));
#13856 = VECTOR('',#13857,1.);
#13857 = DIRECTION('',(0.,0.923076923077,0.384615384615));
#13858 = PCURVE('',#13594,#13859);
#13859 = DEFINITIONAL_REPRESENTATION('',(#13860),#13864);
#13860 = LINE('',#13861,#13862);
#13861 = CARTESIAN_POINT('',(4.,0.));
#13862 = VECTOR('',#13863,1.);
#13863 = DIRECTION('',(0.,1.));
#13864 = ( GEOMETRIC_REPRESENTATION_CONTEXT(2) 
PARAMETRIC_REPRESENTATION_CONTEXT() REPRESENTATION_CONTEXT('2D SPACE',''
  ) );
#13865 = PCURVE('',#13764,#13866);
#13866 = DEFINITIONAL_REPRESENTATION('',(#13867),#13871);
#13867 = LINE('',#13868,#13869);
#13868 = CARTESIAN_POINT('',(11.038461538462,1.807692307692));
#13869 = VECTOR('',#13870,1.);
#13870 = DIRECTION('',(0.384615384615,-0.923076923077));
#13871 = ( GEOMETRIC_REPRESENTATION_CONTEXT(2) 
PARAMETRIC_REPRESENTATION_CONTEXT() REPRESENTATION_CONTEXT('2D SPACE',''
  ) );
#13872 = ORIENTED_EDGE('',*,*,#13873,.F.);
#13873 = EDGE_CURVE('',#13550,#13851,#13874,.T.);
#13874 = SURFACE_CURVE('',#13875,(#13879,#13886),.PCURVE_S1.);
#13875 = LINE('',#13876,#13877);
#13876 = CARTESIAN_POINT('',(-144.5,-11.53846153846,45.692307692308));
#13877 = VECTOR('',#13878,1.);
#13878 = DIRECTION('',(1.,0.,0.));
#13879 = PCURVE('',#13594,#13880);
#13880 = DEFINITIONAL_REPRESENTATION('',(#13881),#13885);
#13881 = LINE('',#13882,#13883);
#13882 = CARTESIAN_POINT('',(0.,42.));
#13883 = VECTOR('',#13884,1.);
#13884 = DIRECTION('',(1.,0.));
#13885 = ( GEOMETRIC_REPRESENTATION_CONTEXT(2) 
PARAMETRIC_REPRESENTATION_CONTEXT() REPRESENTATION_CONTEXT('2D SPACE',''
  ) );
#13886 = PCURVE('',#13566,#13887);
#13887 = DEFINITIONAL_REPRESENTATION('',(#13888),#13892);
#13888 = LINE('',#13889,#13890);
#13889 = CARTESIAN_POINT('',(3.14159265359,1.110223024625E-15));
#13890 = VECTOR('',#13891,1.);
#13891 = DIRECTION('',(0.,1.));
#13892 = ( GEOMETRIC_REPRESENTATION_CONTEXT(2) 
PARAMETRIC_REPRESENTATION_CONTEXT() REPRESENTATION_CONTEXT('2D SPACE',''
  ) );
#13893 = ADVANCED_FACE('',(#13894),#13566,.T.);
#13894 = FACE_BOUND('',#13895,.T.);
#13895 = EDGE_LOOP('',(#13896,#13920,#13939,#13940));
#13896 = ORIENTED_EDGE('',*,*,#13897,.F.);
#13897 = EDGE_CURVE('',#13898,#13851,#13900,.T.);
#13898 = VERTEX_POINT('',#13899);
#13899 = CARTESIAN_POINT('',(-140.5,-5.,43.));
#13900 = SURFACE_CURVE('',#13901,(#13906,#13913),.PCURVE_S1.);
#13901 = CIRCLE('',#13902,5.);
#13902 = AXIS2_PLACEMENT_3D('',#13903,#13904,#13905);
#13903 = CARTESIAN_POINT('',(-140.5,-9.615384615385,41.076923076923));
#13904 = DIRECTION('',(1.,-8.540177112501E-17,2.049642507E-16));
#13905 = DIRECTION('',(2.22044604925E-16,0.384615384615,-0.923076923077)
  );
#13906 = PCURVE('',#13566,#13907);
#13907 = DEFINITIONAL_REPRESENTATION('',(#13908),#13912);
#13908 = LINE('',#13909,#13910);
#13909 = CARTESIAN_POINT('',(0.,4.));
#13910 = VECTOR('',#13911,1.);
#13911 = DIRECTION('',(1.,0.));
#13912 = ( GEOMETRIC_REPRESENTATION_CONTEXT(2) 
PARAMETRIC_REPRESENTATION_CONTEXT() REPRESENTATION_CONTEXT('2D SPACE',''
  ) );
#13913 = PCURVE('',#13764,#13914);
#13914 = DEFINITIONAL_REPRESENTATION('',(#13915),#13919);
#13915 = CIRCLE('',#13916,5.);
#13916 = AXIS2_PLACEMENT_2D('',#13917,#13918);
#13917 = CARTESIAN_POINT('',(22.576923076923,-38.88461538461));
#13918 = DIRECTION('',(-0.923076923077,-0.384615384615));
#13919 = ( GEOMETRIC_REPRESENTATION_CONTEXT(2) 
PARAMETRIC_REPRESENTATION_CONTEXT() REPRESENTATION_CONTEXT('2D SPACE',''
  ) );
#13920 = ORIENTED_EDGE('',*,*,#13921,.F.);
#13921 = EDGE_CURVE('',#13521,#13898,#13922,.T.);
#13922 = SURFACE_CURVE('',#13923,(#13927,#13933),.PCURVE_S1.);
#13923 = LINE('',#13924,#13925);
#13924 = CARTESIAN_POINT('',(-144.5,-5.,43.));
#13925 = VECTOR('',#13926,1.);
#13926 = DIRECTION('',(1.,-8.540177112501E-17,2.049642507E-16));
#13927 = PCURVE('',#13566,#13928);
#13928 = DEFINITIONAL_REPRESENTATION('',(#13929),#13932);
#13929 = B_SPLINE_CURVE_WITH_KNOTS('',1,(#13930,#13931),.UNSPECIFIED.,
  .F.,.F.,(2,2),(-2.399999999625E-06,4.0000024),
  .PIECEWISE_BEZIER_KNOTS.);
#13930 = CARTESIAN_POINT('',(1.570796326795,-2.399999999625E-06));
#13931 = CARTESIAN_POINT('',(1.570796326795,4.0000024));
#13932 = ( GEOMETRIC_REPRESENTATION_CONTEXT(2) 
PARAMETRIC_REPRESENTATION_CONTEXT() REPRESENTATION_CONTEXT('2D SPACE',''
  ) );
#13933 = PCURVE('',#13537,#13934);
#13934 = DEFINITIONAL_REPRESENTATION('',(#13935),#13938);
#13935 = B_SPLINE_CURVE_WITH_KNOTS('',1,(#13936,#13937),.UNSPECIFIED.,
  .F.,.F.,(2,2),(-2.399999999625E-06,4.0000024),
  .PIECEWISE_BEZIER_KNOTS.);
#13936 = CARTESIAN_POINT('',(1.570796326795,-2.399999999625E-06));
#13937 = CARTESIAN_POINT('',(1.570796326795,4.0000024));
#13938 = ( GEOMETRIC_REPRESENTATION_CONTEXT(2) 
PARAMETRIC_REPRESENTATION_CONTEXT() REPRESENTATION_CONTEXT('2D SPACE',''
  ) );
#13939 = ORIENTED_EDGE('',*,*,#13549,.T.);
#13940 = ORIENTED_EDGE('',*,*,#13873,.T.);
#13941 = ADVANCED_FACE('',(#13942),#13653,.F.);
#13942 = FACE_BOUND('',#13943,.F.);
#13943 = EDGE_LOOP('',(#13944,#13945,#13966,#13989));
#13944 = ORIENTED_EDGE('',*,*,#13635,.F.);
#13945 = ORIENTED_EDGE('',*,*,#13946,.T.);
#13946 = EDGE_CURVE('',#13636,#13947,#13949,.T.);
#13947 = VERTEX_POINT('',#13948);
#13948 = CARTESIAN_POINT('',(-140.5,-29.90299390642,27.207085872322));
#13949 = SURFACE_CURVE('',#13950,(#13954,#13960),.PCURVE_S1.);
#13950 = LINE('',#13951,#13952);
#13951 = CARTESIAN_POINT('',(-144.5,-29.90299390642,27.207085872322));
#13952 = VECTOR('',#13953,1.);
#13953 = DIRECTION('',(1.,0.,2.22044604925E-16));
#13954 = PCURVE('',#13653,#13955);
#13955 = DEFINITIONAL_REPRESENTATION('',(#13956),#13959);
#13956 = B_SPLINE_CURVE_WITH_KNOTS('',1,(#13957,#13958),.UNSPECIFIED.,
  .F.,.F.,(2,2),(-2.399999999625E-06,4.0000024),
  .PIECEWISE_BEZIER_KNOTS.);
#13957 = CARTESIAN_POINT('',(-2.399999999625E-06,17.938423268037));
#13958 = CARTESIAN_POINT('',(4.0000024,17.938423268037));
#13959 = ( GEOMETRIC_REPRESENTATION_CONTEXT(2) 
PARAMETRIC_REPRESENTATION_CONTEXT() REPRESENTATION_CONTEXT('2D SPACE',''
  ) );
#13960 = PCURVE('',#13709,#13961);
#13961 = DEFINITIONAL_REPRESENTATION('',(#13962),#13965);
#13962 = B_SPLINE_CURVE_WITH_KNOTS('',1,(#13963,#13964),.UNSPECIFIED.,
  .F.,.F.,(2,2),(-2.399999999625E-06,4.0000024),
  .PIECEWISE_BEZIER_KNOTS.);
#13963 = CARTESIAN_POINT('',(2.778795987639,-2.399999998691E-06));
#13964 = CARTESIAN_POINT('',(2.778795987639,4.0000024));
#13965 = ( GEOMETRIC_REPRESENTATION_CONTEXT(2) 
PARAMETRIC_REPRESENTATION_CONTEXT() REPRESENTATION_CONTEXT('2D SPACE',''
  ) );
#13966 = ORIENTED_EDGE('',*,*,#13967,.T.);
#13967 = EDGE_CURVE('',#13947,#13968,#13970,.T.);
#13968 = VERTEX_POINT('',#13969);
#13969 = CARTESIAN_POINT('',(-140.5,-28.02902731797,27.987905284177));
#13970 = SURFACE_CURVE('',#13971,(#13975,#13982),.PCURVE_S1.);
#13971 = LINE('',#13972,#13973);
#13972 = CARTESIAN_POINT('',(-140.5,-46.46153846153,20.307692307692));
#13973 = VECTOR('',#13974,1.);
#13974 = DIRECTION('',(0.,0.923076923077,0.384615384615));
#13975 = PCURVE('',#13653,#13976);
#13976 = DEFINITIONAL_REPRESENTATION('',(#13977),#13981);
#13977 = LINE('',#13978,#13979);
#13978 = CARTESIAN_POINT('',(4.,0.));
#13979 = VECTOR('',#13980,1.);
#13980 = DIRECTION('',(0.,1.));
#13981 = ( GEOMETRIC_REPRESENTATION_CONTEXT(2) 
PARAMETRIC_REPRESENTATION_CONTEXT() REPRESENTATION_CONTEXT('2D SPACE',''
  ) );
#13982 = PCURVE('',#13764,#13983);
#13983 = DEFINITIONAL_REPRESENTATION('',(#13984),#13988);
#13984 = LINE('',#13985,#13986);
#13985 = CARTESIAN_POINT('',(1.807692307692,-2.038461538462));
#13986 = VECTOR('',#13987,1.);
#13987 = DIRECTION('',(0.384615384615,-0.923076923077));
#13988 = ( GEOMETRIC_REPRESENTATION_CONTEXT(2) 
PARAMETRIC_REPRESENTATION_CONTEXT() REPRESENTATION_CONTEXT('2D SPACE',''
  ) );
#13989 = ORIENTED_EDGE('',*,*,#13990,.F.);
#13990 = EDGE_CURVE('',#13638,#13968,#13991,.T.);
#13991 = SURFACE_CURVE('',#13992,(#13996,#14002),.PCURVE_S1.);
#13992 = LINE('',#13993,#13994);
#13993 = CARTESIAN_POINT('',(-144.5,-28.02902731797,27.987905284176));
#13994 = VECTOR('',#13995,1.);
#13995 = DIRECTION('',(1.,-1.493633647867E-16,1.642997012654E-16));
#13996 = PCURVE('',#13653,#13997);
#13997 = DEFINITIONAL_REPRESENTATION('',(#13998),#14001);
#13998 = B_SPLINE_CURVE_WITH_KNOTS('',1,(#13999,#14000),.UNSPECIFIED.,
  .F.,.F.,(2,2),(-2.399999999625E-06,4.0000024),
  .PIECEWISE_BEZIER_KNOTS.);
#13999 = CARTESIAN_POINT('',(-2.399999999625E-06,19.968553738858));
#14000 = CARTESIAN_POINT('',(4.0000024,19.968553738858));
#14001 = ( GEOMETRIC_REPRESENTATION_CONTEXT(2) 
PARAMETRIC_REPRESENTATION_CONTEXT() REPRESENTATION_CONTEXT('2D SPACE',''
  ) );
#14002 = PCURVE('',#13682,#14003);
#14003 = DEFINITIONAL_REPRESENTATION('',(#14004),#14007);
#14004 = B_SPLINE_CURVE_WITH_KNOTS('',1,(#14005,#14006),.UNSPECIFIED.,
  .F.,.F.,(2,2),(-2.399999999625E-06,4.0000024),
  .PIECEWISE_BEZIER_KNOTS.);
#14005 = CARTESIAN_POINT('',(3.643659193626,-2.399999998652E-06));
#14006 = CARTESIAN_POINT('',(3.643659193626,4.0000024));
#14007 = ( GEOMETRIC_REPRESENTATION_CONTEXT(2) 
PARAMETRIC_REPRESENTATION_CONTEXT() REPRESENTATION_CONTEXT('2D SPACE',''
  ) );
#14008 = ADVANCED_FACE('',(#14009),#13709,.T.);
#14009 = FACE_BOUND('',#14010,.T.);
#14010 = EDGE_LOOP('',(#14011,#14035,#14054,#14055));
#14011 = ORIENTED_EDGE('',*,*,#14012,.F.);
#14012 = EDGE_CURVE('',#14013,#13947,#14015,.T.);
#14013 = VERTEX_POINT('',#14014);
#14014 = CARTESIAN_POINT('',(-140.5,-28.29616104525,26.159970878358));
#14015 = SURFACE_CURVE('',#14016,(#14021,#14028),.PCURVE_S1.);
#14016 = CIRCLE('',#14017,4.5);
#14017 = AXIS2_PLACEMENT_3D('',#14018,#14019,#14020);
#14018 = CARTESIAN_POINT('',(-140.5,-31.5,23.));
#14019 = DIRECTION('',(1.,-0.,2.22044604925E-16));
#14020 = DIRECTION('',(2.22044604925E-16,0.,-1.));
#14021 = PCURVE('',#13709,#14022);
#14022 = DEFINITIONAL_REPRESENTATION('',(#14023),#14027);
#14023 = LINE('',#14024,#14025);
#14024 = CARTESIAN_POINT('',(0.,4.));
#14025 = VECTOR('',#14026,1.);
#14026 = DIRECTION('',(1.,0.));
#14027 = ( GEOMETRIC_REPRESENTATION_CONTEXT(2) 
PARAMETRIC_REPRESENTATION_CONTEXT() REPRESENTATION_CONTEXT('2D SPACE',''
  ) );
#14028 = PCURVE('',#13764,#14029);
#14029 = DEFINITIONAL_REPRESENTATION('',(#14030),#14034);
#14030 = CIRCLE('',#14031,4.5);
#14031 = AXIS2_PLACEMENT_2D('',#14032,#14033);
#14032 = CARTESIAN_POINT('',(4.5,-17.));
#14033 = DIRECTION('',(-1.,0.));
#14034 = ( GEOMETRIC_REPRESENTATION_CONTEXT(2) 
PARAMETRIC_REPRESENTATION_CONTEXT() REPRESENTATION_CONTEXT('2D SPACE',''
  ) );
#14035 = ORIENTED_EDGE('',*,*,#14036,.F.);
#14036 = EDGE_CURVE('',#13666,#14013,#14037,.T.);
#14037 = SURFACE_CURVE('',#14038,(#14042,#14048),.PCURVE_S1.);
#14038 = LINE('',#14039,#14040);
#14039 = CARTESIAN_POINT('',(-144.5,-28.29616104525,26.159970878359));
#14040 = VECTOR('',#14041,1.);
#14041 = DIRECTION('',(1.,0.,2.22044604925E-16));
#14042 = PCURVE('',#13709,#14043);
#14043 = DEFINITIONAL_REPRESENTATION('',(#14044),#14047);
#14044 = B_SPLINE_CURVE_WITH_KNOTS('',1,(#14045,#14046),.UNSPECIFIED.,
  .F.,.F.,(2,2),(-2.399999999625E-06,4.0000024),
  .PIECEWISE_BEZIER_KNOTS.);
#14045 = CARTESIAN_POINT('',(2.349301232426,-2.399999998923E-06));
#14046 = CARTESIAN_POINT('',(2.349301232426,4.0000024));
#14047 = ( GEOMETRIC_REPRESENTATION_CONTEXT(2) 
PARAMETRIC_REPRESENTATION_CONTEXT() REPRESENTATION_CONTEXT('2D SPACE',''
  ) );
#14048 = PCURVE('',#13682,#14049);
#14049 = DEFINITIONAL_REPRESENTATION('',(#14050),#14053);
#14050 = B_SPLINE_CURVE_WITH_KNOTS('',1,(#14051,#14052),.UNSPECIFIED.,
  .F.,.F.,(2,2),(-2.399999999625E-06,4.0000024),
  .PIECEWISE_BEZIER_KNOTS.);
#14051 = CARTESIAN_POINT('',(4.015263765775,-2.399999998912E-06));
#14052 = CARTESIAN_POINT('',(4.015263765775,4.0000024));
#14053 = ( GEOMETRIC_REPRESENTATION_CONTEXT(2) 
PARAMETRIC_REPRESENTATION_CONTEXT() REPRESENTATION_CONTEXT('2D SPACE',''
  ) );
#14054 = ORIENTED_EDGE('',*,*,#13694,.T.);
#14055 = ORIENTED_EDGE('',*,*,#13946,.T.);
#14056 = ADVANCED_FACE('',(#14057),#13451,.T.);
#14057 = FACE_BOUND('',#14058,.T.);
#14058 = EDGE_LOOP('',(#14059,#14085,#14105,#14106));
#14059 = ORIENTED_EDGE('',*,*,#14060,.F.);
#14060 = EDGE_CURVE('',#14061,#14063,#14065,.T.);
#14061 = VERTEX_POINT('',#14062);
#14062 = CARTESIAN_POINT('',(-140.5,-31.5,18.5));
#14063 = VERTEX_POINT('',#14064);
#14064 = CARTESIAN_POINT('',(-140.5,-27.,23.));
#14065 = SURFACE_CURVE('',#14066,(#14071,#14078),.PCURVE_S1.);
#14066 = CIRCLE('',#14067,4.5);
#14067 = AXIS2_PLACEMENT_3D('',#14068,#14069,#14070);
#14068 = CARTESIAN_POINT('',(-140.5,-31.5,23.));
#14069 = DIRECTION('',(1.,-0.,2.22044604925E-16));
#14070 = DIRECTION('',(2.22044604925E-16,0.,-1.));
#14071 = PCURVE('',#13451,#14072);
#14072 = DEFINITIONAL_REPRESENTATION('',(#14073),#14077);
#14073 = LINE('',#14074,#14075);
#14074 = CARTESIAN_POINT('',(0.,4.));
#14075 = VECTOR('',#14076,1.);
#14076 = DIRECTION('',(1.,0.));
#14077 = ( GEOMETRIC_REPRESENTATION_CONTEXT(2) 
PARAMETRIC_REPRESENTATION_CONTEXT() REPRESENTATION_CONTEXT('2D SPACE',''
  ) );
#14078 = PCURVE('',#13764,#14079);
#14079 = DEFINITIONAL_REPRESENTATION('',(#14080),#14084);
#14080 = CIRCLE('',#14081,4.5);
#14081 = AXIS2_PLACEMENT_2D('',#14082,#14083);
#14082 = CARTESIAN_POINT('',(4.5,-17.));
#14083 = DIRECTION('',(-1.,0.));
#14084 = ( GEOMETRIC_REPRESENTATION_CONTEXT(2) 
PARAMETRIC_REPRESENTATION_CONTEXT() REPRESENTATION_CONTEXT('2D SPACE',''
  ) );
#14085 = ORIENTED_EDGE('',*,*,#14086,.F.);
#14086 = EDGE_CURVE('',#13407,#14061,#14087,.T.);
#14087 = SURFACE_CURVE('',#14088,(#14092,#14098),.PCURVE_S1.);
#14088 = LINE('',#14089,#14090);
#14089 = CARTESIAN_POINT('',(-144.5,-31.5,18.5));
#14090 = VECTOR('',#14091,1.);
#14091 = DIRECTION('',(1.,0.,0.));
#14092 = PCURVE('',#13451,#14093);
#14093 = DEFINITIONAL_REPRESENTATION('',(#14094),#14097);
#14094 = B_SPLINE_CURVE_WITH_KNOTS('',1,(#14095,#14096),.UNSPECIFIED.,
  .F.,.F.,(2,2),(0.,4.),.PIECEWISE_BEZIER_KNOTS.);
#14095 = CARTESIAN_POINT('',(0.,0.));
#14096 = CARTESIAN_POINT('',(0.,4.));
#14097 = ( GEOMETRIC_REPRESENTATION_CONTEXT(2) 
PARAMETRIC_REPRESENTATION_CONTEXT() REPRESENTATION_CONTEXT('2D SPACE',''
  ) );
#14098 = PCURVE('',#13422,#14099);
#14099 = DEFINITIONAL_REPRESENTATION('',(#14100),#14104);
#14100 = LINE('',#14101,#14102);
#14101 = CARTESIAN_POINT('',(0.,17.));
#14102 = VECTOR('',#14103,1.);
#14103 = DIRECTION('',(1.,0.));
#14104 = ( GEOMETRIC_REPRESENTATION_CONTEXT(2) 
PARAMETRIC_REPRESENTATION_CONTEXT() REPRESENTATION_CONTEXT('2D SPACE',''
  ) );
#14105 = ORIENTED_EDGE('',*,*,#13434,.T.);
#14106 = ORIENTED_EDGE('',*,*,#14107,.T.);
#14107 = EDGE_CURVE('',#13435,#14063,#14108,.T.);
#14108 = SURFACE_CURVE('',#14109,(#14113,#14119),.PCURVE_S1.);
#14109 = LINE('',#14110,#14111);
#14110 = CARTESIAN_POINT('',(-144.5,-27.,23.));
#14111 = VECTOR('',#14112,1.);
#14112 = DIRECTION('',(1.,0.,2.22044604925E-16));
#14113 = PCURVE('',#13451,#14114);
#14114 = DEFINITIONAL_REPRESENTATION('',(#14115),#14118);
#14115 = B_SPLINE_CURVE_WITH_KNOTS('',1,(#14116,#14117),.UNSPECIFIED.,
  .F.,.F.,(2,2),(-2.399999999625E-06,4.0000024),
  .PIECEWISE_BEZIER_KNOTS.);
#14116 = CARTESIAN_POINT('',(1.570796326795,-2.399999999625E-06));
#14117 = CARTESIAN_POINT('',(1.570796326795,4.0000024));
#14118 = ( GEOMETRIC_REPRESENTATION_CONTEXT(2) 
PARAMETRIC_REPRESENTATION_CONTEXT() REPRESENTATION_CONTEXT('2D SPACE',''
  ) );
#14119 = PCURVE('',#13480,#14120);
#14120 = DEFINITIONAL_REPRESENTATION('',(#14121),#14124);
#14121 = B_SPLINE_CURVE_WITH_KNOTS('',1,(#14122,#14123),.UNSPECIFIED.,
  .F.,.F.,(2,2),(-2.399999999625E-06,4.0000024),
  .PIECEWISE_BEZIER_KNOTS.);
#14122 = CARTESIAN_POINT('',(4.712388980385,-2.399999999625E-06));
#14123 = CARTESIAN_POINT('',(4.712388980385,4.0000024));
#14124 = ( GEOMETRIC_REPRESENTATION_CONTEXT(2) 
PARAMETRIC_REPRESENTATION_CONTEXT() REPRESENTATION_CONTEXT('2D SPACE',''
  ) );
#14125 = ADVANCED_FACE('',(#14126),#13422,.F.);
#14126 = FACE_BOUND('',#14127,.F.);
#14127 = EDGE_LOOP('',(#14128,#14129,#14130,#14151));
#14128 = ORIENTED_EDGE('',*,*,#13406,.F.);
#14129 = ORIENTED_EDGE('',*,*,#13725,.T.);
#14130 = ORIENTED_EDGE('',*,*,#14131,.T.);
#14131 = EDGE_CURVE('',#13726,#14061,#14132,.T.);
#14132 = SURFACE_CURVE('',#14133,(#14137,#14144),.PCURVE_S1.);
#14133 = LINE('',#14134,#14135);
#14134 = CARTESIAN_POINT('',(-140.5,-48.5,18.5));
#14135 = VECTOR('',#14136,1.);
#14136 = DIRECTION('',(0.,1.,0.));
#14137 = PCURVE('',#13422,#14138);
#14138 = DEFINITIONAL_REPRESENTATION('',(#14139),#14143);
#14139 = LINE('',#14140,#14141);
#14140 = CARTESIAN_POINT('',(4.,0.));
#14141 = VECTOR('',#14142,1.);
#14142 = DIRECTION('',(0.,1.));
#14143 = ( GEOMETRIC_REPRESENTATION_CONTEXT(2) 
PARAMETRIC_REPRESENTATION_CONTEXT() REPRESENTATION_CONTEXT('2D SPACE',''
  ) );
#14144 = PCURVE('',#13764,#14145);
#14145 = DEFINITIONAL_REPRESENTATION('',(#14146),#14150);
#14146 = LINE('',#14147,#14148);
#14147 = CARTESIAN_POINT('',(0.,0.));
#14148 = VECTOR('',#14149,1.);
#14149 = DIRECTION('',(0.,-1.));
#14150 = ( GEOMETRIC_REPRESENTATION_CONTEXT(2) 
PARAMETRIC_REPRESENTATION_CONTEXT() REPRESENTATION_CONTEXT('2D SPACE',''
  ) );
#14151 = ORIENTED_EDGE('',*,*,#14086,.F.);
#14152 = ADVANCED_FACE('',(#14153,#14230),#13764,.T.);
#14153 = FACE_BOUND('',#14154,.T.);
#14154 = EDGE_LOOP('',(#14155,#14156,#14157,#14158,#14182,#14205,#14227,
    #14228,#14229));
#14155 = ORIENTED_EDGE('',*,*,#13747,.T.);
#14156 = ORIENTED_EDGE('',*,*,#14131,.T.);
#14157 = ORIENTED_EDGE('',*,*,#14060,.T.);
#14158 = ORIENTED_EDGE('',*,*,#14159,.T.);
#14159 = EDGE_CURVE('',#14063,#14160,#14162,.T.);
#14160 = VERTEX_POINT('',#14161);
#14161 = CARTESIAN_POINT('',(-140.5,-19.93693566303,22.663663603002));
#14162 = SURFACE_CURVE('',#14163,(#14168,#14175),.PCURVE_S1.);
#14163 = CIRCLE('',#14164,5.);
#14164 = AXIS2_PLACEMENT_3D('',#14165,#14166,#14167);
#14165 = CARTESIAN_POINT('',(-140.5,-23.30029963302,26.363363969982));
#14166 = DIRECTION('',(1.,-1.493633647867E-16,1.642997012654E-16));
#14167 = DIRECTION('',(2.22044604925E-16,0.672672793996,-0.739940073396)
  );
#14168 = PCURVE('',#13764,#14169);
#14169 = DEFINITIONAL_REPRESENTATION('',(#14170),#14174);
#14170 = CIRCLE('',#14171,5.);
#14171 = AXIS2_PLACEMENT_2D('',#14172,#14173);
#14172 = CARTESIAN_POINT('',(7.863363969982,-25.19970036698));
#14173 = DIRECTION('',(-0.739940073396,-0.672672793996));
#14174 = ( GEOMETRIC_REPRESENTATION_CONTEXT(2) 
PARAMETRIC_REPRESENTATION_CONTEXT() REPRESENTATION_CONTEXT('2D SPACE',''
  ) );
#14175 = PCURVE('',#13480,#14176);
#14176 = DEFINITIONAL_REPRESENTATION('',(#14177),#14181);
#14177 = LINE('',#14178,#14179);
#14178 = CARTESIAN_POINT('',(0.,4.));
#14179 = VECTOR('',#14180,1.);
#14180 = DIRECTION('',(1.,0.));
#14181 = ( GEOMETRIC_REPRESENTATION_CONTEXT(2) 
PARAMETRIC_REPRESENTATION_CONTEXT() REPRESENTATION_CONTEXT('2D SPACE',''
  ) );
#14182 = ORIENTED_EDGE('',*,*,#14183,.T.);
#14183 = EDGE_CURVE('',#14160,#14184,#14186,.T.);
#14184 = VERTEX_POINT('',#14185);
#14185 = CARTESIAN_POINT('',(-140.5,-5.336336396998,35.936935663039));
#14186 = SURFACE_CURVE('',#14187,(#14191,#14198),.PCURVE_S1.);
#14187 = LINE('',#14188,#14189);
#14188 = CARTESIAN_POINT('',(-140.5,-19.93693566303,22.663663603002));
#14189 = VECTOR('',#14190,1.);
#14190 = DIRECTION('',(0.,0.739940073396,0.672672793996));
#14191 = PCURVE('',#13764,#14192);
#14192 = DEFINITIONAL_REPRESENTATION('',(#14193),#14197);
#14193 = LINE('',#14194,#14195);
#14194 = CARTESIAN_POINT('',(4.163663603002,-28.56306433696));
#14195 = VECTOR('',#14196,1.);
#14196 = DIRECTION('',(0.672672793996,-0.739940073396));
#14197 = ( GEOMETRIC_REPRESENTATION_CONTEXT(2) 
PARAMETRIC_REPRESENTATION_CONTEXT() REPRESENTATION_CONTEXT('2D SPACE',''
  ) );
#14198 = PCURVE('',#13508,#14199);
#14199 = DEFINITIONAL_REPRESENTATION('',(#14200),#14204);
#14200 = LINE('',#14201,#14202);
#14201 = CARTESIAN_POINT('',(4.,0.));
#14202 = VECTOR('',#14203,1.);
#14203 = DIRECTION('',(0.,1.));
#14204 = ( GEOMETRIC_REPRESENTATION_CONTEXT(2) 
PARAMETRIC_REPRESENTATION_CONTEXT() REPRESENTATION_CONTEXT('2D SPACE',''
  ) );
#14205 = ORIENTED_EDGE('',*,*,#14206,.T.);
#14206 = EDGE_CURVE('',#14184,#13898,#14207,.T.);
#14207 = SURFACE_CURVE('',#14208,(#14213,#14220),.PCURVE_S1.);
#14208 = CIRCLE('',#14209,5.);
#14209 = AXIS2_PLACEMENT_3D('',#14210,#14211,#14212);
#14210 = CARTESIAN_POINT('',(-140.5,-8.69970036698,39.636636030018));
#14211 = DIRECTION('',(1.,-1.493633647867E-16,1.642997012654E-16));
#14212 = DIRECTION('',(2.22044604925E-16,0.672672793996,-0.739940073396)
  );
#14213 = PCURVE('',#13764,#14214);
#14214 = DEFINITIONAL_REPRESENTATION('',(#14215),#14219);
#14215 = CIRCLE('',#14216,5.);
#14216 = AXIS2_PLACEMENT_2D('',#14217,#14218);
#14217 = CARTESIAN_POINT('',(21.136636030018,-39.80029963302));
#14218 = DIRECTION('',(-0.739940073396,-0.672672793996));
#14219 = ( GEOMETRIC_REPRESENTATION_CONTEXT(2) 
PARAMETRIC_REPRESENTATION_CONTEXT() REPRESENTATION_CONTEXT('2D SPACE',''
  ) );
#14220 = PCURVE('',#13537,#14221);
#14221 = DEFINITIONAL_REPRESENTATION('',(#14222),#14226);
#14222 = LINE('',#14223,#14224);
#14223 = CARTESIAN_POINT('',(0.,4.));
#14224 = VECTOR('',#14225,1.);
#14225 = DIRECTION('',(1.,0.));
#14226 = ( GEOMETRIC_REPRESENTATION_CONTEXT(2) 
PARAMETRIC_REPRESENTATION_CONTEXT() REPRESENTATION_CONTEXT('2D SPACE',''
  ) );
#14227 = ORIENTED_EDGE('',*,*,#13897,.T.);
#14228 = ORIENTED_EDGE('',*,*,#13850,.F.);
#14229 = ORIENTED_EDGE('',*,*,#13800,.T.);
#14230 = FACE_BOUND('',#14231,.T.);
#14231 = EDGE_LOOP('',(#14232,#14233,#14255));
#14232 = ORIENTED_EDGE('',*,*,#13967,.T.);
#14233 = ORIENTED_EDGE('',*,*,#14234,.T.);
#14234 = EDGE_CURVE('',#13968,#14013,#14235,.T.);
#14235 = SURFACE_CURVE('',#14236,(#14241,#14248),.PCURVE_S1.);
#14236 = CIRCLE('',#14237,5.);
#14237 = AXIS2_PLACEMENT_3D('',#14238,#14239,#14240);
#14238 = CARTESIAN_POINT('',(-140.5,-23.30029963302,26.363363969982));
#14239 = DIRECTION('',(1.,-1.493633647867E-16,1.642997012654E-16));
#14240 = DIRECTION('',(2.22044604925E-16,0.672672793996,-0.739940073396)
  );
#14241 = PCURVE('',#13764,#14242);
#14242 = DEFINITIONAL_REPRESENTATION('',(#14243),#14247);
#14243 = CIRCLE('',#14244,5.);
#14244 = AXIS2_PLACEMENT_2D('',#14245,#14246);
#14245 = CARTESIAN_POINT('',(7.863363969982,-25.19970036698));
#14246 = DIRECTION('',(-0.739940073396,-0.672672793996));
#14247 = ( GEOMETRIC_REPRESENTATION_CONTEXT(2) 
PARAMETRIC_REPRESENTATION_CONTEXT() REPRESENTATION_CONTEXT('2D SPACE',''
  ) );
#14248 = PCURVE('',#13682,#14249);
#14249 = DEFINITIONAL_REPRESENTATION('',(#14250),#14254);
#14250 = LINE('',#14251,#14252);
#14251 = CARTESIAN_POINT('',(0.,4.));
#14252 = VECTOR('',#14253,1.);
#14253 = DIRECTION('',(1.,0.));
#14254 = ( GEOMETRIC_REPRESENTATION_CONTEXT(2) 
PARAMETRIC_REPRESENTATION_CONTEXT() REPRESENTATION_CONTEXT('2D SPACE',''
  ) );
#14255 = ORIENTED_EDGE('',*,*,#14012,.T.);
#14256 = ADVANCED_FACE('',(#14257),#13537,.T.);
#14257 = FACE_BOUND('',#14258,.T.);
#14258 = EDGE_LOOP('',(#14259,#14260,#14280,#14281));
#14259 = ORIENTED_EDGE('',*,*,#14206,.F.);
#14260 = ORIENTED_EDGE('',*,*,#14261,.F.);
#14261 = EDGE_CURVE('',#13493,#14184,#14262,.T.);
#14262 = SURFACE_CURVE('',#14263,(#14267,#14273),.PCURVE_S1.);
#14263 = LINE('',#14264,#14265);
#14264 = CARTESIAN_POINT('',(-144.5,-5.336336396998,35.936935663039));
#14265 = VECTOR('',#14266,1.);
#14266 = DIRECTION('',(1.,0.,0.));
#14267 = PCURVE('',#13537,#14268);
#14268 = DEFINITIONAL_REPRESENTATION('',(#14269),#14272);
#14269 = B_SPLINE_CURVE_WITH_KNOTS('',1,(#14270,#14271),.UNSPECIFIED.,
  .F.,.F.,(2,2),(0.,4.),.PIECEWISE_BEZIER_KNOTS.);
#14270 = CARTESIAN_POINT('',(0.,0.));
#14271 = CARTESIAN_POINT('',(0.,4.));
#14272 = ( GEOMETRIC_REPRESENTATION_CONTEXT(2) 
PARAMETRIC_REPRESENTATION_CONTEXT() REPRESENTATION_CONTEXT('2D SPACE',''
  ) );
#14273 = PCURVE('',#13508,#14274);
#14274 = DEFINITIONAL_REPRESENTATION('',(#14275),#14279);
#14275 = LINE('',#14276,#14277);
#14276 = CARTESIAN_POINT('',(0.,19.732137494637));
#14277 = VECTOR('',#14278,1.);
#14278 = DIRECTION('',(1.,0.));
#14279 = ( GEOMETRIC_REPRESENTATION_CONTEXT(2) 
PARAMETRIC_REPRESENTATION_CONTEXT() REPRESENTATION_CONTEXT('2D SPACE',''
  ) );
#14280 = ORIENTED_EDGE('',*,*,#13520,.T.);
#14281 = ORIENTED_EDGE('',*,*,#13921,.T.);
#14282 = ADVANCED_FACE('',(#14283),#13682,.T.);
#14283 = FACE_BOUND('',#14284,.T.);
#14284 = EDGE_LOOP('',(#14285,#14286,#14287,#14288));
#14285 = ORIENTED_EDGE('',*,*,#13665,.T.);
#14286 = ORIENTED_EDGE('',*,*,#14036,.T.);
#14287 = ORIENTED_EDGE('',*,*,#14234,.F.);
#14288 = ORIENTED_EDGE('',*,*,#13990,.F.);
#14289 = ADVANCED_FACE('',(#14290),#13480,.T.);
#14290 = FACE_BOUND('',#14291,.T.);
#14291 = EDGE_LOOP('',(#14292,#14293,#14313,#14314));
#14292 = ORIENTED_EDGE('',*,*,#13463,.T.);
#14293 = ORIENTED_EDGE('',*,*,#14294,.T.);
#14294 = EDGE_CURVE('',#13464,#14160,#14295,.T.);
#14295 = SURFACE_CURVE('',#14296,(#14300,#14306),.PCURVE_S1.);
#14296 = LINE('',#14297,#14298);
#14297 = CARTESIAN_POINT('',(-144.5,-19.93693566303,22.663663603002));
#14298 = VECTOR('',#14299,1.);
#14299 = DIRECTION('',(1.,0.,0.));
#14300 = PCURVE('',#13480,#14301);
#14301 = DEFINITIONAL_REPRESENTATION('',(#14302),#14305);
#14302 = B_SPLINE_CURVE_WITH_KNOTS('',1,(#14303,#14304),.UNSPECIFIED.,
  .F.,.F.,(2,2),(0.,4.),.PIECEWISE_BEZIER_KNOTS.);
#14303 = CARTESIAN_POINT('',(6.28318530718,0.));
#14304 = CARTESIAN_POINT('',(6.28318530718,4.));
#14305 = ( GEOMETRIC_REPRESENTATION_CONTEXT(2) 
PARAMETRIC_REPRESENTATION_CONTEXT() REPRESENTATION_CONTEXT('2D SPACE',''
  ) );
#14306 = PCURVE('',#13508,#14307);
#14307 = DEFINITIONAL_REPRESENTATION('',(#14308),#14312);
#14308 = LINE('',#14309,#14310);
#14309 = CARTESIAN_POINT('',(0.,0.));
#14310 = VECTOR('',#14311,1.);
#14311 = DIRECTION('',(1.,0.));
#14312 = ( GEOMETRIC_REPRESENTATION_CONTEXT(2) 
PARAMETRIC_REPRESENTATION_CONTEXT() REPRESENTATION_CONTEXT('2D SPACE',''
  ) );
#14313 = ORIENTED_EDGE('',*,*,#14159,.F.);
#14314 = ORIENTED_EDGE('',*,*,#14107,.F.);
#14315 = ADVANCED_FACE('',(#14316),#13508,.F.);
#14316 = FACE_BOUND('',#14317,.F.);
#14317 = EDGE_LOOP('',(#14318,#14319,#14320,#14321));
#14318 = ORIENTED_EDGE('',*,*,#13492,.F.);
#14319 = ORIENTED_EDGE('',*,*,#14294,.T.);
#14320 = ORIENTED_EDGE('',*,*,#14183,.T.);
#14321 = ORIENTED_EDGE('',*,*,#14261,.F.);
#14322 = ( GEOMETRIC_REPRESENTATION_CONTEXT(3) 
GLOBAL_UNCERTAINTY_ASSIGNED_CONTEXT((#14326)) 
GLOBAL_UNIT_ASSIGNED_CONTEXT((#14323,#14324,#14325)) 
REPRESENTATION_CONTEXT('Context #1',
  '3D Context with UNIT and UNCERTAINTY') );
#14323 = ( LENGTH_UNIT() NAMED_UNIT(*) SI_UNIT(.MILLI.,.METRE.) );
#14324 = ( NAMED_UNIT(*) PLANE_ANGLE_UNIT() SI_UNIT($,.RADIAN.) );
#14325 = ( NAMED_UNIT(*) SI_UNIT($,.STERADIAN.) SOLID_ANGLE_UNIT() );
#14326 = UNCERTAINTY_MEASURE_WITH_UNIT(LENGTH_MEASURE(1.E-07),#14323,
  'distance_accuracy_value','confusion accuracy');
#14327 = CONTEXT_DEPENDENT_SHAPE_REPRESENTATION(#14328,#14330);
#14328 = ( REPRESENTATION_RELATIONSHIP('','',#13363,#13340) 
REPRESENTATION_RELATIONSHIP_WITH_TRANSFORMATION(#14329) 
SHAPE_REPRESENTATION_RELATIONSHIP() );
#14329 = ITEM_DEFINED_TRANSFORMATION('','',#11,#13341);
#14330 = PRODUCT_DEFINITION_SHAPE('Placement','Placement of an item',
  #14331);
#14331 = NEXT_ASSEMBLY_USAGE_OCCURRENCE('59','=>[0:1:1:61]','',#13335,
  #13358,$);
#14332 = PRODUCT_RELATED_PRODUCT_CATEGORY('part',$,(#13360));
#14333 = SHAPE_DEFINITION_REPRESENTATION(#14334,#14340);
#14334 = PRODUCT_DEFINITION_SHAPE('','',#14335);
#14335 = PRODUCT_DEFINITION('design','',#14336,#14339);
#14336 = PRODUCT_DEFINITION_FORMATION('','',#14337);
#14337 = PRODUCT('trackpad_slotted_cheek_outer_left',
  'trackpad_slotted_cheek_outer_left','',(#14338));
#14338 = PRODUCT_CONTEXT('',#2,'mechanical');
#14339 = PRODUCT_DEFINITION_CONTEXT('part definition',#2,'design');
#14340 = SHAPE_REPRESENTATION('',(#11,#14341),#14345);
#14341 = AXIS2_PLACEMENT_3D('',#14342,#14343,#14344);
#14342 = CARTESIAN_POINT('',(0.,0.,0.));
#14343 = DIRECTION('',(0.,0.,1.));
#14344 = DIRECTION('',(1.,0.,-0.));
#14345 = ( GEOMETRIC_REPRESENTATION_CONTEXT(3) 
GLOBAL_UNCERTAINTY_ASSIGNED_CONTEXT((#14349)) 
GLOBAL_UNIT_ASSIGNED_CONTEXT((#14346,#14347,#14348)) 
REPRESENTATION_CONTEXT('Context #1',
  '3D Context with UNIT and UNCERTAINTY') );
#14346 = ( LENGTH_UNIT() NAMED_UNIT(*) SI_UNIT(.MILLI.,.METRE.) );
#14347 = ( NAMED_UNIT(*) PLANE_ANGLE_UNIT() SI_UNIT($,.RADIAN.) );
#14348 = ( NAMED_UNIT(*) SI_UNIT($,.STERADIAN.) SOLID_ANGLE_UNIT() );
#14349 = UNCERTAINTY_MEASURE_WITH_UNIT(LENGTH_MEASURE(2.E-07),#14346,
  'distance_accuracy_value','confusion accuracy');
#14350 = CONTEXT_DEPENDENT_SHAPE_REPRESENTATION(#14351,#14353);
#14351 = ( REPRESENTATION_RELATIONSHIP('','',#14340,#10) 
REPRESENTATION_RELATIONSHIP_WITH_TRANSFORMATION(#14352) 
SHAPE_REPRESENTATION_RELATIONSHIP() );
#14352 = ITEM_DEFINED_TRANSFORMATION('','',#11,#135);
#14353 = PRODUCT_DEFINITION_SHAPE('Placement','Placement of an item',
  #14354);
#14354 = NEXT_ASSEMBLY_USAGE_OCCURRENCE('62','=>[0:1:1:62]','',#5,#14335
  ,$);
#14355 = PRODUCT_RELATED_PRODUCT_CATEGORY('part',$,(#14337));
#14356 = SHAPE_DEFINITION_REPRESENTATION(#14357,#14363);
#14357 = PRODUCT_DEFINITION_SHAPE('','',#14358);
#14358 = PRODUCT_DEFINITION('design','',#14359,#14362);
#14359 = PRODUCT_DEFINITION_FORMATION('','',#14360);
#14360 = PRODUCT('SOLID','SOLID','',(#14361));
#14361 = PRODUCT_CONTEXT('',#2,'mechanical');
#14362 = PRODUCT_DEFINITION_CONTEXT('part definition',#2,'design');
#14363 = ADVANCED_BREP_SHAPE_REPRESENTATION('',(#11,#14364),#16088);
#14364 = MANIFOLD_SOLID_BREP('',#14365);
#14365 = CLOSED_SHELL('',(#14366,#14996,#15072,#15119,#15168,#15217,
    #15264,#15311,#15377,#15427,#15474,#15522,#15571,#15618,#15668,
    #15714,#15783,#15832,#15859,#15994,#16021,#16048,#16055,#16081));
#14366 = ADVANCED_FACE('',(#14367,#14714),#14382,.F.);
#14367 = FACE_BOUND('',#14368,.F.);
#14368 = EDGE_LOOP('',(#14369,#14405,#14433,#14462,#14490,#14518,#14547,
    #14575,#14603,#14631,#14660,#14688));
#14369 = ORIENTED_EDGE('',*,*,#14370,.T.);
#14370 = EDGE_CURVE('',#14371,#14373,#14375,.T.);
#14371 = VERTEX_POINT('',#14372);
#14372 = CARTESIAN_POINT('',(-148.5,-17.62660980934,49.740257853159));
#14373 = VERTEX_POINT('',#14374);
#14374 = CARTESIAN_POINT('',(-148.5,-17.33701661219,35.743253324326));
#14375 = SURFACE_CURVE('',#14376,(#14381,#14393),.PCURVE_S1.);
#14376 = CIRCLE('',#14377,7.);
#14377 = AXIS2_PLACEMENT_3D('',#14378,#14379,#14380);
#14378 = CARTESIAN_POINT('',(-148.5,-17.48181321077,42.741755588743));
#14379 = DIRECTION('',(1.,-4.593043360697E-18,2.21997095767E-16));
#14380 = DIRECTION('',(2.22044604925E-16,2.068522836773E-02,
    -0.999786037774));
#14381 = PCURVE('',#14382,#14387);
#14382 = PLANE('',#14383);
#14383 = AXIS2_PLACEMENT_3D('',#14384,#14385,#14386);
#14384 = CARTESIAN_POINT('',(-148.5,-17.33701661219,35.743253324326));
#14385 = DIRECTION('',(1.,0.,0.));
#14386 = DIRECTION('',(0.,-2.068522836773E-02,0.999786037774));
#14387 = DEFINITIONAL_REPRESENTATION('',(#14388),#14392);
#14388 = CIRCLE('',#14389,7.);
#14389 = AXIS2_PLACEMENT_2D('',#14390,#14391);
#14390 = CARTESIAN_POINT('',(7.,-2.213202155301E-16));
#14391 = DIRECTION('',(-1.,-1.950949445901E-19));
#14392 = ( GEOMETRIC_REPRESENTATION_CONTEXT(2) 
PARAMETRIC_REPRESENTATION_CONTEXT() REPRESENTATION_CONTEXT('2D SPACE',''
  ) );
#14393 = PCURVE('',#14394,#14399);
#14394 = CYLINDRICAL_SURFACE('',#14395,7.);
#14395 = AXIS2_PLACEMENT_3D('',#14396,#14397,#14398);
#14396 = CARTESIAN_POINT('',(-148.5,-17.48181321077,42.741755588743));
#14397 = DIRECTION('',(1.,-4.593043360697E-18,2.21997095767E-16));
#14398 = DIRECTION('',(2.22044604925E-16,2.068522836773E-02,
    -0.999786037774));
#14399 = DEFINITIONAL_REPRESENTATION('',(#14400),#14404);
#14400 = LINE('',#14401,#14402);
#14401 = CARTESIAN_POINT('',(0.,0.));
#14402 = VECTOR('',#14403,1.);
#14403 = DIRECTION('',(1.,0.));
#14404 = ( GEOMETRIC_REPRESENTATION_CONTEXT(2) 
PARAMETRIC_REPRESENTATION_CONTEXT() REPRESENTATION_CONTEXT('2D SPACE',''
  ) );
#14405 = ORIENTED_EDGE('',*,*,#14406,.T.);
#14406 = EDGE_CURVE('',#14373,#14407,#14409,.T.);
#14407 = VERTEX_POINT('',#14408);
#14408 = CARTESIAN_POINT('',(-148.5,152.62660980934,39.259742146841));
#14409 = SURFACE_CURVE('',#14410,(#14414,#14421),.PCURVE_S1.);
#14410 = LINE('',#14411,#14412);
#14411 = CARTESIAN_POINT('',(-148.5,-17.33701661219,35.743253324326));
#14412 = VECTOR('',#14413,1.);
#14413 = DIRECTION('',(0.,0.999786037774,2.068522836773E-02));
#14414 = PCURVE('',#14382,#14415);
#14415 = DEFINITIONAL_REPRESENTATION('',(#14416),#14420);
#14416 = LINE('',#14417,#14418);
#14417 = CARTESIAN_POINT('',(0.,0.));
#14418 = VECTOR('',#14419,1.);
#14419 = DIRECTION('',(-1.950949445901E-19,-1.));
#14420 = ( GEOMETRIC_REPRESENTATION_CONTEXT(2) 
PARAMETRIC_REPRESENTATION_CONTEXT() REPRESENTATION_CONTEXT('2D SPACE',''
  ) );
#14421 = PCURVE('',#14422,#14427);
#14422 = PLANE('',#14423);
#14423 = AXIS2_PLACEMENT_3D('',#14424,#14425,#14426);
#14424 = CARTESIAN_POINT('',(-148.5,-17.33701661219,35.743253324326));
#14425 = DIRECTION('',(0.,-2.068522836773E-02,0.999786037774));
#14426 = DIRECTION('',(1.,0.,0.));
#14427 = DEFINITIONAL_REPRESENTATION('',(#14428),#14432);
#14428 = LINE('',#14429,#14430);
#14429 = CARTESIAN_POINT('',(0.,0.));
#14430 = VECTOR('',#14431,1.);
#14431 = DIRECTION('',(0.,1.));
#14432 = ( GEOMETRIC_REPRESENTATION_CONTEXT(2) 
PARAMETRIC_REPRESENTATION_CONTEXT() REPRESENTATION_CONTEXT('2D SPACE',''
  ) );
#14433 = ORIENTED_EDGE('',*,*,#14434,.T.);
#14434 = EDGE_CURVE('',#14407,#14435,#14437,.T.);
#14435 = VERTEX_POINT('',#14436);
#14436 = CARTESIAN_POINT('',(-148.5,152.33701661219,53.256746675674));
#14437 = SURFACE_CURVE('',#14438,(#14443,#14450),.PCURVE_S1.);
#14438 = CIRCLE('',#14439,7.);
#14439 = AXIS2_PLACEMENT_3D('',#14440,#14441,#14442);
#14440 = CARTESIAN_POINT('',(-148.5,152.48181321077,46.258244411257));
#14441 = DIRECTION('',(1.,-4.593043360697E-18,2.21997095767E-16));
#14442 = DIRECTION('',(2.22044604925E-16,2.068522836773E-02,
    -0.999786037774));
#14443 = PCURVE('',#14382,#14444);
#14444 = DEFINITIONAL_REPRESENTATION('',(#14445),#14449);
#14445 = CIRCLE('',#14446,7.);
#14446 = AXIS2_PLACEMENT_2D('',#14447,#14448);
#14447 = CARTESIAN_POINT('',(7.,-170.));
#14448 = DIRECTION('',(-1.,-1.950949445901E-19));
#14449 = ( GEOMETRIC_REPRESENTATION_CONTEXT(2) 
PARAMETRIC_REPRESENTATION_CONTEXT() REPRESENTATION_CONTEXT('2D SPACE',''
  ) );
#14450 = PCURVE('',#14451,#14456);
#14451 = CYLINDRICAL_SURFACE('',#14452,7.);
#14452 = AXIS2_PLACEMENT_3D('',#14453,#14454,#14455);
#14453 = CARTESIAN_POINT('',(-148.5,152.48181321077,46.258244411257));
#14454 = DIRECTION('',(1.,-4.593043360697E-18,2.21997095767E-16));
#14455 = DIRECTION('',(2.22044604925E-16,2.068522836773E-02,
    -0.999786037774));
#14456 = DEFINITIONAL_REPRESENTATION('',(#14457),#14461);
#14457 = LINE('',#14458,#14459);
#14458 = CARTESIAN_POINT('',(0.,0.));
#14459 = VECTOR('',#14460,1.);
#14460 = DIRECTION('',(1.,0.));
#14461 = ( GEOMETRIC_REPRESENTATION_CONTEXT(2) 
PARAMETRIC_REPRESENTATION_CONTEXT() REPRESENTATION_CONTEXT('2D SPACE',''
  ) );
#14462 = ORIENTED_EDGE('',*,*,#14463,.F.);
#14463 = EDGE_CURVE('',#14464,#14435,#14466,.T.);
#14464 = VERTEX_POINT('',#14465);
#14465 = CARTESIAN_POINT('',(-148.5,102.33204541723,52.222161064744));
#14466 = SURFACE_CURVE('',#14467,(#14471,#14478),.PCURVE_S1.);
#14467 = LINE('',#14468,#14469);
#14468 = CARTESIAN_POINT('',(-148.5,-17.62660980934,49.740257853159));
#14469 = VECTOR('',#14470,1.);
#14470 = DIRECTION('',(0.,0.999786037774,2.068522836773E-02));
#14471 = PCURVE('',#14382,#14472);
#14472 = DEFINITIONAL_REPRESENTATION('',(#14473),#14477);
#14473 = LINE('',#14474,#14475);
#14474 = CARTESIAN_POINT('',(14.,-5.896178186025E-16));
#14475 = VECTOR('',#14476,1.);
#14476 = DIRECTION('',(-1.950949445901E-19,-1.));
#14477 = ( GEOMETRIC_REPRESENTATION_CONTEXT(2) 
PARAMETRIC_REPRESENTATION_CONTEXT() REPRESENTATION_CONTEXT('2D SPACE',''
  ) );
#14478 = PCURVE('',#14479,#14484);
#14479 = PLANE('',#14480);
#14480 = AXIS2_PLACEMENT_3D('',#14481,#14482,#14483);
#14481 = CARTESIAN_POINT('',(-148.5,-17.62660980934,49.740257853159));
#14482 = DIRECTION('',(0.,-2.068522836773E-02,0.999786037774));
#14483 = DIRECTION('',(1.,0.,0.));
#14484 = DEFINITIONAL_REPRESENTATION('',(#14485),#14489);
#14485 = LINE('',#14486,#14487);
#14486 = CARTESIAN_POINT('',(0.,0.));
#14487 = VECTOR('',#14488,1.);
#14488 = DIRECTION('',(0.,1.));
#14489 = ( GEOMETRIC_REPRESENTATION_CONTEXT(2) 
PARAMETRIC_REPRESENTATION_CONTEXT() REPRESENTATION_CONTEXT('2D SPACE',''
  ) );
#14490 = ORIENTED_EDGE('',*,*,#14491,.T.);
#14491 = EDGE_CURVE('',#14464,#14492,#14494,.T.);
#14492 = VERTEX_POINT('',#14493);
#14493 = CARTESIAN_POINT('',(-148.5,66.622291627325,68.47896220275));
#14494 = SURFACE_CURVE('',#14495,(#14499,#14506),.PCURVE_S1.);
#14495 = LINE('',#14496,#14497);
#14496 = CARTESIAN_POINT('',(-148.5,103.02103779725,51.908498523876));
#14497 = VECTOR('',#14498,1.);
#14498 = DIRECTION('',(0.,-0.910125383008,0.414332942457));
#14499 = PCURVE('',#14382,#14500);
#14500 = DEFINITIONAL_REPRESENTATION('',(#14501),#14505);
#14501 = LINE('',#14502,#14503);
#14502 = CARTESIAN_POINT('',(13.672152606344,-120.6666841207));
#14503 = VECTOR('',#14504,1.);
#14504 = DIRECTION('',(0.433070442249,0.901360079019));
#14505 = ( GEOMETRIC_REPRESENTATION_CONTEXT(2) 
PARAMETRIC_REPRESENTATION_CONTEXT() REPRESENTATION_CONTEXT('2D SPACE',''
  ) );
#14506 = PCURVE('',#14507,#14512);
#14507 = PLANE('',#14508);
#14508 = AXIS2_PLACEMENT_3D('',#14509,#14510,#14511);
#14509 = CARTESIAN_POINT('',(-148.5,103.02103779725,51.908498523876));
#14510 = DIRECTION('',(0.,-0.414332942457,-0.910125383008));
#14511 = DIRECTION('',(1.,0.,0.));
#14512 = DEFINITIONAL_REPRESENTATION('',(#14513),#14517);
#14513 = LINE('',#14514,#14515);
#14514 = CARTESIAN_POINT('',(0.,0.));
#14515 = VECTOR('',#14516,1.);
#14516 = DIRECTION('',(0.,1.));
#14517 = ( GEOMETRIC_REPRESENTATION_CONTEXT(2) 
PARAMETRIC_REPRESENTATION_CONTEXT() REPRESENTATION_CONTEXT('2D SPACE',''
  ) );
#14518 = ORIENTED_EDGE('',*,*,#14519,.T.);
#14519 = EDGE_CURVE('',#14492,#14520,#14522,.T.);
#14520 = VERTEX_POINT('',#14521);
#14521 = CARTESIAN_POINT('',(-148.5,62.47896220275,59.377708372675));
#14522 = SURFACE_CURVE('',#14523,(#14528,#14535),.PCURVE_S1.);
#14523 = CIRCLE('',#14524,5.);
#14524 = AXIS2_PLACEMENT_3D('',#14525,#14526,#14527);
#14525 = CARTESIAN_POINT('',(-148.5,64.550626915037,63.928335287713));
#14526 = DIRECTION('',(1.,-9.200039451539E-17,-2.020884311021E-16));
#14527 = DIRECTION('',(2.22044604925E-16,0.414332942457,0.910125383008)
  );
#14528 = PCURVE('',#14382,#14529);
#14529 = DEFINITIONAL_REPRESENTATION('',(#14530),#14534);
#14530 = CIRCLE('',#14531,5.);
#14531 = AXIS2_PLACEMENT_2D('',#14532,#14533);
#14532 = CARTESIAN_POINT('',(26.485186813647,-82.4531375217));
#14533 = DIRECTION('',(0.901360079019,-0.433070442249));
#14534 = ( GEOMETRIC_REPRESENTATION_CONTEXT(2) 
PARAMETRIC_REPRESENTATION_CONTEXT() REPRESENTATION_CONTEXT('2D SPACE',''
  ) );
#14535 = PCURVE('',#14536,#14541);
#14536 = CYLINDRICAL_SURFACE('',#14537,5.);
#14537 = AXIS2_PLACEMENT_3D('',#14538,#14539,#14540);
#14538 = CARTESIAN_POINT('',(-148.5,64.550626915037,63.928335287713));
#14539 = DIRECTION('',(1.,-9.200039451539E-17,-2.020884311021E-16));
#14540 = DIRECTION('',(2.22044604925E-16,0.414332942457,0.910125383008)
  );
#14541 = DEFINITIONAL_REPRESENTATION('',(#14542),#14546);
#14542 = LINE('',#14543,#14544);
#14543 = CARTESIAN_POINT('',(0.,0.));
#14544 = VECTOR('',#14545,1.);
#14545 = DIRECTION('',(1.,0.));
#14546 = ( GEOMETRIC_REPRESENTATION_CONTEXT(2) 
PARAMETRIC_REPRESENTATION_CONTEXT() REPRESENTATION_CONTEXT('2D SPACE',''
  ) );
#14547 = ORIENTED_EDGE('',*,*,#14548,.F.);
#14548 = EDGE_CURVE('',#14549,#14520,#14551,.T.);
#14549 = VERTEX_POINT('',#14550);
#14550 = CARTESIAN_POINT('',(-148.5,79.24605431194,51.744519869461));
#14551 = SURFACE_CURVE('',#14552,(#14556,#14563),.PCURVE_S1.);
#14552 = LINE('',#14553,#14554);
#14553 = CARTESIAN_POINT('',(-148.5,98.877708372675,42.807244693801));
#14554 = VECTOR('',#14555,1.);
#14555 = DIRECTION('',(0.,-0.910125383008,0.414332942457));
#14556 = PCURVE('',#14382,#14557);
#14557 = DEFINITIONAL_REPRESENTATION('',(#14558),#14562);
#14558 = LINE('',#14559,#14560);
#14559 = CARTESIAN_POINT('',(4.65855181615,-116.3359796982));
#14560 = VECTOR('',#14561,1.);
#14561 = DIRECTION('',(0.433070442249,0.901360079019));
#14562 = ( GEOMETRIC_REPRESENTATION_CONTEXT(2) 
PARAMETRIC_REPRESENTATION_CONTEXT() REPRESENTATION_CONTEXT('2D SPACE',''
  ) );
#14563 = PCURVE('',#14564,#14569);
#14564 = PLANE('',#14565);
#14565 = AXIS2_PLACEMENT_3D('',#14566,#14567,#14568);
#14566 = CARTESIAN_POINT('',(-148.5,98.877708372675,42.807244693801));
#14567 = DIRECTION('',(0.,-0.414332942457,-0.910125383008));
#14568 = DIRECTION('',(1.,0.,0.));
#14569 = DEFINITIONAL_REPRESENTATION('',(#14570),#14574);
#14570 = LINE('',#14571,#14572);
#14571 = CARTESIAN_POINT('',(0.,0.));
#14572 = VECTOR('',#14573,1.);
#14573 = DIRECTION('',(0.,1.));
#14574 = ( GEOMETRIC_REPRESENTATION_CONTEXT(2) 
PARAMETRIC_REPRESENTATION_CONTEXT() REPRESENTATION_CONTEXT('2D SPACE',''
  ) );
#14575 = ORIENTED_EDGE('',*,*,#14576,.F.);
#14576 = EDGE_CURVE('',#14577,#14549,#14579,.T.);
#14577 = VERTEX_POINT('',#14578);
#14578 = CARTESIAN_POINT('',(-148.5,68.93852552031,51.531260653083));
#14579 = SURFACE_CURVE('',#14580,(#14584,#14591),.PCURVE_S1.);
#14580 = LINE('',#14581,#14582);
#14581 = CARTESIAN_POINT('',(-148.5,-17.62660980934,49.740257853159));
#14582 = VECTOR('',#14583,1.);
#14583 = DIRECTION('',(0.,0.999786037774,2.068522836773E-02));
#14584 = PCURVE('',#14382,#14585);
#14585 = DEFINITIONAL_REPRESENTATION('',(#14586),#14590);
#14586 = LINE('',#14587,#14588);
#14587 = CARTESIAN_POINT('',(14.,-5.896178186025E-16));
#14588 = VECTOR('',#14589,1.);
#14589 = DIRECTION('',(-1.950949445901E-19,-1.));
#14590 = ( GEOMETRIC_REPRESENTATION_CONTEXT(2) 
PARAMETRIC_REPRESENTATION_CONTEXT() REPRESENTATION_CONTEXT('2D SPACE',''
  ) );
#14591 = PCURVE('',#14592,#14597);
#14592 = PLANE('',#14593);
#14593 = AXIS2_PLACEMENT_3D('',#14594,#14595,#14596);
#14594 = CARTESIAN_POINT('',(-148.5,-17.62660980934,49.740257853159));
#14595 = DIRECTION('',(0.,-2.068522836773E-02,0.999786037774));
#14596 = DIRECTION('',(1.,0.,0.));
#14597 = DEFINITIONAL_REPRESENTATION('',(#14598),#14602);
#14598 = LINE('',#14599,#14600);
#14599 = CARTESIAN_POINT('',(0.,0.));
#14600 = VECTOR('',#14601,1.);
#14601 = DIRECTION('',(0.,1.));
#14602 = ( GEOMETRIC_REPRESENTATION_CONTEXT(2) 
PARAMETRIC_REPRESENTATION_CONTEXT() REPRESENTATION_CONTEXT('2D SPACE',''
  ) );
#14603 = ORIENTED_EDGE('',*,*,#14604,.T.);
#14604 = EDGE_CURVE('',#14577,#14605,#14607,.T.);
#14605 = VERTEX_POINT('',#14606);
#14606 = CARTESIAN_POINT('',(-148.5,36.736231420992,68.150159585436));
#14607 = SURFACE_CURVE('',#14608,(#14612,#14619),.PCURVE_S1.);
#14608 = LINE('',#14609,#14610);
#14609 = CARTESIAN_POINT('',(-148.5,69.349840414564,51.318990041682));
#14610 = VECTOR('',#14611,1.);
#14611 = DIRECTION('',(0.,-0.888639100643,0.458607183556));
#14612 = PCURVE('',#14382,#14613);
#14613 = DEFINITIONAL_REPRESENTATION('',(#14614),#14618);
#14614 = LINE('',#14615,#14616);
#14615 = CARTESIAN_POINT('',(13.779266663973,-86.99049698484));
#14616 = VECTOR('',#14617,1.);
#14617 = DIRECTION('',(0.476890761675,0.87896257112));
#14618 = ( GEOMETRIC_REPRESENTATION_CONTEXT(2) 
PARAMETRIC_REPRESENTATION_CONTEXT() REPRESENTATION_CONTEXT('2D SPACE',''
  ) );
#14619 = PCURVE('',#14620,#14625);
#14620 = PLANE('',#14621);
#14621 = AXIS2_PLACEMENT_3D('',#14622,#14623,#14624);
#14622 = CARTESIAN_POINT('',(-148.5,69.349840414564,51.318990041682));
#14623 = DIRECTION('',(0.,-0.458607183556,-0.888639100643));
#14624 = DIRECTION('',(1.,0.,0.));
#14625 = DEFINITIONAL_REPRESENTATION('',(#14626),#14630);
#14626 = LINE('',#14627,#14628);
#14627 = CARTESIAN_POINT('',(0.,0.));
#14628 = VECTOR('',#14629,1.);
#14629 = DIRECTION('',(0.,1.));
#14630 = ( GEOMETRIC_REPRESENTATION_CONTEXT(2) 
PARAMETRIC_REPRESENTATION_CONTEXT() REPRESENTATION_CONTEXT('2D SPACE',''
  ) );
#14631 = ORIENTED_EDGE('',*,*,#14632,.T.);
#14632 = EDGE_CURVE('',#14605,#14633,#14635,.T.);
#14633 = VERTEX_POINT('',#14634);
#14634 = CARTESIAN_POINT('',(-148.5,32.150159585436,59.263768579008));
#14635 = SURFACE_CURVE('',#14636,(#14641,#14648),.PCURVE_S1.);
#14636 = CIRCLE('',#14637,5.);
#14637 = AXIS2_PLACEMENT_3D('',#14638,#14639,#14640);
#14638 = CARTESIAN_POINT('',(-148.5,34.443195503214,63.706964082222));
#14639 = DIRECTION('',(1.,-1.018312508884E-16,-1.973175180232E-16));
#14640 = DIRECTION('',(2.22044604925E-16,0.458607183556,0.888639100643)
  );
#14641 = PCURVE('',#14382,#14642);
#14642 = DEFINITIONAL_REPRESENTATION('',(#14643),#14647);
#14643 = CIRCLE('',#14644,5.);
#14644 = AXIS2_PLACEMENT_2D('',#14645,#14646);
#14645 = CARTESIAN_POINT('',(26.886642067551,-52.34756884898));
#14646 = DIRECTION('',(0.87896257112,-0.476890761675));
#14647 = ( GEOMETRIC_REPRESENTATION_CONTEXT(2) 
PARAMETRIC_REPRESENTATION_CONTEXT() REPRESENTATION_CONTEXT('2D SPACE',''
  ) );
#14648 = PCURVE('',#14649,#14654);
#14649 = CYLINDRICAL_SURFACE('',#14650,5.);
#14650 = AXIS2_PLACEMENT_3D('',#14651,#14652,#14653);
#14651 = CARTESIAN_POINT('',(-148.5,34.443195503214,63.706964082222));
#14652 = DIRECTION('',(1.,-1.018312508884E-16,-1.973175180232E-16));
#14653 = DIRECTION('',(2.22044604925E-16,0.458607183556,0.888639100643)
  );
#14654 = DEFINITIONAL_REPRESENTATION('',(#14655),#14659);
#14655 = LINE('',#14656,#14657);
#14656 = CARTESIAN_POINT('',(0.,0.));
#14657 = VECTOR('',#14658,1.);
#14658 = DIRECTION('',(1.,0.));
#14659 = ( GEOMETRIC_REPRESENTATION_CONTEXT(2) 
PARAMETRIC_REPRESENTATION_CONTEXT() REPRESENTATION_CONTEXT('2D SPACE',''
  ) );
#14660 = ORIENTED_EDGE('',*,*,#14661,.F.);
#14661 = EDGE_CURVE('',#14662,#14633,#14664,.T.);
#14662 = VERTEX_POINT('',#14663);
#14663 = CARTESIAN_POINT('',(-148.5,47.973849369691,51.097508732725));
#14664 = SURFACE_CURVE('',#14665,(#14669,#14676),.PCURVE_S1.);
#14665 = LINE('',#14666,#14667);
#14666 = CARTESIAN_POINT('',(-148.5,64.763768579008,42.432599035254));
#14667 = VECTOR('',#14668,1.);
#14668 = DIRECTION('',(0.,-0.888639100643,0.458607183556));
#14669 = PCURVE('',#14382,#14670);
#14670 = DEFINITIONAL_REPRESENTATION('',(#14671),#14675);
#14671 = LINE('',#14672,#14673);
#14672 = CARTESIAN_POINT('',(4.989640952777,-82.22158936809));
#14673 = VECTOR('',#14674,1.);
#14674 = DIRECTION('',(0.476890761675,0.87896257112));
#14675 = ( GEOMETRIC_REPRESENTATION_CONTEXT(2) 
PARAMETRIC_REPRESENTATION_CONTEXT() REPRESENTATION_CONTEXT('2D SPACE',''
  ) );
#14676 = PCURVE('',#14677,#14682);
#14677 = PLANE('',#14678);
#14678 = AXIS2_PLACEMENT_3D('',#14679,#14680,#14681);
#14679 = CARTESIAN_POINT('',(-148.5,64.763768579008,42.432599035254));
#14680 = DIRECTION('',(0.,-0.458607183556,-0.888639100643));
#14681 = DIRECTION('',(1.,0.,0.));
#14682 = DEFINITIONAL_REPRESENTATION('',(#14683),#14687);
#14683 = LINE('',#14684,#14685);
#14684 = CARTESIAN_POINT('',(0.,0.));
#14685 = VECTOR('',#14686,1.);
#14686 = DIRECTION('',(0.,1.));
#14687 = ( GEOMETRIC_REPRESENTATION_CONTEXT(2) 
PARAMETRIC_REPRESENTATION_CONTEXT() REPRESENTATION_CONTEXT('2D SPACE',''
  ) );
#14688 = ORIENTED_EDGE('',*,*,#14689,.F.);
#14689 = EDGE_CURVE('',#14371,#14662,#14690,.T.);
#14690 = SURFACE_CURVE('',#14691,(#14695,#14702),.PCURVE_S1.);
#14691 = LINE('',#14692,#14693);
#14692 = CARTESIAN_POINT('',(-148.5,-17.62660980934,49.740257853159));
#14693 = VECTOR('',#14694,1.);
#14694 = DIRECTION('',(0.,0.999786037774,2.068522836773E-02));
#14695 = PCURVE('',#14382,#14696);
#14696 = DEFINITIONAL_REPRESENTATION('',(#14697),#14701);
#14697 = LINE('',#14698,#14699);
#14698 = CARTESIAN_POINT('',(14.,-5.896178186025E-16));
#14699 = VECTOR('',#14700,1.);
#14700 = DIRECTION('',(-1.950949445901E-19,-1.));
#14701 = ( GEOMETRIC_REPRESENTATION_CONTEXT(2) 
PARAMETRIC_REPRESENTATION_CONTEXT() REPRESENTATION_CONTEXT('2D SPACE',''
  ) );
#14702 = PCURVE('',#14703,#14708);
#14703 = PLANE('',#14704);
#14704 = AXIS2_PLACEMENT_3D('',#14705,#14706,#14707);
#14705 = CARTESIAN_POINT('',(-148.5,-17.62660980934,49.740257853159));
#14706 = DIRECTION('',(0.,-2.068522836773E-02,0.999786037774));
#14707 = DIRECTION('',(1.,0.,0.));
#14708 = DEFINITIONAL_REPRESENTATION('',(#14709),#14713);
#14709 = LINE('',#14710,#14711);
#14710 = CARTESIAN_POINT('',(0.,0.));
#14711 = VECTOR('',#14712,1.);
#14712 = DIRECTION('',(0.,1.));
#14713 = ( GEOMETRIC_REPRESENTATION_CONTEXT(2) 
PARAMETRIC_REPRESENTATION_CONTEXT() REPRESENTATION_CONTEXT('2D SPACE',''
  ) );
#14714 = FACE_BOUND('',#14715,.F.);
#14715 = EDGE_LOOP('',(#14716,#14745,#14773,#14802,#14829,#14858,#14885,
    #14914,#14941,#14969));
#14716 = ORIENTED_EDGE('',*,*,#14717,.F.);
#14717 = EDGE_CURVE('',#14718,#14720,#14722,.T.);
#14718 = VERTEX_POINT('',#14719);
#14719 = CARTESIAN_POINT('',(-148.5,86.39137294914,48.491626420908));
#14720 = VERTEX_POINT('',#14721);
#14721 = CARTESIAN_POINT('',(-148.5,71.880617513675,48.191403894657));
#14722 = SURFACE_CURVE('',#14723,(#14727,#14734),.PCURVE_S1.);
#14723 = LINE('',#14724,#14725);
#14724 = CARTESIAN_POINT('',(-148.5,-15.7566651649,46.37821873579));
#14725 = VECTOR('',#14726,1.);
#14726 = DIRECTION('',(0.,-0.999786037774,-2.068522836773E-02));
#14727 = PCURVE('',#14382,#14728);
#14728 = DEFINITIONAL_REPRESENTATION('',(#14729),#14733);
#14729 = LINE('',#14730,#14731);
#14730 = CARTESIAN_POINT('',(10.6,-1.8));
#14731 = VECTOR('',#14732,1.);
#14732 = DIRECTION('',(1.950949445901E-19,1.));
#14733 = ( GEOMETRIC_REPRESENTATION_CONTEXT(2) 
PARAMETRIC_REPRESENTATION_CONTEXT() REPRESENTATION_CONTEXT('2D SPACE',''
  ) );
#14734 = PCURVE('',#14735,#14740);
#14735 = PLANE('',#14736);
#14736 = AXIS2_PLACEMENT_3D('',#14737,#14738,#14739);
#14737 = CARTESIAN_POINT('',(-149.5,-13.9570502969,46.415452146852));
#14738 = DIRECTION('',(0.,-2.068522836773E-02,0.999786037774));
#14739 = DIRECTION('',(1.,0.,0.));
#14740 = DEFINITIONAL_REPRESENTATION('',(#14741),#14744);
#14741 = B_SPLINE_CURVE_WITH_KNOTS('',1,(#14742,#14743),.UNSPECIFIED.,
  .F.,.F.,(2,2),(-164.6,-1.8),.PIECEWISE_BEZIER_KNOTS.);
#14742 = CARTESIAN_POINT('',(1.,162.8));
#14743 = CARTESIAN_POINT('',(1.,0.));
#14744 = ( GEOMETRIC_REPRESENTATION_CONTEXT(2) 
PARAMETRIC_REPRESENTATION_CONTEXT() REPRESENTATION_CONTEXT('2D SPACE',''
  ) );
#14745 = ORIENTED_EDGE('',*,*,#14746,.F.);
#14746 = EDGE_CURVE('',#14747,#14718,#14749,.T.);
#14747 = VERTEX_POINT('',#14748);
#14748 = CARTESIAN_POINT('',(-148.5,98.877708372675,42.807244693801));
#14749 = SURFACE_CURVE('',#14750,(#14754,#14761),.PCURVE_S1.);
#14750 = LINE('',#14751,#14752);
#14751 = CARTESIAN_POINT('',(-148.5,98.877708372675,42.807244693801));
#14752 = VECTOR('',#14753,1.);
#14753 = DIRECTION('',(0.,-0.910125383008,0.414332942457));
#14754 = PCURVE('',#14382,#14755);
#14755 = DEFINITIONAL_REPRESENTATION('',(#14756),#14760);
#14756 = LINE('',#14757,#14758);
#14757 = CARTESIAN_POINT('',(4.65855181615,-116.3359796982));
#14758 = VECTOR('',#14759,1.);
#14759 = DIRECTION('',(0.433070442249,0.901360079019));
#14760 = ( GEOMETRIC_REPRESENTATION_CONTEXT(2) 
PARAMETRIC_REPRESENTATION_CONTEXT() REPRESENTATION_CONTEXT('2D SPACE',''
  ) );
#14761 = PCURVE('',#14762,#14767);
#14762 = PLANE('',#14763);
#14763 = AXIS2_PLACEMENT_3D('',#14764,#14765,#14766);
#14764 = CARTESIAN_POINT('',(-148.5,98.877708372675,42.807244693801));
#14765 = DIRECTION('',(0.,-0.414332942457,-0.910125383008));
#14766 = DIRECTION('',(1.,0.,0.));
#14767 = DEFINITIONAL_REPRESENTATION('',(#14768),#14772);
#14768 = LINE('',#14769,#14770);
#14769 = CARTESIAN_POINT('',(0.,0.));
#14770 = VECTOR('',#14771,1.);
#14771 = DIRECTION('',(0.,1.));
#14772 = ( GEOMETRIC_REPRESENTATION_CONTEXT(2) 
PARAMETRIC_REPRESENTATION_CONTEXT() REPRESENTATION_CONTEXT('2D SPACE',''
  ) );
#14773 = ORIENTED_EDGE('',*,*,#14774,.T.);
#14774 = EDGE_CURVE('',#14747,#14775,#14777,.T.);
#14775 = VERTEX_POINT('',#14776);
#14776 = CARTESIAN_POINT('',(-148.5,105.70843066047,48.891289683902));
#14777 = SURFACE_CURVE('',#14778,(#14783,#14790),.PCURVE_S1.);
#14778 = CIRCLE('',#14779,5.);
#14779 = AXIS2_PLACEMENT_3D('',#14780,#14781,#14782);
#14780 = CARTESIAN_POINT('',(-148.5,100.94937308496,47.357871608839));
#14781 = DIRECTION('',(1.,-9.200039451539E-17,-2.020884311021E-16));
#14782 = DIRECTION('',(2.22044604925E-16,0.414332942457,0.910125383008)
  );
#14783 = PCURVE('',#14382,#14784);
#14784 = DEFINITIONAL_REPRESENTATION('',(#14785),#14789);
#14785 = CIRCLE('',#14786,5.);
#14786 = AXIS2_PLACEMENT_2D('',#14787,#14788);
#14787 = CARTESIAN_POINT('',(9.165352211247,-118.5013319095));
#14788 = DIRECTION('',(0.901360079019,-0.433070442249));
#14789 = ( GEOMETRIC_REPRESENTATION_CONTEXT(2) 
PARAMETRIC_REPRESENTATION_CONTEXT() REPRESENTATION_CONTEXT('2D SPACE',''
  ) );
#14790 = PCURVE('',#14791,#14796);
#14791 = CYLINDRICAL_SURFACE('',#14792,5.);
#14792 = AXIS2_PLACEMENT_3D('',#14793,#14794,#14795);
#14793 = CARTESIAN_POINT('',(-148.5,100.94937308496,47.357871608839));
#14794 = DIRECTION('',(1.,-9.200039451539E-17,-2.020884311021E-16));
#14795 = DIRECTION('',(2.22044604925E-16,0.414332942457,0.910125383008)
  );
#14796 = DEFINITIONAL_REPRESENTATION('',(#14797),#14801);
#14797 = LINE('',#14798,#14799);
#14798 = CARTESIAN_POINT('',(0.,0.));
#14799 = VECTOR('',#14800,1.);
#14800 = DIRECTION('',(1.,0.));
#14801 = ( GEOMETRIC_REPRESENTATION_CONTEXT(2) 
PARAMETRIC_REPRESENTATION_CONTEXT() REPRESENTATION_CONTEXT('2D SPACE',''
  ) );
#14802 = ORIENTED_EDGE('',*,*,#14803,.F.);
#14803 = EDGE_CURVE('',#14804,#14775,#14806,.T.);
#14804 = VERTEX_POINT('',#14805);
#14805 = CARTESIAN_POINT('',(-148.5,148.80811665266,49.783007325119));
#14806 = SURFACE_CURVE('',#14807,(#14811,#14818),.PCURVE_S1.);
#14807 = LINE('',#14808,#14809);
#14808 = CARTESIAN_POINT('',(-148.5,-15.7566651649,46.37821873579));
#14809 = VECTOR('',#14810,1.);
#14810 = DIRECTION('',(0.,-0.999786037774,-2.068522836773E-02));
#14811 = PCURVE('',#14382,#14812);
#14812 = DEFINITIONAL_REPRESENTATION('',(#14813),#14817);
#14813 = LINE('',#14814,#14815);
#14814 = CARTESIAN_POINT('',(10.6,-1.8));
#14815 = VECTOR('',#14816,1.);
#14816 = DIRECTION('',(1.950949445901E-19,1.));
#14817 = ( GEOMETRIC_REPRESENTATION_CONTEXT(2) 
PARAMETRIC_REPRESENTATION_CONTEXT() REPRESENTATION_CONTEXT('2D SPACE',''
  ) );
#14818 = PCURVE('',#14819,#14824);
#14819 = PLANE('',#14820);
#14820 = AXIS2_PLACEMENT_3D('',#14821,#14822,#14823);
#14821 = CARTESIAN_POINT('',(-149.5,-13.9570502969,46.415452146852));
#14822 = DIRECTION('',(0.,-2.068522836773E-02,0.999786037774));
#14823 = DIRECTION('',(1.,0.,0.));
#14824 = DEFINITIONAL_REPRESENTATION('',(#14825),#14828);
#14825 = B_SPLINE_CURVE_WITH_KNOTS('',1,(#14826,#14827),.UNSPECIFIED.,
  .F.,.F.,(2,2),(-164.6,-1.8),.PIECEWISE_BEZIER_KNOTS.);
#14826 = CARTESIAN_POINT('',(1.,162.8));
#14827 = CARTESIAN_POINT('',(1.,0.));
#14828 = ( GEOMETRIC_REPRESENTATION_CONTEXT(2) 
PARAMETRIC_REPRESENTATION_CONTEXT() REPRESENTATION_CONTEXT('2D SPACE',''
  ) );
#14829 = ORIENTED_EDGE('',*,*,#14830,.F.);
#14830 = EDGE_CURVE('',#14831,#14804,#14833,.T.);
#14831 = VERTEX_POINT('',#14832);
#14832 = CARTESIAN_POINT('',(-148.5,148.9570502969,42.584547853148));
#14833 = SURFACE_CURVE('',#14834,(#14839,#14846),.PCURVE_S1.);
#14834 = CIRCLE('',#14835,3.6);
#14835 = AXIS2_PLACEMENT_3D('',#14836,#14837,#14838);
#14836 = CARTESIAN_POINT('',(-148.5,148.88258347478,46.183777589133));
#14837 = DIRECTION('',(1.,-4.593043360697E-18,2.21997095767E-16));
#14838 = DIRECTION('',(2.22044604925E-16,2.068522836773E-02,
    -0.999786037774));
#14839 = PCURVE('',#14382,#14840);
#14840 = DEFINITIONAL_REPRESENTATION('',(#14841),#14845);
#14841 = CIRCLE('',#14842,3.6);
#14842 = AXIS2_PLACEMENT_2D('',#14843,#14844);
#14843 = CARTESIAN_POINT('',(7.,-166.4));
#14844 = DIRECTION('',(-1.,-1.950949445901E-19));
#14845 = ( GEOMETRIC_REPRESENTATION_CONTEXT(2) 
PARAMETRIC_REPRESENTATION_CONTEXT() REPRESENTATION_CONTEXT('2D SPACE',''
  ) );
#14846 = PCURVE('',#14847,#14852);
#14847 = CYLINDRICAL_SURFACE('',#14848,3.6);
#14848 = AXIS2_PLACEMENT_3D('',#14849,#14850,#14851);
#14849 = CARTESIAN_POINT('',(-149.5,148.88258347478,46.183777589133));
#14850 = DIRECTION('',(1.,-4.593043360697E-18,2.21997095767E-16));
#14851 = DIRECTION('',(2.22044604925E-16,2.068522836773E-02,
    -0.999786037774));
#14852 = DEFINITIONAL_REPRESENTATION('',(#14853),#14857);
#14853 = LINE('',#14854,#14855);
#14854 = CARTESIAN_POINT('',(1.950949445901E-19,1.));
#14855 = VECTOR('',#14856,1.);
#14856 = DIRECTION('',(1.,0.));
#14857 = ( GEOMETRIC_REPRESENTATION_CONTEXT(2) 
PARAMETRIC_REPRESENTATION_CONTEXT() REPRESENTATION_CONTEXT('2D SPACE',''
  ) );
#14858 = ORIENTED_EDGE('',*,*,#14859,.T.);
#14859 = EDGE_CURVE('',#14831,#14860,#14862,.T.);
#14860 = VERTEX_POINT('',#14861);
#14861 = CARTESIAN_POINT('',(-148.5,-13.80811665266,39.216992674881));
#14862 = SURFACE_CURVE('',#14863,(#14867,#14874),.PCURVE_S1.);
#14863 = LINE('',#14864,#14865);
#14864 = CARTESIAN_POINT('',(-148.5,-15.60773152065,39.179759263819));
#14865 = VECTOR('',#14866,1.);
#14866 = DIRECTION('',(0.,-0.999786037774,-2.068522836773E-02));
#14867 = PCURVE('',#14382,#14868);
#14868 = DEFINITIONAL_REPRESENTATION('',(#14869),#14873);
#14869 = LINE('',#14870,#14871);
#14870 = CARTESIAN_POINT('',(3.4,-1.8));
#14871 = VECTOR('',#14872,1.);
#14872 = DIRECTION('',(1.950949445901E-19,1.));
#14873 = ( GEOMETRIC_REPRESENTATION_CONTEXT(2) 
PARAMETRIC_REPRESENTATION_CONTEXT() REPRESENTATION_CONTEXT('2D SPACE',''
  ) );
#14874 = PCURVE('',#14875,#14880);
#14875 = PLANE('',#14876);
#14876 = AXIS2_PLACEMENT_3D('',#14877,#14878,#14879);
#14877 = CARTESIAN_POINT('',(-149.5,-13.80811665266,39.216992674881));
#14878 = DIRECTION('',(0.,-2.068522836773E-02,0.999786037774));
#14879 = DIRECTION('',(1.,0.,0.));
#14880 = DEFINITIONAL_REPRESENTATION('',(#14881),#14884);
#14881 = B_SPLINE_CURVE_WITH_KNOTS('',1,(#14882,#14883),.UNSPECIFIED.,
  .F.,.F.,(2,2),(-164.6,-1.8),.PIECEWISE_BEZIER_KNOTS.);
#14882 = CARTESIAN_POINT('',(1.,162.8));
#14883 = CARTESIAN_POINT('',(1.,0.));
#14884 = ( GEOMETRIC_REPRESENTATION_CONTEXT(2) 
PARAMETRIC_REPRESENTATION_CONTEXT() REPRESENTATION_CONTEXT('2D SPACE',''
  ) );
#14885 = ORIENTED_EDGE('',*,*,#14886,.F.);
#14886 = EDGE_CURVE('',#14887,#14860,#14889,.T.);
#14887 = VERTEX_POINT('',#14888);
#14888 = CARTESIAN_POINT('',(-148.5,-13.9570502969,46.415452146852));
#14889 = SURFACE_CURVE('',#14890,(#14895,#14902),.PCURVE_S1.);
#14890 = CIRCLE('',#14891,3.6);
#14891 = AXIS2_PLACEMENT_3D('',#14892,#14893,#14894);
#14892 = CARTESIAN_POINT('',(-148.5,-13.88258347478,42.816222410867));
#14893 = DIRECTION('',(1.,-4.593043360697E-18,2.21997095767E-16));
#14894 = DIRECTION('',(2.22044604925E-16,2.068522836773E-02,
    -0.999786037774));
#14895 = PCURVE('',#14382,#14896);
#14896 = DEFINITIONAL_REPRESENTATION('',(#14897),#14901);
#14897 = CIRCLE('',#14898,3.6);
#14898 = AXIS2_PLACEMENT_2D('',#14899,#14900);
#14899 = CARTESIAN_POINT('',(7.,-3.6));
#14900 = DIRECTION('',(-1.,-1.950949445901E-19));
#14901 = ( GEOMETRIC_REPRESENTATION_CONTEXT(2) 
PARAMETRIC_REPRESENTATION_CONTEXT() REPRESENTATION_CONTEXT('2D SPACE',''
  ) );
#14902 = PCURVE('',#14903,#14908);
#14903 = CYLINDRICAL_SURFACE('',#14904,3.6);
#14904 = AXIS2_PLACEMENT_3D('',#14905,#14906,#14907);
#14905 = CARTESIAN_POINT('',(-149.5,-13.88258347478,42.816222410867));
#14906 = DIRECTION('',(1.,-4.593043360697E-18,2.21997095767E-16));
#14907 = DIRECTION('',(2.22044604925E-16,2.068522836773E-02,
    -0.999786037774));
#14908 = DEFINITIONAL_REPRESENTATION('',(#14909),#14913);
#14909 = LINE('',#14910,#14911);
#14910 = CARTESIAN_POINT('',(0.,1.));
#14911 = VECTOR('',#14912,1.);
#14912 = DIRECTION('',(1.,0.));
#14913 = ( GEOMETRIC_REPRESENTATION_CONTEXT(2) 
PARAMETRIC_REPRESENTATION_CONTEXT() REPRESENTATION_CONTEXT('2D SPACE',''
  ) );
#14914 = ORIENTED_EDGE('',*,*,#14915,.F.);
#14915 = EDGE_CURVE('',#14916,#14887,#14918,.T.);
#14916 = VERTEX_POINT('',#14917);
#14917 = CARTESIAN_POINT('',(-148.5,54.309415467834,47.827861783364));
#14918 = SURFACE_CURVE('',#14919,(#14923,#14930),.PCURVE_S1.);
#14919 = LINE('',#14920,#14921);
#14920 = CARTESIAN_POINT('',(-148.5,-15.7566651649,46.37821873579));
#14921 = VECTOR('',#14922,1.);
#14922 = DIRECTION('',(0.,-0.999786037774,-2.068522836773E-02));
#14923 = PCURVE('',#14382,#14924);
#14924 = DEFINITIONAL_REPRESENTATION('',(#14925),#14929);
#14925 = LINE('',#14926,#14927);
#14926 = CARTESIAN_POINT('',(10.6,-1.8));
#14927 = VECTOR('',#14928,1.);
#14928 = DIRECTION('',(1.950949445901E-19,1.));
#14929 = ( GEOMETRIC_REPRESENTATION_CONTEXT(2) 
PARAMETRIC_REPRESENTATION_CONTEXT() REPRESENTATION_CONTEXT('2D SPACE',''
  ) );
#14930 = PCURVE('',#14931,#14936);
#14931 = PLANE('',#14932);
#14932 = AXIS2_PLACEMENT_3D('',#14933,#14934,#14935);
#14933 = CARTESIAN_POINT('',(-149.5,-13.9570502969,46.415452146852));
#14934 = DIRECTION('',(0.,-2.068522836773E-02,0.999786037774));
#14935 = DIRECTION('',(1.,0.,0.));
#14936 = DEFINITIONAL_REPRESENTATION('',(#14937),#14940);
#14937 = B_SPLINE_CURVE_WITH_KNOTS('',1,(#14938,#14939),.UNSPECIFIED.,
  .F.,.F.,(2,2),(-164.6,-1.8),.PIECEWISE_BEZIER_KNOTS.);
#14938 = CARTESIAN_POINT('',(1.,162.8));
#14939 = CARTESIAN_POINT('',(1.,0.));
#14940 = ( GEOMETRIC_REPRESENTATION_CONTEXT(2) 
PARAMETRIC_REPRESENTATION_CONTEXT() REPRESENTATION_CONTEXT('2D SPACE',''
  ) );
#14941 = ORIENTED_EDGE('',*,*,#14942,.F.);
#14942 = EDGE_CURVE('',#14943,#14916,#14945,.T.);
#14943 = VERTEX_POINT('',#14944);
#14944 = CARTESIAN_POINT('',(-148.5,64.763768579008,42.432599035254));
#14945 = SURFACE_CURVE('',#14946,(#14950,#14957),.PCURVE_S1.);
#14946 = LINE('',#14947,#14948);
#14947 = CARTESIAN_POINT('',(-148.5,64.763768579008,42.432599035254));
#14948 = VECTOR('',#14949,1.);
#14949 = DIRECTION('',(0.,-0.888639100643,0.458607183556));
#14950 = PCURVE('',#14382,#14951);
#14951 = DEFINITIONAL_REPRESENTATION('',(#14952),#14956);
#14952 = LINE('',#14953,#14954);
#14953 = CARTESIAN_POINT('',(4.989640952777,-82.22158936809));
#14954 = VECTOR('',#14955,1.);
#14955 = DIRECTION('',(0.476890761675,0.87896257112));
#14956 = ( GEOMETRIC_REPRESENTATION_CONTEXT(2) 
PARAMETRIC_REPRESENTATION_CONTEXT() REPRESENTATION_CONTEXT('2D SPACE',''
  ) );
#14957 = PCURVE('',#14958,#14963);
#14958 = PLANE('',#14959);
#14959 = AXIS2_PLACEMENT_3D('',#14960,#14961,#14962);
#14960 = CARTESIAN_POINT('',(-148.5,64.763768579008,42.432599035254));
#14961 = DIRECTION('',(0.,-0.458607183556,-0.888639100643));
#14962 = DIRECTION('',(1.,0.,0.));
#14963 = DEFINITIONAL_REPRESENTATION('',(#14964),#14968);
#14964 = LINE('',#14965,#14966);
#14965 = CARTESIAN_POINT('',(0.,0.));
#14966 = VECTOR('',#14967,1.);
#14967 = DIRECTION('',(0.,1.));
#14968 = ( GEOMETRIC_REPRESENTATION_CONTEXT(2) 
PARAMETRIC_REPRESENTATION_CONTEXT() REPRESENTATION_CONTEXT('2D SPACE',''
  ) );
#14969 = ORIENTED_EDGE('',*,*,#14970,.T.);
#14970 = EDGE_CURVE('',#14943,#14720,#14971,.T.);
#14971 = SURFACE_CURVE('',#14972,(#14977,#14984),.PCURVE_S1.);
#14972 = CIRCLE('',#14973,5.);
#14973 = AXIS2_PLACEMENT_3D('',#14974,#14975,#14976);
#14974 = CARTESIAN_POINT('',(-148.5,67.056804496786,46.875794538468));
#14975 = DIRECTION('',(1.,-1.018312508884E-16,-1.973175180232E-16));
#14976 = DIRECTION('',(2.22044604925E-16,0.458607183556,0.888639100643)
  );
#14977 = PCURVE('',#14382,#14978);
#14978 = DEFINITIONAL_REPRESENTATION('',(#14979),#14983);
#14979 = CIRCLE('',#14980,5.);
#14980 = AXIS2_PLACEMENT_2D('',#14981,#14982);
#14981 = CARTESIAN_POINT('',(9.384453808375,-84.60604317646));
#14982 = DIRECTION('',(0.87896257112,-0.476890761675));
#14983 = ( GEOMETRIC_REPRESENTATION_CONTEXT(2) 
PARAMETRIC_REPRESENTATION_CONTEXT() REPRESENTATION_CONTEXT('2D SPACE',''
  ) );
#14984 = PCURVE('',#14985,#14990);
#14985 = CYLINDRICAL_SURFACE('',#14986,5.);
#14986 = AXIS2_PLACEMENT_3D('',#14987,#14988,#14989);
#14987 = CARTESIAN_POINT('',(-148.5,67.056804496786,46.875794538468));
#14988 = DIRECTION('',(1.,-1.018312508884E-16,-1.973175180232E-16));
#14989 = DIRECTION('',(2.22044604925E-16,0.458607183556,0.888639100643)
  );
#14990 = DEFINITIONAL_REPRESENTATION('',(#14991),#14995);
#14991 = LINE('',#14992,#14993);
#14992 = CARTESIAN_POINT('',(0.,0.));
#14993 = VECTOR('',#14994,1.);
#14994 = DIRECTION('',(1.,0.));
#14995 = ( GEOMETRIC_REPRESENTATION_CONTEXT(2) 
PARAMETRIC_REPRESENTATION_CONTEXT() REPRESENTATION_CONTEXT('2D SPACE',''
  ) );
#14996 = ADVANCED_FACE('',(#14997),#14394,.T.);
#14997 = FACE_BOUND('',#14998,.T.);
#14998 = EDGE_LOOP('',(#14999,#15021,#15050,#15071));
#14999 = ORIENTED_EDGE('',*,*,#15000,.T.);
#15000 = EDGE_CURVE('',#14373,#15001,#15003,.T.);
#15001 = VERTEX_POINT('',#15002);
#15002 = CARTESIAN_POINT('',(-145.5,-17.33701661219,35.743253324326));
#15003 = SURFACE_CURVE('',#15004,(#15008,#15014),.PCURVE_S1.);
#15004 = LINE('',#15005,#15006);
#15005 = CARTESIAN_POINT('',(-148.5,-17.33701661219,35.743253324326));
#15006 = VECTOR('',#15007,1.);
#15007 = DIRECTION('',(1.,0.,0.));
#15008 = PCURVE('',#14394,#15009);
#15009 = DEFINITIONAL_REPRESENTATION('',(#15010),#15013);
#15010 = B_SPLINE_CURVE_WITH_KNOTS('',1,(#15011,#15012),.UNSPECIFIED.,
  .F.,.F.,(2,2),(0.,3.),.PIECEWISE_BEZIER_KNOTS.);
#15011 = CARTESIAN_POINT('',(6.28318530718,0.));
#15012 = CARTESIAN_POINT('',(6.28318530718,3.));
#15013 = ( GEOMETRIC_REPRESENTATION_CONTEXT(2) 
PARAMETRIC_REPRESENTATION_CONTEXT() REPRESENTATION_CONTEXT('2D SPACE',''
  ) );
#15014 = PCURVE('',#14422,#15015);
#15015 = DEFINITIONAL_REPRESENTATION('',(#15016),#15020);
#15016 = LINE('',#15017,#15018);
#15017 = CARTESIAN_POINT('',(0.,0.));
#15018 = VECTOR('',#15019,1.);
#15019 = DIRECTION('',(1.,0.));
#15020 = ( GEOMETRIC_REPRESENTATION_CONTEXT(2) 
PARAMETRIC_REPRESENTATION_CONTEXT() REPRESENTATION_CONTEXT('2D SPACE',''
  ) );
#15021 = ORIENTED_EDGE('',*,*,#15022,.F.);
#15022 = EDGE_CURVE('',#15023,#15001,#15025,.T.);
#15023 = VERTEX_POINT('',#15024);
#15024 = CARTESIAN_POINT('',(-145.5,-17.62660980934,49.740257853159));
#15025 = SURFACE_CURVE('',#15026,(#15031,#15038),.PCURVE_S1.);
#15026 = CIRCLE('',#15027,7.);
#15027 = AXIS2_PLACEMENT_3D('',#15028,#15029,#15030);
#15028 = CARTESIAN_POINT('',(-145.5,-17.48181321077,42.741755588743));
#15029 = DIRECTION('',(1.,-4.593043360697E-18,2.21997095767E-16));
#15030 = DIRECTION('',(2.22044604925E-16,2.068522836773E-02,
    -0.999786037774));
#15031 = PCURVE('',#14394,#15032);
#15032 = DEFINITIONAL_REPRESENTATION('',(#15033),#15037);
#15033 = LINE('',#15034,#15035);
#15034 = CARTESIAN_POINT('',(0.,3.));
#15035 = VECTOR('',#15036,1.);
#15036 = DIRECTION('',(1.,0.));
#15037 = ( GEOMETRIC_REPRESENTATION_CONTEXT(2) 
PARAMETRIC_REPRESENTATION_CONTEXT() REPRESENTATION_CONTEXT('2D SPACE',''
  ) );
#15038 = PCURVE('',#15039,#15044);
#15039 = PLANE('',#15040);
#15040 = AXIS2_PLACEMENT_3D('',#15041,#15042,#15043);
#15041 = CARTESIAN_POINT('',(-145.5,-17.33701661219,35.743253324326));
#15042 = DIRECTION('',(1.,0.,0.));
#15043 = DIRECTION('',(0.,-2.068522836773E-02,0.999786037774));
#15044 = DEFINITIONAL_REPRESENTATION('',(#15045),#15049);
#15045 = CIRCLE('',#15046,7.);
#15046 = AXIS2_PLACEMENT_2D('',#15047,#15048);
#15047 = CARTESIAN_POINT('',(7.,-2.213202155301E-16));
#15048 = DIRECTION('',(-1.,-1.950949445901E-19));
#15049 = ( GEOMETRIC_REPRESENTATION_CONTEXT(2) 
PARAMETRIC_REPRESENTATION_CONTEXT() REPRESENTATION_CONTEXT('2D SPACE',''
  ) );
#15050 = ORIENTED_EDGE('',*,*,#15051,.F.);
#15051 = EDGE_CURVE('',#14371,#15023,#15052,.T.);
#15052 = SURFACE_CURVE('',#15053,(#15057,#15064),.PCURVE_S1.);
#15053 = LINE('',#15054,#15055);
#15054 = CARTESIAN_POINT('',(-148.5,-17.62660980934,49.740257853159));
#15055 = VECTOR('',#15056,1.);
#15056 = DIRECTION('',(1.,0.,0.));
#15057 = PCURVE('',#14394,#15058);
#15058 = DEFINITIONAL_REPRESENTATION('',(#15059),#15063);
#15059 = LINE('',#15060,#15061);
#15060 = CARTESIAN_POINT('',(3.14159265359,1.554312234475E-15));
#15061 = VECTOR('',#15062,1.);
#15062 = DIRECTION('',(0.,1.));
#15063 = ( GEOMETRIC_REPRESENTATION_CONTEXT(2) 
PARAMETRIC_REPRESENTATION_CONTEXT() REPRESENTATION_CONTEXT('2D SPACE',''
  ) );
#15064 = PCURVE('',#14703,#15065);
#15065 = DEFINITIONAL_REPRESENTATION('',(#15066),#15070);
#15066 = LINE('',#15067,#15068);
#15067 = CARTESIAN_POINT('',(0.,0.));
#15068 = VECTOR('',#15069,1.);
#15069 = DIRECTION('',(1.,0.));
#15070 = ( GEOMETRIC_REPRESENTATION_CONTEXT(2) 
PARAMETRIC_REPRESENTATION_CONTEXT() REPRESENTATION_CONTEXT('2D SPACE',''
  ) );
#15071 = ORIENTED_EDGE('',*,*,#14370,.T.);
#15072 = ADVANCED_FACE('',(#15073),#14703,.T.);
#15073 = FACE_BOUND('',#15074,.T.);
#15074 = EDGE_LOOP('',(#15075,#15076,#15077,#15100));
#15075 = ORIENTED_EDGE('',*,*,#14689,.F.);
#15076 = ORIENTED_EDGE('',*,*,#15051,.T.);
#15077 = ORIENTED_EDGE('',*,*,#15078,.T.);
#15078 = EDGE_CURVE('',#15023,#15079,#15081,.T.);
#15079 = VERTEX_POINT('',#15080);
#15080 = CARTESIAN_POINT('',(-145.5,47.973849369691,51.097508732725));
#15081 = SURFACE_CURVE('',#15082,(#15086,#15093),.PCURVE_S1.);
#15082 = LINE('',#15083,#15084);
#15083 = CARTESIAN_POINT('',(-145.5,-17.62660980934,49.740257853159));
#15084 = VECTOR('',#15085,1.);
#15085 = DIRECTION('',(0.,0.999786037774,2.068522836773E-02));
#15086 = PCURVE('',#14703,#15087);
#15087 = DEFINITIONAL_REPRESENTATION('',(#15088),#15092);
#15088 = LINE('',#15089,#15090);
#15089 = CARTESIAN_POINT('',(3.,0.));
#15090 = VECTOR('',#15091,1.);
#15091 = DIRECTION('',(0.,1.));
#15092 = ( GEOMETRIC_REPRESENTATION_CONTEXT(2) 
PARAMETRIC_REPRESENTATION_CONTEXT() REPRESENTATION_CONTEXT('2D SPACE',''
  ) );
#15093 = PCURVE('',#15039,#15094);
#15094 = DEFINITIONAL_REPRESENTATION('',(#15095),#15099);
#15095 = LINE('',#15096,#15097);
#15096 = CARTESIAN_POINT('',(14.,-5.896178186025E-16));
#15097 = VECTOR('',#15098,1.);
#15098 = DIRECTION('',(-1.950949445901E-19,-1.));
#15099 = ( GEOMETRIC_REPRESENTATION_CONTEXT(2) 
PARAMETRIC_REPRESENTATION_CONTEXT() REPRESENTATION_CONTEXT('2D SPACE',''
  ) );
#15100 = ORIENTED_EDGE('',*,*,#15101,.F.);
#15101 = EDGE_CURVE('',#14662,#15079,#15102,.T.);
#15102 = SURFACE_CURVE('',#15103,(#15107,#15113),.PCURVE_S1.);
#15103 = LINE('',#15104,#15105);
#15104 = CARTESIAN_POINT('',(-148.5,47.973849369691,51.097508732725));
#15105 = VECTOR('',#15106,1.);
#15106 = DIRECTION('',(1.,0.,0.));
#15107 = PCURVE('',#14703,#15108);
#15108 = DEFINITIONAL_REPRESENTATION('',(#15109),#15112);
#15109 = B_SPLINE_CURVE_WITH_KNOTS('',1,(#15110,#15111),.UNSPECIFIED.,
  .F.,.F.,(2,2),(0.,3.),.PIECEWISE_BEZIER_KNOTS.);
#15110 = CARTESIAN_POINT('',(0.,65.614498203144));
#15111 = CARTESIAN_POINT('',(3.,65.614498203144));
#15112 = ( GEOMETRIC_REPRESENTATION_CONTEXT(2) 
PARAMETRIC_REPRESENTATION_CONTEXT() REPRESENTATION_CONTEXT('2D SPACE',''
  ) );
#15113 = PCURVE('',#14677,#15114);
#15114 = DEFINITIONAL_REPRESENTATION('',(#15115),#15118);
#15115 = B_SPLINE_CURVE_WITH_KNOTS('',1,(#15116,#15117),.UNSPECIFIED.,
  .F.,.F.,(2,2),(0.,3.),.PIECEWISE_BEZIER_KNOTS.);
#15116 = CARTESIAN_POINT('',(0.,18.893968538153));
#15117 = CARTESIAN_POINT('',(3.,18.893968538153));
#15118 = ( GEOMETRIC_REPRESENTATION_CONTEXT(2) 
PARAMETRIC_REPRESENTATION_CONTEXT() REPRESENTATION_CONTEXT('2D SPACE',''
  ) );
#15119 = ADVANCED_FACE('',(#15120),#14677,.T.);
#15120 = FACE_BOUND('',#15121,.T.);
#15121 = EDGE_LOOP('',(#15122,#15123,#15124,#15147));
#15122 = ORIENTED_EDGE('',*,*,#14661,.F.);
#15123 = ORIENTED_EDGE('',*,*,#15101,.T.);
#15124 = ORIENTED_EDGE('',*,*,#15125,.T.);
#15125 = EDGE_CURVE('',#15079,#15126,#15128,.T.);
#15126 = VERTEX_POINT('',#15127);
#15127 = CARTESIAN_POINT('',(-145.5,32.150159585436,59.263768579008));
#15128 = SURFACE_CURVE('',#15129,(#15133,#15140),.PCURVE_S1.);
#15129 = LINE('',#15130,#15131);
#15130 = CARTESIAN_POINT('',(-145.5,64.763768579008,42.432599035254));
#15131 = VECTOR('',#15132,1.);
#15132 = DIRECTION('',(0.,-0.888639100643,0.458607183556));
#15133 = PCURVE('',#14677,#15134);
#15134 = DEFINITIONAL_REPRESENTATION('',(#15135),#15139);
#15135 = LINE('',#15136,#15137);
#15136 = CARTESIAN_POINT('',(3.,0.));
#15137 = VECTOR('',#15138,1.);
#15138 = DIRECTION('',(0.,1.));
#15139 = ( GEOMETRIC_REPRESENTATION_CONTEXT(2) 
PARAMETRIC_REPRESENTATION_CONTEXT() REPRESENTATION_CONTEXT('2D SPACE',''
  ) );
#15140 = PCURVE('',#15039,#15141);
#15141 = DEFINITIONAL_REPRESENTATION('',(#15142),#15146);
#15142 = LINE('',#15143,#15144);
#15143 = CARTESIAN_POINT('',(4.989640952777,-82.22158936809));
#15144 = VECTOR('',#15145,1.);
#15145 = DIRECTION('',(0.476890761675,0.87896257112));
#15146 = ( GEOMETRIC_REPRESENTATION_CONTEXT(2) 
PARAMETRIC_REPRESENTATION_CONTEXT() REPRESENTATION_CONTEXT('2D SPACE',''
  ) );
#15147 = ORIENTED_EDGE('',*,*,#15148,.F.);
#15148 = EDGE_CURVE('',#14633,#15126,#15149,.T.);
#15149 = SURFACE_CURVE('',#15150,(#15154,#15161),.PCURVE_S1.);
#15150 = LINE('',#15151,#15152);
#15151 = CARTESIAN_POINT('',(-148.5,32.150159585436,59.263768579008));
#15152 = VECTOR('',#15153,1.);
#15153 = DIRECTION('',(1.,0.,0.));
#15154 = PCURVE('',#14677,#15155);
#15155 = DEFINITIONAL_REPRESENTATION('',(#15156),#15160);
#15156 = LINE('',#15157,#15158);
#15157 = CARTESIAN_POINT('',(0.,36.700623425171));
#15158 = VECTOR('',#15159,1.);
#15159 = DIRECTION('',(1.,0.));
#15160 = ( GEOMETRIC_REPRESENTATION_CONTEXT(2) 
PARAMETRIC_REPRESENTATION_CONTEXT() REPRESENTATION_CONTEXT('2D SPACE',''
  ) );
#15161 = PCURVE('',#14649,#15162);
#15162 = DEFINITIONAL_REPRESENTATION('',(#15163),#15167);
#15163 = LINE('',#15164,#15165);
#15164 = CARTESIAN_POINT('',(3.14159265359,1.110223024625E-15));
#15165 = VECTOR('',#15166,1.);
#15166 = DIRECTION('',(0.,1.));
#15167 = ( GEOMETRIC_REPRESENTATION_CONTEXT(2) 
PARAMETRIC_REPRESENTATION_CONTEXT() REPRESENTATION_CONTEXT('2D SPACE',''
  ) );
#15168 = ADVANCED_FACE('',(#15169),#14649,.T.);
#15169 = FACE_BOUND('',#15170,.T.);
#15170 = EDGE_LOOP('',(#15171,#15195,#15215,#15216));
#15171 = ORIENTED_EDGE('',*,*,#15172,.F.);
#15172 = EDGE_CURVE('',#15173,#15126,#15175,.T.);
#15173 = VERTEX_POINT('',#15174);
#15174 = CARTESIAN_POINT('',(-145.5,36.736231420992,68.150159585436));
#15175 = SURFACE_CURVE('',#15176,(#15181,#15188),.PCURVE_S1.);
#15176 = CIRCLE('',#15177,5.);
#15177 = AXIS2_PLACEMENT_3D('',#15178,#15179,#15180);
#15178 = CARTESIAN_POINT('',(-145.5,34.443195503214,63.706964082222));
#15179 = DIRECTION('',(1.,-1.018312508884E-16,-1.973175180232E-16));
#15180 = DIRECTION('',(2.22044604925E-16,0.458607183556,0.888639100643)
  );
#15181 = PCURVE('',#14649,#15182);
#15182 = DEFINITIONAL_REPRESENTATION('',(#15183),#15187);
#15183 = LINE('',#15184,#15185);
#15184 = CARTESIAN_POINT('',(0.,3.));
#15185 = VECTOR('',#15186,1.);
#15186 = DIRECTION('',(1.,0.));
#15187 = ( GEOMETRIC_REPRESENTATION_CONTEXT(2) 
PARAMETRIC_REPRESENTATION_CONTEXT() REPRESENTATION_CONTEXT('2D SPACE',''
  ) );
#15188 = PCURVE('',#15039,#15189);
#15189 = DEFINITIONAL_REPRESENTATION('',(#15190),#15194);
#15190 = CIRCLE('',#15191,5.);
#15191 = AXIS2_PLACEMENT_2D('',#15192,#15193);
#15192 = CARTESIAN_POINT('',(26.886642067551,-52.34756884898));
#15193 = DIRECTION('',(0.87896257112,-0.476890761675));
#15194 = ( GEOMETRIC_REPRESENTATION_CONTEXT(2) 
PARAMETRIC_REPRESENTATION_CONTEXT() REPRESENTATION_CONTEXT('2D SPACE',''
  ) );
#15195 = ORIENTED_EDGE('',*,*,#15196,.F.);
#15196 = EDGE_CURVE('',#14605,#15173,#15197,.T.);
#15197 = SURFACE_CURVE('',#15198,(#15202,#15208),.PCURVE_S1.);
#15198 = LINE('',#15199,#15200);
#15199 = CARTESIAN_POINT('',(-148.5,36.736231420992,68.150159585436));
#15200 = VECTOR('',#15201,1.);
#15201 = DIRECTION('',(1.,0.,0.));
#15202 = PCURVE('',#14649,#15203);
#15203 = DEFINITIONAL_REPRESENTATION('',(#15204),#15207);
#15204 = B_SPLINE_CURVE_WITH_KNOTS('',1,(#15205,#15206),.UNSPECIFIED.,
  .F.,.F.,(2,2),(0.,3.),.PIECEWISE_BEZIER_KNOTS.);
#15205 = CARTESIAN_POINT('',(0.,0.));
#15206 = CARTESIAN_POINT('',(0.,3.));
#15207 = ( GEOMETRIC_REPRESENTATION_CONTEXT(2) 
PARAMETRIC_REPRESENTATION_CONTEXT() REPRESENTATION_CONTEXT('2D SPACE',''
  ) );
#15208 = PCURVE('',#14620,#15209);
#15209 = DEFINITIONAL_REPRESENTATION('',(#15210),#15214);
#15210 = LINE('',#15211,#15212);
#15211 = CARTESIAN_POINT('',(0.,36.700623425171));
#15212 = VECTOR('',#15213,1.);
#15213 = DIRECTION('',(1.,0.));
#15214 = ( GEOMETRIC_REPRESENTATION_CONTEXT(2) 
PARAMETRIC_REPRESENTATION_CONTEXT() REPRESENTATION_CONTEXT('2D SPACE',''
  ) );
#15215 = ORIENTED_EDGE('',*,*,#14632,.T.);
#15216 = ORIENTED_EDGE('',*,*,#15148,.T.);
#15217 = ADVANCED_FACE('',(#15218),#14620,.F.);
#15218 = FACE_BOUND('',#15219,.F.);
#15219 = EDGE_LOOP('',(#15220,#15221,#15242,#15263));
#15220 = ORIENTED_EDGE('',*,*,#14604,.F.);
#15221 = ORIENTED_EDGE('',*,*,#15222,.T.);
#15222 = EDGE_CURVE('',#14577,#15223,#15225,.T.);
#15223 = VERTEX_POINT('',#15224);
#15224 = CARTESIAN_POINT('',(-145.5,68.93852552031,51.531260653083));
#15225 = SURFACE_CURVE('',#15226,(#15230,#15236),.PCURVE_S1.);
#15226 = LINE('',#15227,#15228);
#15227 = CARTESIAN_POINT('',(-148.5,68.93852552031,51.531260653083));
#15228 = VECTOR('',#15229,1.);
#15229 = DIRECTION('',(1.,0.,0.));
#15230 = PCURVE('',#14620,#15231);
#15231 = DEFINITIONAL_REPRESENTATION('',(#15232),#15235);
#15232 = B_SPLINE_CURVE_WITH_KNOTS('',1,(#15233,#15234),.UNSPECIFIED.,
  .F.,.F.,(2,2),(0.,3.),.PIECEWISE_BEZIER_KNOTS.);
#15233 = CARTESIAN_POINT('',(0.,0.462859324958));
#15234 = CARTESIAN_POINT('',(3.,0.462859324958));
#15235 = ( GEOMETRIC_REPRESENTATION_CONTEXT(2) 
PARAMETRIC_REPRESENTATION_CONTEXT() REPRESENTATION_CONTEXT('2D SPACE',''
  ) );
#15236 = PCURVE('',#14592,#15237);
#15237 = DEFINITIONAL_REPRESENTATION('',(#15238),#15241);
#15238 = B_SPLINE_CURVE_WITH_KNOTS('',1,(#15239,#15240),.UNSPECIFIED.,
  .F.,.F.,(2,2),(0.,3.),.PIECEWISE_BEZIER_KNOTS.);
#15239 = CARTESIAN_POINT('',(0.,86.583660962509));
#15240 = CARTESIAN_POINT('',(3.,86.583660962509));
#15241 = ( GEOMETRIC_REPRESENTATION_CONTEXT(2) 
PARAMETRIC_REPRESENTATION_CONTEXT() REPRESENTATION_CONTEXT('2D SPACE',''
  ) );
#15242 = ORIENTED_EDGE('',*,*,#15243,.T.);
#15243 = EDGE_CURVE('',#15223,#15173,#15244,.T.);
#15244 = SURFACE_CURVE('',#15245,(#15249,#15256),.PCURVE_S1.);
#15245 = LINE('',#15246,#15247);
#15246 = CARTESIAN_POINT('',(-145.5,69.349840414564,51.318990041682));
#15247 = VECTOR('',#15248,1.);
#15248 = DIRECTION('',(0.,-0.888639100643,0.458607183556));
#15249 = PCURVE('',#14620,#15250);
#15250 = DEFINITIONAL_REPRESENTATION('',(#15251),#15255);
#15251 = LINE('',#15252,#15253);
#15252 = CARTESIAN_POINT('',(3.,0.));
#15253 = VECTOR('',#15254,1.);
#15254 = DIRECTION('',(0.,1.));
#15255 = ( GEOMETRIC_REPRESENTATION_CONTEXT(2) 
PARAMETRIC_REPRESENTATION_CONTEXT() REPRESENTATION_CONTEXT('2D SPACE',''
  ) );
#15256 = PCURVE('',#15039,#15257);
#15257 = DEFINITIONAL_REPRESENTATION('',(#15258),#15262);
#15258 = LINE('',#15259,#15260);
#15259 = CARTESIAN_POINT('',(13.779266663973,-86.99049698484));
#15260 = VECTOR('',#15261,1.);
#15261 = DIRECTION('',(0.476890761675,0.87896257112));
#15262 = ( GEOMETRIC_REPRESENTATION_CONTEXT(2) 
PARAMETRIC_REPRESENTATION_CONTEXT() REPRESENTATION_CONTEXT('2D SPACE',''
  ) );
#15263 = ORIENTED_EDGE('',*,*,#15196,.F.);
#15264 = ADVANCED_FACE('',(#15265),#14592,.T.);
#15265 = FACE_BOUND('',#15266,.T.);
#15266 = EDGE_LOOP('',(#15267,#15268,#15269,#15292));
#15267 = ORIENTED_EDGE('',*,*,#14576,.F.);
#15268 = ORIENTED_EDGE('',*,*,#15222,.T.);
#15269 = ORIENTED_EDGE('',*,*,#15270,.T.);
#15270 = EDGE_CURVE('',#15223,#15271,#15273,.T.);
#15271 = VERTEX_POINT('',#15272);
#15272 = CARTESIAN_POINT('',(-145.5,79.24605431194,51.744519869461));
#15273 = SURFACE_CURVE('',#15274,(#15278,#15285),.PCURVE_S1.);
#15274 = LINE('',#15275,#15276);
#15275 = CARTESIAN_POINT('',(-145.5,-17.62660980934,49.740257853159));
#15276 = VECTOR('',#15277,1.);
#15277 = DIRECTION('',(0.,0.999786037774,2.068522836773E-02));
#15278 = PCURVE('',#14592,#15279);
#15279 = DEFINITIONAL_REPRESENTATION('',(#15280),#15284);
#15280 = LINE('',#15281,#15282);
#15281 = CARTESIAN_POINT('',(3.,0.));
#15282 = VECTOR('',#15283,1.);
#15283 = DIRECTION('',(0.,1.));
#15284 = ( GEOMETRIC_REPRESENTATION_CONTEXT(2) 
PARAMETRIC_REPRESENTATION_CONTEXT() REPRESENTATION_CONTEXT('2D SPACE',''
  ) );
#15285 = PCURVE('',#15039,#15286);
#15286 = DEFINITIONAL_REPRESENTATION('',(#15287),#15291);
#15287 = LINE('',#15288,#15289);
#15288 = CARTESIAN_POINT('',(14.,-5.896178186025E-16));
#15289 = VECTOR('',#15290,1.);
#15290 = DIRECTION('',(-1.950949445901E-19,-1.));
#15291 = ( GEOMETRIC_REPRESENTATION_CONTEXT(2) 
PARAMETRIC_REPRESENTATION_CONTEXT() REPRESENTATION_CONTEXT('2D SPACE',''
  ) );
#15292 = ORIENTED_EDGE('',*,*,#15293,.F.);
#15293 = EDGE_CURVE('',#14549,#15271,#15294,.T.);
#15294 = SURFACE_CURVE('',#15295,(#15299,#15305),.PCURVE_S1.);
#15295 = LINE('',#15296,#15297);
#15296 = CARTESIAN_POINT('',(-148.5,79.24605431194,51.744519869462));
#15297 = VECTOR('',#15298,1.);
#15298 = DIRECTION('',(1.,0.,0.));
#15299 = PCURVE('',#14592,#15300);
#15300 = DEFINITIONAL_REPRESENTATION('',(#15301),#15304);
#15301 = B_SPLINE_CURVE_WITH_KNOTS('',1,(#15302,#15303),.UNSPECIFIED.,
  .F.,.F.,(2,2),(0.,3.),.PIECEWISE_BEZIER_KNOTS.);
#15302 = CARTESIAN_POINT('',(0.,96.893395647925));
#15303 = CARTESIAN_POINT('',(3.,96.893395647925));
#15304 = ( GEOMETRIC_REPRESENTATION_CONTEXT(2) 
PARAMETRIC_REPRESENTATION_CONTEXT() REPRESENTATION_CONTEXT('2D SPACE',''
  ) );
#15305 = PCURVE('',#14564,#15306);
#15306 = DEFINITIONAL_REPRESENTATION('',(#15307),#15310);
#15307 = B_SPLINE_CURVE_WITH_KNOTS('',1,(#15308,#15309),.UNSPECIFIED.,
  .F.,.F.,(2,2),(0.,3.),.PIECEWISE_BEZIER_KNOTS.);
#15308 = CARTESIAN_POINT('',(0.,21.57027419218));
#15309 = CARTESIAN_POINT('',(3.,21.57027419218));
#15310 = ( GEOMETRIC_REPRESENTATION_CONTEXT(2) 
PARAMETRIC_REPRESENTATION_CONTEXT() REPRESENTATION_CONTEXT('2D SPACE',''
  ) );
#15311 = ADVANCED_FACE('',(#15312),#14735,.F.);
#15312 = FACE_BOUND('',#15313,.F.);
#15313 = EDGE_LOOP('',(#15314,#15335,#15336,#15357));
#15314 = ORIENTED_EDGE('',*,*,#15315,.F.);
#15315 = EDGE_CURVE('',#14718,#15316,#15318,.T.);
#15316 = VERTEX_POINT('',#15317);
#15317 = CARTESIAN_POINT('',(-145.5,86.39137294914,48.491626420908));
#15318 = SURFACE_CURVE('',#15319,(#15323,#15329),.PCURVE_S1.);
#15319 = LINE('',#15320,#15321);
#15320 = CARTESIAN_POINT('',(-149.,86.39137294914,48.491626420908));
#15321 = VECTOR('',#15322,1.);
#15322 = DIRECTION('',(1.,0.,0.));
#15323 = PCURVE('',#14735,#15324);
#15324 = DEFINITIONAL_REPRESENTATION('',(#15325),#15328);
#15325 = B_SPLINE_CURVE_WITH_KNOTS('',1,(#15326,#15327),.UNSPECIFIED.,
  .F.,.F.,(2,2),(0.5,3.5),.PIECEWISE_BEZIER_KNOTS.);
#15326 = CARTESIAN_POINT('',(1.,100.369898613));
#15327 = CARTESIAN_POINT('',(4.,100.369898613));
#15328 = ( GEOMETRIC_REPRESENTATION_CONTEXT(2) 
PARAMETRIC_REPRESENTATION_CONTEXT() REPRESENTATION_CONTEXT('2D SPACE',''
  ) );
#15329 = PCURVE('',#14762,#15330);
#15330 = DEFINITIONAL_REPRESENTATION('',(#15331),#15334);
#15331 = B_SPLINE_CURVE_WITH_KNOTS('',1,(#15332,#15333),.UNSPECIFIED.,
  .F.,.F.,(2,2),(0.5,3.5),.PIECEWISE_BEZIER_KNOTS.);
#15332 = CARTESIAN_POINT('',(0.,13.719357416748));
#15333 = CARTESIAN_POINT('',(3.,13.719357416748));
#15334 = ( GEOMETRIC_REPRESENTATION_CONTEXT(2) 
PARAMETRIC_REPRESENTATION_CONTEXT() REPRESENTATION_CONTEXT('2D SPACE',''
  ) );
#15335 = ORIENTED_EDGE('',*,*,#14717,.T.);
#15336 = ORIENTED_EDGE('',*,*,#15337,.T.);
#15337 = EDGE_CURVE('',#14720,#15338,#15340,.T.);
#15338 = VERTEX_POINT('',#15339);
#15339 = CARTESIAN_POINT('',(-145.5,71.880617513675,48.191403894657));
#15340 = SURFACE_CURVE('',#15341,(#15345,#15351),.PCURVE_S1.);
#15341 = LINE('',#15342,#15343);
#15342 = CARTESIAN_POINT('',(-148.5,71.880617513675,48.191403894657));
#15343 = VECTOR('',#15344,1.);
#15344 = DIRECTION('',(1.,-1.018312508884E-16,-1.973175180232E-16));
#15345 = PCURVE('',#14735,#15346);
#15346 = DEFINITIONAL_REPRESENTATION('',(#15347),#15350);
#15347 = B_SPLINE_CURVE_WITH_KNOTS('',1,(#15348,#15349),.UNSPECIFIED.,
  .F.,.F.,(2,2),(-2.399999999625E-06,3.0000024),
  .PIECEWISE_BEZIER_KNOTS.);
#15348 = CARTESIAN_POINT('',(0.9999976,85.856037759558));
#15349 = CARTESIAN_POINT('',(4.0000024,85.856037759558));
#15350 = ( GEOMETRIC_REPRESENTATION_CONTEXT(2) 
PARAMETRIC_REPRESENTATION_CONTEXT() REPRESENTATION_CONTEXT('2D SPACE',''
  ) );
#15351 = PCURVE('',#14985,#15352);
#15352 = DEFINITIONAL_REPRESENTATION('',(#15353),#15356);
#15353 = B_SPLINE_CURVE_WITH_KNOTS('',1,(#15354,#15355),.UNSPECIFIED.,
  .F.,.F.,(2,2),(-2.399999999625E-06,3.0000024),
  .PIECEWISE_BEZIER_KNOTS.);
#15354 = CARTESIAN_POINT('',(5.45507286259,-2.400000000376E-06));
#15355 = CARTESIAN_POINT('',(5.45507286259,3.0000024));
#15356 = ( GEOMETRIC_REPRESENTATION_CONTEXT(2) 
PARAMETRIC_REPRESENTATION_CONTEXT() REPRESENTATION_CONTEXT('2D SPACE',''
  ) );
#15357 = ORIENTED_EDGE('',*,*,#15358,.F.);
#15358 = EDGE_CURVE('',#15316,#15338,#15359,.T.);
#15359 = SURFACE_CURVE('',#15360,(#15364,#15370),.PCURVE_S1.);
#15360 = LINE('',#15361,#15362);
#15361 = CARTESIAN_POINT('',(-145.5,-15.7566651649,46.37821873579));
#15362 = VECTOR('',#15363,1.);
#15363 = DIRECTION('',(0.,-0.999786037774,-2.068522836773E-02));
#15364 = PCURVE('',#14735,#15365);
#15365 = DEFINITIONAL_REPRESENTATION('',(#15366),#15369);
#15366 = B_SPLINE_CURVE_WITH_KNOTS('',1,(#15367,#15368),.UNSPECIFIED.,
  .F.,.F.,(2,2),(-164.6,-1.8),.PIECEWISE_BEZIER_KNOTS.);
#15367 = CARTESIAN_POINT('',(4.,162.8));
#15368 = CARTESIAN_POINT('',(4.,0.));
#15369 = ( GEOMETRIC_REPRESENTATION_CONTEXT(2) 
PARAMETRIC_REPRESENTATION_CONTEXT() REPRESENTATION_CONTEXT('2D SPACE',''
  ) );
#15370 = PCURVE('',#15039,#15371);
#15371 = DEFINITIONAL_REPRESENTATION('',(#15372),#15376);
#15372 = LINE('',#15373,#15374);
#15373 = CARTESIAN_POINT('',(10.6,-1.8));
#15374 = VECTOR('',#15375,1.);
#15375 = DIRECTION('',(1.950949445901E-19,1.));
#15376 = ( GEOMETRIC_REPRESENTATION_CONTEXT(2) 
PARAMETRIC_REPRESENTATION_CONTEXT() REPRESENTATION_CONTEXT('2D SPACE',''
  ) );
#15377 = ADVANCED_FACE('',(#15378),#14985,.T.);
#15378 = FACE_BOUND('',#15379,.T.);
#15379 = EDGE_LOOP('',(#15380,#15381,#15382,#15406));
#15380 = ORIENTED_EDGE('',*,*,#14970,.T.);
#15381 = ORIENTED_EDGE('',*,*,#15337,.T.);
#15382 = ORIENTED_EDGE('',*,*,#15383,.F.);
#15383 = EDGE_CURVE('',#15384,#15338,#15386,.T.);
#15384 = VERTEX_POINT('',#15385);
#15385 = CARTESIAN_POINT('',(-145.5,64.763768579008,42.432599035254));
#15386 = SURFACE_CURVE('',#15387,(#15392,#15399),.PCURVE_S1.);
#15387 = CIRCLE('',#15388,5.);
#15388 = AXIS2_PLACEMENT_3D('',#15389,#15390,#15391);
#15389 = CARTESIAN_POINT('',(-145.5,67.056804496786,46.875794538468));
#15390 = DIRECTION('',(1.,-1.018312508884E-16,-1.973175180232E-16));
#15391 = DIRECTION('',(2.22044604925E-16,0.458607183556,0.888639100643)
  );
#15392 = PCURVE('',#14985,#15393);
#15393 = DEFINITIONAL_REPRESENTATION('',(#15394),#15398);
#15394 = LINE('',#15395,#15396);
#15395 = CARTESIAN_POINT('',(0.,3.));
#15396 = VECTOR('',#15397,1.);
#15397 = DIRECTION('',(1.,0.));
#15398 = ( GEOMETRIC_REPRESENTATION_CONTEXT(2) 
PARAMETRIC_REPRESENTATION_CONTEXT() REPRESENTATION_CONTEXT('2D SPACE',''
  ) );
#15399 = PCURVE('',#15039,#15400);
#15400 = DEFINITIONAL_REPRESENTATION('',(#15401),#15405);
#15401 = CIRCLE('',#15402,5.);
#15402 = AXIS2_PLACEMENT_2D('',#15403,#15404);
#15403 = CARTESIAN_POINT('',(9.384453808375,-84.60604317646));
#15404 = DIRECTION('',(0.87896257112,-0.476890761675));
#15405 = ( GEOMETRIC_REPRESENTATION_CONTEXT(2) 
PARAMETRIC_REPRESENTATION_CONTEXT() REPRESENTATION_CONTEXT('2D SPACE',''
  ) );
#15406 = ORIENTED_EDGE('',*,*,#15407,.F.);
#15407 = EDGE_CURVE('',#14943,#15384,#15408,.T.);
#15408 = SURFACE_CURVE('',#15409,(#15413,#15420),.PCURVE_S1.);
#15409 = LINE('',#15410,#15411);
#15410 = CARTESIAN_POINT('',(-148.5,64.763768579008,42.432599035254));
#15411 = VECTOR('',#15412,1.);
#15412 = DIRECTION('',(1.,0.,0.));
#15413 = PCURVE('',#14985,#15414);
#15414 = DEFINITIONAL_REPRESENTATION('',(#15415),#15419);
#15415 = LINE('',#15416,#15417);
#15416 = CARTESIAN_POINT('',(3.14159265359,1.110223024625E-15));
#15417 = VECTOR('',#15418,1.);
#15418 = DIRECTION('',(0.,1.));
#15419 = ( GEOMETRIC_REPRESENTATION_CONTEXT(2) 
PARAMETRIC_REPRESENTATION_CONTEXT() REPRESENTATION_CONTEXT('2D SPACE',''
  ) );
#15420 = PCURVE('',#14958,#15421);
#15421 = DEFINITIONAL_REPRESENTATION('',(#15422),#15426);
#15422 = LINE('',#15423,#15424);
#15423 = CARTESIAN_POINT('',(0.,0.));
#15424 = VECTOR('',#15425,1.);
#15425 = DIRECTION('',(1.,0.));
#15426 = ( GEOMETRIC_REPRESENTATION_CONTEXT(2) 
PARAMETRIC_REPRESENTATION_CONTEXT() REPRESENTATION_CONTEXT('2D SPACE',''
  ) );
#15427 = ADVANCED_FACE('',(#15428),#14958,.T.);
#15428 = FACE_BOUND('',#15429,.T.);
#15429 = EDGE_LOOP('',(#15430,#15431,#15432,#15455));
#15430 = ORIENTED_EDGE('',*,*,#14942,.F.);
#15431 = ORIENTED_EDGE('',*,*,#15407,.T.);
#15432 = ORIENTED_EDGE('',*,*,#15433,.T.);
#15433 = EDGE_CURVE('',#15384,#15434,#15436,.T.);
#15434 = VERTEX_POINT('',#15435);
#15435 = CARTESIAN_POINT('',(-145.5,54.309415467834,47.827861783364));
#15436 = SURFACE_CURVE('',#15437,(#15441,#15448),.PCURVE_S1.);
#15437 = LINE('',#15438,#15439);
#15438 = CARTESIAN_POINT('',(-145.5,64.763768579008,42.432599035254));
#15439 = VECTOR('',#15440,1.);
#15440 = DIRECTION('',(0.,-0.888639100643,0.458607183556));
#15441 = PCURVE('',#14958,#15442);
#15442 = DEFINITIONAL_REPRESENTATION('',(#15443),#15447);
#15443 = LINE('',#15444,#15445);
#15444 = CARTESIAN_POINT('',(3.,0.));
#15445 = VECTOR('',#15446,1.);
#15446 = DIRECTION('',(0.,1.));
#15447 = ( GEOMETRIC_REPRESENTATION_CONTEXT(2) 
PARAMETRIC_REPRESENTATION_CONTEXT() REPRESENTATION_CONTEXT('2D SPACE',''
  ) );
#15448 = PCURVE('',#15039,#15449);
#15449 = DEFINITIONAL_REPRESENTATION('',(#15450),#15454);
#15450 = LINE('',#15451,#15452);
#15451 = CARTESIAN_POINT('',(4.989640952777,-82.22158936809));
#15452 = VECTOR('',#15453,1.);
#15453 = DIRECTION('',(0.476890761675,0.87896257112));
#15454 = ( GEOMETRIC_REPRESENTATION_CONTEXT(2) 
PARAMETRIC_REPRESENTATION_CONTEXT() REPRESENTATION_CONTEXT('2D SPACE',''
  ) );
#15455 = ORIENTED_EDGE('',*,*,#15456,.F.);
#15456 = EDGE_CURVE('',#14916,#15434,#15457,.T.);
#15457 = SURFACE_CURVE('',#15458,(#15462,#15468),.PCURVE_S1.);
#15458 = LINE('',#15459,#15460);
#15459 = CARTESIAN_POINT('',(-149.,54.309415467834,47.827861783364));
#15460 = VECTOR('',#15461,1.);
#15461 = DIRECTION('',(1.,0.,0.));
#15462 = PCURVE('',#14958,#15463);
#15463 = DEFINITIONAL_REPRESENTATION('',(#15464),#15467);
#15464 = B_SPLINE_CURVE_WITH_KNOTS('',1,(#15465,#15466),.UNSPECIFIED.,
  .F.,.F.,(2,2),(0.5,3.5),.PIECEWISE_BEZIER_KNOTS.);
#15465 = CARTESIAN_POINT('',(0.,11.764453199969));
#15466 = CARTESIAN_POINT('',(3.,11.764453199969));
#15467 = ( GEOMETRIC_REPRESENTATION_CONTEXT(2) 
PARAMETRIC_REPRESENTATION_CONTEXT() REPRESENTATION_CONTEXT('2D SPACE',''
  ) );
#15468 = PCURVE('',#14931,#15469);
#15469 = DEFINITIONAL_REPRESENTATION('',(#15470),#15473);
#15470 = B_SPLINE_CURVE_WITH_KNOTS('',1,(#15471,#15472),.UNSPECIFIED.,
  .F.,.F.,(2,2),(0.5,3.5),.PIECEWISE_BEZIER_KNOTS.);
#15471 = CARTESIAN_POINT('',(1.,68.281075335631));
#15472 = CARTESIAN_POINT('',(4.,68.281075335631));
#15473 = ( GEOMETRIC_REPRESENTATION_CONTEXT(2) 
PARAMETRIC_REPRESENTATION_CONTEXT() REPRESENTATION_CONTEXT('2D SPACE',''
  ) );
#15474 = ADVANCED_FACE('',(#15475),#14931,.F.);
#15475 = FACE_BOUND('',#15476,.F.);
#15476 = EDGE_LOOP('',(#15477,#15478,#15479,#15502));
#15477 = ORIENTED_EDGE('',*,*,#15456,.F.);
#15478 = ORIENTED_EDGE('',*,*,#14915,.T.);
#15479 = ORIENTED_EDGE('',*,*,#15480,.T.);
#15480 = EDGE_CURVE('',#14887,#15481,#15483,.T.);
#15481 = VERTEX_POINT('',#15482);
#15482 = CARTESIAN_POINT('',(-145.5,-13.9570502969,46.415452146852));
#15483 = SURFACE_CURVE('',#15484,(#15488,#15495),.PCURVE_S1.);
#15484 = LINE('',#15485,#15486);
#15485 = CARTESIAN_POINT('',(-149.5,-13.9570502969,46.415452146852));
#15486 = VECTOR('',#15487,1.);
#15487 = DIRECTION('',(1.,0.,0.));
#15488 = PCURVE('',#14931,#15489);
#15489 = DEFINITIONAL_REPRESENTATION('',(#15490),#15494);
#15490 = LINE('',#15491,#15492);
#15491 = CARTESIAN_POINT('',(0.,0.));
#15492 = VECTOR('',#15493,1.);
#15493 = DIRECTION('',(1.,0.));
#15494 = ( GEOMETRIC_REPRESENTATION_CONTEXT(2) 
PARAMETRIC_REPRESENTATION_CONTEXT() REPRESENTATION_CONTEXT('2D SPACE',''
  ) );
#15495 = PCURVE('',#14903,#15496);
#15496 = DEFINITIONAL_REPRESENTATION('',(#15497),#15501);
#15497 = LINE('',#15498,#15499);
#15498 = CARTESIAN_POINT('',(3.14159265359,7.993605777301E-16));
#15499 = VECTOR('',#15500,1.);
#15500 = DIRECTION('',(0.,1.));
#15501 = ( GEOMETRIC_REPRESENTATION_CONTEXT(2) 
PARAMETRIC_REPRESENTATION_CONTEXT() REPRESENTATION_CONTEXT('2D SPACE',''
  ) );
#15502 = ORIENTED_EDGE('',*,*,#15503,.F.);
#15503 = EDGE_CURVE('',#15434,#15481,#15504,.T.);
#15504 = SURFACE_CURVE('',#15505,(#15509,#15515),.PCURVE_S1.);
#15505 = LINE('',#15506,#15507);
#15506 = CARTESIAN_POINT('',(-145.5,-15.7566651649,46.37821873579));
#15507 = VECTOR('',#15508,1.);
#15508 = DIRECTION('',(0.,-0.999786037774,-2.068522836773E-02));
#15509 = PCURVE('',#14931,#15510);
#15510 = DEFINITIONAL_REPRESENTATION('',(#15511),#15514);
#15511 = B_SPLINE_CURVE_WITH_KNOTS('',1,(#15512,#15513),.UNSPECIFIED.,
  .F.,.F.,(2,2),(-164.6,-1.8),.PIECEWISE_BEZIER_KNOTS.);
#15512 = CARTESIAN_POINT('',(4.,162.8));
#15513 = CARTESIAN_POINT('',(4.,0.));
#15514 = ( GEOMETRIC_REPRESENTATION_CONTEXT(2) 
PARAMETRIC_REPRESENTATION_CONTEXT() REPRESENTATION_CONTEXT('2D SPACE',''
  ) );
#15515 = PCURVE('',#15039,#15516);
#15516 = DEFINITIONAL_REPRESENTATION('',(#15517),#15521);
#15517 = LINE('',#15518,#15519);
#15518 = CARTESIAN_POINT('',(10.6,-1.8));
#15519 = VECTOR('',#15520,1.);
#15520 = DIRECTION('',(1.950949445901E-19,1.));
#15521 = ( GEOMETRIC_REPRESENTATION_CONTEXT(2) 
PARAMETRIC_REPRESENTATION_CONTEXT() REPRESENTATION_CONTEXT('2D SPACE',''
  ) );
#15522 = ADVANCED_FACE('',(#15523),#14903,.F.);
#15523 = FACE_BOUND('',#15524,.F.);
#15524 = EDGE_LOOP('',(#15525,#15526,#15548,#15570));
#15525 = ORIENTED_EDGE('',*,*,#14886,.T.);
#15526 = ORIENTED_EDGE('',*,*,#15527,.T.);
#15527 = EDGE_CURVE('',#14860,#15528,#15530,.T.);
#15528 = VERTEX_POINT('',#15529);
#15529 = CARTESIAN_POINT('',(-145.5,-13.80811665266,39.216992674881));
#15530 = SURFACE_CURVE('',#15531,(#15535,#15541),.PCURVE_S1.);
#15531 = LINE('',#15532,#15533);
#15532 = CARTESIAN_POINT('',(-149.5,-13.80811665266,39.216992674881));
#15533 = VECTOR('',#15534,1.);
#15534 = DIRECTION('',(1.,0.,0.));
#15535 = PCURVE('',#14903,#15536);
#15536 = DEFINITIONAL_REPRESENTATION('',(#15537),#15540);
#15537 = B_SPLINE_CURVE_WITH_KNOTS('',1,(#15538,#15539),.UNSPECIFIED.,
  .F.,.F.,(2,2),(0.,5.),.PIECEWISE_BEZIER_KNOTS.);
#15538 = CARTESIAN_POINT('',(6.28318530718,0.));
#15539 = CARTESIAN_POINT('',(6.28318530718,5.));
#15540 = ( GEOMETRIC_REPRESENTATION_CONTEXT(2) 
PARAMETRIC_REPRESENTATION_CONTEXT() REPRESENTATION_CONTEXT('2D SPACE',''
  ) );
#15541 = PCURVE('',#14875,#15542);
#15542 = DEFINITIONAL_REPRESENTATION('',(#15543),#15547);
#15543 = LINE('',#15544,#15545);
#15544 = CARTESIAN_POINT('',(0.,0.));
#15545 = VECTOR('',#15546,1.);
#15546 = DIRECTION('',(1.,0.));
#15547 = ( GEOMETRIC_REPRESENTATION_CONTEXT(2) 
PARAMETRIC_REPRESENTATION_CONTEXT() REPRESENTATION_CONTEXT('2D SPACE',''
  ) );
#15548 = ORIENTED_EDGE('',*,*,#15549,.F.);
#15549 = EDGE_CURVE('',#15481,#15528,#15550,.T.);
#15550 = SURFACE_CURVE('',#15551,(#15556,#15563),.PCURVE_S1.);
#15551 = CIRCLE('',#15552,3.6);
#15552 = AXIS2_PLACEMENT_3D('',#15553,#15554,#15555);
#15553 = CARTESIAN_POINT('',(-145.5,-13.88258347478,42.816222410867));
#15554 = DIRECTION('',(1.,-4.593043360697E-18,2.21997095767E-16));
#15555 = DIRECTION('',(2.22044604925E-16,2.068522836773E-02,
    -0.999786037774));
#15556 = PCURVE('',#14903,#15557);
#15557 = DEFINITIONAL_REPRESENTATION('',(#15558),#15562);
#15558 = LINE('',#15559,#15560);
#15559 = CARTESIAN_POINT('',(0.,4.));
#15560 = VECTOR('',#15561,1.);
#15561 = DIRECTION('',(1.,0.));
#15562 = ( GEOMETRIC_REPRESENTATION_CONTEXT(2) 
PARAMETRIC_REPRESENTATION_CONTEXT() REPRESENTATION_CONTEXT('2D SPACE',''
  ) );
#15563 = PCURVE('',#15039,#15564);
#15564 = DEFINITIONAL_REPRESENTATION('',(#15565),#15569);
#15565 = CIRCLE('',#15566,3.6);
#15566 = AXIS2_PLACEMENT_2D('',#15567,#15568);
#15567 = CARTESIAN_POINT('',(7.,-3.6));
#15568 = DIRECTION('',(-1.,-1.950949445901E-19));
#15569 = ( GEOMETRIC_REPRESENTATION_CONTEXT(2) 
PARAMETRIC_REPRESENTATION_CONTEXT() REPRESENTATION_CONTEXT('2D SPACE',''
  ) );
#15570 = ORIENTED_EDGE('',*,*,#15480,.F.);
#15571 = ADVANCED_FACE('',(#15572),#14875,.T.);
#15572 = FACE_BOUND('',#15573,.T.);
#15573 = EDGE_LOOP('',(#15574,#15575,#15576,#15598));
#15574 = ORIENTED_EDGE('',*,*,#14859,.T.);
#15575 = ORIENTED_EDGE('',*,*,#15527,.T.);
#15576 = ORIENTED_EDGE('',*,*,#15577,.F.);
#15577 = EDGE_CURVE('',#15578,#15528,#15580,.T.);
#15578 = VERTEX_POINT('',#15579);
#15579 = CARTESIAN_POINT('',(-145.5,148.9570502969,42.584547853148));
#15580 = SURFACE_CURVE('',#15581,(#15585,#15591),.PCURVE_S1.);
#15581 = LINE('',#15582,#15583);
#15582 = CARTESIAN_POINT('',(-145.5,-15.60773152065,39.179759263819));
#15583 = VECTOR('',#15584,1.);
#15584 = DIRECTION('',(0.,-0.999786037774,-2.068522836773E-02));
#15585 = PCURVE('',#14875,#15586);
#15586 = DEFINITIONAL_REPRESENTATION('',(#15587),#15590);
#15587 = B_SPLINE_CURVE_WITH_KNOTS('',1,(#15588,#15589),.UNSPECIFIED.,
  .F.,.F.,(2,2),(-164.6,-1.8),.PIECEWISE_BEZIER_KNOTS.);
#15588 = CARTESIAN_POINT('',(4.,162.8));
#15589 = CARTESIAN_POINT('',(4.,0.));
#15590 = ( GEOMETRIC_REPRESENTATION_CONTEXT(2) 
PARAMETRIC_REPRESENTATION_CONTEXT() REPRESENTATION_CONTEXT('2D SPACE',''
  ) );
#15591 = PCURVE('',#15039,#15592);
#15592 = DEFINITIONAL_REPRESENTATION('',(#15593),#15597);
#15593 = LINE('',#15594,#15595);
#15594 = CARTESIAN_POINT('',(3.4,-1.8));
#15595 = VECTOR('',#15596,1.);
#15596 = DIRECTION('',(1.950949445901E-19,1.));
#15597 = ( GEOMETRIC_REPRESENTATION_CONTEXT(2) 
PARAMETRIC_REPRESENTATION_CONTEXT() REPRESENTATION_CONTEXT('2D SPACE',''
  ) );
#15598 = ORIENTED_EDGE('',*,*,#15599,.F.);
#15599 = EDGE_CURVE('',#14831,#15578,#15600,.T.);
#15600 = SURFACE_CURVE('',#15601,(#15605,#15612),.PCURVE_S1.);
#15601 = LINE('',#15602,#15603);
#15602 = CARTESIAN_POINT('',(-149.5,148.9570502969,42.584547853148));
#15603 = VECTOR('',#15604,1.);
#15604 = DIRECTION('',(1.,0.,0.));
#15605 = PCURVE('',#14875,#15606);
#15606 = DEFINITIONAL_REPRESENTATION('',(#15607),#15611);
#15607 = LINE('',#15608,#15609);
#15608 = CARTESIAN_POINT('',(0.,162.8));
#15609 = VECTOR('',#15610,1.);
#15610 = DIRECTION('',(1.,0.));
#15611 = ( GEOMETRIC_REPRESENTATION_CONTEXT(2) 
PARAMETRIC_REPRESENTATION_CONTEXT() REPRESENTATION_CONTEXT('2D SPACE',''
  ) );
#15612 = PCURVE('',#14847,#15613);
#15613 = DEFINITIONAL_REPRESENTATION('',(#15614),#15617);
#15614 = B_SPLINE_CURVE_WITH_KNOTS('',1,(#15615,#15616),.UNSPECIFIED.,
  .F.,.F.,(2,2),(0.,5.),.PIECEWISE_BEZIER_KNOTS.);
#15615 = CARTESIAN_POINT('',(0.,0.));
#15616 = CARTESIAN_POINT('',(0.,5.));
#15617 = ( GEOMETRIC_REPRESENTATION_CONTEXT(2) 
PARAMETRIC_REPRESENTATION_CONTEXT() REPRESENTATION_CONTEXT('2D SPACE',''
  ) );
#15618 = ADVANCED_FACE('',(#15619),#14847,.F.);
#15619 = FACE_BOUND('',#15620,.F.);
#15620 = EDGE_LOOP('',(#15621,#15645,#15646,#15647));
#15621 = ORIENTED_EDGE('',*,*,#15622,.F.);
#15622 = EDGE_CURVE('',#15578,#15623,#15625,.T.);
#15623 = VERTEX_POINT('',#15624);
#15624 = CARTESIAN_POINT('',(-145.5,148.80811665266,49.783007325119));
#15625 = SURFACE_CURVE('',#15626,(#15631,#15638),.PCURVE_S1.);
#15626 = CIRCLE('',#15627,3.6);
#15627 = AXIS2_PLACEMENT_3D('',#15628,#15629,#15630);
#15628 = CARTESIAN_POINT('',(-145.5,148.88258347478,46.183777589133));
#15629 = DIRECTION('',(1.,-4.593043360697E-18,2.21997095767E-16));
#15630 = DIRECTION('',(2.22044604925E-16,2.068522836773E-02,
    -0.999786037774));
#15631 = PCURVE('',#14847,#15632);
#15632 = DEFINITIONAL_REPRESENTATION('',(#15633),#15637);
#15633 = LINE('',#15634,#15635);
#15634 = CARTESIAN_POINT('',(1.950949445901E-19,4.));
#15635 = VECTOR('',#15636,1.);
#15636 = DIRECTION('',(1.,0.));
#15637 = ( GEOMETRIC_REPRESENTATION_CONTEXT(2) 
PARAMETRIC_REPRESENTATION_CONTEXT() REPRESENTATION_CONTEXT('2D SPACE',''
  ) );
#15638 = PCURVE('',#15039,#15639);
#15639 = DEFINITIONAL_REPRESENTATION('',(#15640),#15644);
#15640 = CIRCLE('',#15641,3.6);
#15641 = AXIS2_PLACEMENT_2D('',#15642,#15643);
#15642 = CARTESIAN_POINT('',(7.,-166.4));
#15643 = DIRECTION('',(-1.,-1.950949445901E-19));
#15644 = ( GEOMETRIC_REPRESENTATION_CONTEXT(2) 
PARAMETRIC_REPRESENTATION_CONTEXT() REPRESENTATION_CONTEXT('2D SPACE',''
  ) );
#15645 = ORIENTED_EDGE('',*,*,#15599,.F.);
#15646 = ORIENTED_EDGE('',*,*,#14830,.T.);
#15647 = ORIENTED_EDGE('',*,*,#15648,.T.);
#15648 = EDGE_CURVE('',#14804,#15623,#15649,.T.);
#15649 = SURFACE_CURVE('',#15650,(#15654,#15661),.PCURVE_S1.);
#15650 = LINE('',#15651,#15652);
#15651 = CARTESIAN_POINT('',(-149.5,148.80811665266,49.783007325119));
#15652 = VECTOR('',#15653,1.);
#15653 = DIRECTION('',(1.,0.,0.));
#15654 = PCURVE('',#14847,#15655);
#15655 = DEFINITIONAL_REPRESENTATION('',(#15656),#15660);
#15656 = LINE('',#15657,#15658);
#15657 = CARTESIAN_POINT('',(3.14159265359,7.993605777301E-16));
#15658 = VECTOR('',#15659,1.);
#15659 = DIRECTION('',(0.,1.));
#15660 = ( GEOMETRIC_REPRESENTATION_CONTEXT(2) 
PARAMETRIC_REPRESENTATION_CONTEXT() REPRESENTATION_CONTEXT('2D SPACE',''
  ) );
#15661 = PCURVE('',#14819,#15662);
#15662 = DEFINITIONAL_REPRESENTATION('',(#15663),#15667);
#15663 = LINE('',#15664,#15665);
#15664 = CARTESIAN_POINT('',(0.,162.8));
#15665 = VECTOR('',#15666,1.);
#15666 = DIRECTION('',(1.,0.));
#15667 = ( GEOMETRIC_REPRESENTATION_CONTEXT(2) 
PARAMETRIC_REPRESENTATION_CONTEXT() REPRESENTATION_CONTEXT('2D SPACE',''
  ) );
#15668 = ADVANCED_FACE('',(#15669),#14819,.F.);
#15669 = FACE_BOUND('',#15670,.F.);
#15670 = EDGE_LOOP('',(#15671,#15672,#15673,#15694));
#15671 = ORIENTED_EDGE('',*,*,#15648,.F.);
#15672 = ORIENTED_EDGE('',*,*,#14803,.T.);
#15673 = ORIENTED_EDGE('',*,*,#15674,.T.);
#15674 = EDGE_CURVE('',#14775,#15675,#15677,.T.);
#15675 = VERTEX_POINT('',#15676);
#15676 = CARTESIAN_POINT('',(-145.5,105.70843066047,48.891289683902));
#15677 = SURFACE_CURVE('',#15678,(#15682,#15688),.PCURVE_S1.);
#15678 = LINE('',#15679,#15680);
#15679 = CARTESIAN_POINT('',(-148.5,105.70843066047,48.891289683901));
#15680 = VECTOR('',#15681,1.);
#15681 = DIRECTION('',(1.,-9.200039451539E-17,-2.020884311021E-16));
#15682 = PCURVE('',#14819,#15683);
#15683 = DEFINITIONAL_REPRESENTATION('',(#15684),#15687);
#15684 = B_SPLINE_CURVE_WITH_KNOTS('',1,(#15685,#15686),.UNSPECIFIED.,
  .F.,.F.,(2,2),(-2.399999999625E-06,3.0000024),
  .PIECEWISE_BEZIER_KNOTS.);
#15685 = CARTESIAN_POINT('',(0.9999976,119.69109032953));
#15686 = CARTESIAN_POINT('',(4.0000024,119.69109032953));
#15687 = ( GEOMETRIC_REPRESENTATION_CONTEXT(2) 
PARAMETRIC_REPRESENTATION_CONTEXT() REPRESENTATION_CONTEXT('2D SPACE',''
  ) );
#15688 = PCURVE('',#14791,#15689);
#15689 = DEFINITIONAL_REPRESENTATION('',(#15690),#15693);
#15690 = B_SPLINE_CURVE_WITH_KNOTS('',1,(#15691,#15692),.UNSPECIFIED.,
  .F.,.F.,(2,2),(-2.399999999625E-06,3.0000024),
  .PIECEWISE_BEZIER_KNOTS.);
#15691 = CARTESIAN_POINT('',(5.451305511485,-2.400000000373E-06));
#15692 = CARTESIAN_POINT('',(5.451305511485,3.0000024));
#15693 = ( GEOMETRIC_REPRESENTATION_CONTEXT(2) 
PARAMETRIC_REPRESENTATION_CONTEXT() REPRESENTATION_CONTEXT('2D SPACE',''
  ) );
#15694 = ORIENTED_EDGE('',*,*,#15695,.F.);
#15695 = EDGE_CURVE('',#15623,#15675,#15696,.T.);
#15696 = SURFACE_CURVE('',#15697,(#15701,#15707),.PCURVE_S1.);
#15697 = LINE('',#15698,#15699);
#15698 = CARTESIAN_POINT('',(-145.5,-15.7566651649,46.37821873579));
#15699 = VECTOR('',#15700,1.);
#15700 = DIRECTION('',(0.,-0.999786037774,-2.068522836773E-02));
#15701 = PCURVE('',#14819,#15702);
#15702 = DEFINITIONAL_REPRESENTATION('',(#15703),#15706);
#15703 = B_SPLINE_CURVE_WITH_KNOTS('',1,(#15704,#15705),.UNSPECIFIED.,
  .F.,.F.,(2,2),(-164.6,-1.8),.PIECEWISE_BEZIER_KNOTS.);
#15704 = CARTESIAN_POINT('',(4.,162.8));
#15705 = CARTESIAN_POINT('',(4.,0.));
#15706 = ( GEOMETRIC_REPRESENTATION_CONTEXT(2) 
PARAMETRIC_REPRESENTATION_CONTEXT() REPRESENTATION_CONTEXT('2D SPACE',''
  ) );
#15707 = PCURVE('',#15039,#15708);
#15708 = DEFINITIONAL_REPRESENTATION('',(#15709),#15713);
#15709 = LINE('',#15710,#15711);
#15710 = CARTESIAN_POINT('',(10.6,-1.8));
#15711 = VECTOR('',#15712,1.);
#15712 = DIRECTION('',(1.950949445901E-19,1.));
#15713 = ( GEOMETRIC_REPRESENTATION_CONTEXT(2) 
PARAMETRIC_REPRESENTATION_CONTEXT() REPRESENTATION_CONTEXT('2D SPACE',''
  ) );
#15714 = ADVANCED_FACE('',(#15715),#14479,.T.);
#15715 = FACE_BOUND('',#15716,.T.);
#15716 = EDGE_LOOP('',(#15717,#15718,#15739,#15762));
#15717 = ORIENTED_EDGE('',*,*,#14463,.F.);
#15718 = ORIENTED_EDGE('',*,*,#15719,.T.);
#15719 = EDGE_CURVE('',#14464,#15720,#15722,.T.);
#15720 = VERTEX_POINT('',#15721);
#15721 = CARTESIAN_POINT('',(-145.5,102.33204541723,52.222161064744));
#15722 = SURFACE_CURVE('',#15723,(#15727,#15733),.PCURVE_S1.);
#15723 = LINE('',#15724,#15725);
#15724 = CARTESIAN_POINT('',(-148.5,102.33204541723,52.222161064744));
#15725 = VECTOR('',#15726,1.);
#15726 = DIRECTION('',(1.,0.,0.));
#15727 = PCURVE('',#14479,#15728);
#15728 = DEFINITIONAL_REPRESENTATION('',(#15729),#15732);
#15729 = B_SPLINE_CURVE_WITH_KNOTS('',1,(#15730,#15731),.UNSPECIFIED.,
  .F.,.F.,(2,2),(0.,3.),.PIECEWISE_BEZIER_KNOTS.);
#15730 = CARTESIAN_POINT('',(0.,119.98432734037));
#15731 = CARTESIAN_POINT('',(3.,119.98432734037));
#15732 = ( GEOMETRIC_REPRESENTATION_CONTEXT(2) 
PARAMETRIC_REPRESENTATION_CONTEXT() REPRESENTATION_CONTEXT('2D SPACE',''
  ) );
#15733 = PCURVE('',#14507,#15734);
#15734 = DEFINITIONAL_REPRESENTATION('',(#15735),#15738);
#15735 = B_SPLINE_CURVE_WITH_KNOTS('',1,(#15736,#15737),.UNSPECIFIED.,
  .F.,.F.,(2,2),(0.,3.),.PIECEWISE_BEZIER_KNOTS.);
#15736 = CARTESIAN_POINT('',(0.,0.757030177245));
#15737 = CARTESIAN_POINT('',(3.,0.757030177245));
#15738 = ( GEOMETRIC_REPRESENTATION_CONTEXT(2) 
PARAMETRIC_REPRESENTATION_CONTEXT() REPRESENTATION_CONTEXT('2D SPACE',''
  ) );
#15739 = ORIENTED_EDGE('',*,*,#15740,.T.);
#15740 = EDGE_CURVE('',#15720,#15741,#15743,.T.);
#15741 = VERTEX_POINT('',#15742);
#15742 = CARTESIAN_POINT('',(-145.5,152.33701661219,53.256746675674));
#15743 = SURFACE_CURVE('',#15744,(#15748,#15755),.PCURVE_S1.);
#15744 = LINE('',#15745,#15746);
#15745 = CARTESIAN_POINT('',(-145.5,-17.62660980934,49.740257853159));
#15746 = VECTOR('',#15747,1.);
#15747 = DIRECTION('',(0.,0.999786037774,2.068522836773E-02));
#15748 = PCURVE('',#14479,#15749);
#15749 = DEFINITIONAL_REPRESENTATION('',(#15750),#15754);
#15750 = LINE('',#15751,#15752);
#15751 = CARTESIAN_POINT('',(3.,0.));
#15752 = VECTOR('',#15753,1.);
#15753 = DIRECTION('',(0.,1.));
#15754 = ( GEOMETRIC_REPRESENTATION_CONTEXT(2) 
PARAMETRIC_REPRESENTATION_CONTEXT() REPRESENTATION_CONTEXT('2D SPACE',''
  ) );
#15755 = PCURVE('',#15039,#15756);
#15756 = DEFINITIONAL_REPRESENTATION('',(#15757),#15761);
#15757 = LINE('',#15758,#15759);
#15758 = CARTESIAN_POINT('',(14.,-5.896178186025E-16));
#15759 = VECTOR('',#15760,1.);
#15760 = DIRECTION('',(-1.950949445901E-19,-1.));
#15761 = ( GEOMETRIC_REPRESENTATION_CONTEXT(2) 
PARAMETRIC_REPRESENTATION_CONTEXT() REPRESENTATION_CONTEXT('2D SPACE',''
  ) );
#15762 = ORIENTED_EDGE('',*,*,#15763,.F.);
#15763 = EDGE_CURVE('',#14435,#15741,#15764,.T.);
#15764 = SURFACE_CURVE('',#15765,(#15769,#15776),.PCURVE_S1.);
#15765 = LINE('',#15766,#15767);
#15766 = CARTESIAN_POINT('',(-148.5,152.33701661219,53.256746675674));
#15767 = VECTOR('',#15768,1.);
#15768 = DIRECTION('',(1.,0.,0.));
#15769 = PCURVE('',#14479,#15770);
#15770 = DEFINITIONAL_REPRESENTATION('',(#15771),#15775);
#15771 = LINE('',#15772,#15773);
#15772 = CARTESIAN_POINT('',(0.,170.));
#15773 = VECTOR('',#15774,1.);
#15774 = DIRECTION('',(1.,0.));
#15775 = ( GEOMETRIC_REPRESENTATION_CONTEXT(2) 
PARAMETRIC_REPRESENTATION_CONTEXT() REPRESENTATION_CONTEXT('2D SPACE',''
  ) );
#15776 = PCURVE('',#14451,#15777);
#15777 = DEFINITIONAL_REPRESENTATION('',(#15778),#15782);
#15778 = LINE('',#15779,#15780);
#15779 = CARTESIAN_POINT('',(3.14159265359,1.554312234475E-15));
#15780 = VECTOR('',#15781,1.);
#15781 = DIRECTION('',(0.,1.));
#15782 = ( GEOMETRIC_REPRESENTATION_CONTEXT(2) 
PARAMETRIC_REPRESENTATION_CONTEXT() REPRESENTATION_CONTEXT('2D SPACE',''
  ) );
#15783 = ADVANCED_FACE('',(#15784),#14451,.T.);
#15784 = FACE_BOUND('',#15785,.T.);
#15785 = EDGE_LOOP('',(#15786,#15810,#15830,#15831));
#15786 = ORIENTED_EDGE('',*,*,#15787,.F.);
#15787 = EDGE_CURVE('',#15788,#15741,#15790,.T.);
#15788 = VERTEX_POINT('',#15789);
#15789 = CARTESIAN_POINT('',(-145.5,152.62660980934,39.259742146841));
#15790 = SURFACE_CURVE('',#15791,(#15796,#15803),.PCURVE_S1.);
#15791 = CIRCLE('',#15792,7.);
#15792 = AXIS2_PLACEMENT_3D('',#15793,#15794,#15795);
#15793 = CARTESIAN_POINT('',(-145.5,152.48181321077,46.258244411257));
#15794 = DIRECTION('',(1.,-4.593043360697E-18,2.21997095767E-16));
#15795 = DIRECTION('',(2.22044604925E-16,2.068522836773E-02,
    -0.999786037774));
#15796 = PCURVE('',#14451,#15797);
#15797 = DEFINITIONAL_REPRESENTATION('',(#15798),#15802);
#15798 = LINE('',#15799,#15800);
#15799 = CARTESIAN_POINT('',(0.,3.));
#15800 = VECTOR('',#15801,1.);
#15801 = DIRECTION('',(1.,0.));
#15802 = ( GEOMETRIC_REPRESENTATION_CONTEXT(2) 
PARAMETRIC_REPRESENTATION_CONTEXT() REPRESENTATION_CONTEXT('2D SPACE',''
  ) );
#15803 = PCURVE('',#15039,#15804);
#15804 = DEFINITIONAL_REPRESENTATION('',(#15805),#15809);
#15805 = CIRCLE('',#15806,7.);
#15806 = AXIS2_PLACEMENT_2D('',#15807,#15808);
#15807 = CARTESIAN_POINT('',(7.,-170.));
#15808 = DIRECTION('',(-1.,-1.950949445901E-19));
#15809 = ( GEOMETRIC_REPRESENTATION_CONTEXT(2) 
PARAMETRIC_REPRESENTATION_CONTEXT() REPRESENTATION_CONTEXT('2D SPACE',''
  ) );
#15810 = ORIENTED_EDGE('',*,*,#15811,.F.);
#15811 = EDGE_CURVE('',#14407,#15788,#15812,.T.);
#15812 = SURFACE_CURVE('',#15813,(#15817,#15823),.PCURVE_S1.);
#15813 = LINE('',#15814,#15815);
#15814 = CARTESIAN_POINT('',(-148.5,152.62660980934,39.259742146841));
#15815 = VECTOR('',#15816,1.);
#15816 = DIRECTION('',(1.,0.,0.));
#15817 = PCURVE('',#14451,#15818);
#15818 = DEFINITIONAL_REPRESENTATION('',(#15819),#15822);
#15819 = B_SPLINE_CURVE_WITH_KNOTS('',1,(#15820,#15821),.UNSPECIFIED.,
  .F.,.F.,(2,2),(0.,3.),.PIECEWISE_BEZIER_KNOTS.);
#15820 = CARTESIAN_POINT('',(0.,0.));
#15821 = CARTESIAN_POINT('',(0.,3.));
#15822 = ( GEOMETRIC_REPRESENTATION_CONTEXT(2) 
PARAMETRIC_REPRESENTATION_CONTEXT() REPRESENTATION_CONTEXT('2D SPACE',''
  ) );
#15823 = PCURVE('',#14422,#15824);
#15824 = DEFINITIONAL_REPRESENTATION('',(#15825),#15829);
#15825 = LINE('',#15826,#15827);
#15826 = CARTESIAN_POINT('',(0.,170.));
#15827 = VECTOR('',#15828,1.);
#15828 = DIRECTION('',(1.,0.));
#15829 = ( GEOMETRIC_REPRESENTATION_CONTEXT(2) 
PARAMETRIC_REPRESENTATION_CONTEXT() REPRESENTATION_CONTEXT('2D SPACE',''
  ) );
#15830 = ORIENTED_EDGE('',*,*,#14434,.T.);
#15831 = ORIENTED_EDGE('',*,*,#15763,.T.);
#15832 = ADVANCED_FACE('',(#15833),#14422,.F.);
#15833 = FACE_BOUND('',#15834,.F.);
#15834 = EDGE_LOOP('',(#15835,#15836,#15837,#15858));
#15835 = ORIENTED_EDGE('',*,*,#14406,.F.);
#15836 = ORIENTED_EDGE('',*,*,#15000,.T.);
#15837 = ORIENTED_EDGE('',*,*,#15838,.T.);
#15838 = EDGE_CURVE('',#15001,#15788,#15839,.T.);
#15839 = SURFACE_CURVE('',#15840,(#15844,#15851),.PCURVE_S1.);
#15840 = LINE('',#15841,#15842);
#15841 = CARTESIAN_POINT('',(-145.5,-17.33701661219,35.743253324326));
#15842 = VECTOR('',#15843,1.);
#15843 = DIRECTION('',(0.,0.999786037774,2.068522836773E-02));
#15844 = PCURVE('',#14422,#15845);
#15845 = DEFINITIONAL_REPRESENTATION('',(#15846),#15850);
#15846 = LINE('',#15847,#15848);
#15847 = CARTESIAN_POINT('',(3.,0.));
#15848 = VECTOR('',#15849,1.);
#15849 = DIRECTION('',(0.,1.));
#15850 = ( GEOMETRIC_REPRESENTATION_CONTEXT(2) 
PARAMETRIC_REPRESENTATION_CONTEXT() REPRESENTATION_CONTEXT('2D SPACE',''
  ) );
#15851 = PCURVE('',#15039,#15852);
#15852 = DEFINITIONAL_REPRESENTATION('',(#15853),#15857);
#15853 = LINE('',#15854,#15855);
#15854 = CARTESIAN_POINT('',(0.,0.));
#15855 = VECTOR('',#15856,1.);
#15856 = DIRECTION('',(-1.950949445901E-19,-1.));
#15857 = ( GEOMETRIC_REPRESENTATION_CONTEXT(2) 
PARAMETRIC_REPRESENTATION_CONTEXT() REPRESENTATION_CONTEXT('2D SPACE',''
  ) );
#15858 = ORIENTED_EDGE('',*,*,#15811,.F.);
#15859 = ADVANCED_FACE('',(#15860,#15939),#15039,.T.);
#15860 = FACE_BOUND('',#15861,.T.);
#15861 = EDGE_LOOP('',(#15862,#15863,#15864,#15865,#15866,#15889,#15913,
    #15934,#15935,#15936,#15937,#15938));
#15862 = ORIENTED_EDGE('',*,*,#15022,.T.);
#15863 = ORIENTED_EDGE('',*,*,#15838,.T.);
#15864 = ORIENTED_EDGE('',*,*,#15787,.T.);
#15865 = ORIENTED_EDGE('',*,*,#15740,.F.);
#15866 = ORIENTED_EDGE('',*,*,#15867,.T.);
#15867 = EDGE_CURVE('',#15720,#15868,#15870,.T.);
#15868 = VERTEX_POINT('',#15869);
#15869 = CARTESIAN_POINT('',(-145.5,66.622291627325,68.47896220275));
#15870 = SURFACE_CURVE('',#15871,(#15875,#15882),.PCURVE_S1.);
#15871 = LINE('',#15872,#15873);
#15872 = CARTESIAN_POINT('',(-145.5,103.02103779725,51.908498523876));
#15873 = VECTOR('',#15874,1.);
#15874 = DIRECTION('',(0.,-0.910125383008,0.414332942457));
#15875 = PCURVE('',#15039,#15876);
#15876 = DEFINITIONAL_REPRESENTATION('',(#15877),#15881);
#15877 = LINE('',#15878,#15879);
#15878 = CARTESIAN_POINT('',(13.672152606344,-120.6666841207));
#15879 = VECTOR('',#15880,1.);
#15880 = DIRECTION('',(0.433070442249,0.901360079019));
#15881 = ( GEOMETRIC_REPRESENTATION_CONTEXT(2) 
PARAMETRIC_REPRESENTATION_CONTEXT() REPRESENTATION_CONTEXT('2D SPACE',''
  ) );
#15882 = PCURVE('',#14507,#15883);
#15883 = DEFINITIONAL_REPRESENTATION('',(#15884),#15888);
#15884 = LINE('',#15885,#15886);
#15885 = CARTESIAN_POINT('',(3.,0.));
#15886 = VECTOR('',#15887,1.);
#15887 = DIRECTION('',(0.,1.));
#15888 = ( GEOMETRIC_REPRESENTATION_CONTEXT(2) 
PARAMETRIC_REPRESENTATION_CONTEXT() REPRESENTATION_CONTEXT('2D SPACE',''
  ) );
#15889 = ORIENTED_EDGE('',*,*,#15890,.T.);
#15890 = EDGE_CURVE('',#15868,#15891,#15893,.T.);
#15891 = VERTEX_POINT('',#15892);
#15892 = CARTESIAN_POINT('',(-145.5,62.47896220275,59.377708372675));
#15893 = SURFACE_CURVE('',#15894,(#15899,#15906),.PCURVE_S1.);
#15894 = CIRCLE('',#15895,5.);
#15895 = AXIS2_PLACEMENT_3D('',#15896,#15897,#15898);
#15896 = CARTESIAN_POINT('',(-145.5,64.550626915037,63.928335287713));
#15897 = DIRECTION('',(1.,-9.200039451539E-17,-2.020884311021E-16));
#15898 = DIRECTION('',(2.22044604925E-16,0.414332942457,0.910125383008)
  );
#15899 = PCURVE('',#15039,#15900);
#15900 = DEFINITIONAL_REPRESENTATION('',(#15901),#15905);
#15901 = CIRCLE('',#15902,5.);
#15902 = AXIS2_PLACEMENT_2D('',#15903,#15904);
#15903 = CARTESIAN_POINT('',(26.485186813647,-82.4531375217));
#15904 = DIRECTION('',(0.901360079019,-0.433070442249));
#15905 = ( GEOMETRIC_REPRESENTATION_CONTEXT(2) 
PARAMETRIC_REPRESENTATION_CONTEXT() REPRESENTATION_CONTEXT('2D SPACE',''
  ) );
#15906 = PCURVE('',#14536,#15907);
#15907 = DEFINITIONAL_REPRESENTATION('',(#15908),#15912);
#15908 = LINE('',#15909,#15910);
#15909 = CARTESIAN_POINT('',(0.,3.));
#15910 = VECTOR('',#15911,1.);
#15911 = DIRECTION('',(1.,0.));
#15912 = ( GEOMETRIC_REPRESENTATION_CONTEXT(2) 
PARAMETRIC_REPRESENTATION_CONTEXT() REPRESENTATION_CONTEXT('2D SPACE',''
  ) );
#15913 = ORIENTED_EDGE('',*,*,#15914,.F.);
#15914 = EDGE_CURVE('',#15271,#15891,#15915,.T.);
#15915 = SURFACE_CURVE('',#15916,(#15920,#15927),.PCURVE_S1.);
#15916 = LINE('',#15917,#15918);
#15917 = CARTESIAN_POINT('',(-145.5,98.877708372675,42.807244693801));
#15918 = VECTOR('',#15919,1.);
#15919 = DIRECTION('',(0.,-0.910125383008,0.414332942457));
#15920 = PCURVE('',#15039,#15921);
#15921 = DEFINITIONAL_REPRESENTATION('',(#15922),#15926);
#15922 = LINE('',#15923,#15924);
#15923 = CARTESIAN_POINT('',(4.65855181615,-116.3359796982));
#15924 = VECTOR('',#15925,1.);
#15925 = DIRECTION('',(0.433070442249,0.901360079019));
#15926 = ( GEOMETRIC_REPRESENTATION_CONTEXT(2) 
PARAMETRIC_REPRESENTATION_CONTEXT() REPRESENTATION_CONTEXT('2D SPACE',''
  ) );
#15927 = PCURVE('',#14564,#15928);
#15928 = DEFINITIONAL_REPRESENTATION('',(#15929),#15933);
#15929 = LINE('',#15930,#15931);
#15930 = CARTESIAN_POINT('',(3.,0.));
#15931 = VECTOR('',#15932,1.);
#15932 = DIRECTION('',(0.,1.));
#15933 = ( GEOMETRIC_REPRESENTATION_CONTEXT(2) 
PARAMETRIC_REPRESENTATION_CONTEXT() REPRESENTATION_CONTEXT('2D SPACE',''
  ) );
#15934 = ORIENTED_EDGE('',*,*,#15270,.F.);
#15935 = ORIENTED_EDGE('',*,*,#15243,.T.);
#15936 = ORIENTED_EDGE('',*,*,#15172,.T.);
#15937 = ORIENTED_EDGE('',*,*,#15125,.F.);
#15938 = ORIENTED_EDGE('',*,*,#15078,.F.);
#15939 = FACE_BOUND('',#15940,.T.);
#15940 = EDGE_LOOP('',(#15941,#15942,#15965,#15987,#15988,#15989,#15990,
    #15991,#15992,#15993));
#15941 = ORIENTED_EDGE('',*,*,#15358,.F.);
#15942 = ORIENTED_EDGE('',*,*,#15943,.F.);
#15943 = EDGE_CURVE('',#15944,#15316,#15946,.T.);
#15944 = VERTEX_POINT('',#15945);
#15945 = CARTESIAN_POINT('',(-145.5,98.877708372675,42.807244693801));
#15946 = SURFACE_CURVE('',#15947,(#15951,#15958),.PCURVE_S1.);
#15947 = LINE('',#15948,#15949);
#15948 = CARTESIAN_POINT('',(-145.5,98.877708372675,42.807244693801));
#15949 = VECTOR('',#15950,1.);
#15950 = DIRECTION('',(0.,-0.910125383008,0.414332942457));
#15951 = PCURVE('',#15039,#15952);
#15952 = DEFINITIONAL_REPRESENTATION('',(#15953),#15957);
#15953 = LINE('',#15954,#15955);
#15954 = CARTESIAN_POINT('',(4.65855181615,-116.3359796982));
#15955 = VECTOR('',#15956,1.);
#15956 = DIRECTION('',(0.433070442249,0.901360079019));
#15957 = ( GEOMETRIC_REPRESENTATION_CONTEXT(2) 
PARAMETRIC_REPRESENTATION_CONTEXT() REPRESENTATION_CONTEXT('2D SPACE',''
  ) );
#15958 = PCURVE('',#14762,#15959);
#15959 = DEFINITIONAL_REPRESENTATION('',(#15960),#15964);
#15960 = LINE('',#15961,#15962);
#15961 = CARTESIAN_POINT('',(3.,0.));
#15962 = VECTOR('',#15963,1.);
#15963 = DIRECTION('',(0.,1.));
#15964 = ( GEOMETRIC_REPRESENTATION_CONTEXT(2) 
PARAMETRIC_REPRESENTATION_CONTEXT() REPRESENTATION_CONTEXT('2D SPACE',''
  ) );
#15965 = ORIENTED_EDGE('',*,*,#15966,.T.);
#15966 = EDGE_CURVE('',#15944,#15675,#15967,.T.);
#15967 = SURFACE_CURVE('',#15968,(#15973,#15980),.PCURVE_S1.);
#15968 = CIRCLE('',#15969,5.);
#15969 = AXIS2_PLACEMENT_3D('',#15970,#15971,#15972);
#15970 = CARTESIAN_POINT('',(-145.5,100.94937308496,47.357871608839));
#15971 = DIRECTION('',(1.,-9.200039451539E-17,-2.020884311021E-16));
#15972 = DIRECTION('',(2.22044604925E-16,0.414332942457,0.910125383008)
  );
#15973 = PCURVE('',#15039,#15974);
#15974 = DEFINITIONAL_REPRESENTATION('',(#15975),#15979);
#15975 = CIRCLE('',#15976,5.);
#15976 = AXIS2_PLACEMENT_2D('',#15977,#15978);
#15977 = CARTESIAN_POINT('',(9.165352211247,-118.5013319095));
#15978 = DIRECTION('',(0.901360079019,-0.433070442249));
#15979 = ( GEOMETRIC_REPRESENTATION_CONTEXT(2) 
PARAMETRIC_REPRESENTATION_CONTEXT() REPRESENTATION_CONTEXT('2D SPACE',''
  ) );
#15980 = PCURVE('',#14791,#15981);
#15981 = DEFINITIONAL_REPRESENTATION('',(#15982),#15986);
#15982 = LINE('',#15983,#15984);
#15983 = CARTESIAN_POINT('',(0.,3.));
#15984 = VECTOR('',#15985,1.);
#15985 = DIRECTION('',(1.,0.));
#15986 = ( GEOMETRIC_REPRESENTATION_CONTEXT(2) 
PARAMETRIC_REPRESENTATION_CONTEXT() REPRESENTATION_CONTEXT('2D SPACE',''
  ) );
#15987 = ORIENTED_EDGE('',*,*,#15695,.F.);
#15988 = ORIENTED_EDGE('',*,*,#15622,.F.);
#15989 = ORIENTED_EDGE('',*,*,#15577,.T.);
#15990 = ORIENTED_EDGE('',*,*,#15549,.F.);
#15991 = ORIENTED_EDGE('',*,*,#15503,.F.);
#15992 = ORIENTED_EDGE('',*,*,#15433,.F.);
#15993 = ORIENTED_EDGE('',*,*,#15383,.T.);
#15994 = ADVANCED_FACE('',(#15995),#14564,.T.);
#15995 = FACE_BOUND('',#15996,.T.);
#15996 = EDGE_LOOP('',(#15997,#15998,#15999,#16000));
#15997 = ORIENTED_EDGE('',*,*,#14548,.F.);
#15998 = ORIENTED_EDGE('',*,*,#15293,.T.);
#15999 = ORIENTED_EDGE('',*,*,#15914,.T.);
#16000 = ORIENTED_EDGE('',*,*,#16001,.F.);
#16001 = EDGE_CURVE('',#14520,#15891,#16002,.T.);
#16002 = SURFACE_CURVE('',#16003,(#16007,#16014),.PCURVE_S1.);
#16003 = LINE('',#16004,#16005);
#16004 = CARTESIAN_POINT('',(-148.5,62.47896220275,59.377708372675));
#16005 = VECTOR('',#16006,1.);
#16006 = DIRECTION('',(1.,0.,0.));
#16007 = PCURVE('',#14564,#16008);
#16008 = DEFINITIONAL_REPRESENTATION('',(#16009),#16013);
#16009 = LINE('',#16010,#16011);
#16010 = CARTESIAN_POINT('',(0.,39.993111772848));
#16011 = VECTOR('',#16012,1.);
#16012 = DIRECTION('',(1.,0.));
#16013 = ( GEOMETRIC_REPRESENTATION_CONTEXT(2) 
PARAMETRIC_REPRESENTATION_CONTEXT() REPRESENTATION_CONTEXT('2D SPACE',''
  ) );
#16014 = PCURVE('',#14536,#16015);
#16015 = DEFINITIONAL_REPRESENTATION('',(#16016),#16020);
#16016 = LINE('',#16017,#16018);
#16017 = CARTESIAN_POINT('',(3.14159265359,1.110223024625E-15));
#16018 = VECTOR('',#16019,1.);
#16019 = DIRECTION('',(0.,1.));
#16020 = ( GEOMETRIC_REPRESENTATION_CONTEXT(2) 
PARAMETRIC_REPRESENTATION_CONTEXT() REPRESENTATION_CONTEXT('2D SPACE',''
  ) );
#16021 = ADVANCED_FACE('',(#16022),#14762,.T.);
#16022 = FACE_BOUND('',#16023,.T.);
#16023 = EDGE_LOOP('',(#16024,#16025,#16046,#16047));
#16024 = ORIENTED_EDGE('',*,*,#14746,.F.);
#16025 = ORIENTED_EDGE('',*,*,#16026,.T.);
#16026 = EDGE_CURVE('',#14747,#15944,#16027,.T.);
#16027 = SURFACE_CURVE('',#16028,(#16032,#16039),.PCURVE_S1.);
#16028 = LINE('',#16029,#16030);
#16029 = CARTESIAN_POINT('',(-148.5,98.877708372675,42.807244693801));
#16030 = VECTOR('',#16031,1.);
#16031 = DIRECTION('',(1.,0.,0.));
#16032 = PCURVE('',#14762,#16033);
#16033 = DEFINITIONAL_REPRESENTATION('',(#16034),#16038);
#16034 = LINE('',#16035,#16036);
#16035 = CARTESIAN_POINT('',(0.,0.));
#16036 = VECTOR('',#16037,1.);
#16037 = DIRECTION('',(1.,0.));
#16038 = ( GEOMETRIC_REPRESENTATION_CONTEXT(2) 
PARAMETRIC_REPRESENTATION_CONTEXT() REPRESENTATION_CONTEXT('2D SPACE',''
  ) );
#16039 = PCURVE('',#14791,#16040);
#16040 = DEFINITIONAL_REPRESENTATION('',(#16041),#16045);
#16041 = LINE('',#16042,#16043);
#16042 = CARTESIAN_POINT('',(3.14159265359,1.110223024625E-15));
#16043 = VECTOR('',#16044,1.);
#16044 = DIRECTION('',(0.,1.));
#16045 = ( GEOMETRIC_REPRESENTATION_CONTEXT(2) 
PARAMETRIC_REPRESENTATION_CONTEXT() REPRESENTATION_CONTEXT('2D SPACE',''
  ) );
#16046 = ORIENTED_EDGE('',*,*,#15943,.T.);
#16047 = ORIENTED_EDGE('',*,*,#15315,.F.);
#16048 = ADVANCED_FACE('',(#16049),#14791,.T.);
#16049 = FACE_BOUND('',#16050,.T.);
#16050 = EDGE_LOOP('',(#16051,#16052,#16053,#16054));
#16051 = ORIENTED_EDGE('',*,*,#14774,.T.);
#16052 = ORIENTED_EDGE('',*,*,#15674,.T.);
#16053 = ORIENTED_EDGE('',*,*,#15966,.F.);
#16054 = ORIENTED_EDGE('',*,*,#16026,.F.);
#16055 = ADVANCED_FACE('',(#16056),#14507,.F.);
#16056 = FACE_BOUND('',#16057,.F.);
#16057 = EDGE_LOOP('',(#16058,#16059,#16060,#16061));
#16058 = ORIENTED_EDGE('',*,*,#14491,.F.);
#16059 = ORIENTED_EDGE('',*,*,#15719,.T.);
#16060 = ORIENTED_EDGE('',*,*,#15867,.T.);
#16061 = ORIENTED_EDGE('',*,*,#16062,.F.);
#16062 = EDGE_CURVE('',#14492,#15868,#16063,.T.);
#16063 = SURFACE_CURVE('',#16064,(#16068,#16075),.PCURVE_S1.);
#16064 = LINE('',#16065,#16066);
#16065 = CARTESIAN_POINT('',(-148.5,66.622291627325,68.47896220275));
#16066 = VECTOR('',#16067,1.);
#16067 = DIRECTION('',(1.,0.,0.));
#16068 = PCURVE('',#14507,#16069);
#16069 = DEFINITIONAL_REPRESENTATION('',(#16070),#16074);
#16070 = LINE('',#16071,#16072);
#16071 = CARTESIAN_POINT('',(0.,39.993111772848));
#16072 = VECTOR('',#16073,1.);
#16073 = DIRECTION('',(1.,0.));
#16074 = ( GEOMETRIC_REPRESENTATION_CONTEXT(2) 
PARAMETRIC_REPRESENTATION_CONTEXT() REPRESENTATION_CONTEXT('2D SPACE',''
  ) );
#16075 = PCURVE('',#14536,#16076);
#16076 = DEFINITIONAL_REPRESENTATION('',(#16077),#16080);
#16077 = B_SPLINE_CURVE_WITH_KNOTS('',1,(#16078,#16079),.UNSPECIFIED.,
  .F.,.F.,(2,2),(0.,3.),.PIECEWISE_BEZIER_KNOTS.);
#16078 = CARTESIAN_POINT('',(0.,0.));
#16079 = CARTESIAN_POINT('',(0.,3.));
#16080 = ( GEOMETRIC_REPRESENTATION_CONTEXT(2) 
PARAMETRIC_REPRESENTATION_CONTEXT() REPRESENTATION_CONTEXT('2D SPACE',''
  ) );
#16081 = ADVANCED_FACE('',(#16082),#14536,.T.);
#16082 = FACE_BOUND('',#16083,.T.);
#16083 = EDGE_LOOP('',(#16084,#16085,#16086,#16087));
#16084 = ORIENTED_EDGE('',*,*,#15890,.F.);
#16085 = ORIENTED_EDGE('',*,*,#16062,.F.);
#16086 = ORIENTED_EDGE('',*,*,#14519,.T.);
#16087 = ORIENTED_EDGE('',*,*,#16001,.T.);
#16088 = ( GEOMETRIC_REPRESENTATION_CONTEXT(3) 
GLOBAL_UNCERTAINTY_ASSIGNED_CONTEXT((#16092)) 
GLOBAL_UNIT_ASSIGNED_CONTEXT((#16089,#16090,#16091)) 
REPRESENTATION_CONTEXT('Context #1',
  '3D Context with UNIT and UNCERTAINTY') );
#16089 = ( LENGTH_UNIT() NAMED_UNIT(*) SI_UNIT(.MILLI.,.METRE.) );
#16090 = ( NAMED_UNIT(*) PLANE_ANGLE_UNIT() SI_UNIT($,.RADIAN.) );
#16091 = ( NAMED_UNIT(*) SI_UNIT($,.STERADIAN.) SOLID_ANGLE_UNIT() );
#16092 = UNCERTAINTY_MEASURE_WITH_UNIT(LENGTH_MEASURE(2.E-07),#16089,
  'distance_accuracy_value','confusion accuracy');
#16093 = CONTEXT_DEPENDENT_SHAPE_REPRESENTATION(#16094,#16096);
#16094 = ( REPRESENTATION_RELATIONSHIP('','',#14363,#14340) 
REPRESENTATION_RELATIONSHIP_WITH_TRANSFORMATION(#16095) 
SHAPE_REPRESENTATION_RELATIONSHIP() );
#16095 = ITEM_DEFINED_TRANSFORMATION('','',#11,#14341);
#16096 = PRODUCT_DEFINITION_SHAPE('Placement','Placement of an item',
  #16097);
#16097 = NEXT_ASSEMBLY_USAGE_OCCURRENCE('61','=>[0:1:1:63]','',#14335,
  #14358,$);
#16098 = PRODUCT_RELATED_PRODUCT_CATEGORY('part',$,(#14360));
#16099 = SHAPE_DEFINITION_REPRESENTATION(#16100,#16106);
#16100 = PRODUCT_DEFINITION_SHAPE('','',#16101);
#16101 = PRODUCT_DEFINITION('design','',#16102,#16105);
#16102 = PRODUCT_DEFINITION_FORMATION('','',#16103);
#16103 = PRODUCT('trackpad_slotted_cheek_inner_left',
  'trackpad_slotted_cheek_inner_left','',(#16104));
#16104 = PRODUCT_CONTEXT('',#2,'mechanical');
#16105 = PRODUCT_DEFINITION_CONTEXT('part definition',#2,'design');
#16106 = SHAPE_REPRESENTATION('',(#11,#16107),#16111);
#16107 = AXIS2_PLACEMENT_3D('',#16108,#16109,#16110);
#16108 = CARTESIAN_POINT('',(0.,0.,0.));
#16109 = DIRECTION('',(0.,0.,1.));
#16110 = DIRECTION('',(1.,0.,-0.));
#16111 = ( GEOMETRIC_REPRESENTATION_CONTEXT(3) 
GLOBAL_UNCERTAINTY_ASSIGNED_CONTEXT((#16115)) 
GLOBAL_UNIT_ASSIGNED_CONTEXT((#16112,#16113,#16114)) 
REPRESENTATION_CONTEXT('Context #1',
  '3D Context with UNIT and UNCERTAINTY') );
#16112 = ( LENGTH_UNIT() NAMED_UNIT(*) SI_UNIT(.MILLI.,.METRE.) );
#16113 = ( NAMED_UNIT(*) PLANE_ANGLE_UNIT() SI_UNIT($,.RADIAN.) );
#16114 = ( NAMED_UNIT(*) SI_UNIT($,.STERADIAN.) SOLID_ANGLE_UNIT() );
#16115 = UNCERTAINTY_MEASURE_WITH_UNIT(LENGTH_MEASURE(2.E-07),#16112,
  'distance_accuracy_value','confusion accuracy');
#16116 = CONTEXT_DEPENDENT_SHAPE_REPRESENTATION(#16117,#16119);
#16117 = ( REPRESENTATION_RELATIONSHIP('','',#16106,#10) 
REPRESENTATION_RELATIONSHIP_WITH_TRANSFORMATION(#16118) 
SHAPE_REPRESENTATION_RELATIONSHIP() );
#16118 = ITEM_DEFINED_TRANSFORMATION('','',#11,#139);
#16119 = PRODUCT_DEFINITION_SHAPE('Placement','Placement of an item',
  #16120);
#16120 = NEXT_ASSEMBLY_USAGE_OCCURRENCE('64','=>[0:1:1:64]','',#5,#16101
  ,$);
#16121 = PRODUCT_RELATED_PRODUCT_CATEGORY('part',$,(#16103));
#16122 = SHAPE_DEFINITION_REPRESENTATION(#16123,#16129);
#16123 = PRODUCT_DEFINITION_SHAPE('','',#16124);
#16124 = PRODUCT_DEFINITION('design','',#16125,#16128);
#16125 = PRODUCT_DEFINITION_FORMATION('','',#16126);
#16126 = PRODUCT('SOLID','SOLID','',(#16127));
#16127 = PRODUCT_CONTEXT('',#2,'mechanical');
#16128 = PRODUCT_DEFINITION_CONTEXT('part definition',#2,'design');
#16129 = ADVANCED_BREP_SHAPE_REPRESENTATION('',(#11,#16130),#17854);
#16130 = MANIFOLD_SOLID_BREP('',#16131);
#16131 = CLOSED_SHELL('',(#16132,#16762,#16838,#16885,#16934,#16983,
    #17030,#17077,#17143,#17193,#17240,#17288,#17337,#17384,#17434,
    #17480,#17549,#17598,#17625,#17760,#17787,#17814,#17821,#17847));
#16132 = ADVANCED_FACE('',(#16133,#16480),#16148,.F.);
#16133 = FACE_BOUND('',#16134,.F.);
#16134 = EDGE_LOOP('',(#16135,#16171,#16199,#16228,#16256,#16284,#16313,
    #16341,#16369,#16397,#16426,#16454));
#16135 = ORIENTED_EDGE('',*,*,#16136,.T.);
#16136 = EDGE_CURVE('',#16137,#16139,#16141,.T.);
#16137 = VERTEX_POINT('',#16138);
#16138 = CARTESIAN_POINT('',(-139.5,-17.62660980934,49.740257853159));
#16139 = VERTEX_POINT('',#16140);
#16140 = CARTESIAN_POINT('',(-139.5,-17.33701661219,35.743253324326));
#16141 = SURFACE_CURVE('',#16142,(#16147,#16159),.PCURVE_S1.);
#16142 = CIRCLE('',#16143,7.);
#16143 = AXIS2_PLACEMENT_3D('',#16144,#16145,#16146);
#16144 = CARTESIAN_POINT('',(-139.5,-17.48181321077,42.741755588743));
#16145 = DIRECTION('',(1.,-4.593043360697E-18,2.21997095767E-16));
#16146 = DIRECTION('',(2.22044604925E-16,2.068522836773E-02,
    -0.999786037774));
#16147 = PCURVE('',#16148,#16153);
#16148 = PLANE('',#16149);
#16149 = AXIS2_PLACEMENT_3D('',#16150,#16151,#16152);
#16150 = CARTESIAN_POINT('',(-139.5,-17.33701661219,35.743253324326));
#16151 = DIRECTION('',(1.,0.,0.));
#16152 = DIRECTION('',(0.,-2.068522836773E-02,0.999786037774));
#16153 = DEFINITIONAL_REPRESENTATION('',(#16154),#16158);
#16154 = CIRCLE('',#16155,7.);
#16155 = AXIS2_PLACEMENT_2D('',#16156,#16157);
#16156 = CARTESIAN_POINT('',(7.,-2.213202155301E-16));
#16157 = DIRECTION('',(-1.,-1.950949445901E-19));
#16158 = ( GEOMETRIC_REPRESENTATION_CONTEXT(2) 
PARAMETRIC_REPRESENTATION_CONTEXT() REPRESENTATION_CONTEXT('2D SPACE',''
  ) );
#16159 = PCURVE('',#16160,#16165);
#16160 = CYLINDRICAL_SURFACE('',#16161,7.);
#16161 = AXIS2_PLACEMENT_3D('',#16162,#16163,#16164);
#16162 = CARTESIAN_POINT('',(-139.5,-17.48181321077,42.741755588743));
#16163 = DIRECTION('',(1.,-4.593043360697E-18,2.21997095767E-16));
#16164 = DIRECTION('',(2.22044604925E-16,2.068522836773E-02,
    -0.999786037774));
#16165 = DEFINITIONAL_REPRESENTATION('',(#16166),#16170);
#16166 = LINE('',#16167,#16168);
#16167 = CARTESIAN_POINT('',(0.,0.));
#16168 = VECTOR('',#16169,1.);
#16169 = DIRECTION('',(1.,0.));
#16170 = ( GEOMETRIC_REPRESENTATION_CONTEXT(2) 
PARAMETRIC_REPRESENTATION_CONTEXT() REPRESENTATION_CONTEXT('2D SPACE',''
  ) );
#16171 = ORIENTED_EDGE('',*,*,#16172,.T.);
#16172 = EDGE_CURVE('',#16139,#16173,#16175,.T.);
#16173 = VERTEX_POINT('',#16174);
#16174 = CARTESIAN_POINT('',(-139.5,152.62660980934,39.259742146841));
#16175 = SURFACE_CURVE('',#16176,(#16180,#16187),.PCURVE_S1.);
#16176 = LINE('',#16177,#16178);
#16177 = CARTESIAN_POINT('',(-139.5,-17.33701661219,35.743253324326));
#16178 = VECTOR('',#16179,1.);
#16179 = DIRECTION('',(0.,0.999786037774,2.068522836773E-02));
#16180 = PCURVE('',#16148,#16181);
#16181 = DEFINITIONAL_REPRESENTATION('',(#16182),#16186);
#16182 = LINE('',#16183,#16184);
#16183 = CARTESIAN_POINT('',(0.,0.));
#16184 = VECTOR('',#16185,1.);
#16185 = DIRECTION('',(-1.950949445901E-19,-1.));
#16186 = ( GEOMETRIC_REPRESENTATION_CONTEXT(2) 
PARAMETRIC_REPRESENTATION_CONTEXT() REPRESENTATION_CONTEXT('2D SPACE',''
  ) );
#16187 = PCURVE('',#16188,#16193);
#16188 = PLANE('',#16189);
#16189 = AXIS2_PLACEMENT_3D('',#16190,#16191,#16192);
#16190 = CARTESIAN_POINT('',(-139.5,-17.33701661219,35.743253324326));
#16191 = DIRECTION('',(0.,-2.068522836773E-02,0.999786037774));
#16192 = DIRECTION('',(1.,0.,0.));
#16193 = DEFINITIONAL_REPRESENTATION('',(#16194),#16198);
#16194 = LINE('',#16195,#16196);
#16195 = CARTESIAN_POINT('',(0.,0.));
#16196 = VECTOR('',#16197,1.);
#16197 = DIRECTION('',(0.,1.));
#16198 = ( GEOMETRIC_REPRESENTATION_CONTEXT(2) 
PARAMETRIC_REPRESENTATION_CONTEXT() REPRESENTATION_CONTEXT('2D SPACE',''
  ) );
#16199 = ORIENTED_EDGE('',*,*,#16200,.T.);
#16200 = EDGE_CURVE('',#16173,#16201,#16203,.T.);
#16201 = VERTEX_POINT('',#16202);
#16202 = CARTESIAN_POINT('',(-139.5,152.33701661219,53.256746675674));
#16203 = SURFACE_CURVE('',#16204,(#16209,#16216),.PCURVE_S1.);
#16204 = CIRCLE('',#16205,7.);
#16205 = AXIS2_PLACEMENT_3D('',#16206,#16207,#16208);
#16206 = CARTESIAN_POINT('',(-139.5,152.48181321077,46.258244411257));
#16207 = DIRECTION('',(1.,-4.593043360697E-18,2.21997095767E-16));
#16208 = DIRECTION('',(2.22044604925E-16,2.068522836773E-02,
    -0.999786037774));
#16209 = PCURVE('',#16148,#16210);
#16210 = DEFINITIONAL_REPRESENTATION('',(#16211),#16215);
#16211 = CIRCLE('',#16212,7.);
#16212 = AXIS2_PLACEMENT_2D('',#16213,#16214);
#16213 = CARTESIAN_POINT('',(7.,-170.));
#16214 = DIRECTION('',(-1.,-1.950949445901E-19));
#16215 = ( GEOMETRIC_REPRESENTATION_CONTEXT(2) 
PARAMETRIC_REPRESENTATION_CONTEXT() REPRESENTATION_CONTEXT('2D SPACE',''
  ) );
#16216 = PCURVE('',#16217,#16222);
#16217 = CYLINDRICAL_SURFACE('',#16218,7.);
#16218 = AXIS2_PLACEMENT_3D('',#16219,#16220,#16221);
#16219 = CARTESIAN_POINT('',(-139.5,152.48181321077,46.258244411257));
#16220 = DIRECTION('',(1.,-4.593043360697E-18,2.21997095767E-16));
#16221 = DIRECTION('',(2.22044604925E-16,2.068522836773E-02,
    -0.999786037774));
#16222 = DEFINITIONAL_REPRESENTATION('',(#16223),#16227);
#16223 = LINE('',#16224,#16225);
#16224 = CARTESIAN_POINT('',(0.,0.));
#16225 = VECTOR('',#16226,1.);
#16226 = DIRECTION('',(1.,0.));
#16227 = ( GEOMETRIC_REPRESENTATION_CONTEXT(2) 
PARAMETRIC_REPRESENTATION_CONTEXT() REPRESENTATION_CONTEXT('2D SPACE',''
  ) );
#16228 = ORIENTED_EDGE('',*,*,#16229,.F.);
#16229 = EDGE_CURVE('',#16230,#16201,#16232,.T.);
#16230 = VERTEX_POINT('',#16231);
#16231 = CARTESIAN_POINT('',(-139.5,102.33204541723,52.222161064744));
#16232 = SURFACE_CURVE('',#16233,(#16237,#16244),.PCURVE_S1.);
#16233 = LINE('',#16234,#16235);
#16234 = CARTESIAN_POINT('',(-139.5,-17.62660980934,49.740257853159));
#16235 = VECTOR('',#16236,1.);
#16236 = DIRECTION('',(0.,0.999786037774,2.068522836773E-02));
#16237 = PCURVE('',#16148,#16238);
#16238 = DEFINITIONAL_REPRESENTATION('',(#16239),#16243);
#16239 = LINE('',#16240,#16241);
#16240 = CARTESIAN_POINT('',(14.,-5.896178186025E-16));
#16241 = VECTOR('',#16242,1.);
#16242 = DIRECTION('',(-1.950949445901E-19,-1.));
#16243 = ( GEOMETRIC_REPRESENTATION_CONTEXT(2) 
PARAMETRIC_REPRESENTATION_CONTEXT() REPRESENTATION_CONTEXT('2D SPACE',''
  ) );
#16244 = PCURVE('',#16245,#16250);
#16245 = PLANE('',#16246);
#16246 = AXIS2_PLACEMENT_3D('',#16247,#16248,#16249);
#16247 = CARTESIAN_POINT('',(-139.5,-17.62660980934,49.740257853159));
#16248 = DIRECTION('',(0.,-2.068522836773E-02,0.999786037774));
#16249 = DIRECTION('',(1.,0.,0.));
#16250 = DEFINITIONAL_REPRESENTATION('',(#16251),#16255);
#16251 = LINE('',#16252,#16253);
#16252 = CARTESIAN_POINT('',(0.,0.));
#16253 = VECTOR('',#16254,1.);
#16254 = DIRECTION('',(0.,1.));
#16255 = ( GEOMETRIC_REPRESENTATION_CONTEXT(2) 
PARAMETRIC_REPRESENTATION_CONTEXT() REPRESENTATION_CONTEXT('2D SPACE',''
  ) );
#16256 = ORIENTED_EDGE('',*,*,#16257,.T.);
#16257 = EDGE_CURVE('',#16230,#16258,#16260,.T.);
#16258 = VERTEX_POINT('',#16259);
#16259 = CARTESIAN_POINT('',(-139.5,66.622291627325,68.47896220275));
#16260 = SURFACE_CURVE('',#16261,(#16265,#16272),.PCURVE_S1.);
#16261 = LINE('',#16262,#16263);
#16262 = CARTESIAN_POINT('',(-139.5,103.02103779725,51.908498523876));
#16263 = VECTOR('',#16264,1.);
#16264 = DIRECTION('',(0.,-0.910125383008,0.414332942457));
#16265 = PCURVE('',#16148,#16266);
#16266 = DEFINITIONAL_REPRESENTATION('',(#16267),#16271);
#16267 = LINE('',#16268,#16269);
#16268 = CARTESIAN_POINT('',(13.672152606344,-120.6666841207));
#16269 = VECTOR('',#16270,1.);
#16270 = DIRECTION('',(0.433070442249,0.901360079019));
#16271 = ( GEOMETRIC_REPRESENTATION_CONTEXT(2) 
PARAMETRIC_REPRESENTATION_CONTEXT() REPRESENTATION_CONTEXT('2D SPACE',''
  ) );
#16272 = PCURVE('',#16273,#16278);
#16273 = PLANE('',#16274);
#16274 = AXIS2_PLACEMENT_3D('',#16275,#16276,#16277);
#16275 = CARTESIAN_POINT('',(-139.5,103.02103779725,51.908498523876));
#16276 = DIRECTION('',(0.,-0.414332942457,-0.910125383008));
#16277 = DIRECTION('',(1.,0.,0.));
#16278 = DEFINITIONAL_REPRESENTATION('',(#16279),#16283);
#16279 = LINE('',#16280,#16281);
#16280 = CARTESIAN_POINT('',(0.,0.));
#16281 = VECTOR('',#16282,1.);
#16282 = DIRECTION('',(0.,1.));
#16283 = ( GEOMETRIC_REPRESENTATION_CONTEXT(2) 
PARAMETRIC_REPRESENTATION_CONTEXT() REPRESENTATION_CONTEXT('2D SPACE',''
  ) );
#16284 = ORIENTED_EDGE('',*,*,#16285,.T.);
#16285 = EDGE_CURVE('',#16258,#16286,#16288,.T.);
#16286 = VERTEX_POINT('',#16287);
#16287 = CARTESIAN_POINT('',(-139.5,62.47896220275,59.377708372675));
#16288 = SURFACE_CURVE('',#16289,(#16294,#16301),.PCURVE_S1.);
#16289 = CIRCLE('',#16290,5.);
#16290 = AXIS2_PLACEMENT_3D('',#16291,#16292,#16293);
#16291 = CARTESIAN_POINT('',(-139.5,64.550626915037,63.928335287713));
#16292 = DIRECTION('',(1.,-9.200039451539E-17,-2.020884311021E-16));
#16293 = DIRECTION('',(2.22044604925E-16,0.414332942457,0.910125383008)
  );
#16294 = PCURVE('',#16148,#16295);
#16295 = DEFINITIONAL_REPRESENTATION('',(#16296),#16300);
#16296 = CIRCLE('',#16297,5.);
#16297 = AXIS2_PLACEMENT_2D('',#16298,#16299);
#16298 = CARTESIAN_POINT('',(26.485186813647,-82.4531375217));
#16299 = DIRECTION('',(0.901360079019,-0.433070442249));
#16300 = ( GEOMETRIC_REPRESENTATION_CONTEXT(2) 
PARAMETRIC_REPRESENTATION_CONTEXT() REPRESENTATION_CONTEXT('2D SPACE',''
  ) );
#16301 = PCURVE('',#16302,#16307);
#16302 = CYLINDRICAL_SURFACE('',#16303,5.);
#16303 = AXIS2_PLACEMENT_3D('',#16304,#16305,#16306);
#16304 = CARTESIAN_POINT('',(-139.5,64.550626915037,63.928335287713));
#16305 = DIRECTION('',(1.,-9.200039451539E-17,-2.020884311021E-16));
#16306 = DIRECTION('',(2.22044604925E-16,0.414332942457,0.910125383008)
  );
#16307 = DEFINITIONAL_REPRESENTATION('',(#16308),#16312);
#16308 = LINE('',#16309,#16310);
#16309 = CARTESIAN_POINT('',(0.,0.));
#16310 = VECTOR('',#16311,1.);
#16311 = DIRECTION('',(1.,0.));
#16312 = ( GEOMETRIC_REPRESENTATION_CONTEXT(2) 
PARAMETRIC_REPRESENTATION_CONTEXT() REPRESENTATION_CONTEXT('2D SPACE',''
  ) );
#16313 = ORIENTED_EDGE('',*,*,#16314,.F.);
#16314 = EDGE_CURVE('',#16315,#16286,#16317,.T.);
#16315 = VERTEX_POINT('',#16316);
#16316 = CARTESIAN_POINT('',(-139.5,79.24605431194,51.744519869461));
#16317 = SURFACE_CURVE('',#16318,(#16322,#16329),.PCURVE_S1.);
#16318 = LINE('',#16319,#16320);
#16319 = CARTESIAN_POINT('',(-139.5,98.877708372675,42.807244693801));
#16320 = VECTOR('',#16321,1.);
#16321 = DIRECTION('',(0.,-0.910125383008,0.414332942457));
#16322 = PCURVE('',#16148,#16323);
#16323 = DEFINITIONAL_REPRESENTATION('',(#16324),#16328);
#16324 = LINE('',#16325,#16326);
#16325 = CARTESIAN_POINT('',(4.65855181615,-116.3359796982));
#16326 = VECTOR('',#16327,1.);
#16327 = DIRECTION('',(0.433070442249,0.901360079019));
#16328 = ( GEOMETRIC_REPRESENTATION_CONTEXT(2) 
PARAMETRIC_REPRESENTATION_CONTEXT() REPRESENTATION_CONTEXT('2D SPACE',''
  ) );
#16329 = PCURVE('',#16330,#16335);
#16330 = PLANE('',#16331);
#16331 = AXIS2_PLACEMENT_3D('',#16332,#16333,#16334);
#16332 = CARTESIAN_POINT('',(-139.5,98.877708372675,42.807244693801));
#16333 = DIRECTION('',(0.,-0.414332942457,-0.910125383008));
#16334 = DIRECTION('',(1.,0.,0.));
#16335 = DEFINITIONAL_REPRESENTATION('',(#16336),#16340);
#16336 = LINE('',#16337,#16338);
#16337 = CARTESIAN_POINT('',(0.,0.));
#16338 = VECTOR('',#16339,1.);
#16339 = DIRECTION('',(0.,1.));
#16340 = ( GEOMETRIC_REPRESENTATION_CONTEXT(2) 
PARAMETRIC_REPRESENTATION_CONTEXT() REPRESENTATION_CONTEXT('2D SPACE',''
  ) );
#16341 = ORIENTED_EDGE('',*,*,#16342,.F.);
#16342 = EDGE_CURVE('',#16343,#16315,#16345,.T.);
#16343 = VERTEX_POINT('',#16344);
#16344 = CARTESIAN_POINT('',(-139.5,68.93852552031,51.531260653083));
#16345 = SURFACE_CURVE('',#16346,(#16350,#16357),.PCURVE_S1.);
#16346 = LINE('',#16347,#16348);
#16347 = CARTESIAN_POINT('',(-139.5,-17.62660980934,49.740257853159));
#16348 = VECTOR('',#16349,1.);
#16349 = DIRECTION('',(0.,0.999786037774,2.068522836773E-02));
#16350 = PCURVE('',#16148,#16351);
#16351 = DEFINITIONAL_REPRESENTATION('',(#16352),#16356);
#16352 = LINE('',#16353,#16354);
#16353 = CARTESIAN_POINT('',(14.,-5.896178186025E-16));
#16354 = VECTOR('',#16355,1.);
#16355 = DIRECTION('',(-1.950949445901E-19,-1.));
#16356 = ( GEOMETRIC_REPRESENTATION_CONTEXT(2) 
PARAMETRIC_REPRESENTATION_CONTEXT() REPRESENTATION_CONTEXT('2D SPACE',''
  ) );
#16357 = PCURVE('',#16358,#16363);
#16358 = PLANE('',#16359);
#16359 = AXIS2_PLACEMENT_3D('',#16360,#16361,#16362);
#16360 = CARTESIAN_POINT('',(-139.5,-17.62660980934,49.740257853159));
#16361 = DIRECTION('',(0.,-2.068522836773E-02,0.999786037774));
#16362 = DIRECTION('',(1.,0.,0.));
#16363 = DEFINITIONAL_REPRESENTATION('',(#16364),#16368);
#16364 = LINE('',#16365,#16366);
#16365 = CARTESIAN_POINT('',(0.,0.));
#16366 = VECTOR('',#16367,1.);
#16367 = DIRECTION('',(0.,1.));
#16368 = ( GEOMETRIC_REPRESENTATION_CONTEXT(2) 
PARAMETRIC_REPRESENTATION_CONTEXT() REPRESENTATION_CONTEXT('2D SPACE',''
  ) );
#16369 = ORIENTED_EDGE('',*,*,#16370,.T.);
#16370 = EDGE_CURVE('',#16343,#16371,#16373,.T.);
#16371 = VERTEX_POINT('',#16372);
#16372 = CARTESIAN_POINT('',(-139.5,36.736231420992,68.150159585436));
#16373 = SURFACE_CURVE('',#16374,(#16378,#16385),.PCURVE_S1.);
#16374 = LINE('',#16375,#16376);
#16375 = CARTESIAN_POINT('',(-139.5,69.349840414564,51.318990041682));
#16376 = VECTOR('',#16377,1.);
#16377 = DIRECTION('',(0.,-0.888639100643,0.458607183556));
#16378 = PCURVE('',#16148,#16379);
#16379 = DEFINITIONAL_REPRESENTATION('',(#16380),#16384);
#16380 = LINE('',#16381,#16382);
#16381 = CARTESIAN_POINT('',(13.779266663973,-86.99049698484));
#16382 = VECTOR('',#16383,1.);
#16383 = DIRECTION('',(0.476890761675,0.87896257112));
#16384 = ( GEOMETRIC_REPRESENTATION_CONTEXT(2) 
PARAMETRIC_REPRESENTATION_CONTEXT() REPRESENTATION_CONTEXT('2D SPACE',''
  ) );
#16385 = PCURVE('',#16386,#16391);
#16386 = PLANE('',#16387);
#16387 = AXIS2_PLACEMENT_3D('',#16388,#16389,#16390);
#16388 = CARTESIAN_POINT('',(-139.5,69.349840414564,51.318990041682));
#16389 = DIRECTION('',(0.,-0.458607183556,-0.888639100643));
#16390 = DIRECTION('',(1.,0.,0.));
#16391 = DEFINITIONAL_REPRESENTATION('',(#16392),#16396);
#16392 = LINE('',#16393,#16394);
#16393 = CARTESIAN_POINT('',(0.,0.));
#16394 = VECTOR('',#16395,1.);
#16395 = DIRECTION('',(0.,1.));
#16396 = ( GEOMETRIC_REPRESENTATION_CONTEXT(2) 
PARAMETRIC_REPRESENTATION_CONTEXT() REPRESENTATION_CONTEXT('2D SPACE',''
  ) );
#16397 = ORIENTED_EDGE('',*,*,#16398,.T.);
#16398 = EDGE_CURVE('',#16371,#16399,#16401,.T.);
#16399 = VERTEX_POINT('',#16400);
#16400 = CARTESIAN_POINT('',(-139.5,32.150159585436,59.263768579008));
#16401 = SURFACE_CURVE('',#16402,(#16407,#16414),.PCURVE_S1.);
#16402 = CIRCLE('',#16403,5.);
#16403 = AXIS2_PLACEMENT_3D('',#16404,#16405,#16406);
#16404 = CARTESIAN_POINT('',(-139.5,34.443195503214,63.706964082222));
#16405 = DIRECTION('',(1.,-1.018312508884E-16,-1.973175180232E-16));
#16406 = DIRECTION('',(2.22044604925E-16,0.458607183556,0.888639100643)
  );
#16407 = PCURVE('',#16148,#16408);
#16408 = DEFINITIONAL_REPRESENTATION('',(#16409),#16413);
#16409 = CIRCLE('',#16410,5.);
#16410 = AXIS2_PLACEMENT_2D('',#16411,#16412);
#16411 = CARTESIAN_POINT('',(26.886642067551,-52.34756884898));
#16412 = DIRECTION('',(0.87896257112,-0.476890761675));
#16413 = ( GEOMETRIC_REPRESENTATION_CONTEXT(2) 
PARAMETRIC_REPRESENTATION_CONTEXT() REPRESENTATION_CONTEXT('2D SPACE',''
  ) );
#16414 = PCURVE('',#16415,#16420);
#16415 = CYLINDRICAL_SURFACE('',#16416,5.);
#16416 = AXIS2_PLACEMENT_3D('',#16417,#16418,#16419);
#16417 = CARTESIAN_POINT('',(-139.5,34.443195503214,63.706964082222));
#16418 = DIRECTION('',(1.,-1.018312508884E-16,-1.973175180232E-16));
#16419 = DIRECTION('',(2.22044604925E-16,0.458607183556,0.888639100643)
  );
#16420 = DEFINITIONAL_REPRESENTATION('',(#16421),#16425);
#16421 = LINE('',#16422,#16423);
#16422 = CARTESIAN_POINT('',(0.,0.));
#16423 = VECTOR('',#16424,1.);
#16424 = DIRECTION('',(1.,0.));
#16425 = ( GEOMETRIC_REPRESENTATION_CONTEXT(2) 
PARAMETRIC_REPRESENTATION_CONTEXT() REPRESENTATION_CONTEXT('2D SPACE',''
  ) );
#16426 = ORIENTED_EDGE('',*,*,#16427,.F.);
#16427 = EDGE_CURVE('',#16428,#16399,#16430,.T.);
#16428 = VERTEX_POINT('',#16429);
#16429 = CARTESIAN_POINT('',(-139.5,47.973849369691,51.097508732725));
#16430 = SURFACE_CURVE('',#16431,(#16435,#16442),.PCURVE_S1.);
#16431 = LINE('',#16432,#16433);
#16432 = CARTESIAN_POINT('',(-139.5,64.763768579008,42.432599035254));
#16433 = VECTOR('',#16434,1.);
#16434 = DIRECTION('',(0.,-0.888639100643,0.458607183556));
#16435 = PCURVE('',#16148,#16436);
#16436 = DEFINITIONAL_REPRESENTATION('',(#16437),#16441);
#16437 = LINE('',#16438,#16439);
#16438 = CARTESIAN_POINT('',(4.989640952777,-82.22158936809));
#16439 = VECTOR('',#16440,1.);
#16440 = DIRECTION('',(0.476890761675,0.87896257112));
#16441 = ( GEOMETRIC_REPRESENTATION_CONTEXT(2) 
PARAMETRIC_REPRESENTATION_CONTEXT() REPRESENTATION_CONTEXT('2D SPACE',''
  ) );
#16442 = PCURVE('',#16443,#16448);
#16443 = PLANE('',#16444);
#16444 = AXIS2_PLACEMENT_3D('',#16445,#16446,#16447);
#16445 = CARTESIAN_POINT('',(-139.5,64.763768579008,42.432599035254));
#16446 = DIRECTION('',(0.,-0.458607183556,-0.888639100643));
#16447 = DIRECTION('',(1.,0.,0.));
#16448 = DEFINITIONAL_REPRESENTATION('',(#16449),#16453);
#16449 = LINE('',#16450,#16451);
#16450 = CARTESIAN_POINT('',(0.,0.));
#16451 = VECTOR('',#16452,1.);
#16452 = DIRECTION('',(0.,1.));
#16453 = ( GEOMETRIC_REPRESENTATION_CONTEXT(2) 
PARAMETRIC_REPRESENTATION_CONTEXT() REPRESENTATION_CONTEXT('2D SPACE',''
  ) );
#16454 = ORIENTED_EDGE('',*,*,#16455,.F.);
#16455 = EDGE_CURVE('',#16137,#16428,#16456,.T.);
#16456 = SURFACE_CURVE('',#16457,(#16461,#16468),.PCURVE_S1.);
#16457 = LINE('',#16458,#16459);
#16458 = CARTESIAN_POINT('',(-139.5,-17.62660980934,49.740257853159));
#16459 = VECTOR('',#16460,1.);
#16460 = DIRECTION('',(0.,0.999786037774,2.068522836773E-02));
#16461 = PCURVE('',#16148,#16462);
#16462 = DEFINITIONAL_REPRESENTATION('',(#16463),#16467);
#16463 = LINE('',#16464,#16465);
#16464 = CARTESIAN_POINT('',(14.,-5.896178186025E-16));
#16465 = VECTOR('',#16466,1.);
#16466 = DIRECTION('',(-1.950949445901E-19,-1.));
#16467 = ( GEOMETRIC_REPRESENTATION_CONTEXT(2) 
PARAMETRIC_REPRESENTATION_CONTEXT() REPRESENTATION_CONTEXT('2D SPACE',''
  ) );
#16468 = PCURVE('',#16469,#16474);
#16469 = PLANE('',#16470);
#16470 = AXIS2_PLACEMENT_3D('',#16471,#16472,#16473);
#16471 = CARTESIAN_POINT('',(-139.5,-17.62660980934,49.740257853159));
#16472 = DIRECTION('',(0.,-2.068522836773E-02,0.999786037774));
#16473 = DIRECTION('',(1.,0.,0.));
#16474 = DEFINITIONAL_REPRESENTATION('',(#16475),#16479);
#16475 = LINE('',#16476,#16477);
#16476 = CARTESIAN_POINT('',(0.,0.));
#16477 = VECTOR('',#16478,1.);
#16478 = DIRECTION('',(0.,1.));
#16479 = ( GEOMETRIC_REPRESENTATION_CONTEXT(2) 
PARAMETRIC_REPRESENTATION_CONTEXT() REPRESENTATION_CONTEXT('2D SPACE',''
  ) );
#16480 = FACE_BOUND('',#16481,.F.);
#16481 = EDGE_LOOP('',(#16482,#16511,#16539,#16568,#16595,#16624,#16651,
    #16680,#16707,#16735));
#16482 = ORIENTED_EDGE('',*,*,#16483,.F.);
#16483 = EDGE_CURVE('',#16484,#16486,#16488,.T.);
#16484 = VERTEX_POINT('',#16485);
#16485 = CARTESIAN_POINT('',(-139.5,86.39137294914,48.491626420908));
#16486 = VERTEX_POINT('',#16487);
#16487 = CARTESIAN_POINT('',(-139.5,71.880617513675,48.191403894657));
#16488 = SURFACE_CURVE('',#16489,(#16493,#16500),.PCURVE_S1.);
#16489 = LINE('',#16490,#16491);
#16490 = CARTESIAN_POINT('',(-139.5,-15.7566651649,46.37821873579));
#16491 = VECTOR('',#16492,1.);
#16492 = DIRECTION('',(0.,-0.999786037774,-2.068522836773E-02));
#16493 = PCURVE('',#16148,#16494);
#16494 = DEFINITIONAL_REPRESENTATION('',(#16495),#16499);
#16495 = LINE('',#16496,#16497);
#16496 = CARTESIAN_POINT('',(10.6,-1.8));
#16497 = VECTOR('',#16498,1.);
#16498 = DIRECTION('',(1.950949445901E-19,1.));
#16499 = ( GEOMETRIC_REPRESENTATION_CONTEXT(2) 
PARAMETRIC_REPRESENTATION_CONTEXT() REPRESENTATION_CONTEXT('2D SPACE',''
  ) );
#16500 = PCURVE('',#16501,#16506);
#16501 = PLANE('',#16502);
#16502 = AXIS2_PLACEMENT_3D('',#16503,#16504,#16505);
#16503 = CARTESIAN_POINT('',(-140.5,-13.9570502969,46.415452146852));
#16504 = DIRECTION('',(0.,-2.068522836773E-02,0.999786037774));
#16505 = DIRECTION('',(1.,0.,0.));
#16506 = DEFINITIONAL_REPRESENTATION('',(#16507),#16510);
#16507 = B_SPLINE_CURVE_WITH_KNOTS('',1,(#16508,#16509),.UNSPECIFIED.,
  .F.,.F.,(2,2),(-164.6,-1.8),.PIECEWISE_BEZIER_KNOTS.);
#16508 = CARTESIAN_POINT('',(1.,162.8));
#16509 = CARTESIAN_POINT('',(1.,0.));
#16510 = ( GEOMETRIC_REPRESENTATION_CONTEXT(2) 
PARAMETRIC_REPRESENTATION_CONTEXT() REPRESENTATION_CONTEXT('2D SPACE',''
  ) );
#16511 = ORIENTED_EDGE('',*,*,#16512,.F.);
#16512 = EDGE_CURVE('',#16513,#16484,#16515,.T.);
#16513 = VERTEX_POINT('',#16514);
#16514 = CARTESIAN_POINT('',(-139.5,98.877708372675,42.807244693801));
#16515 = SURFACE_CURVE('',#16516,(#16520,#16527),.PCURVE_S1.);
#16516 = LINE('',#16517,#16518);
#16517 = CARTESIAN_POINT('',(-139.5,98.877708372675,42.807244693801));
#16518 = VECTOR('',#16519,1.);
#16519 = DIRECTION('',(0.,-0.910125383008,0.414332942457));
#16520 = PCURVE('',#16148,#16521);
#16521 = DEFINITIONAL_REPRESENTATION('',(#16522),#16526);
#16522 = LINE('',#16523,#16524);
#16523 = CARTESIAN_POINT('',(4.65855181615,-116.3359796982));
#16524 = VECTOR('',#16525,1.);
#16525 = DIRECTION('',(0.433070442249,0.901360079019));
#16526 = ( GEOMETRIC_REPRESENTATION_CONTEXT(2) 
PARAMETRIC_REPRESENTATION_CONTEXT() REPRESENTATION_CONTEXT('2D SPACE',''
  ) );
#16527 = PCURVE('',#16528,#16533);
#16528 = PLANE('',#16529);
#16529 = AXIS2_PLACEMENT_3D('',#16530,#16531,#16532);
#16530 = CARTESIAN_POINT('',(-139.5,98.877708372675,42.807244693801));
#16531 = DIRECTION('',(0.,-0.414332942457,-0.910125383008));
#16532 = DIRECTION('',(1.,0.,0.));
#16533 = DEFINITIONAL_REPRESENTATION('',(#16534),#16538);
#16534 = LINE('',#16535,#16536);
#16535 = CARTESIAN_POINT('',(0.,0.));
#16536 = VECTOR('',#16537,1.);
#16537 = DIRECTION('',(0.,1.));
#16538 = ( GEOMETRIC_REPRESENTATION_CONTEXT(2) 
PARAMETRIC_REPRESENTATION_CONTEXT() REPRESENTATION_CONTEXT('2D SPACE',''
  ) );
#16539 = ORIENTED_EDGE('',*,*,#16540,.T.);
#16540 = EDGE_CURVE('',#16513,#16541,#16543,.T.);
#16541 = VERTEX_POINT('',#16542);
#16542 = CARTESIAN_POINT('',(-139.5,105.70843066047,48.891289683902));
#16543 = SURFACE_CURVE('',#16544,(#16549,#16556),.PCURVE_S1.);
#16544 = CIRCLE('',#16545,5.);
#16545 = AXIS2_PLACEMENT_3D('',#16546,#16547,#16548);
#16546 = CARTESIAN_POINT('',(-139.5,100.94937308496,47.357871608839));
#16547 = DIRECTION('',(1.,-9.200039451539E-17,-2.020884311021E-16));
#16548 = DIRECTION('',(2.22044604925E-16,0.414332942457,0.910125383008)
  );
#16549 = PCURVE('',#16148,#16550);
#16550 = DEFINITIONAL_REPRESENTATION('',(#16551),#16555);
#16551 = CIRCLE('',#16552,5.);
#16552 = AXIS2_PLACEMENT_2D('',#16553,#16554);
#16553 = CARTESIAN_POINT('',(9.165352211247,-118.5013319095));
#16554 = DIRECTION('',(0.901360079019,-0.433070442249));
#16555 = ( GEOMETRIC_REPRESENTATION_CONTEXT(2) 
PARAMETRIC_REPRESENTATION_CONTEXT() REPRESENTATION_CONTEXT('2D SPACE',''
  ) );
#16556 = PCURVE('',#16557,#16562);
#16557 = CYLINDRICAL_SURFACE('',#16558,5.);
#16558 = AXIS2_PLACEMENT_3D('',#16559,#16560,#16561);
#16559 = CARTESIAN_POINT('',(-139.5,100.94937308496,47.357871608839));
#16560 = DIRECTION('',(1.,-9.200039451539E-17,-2.020884311021E-16));
#16561 = DIRECTION('',(2.22044604925E-16,0.414332942457,0.910125383008)
  );
#16562 = DEFINITIONAL_REPRESENTATION('',(#16563),#16567);
#16563 = LINE('',#16564,#16565);
#16564 = CARTESIAN_POINT('',(0.,0.));
#16565 = VECTOR('',#16566,1.);
#16566 = DIRECTION('',(1.,0.));
#16567 = ( GEOMETRIC_REPRESENTATION_CONTEXT(2) 
PARAMETRIC_REPRESENTATION_CONTEXT() REPRESENTATION_CONTEXT('2D SPACE',''
  ) );
#16568 = ORIENTED_EDGE('',*,*,#16569,.F.);
#16569 = EDGE_CURVE('',#16570,#16541,#16572,.T.);
#16570 = VERTEX_POINT('',#16571);
#16571 = CARTESIAN_POINT('',(-139.5,148.80811665266,49.783007325119));
#16572 = SURFACE_CURVE('',#16573,(#16577,#16584),.PCURVE_S1.);
#16573 = LINE('',#16574,#16575);
#16574 = CARTESIAN_POINT('',(-139.5,-15.7566651649,46.37821873579));
#16575 = VECTOR('',#16576,1.);
#16576 = DIRECTION('',(0.,-0.999786037774,-2.068522836773E-02));
#16577 = PCURVE('',#16148,#16578);
#16578 = DEFINITIONAL_REPRESENTATION('',(#16579),#16583);
#16579 = LINE('',#16580,#16581);
#16580 = CARTESIAN_POINT('',(10.6,-1.8));
#16581 = VECTOR('',#16582,1.);
#16582 = DIRECTION('',(1.950949445901E-19,1.));
#16583 = ( GEOMETRIC_REPRESENTATION_CONTEXT(2) 
PARAMETRIC_REPRESENTATION_CONTEXT() REPRESENTATION_CONTEXT('2D SPACE',''
  ) );
#16584 = PCURVE('',#16585,#16590);
#16585 = PLANE('',#16586);
#16586 = AXIS2_PLACEMENT_3D('',#16587,#16588,#16589);
#16587 = CARTESIAN_POINT('',(-140.5,-13.9570502969,46.415452146852));
#16588 = DIRECTION('',(0.,-2.068522836773E-02,0.999786037774));
#16589 = DIRECTION('',(1.,0.,0.));
#16590 = DEFINITIONAL_REPRESENTATION('',(#16591),#16594);
#16591 = B_SPLINE_CURVE_WITH_KNOTS('',1,(#16592,#16593),.UNSPECIFIED.,
  .F.,.F.,(2,2),(-164.6,-1.8),.PIECEWISE_BEZIER_KNOTS.);
#16592 = CARTESIAN_POINT('',(1.,162.8));
#16593 = CARTESIAN_POINT('',(1.,0.));
#16594 = ( GEOMETRIC_REPRESENTATION_CONTEXT(2) 
PARAMETRIC_REPRESENTATION_CONTEXT() REPRESENTATION_CONTEXT('2D SPACE',''
  ) );
#16595 = ORIENTED_EDGE('',*,*,#16596,.F.);
#16596 = EDGE_CURVE('',#16597,#16570,#16599,.T.);
#16597 = VERTEX_POINT('',#16598);
#16598 = CARTESIAN_POINT('',(-139.5,148.9570502969,42.584547853148));
#16599 = SURFACE_CURVE('',#16600,(#16605,#16612),.PCURVE_S1.);
#16600 = CIRCLE('',#16601,3.6);
#16601 = AXIS2_PLACEMENT_3D('',#16602,#16603,#16604);
#16602 = CARTESIAN_POINT('',(-139.5,148.88258347478,46.183777589133));
#16603 = DIRECTION('',(1.,-4.593043360697E-18,2.21997095767E-16));
#16604 = DIRECTION('',(2.22044604925E-16,2.068522836773E-02,
    -0.999786037774));
#16605 = PCURVE('',#16148,#16606);
#16606 = DEFINITIONAL_REPRESENTATION('',(#16607),#16611);
#16607 = CIRCLE('',#16608,3.6);
#16608 = AXIS2_PLACEMENT_2D('',#16609,#16610);
#16609 = CARTESIAN_POINT('',(7.,-166.4));
#16610 = DIRECTION('',(-1.,-1.950949445901E-19));
#16611 = ( GEOMETRIC_REPRESENTATION_CONTEXT(2) 
PARAMETRIC_REPRESENTATION_CONTEXT() REPRESENTATION_CONTEXT('2D SPACE',''
  ) );
#16612 = PCURVE('',#16613,#16618);
#16613 = CYLINDRICAL_SURFACE('',#16614,3.6);
#16614 = AXIS2_PLACEMENT_3D('',#16615,#16616,#16617);
#16615 = CARTESIAN_POINT('',(-140.5,148.88258347478,46.183777589133));
#16616 = DIRECTION('',(1.,-4.593043360697E-18,2.21997095767E-16));
#16617 = DIRECTION('',(2.22044604925E-16,2.068522836773E-02,
    -0.999786037774));
#16618 = DEFINITIONAL_REPRESENTATION('',(#16619),#16623);
#16619 = LINE('',#16620,#16621);
#16620 = CARTESIAN_POINT('',(1.950949445901E-19,1.));
#16621 = VECTOR('',#16622,1.);
#16622 = DIRECTION('',(1.,0.));
#16623 = ( GEOMETRIC_REPRESENTATION_CONTEXT(2) 
PARAMETRIC_REPRESENTATION_CONTEXT() REPRESENTATION_CONTEXT('2D SPACE',''
  ) );
#16624 = ORIENTED_EDGE('',*,*,#16625,.T.);
#16625 = EDGE_CURVE('',#16597,#16626,#16628,.T.);
#16626 = VERTEX_POINT('',#16627);
#16627 = CARTESIAN_POINT('',(-139.5,-13.80811665266,39.216992674881));
#16628 = SURFACE_CURVE('',#16629,(#16633,#16640),.PCURVE_S1.);
#16629 = LINE('',#16630,#16631);
#16630 = CARTESIAN_POINT('',(-139.5,-15.60773152065,39.179759263819));
#16631 = VECTOR('',#16632,1.);
#16632 = DIRECTION('',(0.,-0.999786037774,-2.068522836773E-02));
#16633 = PCURVE('',#16148,#16634);
#16634 = DEFINITIONAL_REPRESENTATION('',(#16635),#16639);
#16635 = LINE('',#16636,#16637);
#16636 = CARTESIAN_POINT('',(3.4,-1.8));
#16637 = VECTOR('',#16638,1.);
#16638 = DIRECTION('',(1.950949445901E-19,1.));
#16639 = ( GEOMETRIC_REPRESENTATION_CONTEXT(2) 
PARAMETRIC_REPRESENTATION_CONTEXT() REPRESENTATION_CONTEXT('2D SPACE',''
  ) );
#16640 = PCURVE('',#16641,#16646);
#16641 = PLANE('',#16642);
#16642 = AXIS2_PLACEMENT_3D('',#16643,#16644,#16645);
#16643 = CARTESIAN_POINT('',(-140.5,-13.80811665266,39.216992674881));
#16644 = DIRECTION('',(0.,-2.068522836773E-02,0.999786037774));
#16645 = DIRECTION('',(1.,0.,0.));
#16646 = DEFINITIONAL_REPRESENTATION('',(#16647),#16650);
#16647 = B_SPLINE_CURVE_WITH_KNOTS('',1,(#16648,#16649),.UNSPECIFIED.,
  .F.,.F.,(2,2),(-164.6,-1.8),.PIECEWISE_BEZIER_KNOTS.);
#16648 = CARTESIAN_POINT('',(1.,162.8));
#16649 = CARTESIAN_POINT('',(1.,0.));
#16650 = ( GEOMETRIC_REPRESENTATION_CONTEXT(2) 
PARAMETRIC_REPRESENTATION_CONTEXT() REPRESENTATION_CONTEXT('2D SPACE',''
  ) );
#16651 = ORIENTED_EDGE('',*,*,#16652,.F.);
#16652 = EDGE_CURVE('',#16653,#16626,#16655,.T.);
#16653 = VERTEX_POINT('',#16654);
#16654 = CARTESIAN_POINT('',(-139.5,-13.9570502969,46.415452146852));
#16655 = SURFACE_CURVE('',#16656,(#16661,#16668),.PCURVE_S1.);
#16656 = CIRCLE('',#16657,3.6);
#16657 = AXIS2_PLACEMENT_3D('',#16658,#16659,#16660);
#16658 = CARTESIAN_POINT('',(-139.5,-13.88258347478,42.816222410867));
#16659 = DIRECTION('',(1.,-4.593043360697E-18,2.21997095767E-16));
#16660 = DIRECTION('',(2.22044604925E-16,2.068522836773E-02,
    -0.999786037774));
#16661 = PCURVE('',#16148,#16662);
#16662 = DEFINITIONAL_REPRESENTATION('',(#16663),#16667);
#16663 = CIRCLE('',#16664,3.6);
#16664 = AXIS2_PLACEMENT_2D('',#16665,#16666);
#16665 = CARTESIAN_POINT('',(7.,-3.6));
#16666 = DIRECTION('',(-1.,-1.950949445901E-19));
#16667 = ( GEOMETRIC_REPRESENTATION_CONTEXT(2) 
PARAMETRIC_REPRESENTATION_CONTEXT() REPRESENTATION_CONTEXT('2D SPACE',''
  ) );
#16668 = PCURVE('',#16669,#16674);
#16669 = CYLINDRICAL_SURFACE('',#16670,3.6);
#16670 = AXIS2_PLACEMENT_3D('',#16671,#16672,#16673);
#16671 = CARTESIAN_POINT('',(-140.5,-13.88258347478,42.816222410867));
#16672 = DIRECTION('',(1.,-4.593043360697E-18,2.21997095767E-16));
#16673 = DIRECTION('',(2.22044604925E-16,2.068522836773E-02,
    -0.999786037774));
#16674 = DEFINITIONAL_REPRESENTATION('',(#16675),#16679);
#16675 = LINE('',#16676,#16677);
#16676 = CARTESIAN_POINT('',(0.,1.));
#16677 = VECTOR('',#16678,1.);
#16678 = DIRECTION('',(1.,0.));
#16679 = ( GEOMETRIC_REPRESENTATION_CONTEXT(2) 
PARAMETRIC_REPRESENTATION_CONTEXT() REPRESENTATION_CONTEXT('2D SPACE',''
  ) );
#16680 = ORIENTED_EDGE('',*,*,#16681,.F.);
#16681 = EDGE_CURVE('',#16682,#16653,#16684,.T.);
#16682 = VERTEX_POINT('',#16683);
#16683 = CARTESIAN_POINT('',(-139.5,54.309415467834,47.827861783364));
#16684 = SURFACE_CURVE('',#16685,(#16689,#16696),.PCURVE_S1.);
#16685 = LINE('',#16686,#16687);
#16686 = CARTESIAN_POINT('',(-139.5,-15.7566651649,46.37821873579));
#16687 = VECTOR('',#16688,1.);
#16688 = DIRECTION('',(0.,-0.999786037774,-2.068522836773E-02));
#16689 = PCURVE('',#16148,#16690);
#16690 = DEFINITIONAL_REPRESENTATION('',(#16691),#16695);
#16691 = LINE('',#16692,#16693);
#16692 = CARTESIAN_POINT('',(10.6,-1.8));
#16693 = VECTOR('',#16694,1.);
#16694 = DIRECTION('',(1.950949445901E-19,1.));
#16695 = ( GEOMETRIC_REPRESENTATION_CONTEXT(2) 
PARAMETRIC_REPRESENTATION_CONTEXT() REPRESENTATION_CONTEXT('2D SPACE',''
  ) );
#16696 = PCURVE('',#16697,#16702);
#16697 = PLANE('',#16698);
#16698 = AXIS2_PLACEMENT_3D('',#16699,#16700,#16701);
#16699 = CARTESIAN_POINT('',(-140.5,-13.9570502969,46.415452146852));
#16700 = DIRECTION('',(0.,-2.068522836773E-02,0.999786037774));
#16701 = DIRECTION('',(1.,0.,0.));
#16702 = DEFINITIONAL_REPRESENTATION('',(#16703),#16706);
#16703 = B_SPLINE_CURVE_WITH_KNOTS('',1,(#16704,#16705),.UNSPECIFIED.,
  .F.,.F.,(2,2),(-164.6,-1.8),.PIECEWISE_BEZIER_KNOTS.);
#16704 = CARTESIAN_POINT('',(1.,162.8));
#16705 = CARTESIAN_POINT('',(1.,0.));
#16706 = ( GEOMETRIC_REPRESENTATION_CONTEXT(2) 
PARAMETRIC_REPRESENTATION_CONTEXT() REPRESENTATION_CONTEXT('2D SPACE',''
  ) );
#16707 = ORIENTED_EDGE('',*,*,#16708,.F.);
#16708 = EDGE_CURVE('',#16709,#16682,#16711,.T.);
#16709 = VERTEX_POINT('',#16710);
#16710 = CARTESIAN_POINT('',(-139.5,64.763768579008,42.432599035254));
#16711 = SURFACE_CURVE('',#16712,(#16716,#16723),.PCURVE_S1.);
#16712 = LINE('',#16713,#16714);
#16713 = CARTESIAN_POINT('',(-139.5,64.763768579008,42.432599035254));
#16714 = VECTOR('',#16715,1.);
#16715 = DIRECTION('',(0.,-0.888639100643,0.458607183556));
#16716 = PCURVE('',#16148,#16717);
#16717 = DEFINITIONAL_REPRESENTATION('',(#16718),#16722);
#16718 = LINE('',#16719,#16720);
#16719 = CARTESIAN_POINT('',(4.989640952777,-82.22158936809));
#16720 = VECTOR('',#16721,1.);
#16721 = DIRECTION('',(0.476890761675,0.87896257112));
#16722 = ( GEOMETRIC_REPRESENTATION_CONTEXT(2) 
PARAMETRIC_REPRESENTATION_CONTEXT() REPRESENTATION_CONTEXT('2D SPACE',''
  ) );
#16723 = PCURVE('',#16724,#16729);
#16724 = PLANE('',#16725);
#16725 = AXIS2_PLACEMENT_3D('',#16726,#16727,#16728);
#16726 = CARTESIAN_POINT('',(-139.5,64.763768579008,42.432599035254));
#16727 = DIRECTION('',(0.,-0.458607183556,-0.888639100643));
#16728 = DIRECTION('',(1.,0.,0.));
#16729 = DEFINITIONAL_REPRESENTATION('',(#16730),#16734);
#16730 = LINE('',#16731,#16732);
#16731 = CARTESIAN_POINT('',(0.,0.));
#16732 = VECTOR('',#16733,1.);
#16733 = DIRECTION('',(0.,1.));
#16734 = ( GEOMETRIC_REPRESENTATION_CONTEXT(2) 
PARAMETRIC_REPRESENTATION_CONTEXT() REPRESENTATION_CONTEXT('2D SPACE',''
  ) );
#16735 = ORIENTED_EDGE('',*,*,#16736,.T.);
#16736 = EDGE_CURVE('',#16709,#16486,#16737,.T.);
#16737 = SURFACE_CURVE('',#16738,(#16743,#16750),.PCURVE_S1.);
#16738 = CIRCLE('',#16739,5.);
#16739 = AXIS2_PLACEMENT_3D('',#16740,#16741,#16742);
#16740 = CARTESIAN_POINT('',(-139.5,67.056804496786,46.875794538468));
#16741 = DIRECTION('',(1.,-1.018312508884E-16,-1.973175180232E-16));
#16742 = DIRECTION('',(2.22044604925E-16,0.458607183556,0.888639100643)
  );
#16743 = PCURVE('',#16148,#16744);
#16744 = DEFINITIONAL_REPRESENTATION('',(#16745),#16749);
#16745 = CIRCLE('',#16746,5.);
#16746 = AXIS2_PLACEMENT_2D('',#16747,#16748);
#16747 = CARTESIAN_POINT('',(9.384453808375,-84.60604317646));
#16748 = DIRECTION('',(0.87896257112,-0.476890761675));
#16749 = ( GEOMETRIC_REPRESENTATION_CONTEXT(2) 
PARAMETRIC_REPRESENTATION_CONTEXT() REPRESENTATION_CONTEXT('2D SPACE',''
  ) );
#16750 = PCURVE('',#16751,#16756);
#16751 = CYLINDRICAL_SURFACE('',#16752,5.);
#16752 = AXIS2_PLACEMENT_3D('',#16753,#16754,#16755);
#16753 = CARTESIAN_POINT('',(-139.5,67.056804496786,46.875794538468));
#16754 = DIRECTION('',(1.,-1.018312508884E-16,-1.973175180232E-16));
#16755 = DIRECTION('',(2.22044604925E-16,0.458607183556,0.888639100643)
  );
#16756 = DEFINITIONAL_REPRESENTATION('',(#16757),#16761);
#16757 = LINE('',#16758,#16759);
#16758 = CARTESIAN_POINT('',(0.,0.));
#16759 = VECTOR('',#16760,1.);
#16760 = DIRECTION('',(1.,0.));
#16761 = ( GEOMETRIC_REPRESENTATION_CONTEXT(2) 
PARAMETRIC_REPRESENTATION_CONTEXT() REPRESENTATION_CONTEXT('2D SPACE',''
  ) );
#16762 = ADVANCED_FACE('',(#16763),#16160,.T.);
#16763 = FACE_BOUND('',#16764,.T.);
#16764 = EDGE_LOOP('',(#16765,#16787,#16816,#16837));
#16765 = ORIENTED_EDGE('',*,*,#16766,.T.);
#16766 = EDGE_CURVE('',#16139,#16767,#16769,.T.);
#16767 = VERTEX_POINT('',#16768);
#16768 = CARTESIAN_POINT('',(-136.5,-17.33701661219,35.743253324326));
#16769 = SURFACE_CURVE('',#16770,(#16774,#16780),.PCURVE_S1.);
#16770 = LINE('',#16771,#16772);
#16771 = CARTESIAN_POINT('',(-139.5,-17.33701661219,35.743253324326));
#16772 = VECTOR('',#16773,1.);
#16773 = DIRECTION('',(1.,0.,0.));
#16774 = PCURVE('',#16160,#16775);
#16775 = DEFINITIONAL_REPRESENTATION('',(#16776),#16779);
#16776 = B_SPLINE_CURVE_WITH_KNOTS('',1,(#16777,#16778),.UNSPECIFIED.,
  .F.,.F.,(2,2),(0.,3.),.PIECEWISE_BEZIER_KNOTS.);
#16777 = CARTESIAN_POINT('',(6.28318530718,0.));
#16778 = CARTESIAN_POINT('',(6.28318530718,3.));
#16779 = ( GEOMETRIC_REPRESENTATION_CONTEXT(2) 
PARAMETRIC_REPRESENTATION_CONTEXT() REPRESENTATION_CONTEXT('2D SPACE',''
  ) );
#16780 = PCURVE('',#16188,#16781);
#16781 = DEFINITIONAL_REPRESENTATION('',(#16782),#16786);
#16782 = LINE('',#16783,#16784);
#16783 = CARTESIAN_POINT('',(0.,0.));
#16784 = VECTOR('',#16785,1.);
#16785 = DIRECTION('',(1.,0.));
#16786 = ( GEOMETRIC_REPRESENTATION_CONTEXT(2) 
PARAMETRIC_REPRESENTATION_CONTEXT() REPRESENTATION_CONTEXT('2D SPACE',''
  ) );
#16787 = ORIENTED_EDGE('',*,*,#16788,.F.);
#16788 = EDGE_CURVE('',#16789,#16767,#16791,.T.);
#16789 = VERTEX_POINT('',#16790);
#16790 = CARTESIAN_POINT('',(-136.5,-17.62660980934,49.740257853159));
#16791 = SURFACE_CURVE('',#16792,(#16797,#16804),.PCURVE_S1.);
#16792 = CIRCLE('',#16793,7.);
#16793 = AXIS2_PLACEMENT_3D('',#16794,#16795,#16796);
#16794 = CARTESIAN_POINT('',(-136.5,-17.48181321077,42.741755588743));
#16795 = DIRECTION('',(1.,-4.593043360697E-18,2.21997095767E-16));
#16796 = DIRECTION('',(2.22044604925E-16,2.068522836773E-02,
    -0.999786037774));
#16797 = PCURVE('',#16160,#16798);
#16798 = DEFINITIONAL_REPRESENTATION('',(#16799),#16803);
#16799 = LINE('',#16800,#16801);
#16800 = CARTESIAN_POINT('',(0.,3.));
#16801 = VECTOR('',#16802,1.);
#16802 = DIRECTION('',(1.,0.));
#16803 = ( GEOMETRIC_REPRESENTATION_CONTEXT(2) 
PARAMETRIC_REPRESENTATION_CONTEXT() REPRESENTATION_CONTEXT('2D SPACE',''
  ) );
#16804 = PCURVE('',#16805,#16810);
#16805 = PLANE('',#16806);
#16806 = AXIS2_PLACEMENT_3D('',#16807,#16808,#16809);
#16807 = CARTESIAN_POINT('',(-136.5,-17.33701661219,35.743253324326));
#16808 = DIRECTION('',(1.,0.,0.));
#16809 = DIRECTION('',(0.,-2.068522836773E-02,0.999786037774));
#16810 = DEFINITIONAL_REPRESENTATION('',(#16811),#16815);
#16811 = CIRCLE('',#16812,7.);
#16812 = AXIS2_PLACEMENT_2D('',#16813,#16814);
#16813 = CARTESIAN_POINT('',(7.,-2.213202155301E-16));
#16814 = DIRECTION('',(-1.,-1.950949445901E-19));
#16815 = ( GEOMETRIC_REPRESENTATION_CONTEXT(2) 
PARAMETRIC_REPRESENTATION_CONTEXT() REPRESENTATION_CONTEXT('2D SPACE',''
  ) );
#16816 = ORIENTED_EDGE('',*,*,#16817,.F.);
#16817 = EDGE_CURVE('',#16137,#16789,#16818,.T.);
#16818 = SURFACE_CURVE('',#16819,(#16823,#16830),.PCURVE_S1.);
#16819 = LINE('',#16820,#16821);
#16820 = CARTESIAN_POINT('',(-139.5,-17.62660980934,49.740257853159));
#16821 = VECTOR('',#16822,1.);
#16822 = DIRECTION('',(1.,0.,0.));
#16823 = PCURVE('',#16160,#16824);
#16824 = DEFINITIONAL_REPRESENTATION('',(#16825),#16829);
#16825 = LINE('',#16826,#16827);
#16826 = CARTESIAN_POINT('',(3.14159265359,1.554312234475E-15));
#16827 = VECTOR('',#16828,1.);
#16828 = DIRECTION('',(0.,1.));
#16829 = ( GEOMETRIC_REPRESENTATION_CONTEXT(2) 
PARAMETRIC_REPRESENTATION_CONTEXT() REPRESENTATION_CONTEXT('2D SPACE',''
  ) );
#16830 = PCURVE('',#16469,#16831);
#16831 = DEFINITIONAL_REPRESENTATION('',(#16832),#16836);
#16832 = LINE('',#16833,#16834);
#16833 = CARTESIAN_POINT('',(0.,0.));
#16834 = VECTOR('',#16835,1.);
#16835 = DIRECTION('',(1.,0.));
#16836 = ( GEOMETRIC_REPRESENTATION_CONTEXT(2) 
PARAMETRIC_REPRESENTATION_CONTEXT() REPRESENTATION_CONTEXT('2D SPACE',''
  ) );
#16837 = ORIENTED_EDGE('',*,*,#16136,.T.);
#16838 = ADVANCED_FACE('',(#16839),#16469,.T.);
#16839 = FACE_BOUND('',#16840,.T.);
#16840 = EDGE_LOOP('',(#16841,#16842,#16843,#16866));
#16841 = ORIENTED_EDGE('',*,*,#16455,.F.);
#16842 = ORIENTED_EDGE('',*,*,#16817,.T.);
#16843 = ORIENTED_EDGE('',*,*,#16844,.T.);
#16844 = EDGE_CURVE('',#16789,#16845,#16847,.T.);
#16845 = VERTEX_POINT('',#16846);
#16846 = CARTESIAN_POINT('',(-136.5,47.973849369691,51.097508732725));
#16847 = SURFACE_CURVE('',#16848,(#16852,#16859),.PCURVE_S1.);
#16848 = LINE('',#16849,#16850);
#16849 = CARTESIAN_POINT('',(-136.5,-17.62660980934,49.740257853159));
#16850 = VECTOR('',#16851,1.);
#16851 = DIRECTION('',(0.,0.999786037774,2.068522836773E-02));
#16852 = PCURVE('',#16469,#16853);
#16853 = DEFINITIONAL_REPRESENTATION('',(#16854),#16858);
#16854 = LINE('',#16855,#16856);
#16855 = CARTESIAN_POINT('',(3.,0.));
#16856 = VECTOR('',#16857,1.);
#16857 = DIRECTION('',(0.,1.));
#16858 = ( GEOMETRIC_REPRESENTATION_CONTEXT(2) 
PARAMETRIC_REPRESENTATION_CONTEXT() REPRESENTATION_CONTEXT('2D SPACE',''
  ) );
#16859 = PCURVE('',#16805,#16860);
#16860 = DEFINITIONAL_REPRESENTATION('',(#16861),#16865);
#16861 = LINE('',#16862,#16863);
#16862 = CARTESIAN_POINT('',(14.,-5.896178186025E-16));
#16863 = VECTOR('',#16864,1.);
#16864 = DIRECTION('',(-1.950949445901E-19,-1.));
#16865 = ( GEOMETRIC_REPRESENTATION_CONTEXT(2) 
PARAMETRIC_REPRESENTATION_CONTEXT() REPRESENTATION_CONTEXT('2D SPACE',''
  ) );
#16866 = ORIENTED_EDGE('',*,*,#16867,.F.);
#16867 = EDGE_CURVE('',#16428,#16845,#16868,.T.);
#16868 = SURFACE_CURVE('',#16869,(#16873,#16879),.PCURVE_S1.);
#16869 = LINE('',#16870,#16871);
#16870 = CARTESIAN_POINT('',(-139.5,47.973849369691,51.097508732725));
#16871 = VECTOR('',#16872,1.);
#16872 = DIRECTION('',(1.,0.,0.));
#16873 = PCURVE('',#16469,#16874);
#16874 = DEFINITIONAL_REPRESENTATION('',(#16875),#16878);
#16875 = B_SPLINE_CURVE_WITH_KNOTS('',1,(#16876,#16877),.UNSPECIFIED.,
  .F.,.F.,(2,2),(0.,3.),.PIECEWISE_BEZIER_KNOTS.);
#16876 = CARTESIAN_POINT('',(0.,65.614498203144));
#16877 = CARTESIAN_POINT('',(3.,65.614498203144));
#16878 = ( GEOMETRIC_REPRESENTATION_CONTEXT(2) 
PARAMETRIC_REPRESENTATION_CONTEXT() REPRESENTATION_CONTEXT('2D SPACE',''
  ) );
#16879 = PCURVE('',#16443,#16880);
#16880 = DEFINITIONAL_REPRESENTATION('',(#16881),#16884);
#16881 = B_SPLINE_CURVE_WITH_KNOTS('',1,(#16882,#16883),.UNSPECIFIED.,
  .F.,.F.,(2,2),(0.,3.),.PIECEWISE_BEZIER_KNOTS.);
#16882 = CARTESIAN_POINT('',(0.,18.893968538153));
#16883 = CARTESIAN_POINT('',(3.,18.893968538153));
#16884 = ( GEOMETRIC_REPRESENTATION_CONTEXT(2) 
PARAMETRIC_REPRESENTATION_CONTEXT() REPRESENTATION_CONTEXT('2D SPACE',''
  ) );
#16885 = ADVANCED_FACE('',(#16886),#16443,.T.);
#16886 = FACE_BOUND('',#16887,.T.);
#16887 = EDGE_LOOP('',(#16888,#16889,#16890,#16913));
#16888 = ORIENTED_EDGE('',*,*,#16427,.F.);
#16889 = ORIENTED_EDGE('',*,*,#16867,.T.);
#16890 = ORIENTED_EDGE('',*,*,#16891,.T.);
#16891 = EDGE_CURVE('',#16845,#16892,#16894,.T.);
#16892 = VERTEX_POINT('',#16893);
#16893 = CARTESIAN_POINT('',(-136.5,32.150159585436,59.263768579008));
#16894 = SURFACE_CURVE('',#16895,(#16899,#16906),.PCURVE_S1.);
#16895 = LINE('',#16896,#16897);
#16896 = CARTESIAN_POINT('',(-136.5,64.763768579008,42.432599035254));
#16897 = VECTOR('',#16898,1.);
#16898 = DIRECTION('',(0.,-0.888639100643,0.458607183556));
#16899 = PCURVE('',#16443,#16900);
#16900 = DEFINITIONAL_REPRESENTATION('',(#16901),#16905);
#16901 = LINE('',#16902,#16903);
#16902 = CARTESIAN_POINT('',(3.,0.));
#16903 = VECTOR('',#16904,1.);
#16904 = DIRECTION('',(0.,1.));
#16905 = ( GEOMETRIC_REPRESENTATION_CONTEXT(2) 
PARAMETRIC_REPRESENTATION_CONTEXT() REPRESENTATION_CONTEXT('2D SPACE',''
  ) );
#16906 = PCURVE('',#16805,#16907);
#16907 = DEFINITIONAL_REPRESENTATION('',(#16908),#16912);
#16908 = LINE('',#16909,#16910);
#16909 = CARTESIAN_POINT('',(4.989640952777,-82.22158936809));
#16910 = VECTOR('',#16911,1.);
#16911 = DIRECTION('',(0.476890761675,0.87896257112));
#16912 = ( GEOMETRIC_REPRESENTATION_CONTEXT(2) 
PARAMETRIC_REPRESENTATION_CONTEXT() REPRESENTATION_CONTEXT('2D SPACE',''
  ) );
#16913 = ORIENTED_EDGE('',*,*,#16914,.F.);
#16914 = EDGE_CURVE('',#16399,#16892,#16915,.T.);
#16915 = SURFACE_CURVE('',#16916,(#16920,#16927),.PCURVE_S1.);
#16916 = LINE('',#16917,#16918);
#16917 = CARTESIAN_POINT('',(-139.5,32.150159585436,59.263768579008));
#16918 = VECTOR('',#16919,1.);
#16919 = DIRECTION('',(1.,0.,0.));
#16920 = PCURVE('',#16443,#16921);
#16921 = DEFINITIONAL_REPRESENTATION('',(#16922),#16926);
#16922 = LINE('',#16923,#16924);
#16923 = CARTESIAN_POINT('',(0.,36.700623425171));
#16924 = VECTOR('',#16925,1.);
#16925 = DIRECTION('',(1.,0.));
#16926 = ( GEOMETRIC_REPRESENTATION_CONTEXT(2) 
PARAMETRIC_REPRESENTATION_CONTEXT() REPRESENTATION_CONTEXT('2D SPACE',''
  ) );
#16927 = PCURVE('',#16415,#16928);
#16928 = DEFINITIONAL_REPRESENTATION('',(#16929),#16933);
#16929 = LINE('',#16930,#16931);
#16930 = CARTESIAN_POINT('',(3.14159265359,1.110223024625E-15));
#16931 = VECTOR('',#16932,1.);
#16932 = DIRECTION('',(0.,1.));
#16933 = ( GEOMETRIC_REPRESENTATION_CONTEXT(2) 
PARAMETRIC_REPRESENTATION_CONTEXT() REPRESENTATION_CONTEXT('2D SPACE',''
  ) );
#16934 = ADVANCED_FACE('',(#16935),#16415,.T.);
#16935 = FACE_BOUND('',#16936,.T.);
#16936 = EDGE_LOOP('',(#16937,#16961,#16981,#16982));
#16937 = ORIENTED_EDGE('',*,*,#16938,.F.);
#16938 = EDGE_CURVE('',#16939,#16892,#16941,.T.);
#16939 = VERTEX_POINT('',#16940);
#16940 = CARTESIAN_POINT('',(-136.5,36.736231420992,68.150159585436));
#16941 = SURFACE_CURVE('',#16942,(#16947,#16954),.PCURVE_S1.);
#16942 = CIRCLE('',#16943,5.);
#16943 = AXIS2_PLACEMENT_3D('',#16944,#16945,#16946);
#16944 = CARTESIAN_POINT('',(-136.5,34.443195503214,63.706964082222));
#16945 = DIRECTION('',(1.,-1.018312508884E-16,-1.973175180232E-16));
#16946 = DIRECTION('',(2.22044604925E-16,0.458607183556,0.888639100643)
  );
#16947 = PCURVE('',#16415,#16948);
#16948 = DEFINITIONAL_REPRESENTATION('',(#16949),#16953);
#16949 = LINE('',#16950,#16951);
#16950 = CARTESIAN_POINT('',(0.,3.));
#16951 = VECTOR('',#16952,1.);
#16952 = DIRECTION('',(1.,0.));
#16953 = ( GEOMETRIC_REPRESENTATION_CONTEXT(2) 
PARAMETRIC_REPRESENTATION_CONTEXT() REPRESENTATION_CONTEXT('2D SPACE',''
  ) );
#16954 = PCURVE('',#16805,#16955);
#16955 = DEFINITIONAL_REPRESENTATION('',(#16956),#16960);
#16956 = CIRCLE('',#16957,5.);
#16957 = AXIS2_PLACEMENT_2D('',#16958,#16959);
#16958 = CARTESIAN_POINT('',(26.886642067551,-52.34756884898));
#16959 = DIRECTION('',(0.87896257112,-0.476890761675));
#16960 = ( GEOMETRIC_REPRESENTATION_CONTEXT(2) 
PARAMETRIC_REPRESENTATION_CONTEXT() REPRESENTATION_CONTEXT('2D SPACE',''
  ) );
#16961 = ORIENTED_EDGE('',*,*,#16962,.F.);
#16962 = EDGE_CURVE('',#16371,#16939,#16963,.T.);
#16963 = SURFACE_CURVE('',#16964,(#16968,#16974),.PCURVE_S1.);
#16964 = LINE('',#16965,#16966);
#16965 = CARTESIAN_POINT('',(-139.5,36.736231420992,68.150159585436));
#16966 = VECTOR('',#16967,1.);
#16967 = DIRECTION('',(1.,0.,0.));
#16968 = PCURVE('',#16415,#16969);
#16969 = DEFINITIONAL_REPRESENTATION('',(#16970),#16973);
#16970 = B_SPLINE_CURVE_WITH_KNOTS('',1,(#16971,#16972),.UNSPECIFIED.,
  .F.,.F.,(2,2),(0.,3.),.PIECEWISE_BEZIER_KNOTS.);
#16971 = CARTESIAN_POINT('',(0.,0.));
#16972 = CARTESIAN_POINT('',(0.,3.));
#16973 = ( GEOMETRIC_REPRESENTATION_CONTEXT(2) 
PARAMETRIC_REPRESENTATION_CONTEXT() REPRESENTATION_CONTEXT('2D SPACE',''
  ) );
#16974 = PCURVE('',#16386,#16975);
#16975 = DEFINITIONAL_REPRESENTATION('',(#16976),#16980);
#16976 = LINE('',#16977,#16978);
#16977 = CARTESIAN_POINT('',(0.,36.700623425171));
#16978 = VECTOR('',#16979,1.);
#16979 = DIRECTION('',(1.,0.));
#16980 = ( GEOMETRIC_REPRESENTATION_CONTEXT(2) 
PARAMETRIC_REPRESENTATION_CONTEXT() REPRESENTATION_CONTEXT('2D SPACE',''
  ) );
#16981 = ORIENTED_EDGE('',*,*,#16398,.T.);
#16982 = ORIENTED_EDGE('',*,*,#16914,.T.);
#16983 = ADVANCED_FACE('',(#16984),#16386,.F.);
#16984 = FACE_BOUND('',#16985,.F.);
#16985 = EDGE_LOOP('',(#16986,#16987,#17008,#17029));
#16986 = ORIENTED_EDGE('',*,*,#16370,.F.);
#16987 = ORIENTED_EDGE('',*,*,#16988,.T.);
#16988 = EDGE_CURVE('',#16343,#16989,#16991,.T.);
#16989 = VERTEX_POINT('',#16990);
#16990 = CARTESIAN_POINT('',(-136.5,68.93852552031,51.531260653083));
#16991 = SURFACE_CURVE('',#16992,(#16996,#17002),.PCURVE_S1.);
#16992 = LINE('',#16993,#16994);
#16993 = CARTESIAN_POINT('',(-139.5,68.93852552031,51.531260653083));
#16994 = VECTOR('',#16995,1.);
#16995 = DIRECTION('',(1.,0.,0.));
#16996 = PCURVE('',#16386,#16997);
#16997 = DEFINITIONAL_REPRESENTATION('',(#16998),#17001);
#16998 = B_SPLINE_CURVE_WITH_KNOTS('',1,(#16999,#17000),.UNSPECIFIED.,
  .F.,.F.,(2,2),(0.,3.),.PIECEWISE_BEZIER_KNOTS.);
#16999 = CARTESIAN_POINT('',(0.,0.462859324958));
#17000 = CARTESIAN_POINT('',(3.,0.462859324958));
#17001 = ( GEOMETRIC_REPRESENTATION_CONTEXT(2) 
PARAMETRIC_REPRESENTATION_CONTEXT() REPRESENTATION_CONTEXT('2D SPACE',''
  ) );
#17002 = PCURVE('',#16358,#17003);
#17003 = DEFINITIONAL_REPRESENTATION('',(#17004),#17007);
#17004 = B_SPLINE_CURVE_WITH_KNOTS('',1,(#17005,#17006),.UNSPECIFIED.,
  .F.,.F.,(2,2),(0.,3.),.PIECEWISE_BEZIER_KNOTS.);
#17005 = CARTESIAN_POINT('',(0.,86.583660962509));
#17006 = CARTESIAN_POINT('',(3.,86.583660962509));
#17007 = ( GEOMETRIC_REPRESENTATION_CONTEXT(2) 
PARAMETRIC_REPRESENTATION_CONTEXT() REPRESENTATION_CONTEXT('2D SPACE',''
  ) );
#17008 = ORIENTED_EDGE('',*,*,#17009,.T.);
#17009 = EDGE_CURVE('',#16989,#16939,#17010,.T.);
#17010 = SURFACE_CURVE('',#17011,(#17015,#17022),.PCURVE_S1.);
#17011 = LINE('',#17012,#17013);
#17012 = CARTESIAN_POINT('',(-136.5,69.349840414564,51.318990041682));
#17013 = VECTOR('',#17014,1.);
#17014 = DIRECTION('',(0.,-0.888639100643,0.458607183556));
#17015 = PCURVE('',#16386,#17016);
#17016 = DEFINITIONAL_REPRESENTATION('',(#17017),#17021);
#17017 = LINE('',#17018,#17019);
#17018 = CARTESIAN_POINT('',(3.,0.));
#17019 = VECTOR('',#17020,1.);
#17020 = DIRECTION('',(0.,1.));
#17021 = ( GEOMETRIC_REPRESENTATION_CONTEXT(2) 
PARAMETRIC_REPRESENTATION_CONTEXT() REPRESENTATION_CONTEXT('2D SPACE',''
  ) );
#17022 = PCURVE('',#16805,#17023);
#17023 = DEFINITIONAL_REPRESENTATION('',(#17024),#17028);
#17024 = LINE('',#17025,#17026);
#17025 = CARTESIAN_POINT('',(13.779266663973,-86.99049698484));
#17026 = VECTOR('',#17027,1.);
#17027 = DIRECTION('',(0.476890761675,0.87896257112));
#17028 = ( GEOMETRIC_REPRESENTATION_CONTEXT(2) 
PARAMETRIC_REPRESENTATION_CONTEXT() REPRESENTATION_CONTEXT('2D SPACE',''
  ) );
#17029 = ORIENTED_EDGE('',*,*,#16962,.F.);
#17030 = ADVANCED_FACE('',(#17031),#16358,.T.);
#17031 = FACE_BOUND('',#17032,.T.);
#17032 = EDGE_LOOP('',(#17033,#17034,#17035,#17058));
#17033 = ORIENTED_EDGE('',*,*,#16342,.F.);
#17034 = ORIENTED_EDGE('',*,*,#16988,.T.);
#17035 = ORIENTED_EDGE('',*,*,#17036,.T.);
#17036 = EDGE_CURVE('',#16989,#17037,#17039,.T.);
#17037 = VERTEX_POINT('',#17038);
#17038 = CARTESIAN_POINT('',(-136.5,79.24605431194,51.744519869461));
#17039 = SURFACE_CURVE('',#17040,(#17044,#17051),.PCURVE_S1.);
#17040 = LINE('',#17041,#17042);
#17041 = CARTESIAN_POINT('',(-136.5,-17.62660980934,49.740257853159));
#17042 = VECTOR('',#17043,1.);
#17043 = DIRECTION('',(0.,0.999786037774,2.068522836773E-02));
#17044 = PCURVE('',#16358,#17045);
#17045 = DEFINITIONAL_REPRESENTATION('',(#17046),#17050);
#17046 = LINE('',#17047,#17048);
#17047 = CARTESIAN_POINT('',(3.,0.));
#17048 = VECTOR('',#17049,1.);
#17049 = DIRECTION('',(0.,1.));
#17050 = ( GEOMETRIC_REPRESENTATION_CONTEXT(2) 
PARAMETRIC_REPRESENTATION_CONTEXT() REPRESENTATION_CONTEXT('2D SPACE',''
  ) );
#17051 = PCURVE('',#16805,#17052);
#17052 = DEFINITIONAL_REPRESENTATION('',(#17053),#17057);
#17053 = LINE('',#17054,#17055);
#17054 = CARTESIAN_POINT('',(14.,-5.896178186025E-16));
#17055 = VECTOR('',#17056,1.);
#17056 = DIRECTION('',(-1.950949445901E-19,-1.));
#17057 = ( GEOMETRIC_REPRESENTATION_CONTEXT(2) 
PARAMETRIC_REPRESENTATION_CONTEXT() REPRESENTATION_CONTEXT('2D SPACE',''
  ) );
#17058 = ORIENTED_EDGE('',*,*,#17059,.F.);
#17059 = EDGE_CURVE('',#16315,#17037,#17060,.T.);
#17060 = SURFACE_CURVE('',#17061,(#17065,#17071),.PCURVE_S1.);
#17061 = LINE('',#17062,#17063);
#17062 = CARTESIAN_POINT('',(-139.5,79.24605431194,51.744519869462));
#17063 = VECTOR('',#17064,1.);
#17064 = DIRECTION('',(1.,0.,0.));
#17065 = PCURVE('',#16358,#17066);
#17066 = DEFINITIONAL_REPRESENTATION('',(#17067),#17070);
#17067 = B_SPLINE_CURVE_WITH_KNOTS('',1,(#17068,#17069),.UNSPECIFIED.,
  .F.,.F.,(2,2),(0.,3.),.PIECEWISE_BEZIER_KNOTS.);
#17068 = CARTESIAN_POINT('',(0.,96.893395647925));
#17069 = CARTESIAN_POINT('',(3.,96.893395647925));
#17070 = ( GEOMETRIC_REPRESENTATION_CONTEXT(2) 
PARAMETRIC_REPRESENTATION_CONTEXT() REPRESENTATION_CONTEXT('2D SPACE',''
  ) );
#17071 = PCURVE('',#16330,#17072);
#17072 = DEFINITIONAL_REPRESENTATION('',(#17073),#17076);
#17073 = B_SPLINE_CURVE_WITH_KNOTS('',1,(#17074,#17075),.UNSPECIFIED.,
  .F.,.F.,(2,2),(0.,3.),.PIECEWISE_BEZIER_KNOTS.);
#17074 = CARTESIAN_POINT('',(0.,21.57027419218));
#17075 = CARTESIAN_POINT('',(3.,21.57027419218));
#17076 = ( GEOMETRIC_REPRESENTATION_CONTEXT(2) 
PARAMETRIC_REPRESENTATION_CONTEXT() REPRESENTATION_CONTEXT('2D SPACE',''
  ) );
#17077 = ADVANCED_FACE('',(#17078),#16501,.F.);
#17078 = FACE_BOUND('',#17079,.F.);
#17079 = EDGE_LOOP('',(#17080,#17101,#17102,#17123));
#17080 = ORIENTED_EDGE('',*,*,#17081,.F.);
#17081 = EDGE_CURVE('',#16484,#17082,#17084,.T.);
#17082 = VERTEX_POINT('',#17083);
#17083 = CARTESIAN_POINT('',(-136.5,86.39137294914,48.491626420908));
#17084 = SURFACE_CURVE('',#17085,(#17089,#17095),.PCURVE_S1.);
#17085 = LINE('',#17086,#17087);
#17086 = CARTESIAN_POINT('',(-140.,86.39137294914,48.491626420908));
#17087 = VECTOR('',#17088,1.);
#17088 = DIRECTION('',(1.,0.,0.));
#17089 = PCURVE('',#16501,#17090);
#17090 = DEFINITIONAL_REPRESENTATION('',(#17091),#17094);
#17091 = B_SPLINE_CURVE_WITH_KNOTS('',1,(#17092,#17093),.UNSPECIFIED.,
  .F.,.F.,(2,2),(0.5,3.5),.PIECEWISE_BEZIER_KNOTS.);
#17092 = CARTESIAN_POINT('',(1.,100.369898613));
#17093 = CARTESIAN_POINT('',(4.,100.369898613));
#17094 = ( GEOMETRIC_REPRESENTATION_CONTEXT(2) 
PARAMETRIC_REPRESENTATION_CONTEXT() REPRESENTATION_CONTEXT('2D SPACE',''
  ) );
#17095 = PCURVE('',#16528,#17096);
#17096 = DEFINITIONAL_REPRESENTATION('',(#17097),#17100);
#17097 = B_SPLINE_CURVE_WITH_KNOTS('',1,(#17098,#17099),.UNSPECIFIED.,
  .F.,.F.,(2,2),(0.5,3.5),.PIECEWISE_BEZIER_KNOTS.);
#17098 = CARTESIAN_POINT('',(0.,13.719357416748));
#17099 = CARTESIAN_POINT('',(3.,13.719357416748));
#17100 = ( GEOMETRIC_REPRESENTATION_CONTEXT(2) 
PARAMETRIC_REPRESENTATION_CONTEXT() REPRESENTATION_CONTEXT('2D SPACE',''
  ) );
#17101 = ORIENTED_EDGE('',*,*,#16483,.T.);
#17102 = ORIENTED_EDGE('',*,*,#17103,.T.);
#17103 = EDGE_CURVE('',#16486,#17104,#17106,.T.);
#17104 = VERTEX_POINT('',#17105);
#17105 = CARTESIAN_POINT('',(-136.5,71.880617513675,48.191403894657));
#17106 = SURFACE_CURVE('',#17107,(#17111,#17117),.PCURVE_S1.);
#17107 = LINE('',#17108,#17109);
#17108 = CARTESIAN_POINT('',(-139.5,71.880617513675,48.191403894657));
#17109 = VECTOR('',#17110,1.);
#17110 = DIRECTION('',(1.,-1.018312508884E-16,-1.973175180232E-16));
#17111 = PCURVE('',#16501,#17112);
#17112 = DEFINITIONAL_REPRESENTATION('',(#17113),#17116);
#17113 = B_SPLINE_CURVE_WITH_KNOTS('',1,(#17114,#17115),.UNSPECIFIED.,
  .F.,.F.,(2,2),(-2.399999999625E-06,3.0000024),
  .PIECEWISE_BEZIER_KNOTS.);
#17114 = CARTESIAN_POINT('',(0.9999976,85.856037759558));
#17115 = CARTESIAN_POINT('',(4.0000024,85.856037759558));
#17116 = ( GEOMETRIC_REPRESENTATION_CONTEXT(2) 
PARAMETRIC_REPRESENTATION_CONTEXT() REPRESENTATION_CONTEXT('2D SPACE',''
  ) );
#17117 = PCURVE('',#16751,#17118);
#17118 = DEFINITIONAL_REPRESENTATION('',(#17119),#17122);
#17119 = B_SPLINE_CURVE_WITH_KNOTS('',1,(#17120,#17121),.UNSPECIFIED.,
  .F.,.F.,(2,2),(-2.399999999625E-06,3.0000024),
  .PIECEWISE_BEZIER_KNOTS.);
#17120 = CARTESIAN_POINT('',(5.45507286259,-2.400000000376E-06));
#17121 = CARTESIAN_POINT('',(5.45507286259,3.0000024));
#17122 = ( GEOMETRIC_REPRESENTATION_CONTEXT(2) 
PARAMETRIC_REPRESENTATION_CONTEXT() REPRESENTATION_CONTEXT('2D SPACE',''
  ) );
#17123 = ORIENTED_EDGE('',*,*,#17124,.F.);
#17124 = EDGE_CURVE('',#17082,#17104,#17125,.T.);
#17125 = SURFACE_CURVE('',#17126,(#17130,#17136),.PCURVE_S1.);
#17126 = LINE('',#17127,#17128);
#17127 = CARTESIAN_POINT('',(-136.5,-15.7566651649,46.37821873579));
#17128 = VECTOR('',#17129,1.);
#17129 = DIRECTION('',(0.,-0.999786037774,-2.068522836773E-02));
#17130 = PCURVE('',#16501,#17131);
#17131 = DEFINITIONAL_REPRESENTATION('',(#17132),#17135);
#17132 = B_SPLINE_CURVE_WITH_KNOTS('',1,(#17133,#17134),.UNSPECIFIED.,
  .F.,.F.,(2,2),(-164.6,-1.8),.PIECEWISE_BEZIER_KNOTS.);
#17133 = CARTESIAN_POINT('',(4.,162.8));
#17134 = CARTESIAN_POINT('',(4.,0.));
#17135 = ( GEOMETRIC_REPRESENTATION_CONTEXT(2) 
PARAMETRIC_REPRESENTATION_CONTEXT() REPRESENTATION_CONTEXT('2D SPACE',''
  ) );
#17136 = PCURVE('',#16805,#17137);
#17137 = DEFINITIONAL_REPRESENTATION('',(#17138),#17142);
#17138 = LINE('',#17139,#17140);
#17139 = CARTESIAN_POINT('',(10.6,-1.8));
#17140 = VECTOR('',#17141,1.);
#17141 = DIRECTION('',(1.950949445901E-19,1.));
#17142 = ( GEOMETRIC_REPRESENTATION_CONTEXT(2) 
PARAMETRIC_REPRESENTATION_CONTEXT() REPRESENTATION_CONTEXT('2D SPACE',''
  ) );
#17143 = ADVANCED_FACE('',(#17144),#16751,.T.);
#17144 = FACE_BOUND('',#17145,.T.);
#17145 = EDGE_LOOP('',(#17146,#17147,#17148,#17172));
#17146 = ORIENTED_EDGE('',*,*,#16736,.T.);
#17147 = ORIENTED_EDGE('',*,*,#17103,.T.);
#17148 = ORIENTED_EDGE('',*,*,#17149,.F.);
#17149 = EDGE_CURVE('',#17150,#17104,#17152,.T.);
#17150 = VERTEX_POINT('',#17151);
#17151 = CARTESIAN_POINT('',(-136.5,64.763768579008,42.432599035254));
#17152 = SURFACE_CURVE('',#17153,(#17158,#17165),.PCURVE_S1.);
#17153 = CIRCLE('',#17154,5.);
#17154 = AXIS2_PLACEMENT_3D('',#17155,#17156,#17157);
#17155 = CARTESIAN_POINT('',(-136.5,67.056804496786,46.875794538468));
#17156 = DIRECTION('',(1.,-1.018312508884E-16,-1.973175180232E-16));
#17157 = DIRECTION('',(2.22044604925E-16,0.458607183556,0.888639100643)
  );
#17158 = PCURVE('',#16751,#17159);
#17159 = DEFINITIONAL_REPRESENTATION('',(#17160),#17164);
#17160 = LINE('',#17161,#17162);
#17161 = CARTESIAN_POINT('',(0.,3.));
#17162 = VECTOR('',#17163,1.);
#17163 = DIRECTION('',(1.,0.));
#17164 = ( GEOMETRIC_REPRESENTATION_CONTEXT(2) 
PARAMETRIC_REPRESENTATION_CONTEXT() REPRESENTATION_CONTEXT('2D SPACE',''
  ) );
#17165 = PCURVE('',#16805,#17166);
#17166 = DEFINITIONAL_REPRESENTATION('',(#17167),#17171);
#17167 = CIRCLE('',#17168,5.);
#17168 = AXIS2_PLACEMENT_2D('',#17169,#17170);
#17169 = CARTESIAN_POINT('',(9.384453808375,-84.60604317646));
#17170 = DIRECTION('',(0.87896257112,-0.476890761675));
#17171 = ( GEOMETRIC_REPRESENTATION_CONTEXT(2) 
PARAMETRIC_REPRESENTATION_CONTEXT() REPRESENTATION_CONTEXT('2D SPACE',''
  ) );
#17172 = ORIENTED_EDGE('',*,*,#17173,.F.);
#17173 = EDGE_CURVE('',#16709,#17150,#17174,.T.);
#17174 = SURFACE_CURVE('',#17175,(#17179,#17186),.PCURVE_S1.);
#17175 = LINE('',#17176,#17177);
#17176 = CARTESIAN_POINT('',(-139.5,64.763768579008,42.432599035254));
#17177 = VECTOR('',#17178,1.);
#17178 = DIRECTION('',(1.,0.,0.));
#17179 = PCURVE('',#16751,#17180);
#17180 = DEFINITIONAL_REPRESENTATION('',(#17181),#17185);
#17181 = LINE('',#17182,#17183);
#17182 = CARTESIAN_POINT('',(3.14159265359,1.110223024625E-15));
#17183 = VECTOR('',#17184,1.);
#17184 = DIRECTION('',(0.,1.));
#17185 = ( GEOMETRIC_REPRESENTATION_CONTEXT(2) 
PARAMETRIC_REPRESENTATION_CONTEXT() REPRESENTATION_CONTEXT('2D SPACE',''
  ) );
#17186 = PCURVE('',#16724,#17187);
#17187 = DEFINITIONAL_REPRESENTATION('',(#17188),#17192);
#17188 = LINE('',#17189,#17190);
#17189 = CARTESIAN_POINT('',(0.,0.));
#17190 = VECTOR('',#17191,1.);
#17191 = DIRECTION('',(1.,0.));
#17192 = ( GEOMETRIC_REPRESENTATION_CONTEXT(2) 
PARAMETRIC_REPRESENTATION_CONTEXT() REPRESENTATION_CONTEXT('2D SPACE',''
  ) );
#17193 = ADVANCED_FACE('',(#17194),#16724,.T.);
#17194 = FACE_BOUND('',#17195,.T.);
#17195 = EDGE_LOOP('',(#17196,#17197,#17198,#17221));
#17196 = ORIENTED_EDGE('',*,*,#16708,.F.);
#17197 = ORIENTED_EDGE('',*,*,#17173,.T.);
#17198 = ORIENTED_EDGE('',*,*,#17199,.T.);
#17199 = EDGE_CURVE('',#17150,#17200,#17202,.T.);
#17200 = VERTEX_POINT('',#17201);
#17201 = CARTESIAN_POINT('',(-136.5,54.309415467834,47.827861783364));
#17202 = SURFACE_CURVE('',#17203,(#17207,#17214),.PCURVE_S1.);
#17203 = LINE('',#17204,#17205);
#17204 = CARTESIAN_POINT('',(-136.5,64.763768579008,42.432599035254));
#17205 = VECTOR('',#17206,1.);
#17206 = DIRECTION('',(0.,-0.888639100643,0.458607183556));
#17207 = PCURVE('',#16724,#17208);
#17208 = DEFINITIONAL_REPRESENTATION('',(#17209),#17213);
#17209 = LINE('',#17210,#17211);
#17210 = CARTESIAN_POINT('',(3.,0.));
#17211 = VECTOR('',#17212,1.);
#17212 = DIRECTION('',(0.,1.));
#17213 = ( GEOMETRIC_REPRESENTATION_CONTEXT(2) 
PARAMETRIC_REPRESENTATION_CONTEXT() REPRESENTATION_CONTEXT('2D SPACE',''
  ) );
#17214 = PCURVE('',#16805,#17215);
#17215 = DEFINITIONAL_REPRESENTATION('',(#17216),#17220);
#17216 = LINE('',#17217,#17218);
#17217 = CARTESIAN_POINT('',(4.989640952777,-82.22158936809));
#17218 = VECTOR('',#17219,1.);
#17219 = DIRECTION('',(0.476890761675,0.87896257112));
#17220 = ( GEOMETRIC_REPRESENTATION_CONTEXT(2) 
PARAMETRIC_REPRESENTATION_CONTEXT() REPRESENTATION_CONTEXT('2D SPACE',''
  ) );
#17221 = ORIENTED_EDGE('',*,*,#17222,.F.);
#17222 = EDGE_CURVE('',#16682,#17200,#17223,.T.);
#17223 = SURFACE_CURVE('',#17224,(#17228,#17234),.PCURVE_S1.);
#17224 = LINE('',#17225,#17226);
#17225 = CARTESIAN_POINT('',(-140.,54.309415467834,47.827861783364));
#17226 = VECTOR('',#17227,1.);
#17227 = DIRECTION('',(1.,0.,0.));
#17228 = PCURVE('',#16724,#17229);
#17229 = DEFINITIONAL_REPRESENTATION('',(#17230),#17233);
#17230 = B_SPLINE_CURVE_WITH_KNOTS('',1,(#17231,#17232),.UNSPECIFIED.,
  .F.,.F.,(2,2),(0.5,3.5),.PIECEWISE_BEZIER_KNOTS.);
#17231 = CARTESIAN_POINT('',(0.,11.764453199969));
#17232 = CARTESIAN_POINT('',(3.,11.764453199969));
#17233 = ( GEOMETRIC_REPRESENTATION_CONTEXT(2) 
PARAMETRIC_REPRESENTATION_CONTEXT() REPRESENTATION_CONTEXT('2D SPACE',''
  ) );
#17234 = PCURVE('',#16697,#17235);
#17235 = DEFINITIONAL_REPRESENTATION('',(#17236),#17239);
#17236 = B_SPLINE_CURVE_WITH_KNOTS('',1,(#17237,#17238),.UNSPECIFIED.,
  .F.,.F.,(2,2),(0.5,3.5),.PIECEWISE_BEZIER_KNOTS.);
#17237 = CARTESIAN_POINT('',(1.,68.281075335631));
#17238 = CARTESIAN_POINT('',(4.,68.281075335631));
#17239 = ( GEOMETRIC_REPRESENTATION_CONTEXT(2) 
PARAMETRIC_REPRESENTATION_CONTEXT() REPRESENTATION_CONTEXT('2D SPACE',''
  ) );
#17240 = ADVANCED_FACE('',(#17241),#16697,.F.);
#17241 = FACE_BOUND('',#17242,.F.);
#17242 = EDGE_LOOP('',(#17243,#17244,#17245,#17268));
#17243 = ORIENTED_EDGE('',*,*,#17222,.F.);
#17244 = ORIENTED_EDGE('',*,*,#16681,.T.);
#17245 = ORIENTED_EDGE('',*,*,#17246,.T.);
#17246 = EDGE_CURVE('',#16653,#17247,#17249,.T.);
#17247 = VERTEX_POINT('',#17248);
#17248 = CARTESIAN_POINT('',(-136.5,-13.9570502969,46.415452146852));
#17249 = SURFACE_CURVE('',#17250,(#17254,#17261),.PCURVE_S1.);
#17250 = LINE('',#17251,#17252);
#17251 = CARTESIAN_POINT('',(-140.5,-13.9570502969,46.415452146852));
#17252 = VECTOR('',#17253,1.);
#17253 = DIRECTION('',(1.,0.,0.));
#17254 = PCURVE('',#16697,#17255);
#17255 = DEFINITIONAL_REPRESENTATION('',(#17256),#17260);
#17256 = LINE('',#17257,#17258);
#17257 = CARTESIAN_POINT('',(0.,0.));
#17258 = VECTOR('',#17259,1.);
#17259 = DIRECTION('',(1.,0.));
#17260 = ( GEOMETRIC_REPRESENTATION_CONTEXT(2) 
PARAMETRIC_REPRESENTATION_CONTEXT() REPRESENTATION_CONTEXT('2D SPACE',''
  ) );
#17261 = PCURVE('',#16669,#17262);
#17262 = DEFINITIONAL_REPRESENTATION('',(#17263),#17267);
#17263 = LINE('',#17264,#17265);
#17264 = CARTESIAN_POINT('',(3.14159265359,7.993605777301E-16));
#17265 = VECTOR('',#17266,1.);
#17266 = DIRECTION('',(0.,1.));
#17267 = ( GEOMETRIC_REPRESENTATION_CONTEXT(2) 
PARAMETRIC_REPRESENTATION_CONTEXT() REPRESENTATION_CONTEXT('2D SPACE',''
  ) );
#17268 = ORIENTED_EDGE('',*,*,#17269,.F.);
#17269 = EDGE_CURVE('',#17200,#17247,#17270,.T.);
#17270 = SURFACE_CURVE('',#17271,(#17275,#17281),.PCURVE_S1.);
#17271 = LINE('',#17272,#17273);
#17272 = CARTESIAN_POINT('',(-136.5,-15.7566651649,46.37821873579));
#17273 = VECTOR('',#17274,1.);
#17274 = DIRECTION('',(0.,-0.999786037774,-2.068522836773E-02));
#17275 = PCURVE('',#16697,#17276);
#17276 = DEFINITIONAL_REPRESENTATION('',(#17277),#17280);
#17277 = B_SPLINE_CURVE_WITH_KNOTS('',1,(#17278,#17279),.UNSPECIFIED.,
  .F.,.F.,(2,2),(-164.6,-1.8),.PIECEWISE_BEZIER_KNOTS.);
#17278 = CARTESIAN_POINT('',(4.,162.8));
#17279 = CARTESIAN_POINT('',(4.,0.));
#17280 = ( GEOMETRIC_REPRESENTATION_CONTEXT(2) 
PARAMETRIC_REPRESENTATION_CONTEXT() REPRESENTATION_CONTEXT('2D SPACE',''
  ) );
#17281 = PCURVE('',#16805,#17282);
#17282 = DEFINITIONAL_REPRESENTATION('',(#17283),#17287);
#17283 = LINE('',#17284,#17285);
#17284 = CARTESIAN_POINT('',(10.6,-1.8));
#17285 = VECTOR('',#17286,1.);
#17286 = DIRECTION('',(1.950949445901E-19,1.));
#17287 = ( GEOMETRIC_REPRESENTATION_CONTEXT(2) 
PARAMETRIC_REPRESENTATION_CONTEXT() REPRESENTATION_CONTEXT('2D SPACE',''
  ) );
#17288 = ADVANCED_FACE('',(#17289),#16669,.F.);
#17289 = FACE_BOUND('',#17290,.F.);
#17290 = EDGE_LOOP('',(#17291,#17292,#17314,#17336));
#17291 = ORIENTED_EDGE('',*,*,#16652,.T.);
#17292 = ORIENTED_EDGE('',*,*,#17293,.T.);
#17293 = EDGE_CURVE('',#16626,#17294,#17296,.T.);
#17294 = VERTEX_POINT('',#17295);
#17295 = CARTESIAN_POINT('',(-136.5,-13.80811665266,39.216992674881));
#17296 = SURFACE_CURVE('',#17297,(#17301,#17307),.PCURVE_S1.);
#17297 = LINE('',#17298,#17299);
#17298 = CARTESIAN_POINT('',(-140.5,-13.80811665266,39.216992674881));
#17299 = VECTOR('',#17300,1.);
#17300 = DIRECTION('',(1.,0.,0.));
#17301 = PCURVE('',#16669,#17302);
#17302 = DEFINITIONAL_REPRESENTATION('',(#17303),#17306);
#17303 = B_SPLINE_CURVE_WITH_KNOTS('',1,(#17304,#17305),.UNSPECIFIED.,
  .F.,.F.,(2,2),(0.,5.),.PIECEWISE_BEZIER_KNOTS.);
#17304 = CARTESIAN_POINT('',(6.28318530718,0.));
#17305 = CARTESIAN_POINT('',(6.28318530718,5.));
#17306 = ( GEOMETRIC_REPRESENTATION_CONTEXT(2) 
PARAMETRIC_REPRESENTATION_CONTEXT() REPRESENTATION_CONTEXT('2D SPACE',''
  ) );
#17307 = PCURVE('',#16641,#17308);
#17308 = DEFINITIONAL_REPRESENTATION('',(#17309),#17313);
#17309 = LINE('',#17310,#17311);
#17310 = CARTESIAN_POINT('',(0.,0.));
#17311 = VECTOR('',#17312,1.);
#17312 = DIRECTION('',(1.,0.));
#17313 = ( GEOMETRIC_REPRESENTATION_CONTEXT(2) 
PARAMETRIC_REPRESENTATION_CONTEXT() REPRESENTATION_CONTEXT('2D SPACE',''
  ) );
#17314 = ORIENTED_EDGE('',*,*,#17315,.F.);
#17315 = EDGE_CURVE('',#17247,#17294,#17316,.T.);
#17316 = SURFACE_CURVE('',#17317,(#17322,#17329),.PCURVE_S1.);
#17317 = CIRCLE('',#17318,3.6);
#17318 = AXIS2_PLACEMENT_3D('',#17319,#17320,#17321);
#17319 = CARTESIAN_POINT('',(-136.5,-13.88258347478,42.816222410867));
#17320 = DIRECTION('',(1.,-4.593043360697E-18,2.21997095767E-16));
#17321 = DIRECTION('',(2.22044604925E-16,2.068522836773E-02,
    -0.999786037774));
#17322 = PCURVE('',#16669,#17323);
#17323 = DEFINITIONAL_REPRESENTATION('',(#17324),#17328);
#17324 = LINE('',#17325,#17326);
#17325 = CARTESIAN_POINT('',(0.,4.));
#17326 = VECTOR('',#17327,1.);
#17327 = DIRECTION('',(1.,0.));
#17328 = ( GEOMETRIC_REPRESENTATION_CONTEXT(2) 
PARAMETRIC_REPRESENTATION_CONTEXT() REPRESENTATION_CONTEXT('2D SPACE',''
  ) );
#17329 = PCURVE('',#16805,#17330);
#17330 = DEFINITIONAL_REPRESENTATION('',(#17331),#17335);
#17331 = CIRCLE('',#17332,3.6);
#17332 = AXIS2_PLACEMENT_2D('',#17333,#17334);
#17333 = CARTESIAN_POINT('',(7.,-3.6));
#17334 = DIRECTION('',(-1.,-1.950949445901E-19));
#17335 = ( GEOMETRIC_REPRESENTATION_CONTEXT(2) 
PARAMETRIC_REPRESENTATION_CONTEXT() REPRESENTATION_CONTEXT('2D SPACE',''
  ) );
#17336 = ORIENTED_EDGE('',*,*,#17246,.F.);
#17337 = ADVANCED_FACE('',(#17338),#16641,.T.);
#17338 = FACE_BOUND('',#17339,.T.);
#17339 = EDGE_LOOP('',(#17340,#17341,#17342,#17364));
#17340 = ORIENTED_EDGE('',*,*,#16625,.T.);
#17341 = ORIENTED_EDGE('',*,*,#17293,.T.);
#17342 = ORIENTED_EDGE('',*,*,#17343,.F.);
#17343 = EDGE_CURVE('',#17344,#17294,#17346,.T.);
#17344 = VERTEX_POINT('',#17345);
#17345 = CARTESIAN_POINT('',(-136.5,148.9570502969,42.584547853148));
#17346 = SURFACE_CURVE('',#17347,(#17351,#17357),.PCURVE_S1.);
#17347 = LINE('',#17348,#17349);
#17348 = CARTESIAN_POINT('',(-136.5,-15.60773152065,39.179759263819));
#17349 = VECTOR('',#17350,1.);
#17350 = DIRECTION('',(0.,-0.999786037774,-2.068522836773E-02));
#17351 = PCURVE('',#16641,#17352);
#17352 = DEFINITIONAL_REPRESENTATION('',(#17353),#17356);
#17353 = B_SPLINE_CURVE_WITH_KNOTS('',1,(#17354,#17355),.UNSPECIFIED.,
  .F.,.F.,(2,2),(-164.6,-1.8),.PIECEWISE_BEZIER_KNOTS.);
#17354 = CARTESIAN_POINT('',(4.,162.8));
#17355 = CARTESIAN_POINT('',(4.,0.));
#17356 = ( GEOMETRIC_REPRESENTATION_CONTEXT(2) 
PARAMETRIC_REPRESENTATION_CONTEXT() REPRESENTATION_CONTEXT('2D SPACE',''
  ) );
#17357 = PCURVE('',#16805,#17358);
#17358 = DEFINITIONAL_REPRESENTATION('',(#17359),#17363);
#17359 = LINE('',#17360,#17361);
#17360 = CARTESIAN_POINT('',(3.4,-1.8));
#17361 = VECTOR('',#17362,1.);
#17362 = DIRECTION('',(1.950949445901E-19,1.));
#17363 = ( GEOMETRIC_REPRESENTATION_CONTEXT(2) 
PARAMETRIC_REPRESENTATION_CONTEXT() REPRESENTATION_CONTEXT('2D SPACE',''
  ) );
#17364 = ORIENTED_EDGE('',*,*,#17365,.F.);
#17365 = EDGE_CURVE('',#16597,#17344,#17366,.T.);
#17366 = SURFACE_CURVE('',#17367,(#17371,#17378),.PCURVE_S1.);
#17367 = LINE('',#17368,#17369);
#17368 = CARTESIAN_POINT('',(-140.5,148.9570502969,42.584547853148));
#17369 = VECTOR('',#17370,1.);
#17370 = DIRECTION('',(1.,0.,0.));
#17371 = PCURVE('',#16641,#17372);
#17372 = DEFINITIONAL_REPRESENTATION('',(#17373),#17377);
#17373 = LINE('',#17374,#17375);
#17374 = CARTESIAN_POINT('',(0.,162.8));
#17375 = VECTOR('',#17376,1.);
#17376 = DIRECTION('',(1.,0.));
#17377 = ( GEOMETRIC_REPRESENTATION_CONTEXT(2) 
PARAMETRIC_REPRESENTATION_CONTEXT() REPRESENTATION_CONTEXT('2D SPACE',''
  ) );
#17378 = PCURVE('',#16613,#17379);
#17379 = DEFINITIONAL_REPRESENTATION('',(#17380),#17383);
#17380 = B_SPLINE_CURVE_WITH_KNOTS('',1,(#17381,#17382),.UNSPECIFIED.,
  .F.,.F.,(2,2),(0.,5.),.PIECEWISE_BEZIER_KNOTS.);
#17381 = CARTESIAN_POINT('',(0.,0.));
#17382 = CARTESIAN_POINT('',(0.,5.));
#17383 = ( GEOMETRIC_REPRESENTATION_CONTEXT(2) 
PARAMETRIC_REPRESENTATION_CONTEXT() REPRESENTATION_CONTEXT('2D SPACE',''
  ) );
#17384 = ADVANCED_FACE('',(#17385),#16613,.F.);
#17385 = FACE_BOUND('',#17386,.F.);
#17386 = EDGE_LOOP('',(#17387,#17411,#17412,#17413));
#17387 = ORIENTED_EDGE('',*,*,#17388,.F.);
#17388 = EDGE_CURVE('',#17344,#17389,#17391,.T.);
#17389 = VERTEX_POINT('',#17390);
#17390 = CARTESIAN_POINT('',(-136.5,148.80811665266,49.783007325119));
#17391 = SURFACE_CURVE('',#17392,(#17397,#17404),.PCURVE_S1.);
#17392 = CIRCLE('',#17393,3.6);
#17393 = AXIS2_PLACEMENT_3D('',#17394,#17395,#17396);
#17394 = CARTESIAN_POINT('',(-136.5,148.88258347478,46.183777589133));
#17395 = DIRECTION('',(1.,-4.593043360697E-18,2.21997095767E-16));
#17396 = DIRECTION('',(2.22044604925E-16,2.068522836773E-02,
    -0.999786037774));
#17397 = PCURVE('',#16613,#17398);
#17398 = DEFINITIONAL_REPRESENTATION('',(#17399),#17403);
#17399 = LINE('',#17400,#17401);
#17400 = CARTESIAN_POINT('',(1.950949445901E-19,4.));
#17401 = VECTOR('',#17402,1.);
#17402 = DIRECTION('',(1.,0.));
#17403 = ( GEOMETRIC_REPRESENTATION_CONTEXT(2) 
PARAMETRIC_REPRESENTATION_CONTEXT() REPRESENTATION_CONTEXT('2D SPACE',''
  ) );
#17404 = PCURVE('',#16805,#17405);
#17405 = DEFINITIONAL_REPRESENTATION('',(#17406),#17410);
#17406 = CIRCLE('',#17407,3.6);
#17407 = AXIS2_PLACEMENT_2D('',#17408,#17409);
#17408 = CARTESIAN_POINT('',(7.,-166.4));
#17409 = DIRECTION('',(-1.,-1.950949445901E-19));
#17410 = ( GEOMETRIC_REPRESENTATION_CONTEXT(2) 
PARAMETRIC_REPRESENTATION_CONTEXT() REPRESENTATION_CONTEXT('2D SPACE',''
  ) );
#17411 = ORIENTED_EDGE('',*,*,#17365,.F.);
#17412 = ORIENTED_EDGE('',*,*,#16596,.T.);
#17413 = ORIENTED_EDGE('',*,*,#17414,.T.);
#17414 = EDGE_CURVE('',#16570,#17389,#17415,.T.);
#17415 = SURFACE_CURVE('',#17416,(#17420,#17427),.PCURVE_S1.);
#17416 = LINE('',#17417,#17418);
#17417 = CARTESIAN_POINT('',(-140.5,148.80811665266,49.783007325119));
#17418 = VECTOR('',#17419,1.);
#17419 = DIRECTION('',(1.,0.,0.));
#17420 = PCURVE('',#16613,#17421);
#17421 = DEFINITIONAL_REPRESENTATION('',(#17422),#17426);
#17422 = LINE('',#17423,#17424);
#17423 = CARTESIAN_POINT('',(3.14159265359,7.993605777301E-16));
#17424 = VECTOR('',#17425,1.);
#17425 = DIRECTION('',(0.,1.));
#17426 = ( GEOMETRIC_REPRESENTATION_CONTEXT(2) 
PARAMETRIC_REPRESENTATION_CONTEXT() REPRESENTATION_CONTEXT('2D SPACE',''
  ) );
#17427 = PCURVE('',#16585,#17428);
#17428 = DEFINITIONAL_REPRESENTATION('',(#17429),#17433);
#17429 = LINE('',#17430,#17431);
#17430 = CARTESIAN_POINT('',(0.,162.8));
#17431 = VECTOR('',#17432,1.);
#17432 = DIRECTION('',(1.,0.));
#17433 = ( GEOMETRIC_REPRESENTATION_CONTEXT(2) 
PARAMETRIC_REPRESENTATION_CONTEXT() REPRESENTATION_CONTEXT('2D SPACE',''
  ) );
#17434 = ADVANCED_FACE('',(#17435),#16585,.F.);
#17435 = FACE_BOUND('',#17436,.F.);
#17436 = EDGE_LOOP('',(#17437,#17438,#17439,#17460));
#17437 = ORIENTED_EDGE('',*,*,#17414,.F.);
#17438 = ORIENTED_EDGE('',*,*,#16569,.T.);
#17439 = ORIENTED_EDGE('',*,*,#17440,.T.);
#17440 = EDGE_CURVE('',#16541,#17441,#17443,.T.);
#17441 = VERTEX_POINT('',#17442);
#17442 = CARTESIAN_POINT('',(-136.5,105.70843066047,48.891289683902));
#17443 = SURFACE_CURVE('',#17444,(#17448,#17454),.PCURVE_S1.);
#17444 = LINE('',#17445,#17446);
#17445 = CARTESIAN_POINT('',(-139.5,105.70843066047,48.891289683901));
#17446 = VECTOR('',#17447,1.);
#17447 = DIRECTION('',(1.,-9.200039451539E-17,-2.020884311021E-16));
#17448 = PCURVE('',#16585,#17449);
#17449 = DEFINITIONAL_REPRESENTATION('',(#17450),#17453);
#17450 = B_SPLINE_CURVE_WITH_KNOTS('',1,(#17451,#17452),.UNSPECIFIED.,
  .F.,.F.,(2,2),(-2.399999999625E-06,3.0000024),
  .PIECEWISE_BEZIER_KNOTS.);
#17451 = CARTESIAN_POINT('',(0.9999976,119.69109032953));
#17452 = CARTESIAN_POINT('',(4.0000024,119.69109032953));
#17453 = ( GEOMETRIC_REPRESENTATION_CONTEXT(2) 
PARAMETRIC_REPRESENTATION_CONTEXT() REPRESENTATION_CONTEXT('2D SPACE',''
  ) );
#17454 = PCURVE('',#16557,#17455);
#17455 = DEFINITIONAL_REPRESENTATION('',(#17456),#17459);
#17456 = B_SPLINE_CURVE_WITH_KNOTS('',1,(#17457,#17458),.UNSPECIFIED.,
  .F.,.F.,(2,2),(-2.399999999625E-06,3.0000024),
  .PIECEWISE_BEZIER_KNOTS.);
#17457 = CARTESIAN_POINT('',(5.451305511485,-2.400000000373E-06));
#17458 = CARTESIAN_POINT('',(5.451305511485,3.0000024));
#17459 = ( GEOMETRIC_REPRESENTATION_CONTEXT(2) 
PARAMETRIC_REPRESENTATION_CONTEXT() REPRESENTATION_CONTEXT('2D SPACE',''
  ) );
#17460 = ORIENTED_EDGE('',*,*,#17461,.F.);
#17461 = EDGE_CURVE('',#17389,#17441,#17462,.T.);
#17462 = SURFACE_CURVE('',#17463,(#17467,#17473),.PCURVE_S1.);
#17463 = LINE('',#17464,#17465);
#17464 = CARTESIAN_POINT('',(-136.5,-15.7566651649,46.37821873579));
#17465 = VECTOR('',#17466,1.);
#17466 = DIRECTION('',(0.,-0.999786037774,-2.068522836773E-02));
#17467 = PCURVE('',#16585,#17468);
#17468 = DEFINITIONAL_REPRESENTATION('',(#17469),#17472);
#17469 = B_SPLINE_CURVE_WITH_KNOTS('',1,(#17470,#17471),.UNSPECIFIED.,
  .F.,.F.,(2,2),(-164.6,-1.8),.PIECEWISE_BEZIER_KNOTS.);
#17470 = CARTESIAN_POINT('',(4.,162.8));
#17471 = CARTESIAN_POINT('',(4.,0.));
#17472 = ( GEOMETRIC_REPRESENTATION_CONTEXT(2) 
PARAMETRIC_REPRESENTATION_CONTEXT() REPRESENTATION_CONTEXT('2D SPACE',''
  ) );
#17473 = PCURVE('',#16805,#17474);
#17474 = DEFINITIONAL_REPRESENTATION('',(#17475),#17479);
#17475 = LINE('',#17476,#17477);
#17476 = CARTESIAN_POINT('',(10.6,-1.8));
#17477 = VECTOR('',#17478,1.);
#17478 = DIRECTION('',(1.950949445901E-19,1.));
#17479 = ( GEOMETRIC_REPRESENTATION_CONTEXT(2) 
PARAMETRIC_REPRESENTATION_CONTEXT() REPRESENTATION_CONTEXT('2D SPACE',''
  ) );
#17480 = ADVANCED_FACE('',(#17481),#16245,.T.);
#17481 = FACE_BOUND('',#17482,.T.);
#17482 = EDGE_LOOP('',(#17483,#17484,#17505,#17528));
#17483 = ORIENTED_EDGE('',*,*,#16229,.F.);
#17484 = ORIENTED_EDGE('',*,*,#17485,.T.);
#17485 = EDGE_CURVE('',#16230,#17486,#17488,.T.);
#17486 = VERTEX_POINT('',#17487);
#17487 = CARTESIAN_POINT('',(-136.5,102.33204541723,52.222161064744));
#17488 = SURFACE_CURVE('',#17489,(#17493,#17499),.PCURVE_S1.);
#17489 = LINE('',#17490,#17491);
#17490 = CARTESIAN_POINT('',(-139.5,102.33204541723,52.222161064744));
#17491 = VECTOR('',#17492,1.);
#17492 = DIRECTION('',(1.,0.,0.));
#17493 = PCURVE('',#16245,#17494);
#17494 = DEFINITIONAL_REPRESENTATION('',(#17495),#17498);
#17495 = B_SPLINE_CURVE_WITH_KNOTS('',1,(#17496,#17497),.UNSPECIFIED.,
  .F.,.F.,(2,2),(0.,3.),.PIECEWISE_BEZIER_KNOTS.);
#17496 = CARTESIAN_POINT('',(0.,119.98432734037));
#17497 = CARTESIAN_POINT('',(3.,119.98432734037));
#17498 = ( GEOMETRIC_REPRESENTATION_CONTEXT(2) 
PARAMETRIC_REPRESENTATION_CONTEXT() REPRESENTATION_CONTEXT('2D SPACE',''
  ) );
#17499 = PCURVE('',#16273,#17500);
#17500 = DEFINITIONAL_REPRESENTATION('',(#17501),#17504);
#17501 = B_SPLINE_CURVE_WITH_KNOTS('',1,(#17502,#17503),.UNSPECIFIED.,
  .F.,.F.,(2,2),(0.,3.),.PIECEWISE_BEZIER_KNOTS.);
#17502 = CARTESIAN_POINT('',(0.,0.757030177245));
#17503 = CARTESIAN_POINT('',(3.,0.757030177245));
#17504 = ( GEOMETRIC_REPRESENTATION_CONTEXT(2) 
PARAMETRIC_REPRESENTATION_CONTEXT() REPRESENTATION_CONTEXT('2D SPACE',''
  ) );
#17505 = ORIENTED_EDGE('',*,*,#17506,.T.);
#17506 = EDGE_CURVE('',#17486,#17507,#17509,.T.);
#17507 = VERTEX_POINT('',#17508);
#17508 = CARTESIAN_POINT('',(-136.5,152.33701661219,53.256746675674));
#17509 = SURFACE_CURVE('',#17510,(#17514,#17521),.PCURVE_S1.);
#17510 = LINE('',#17511,#17512);
#17511 = CARTESIAN_POINT('',(-136.5,-17.62660980934,49.740257853159));
#17512 = VECTOR('',#17513,1.);
#17513 = DIRECTION('',(0.,0.999786037774,2.068522836773E-02));
#17514 = PCURVE('',#16245,#17515);
#17515 = DEFINITIONAL_REPRESENTATION('',(#17516),#17520);
#17516 = LINE('',#17517,#17518);
#17517 = CARTESIAN_POINT('',(3.,0.));
#17518 = VECTOR('',#17519,1.);
#17519 = DIRECTION('',(0.,1.));
#17520 = ( GEOMETRIC_REPRESENTATION_CONTEXT(2) 
PARAMETRIC_REPRESENTATION_CONTEXT() REPRESENTATION_CONTEXT('2D SPACE',''
  ) );
#17521 = PCURVE('',#16805,#17522);
#17522 = DEFINITIONAL_REPRESENTATION('',(#17523),#17527);
#17523 = LINE('',#17524,#17525);
#17524 = CARTESIAN_POINT('',(14.,-5.896178186025E-16));
#17525 = VECTOR('',#17526,1.);
#17526 = DIRECTION('',(-1.950949445901E-19,-1.));
#17527 = ( GEOMETRIC_REPRESENTATION_CONTEXT(2) 
PARAMETRIC_REPRESENTATION_CONTEXT() REPRESENTATION_CONTEXT('2D SPACE',''
  ) );
#17528 = ORIENTED_EDGE('',*,*,#17529,.F.);
#17529 = EDGE_CURVE('',#16201,#17507,#17530,.T.);
#17530 = SURFACE_CURVE('',#17531,(#17535,#17542),.PCURVE_S1.);
#17531 = LINE('',#17532,#17533);
#17532 = CARTESIAN_POINT('',(-139.5,152.33701661219,53.256746675674));
#17533 = VECTOR('',#17534,1.);
#17534 = DIRECTION('',(1.,0.,0.));
#17535 = PCURVE('',#16245,#17536);
#17536 = DEFINITIONAL_REPRESENTATION('',(#17537),#17541);
#17537 = LINE('',#17538,#17539);
#17538 = CARTESIAN_POINT('',(0.,170.));
#17539 = VECTOR('',#17540,1.);
#17540 = DIRECTION('',(1.,0.));
#17541 = ( GEOMETRIC_REPRESENTATION_CONTEXT(2) 
PARAMETRIC_REPRESENTATION_CONTEXT() REPRESENTATION_CONTEXT('2D SPACE',''
  ) );
#17542 = PCURVE('',#16217,#17543);
#17543 = DEFINITIONAL_REPRESENTATION('',(#17544),#17548);
#17544 = LINE('',#17545,#17546);
#17545 = CARTESIAN_POINT('',(3.14159265359,1.554312234475E-15));
#17546 = VECTOR('',#17547,1.);
#17547 = DIRECTION('',(0.,1.));
#17548 = ( GEOMETRIC_REPRESENTATION_CONTEXT(2) 
PARAMETRIC_REPRESENTATION_CONTEXT() REPRESENTATION_CONTEXT('2D SPACE',''
  ) );
#17549 = ADVANCED_FACE('',(#17550),#16217,.T.);
#17550 = FACE_BOUND('',#17551,.T.);
#17551 = EDGE_LOOP('',(#17552,#17576,#17596,#17597));
#17552 = ORIENTED_EDGE('',*,*,#17553,.F.);
#17553 = EDGE_CURVE('',#17554,#17507,#17556,.T.);
#17554 = VERTEX_POINT('',#17555);
#17555 = CARTESIAN_POINT('',(-136.5,152.62660980934,39.259742146841));
#17556 = SURFACE_CURVE('',#17557,(#17562,#17569),.PCURVE_S1.);
#17557 = CIRCLE('',#17558,7.);
#17558 = AXIS2_PLACEMENT_3D('',#17559,#17560,#17561);
#17559 = CARTESIAN_POINT('',(-136.5,152.48181321077,46.258244411257));
#17560 = DIRECTION('',(1.,-4.593043360697E-18,2.21997095767E-16));
#17561 = DIRECTION('',(2.22044604925E-16,2.068522836773E-02,
    -0.999786037774));
#17562 = PCURVE('',#16217,#17563);
#17563 = DEFINITIONAL_REPRESENTATION('',(#17564),#17568);
#17564 = LINE('',#17565,#17566);
#17565 = CARTESIAN_POINT('',(0.,3.));
#17566 = VECTOR('',#17567,1.);
#17567 = DIRECTION('',(1.,0.));
#17568 = ( GEOMETRIC_REPRESENTATION_CONTEXT(2) 
PARAMETRIC_REPRESENTATION_CONTEXT() REPRESENTATION_CONTEXT('2D SPACE',''
  ) );
#17569 = PCURVE('',#16805,#17570);
#17570 = DEFINITIONAL_REPRESENTATION('',(#17571),#17575);
#17571 = CIRCLE('',#17572,7.);
#17572 = AXIS2_PLACEMENT_2D('',#17573,#17574);
#17573 = CARTESIAN_POINT('',(7.,-170.));
#17574 = DIRECTION('',(-1.,-1.950949445901E-19));
#17575 = ( GEOMETRIC_REPRESENTATION_CONTEXT(2) 
PARAMETRIC_REPRESENTATION_CONTEXT() REPRESENTATION_CONTEXT('2D SPACE',''
  ) );
#17576 = ORIENTED_EDGE('',*,*,#17577,.F.);
#17577 = EDGE_CURVE('',#16173,#17554,#17578,.T.);
#17578 = SURFACE_CURVE('',#17579,(#17583,#17589),.PCURVE_S1.);
#17579 = LINE('',#17580,#17581);
#17580 = CARTESIAN_POINT('',(-139.5,152.62660980934,39.259742146841));
#17581 = VECTOR('',#17582,1.);
#17582 = DIRECTION('',(1.,0.,0.));
#17583 = PCURVE('',#16217,#17584);
#17584 = DEFINITIONAL_REPRESENTATION('',(#17585),#17588);
#17585 = B_SPLINE_CURVE_WITH_KNOTS('',1,(#17586,#17587),.UNSPECIFIED.,
  .F.,.F.,(2,2),(0.,3.),.PIECEWISE_BEZIER_KNOTS.);
#17586 = CARTESIAN_POINT('',(0.,0.));
#17587 = CARTESIAN_POINT('',(0.,3.));
#17588 = ( GEOMETRIC_REPRESENTATION_CONTEXT(2) 
PARAMETRIC_REPRESENTATION_CONTEXT() REPRESENTATION_CONTEXT('2D SPACE',''
  ) );
#17589 = PCURVE('',#16188,#17590);
#17590 = DEFINITIONAL_REPRESENTATION('',(#17591),#17595);
#17591 = LINE('',#17592,#17593);
#17592 = CARTESIAN_POINT('',(0.,170.));
#17593 = VECTOR('',#17594,1.);
#17594 = DIRECTION('',(1.,0.));
#17595 = ( GEOMETRIC_REPRESENTATION_CONTEXT(2) 
PARAMETRIC_REPRESENTATION_CONTEXT() REPRESENTATION_CONTEXT('2D SPACE',''
  ) );
#17596 = ORIENTED_EDGE('',*,*,#16200,.T.);
#17597 = ORIENTED_EDGE('',*,*,#17529,.T.);
#17598 = ADVANCED_FACE('',(#17599),#16188,.F.);
#17599 = FACE_BOUND('',#17600,.F.);
#17600 = EDGE_LOOP('',(#17601,#17602,#17603,#17624));
#17601 = ORIENTED_EDGE('',*,*,#16172,.F.);
#17602 = ORIENTED_EDGE('',*,*,#16766,.T.);
#17603 = ORIENTED_EDGE('',*,*,#17604,.T.);
#17604 = EDGE_CURVE('',#16767,#17554,#17605,.T.);
#17605 = SURFACE_CURVE('',#17606,(#17610,#17617),.PCURVE_S1.);
#17606 = LINE('',#17607,#17608);
#17607 = CARTESIAN_POINT('',(-136.5,-17.33701661219,35.743253324326));
#17608 = VECTOR('',#17609,1.);
#17609 = DIRECTION('',(0.,0.999786037774,2.068522836773E-02));
#17610 = PCURVE('',#16188,#17611);
#17611 = DEFINITIONAL_REPRESENTATION('',(#17612),#17616);
#17612 = LINE('',#17613,#17614);
#17613 = CARTESIAN_POINT('',(3.,0.));
#17614 = VECTOR('',#17615,1.);
#17615 = DIRECTION('',(0.,1.));
#17616 = ( GEOMETRIC_REPRESENTATION_CONTEXT(2) 
PARAMETRIC_REPRESENTATION_CONTEXT() REPRESENTATION_CONTEXT('2D SPACE',''
  ) );
#17617 = PCURVE('',#16805,#17618);
#17618 = DEFINITIONAL_REPRESENTATION('',(#17619),#17623);
#17619 = LINE('',#17620,#17621);
#17620 = CARTESIAN_POINT('',(0.,0.));
#17621 = VECTOR('',#17622,1.);
#17622 = DIRECTION('',(-1.950949445901E-19,-1.));
#17623 = ( GEOMETRIC_REPRESENTATION_CONTEXT(2) 
PARAMETRIC_REPRESENTATION_CONTEXT() REPRESENTATION_CONTEXT('2D SPACE',''
  ) );
#17624 = ORIENTED_EDGE('',*,*,#17577,.F.);
#17625 = ADVANCED_FACE('',(#17626,#17705),#16805,.T.);
#17626 = FACE_BOUND('',#17627,.T.);
#17627 = EDGE_LOOP('',(#17628,#17629,#17630,#17631,#17632,#17655,#17679,
    #17700,#17701,#17702,#17703,#17704));
#17628 = ORIENTED_EDGE('',*,*,#16788,.T.);
#17629 = ORIENTED_EDGE('',*,*,#17604,.T.);
#17630 = ORIENTED_EDGE('',*,*,#17553,.T.);
#17631 = ORIENTED_EDGE('',*,*,#17506,.F.);
#17632 = ORIENTED_EDGE('',*,*,#17633,.T.);
#17633 = EDGE_CURVE('',#17486,#17634,#17636,.T.);
#17634 = VERTEX_POINT('',#17635);
#17635 = CARTESIAN_POINT('',(-136.5,66.622291627325,68.47896220275));
#17636 = SURFACE_CURVE('',#17637,(#17641,#17648),.PCURVE_S1.);
#17637 = LINE('',#17638,#17639);
#17638 = CARTESIAN_POINT('',(-136.5,103.02103779725,51.908498523876));
#17639 = VECTOR('',#17640,1.);
#17640 = DIRECTION('',(0.,-0.910125383008,0.414332942457));
#17641 = PCURVE('',#16805,#17642);
#17642 = DEFINITIONAL_REPRESENTATION('',(#17643),#17647);
#17643 = LINE('',#17644,#17645);
#17644 = CARTESIAN_POINT('',(13.672152606344,-120.6666841207));
#17645 = VECTOR('',#17646,1.);
#17646 = DIRECTION('',(0.433070442249,0.901360079019));
#17647 = ( GEOMETRIC_REPRESENTATION_CONTEXT(2) 
PARAMETRIC_REPRESENTATION_CONTEXT() REPRESENTATION_CONTEXT('2D SPACE',''
  ) );
#17648 = PCURVE('',#16273,#17649);
#17649 = DEFINITIONAL_REPRESENTATION('',(#17650),#17654);
#17650 = LINE('',#17651,#17652);
#17651 = CARTESIAN_POINT('',(3.,0.));
#17652 = VECTOR('',#17653,1.);
#17653 = DIRECTION('',(0.,1.));
#17654 = ( GEOMETRIC_REPRESENTATION_CONTEXT(2) 
PARAMETRIC_REPRESENTATION_CONTEXT() REPRESENTATION_CONTEXT('2D SPACE',''
  ) );
#17655 = ORIENTED_EDGE('',*,*,#17656,.T.);
#17656 = EDGE_CURVE('',#17634,#17657,#17659,.T.);
#17657 = VERTEX_POINT('',#17658);
#17658 = CARTESIAN_POINT('',(-136.5,62.47896220275,59.377708372675));
#17659 = SURFACE_CURVE('',#17660,(#17665,#17672),.PCURVE_S1.);
#17660 = CIRCLE('',#17661,5.);
#17661 = AXIS2_PLACEMENT_3D('',#17662,#17663,#17664);
#17662 = CARTESIAN_POINT('',(-136.5,64.550626915037,63.928335287713));
#17663 = DIRECTION('',(1.,-9.200039451539E-17,-2.020884311021E-16));
#17664 = DIRECTION('',(2.22044604925E-16,0.414332942457,0.910125383008)
  );
#17665 = PCURVE('',#16805,#17666);
#17666 = DEFINITIONAL_REPRESENTATION('',(#17667),#17671);
#17667 = CIRCLE('',#17668,5.);
#17668 = AXIS2_PLACEMENT_2D('',#17669,#17670);
#17669 = CARTESIAN_POINT('',(26.485186813647,-82.4531375217));
#17670 = DIRECTION('',(0.901360079019,-0.433070442249));
#17671 = ( GEOMETRIC_REPRESENTATION_CONTEXT(2) 
PARAMETRIC_REPRESENTATION_CONTEXT() REPRESENTATION_CONTEXT('2D SPACE',''
  ) );
#17672 = PCURVE('',#16302,#17673);
#17673 = DEFINITIONAL_REPRESENTATION('',(#17674),#17678);
#17674 = LINE('',#17675,#17676);
#17675 = CARTESIAN_POINT('',(0.,3.));
#17676 = VECTOR('',#17677,1.);
#17677 = DIRECTION('',(1.,0.));
#17678 = ( GEOMETRIC_REPRESENTATION_CONTEXT(2) 
PARAMETRIC_REPRESENTATION_CONTEXT() REPRESENTATION_CONTEXT('2D SPACE',''
  ) );
#17679 = ORIENTED_EDGE('',*,*,#17680,.F.);
#17680 = EDGE_CURVE('',#17037,#17657,#17681,.T.);
#17681 = SURFACE_CURVE('',#17682,(#17686,#17693),.PCURVE_S1.);
#17682 = LINE('',#17683,#17684);
#17683 = CARTESIAN_POINT('',(-136.5,98.877708372675,42.807244693801));
#17684 = VECTOR('',#17685,1.);
#17685 = DIRECTION('',(0.,-0.910125383008,0.414332942457));
#17686 = PCURVE('',#16805,#17687);
#17687 = DEFINITIONAL_REPRESENTATION('',(#17688),#17692);
#17688 = LINE('',#17689,#17690);
#17689 = CARTESIAN_POINT('',(4.65855181615,-116.3359796982));
#17690 = VECTOR('',#17691,1.);
#17691 = DIRECTION('',(0.433070442249,0.901360079019));
#17692 = ( GEOMETRIC_REPRESENTATION_CONTEXT(2) 
PARAMETRIC_REPRESENTATION_CONTEXT() REPRESENTATION_CONTEXT('2D SPACE',''
  ) );
#17693 = PCURVE('',#16330,#17694);
#17694 = DEFINITIONAL_REPRESENTATION('',(#17695),#17699);
#17695 = LINE('',#17696,#17697);
#17696 = CARTESIAN_POINT('',(3.,0.));
#17697 = VECTOR('',#17698,1.);
#17698 = DIRECTION('',(0.,1.));
#17699 = ( GEOMETRIC_REPRESENTATION_CONTEXT(2) 
PARAMETRIC_REPRESENTATION_CONTEXT() REPRESENTATION_CONTEXT('2D SPACE',''
  ) );
#17700 = ORIENTED_EDGE('',*,*,#17036,.F.);
#17701 = ORIENTED_EDGE('',*,*,#17009,.T.);
#17702 = ORIENTED_EDGE('',*,*,#16938,.T.);
#17703 = ORIENTED_EDGE('',*,*,#16891,.F.);
#17704 = ORIENTED_EDGE('',*,*,#16844,.F.);
#17705 = FACE_BOUND('',#17706,.T.);
#17706 = EDGE_LOOP('',(#17707,#17708,#17731,#17753,#17754,#17755,#17756,
    #17757,#17758,#17759));
#17707 = ORIENTED_EDGE('',*,*,#17124,.F.);
#17708 = ORIENTED_EDGE('',*,*,#17709,.F.);
#17709 = EDGE_CURVE('',#17710,#17082,#17712,.T.);
#17710 = VERTEX_POINT('',#17711);
#17711 = CARTESIAN_POINT('',(-136.5,98.877708372675,42.807244693801));
#17712 = SURFACE_CURVE('',#17713,(#17717,#17724),.PCURVE_S1.);
#17713 = LINE('',#17714,#17715);
#17714 = CARTESIAN_POINT('',(-136.5,98.877708372675,42.807244693801));
#17715 = VECTOR('',#17716,1.);
#17716 = DIRECTION('',(0.,-0.910125383008,0.414332942457));
#17717 = PCURVE('',#16805,#17718);
#17718 = DEFINITIONAL_REPRESENTATION('',(#17719),#17723);
#17719 = LINE('',#17720,#17721);
#17720 = CARTESIAN_POINT('',(4.65855181615,-116.3359796982));
#17721 = VECTOR('',#17722,1.);
#17722 = DIRECTION('',(0.433070442249,0.901360079019));
#17723 = ( GEOMETRIC_REPRESENTATION_CONTEXT(2) 
PARAMETRIC_REPRESENTATION_CONTEXT() REPRESENTATION_CONTEXT('2D SPACE',''
  ) );
#17724 = PCURVE('',#16528,#17725);
#17725 = DEFINITIONAL_REPRESENTATION('',(#17726),#17730);
#17726 = LINE('',#17727,#17728);
#17727 = CARTESIAN_POINT('',(3.,0.));
#17728 = VECTOR('',#17729,1.);
#17729 = DIRECTION('',(0.,1.));
#17730 = ( GEOMETRIC_REPRESENTATION_CONTEXT(2) 
PARAMETRIC_REPRESENTATION_CONTEXT() REPRESENTATION_CONTEXT('2D SPACE',''
  ) );
#17731 = ORIENTED_EDGE('',*,*,#17732,.T.);
#17732 = EDGE_CURVE('',#17710,#17441,#17733,.T.);
#17733 = SURFACE_CURVE('',#17734,(#17739,#17746),.PCURVE_S1.);
#17734 = CIRCLE('',#17735,5.);
#17735 = AXIS2_PLACEMENT_3D('',#17736,#17737,#17738);
#17736 = CARTESIAN_POINT('',(-136.5,100.94937308496,47.357871608839));
#17737 = DIRECTION('',(1.,-9.200039451539E-17,-2.020884311021E-16));
#17738 = DIRECTION('',(2.22044604925E-16,0.414332942457,0.910125383008)
  );
#17739 = PCURVE('',#16805,#17740);
#17740 = DEFINITIONAL_REPRESENTATION('',(#17741),#17745);
#17741 = CIRCLE('',#17742,5.);
#17742 = AXIS2_PLACEMENT_2D('',#17743,#17744);
#17743 = CARTESIAN_POINT('',(9.165352211247,-118.5013319095));
#17744 = DIRECTION('',(0.901360079019,-0.433070442249));
#17745 = ( GEOMETRIC_REPRESENTATION_CONTEXT(2) 
PARAMETRIC_REPRESENTATION_CONTEXT() REPRESENTATION_CONTEXT('2D SPACE',''
  ) );
#17746 = PCURVE('',#16557,#17747);
#17747 = DEFINITIONAL_REPRESENTATION('',(#17748),#17752);
#17748 = LINE('',#17749,#17750);
#17749 = CARTESIAN_POINT('',(0.,3.));
#17750 = VECTOR('',#17751,1.);
#17751 = DIRECTION('',(1.,0.));
#17752 = ( GEOMETRIC_REPRESENTATION_CONTEXT(2) 
PARAMETRIC_REPRESENTATION_CONTEXT() REPRESENTATION_CONTEXT('2D SPACE',''
  ) );
#17753 = ORIENTED_EDGE('',*,*,#17461,.F.);
#17754 = ORIENTED_EDGE('',*,*,#17388,.F.);
#17755 = ORIENTED_EDGE('',*,*,#17343,.T.);
#17756 = ORIENTED_EDGE('',*,*,#17315,.F.);
#17757 = ORIENTED_EDGE('',*,*,#17269,.F.);
#17758 = ORIENTED_EDGE('',*,*,#17199,.F.);
#17759 = ORIENTED_EDGE('',*,*,#17149,.T.);
#17760 = ADVANCED_FACE('',(#17761),#16330,.T.);
#17761 = FACE_BOUND('',#17762,.T.);
#17762 = EDGE_LOOP('',(#17763,#17764,#17765,#17766));
#17763 = ORIENTED_EDGE('',*,*,#16314,.F.);
#17764 = ORIENTED_EDGE('',*,*,#17059,.T.);
#17765 = ORIENTED_EDGE('',*,*,#17680,.T.);
#17766 = ORIENTED_EDGE('',*,*,#17767,.F.);
#17767 = EDGE_CURVE('',#16286,#17657,#17768,.T.);
#17768 = SURFACE_CURVE('',#17769,(#17773,#17780),.PCURVE_S1.);
#17769 = LINE('',#17770,#17771);
#17770 = CARTESIAN_POINT('',(-139.5,62.47896220275,59.377708372675));
#17771 = VECTOR('',#17772,1.);
#17772 = DIRECTION('',(1.,0.,0.));
#17773 = PCURVE('',#16330,#17774);
#17774 = DEFINITIONAL_REPRESENTATION('',(#17775),#17779);
#17775 = LINE('',#17776,#17777);
#17776 = CARTESIAN_POINT('',(0.,39.993111772848));
#17777 = VECTOR('',#17778,1.);
#17778 = DIRECTION('',(1.,0.));
#17779 = ( GEOMETRIC_REPRESENTATION_CONTEXT(2) 
PARAMETRIC_REPRESENTATION_CONTEXT() REPRESENTATION_CONTEXT('2D SPACE',''
  ) );
#17780 = PCURVE('',#16302,#17781);
#17781 = DEFINITIONAL_REPRESENTATION('',(#17782),#17786);
#17782 = LINE('',#17783,#17784);
#17783 = CARTESIAN_POINT('',(3.14159265359,1.110223024625E-15));
#17784 = VECTOR('',#17785,1.);
#17785 = DIRECTION('',(0.,1.));
#17786 = ( GEOMETRIC_REPRESENTATION_CONTEXT(2) 
PARAMETRIC_REPRESENTATION_CONTEXT() REPRESENTATION_CONTEXT('2D SPACE',''
  ) );
#17787 = ADVANCED_FACE('',(#17788),#16528,.T.);
#17788 = FACE_BOUND('',#17789,.T.);
#17789 = EDGE_LOOP('',(#17790,#17791,#17812,#17813));
#17790 = ORIENTED_EDGE('',*,*,#16512,.F.);
#17791 = ORIENTED_EDGE('',*,*,#17792,.T.);
#17792 = EDGE_CURVE('',#16513,#17710,#17793,.T.);
#17793 = SURFACE_CURVE('',#17794,(#17798,#17805),.PCURVE_S1.);
#17794 = LINE('',#17795,#17796);
#17795 = CARTESIAN_POINT('',(-139.5,98.877708372675,42.807244693801));
#17796 = VECTOR('',#17797,1.);
#17797 = DIRECTION('',(1.,0.,0.));
#17798 = PCURVE('',#16528,#17799);
#17799 = DEFINITIONAL_REPRESENTATION('',(#17800),#17804);
#17800 = LINE('',#17801,#17802);
#17801 = CARTESIAN_POINT('',(0.,0.));
#17802 = VECTOR('',#17803,1.);
#17803 = DIRECTION('',(1.,0.));
#17804 = ( GEOMETRIC_REPRESENTATION_CONTEXT(2) 
PARAMETRIC_REPRESENTATION_CONTEXT() REPRESENTATION_CONTEXT('2D SPACE',''
  ) );
#17805 = PCURVE('',#16557,#17806);
#17806 = DEFINITIONAL_REPRESENTATION('',(#17807),#17811);
#17807 = LINE('',#17808,#17809);
#17808 = CARTESIAN_POINT('',(3.14159265359,1.110223024625E-15));
#17809 = VECTOR('',#17810,1.);
#17810 = DIRECTION('',(0.,1.));
#17811 = ( GEOMETRIC_REPRESENTATION_CONTEXT(2) 
PARAMETRIC_REPRESENTATION_CONTEXT() REPRESENTATION_CONTEXT('2D SPACE',''
  ) );
#17812 = ORIENTED_EDGE('',*,*,#17709,.T.);
#17813 = ORIENTED_EDGE('',*,*,#17081,.F.);
#17814 = ADVANCED_FACE('',(#17815),#16557,.T.);
#17815 = FACE_BOUND('',#17816,.T.);
#17816 = EDGE_LOOP('',(#17817,#17818,#17819,#17820));
#17817 = ORIENTED_EDGE('',*,*,#16540,.T.);
#17818 = ORIENTED_EDGE('',*,*,#17440,.T.);
#17819 = ORIENTED_EDGE('',*,*,#17732,.F.);
#17820 = ORIENTED_EDGE('',*,*,#17792,.F.);
#17821 = ADVANCED_FACE('',(#17822),#16273,.F.);
#17822 = FACE_BOUND('',#17823,.F.);
#17823 = EDGE_LOOP('',(#17824,#17825,#17826,#17827));
#17824 = ORIENTED_EDGE('',*,*,#16257,.F.);
#17825 = ORIENTED_EDGE('',*,*,#17485,.T.);
#17826 = ORIENTED_EDGE('',*,*,#17633,.T.);
#17827 = ORIENTED_EDGE('',*,*,#17828,.F.);
#17828 = EDGE_CURVE('',#16258,#17634,#17829,.T.);
#17829 = SURFACE_CURVE('',#17830,(#17834,#17841),.PCURVE_S1.);
#17830 = LINE('',#17831,#17832);
#17831 = CARTESIAN_POINT('',(-139.5,66.622291627325,68.47896220275));
#17832 = VECTOR('',#17833,1.);
#17833 = DIRECTION('',(1.,0.,0.));
#17834 = PCURVE('',#16273,#17835);
#17835 = DEFINITIONAL_REPRESENTATION('',(#17836),#17840);
#17836 = LINE('',#17837,#17838);
#17837 = CARTESIAN_POINT('',(0.,39.993111772848));
#17838 = VECTOR('',#17839,1.);
#17839 = DIRECTION('',(1.,0.));
#17840 = ( GEOMETRIC_REPRESENTATION_CONTEXT(2) 
PARAMETRIC_REPRESENTATION_CONTEXT() REPRESENTATION_CONTEXT('2D SPACE',''
  ) );
#17841 = PCURVE('',#16302,#17842);
#17842 = DEFINITIONAL_REPRESENTATION('',(#17843),#17846);
#17843 = B_SPLINE_CURVE_WITH_KNOTS('',1,(#17844,#17845),.UNSPECIFIED.,
  .F.,.F.,(2,2),(0.,3.),.PIECEWISE_BEZIER_KNOTS.);
#17844 = CARTESIAN_POINT('',(0.,0.));
#17845 = CARTESIAN_POINT('',(0.,3.));
#17846 = ( GEOMETRIC_REPRESENTATION_CONTEXT(2) 
PARAMETRIC_REPRESENTATION_CONTEXT() REPRESENTATION_CONTEXT('2D SPACE',''
  ) );
#17847 = ADVANCED_FACE('',(#17848),#16302,.T.);
#17848 = FACE_BOUND('',#17849,.T.);
#17849 = EDGE_LOOP('',(#17850,#17851,#17852,#17853));
#17850 = ORIENTED_EDGE('',*,*,#17656,.F.);
#17851 = ORIENTED_EDGE('',*,*,#17828,.F.);
#17852 = ORIENTED_EDGE('',*,*,#16285,.T.);
#17853 = ORIENTED_EDGE('',*,*,#17767,.T.);
#17854 = ( GEOMETRIC_REPRESENTATION_CONTEXT(3) 
GLOBAL_UNCERTAINTY_ASSIGNED_CONTEXT((#17858)) 
GLOBAL_UNIT_ASSIGNED_CONTEXT((#17855,#17856,#17857)) 
REPRESENTATION_CONTEXT('Context #1',
  '3D Context with UNIT and UNCERTAINTY') );
#17855 = ( LENGTH_UNIT() NAMED_UNIT(*) SI_UNIT(.MILLI.,.METRE.) );
#17856 = ( NAMED_UNIT(*) PLANE_ANGLE_UNIT() SI_UNIT($,.RADIAN.) );
#17857 = ( NAMED_UNIT(*) SI_UNIT($,.STERADIAN.) SOLID_ANGLE_UNIT() );
#17858 = UNCERTAINTY_MEASURE_WITH_UNIT(LENGTH_MEASURE(2.E-07),#17855,
  'distance_accuracy_value','confusion accuracy');
#17859 = CONTEXT_DEPENDENT_SHAPE_REPRESENTATION(#17860,#17862);
#17860 = ( REPRESENTATION_RELATIONSHIP('','',#16129,#16106) 
REPRESENTATION_RELATIONSHIP_WITH_TRANSFORMATION(#17861) 
SHAPE_REPRESENTATION_RELATIONSHIP() );
#17861 = ITEM_DEFINED_TRANSFORMATION('','',#11,#16107);
#17862 = PRODUCT_DEFINITION_SHAPE('Placement','Placement of an item',
  #17863);
#17863 = NEXT_ASSEMBLY_USAGE_OCCURRENCE('63','=>[0:1:1:65]','',#16101,
  #16124,$);
#17864 = PRODUCT_RELATED_PRODUCT_CATEGORY('part',$,(#16126));
#17865 = SHAPE_DEFINITION_REPRESENTATION(#17866,#17872);
#17866 = PRODUCT_DEFINITION_SHAPE('','',#17867);
#17867 = PRODUCT_DEFINITION('design','',#17868,#17871);
#17868 = PRODUCT_DEFINITION_FORMATION('','',#17869);
#17869 = PRODUCT('cross_axis_shoulder_shaft_left',
  'cross_axis_shoulder_shaft_left','',(#17870));
#17870 = PRODUCT_CONTEXT('',#2,'mechanical');
#17871 = PRODUCT_DEFINITION_CONTEXT('part definition',#2,'design');
#17872 = SHAPE_REPRESENTATION('',(#11,#17873),#17877);
#17873 = AXIS2_PLACEMENT_3D('',#17874,#17875,#17876);
#17874 = CARTESIAN_POINT('',(0.,0.,-6.75));
#17875 = DIRECTION('',(0.,0.,1.));
#17876 = DIRECTION('',(1.,0.,-0.));
#17877 = ( GEOMETRIC_REPRESENTATION_CONTEXT(3) 
GLOBAL_UNCERTAINTY_ASSIGNED_CONTEXT((#17881)) 
GLOBAL_UNIT_ASSIGNED_CONTEXT((#17878,#17879,#17880)) 
REPRESENTATION_CONTEXT('Context #1',
  '3D Context with UNIT and UNCERTAINTY') );
#17878 = ( LENGTH_UNIT() NAMED_UNIT(*) SI_UNIT(.MILLI.,.METRE.) );
#17879 = ( NAMED_UNIT(*) PLANE_ANGLE_UNIT() SI_UNIT($,.RADIAN.) );
#17880 = ( NAMED_UNIT(*) SI_UNIT($,.STERADIAN.) SOLID_ANGLE_UNIT() );
#17881 = UNCERTAINTY_MEASURE_WITH_UNIT(LENGTH_MEASURE(1.E-07),#17878,
  'distance_accuracy_value','confusion accuracy');
#17882 = CONTEXT_DEPENDENT_SHAPE_REPRESENTATION(#17883,#17885);
#17883 = ( REPRESENTATION_RELATIONSHIP('','',#17872,#10) 
REPRESENTATION_RELATIONSHIP_WITH_TRANSFORMATION(#17884) 
SHAPE_REPRESENTATION_RELATIONSHIP() );
#17884 = ITEM_DEFINED_TRANSFORMATION('','',#11,#143);
#17885 = PRODUCT_DEFINITION_SHAPE('Placement','Placement of an item',
  #17886);
#17886 = NEXT_ASSEMBLY_USAGE_OCCURRENCE('66','=>[0:1:1:66]','',#5,#17867
  ,$);
#17887 = PRODUCT_RELATED_PRODUCT_CATEGORY('part',$,(#17869));
#17888 = SHAPE_DEFINITION_REPRESENTATION(#17889,#17895);
#17889 = PRODUCT_DEFINITION_SHAPE('','',#17890);
#17890 = PRODUCT_DEFINITION('design','',#17891,#17894);
#17891 = PRODUCT_DEFINITION_FORMATION('','',#17892);
#17892 = PRODUCT('SOLID','SOLID','',(#17893));
#17893 = PRODUCT_CONTEXT('',#2,'mechanical');
#17894 = PRODUCT_DEFINITION_CONTEXT('part definition',#2,'design');
#17895 = ADVANCED_BREP_SHAPE_REPRESENTATION('',(#11,#17896),#17994);
#17896 = MANIFOLD_SOLID_BREP('',#17897);
#17897 = CLOSED_SHELL('',(#17898,#17986,#17990));
#17898 = ADVANCED_FACE('',(#17899),#17912,.T.);
#17899 = FACE_BOUND('',#17900,.T.);
#17900 = EDGE_LOOP('',(#17901,#17935,#17958,#17985));
#17901 = ORIENTED_EDGE('',*,*,#17902,.F.);
#17902 = EDGE_CURVE('',#17903,#17903,#17905,.T.);
#17903 = VERTEX_POINT('',#17904);
#17904 = CARTESIAN_POINT('',(1.8,-4.40872847693E-16,13.5));
#17905 = SURFACE_CURVE('',#17906,(#17911,#17923),.PCURVE_S1.);
#17906 = CIRCLE('',#17907,1.8);
#17907 = AXIS2_PLACEMENT_3D('',#17908,#17909,#17910);
#17908 = CARTESIAN_POINT('',(0.,0.,13.5));
#17909 = DIRECTION('',(0.,0.,1.));
#17910 = DIRECTION('',(1.,0.,-0.));
#17911 = PCURVE('',#17912,#17917);
#17912 = CYLINDRICAL_SURFACE('',#17913,1.8);
#17913 = AXIS2_PLACEMENT_3D('',#17914,#17915,#17916);
#17914 = CARTESIAN_POINT('',(0.,0.,0.));
#17915 = DIRECTION('',(0.,0.,1.));
#17916 = DIRECTION('',(1.,0.,-0.));
#17917 = DEFINITIONAL_REPRESENTATION('',(#17918),#17922);
#17918 = LINE('',#17919,#17920);
#17919 = CARTESIAN_POINT('',(0.,13.5));
#17920 = VECTOR('',#17921,1.);
#17921 = DIRECTION('',(1.,0.));
#17922 = ( GEOMETRIC_REPRESENTATION_CONTEXT(2) 
PARAMETRIC_REPRESENTATION_CONTEXT() REPRESENTATION_CONTEXT('2D SPACE',''
  ) );
#17923 = PCURVE('',#17924,#17929);
#17924 = PLANE('',#17925);
#17925 = AXIS2_PLACEMENT_3D('',#17926,#17927,#17928);
#17926 = CARTESIAN_POINT('',(0.,0.,13.5));
#17927 = DIRECTION('',(0.,0.,1.));
#17928 = DIRECTION('',(1.,0.,-0.));
#17929 = DEFINITIONAL_REPRESENTATION('',(#17930),#17934);
#17930 = CIRCLE('',#17931,1.8);
#17931 = AXIS2_PLACEMENT_2D('',#17932,#17933);
#17932 = CARTESIAN_POINT('',(0.,0.));
#17933 = DIRECTION('',(1.,0.));
#17934 = ( GEOMETRIC_REPRESENTATION_CONTEXT(2) 
PARAMETRIC_REPRESENTATION_CONTEXT() REPRESENTATION_CONTEXT('2D SPACE',''
  ) );
#17935 = ORIENTED_EDGE('',*,*,#17936,.F.);
#17936 = EDGE_CURVE('',#17937,#17903,#17939,.T.);
#17937 = VERTEX_POINT('',#17938);
#17938 = CARTESIAN_POINT('',(1.8,-4.40872847693E-16,0.));
#17939 = SEAM_CURVE('',#17940,(#17944,#17951),.PCURVE_S1.);
#17940 = LINE('',#17941,#17942);
#17941 = CARTESIAN_POINT('',(1.8,-4.40872847693E-16,0.));
#17942 = VECTOR('',#17943,1.);
#17943 = DIRECTION('',(0.,0.,1.));
#17944 = PCURVE('',#17912,#17945);
#17945 = DEFINITIONAL_REPRESENTATION('',(#17946),#17950);
#17946 = LINE('',#17947,#17948);
#17947 = CARTESIAN_POINT('',(6.28318530718,-0.));
#17948 = VECTOR('',#17949,1.);
#17949 = DIRECTION('',(0.,1.));
#17950 = ( GEOMETRIC_REPRESENTATION_CONTEXT(2) 
PARAMETRIC_REPRESENTATION_CONTEXT() REPRESENTATION_CONTEXT('2D SPACE',''
  ) );
#17951 = PCURVE('',#17912,#17952);
#17952 = DEFINITIONAL_REPRESENTATION('',(#17953),#17957);
#17953 = LINE('',#17954,#17955);
#17954 = CARTESIAN_POINT('',(0.,-0.));
#17955 = VECTOR('',#17956,1.);
#17956 = DIRECTION('',(0.,1.));
#17957 = ( GEOMETRIC_REPRESENTATION_CONTEXT(2) 
PARAMETRIC_REPRESENTATION_CONTEXT() REPRESENTATION_CONTEXT('2D SPACE',''
  ) );
#17958 = ORIENTED_EDGE('',*,*,#17959,.T.);
#17959 = EDGE_CURVE('',#17937,#17937,#17960,.T.);
#17960 = SURFACE_CURVE('',#17961,(#17966,#17973),.PCURVE_S1.);
#17961 = CIRCLE('',#17962,1.8);
#17962 = AXIS2_PLACEMENT_3D('',#17963,#17964,#17965);
#17963 = CARTESIAN_POINT('',(0.,0.,0.));
#17964 = DIRECTION('',(0.,0.,1.));
#17965 = DIRECTION('',(1.,0.,-0.));
#17966 = PCURVE('',#17912,#17967);
#17967 = DEFINITIONAL_REPRESENTATION('',(#17968),#17972);
#17968 = LINE('',#17969,#17970);
#17969 = CARTESIAN_POINT('',(0.,0.));
#17970 = VECTOR('',#17971,1.);
#17971 = DIRECTION('',(1.,0.));
#17972 = ( GEOMETRIC_REPRESENTATION_CONTEXT(2) 
PARAMETRIC_REPRESENTATION_CONTEXT() REPRESENTATION_CONTEXT('2D SPACE',''
  ) );
#17973 = PCURVE('',#17974,#17979);
#17974 = PLANE('',#17975);
#17975 = AXIS2_PLACEMENT_3D('',#17976,#17977,#17978);
#17976 = CARTESIAN_POINT('',(0.,0.,0.));
#17977 = DIRECTION('',(0.,0.,1.));
#17978 = DIRECTION('',(1.,0.,-0.));
#17979 = DEFINITIONAL_REPRESENTATION('',(#17980),#17984);
#17980 = CIRCLE('',#17981,1.8);
#17981 = AXIS2_PLACEMENT_2D('',#17982,#17983);
#17982 = CARTESIAN_POINT('',(0.,0.));
#17983 = DIRECTION('',(1.,0.));
#17984 = ( GEOMETRIC_REPRESENTATION_CONTEXT(2) 
PARAMETRIC_REPRESENTATION_CONTEXT() REPRESENTATION_CONTEXT('2D SPACE',''
  ) );
#17985 = ORIENTED_EDGE('',*,*,#17936,.T.);
#17986 = ADVANCED_FACE('',(#17987),#17924,.T.);
#17987 = FACE_BOUND('',#17988,.T.);
#17988 = EDGE_LOOP('',(#17989));
#17989 = ORIENTED_EDGE('',*,*,#17902,.T.);
#17990 = ADVANCED_FACE('',(#17991),#17974,.F.);
#17991 = FACE_BOUND('',#17992,.T.);
#17992 = EDGE_LOOP('',(#17993));
#17993 = ORIENTED_EDGE('',*,*,#17959,.F.);
#17994 = ( GEOMETRIC_REPRESENTATION_CONTEXT(3) 
GLOBAL_UNCERTAINTY_ASSIGNED_CONTEXT((#17998)) 
GLOBAL_UNIT_ASSIGNED_CONTEXT((#17995,#17996,#17997)) 
REPRESENTATION_CONTEXT('Context #1',
  '3D Context with UNIT and UNCERTAINTY') );
#17995 = ( LENGTH_UNIT() NAMED_UNIT(*) SI_UNIT(.MILLI.,.METRE.) );
#17996 = ( NAMED_UNIT(*) PLANE_ANGLE_UNIT() SI_UNIT($,.RADIAN.) );
#17997 = ( NAMED_UNIT(*) SI_UNIT($,.STERADIAN.) SOLID_ANGLE_UNIT() );
#17998 = UNCERTAINTY_MEASURE_WITH_UNIT(LENGTH_MEASURE(1.E-07),#17995,
  'distance_accuracy_value','confusion accuracy');
#17999 = CONTEXT_DEPENDENT_SHAPE_REPRESENTATION(#18000,#18002);
#18000 = ( REPRESENTATION_RELATIONSHIP('','',#17895,#17872) 
REPRESENTATION_RELATIONSHIP_WITH_TRANSFORMATION(#18001) 
SHAPE_REPRESENTATION_RELATIONSHIP() );
#18001 = ITEM_DEFINED_TRANSFORMATION('','',#11,#17873);
#18002 = PRODUCT_DEFINITION_SHAPE('Placement','Placement of an item',
  #18003);
#18003 = NEXT_ASSEMBLY_USAGE_OCCURRENCE('65','=>[0:1:1:67]','',#17867,
  #17890,$);
#18004 = PRODUCT_RELATED_PRODUCT_CATEGORY('part',$,(#17892));
#18005 = SHAPE_DEFINITION_REPRESENTATION(#18006,#18012);
#18006 = PRODUCT_DEFINITION_SHAPE('','',#18007);
#18007 = PRODUCT_DEFINITION('design','',#18008,#18011);
#18008 = PRODUCT_DEFINITION_FORMATION('','',#18009);
#18009 = PRODUCT('cross_axis_roller_outer_left',
  'cross_axis_roller_outer_left','',(#18010));
#18010 = PRODUCT_CONTEXT('',#2,'mechanical');
#18011 = PRODUCT_DEFINITION_CONTEXT('part definition',#2,'design');
#18012 = SHAPE_REPRESENTATION('',(#11,#18013),#18017);
#18013 = AXIS2_PLACEMENT_3D('',#18014,#18015,#18016);
#18014 = CARTESIAN_POINT('',(0.,0.,0.));
#18015 = DIRECTION('',(0.,0.,1.));
#18016 = DIRECTION('',(1.,0.,-0.));
#18017 = ( GEOMETRIC_REPRESENTATION_CONTEXT(3) 
GLOBAL_UNCERTAINTY_ASSIGNED_CONTEXT((#18021)) 
GLOBAL_UNIT_ASSIGNED_CONTEXT((#18018,#18019,#18020)) 
REPRESENTATION_CONTEXT('Context #1',
  '3D Context with UNIT and UNCERTAINTY') );
#18018 = ( LENGTH_UNIT() NAMED_UNIT(*) SI_UNIT(.MILLI.,.METRE.) );
#18019 = ( NAMED_UNIT(*) PLANE_ANGLE_UNIT() SI_UNIT($,.RADIAN.) );
#18020 = ( NAMED_UNIT(*) SI_UNIT($,.STERADIAN.) SOLID_ANGLE_UNIT() );
#18021 = UNCERTAINTY_MEASURE_WITH_UNIT(LENGTH_MEASURE(1.E-07),#18018,
  'distance_accuracy_value','confusion accuracy');
#18022 = CONTEXT_DEPENDENT_SHAPE_REPRESENTATION(#18023,#18025);
#18023 = ( REPRESENTATION_RELATIONSHIP('','',#18012,#10) 
REPRESENTATION_RELATIONSHIP_WITH_TRANSFORMATION(#18024) 
SHAPE_REPRESENTATION_RELATIONSHIP() );
#18024 = ITEM_DEFINED_TRANSFORMATION('','',#11,#147);
#18025 = PRODUCT_DEFINITION_SHAPE('Placement','Placement of an item',
  #18026);
#18026 = NEXT_ASSEMBLY_USAGE_OCCURRENCE('68','=>[0:1:1:68]','',#5,#18007
  ,$);
#18027 = PRODUCT_RELATED_PRODUCT_CATEGORY('part',$,(#18009));
#18028 = SHAPE_DEFINITION_REPRESENTATION(#18029,#18035);
#18029 = PRODUCT_DEFINITION_SHAPE('','',#18030);
#18030 = PRODUCT_DEFINITION('design','',#18031,#18034);
#18031 = PRODUCT_DEFINITION_FORMATION('','',#18032);
#18032 = PRODUCT('SOLID','SOLID','',(#18033));
#18033 = PRODUCT_CONTEXT('',#2,'mechanical');
#18034 = PRODUCT_DEFINITION_CONTEXT('part definition',#2,'design');
#18035 = ADVANCED_BREP_SHAPE_REPRESENTATION('',(#11,#18036),#18218);
#18036 = MANIFOLD_SOLID_BREP('',#18037);
#18037 = CLOSED_SHELL('',(#18038,#18126,#18161,#18191));
#18038 = ADVANCED_FACE('',(#18039),#18052,.T.);
#18039 = FACE_BOUND('',#18040,.T.);
#18040 = EDGE_LOOP('',(#18041,#18075,#18098,#18125));
#18041 = ORIENTED_EDGE('',*,*,#18042,.F.);
#18042 = EDGE_CURVE('',#18043,#18043,#18045,.T.);
#18043 = VERTEX_POINT('',#18044);
#18044 = CARTESIAN_POINT('',(-145.6,-5.,40.));
#18045 = SURFACE_CURVE('',#18046,(#18051,#18063),.PCURVE_S1.);
#18046 = CIRCLE('',#18047,3.);
#18047 = AXIS2_PLACEMENT_3D('',#18048,#18049,#18050);
#18048 = CARTESIAN_POINT('',(-145.6,-5.,43.));
#18049 = DIRECTION('',(1.,-0.,2.22044604925E-16));
#18050 = DIRECTION('',(2.22044604925E-16,0.,-1.));
#18051 = PCURVE('',#18052,#18057);
#18052 = CYLINDRICAL_SURFACE('',#18053,3.);
#18053 = AXIS2_PLACEMENT_3D('',#18054,#18055,#18056);
#18054 = CARTESIAN_POINT('',(-148.4,-5.,43.));
#18055 = DIRECTION('',(1.,0.,2.22044604925E-16));
#18056 = DIRECTION('',(2.22044604925E-16,0.,-1.));
#18057 = DEFINITIONAL_REPRESENTATION('',(#18058),#18062);
#18058 = LINE('',#18059,#18060);
#18059 = CARTESIAN_POINT('',(0.,2.8));
#18060 = VECTOR('',#18061,1.);
#18061 = DIRECTION('',(1.,0.));
#18062 = ( GEOMETRIC_REPRESENTATION_CONTEXT(2) 
PARAMETRIC_REPRESENTATION_CONTEXT() REPRESENTATION_CONTEXT('2D SPACE',''
  ) );
#18063 = PCURVE('',#18064,#18069);
#18064 = PLANE('',#18065);
#18065 = AXIS2_PLACEMENT_3D('',#18066,#18067,#18068);
#18066 = CARTESIAN_POINT('',(-145.6,-5.,43.));
#18067 = DIRECTION('',(1.,0.,2.22044604925E-16));
#18068 = DIRECTION('',(2.22044604925E-16,0.,-1.));
#18069 = DEFINITIONAL_REPRESENTATION('',(#18070),#18074);
#18070 = CIRCLE('',#18071,3.);
#18071 = AXIS2_PLACEMENT_2D('',#18072,#18073);
#18072 = CARTESIAN_POINT('',(0.,0.));
#18073 = DIRECTION('',(1.,0.));
#18074 = ( GEOMETRIC_REPRESENTATION_CONTEXT(2) 
PARAMETRIC_REPRESENTATION_CONTEXT() REPRESENTATION_CONTEXT('2D SPACE',''
  ) );
#18075 = ORIENTED_EDGE('',*,*,#18076,.F.);
#18076 = EDGE_CURVE('',#18077,#18043,#18079,.T.);
#18077 = VERTEX_POINT('',#18078);
#18078 = CARTESIAN_POINT('',(-148.4,-5.,40.));
#18079 = SEAM_CURVE('',#18080,(#18084,#18091),.PCURVE_S1.);
#18080 = LINE('',#18081,#18082);
#18081 = CARTESIAN_POINT('',(-148.4,-5.,40.));
#18082 = VECTOR('',#18083,1.);
#18083 = DIRECTION('',(1.,0.,2.22044604925E-16));
#18084 = PCURVE('',#18052,#18085);
#18085 = DEFINITIONAL_REPRESENTATION('',(#18086),#18090);
#18086 = LINE('',#18087,#18088);
#18087 = CARTESIAN_POINT('',(6.28318530718,-0.));
#18088 = VECTOR('',#18089,1.);
#18089 = DIRECTION('',(0.,1.));
#18090 = ( GEOMETRIC_REPRESENTATION_CONTEXT(2) 
PARAMETRIC_REPRESENTATION_CONTEXT() REPRESENTATION_CONTEXT('2D SPACE',''
  ) );
#18091 = PCURVE('',#18052,#18092);
#18092 = DEFINITIONAL_REPRESENTATION('',(#18093),#18097);
#18093 = LINE('',#18094,#18095);
#18094 = CARTESIAN_POINT('',(0.,-0.));
#18095 = VECTOR('',#18096,1.);
#18096 = DIRECTION('',(0.,1.));
#18097 = ( GEOMETRIC_REPRESENTATION_CONTEXT(2) 
PARAMETRIC_REPRESENTATION_CONTEXT() REPRESENTATION_CONTEXT('2D SPACE',''
  ) );
#18098 = ORIENTED_EDGE('',*,*,#18099,.T.);
#18099 = EDGE_CURVE('',#18077,#18077,#18100,.T.);
#18100 = SURFACE_CURVE('',#18101,(#18106,#18113),.PCURVE_S1.);
#18101 = CIRCLE('',#18102,3.);
#18102 = AXIS2_PLACEMENT_3D('',#18103,#18104,#18105);
#18103 = CARTESIAN_POINT('',(-148.4,-5.,43.));
#18104 = DIRECTION('',(1.,-0.,2.22044604925E-16));
#18105 = DIRECTION('',(2.22044604925E-16,0.,-1.));
#18106 = PCURVE('',#18052,#18107);
#18107 = DEFINITIONAL_REPRESENTATION('',(#18108),#18112);
#18108 = LINE('',#18109,#18110);
#18109 = CARTESIAN_POINT('',(0.,0.));
#18110 = VECTOR('',#18111,1.);
#18111 = DIRECTION('',(1.,0.));
#18112 = ( GEOMETRIC_REPRESENTATION_CONTEXT(2) 
PARAMETRIC_REPRESENTATION_CONTEXT() REPRESENTATION_CONTEXT('2D SPACE',''
  ) );
#18113 = PCURVE('',#18114,#18119);
#18114 = PLANE('',#18115);
#18115 = AXIS2_PLACEMENT_3D('',#18116,#18117,#18118);
#18116 = CARTESIAN_POINT('',(-148.4,-5.,43.));
#18117 = DIRECTION('',(1.,0.,2.22044604925E-16));
#18118 = DIRECTION('',(2.22044604925E-16,0.,-1.));
#18119 = DEFINITIONAL_REPRESENTATION('',(#18120),#18124);
#18120 = CIRCLE('',#18121,3.);
#18121 = AXIS2_PLACEMENT_2D('',#18122,#18123);
#18122 = CARTESIAN_POINT('',(0.,0.));
#18123 = DIRECTION('',(1.,0.));
#18124 = ( GEOMETRIC_REPRESENTATION_CONTEXT(2) 
PARAMETRIC_REPRESENTATION_CONTEXT() REPRESENTATION_CONTEXT('2D SPACE',''
  ) );
#18125 = ORIENTED_EDGE('',*,*,#18076,.T.);
#18126 = ADVANCED_FACE('',(#18127,#18130),#18064,.T.);
#18127 = FACE_BOUND('',#18128,.T.);
#18128 = EDGE_LOOP('',(#18129));
#18129 = ORIENTED_EDGE('',*,*,#18042,.T.);
#18130 = FACE_BOUND('',#18131,.T.);
#18131 = EDGE_LOOP('',(#18132));
#18132 = ORIENTED_EDGE('',*,*,#18133,.F.);
#18133 = EDGE_CURVE('',#18134,#18134,#18136,.T.);
#18134 = VERTEX_POINT('',#18135);
#18135 = CARTESIAN_POINT('',(-145.6,-5.,41.));
#18136 = SURFACE_CURVE('',#18137,(#18142,#18149),.PCURVE_S1.);
#18137 = CIRCLE('',#18138,2.);
#18138 = AXIS2_PLACEMENT_3D('',#18139,#18140,#18141);
#18139 = CARTESIAN_POINT('',(-145.6,-5.,43.));
#18140 = DIRECTION('',(1.,0.,2.22044604925E-16));
#18141 = DIRECTION('',(2.22044604925E-16,0.,-1.));
#18142 = PCURVE('',#18064,#18143);
#18143 = DEFINITIONAL_REPRESENTATION('',(#18144),#18148);
#18144 = CIRCLE('',#18145,2.);
#18145 = AXIS2_PLACEMENT_2D('',#18146,#18147);
#18146 = CARTESIAN_POINT('',(0.,0.));
#18147 = DIRECTION('',(1.,0.));
#18148 = ( GEOMETRIC_REPRESENTATION_CONTEXT(2) 
PARAMETRIC_REPRESENTATION_CONTEXT() REPRESENTATION_CONTEXT('2D SPACE',''
  ) );
#18149 = PCURVE('',#18150,#18155);
#18150 = CYLINDRICAL_SURFACE('',#18151,2.);
#18151 = AXIS2_PLACEMENT_3D('',#18152,#18153,#18154);
#18152 = CARTESIAN_POINT('',(-148.9,-5.,43.));
#18153 = DIRECTION('',(1.,0.,2.22044604925E-16));
#18154 = DIRECTION('',(2.22044604925E-16,0.,-1.));
#18155 = DEFINITIONAL_REPRESENTATION('',(#18156),#18160);
#18156 = LINE('',#18157,#18158);
#18157 = CARTESIAN_POINT('',(0.,3.3));
#18158 = VECTOR('',#18159,1.);
#18159 = DIRECTION('',(1.,0.));
#18160 = ( GEOMETRIC_REPRESENTATION_CONTEXT(2) 
PARAMETRIC_REPRESENTATION_CONTEXT() REPRESENTATION_CONTEXT('2D SPACE',''
  ) );
#18161 = ADVANCED_FACE('',(#18162,#18165),#18114,.F.);
#18162 = FACE_BOUND('',#18163,.F.);
#18163 = EDGE_LOOP('',(#18164));
#18164 = ORIENTED_EDGE('',*,*,#18099,.T.);
#18165 = FACE_BOUND('',#18166,.F.);
#18166 = EDGE_LOOP('',(#18167));
#18167 = ORIENTED_EDGE('',*,*,#18168,.F.);
#18168 = EDGE_CURVE('',#18169,#18169,#18171,.T.);
#18169 = VERTEX_POINT('',#18170);
#18170 = CARTESIAN_POINT('',(-148.4,-5.,41.));
#18171 = SURFACE_CURVE('',#18172,(#18177,#18184),.PCURVE_S1.);
#18172 = CIRCLE('',#18173,2.);
#18173 = AXIS2_PLACEMENT_3D('',#18174,#18175,#18176);
#18174 = CARTESIAN_POINT('',(-148.4,-5.,43.));
#18175 = DIRECTION('',(1.,0.,2.22044604925E-16));
#18176 = DIRECTION('',(2.22044604925E-16,0.,-1.));
#18177 = PCURVE('',#18114,#18178);
#18178 = DEFINITIONAL_REPRESENTATION('',(#18179),#18183);
#18179 = CIRCLE('',#18180,2.);
#18180 = AXIS2_PLACEMENT_2D('',#18181,#18182);
#18181 = CARTESIAN_POINT('',(0.,0.));
#18182 = DIRECTION('',(1.,0.));
#18183 = ( GEOMETRIC_REPRESENTATION_CONTEXT(2) 
PARAMETRIC_REPRESENTATION_CONTEXT() REPRESENTATION_CONTEXT('2D SPACE',''
  ) );
#18184 = PCURVE('',#18150,#18185);
#18185 = DEFINITIONAL_REPRESENTATION('',(#18186),#18190);
#18186 = LINE('',#18187,#18188);
#18187 = CARTESIAN_POINT('',(0.,0.5));
#18188 = VECTOR('',#18189,1.);
#18189 = DIRECTION('',(1.,0.));
#18190 = ( GEOMETRIC_REPRESENTATION_CONTEXT(2) 
PARAMETRIC_REPRESENTATION_CONTEXT() REPRESENTATION_CONTEXT('2D SPACE',''
  ) );
#18191 = ADVANCED_FACE('',(#18192),#18150,.F.);
#18192 = FACE_BOUND('',#18193,.F.);
#18193 = EDGE_LOOP('',(#18194,#18195,#18216,#18217));
#18194 = ORIENTED_EDGE('',*,*,#18133,.F.);
#18195 = ORIENTED_EDGE('',*,*,#18196,.F.);
#18196 = EDGE_CURVE('',#18169,#18134,#18197,.T.);
#18197 = SEAM_CURVE('',#18198,(#18202,#18209),.PCURVE_S1.);
#18198 = LINE('',#18199,#18200);
#18199 = CARTESIAN_POINT('',(-148.9,-5.,41.));
#18200 = VECTOR('',#18201,1.);
#18201 = DIRECTION('',(1.,0.,2.22044604925E-16));
#18202 = PCURVE('',#18150,#18203);
#18203 = DEFINITIONAL_REPRESENTATION('',(#18204),#18208);
#18204 = LINE('',#18205,#18206);
#18205 = CARTESIAN_POINT('',(6.28318530718,-0.));
#18206 = VECTOR('',#18207,1.);
#18207 = DIRECTION('',(0.,1.));
#18208 = ( GEOMETRIC_REPRESENTATION_CONTEXT(2) 
PARAMETRIC_REPRESENTATION_CONTEXT() REPRESENTATION_CONTEXT('2D SPACE',''
  ) );
#18209 = PCURVE('',#18150,#18210);
#18210 = DEFINITIONAL_REPRESENTATION('',(#18211),#18215);
#18211 = LINE('',#18212,#18213);
#18212 = CARTESIAN_POINT('',(0.,-0.));
#18213 = VECTOR('',#18214,1.);
#18214 = DIRECTION('',(0.,1.));
#18215 = ( GEOMETRIC_REPRESENTATION_CONTEXT(2) 
PARAMETRIC_REPRESENTATION_CONTEXT() REPRESENTATION_CONTEXT('2D SPACE',''
  ) );
#18216 = ORIENTED_EDGE('',*,*,#18168,.T.);
#18217 = ORIENTED_EDGE('',*,*,#18196,.T.);
#18218 = ( GEOMETRIC_REPRESENTATION_CONTEXT(3) 
GLOBAL_UNCERTAINTY_ASSIGNED_CONTEXT((#18222)) 
GLOBAL_UNIT_ASSIGNED_CONTEXT((#18219,#18220,#18221)) 
REPRESENTATION_CONTEXT('Context #1',
  '3D Context with UNIT and UNCERTAINTY') );
#18219 = ( LENGTH_UNIT() NAMED_UNIT(*) SI_UNIT(.MILLI.,.METRE.) );
#18220 = ( NAMED_UNIT(*) PLANE_ANGLE_UNIT() SI_UNIT($,.RADIAN.) );
#18221 = ( NAMED_UNIT(*) SI_UNIT($,.STERADIAN.) SOLID_ANGLE_UNIT() );
#18222 = UNCERTAINTY_MEASURE_WITH_UNIT(LENGTH_MEASURE(1.E-07),#18219,
  'distance_accuracy_value','confusion accuracy');
#18223 = CONTEXT_DEPENDENT_SHAPE_REPRESENTATION(#18224,#18226);
#18224 = ( REPRESENTATION_RELATIONSHIP('','',#18035,#18012) 
REPRESENTATION_RELATIONSHIP_WITH_TRANSFORMATION(#18225) 
SHAPE_REPRESENTATION_RELATIONSHIP() );
#18225 = ITEM_DEFINED_TRANSFORMATION('','',#11,#18013);
#18226 = PRODUCT_DEFINITION_SHAPE('Placement','Placement of an item',
  #18227);
#18227 = NEXT_ASSEMBLY_USAGE_OCCURRENCE('67','=>[0:1:1:69]','',#18007,
  #18030,$);
#18228 = PRODUCT_RELATED_PRODUCT_CATEGORY('part',$,(#18032));
#18229 = SHAPE_DEFINITION_REPRESENTATION(#18230,#18236);
#18230 = PRODUCT_DEFINITION_SHAPE('','',#18231);
#18231 = PRODUCT_DEFINITION('design','',#18232,#18235);
#18232 = PRODUCT_DEFINITION_FORMATION('','',#18233);
#18233 = PRODUCT('cross_axis_roller_inner_left',
  'cross_axis_roller_inner_left','',(#18234));
#18234 = PRODUCT_CONTEXT('',#2,'mechanical');
#18235 = PRODUCT_DEFINITION_CONTEXT('part definition',#2,'design');
#18236 = SHAPE_REPRESENTATION('',(#11,#18237),#18241);
#18237 = AXIS2_PLACEMENT_3D('',#18238,#18239,#18240);
#18238 = CARTESIAN_POINT('',(0.,0.,0.));
#18239 = DIRECTION('',(0.,0.,1.));
#18240 = DIRECTION('',(1.,0.,-0.));
#18241 = ( GEOMETRIC_REPRESENTATION_CONTEXT(3) 
GLOBAL_UNCERTAINTY_ASSIGNED_CONTEXT((#18245)) 
GLOBAL_UNIT_ASSIGNED_CONTEXT((#18242,#18243,#18244)) 
REPRESENTATION_CONTEXT('Context #1',
  '3D Context with UNIT and UNCERTAINTY') );
#18242 = ( LENGTH_UNIT() NAMED_UNIT(*) SI_UNIT(.MILLI.,.METRE.) );
#18243 = ( NAMED_UNIT(*) PLANE_ANGLE_UNIT() SI_UNIT($,.RADIAN.) );
#18244 = ( NAMED_UNIT(*) SI_UNIT($,.STERADIAN.) SOLID_ANGLE_UNIT() );
#18245 = UNCERTAINTY_MEASURE_WITH_UNIT(LENGTH_MEASURE(1.E-07),#18242,
  'distance_accuracy_value','confusion accuracy');
#18246 = CONTEXT_DEPENDENT_SHAPE_REPRESENTATION(#18247,#18249);
#18247 = ( REPRESENTATION_RELATIONSHIP('','',#18236,#10) 
REPRESENTATION_RELATIONSHIP_WITH_TRANSFORMATION(#18248) 
SHAPE_REPRESENTATION_RELATIONSHIP() );
#18248 = ITEM_DEFINED_TRANSFORMATION('','',#11,#151);
#18249 = PRODUCT_DEFINITION_SHAPE('Placement','Placement of an item',
  #18250);
#18250 = NEXT_ASSEMBLY_USAGE_OCCURRENCE('70','=>[0:1:1:70]','',#5,#18231
  ,$);
#18251 = PRODUCT_RELATED_PRODUCT_CATEGORY('part',$,(#18233));
#18252 = SHAPE_DEFINITION_REPRESENTATION(#18253,#18259);
#18253 = PRODUCT_DEFINITION_SHAPE('','',#18254);
#18254 = PRODUCT_DEFINITION('design','',#18255,#18258);
#18255 = PRODUCT_DEFINITION_FORMATION('','',#18256);
#18256 = PRODUCT('SOLID','SOLID','',(#18257));
#18257 = PRODUCT_CONTEXT('',#2,'mechanical');
#18258 = PRODUCT_DEFINITION_CONTEXT('part definition',#2,'design');
#18259 = ADVANCED_BREP_SHAPE_REPRESENTATION('',(#11,#18260),#18442);
#18260 = MANIFOLD_SOLID_BREP('',#18261);
#18261 = CLOSED_SHELL('',(#18262,#18350,#18385,#18415));
#18262 = ADVANCED_FACE('',(#18263),#18276,.T.);
#18263 = FACE_BOUND('',#18264,.T.);
#18264 = EDGE_LOOP('',(#18265,#18299,#18322,#18349));
#18265 = ORIENTED_EDGE('',*,*,#18266,.F.);
#18266 = EDGE_CURVE('',#18267,#18267,#18269,.T.);
#18267 = VERTEX_POINT('',#18268);
#18268 = CARTESIAN_POINT('',(-136.6,-5.,40.));
#18269 = SURFACE_CURVE('',#18270,(#18275,#18287),.PCURVE_S1.);
#18270 = CIRCLE('',#18271,3.);
#18271 = AXIS2_PLACEMENT_3D('',#18272,#18273,#18274);
#18272 = CARTESIAN_POINT('',(-136.6,-5.,43.));
#18273 = DIRECTION('',(1.,-0.,2.22044604925E-16));
#18274 = DIRECTION('',(2.22044604925E-16,0.,-1.));
#18275 = PCURVE('',#18276,#18281);
#18276 = CYLINDRICAL_SURFACE('',#18277,3.);
#18277 = AXIS2_PLACEMENT_3D('',#18278,#18279,#18280);
#18278 = CARTESIAN_POINT('',(-139.4,-5.,43.));
#18279 = DIRECTION('',(1.,0.,2.22044604925E-16));
#18280 = DIRECTION('',(2.22044604925E-16,0.,-1.));
#18281 = DEFINITIONAL_REPRESENTATION('',(#18282),#18286);
#18282 = LINE('',#18283,#18284);
#18283 = CARTESIAN_POINT('',(0.,2.8));
#18284 = VECTOR('',#18285,1.);
#18285 = DIRECTION('',(1.,0.));
#18286 = ( GEOMETRIC_REPRESENTATION_CONTEXT(2) 
PARAMETRIC_REPRESENTATION_CONTEXT() REPRESENTATION_CONTEXT('2D SPACE',''
  ) );
#18287 = PCURVE('',#18288,#18293);
#18288 = PLANE('',#18289);
#18289 = AXIS2_PLACEMENT_3D('',#18290,#18291,#18292);
#18290 = CARTESIAN_POINT('',(-136.6,-5.,43.));
#18291 = DIRECTION('',(1.,0.,2.22044604925E-16));
#18292 = DIRECTION('',(2.22044604925E-16,0.,-1.));
#18293 = DEFINITIONAL_REPRESENTATION('',(#18294),#18298);
#18294 = CIRCLE('',#18295,3.);
#18295 = AXIS2_PLACEMENT_2D('',#18296,#18297);
#18296 = CARTESIAN_POINT('',(0.,0.));
#18297 = DIRECTION('',(1.,0.));
#18298 = ( GEOMETRIC_REPRESENTATION_CONTEXT(2) 
PARAMETRIC_REPRESENTATION_CONTEXT() REPRESENTATION_CONTEXT('2D SPACE',''
  ) );
#18299 = ORIENTED_EDGE('',*,*,#18300,.F.);
#18300 = EDGE_CURVE('',#18301,#18267,#18303,.T.);
#18301 = VERTEX_POINT('',#18302);
#18302 = CARTESIAN_POINT('',(-139.4,-5.,40.));
#18303 = SEAM_CURVE('',#18304,(#18308,#18315),.PCURVE_S1.);
#18304 = LINE('',#18305,#18306);
#18305 = CARTESIAN_POINT('',(-139.4,-5.,40.));
#18306 = VECTOR('',#18307,1.);
#18307 = DIRECTION('',(1.,0.,2.22044604925E-16));
#18308 = PCURVE('',#18276,#18309);
#18309 = DEFINITIONAL_REPRESENTATION('',(#18310),#18314);
#18310 = LINE('',#18311,#18312);
#18311 = CARTESIAN_POINT('',(6.28318530718,-0.));
#18312 = VECTOR('',#18313,1.);
#18313 = DIRECTION('',(0.,1.));
#18314 = ( GEOMETRIC_REPRESENTATION_CONTEXT(2) 
PARAMETRIC_REPRESENTATION_CONTEXT() REPRESENTATION_CONTEXT('2D SPACE',''
  ) );
#18315 = PCURVE('',#18276,#18316);
#18316 = DEFINITIONAL_REPRESENTATION('',(#18317),#18321);
#18317 = LINE('',#18318,#18319);
#18318 = CARTESIAN_POINT('',(0.,-0.));
#18319 = VECTOR('',#18320,1.);
#18320 = DIRECTION('',(0.,1.));
#18321 = ( GEOMETRIC_REPRESENTATION_CONTEXT(2) 
PARAMETRIC_REPRESENTATION_CONTEXT() REPRESENTATION_CONTEXT('2D SPACE',''
  ) );
#18322 = ORIENTED_EDGE('',*,*,#18323,.T.);
#18323 = EDGE_CURVE('',#18301,#18301,#18324,.T.);
#18324 = SURFACE_CURVE('',#18325,(#18330,#18337),.PCURVE_S1.);
#18325 = CIRCLE('',#18326,3.);
#18326 = AXIS2_PLACEMENT_3D('',#18327,#18328,#18329);
#18327 = CARTESIAN_POINT('',(-139.4,-5.,43.));
#18328 = DIRECTION('',(1.,-0.,2.22044604925E-16));
#18329 = DIRECTION('',(2.22044604925E-16,0.,-1.));
#18330 = PCURVE('',#18276,#18331);
#18331 = DEFINITIONAL_REPRESENTATION('',(#18332),#18336);
#18332 = LINE('',#18333,#18334);
#18333 = CARTESIAN_POINT('',(0.,0.));
#18334 = VECTOR('',#18335,1.);
#18335 = DIRECTION('',(1.,0.));
#18336 = ( GEOMETRIC_REPRESENTATION_CONTEXT(2) 
PARAMETRIC_REPRESENTATION_CONTEXT() REPRESENTATION_CONTEXT('2D SPACE',''
  ) );
#18337 = PCURVE('',#18338,#18343);
#18338 = PLANE('',#18339);
#18339 = AXIS2_PLACEMENT_3D('',#18340,#18341,#18342);
#18340 = CARTESIAN_POINT('',(-139.4,-5.,43.));
#18341 = DIRECTION('',(1.,0.,2.22044604925E-16));
#18342 = DIRECTION('',(2.22044604925E-16,0.,-1.));
#18343 = DEFINITIONAL_REPRESENTATION('',(#18344),#18348);
#18344 = CIRCLE('',#18345,3.);
#18345 = AXIS2_PLACEMENT_2D('',#18346,#18347);
#18346 = CARTESIAN_POINT('',(0.,0.));
#18347 = DIRECTION('',(1.,0.));
#18348 = ( GEOMETRIC_REPRESENTATION_CONTEXT(2) 
PARAMETRIC_REPRESENTATION_CONTEXT() REPRESENTATION_CONTEXT('2D SPACE',''
  ) );
#18349 = ORIENTED_EDGE('',*,*,#18300,.T.);
#18350 = ADVANCED_FACE('',(#18351,#18354),#18288,.T.);
#18351 = FACE_BOUND('',#18352,.T.);
#18352 = EDGE_LOOP('',(#18353));
#18353 = ORIENTED_EDGE('',*,*,#18266,.T.);
#18354 = FACE_BOUND('',#18355,.T.);
#18355 = EDGE_LOOP('',(#18356));
#18356 = ORIENTED_EDGE('',*,*,#18357,.F.);
#18357 = EDGE_CURVE('',#18358,#18358,#18360,.T.);
#18358 = VERTEX_POINT('',#18359);
#18359 = CARTESIAN_POINT('',(-136.6,-5.,41.));
#18360 = SURFACE_CURVE('',#18361,(#18366,#18373),.PCURVE_S1.);
#18361 = CIRCLE('',#18362,2.);
#18362 = AXIS2_PLACEMENT_3D('',#18363,#18364,#18365);
#18363 = CARTESIAN_POINT('',(-136.6,-5.,43.));
#18364 = DIRECTION('',(1.,0.,2.22044604925E-16));
#18365 = DIRECTION('',(2.22044604925E-16,0.,-1.));
#18366 = PCURVE('',#18288,#18367);
#18367 = DEFINITIONAL_REPRESENTATION('',(#18368),#18372);
#18368 = CIRCLE('',#18369,2.);
#18369 = AXIS2_PLACEMENT_2D('',#18370,#18371);
#18370 = CARTESIAN_POINT('',(0.,0.));
#18371 = DIRECTION('',(1.,0.));
#18372 = ( GEOMETRIC_REPRESENTATION_CONTEXT(2) 
PARAMETRIC_REPRESENTATION_CONTEXT() REPRESENTATION_CONTEXT('2D SPACE',''
  ) );
#18373 = PCURVE('',#18374,#18379);
#18374 = CYLINDRICAL_SURFACE('',#18375,2.);
#18375 = AXIS2_PLACEMENT_3D('',#18376,#18377,#18378);
#18376 = CARTESIAN_POINT('',(-139.9,-5.,43.));
#18377 = DIRECTION('',(1.,0.,2.22044604925E-16));
#18378 = DIRECTION('',(2.22044604925E-16,0.,-1.));
#18379 = DEFINITIONAL_REPRESENTATION('',(#18380),#18384);
#18380 = LINE('',#18381,#18382);
#18381 = CARTESIAN_POINT('',(0.,3.3));
#18382 = VECTOR('',#18383,1.);
#18383 = DIRECTION('',(1.,0.));
#18384 = ( GEOMETRIC_REPRESENTATION_CONTEXT(2) 
PARAMETRIC_REPRESENTATION_CONTEXT() REPRESENTATION_CONTEXT('2D SPACE',''
  ) );
#18385 = ADVANCED_FACE('',(#18386,#18389),#18338,.F.);
#18386 = FACE_BOUND('',#18387,.F.);
#18387 = EDGE_LOOP('',(#18388));
#18388 = ORIENTED_EDGE('',*,*,#18323,.T.);
#18389 = FACE_BOUND('',#18390,.F.);
#18390 = EDGE_LOOP('',(#18391));
#18391 = ORIENTED_EDGE('',*,*,#18392,.F.);
#18392 = EDGE_CURVE('',#18393,#18393,#18395,.T.);
#18393 = VERTEX_POINT('',#18394);
#18394 = CARTESIAN_POINT('',(-139.4,-5.,41.));
#18395 = SURFACE_CURVE('',#18396,(#18401,#18408),.PCURVE_S1.);
#18396 = CIRCLE('',#18397,2.);
#18397 = AXIS2_PLACEMENT_3D('',#18398,#18399,#18400);
#18398 = CARTESIAN_POINT('',(-139.4,-5.,43.));
#18399 = DIRECTION('',(1.,0.,2.22044604925E-16));
#18400 = DIRECTION('',(2.22044604925E-16,0.,-1.));
#18401 = PCURVE('',#18338,#18402);
#18402 = DEFINITIONAL_REPRESENTATION('',(#18403),#18407);
#18403 = CIRCLE('',#18404,2.);
#18404 = AXIS2_PLACEMENT_2D('',#18405,#18406);
#18405 = CARTESIAN_POINT('',(0.,0.));
#18406 = DIRECTION('',(1.,0.));
#18407 = ( GEOMETRIC_REPRESENTATION_CONTEXT(2) 
PARAMETRIC_REPRESENTATION_CONTEXT() REPRESENTATION_CONTEXT('2D SPACE',''
  ) );
#18408 = PCURVE('',#18374,#18409);
#18409 = DEFINITIONAL_REPRESENTATION('',(#18410),#18414);
#18410 = LINE('',#18411,#18412);
#18411 = CARTESIAN_POINT('',(0.,0.5));
#18412 = VECTOR('',#18413,1.);
#18413 = DIRECTION('',(1.,0.));
#18414 = ( GEOMETRIC_REPRESENTATION_CONTEXT(2) 
PARAMETRIC_REPRESENTATION_CONTEXT() REPRESENTATION_CONTEXT('2D SPACE',''
  ) );
#18415 = ADVANCED_FACE('',(#18416),#18374,.F.);
#18416 = FACE_BOUND('',#18417,.F.);
#18417 = EDGE_LOOP('',(#18418,#18419,#18440,#18441));
#18418 = ORIENTED_EDGE('',*,*,#18357,.F.);
#18419 = ORIENTED_EDGE('',*,*,#18420,.F.);
#18420 = EDGE_CURVE('',#18393,#18358,#18421,.T.);
#18421 = SEAM_CURVE('',#18422,(#18426,#18433),.PCURVE_S1.);
#18422 = LINE('',#18423,#18424);
#18423 = CARTESIAN_POINT('',(-139.9,-5.,41.));
#18424 = VECTOR('',#18425,1.);
#18425 = DIRECTION('',(1.,0.,2.22044604925E-16));
#18426 = PCURVE('',#18374,#18427);
#18427 = DEFINITIONAL_REPRESENTATION('',(#18428),#18432);
#18428 = LINE('',#18429,#18430);
#18429 = CARTESIAN_POINT('',(6.28318530718,-0.));
#18430 = VECTOR('',#18431,1.);
#18431 = DIRECTION('',(0.,1.));
#18432 = ( GEOMETRIC_REPRESENTATION_CONTEXT(2) 
PARAMETRIC_REPRESENTATION_CONTEXT() REPRESENTATION_CONTEXT('2D SPACE',''
  ) );
#18433 = PCURVE('',#18374,#18434);
#18434 = DEFINITIONAL_REPRESENTATION('',(#18435),#18439);
#18435 = LINE('',#18436,#18437);
#18436 = CARTESIAN_POINT('',(0.,-0.));
#18437 = VECTOR('',#18438,1.);
#18438 = DIRECTION('',(0.,1.));
#18439 = ( GEOMETRIC_REPRESENTATION_CONTEXT(2) 
PARAMETRIC_REPRESENTATION_CONTEXT() REPRESENTATION_CONTEXT('2D SPACE',''
  ) );
#18440 = ORIENTED_EDGE('',*,*,#18392,.T.);
#18441 = ORIENTED_EDGE('',*,*,#18420,.T.);
#18442 = ( GEOMETRIC_REPRESENTATION_CONTEXT(3) 
GLOBAL_UNCERTAINTY_ASSIGNED_CONTEXT((#18446)) 
GLOBAL_UNIT_ASSIGNED_CONTEXT((#18443,#18444,#18445)) 
REPRESENTATION_CONTEXT('Context #1',
  '3D Context with UNIT and UNCERTAINTY') );
#18443 = ( LENGTH_UNIT() NAMED_UNIT(*) SI_UNIT(.MILLI.,.METRE.) );
#18444 = ( NAMED_UNIT(*) PLANE_ANGLE_UNIT() SI_UNIT($,.RADIAN.) );
#18445 = ( NAMED_UNIT(*) SI_UNIT($,.STERADIAN.) SOLID_ANGLE_UNIT() );
#18446 = UNCERTAINTY_MEASURE_WITH_UNIT(LENGTH_MEASURE(1.E-07),#18443,
  'distance_accuracy_value','confusion accuracy');
#18447 = CONTEXT_DEPENDENT_SHAPE_REPRESENTATION(#18448,#18450);
#18448 = ( REPRESENTATION_RELATIONSHIP('','',#18259,#18236) 
REPRESENTATION_RELATIONSHIP_WITH_TRANSFORMATION(#18449) 
SHAPE_REPRESENTATION_RELATIONSHIP() );
#18449 = ITEM_DEFINED_TRANSFORMATION('','',#11,#18237);
#18450 = PRODUCT_DEFINITION_SHAPE('Placement','Placement of an item',
  #18451);
#18451 = NEXT_ASSEMBLY_USAGE_OCCURRENCE('69','=>[0:1:1:71]','',#18231,
  #18254,$);
#18452 = PRODUCT_RELATED_PRODUCT_CATEGORY('part',$,(#18256));
#18453 = SHAPE_DEFINITION_REPRESENTATION(#18454,#18460);
#18454 = PRODUCT_DEFINITION_SHAPE('','',#18455);
#18455 = PRODUCT_DEFINITION('design','',#18456,#18459);
#18456 = PRODUCT_DEFINITION_FORMATION('','',#18457);
#18457 = PRODUCT('cross_axis_spacer_outer_left',
  'cross_axis_spacer_outer_left','',(#18458));
#18458 = PRODUCT_CONTEXT('',#2,'mechanical');
#18459 = PRODUCT_DEFINITION_CONTEXT('part definition',#2,'design');
#18460 = SHAPE_REPRESENTATION('',(#11,#18461),#18465);
#18461 = AXIS2_PLACEMENT_3D('',#18462,#18463,#18464);
#18462 = CARTESIAN_POINT('',(0.,0.,-0.4));
#18463 = DIRECTION('',(0.,0.,1.));
#18464 = DIRECTION('',(1.,0.,-0.));
#18465 = ( GEOMETRIC_REPRESENTATION_CONTEXT(3) 
GLOBAL_UNCERTAINTY_ASSIGNED_CONTEXT((#18469)) 
GLOBAL_UNIT_ASSIGNED_CONTEXT((#18466,#18467,#18468)) 
REPRESENTATION_CONTEXT('Context #1',
  '3D Context with UNIT and UNCERTAINTY') );
#18466 = ( LENGTH_UNIT() NAMED_UNIT(*) SI_UNIT(.MILLI.,.METRE.) );
#18467 = ( NAMED_UNIT(*) PLANE_ANGLE_UNIT() SI_UNIT($,.RADIAN.) );
#18468 = ( NAMED_UNIT(*) SI_UNIT($,.STERADIAN.) SOLID_ANGLE_UNIT() );
#18469 = UNCERTAINTY_MEASURE_WITH_UNIT(LENGTH_MEASURE(1.E-07),#18466,
  'distance_accuracy_value','confusion accuracy');
#18470 = CONTEXT_DEPENDENT_SHAPE_REPRESENTATION(#18471,#18473);
#18471 = ( REPRESENTATION_RELATIONSHIP('','',#18460,#10) 
REPRESENTATION_RELATIONSHIP_WITH_TRANSFORMATION(#18472) 
SHAPE_REPRESENTATION_RELATIONSHIP() );
#18472 = ITEM_DEFINED_TRANSFORMATION('','',#11,#155);
#18473 = PRODUCT_DEFINITION_SHAPE('Placement','Placement of an item',
  #18474);
#18474 = NEXT_ASSEMBLY_USAGE_OCCURRENCE('72','=>[0:1:1:72]','',#5,#18455
  ,$);
#18475 = PRODUCT_RELATED_PRODUCT_CATEGORY('part',$,(#18457));
#18476 = SHAPE_DEFINITION_REPRESENTATION(#18477,#18483);
#18477 = PRODUCT_DEFINITION_SHAPE('','',#18478);
#18478 = PRODUCT_DEFINITION('design','',#18479,#18482);
#18479 = PRODUCT_DEFINITION_FORMATION('','',#18480);
#18480 = PRODUCT('SOLID','SOLID','',(#18481));
#18481 = PRODUCT_CONTEXT('',#2,'mechanical');
#18482 = PRODUCT_DEFINITION_CONTEXT('part definition',#2,'design');
#18483 = ADVANCED_BREP_SHAPE_REPRESENTATION('',(#11,#18484),#18582);
#18484 = MANIFOLD_SOLID_BREP('',#18485);
#18485 = CLOSED_SHELL('',(#18486,#18574,#18578));
#18486 = ADVANCED_FACE('',(#18487),#18500,.T.);
#18487 = FACE_BOUND('',#18488,.T.);
#18488 = EDGE_LOOP('',(#18489,#18523,#18546,#18573));
#18489 = ORIENTED_EDGE('',*,*,#18490,.F.);
#18490 = EDGE_CURVE('',#18491,#18491,#18493,.T.);
#18491 = VERTEX_POINT('',#18492);
#18492 = CARTESIAN_POINT('',(3.8,-9.30731567352E-16,0.8));
#18493 = SURFACE_CURVE('',#18494,(#18499,#18511),.PCURVE_S1.);
#18494 = CIRCLE('',#18495,3.8);
#18495 = AXIS2_PLACEMENT_3D('',#18496,#18497,#18498);
#18496 = CARTESIAN_POINT('',(0.,0.,0.8));
#18497 = DIRECTION('',(0.,0.,1.));
#18498 = DIRECTION('',(1.,0.,-0.));
#18499 = PCURVE('',#18500,#18505);
#18500 = CYLINDRICAL_SURFACE('',#18501,3.8);
#18501 = AXIS2_PLACEMENT_3D('',#18502,#18503,#18504);
#18502 = CARTESIAN_POINT('',(0.,0.,0.));
#18503 = DIRECTION('',(0.,0.,1.));
#18504 = DIRECTION('',(1.,0.,-0.));
#18505 = DEFINITIONAL_REPRESENTATION('',(#18506),#18510);
#18506 = LINE('',#18507,#18508);
#18507 = CARTESIAN_POINT('',(0.,0.8));
#18508 = VECTOR('',#18509,1.);
#18509 = DIRECTION('',(1.,0.));
#18510 = ( GEOMETRIC_REPRESENTATION_CONTEXT(2) 
PARAMETRIC_REPRESENTATION_CONTEXT() REPRESENTATION_CONTEXT('2D SPACE',''
  ) );
#18511 = PCURVE('',#18512,#18517);
#18512 = PLANE('',#18513);
#18513 = AXIS2_PLACEMENT_3D('',#18514,#18515,#18516);
#18514 = CARTESIAN_POINT('',(0.,0.,0.8));
#18515 = DIRECTION('',(0.,0.,1.));
#18516 = DIRECTION('',(1.,0.,-0.));
#18517 = DEFINITIONAL_REPRESENTATION('',(#18518),#18522);
#18518 = CIRCLE('',#18519,3.8);
#18519 = AXIS2_PLACEMENT_2D('',#18520,#18521);
#18520 = CARTESIAN_POINT('',(0.,0.));
#18521 = DIRECTION('',(1.,0.));
#18522 = ( GEOMETRIC_REPRESENTATION_CONTEXT(2) 
PARAMETRIC_REPRESENTATION_CONTEXT() REPRESENTATION_CONTEXT('2D SPACE',''
  ) );
#18523 = ORIENTED_EDGE('',*,*,#18524,.F.);
#18524 = EDGE_CURVE('',#18525,#18491,#18527,.T.);
#18525 = VERTEX_POINT('',#18526);
#18526 = CARTESIAN_POINT('',(3.8,-9.30731567352E-16,0.));
#18527 = SEAM_CURVE('',#18528,(#18532,#18539),.PCURVE_S1.);
#18528 = LINE('',#18529,#18530);
#18529 = CARTESIAN_POINT('',(3.8,-9.30731567352E-16,0.));
#18530 = VECTOR('',#18531,1.);
#18531 = DIRECTION('',(0.,0.,1.));
#18532 = PCURVE('',#18500,#18533);
#18533 = DEFINITIONAL_REPRESENTATION('',(#18534),#18538);
#18534 = LINE('',#18535,#18536);
#18535 = CARTESIAN_POINT('',(6.28318530718,-0.));
#18536 = VECTOR('',#18537,1.);
#18537 = DIRECTION('',(0.,1.));
#18538 = ( GEOMETRIC_REPRESENTATION_CONTEXT(2) 
PARAMETRIC_REPRESENTATION_CONTEXT() REPRESENTATION_CONTEXT('2D SPACE',''
  ) );
#18539 = PCURVE('',#18500,#18540);
#18540 = DEFINITIONAL_REPRESENTATION('',(#18541),#18545);
#18541 = LINE('',#18542,#18543);
#18542 = CARTESIAN_POINT('',(0.,-0.));
#18543 = VECTOR('',#18544,1.);
#18544 = DIRECTION('',(0.,1.));
#18545 = ( GEOMETRIC_REPRESENTATION_CONTEXT(2) 
PARAMETRIC_REPRESENTATION_CONTEXT() REPRESENTATION_CONTEXT('2D SPACE',''
  ) );
#18546 = ORIENTED_EDGE('',*,*,#18547,.T.);
#18547 = EDGE_CURVE('',#18525,#18525,#18548,.T.);
#18548 = SURFACE_CURVE('',#18549,(#18554,#18561),.PCURVE_S1.);
#18549 = CIRCLE('',#18550,3.8);
#18550 = AXIS2_PLACEMENT_3D('',#18551,#18552,#18553);
#18551 = CARTESIAN_POINT('',(0.,0.,0.));
#18552 = DIRECTION('',(0.,0.,1.));
#18553 = DIRECTION('',(1.,0.,-0.));
#18554 = PCURVE('',#18500,#18555);
#18555 = DEFINITIONAL_REPRESENTATION('',(#18556),#18560);
#18556 = LINE('',#18557,#18558);
#18557 = CARTESIAN_POINT('',(0.,0.));
#18558 = VECTOR('',#18559,1.);
#18559 = DIRECTION('',(1.,0.));
#18560 = ( GEOMETRIC_REPRESENTATION_CONTEXT(2) 
PARAMETRIC_REPRESENTATION_CONTEXT() REPRESENTATION_CONTEXT('2D SPACE',''
  ) );
#18561 = PCURVE('',#18562,#18567);
#18562 = PLANE('',#18563);
#18563 = AXIS2_PLACEMENT_3D('',#18564,#18565,#18566);
#18564 = CARTESIAN_POINT('',(0.,0.,0.));
#18565 = DIRECTION('',(0.,0.,1.));
#18566 = DIRECTION('',(1.,0.,-0.));
#18567 = DEFINITIONAL_REPRESENTATION('',(#18568),#18572);
#18568 = CIRCLE('',#18569,3.8);
#18569 = AXIS2_PLACEMENT_2D('',#18570,#18571);
#18570 = CARTESIAN_POINT('',(0.,0.));
#18571 = DIRECTION('',(1.,0.));
#18572 = ( GEOMETRIC_REPRESENTATION_CONTEXT(2) 
PARAMETRIC_REPRESENTATION_CONTEXT() REPRESENTATION_CONTEXT('2D SPACE',''
  ) );
#18573 = ORIENTED_EDGE('',*,*,#18524,.T.);
#18574 = ADVANCED_FACE('',(#18575),#18512,.T.);
#18575 = FACE_BOUND('',#18576,.T.);
#18576 = EDGE_LOOP('',(#18577));
#18577 = ORIENTED_EDGE('',*,*,#18490,.T.);
#18578 = ADVANCED_FACE('',(#18579),#18562,.F.);
#18579 = FACE_BOUND('',#18580,.T.);
#18580 = EDGE_LOOP('',(#18581));
#18581 = ORIENTED_EDGE('',*,*,#18547,.F.);
#18582 = ( GEOMETRIC_REPRESENTATION_CONTEXT(3) 
GLOBAL_UNCERTAINTY_ASSIGNED_CONTEXT((#18586)) 
GLOBAL_UNIT_ASSIGNED_CONTEXT((#18583,#18584,#18585)) 
REPRESENTATION_CONTEXT('Context #1',
  '3D Context with UNIT and UNCERTAINTY') );
#18583 = ( LENGTH_UNIT() NAMED_UNIT(*) SI_UNIT(.MILLI.,.METRE.) );
#18584 = ( NAMED_UNIT(*) PLANE_ANGLE_UNIT() SI_UNIT($,.RADIAN.) );
#18585 = ( NAMED_UNIT(*) SI_UNIT($,.STERADIAN.) SOLID_ANGLE_UNIT() );
#18586 = UNCERTAINTY_MEASURE_WITH_UNIT(LENGTH_MEASURE(1.E-07),#18583,
  'distance_accuracy_value','confusion accuracy');
#18587 = CONTEXT_DEPENDENT_SHAPE_REPRESENTATION(#18588,#18590);
#18588 = ( REPRESENTATION_RELATIONSHIP('','',#18483,#18460) 
REPRESENTATION_RELATIONSHIP_WITH_TRANSFORMATION(#18589) 
SHAPE_REPRESENTATION_RELATIONSHIP() );
#18589 = ITEM_DEFINED_TRANSFORMATION('','',#11,#18461);
#18590 = PRODUCT_DEFINITION_SHAPE('Placement','Placement of an item',
  #18591);
#18591 = NEXT_ASSEMBLY_USAGE_OCCURRENCE('71','=>[0:1:1:73]','',#18455,
  #18478,$);
#18592 = PRODUCT_RELATED_PRODUCT_CATEGORY('part',$,(#18480));
#18593 = SHAPE_DEFINITION_REPRESENTATION(#18594,#18600);
#18594 = PRODUCT_DEFINITION_SHAPE('','',#18595);
#18595 = PRODUCT_DEFINITION('design','',#18596,#18599);
#18596 = PRODUCT_DEFINITION_FORMATION('','',#18597);
#18597 = PRODUCT('cross_axis_spacer_inner_left',
  'cross_axis_spacer_inner_left','',(#18598));
#18598 = PRODUCT_CONTEXT('',#2,'mechanical');
#18599 = PRODUCT_DEFINITION_CONTEXT('part definition',#2,'design');
#18600 = SHAPE_REPRESENTATION('',(#11,#18601),#18605);
#18601 = AXIS2_PLACEMENT_3D('',#18602,#18603,#18604);
#18602 = CARTESIAN_POINT('',(0.,0.,-0.4));
#18603 = DIRECTION('',(0.,0.,1.));
#18604 = DIRECTION('',(1.,0.,-0.));
#18605 = ( GEOMETRIC_REPRESENTATION_CONTEXT(3) 
GLOBAL_UNCERTAINTY_ASSIGNED_CONTEXT((#18609)) 
GLOBAL_UNIT_ASSIGNED_CONTEXT((#18606,#18607,#18608)) 
REPRESENTATION_CONTEXT('Context #1',
  '3D Context with UNIT and UNCERTAINTY') );
#18606 = ( LENGTH_UNIT() NAMED_UNIT(*) SI_UNIT(.MILLI.,.METRE.) );
#18607 = ( NAMED_UNIT(*) PLANE_ANGLE_UNIT() SI_UNIT($,.RADIAN.) );
#18608 = ( NAMED_UNIT(*) SI_UNIT($,.STERADIAN.) SOLID_ANGLE_UNIT() );
#18609 = UNCERTAINTY_MEASURE_WITH_UNIT(LENGTH_MEASURE(1.E-07),#18606,
  'distance_accuracy_value','confusion accuracy');
#18610 = CONTEXT_DEPENDENT_SHAPE_REPRESENTATION(#18611,#18613);
#18611 = ( REPRESENTATION_RELATIONSHIP('','',#18600,#10) 
REPRESENTATION_RELATIONSHIP_WITH_TRANSFORMATION(#18612) 
SHAPE_REPRESENTATION_RELATIONSHIP() );
#18612 = ITEM_DEFINED_TRANSFORMATION('','',#11,#159);
#18613 = PRODUCT_DEFINITION_SHAPE('Placement','Placement of an item',
  #18614);
#18614 = NEXT_ASSEMBLY_USAGE_OCCURRENCE('74','=>[0:1:1:74]','',#5,#18595
  ,$);
#18615 = PRODUCT_RELATED_PRODUCT_CATEGORY('part',$,(#18597));
#18616 = SHAPE_DEFINITION_REPRESENTATION(#18617,#18623);
#18617 = PRODUCT_DEFINITION_SHAPE('','',#18618);
#18618 = PRODUCT_DEFINITION('design','',#18619,#18622);
#18619 = PRODUCT_DEFINITION_FORMATION('','',#18620);
#18620 = PRODUCT('SOLID','SOLID','',(#18621));
#18621 = PRODUCT_CONTEXT('',#2,'mechanical');
#18622 = PRODUCT_DEFINITION_CONTEXT('part definition',#2,'design');
#18623 = ADVANCED_BREP_SHAPE_REPRESENTATION('',(#11,#18624),#18722);
#18624 = MANIFOLD_SOLID_BREP('',#18625);
#18625 = CLOSED_SHELL('',(#18626,#18714,#18718));
#18626 = ADVANCED_FACE('',(#18627),#18640,.T.);
#18627 = FACE_BOUND('',#18628,.T.);
#18628 = EDGE_LOOP('',(#18629,#18663,#18686,#18713));
#18629 = ORIENTED_EDGE('',*,*,#18630,.F.);
#18630 = EDGE_CURVE('',#18631,#18631,#18633,.T.);
#18631 = VERTEX_POINT('',#18632);
#18632 = CARTESIAN_POINT('',(3.8,-9.30731567352E-16,0.8));
#18633 = SURFACE_CURVE('',#18634,(#18639,#18651),.PCURVE_S1.);
#18634 = CIRCLE('',#18635,3.8);
#18635 = AXIS2_PLACEMENT_3D('',#18636,#18637,#18638);
#18636 = CARTESIAN_POINT('',(0.,0.,0.8));
#18637 = DIRECTION('',(0.,0.,1.));
#18638 = DIRECTION('',(1.,0.,-0.));
#18639 = PCURVE('',#18640,#18645);
#18640 = CYLINDRICAL_SURFACE('',#18641,3.8);
#18641 = AXIS2_PLACEMENT_3D('',#18642,#18643,#18644);
#18642 = CARTESIAN_POINT('',(0.,0.,0.));
#18643 = DIRECTION('',(0.,0.,1.));
#18644 = DIRECTION('',(1.,0.,-0.));
#18645 = DEFINITIONAL_REPRESENTATION('',(#18646),#18650);
#18646 = LINE('',#18647,#18648);
#18647 = CARTESIAN_POINT('',(0.,0.8));
#18648 = VECTOR('',#18649,1.);
#18649 = DIRECTION('',(1.,0.));
#18650 = ( GEOMETRIC_REPRESENTATION_CONTEXT(2) 
PARAMETRIC_REPRESENTATION_CONTEXT() REPRESENTATION_CONTEXT('2D SPACE',''
  ) );
#18651 = PCURVE('',#18652,#18657);
#18652 = PLANE('',#18653);
#18653 = AXIS2_PLACEMENT_3D('',#18654,#18655,#18656);
#18654 = CARTESIAN_POINT('',(0.,0.,0.8));
#18655 = DIRECTION('',(0.,0.,1.));
#18656 = DIRECTION('',(1.,0.,-0.));
#18657 = DEFINITIONAL_REPRESENTATION('',(#18658),#18662);
#18658 = CIRCLE('',#18659,3.8);
#18659 = AXIS2_PLACEMENT_2D('',#18660,#18661);
#18660 = CARTESIAN_POINT('',(0.,0.));
#18661 = DIRECTION('',(1.,0.));
#18662 = ( GEOMETRIC_REPRESENTATION_CONTEXT(2) 
PARAMETRIC_REPRESENTATION_CONTEXT() REPRESENTATION_CONTEXT('2D SPACE',''
  ) );
#18663 = ORIENTED_EDGE('',*,*,#18664,.F.);
#18664 = EDGE_CURVE('',#18665,#18631,#18667,.T.);
#18665 = VERTEX_POINT('',#18666);
#18666 = CARTESIAN_POINT('',(3.8,-9.30731567352E-16,0.));
#18667 = SEAM_CURVE('',#18668,(#18672,#18679),.PCURVE_S1.);
#18668 = LINE('',#18669,#18670);
#18669 = CARTESIAN_POINT('',(3.8,-9.30731567352E-16,0.));
#18670 = VECTOR('',#18671,1.);
#18671 = DIRECTION('',(0.,0.,1.));
#18672 = PCURVE('',#18640,#18673);
#18673 = DEFINITIONAL_REPRESENTATION('',(#18674),#18678);
#18674 = LINE('',#18675,#18676);
#18675 = CARTESIAN_POINT('',(6.28318530718,-0.));
#18676 = VECTOR('',#18677,1.);
#18677 = DIRECTION('',(0.,1.));
#18678 = ( GEOMETRIC_REPRESENTATION_CONTEXT(2) 
PARAMETRIC_REPRESENTATION_CONTEXT() REPRESENTATION_CONTEXT('2D SPACE',''
  ) );
#18679 = PCURVE('',#18640,#18680);
#18680 = DEFINITIONAL_REPRESENTATION('',(#18681),#18685);
#18681 = LINE('',#18682,#18683);
#18682 = CARTESIAN_POINT('',(0.,-0.));
#18683 = VECTOR('',#18684,1.);
#18684 = DIRECTION('',(0.,1.));
#18685 = ( GEOMETRIC_REPRESENTATION_CONTEXT(2) 
PARAMETRIC_REPRESENTATION_CONTEXT() REPRESENTATION_CONTEXT('2D SPACE',''
  ) );
#18686 = ORIENTED_EDGE('',*,*,#18687,.T.);
#18687 = EDGE_CURVE('',#18665,#18665,#18688,.T.);
#18688 = SURFACE_CURVE('',#18689,(#18694,#18701),.PCURVE_S1.);
#18689 = CIRCLE('',#18690,3.8);
#18690 = AXIS2_PLACEMENT_3D('',#18691,#18692,#18693);
#18691 = CARTESIAN_POINT('',(0.,0.,0.));
#18692 = DIRECTION('',(0.,0.,1.));
#18693 = DIRECTION('',(1.,0.,-0.));
#18694 = PCURVE('',#18640,#18695);
#18695 = DEFINITIONAL_REPRESENTATION('',(#18696),#18700);
#18696 = LINE('',#18697,#18698);
#18697 = CARTESIAN_POINT('',(0.,0.));
#18698 = VECTOR('',#18699,1.);
#18699 = DIRECTION('',(1.,0.));
#18700 = ( GEOMETRIC_REPRESENTATION_CONTEXT(2) 
PARAMETRIC_REPRESENTATION_CONTEXT() REPRESENTATION_CONTEXT('2D SPACE',''
  ) );
#18701 = PCURVE('',#18702,#18707);
#18702 = PLANE('',#18703);
#18703 = AXIS2_PLACEMENT_3D('',#18704,#18705,#18706);
#18704 = CARTESIAN_POINT('',(0.,0.,0.));
#18705 = DIRECTION('',(0.,0.,1.));
#18706 = DIRECTION('',(1.,0.,-0.));
#18707 = DEFINITIONAL_REPRESENTATION('',(#18708),#18712);
#18708 = CIRCLE('',#18709,3.8);
#18709 = AXIS2_PLACEMENT_2D('',#18710,#18711);
#18710 = CARTESIAN_POINT('',(0.,0.));
#18711 = DIRECTION('',(1.,0.));
#18712 = ( GEOMETRIC_REPRESENTATION_CONTEXT(2) 
PARAMETRIC_REPRESENTATION_CONTEXT() REPRESENTATION_CONTEXT('2D SPACE',''
  ) );
#18713 = ORIENTED_EDGE('',*,*,#18664,.T.);
#18714 = ADVANCED_FACE('',(#18715),#18652,.T.);
#18715 = FACE_BOUND('',#18716,.T.);
#18716 = EDGE_LOOP('',(#18717));
#18717 = ORIENTED_EDGE('',*,*,#18630,.T.);
#18718 = ADVANCED_FACE('',(#18719),#18702,.F.);
#18719 = FACE_BOUND('',#18720,.T.);
#18720 = EDGE_LOOP('',(#18721));
#18721 = ORIENTED_EDGE('',*,*,#18687,.F.);
#18722 = ( GEOMETRIC_REPRESENTATION_CONTEXT(3) 
GLOBAL_UNCERTAINTY_ASSIGNED_CONTEXT((#18726)) 
GLOBAL_UNIT_ASSIGNED_CONTEXT((#18723,#18724,#18725)) 
REPRESENTATION_CONTEXT('Context #1',
  '3D Context with UNIT and UNCERTAINTY') );
#18723 = ( LENGTH_UNIT() NAMED_UNIT(*) SI_UNIT(.MILLI.,.METRE.) );
#18724 = ( NAMED_UNIT(*) PLANE_ANGLE_UNIT() SI_UNIT($,.RADIAN.) );
#18725 = ( NAMED_UNIT(*) SI_UNIT($,.STERADIAN.) SOLID_ANGLE_UNIT() );
#18726 = UNCERTAINTY_MEASURE_WITH_UNIT(LENGTH_MEASURE(1.E-07),#18723,
  'distance_accuracy_value','confusion accuracy');
#18727 = CONTEXT_DEPENDENT_SHAPE_REPRESENTATION(#18728,#18730);
#18728 = ( REPRESENTATION_RELATIONSHIP('','',#18623,#18600) 
REPRESENTATION_RELATIONSHIP_WITH_TRANSFORMATION(#18729) 
SHAPE_REPRESENTATION_RELATIONSHIP() );
#18729 = ITEM_DEFINED_TRANSFORMATION('','',#11,#18601);
#18730 = PRODUCT_DEFINITION_SHAPE('Placement','Placement of an item',
  #18731);
#18731 = NEXT_ASSEMBLY_USAGE_OCCURRENCE('73','=>[0:1:1:75]','',#18595,
  #18618,$);
#18732 = PRODUCT_RELATED_PRODUCT_CATEGORY('part',$,(#18620));
#18733 = SHAPE_DEFINITION_REPRESENTATION(#18734,#18740);
#18734 = PRODUCT_DEFINITION_SHAPE('','',#18735);
#18735 = PRODUCT_DEFINITION('design','',#18736,#18739);
#18736 = PRODUCT_DEFINITION_FORMATION('','',#18737);
#18737 = PRODUCT('trackpad_cheek_tie_left_1','trackpad_cheek_tie_left_1'
  ,'',(#18738));
#18738 = PRODUCT_CONTEXT('',#2,'mechanical');
#18739 = PRODUCT_DEFINITION_CONTEXT('part definition',#2,'design');
#18740 = SHAPE_REPRESENTATION('',(#11,#18741),#18745);
#18741 = AXIS2_PLACEMENT_3D('',#18742,#18743,#18744);
#18742 = CARTESIAN_POINT('',(0.,0.,-6.));
#18743 = DIRECTION('',(0.,0.,1.));
#18744 = DIRECTION('',(1.,0.,-0.));
#18745 = ( GEOMETRIC_REPRESENTATION_CONTEXT(3) 
GLOBAL_UNCERTAINTY_ASSIGNED_CONTEXT((#18749)) 
GLOBAL_UNIT_ASSIGNED_CONTEXT((#18746,#18747,#18748)) 
REPRESENTATION_CONTEXT('Context #1',
  '3D Context with UNIT and UNCERTAINTY') );
#18746 = ( LENGTH_UNIT() NAMED_UNIT(*) SI_UNIT(.MILLI.,.METRE.) );
#18747 = ( NAMED_UNIT(*) PLANE_ANGLE_UNIT() SI_UNIT($,.RADIAN.) );
#18748 = ( NAMED_UNIT(*) SI_UNIT($,.STERADIAN.) SOLID_ANGLE_UNIT() );
#18749 = UNCERTAINTY_MEASURE_WITH_UNIT(LENGTH_MEASURE(1.E-07),#18746,
  'distance_accuracy_value','confusion accuracy');
#18750 = CONTEXT_DEPENDENT_SHAPE_REPRESENTATION(#18751,#18753);
#18751 = ( REPRESENTATION_RELATIONSHIP('','',#18740,#10) 
REPRESENTATION_RELATIONSHIP_WITH_TRANSFORMATION(#18752) 
SHAPE_REPRESENTATION_RELATIONSHIP() );
#18752 = ITEM_DEFINED_TRANSFORMATION('','',#11,#163);
#18753 = PRODUCT_DEFINITION_SHAPE('Placement','Placement of an item',
  #18754);
#18754 = NEXT_ASSEMBLY_USAGE_OCCURRENCE('76','=>[0:1:1:76]','',#5,#18735
  ,$);
#18755 = PRODUCT_RELATED_PRODUCT_CATEGORY('part',$,(#18737));
#18756 = SHAPE_DEFINITION_REPRESENTATION(#18757,#18763);
#18757 = PRODUCT_DEFINITION_SHAPE('','',#18758);
#18758 = PRODUCT_DEFINITION('design','',#18759,#18762);
#18759 = PRODUCT_DEFINITION_FORMATION('','',#18760);
#18760 = PRODUCT('SOLID','SOLID','',(#18761));
#18761 = PRODUCT_CONTEXT('',#2,'mechanical');
#18762 = PRODUCT_DEFINITION_CONTEXT('part definition',#2,'design');
#18763 = ADVANCED_BREP_SHAPE_REPRESENTATION('',(#11,#18764),#18862);
#18764 = MANIFOLD_SOLID_BREP('',#18765);
#18765 = CLOSED_SHELL('',(#18766,#18854,#18858));
#18766 = ADVANCED_FACE('',(#18767),#18780,.T.);
#18767 = FACE_BOUND('',#18768,.T.);
#18768 = EDGE_LOOP('',(#18769,#18803,#18826,#18853));
#18769 = ORIENTED_EDGE('',*,*,#18770,.F.);
#18770 = EDGE_CURVE('',#18771,#18771,#18773,.T.);
#18771 = VERTEX_POINT('',#18772);
#18772 = CARTESIAN_POINT('',(3.,-7.347880794884E-16,12.));
#18773 = SURFACE_CURVE('',#18774,(#18779,#18791),.PCURVE_S1.);
#18774 = CIRCLE('',#18775,3.);
#18775 = AXIS2_PLACEMENT_3D('',#18776,#18777,#18778);
#18776 = CARTESIAN_POINT('',(0.,0.,12.));
#18777 = DIRECTION('',(0.,0.,1.));
#18778 = DIRECTION('',(1.,0.,-0.));
#18779 = PCURVE('',#18780,#18785);
#18780 = CYLINDRICAL_SURFACE('',#18781,3.);
#18781 = AXIS2_PLACEMENT_3D('',#18782,#18783,#18784);
#18782 = CARTESIAN_POINT('',(0.,0.,0.));
#18783 = DIRECTION('',(0.,0.,1.));
#18784 = DIRECTION('',(1.,0.,-0.));
#18785 = DEFINITIONAL_REPRESENTATION('',(#18786),#18790);
#18786 = LINE('',#18787,#18788);
#18787 = CARTESIAN_POINT('',(0.,12.));
#18788 = VECTOR('',#18789,1.);
#18789 = DIRECTION('',(1.,0.));
#18790 = ( GEOMETRIC_REPRESENTATION_CONTEXT(2) 
PARAMETRIC_REPRESENTATION_CONTEXT() REPRESENTATION_CONTEXT('2D SPACE',''
  ) );
#18791 = PCURVE('',#18792,#18797);
#18792 = PLANE('',#18793);
#18793 = AXIS2_PLACEMENT_3D('',#18794,#18795,#18796);
#18794 = CARTESIAN_POINT('',(0.,0.,12.));
#18795 = DIRECTION('',(0.,0.,1.));
#18796 = DIRECTION('',(1.,0.,-0.));
#18797 = DEFINITIONAL_REPRESENTATION('',(#18798),#18802);
#18798 = CIRCLE('',#18799,3.);
#18799 = AXIS2_PLACEMENT_2D('',#18800,#18801);
#18800 = CARTESIAN_POINT('',(0.,0.));
#18801 = DIRECTION('',(1.,0.));
#18802 = ( GEOMETRIC_REPRESENTATION_CONTEXT(2) 
PARAMETRIC_REPRESENTATION_CONTEXT() REPRESENTATION_CONTEXT('2D SPACE',''
  ) );
#18803 = ORIENTED_EDGE('',*,*,#18804,.F.);
#18804 = EDGE_CURVE('',#18805,#18771,#18807,.T.);
#18805 = VERTEX_POINT('',#18806);
#18806 = CARTESIAN_POINT('',(3.,-7.347880794884E-16,0.));
#18807 = SEAM_CURVE('',#18808,(#18812,#18819),.PCURVE_S1.);
#18808 = LINE('',#18809,#18810);
#18809 = CARTESIAN_POINT('',(3.,-7.347880794884E-16,0.));
#18810 = VECTOR('',#18811,1.);
#18811 = DIRECTION('',(0.,0.,1.));
#18812 = PCURVE('',#18780,#18813);
#18813 = DEFINITIONAL_REPRESENTATION('',(#18814),#18818);
#18814 = LINE('',#18815,#18816);
#18815 = CARTESIAN_POINT('',(6.28318530718,-0.));
#18816 = VECTOR('',#18817,1.);
#18817 = DIRECTION('',(0.,1.));
#18818 = ( GEOMETRIC_REPRESENTATION_CONTEXT(2) 
PARAMETRIC_REPRESENTATION_CONTEXT() REPRESENTATION_CONTEXT('2D SPACE',''
  ) );
#18819 = PCURVE('',#18780,#18820);
#18820 = DEFINITIONAL_REPRESENTATION('',(#18821),#18825);
#18821 = LINE('',#18822,#18823);
#18822 = CARTESIAN_POINT('',(0.,-0.));
#18823 = VECTOR('',#18824,1.);
#18824 = DIRECTION('',(0.,1.));
#18825 = ( GEOMETRIC_REPRESENTATION_CONTEXT(2) 
PARAMETRIC_REPRESENTATION_CONTEXT() REPRESENTATION_CONTEXT('2D SPACE',''
  ) );
#18826 = ORIENTED_EDGE('',*,*,#18827,.T.);
#18827 = EDGE_CURVE('',#18805,#18805,#18828,.T.);
#18828 = SURFACE_CURVE('',#18829,(#18834,#18841),.PCURVE_S1.);
#18829 = CIRCLE('',#18830,3.);
#18830 = AXIS2_PLACEMENT_3D('',#18831,#18832,#18833);
#18831 = CARTESIAN_POINT('',(0.,0.,0.));
#18832 = DIRECTION('',(0.,0.,1.));
#18833 = DIRECTION('',(1.,0.,-0.));
#18834 = PCURVE('',#18780,#18835);
#18835 = DEFINITIONAL_REPRESENTATION('',(#18836),#18840);
#18836 = LINE('',#18837,#18838);
#18837 = CARTESIAN_POINT('',(0.,0.));
#18838 = VECTOR('',#18839,1.);
#18839 = DIRECTION('',(1.,0.));
#18840 = ( GEOMETRIC_REPRESENTATION_CONTEXT(2) 
PARAMETRIC_REPRESENTATION_CONTEXT() REPRESENTATION_CONTEXT('2D SPACE',''
  ) );
#18841 = PCURVE('',#18842,#18847);
#18842 = PLANE('',#18843);
#18843 = AXIS2_PLACEMENT_3D('',#18844,#18845,#18846);
#18844 = CARTESIAN_POINT('',(0.,0.,0.));
#18845 = DIRECTION('',(0.,0.,1.));
#18846 = DIRECTION('',(1.,0.,-0.));
#18847 = DEFINITIONAL_REPRESENTATION('',(#18848),#18852);
#18848 = CIRCLE('',#18849,3.);
#18849 = AXIS2_PLACEMENT_2D('',#18850,#18851);
#18850 = CARTESIAN_POINT('',(0.,0.));
#18851 = DIRECTION('',(1.,0.));
#18852 = ( GEOMETRIC_REPRESENTATION_CONTEXT(2) 
PARAMETRIC_REPRESENTATION_CONTEXT() REPRESENTATION_CONTEXT('2D SPACE',''
  ) );
#18853 = ORIENTED_EDGE('',*,*,#18804,.T.);
#18854 = ADVANCED_FACE('',(#18855),#18792,.T.);
#18855 = FACE_BOUND('',#18856,.T.);
#18856 = EDGE_LOOP('',(#18857));
#18857 = ORIENTED_EDGE('',*,*,#18770,.T.);
#18858 = ADVANCED_FACE('',(#18859),#18842,.F.);
#18859 = FACE_BOUND('',#18860,.T.);
#18860 = EDGE_LOOP('',(#18861));
#18861 = ORIENTED_EDGE('',*,*,#18827,.F.);
#18862 = ( GEOMETRIC_REPRESENTATION_CONTEXT(3) 
GLOBAL_UNCERTAINTY_ASSIGNED_CONTEXT((#18866)) 
GLOBAL_UNIT_ASSIGNED_CONTEXT((#18863,#18864,#18865)) 
REPRESENTATION_CONTEXT('Context #1',
  '3D Context with UNIT and UNCERTAINTY') );
#18863 = ( LENGTH_UNIT() NAMED_UNIT(*) SI_UNIT(.MILLI.,.METRE.) );
#18864 = ( NAMED_UNIT(*) PLANE_ANGLE_UNIT() SI_UNIT($,.RADIAN.) );
#18865 = ( NAMED_UNIT(*) SI_UNIT($,.STERADIAN.) SOLID_ANGLE_UNIT() );
#18866 = UNCERTAINTY_MEASURE_WITH_UNIT(LENGTH_MEASURE(1.E-07),#18863,
  'distance_accuracy_value','confusion accuracy');
#18867 = CONTEXT_DEPENDENT_SHAPE_REPRESENTATION(#18868,#18870);
#18868 = ( REPRESENTATION_RELATIONSHIP('','',#18763,#18740) 
REPRESENTATION_RELATIONSHIP_WITH_TRANSFORMATION(#18869) 
SHAPE_REPRESENTATION_RELATIONSHIP() );
#18869 = ITEM_DEFINED_TRANSFORMATION('','',#11,#18741);
#18870 = PRODUCT_DEFINITION_SHAPE('Placement','Placement of an item',
  #18871);
#18871 = NEXT_ASSEMBLY_USAGE_OCCURRENCE('75','=>[0:1:1:77]','',#18735,
  #18758,$);
#18872 = PRODUCT_RELATED_PRODUCT_CATEGORY('part',$,(#18760));
#18873 = SHAPE_DEFINITION_REPRESENTATION(#18874,#18880);
#18874 = PRODUCT_DEFINITION_SHAPE('','',#18875);
#18875 = PRODUCT_DEFINITION('design','',#18876,#18879);
#18876 = PRODUCT_DEFINITION_FORMATION('','',#18877);
#18877 = PRODUCT('trackpad_cheek_tie_left_2','trackpad_cheek_tie_left_2'
  ,'',(#18878));
#18878 = PRODUCT_CONTEXT('',#2,'mechanical');
#18879 = PRODUCT_DEFINITION_CONTEXT('part definition',#2,'design');
#18880 = SHAPE_REPRESENTATION('',(#11,#18881),#18885);
#18881 = AXIS2_PLACEMENT_3D('',#18882,#18883,#18884);
#18882 = CARTESIAN_POINT('',(0.,0.,-6.));
#18883 = DIRECTION('',(0.,0.,1.));
#18884 = DIRECTION('',(1.,0.,-0.));
#18885 = ( GEOMETRIC_REPRESENTATION_CONTEXT(3) 
GLOBAL_UNCERTAINTY_ASSIGNED_CONTEXT((#18889)) 
GLOBAL_UNIT_ASSIGNED_CONTEXT((#18886,#18887,#18888)) 
REPRESENTATION_CONTEXT('Context #1',
  '3D Context with UNIT and UNCERTAINTY') );
#18886 = ( LENGTH_UNIT() NAMED_UNIT(*) SI_UNIT(.MILLI.,.METRE.) );
#18887 = ( NAMED_UNIT(*) PLANE_ANGLE_UNIT() SI_UNIT($,.RADIAN.) );
#18888 = ( NAMED_UNIT(*) SI_UNIT($,.STERADIAN.) SOLID_ANGLE_UNIT() );
#18889 = UNCERTAINTY_MEASURE_WITH_UNIT(LENGTH_MEASURE(1.E-07),#18886,
  'distance_accuracy_value','confusion accuracy');
#18890 = CONTEXT_DEPENDENT_SHAPE_REPRESENTATION(#18891,#18893);
#18891 = ( REPRESENTATION_RELATIONSHIP('','',#18880,#10) 
REPRESENTATION_RELATIONSHIP_WITH_TRANSFORMATION(#18892) 
SHAPE_REPRESENTATION_RELATIONSHIP() );
#18892 = ITEM_DEFINED_TRANSFORMATION('','',#11,#167);
#18893 = PRODUCT_DEFINITION_SHAPE('Placement','Placement of an item',
  #18894);
#18894 = NEXT_ASSEMBLY_USAGE_OCCURRENCE('78','=>[0:1:1:78]','',#5,#18875
  ,$);
#18895 = PRODUCT_RELATED_PRODUCT_CATEGORY('part',$,(#18877));
#18896 = SHAPE_DEFINITION_REPRESENTATION(#18897,#18903);
#18897 = PRODUCT_DEFINITION_SHAPE('','',#18898);
#18898 = PRODUCT_DEFINITION('design','',#18899,#18902);
#18899 = PRODUCT_DEFINITION_FORMATION('','',#18900);
#18900 = PRODUCT('SOLID','SOLID','',(#18901));
#18901 = PRODUCT_CONTEXT('',#2,'mechanical');
#18902 = PRODUCT_DEFINITION_CONTEXT('part definition',#2,'design');
#18903 = ADVANCED_BREP_SHAPE_REPRESENTATION('',(#11,#18904),#19002);
#18904 = MANIFOLD_SOLID_BREP('',#18905);
#18905 = CLOSED_SHELL('',(#18906,#18994,#18998));
#18906 = ADVANCED_FACE('',(#18907),#18920,.T.);
#18907 = FACE_BOUND('',#18908,.T.);
#18908 = EDGE_LOOP('',(#18909,#18943,#18966,#18993));
#18909 = ORIENTED_EDGE('',*,*,#18910,.F.);
#18910 = EDGE_CURVE('',#18911,#18911,#18913,.T.);
#18911 = VERTEX_POINT('',#18912);
#18912 = CARTESIAN_POINT('',(3.,-7.347880794884E-16,12.));
#18913 = SURFACE_CURVE('',#18914,(#18919,#18931),.PCURVE_S1.);
#18914 = CIRCLE('',#18915,3.);
#18915 = AXIS2_PLACEMENT_3D('',#18916,#18917,#18918);
#18916 = CARTESIAN_POINT('',(0.,0.,12.));
#18917 = DIRECTION('',(0.,0.,1.));
#18918 = DIRECTION('',(1.,0.,-0.));
#18919 = PCURVE('',#18920,#18925);
#18920 = CYLINDRICAL_SURFACE('',#18921,3.);
#18921 = AXIS2_PLACEMENT_3D('',#18922,#18923,#18924);
#18922 = CARTESIAN_POINT('',(0.,0.,0.));
#18923 = DIRECTION('',(0.,0.,1.));
#18924 = DIRECTION('',(1.,0.,-0.));
#18925 = DEFINITIONAL_REPRESENTATION('',(#18926),#18930);
#18926 = LINE('',#18927,#18928);
#18927 = CARTESIAN_POINT('',(0.,12.));
#18928 = VECTOR('',#18929,1.);
#18929 = DIRECTION('',(1.,0.));
#18930 = ( GEOMETRIC_REPRESENTATION_CONTEXT(2) 
PARAMETRIC_REPRESENTATION_CONTEXT() REPRESENTATION_CONTEXT('2D SPACE',''
  ) );
#18931 = PCURVE('',#18932,#18937);
#18932 = PLANE('',#18933);
#18933 = AXIS2_PLACEMENT_3D('',#18934,#18935,#18936);
#18934 = CARTESIAN_POINT('',(0.,0.,12.));
#18935 = DIRECTION('',(0.,0.,1.));
#18936 = DIRECTION('',(1.,0.,-0.));
#18937 = DEFINITIONAL_REPRESENTATION('',(#18938),#18942);
#18938 = CIRCLE('',#18939,3.);
#18939 = AXIS2_PLACEMENT_2D('',#18940,#18941);
#18940 = CARTESIAN_POINT('',(0.,0.));
#18941 = DIRECTION('',(1.,0.));
#18942 = ( GEOMETRIC_REPRESENTATION_CONTEXT(2) 
PARAMETRIC_REPRESENTATION_CONTEXT() REPRESENTATION_CONTEXT('2D SPACE',''
  ) );
#18943 = ORIENTED_EDGE('',*,*,#18944,.F.);
#18944 = EDGE_CURVE('',#18945,#18911,#18947,.T.);
#18945 = VERTEX_POINT('',#18946);
#18946 = CARTESIAN_POINT('',(3.,-7.347880794884E-16,0.));
#18947 = SEAM_CURVE('',#18948,(#18952,#18959),.PCURVE_S1.);
#18948 = LINE('',#18949,#18950);
#18949 = CARTESIAN_POINT('',(3.,-7.347880794884E-16,0.));
#18950 = VECTOR('',#18951,1.);
#18951 = DIRECTION('',(0.,0.,1.));
#18952 = PCURVE('',#18920,#18953);
#18953 = DEFINITIONAL_REPRESENTATION('',(#18954),#18958);
#18954 = LINE('',#18955,#18956);
#18955 = CARTESIAN_POINT('',(6.28318530718,-0.));
#18956 = VECTOR('',#18957,1.);
#18957 = DIRECTION('',(0.,1.));
#18958 = ( GEOMETRIC_REPRESENTATION_CONTEXT(2) 
PARAMETRIC_REPRESENTATION_CONTEXT() REPRESENTATION_CONTEXT('2D SPACE',''
  ) );
#18959 = PCURVE('',#18920,#18960);
#18960 = DEFINITIONAL_REPRESENTATION('',(#18961),#18965);
#18961 = LINE('',#18962,#18963);
#18962 = CARTESIAN_POINT('',(0.,-0.));
#18963 = VECTOR('',#18964,1.);
#18964 = DIRECTION('',(0.,1.));
#18965 = ( GEOMETRIC_REPRESENTATION_CONTEXT(2) 
PARAMETRIC_REPRESENTATION_CONTEXT() REPRESENTATION_CONTEXT('2D SPACE',''
  ) );
#18966 = ORIENTED_EDGE('',*,*,#18967,.T.);
#18967 = EDGE_CURVE('',#18945,#18945,#18968,.T.);
#18968 = SURFACE_CURVE('',#18969,(#18974,#18981),.PCURVE_S1.);
#18969 = CIRCLE('',#18970,3.);
#18970 = AXIS2_PLACEMENT_3D('',#18971,#18972,#18973);
#18971 = CARTESIAN_POINT('',(0.,0.,0.));
#18972 = DIRECTION('',(0.,0.,1.));
#18973 = DIRECTION('',(1.,0.,-0.));
#18974 = PCURVE('',#18920,#18975);
#18975 = DEFINITIONAL_REPRESENTATION('',(#18976),#18980);
#18976 = LINE('',#18977,#18978);
#18977 = CARTESIAN_POINT('',(0.,0.));
#18978 = VECTOR('',#18979,1.);
#18979 = DIRECTION('',(1.,0.));
#18980 = ( GEOMETRIC_REPRESENTATION_CONTEXT(2) 
PARAMETRIC_REPRESENTATION_CONTEXT() REPRESENTATION_CONTEXT('2D SPACE',''
  ) );
#18981 = PCURVE('',#18982,#18987);
#18982 = PLANE('',#18983);
#18983 = AXIS2_PLACEMENT_3D('',#18984,#18985,#18986);
#18984 = CARTESIAN_POINT('',(0.,0.,0.));
#18985 = DIRECTION('',(0.,0.,1.));
#18986 = DIRECTION('',(1.,0.,-0.));
#18987 = DEFINITIONAL_REPRESENTATION('',(#18988),#18992);
#18988 = CIRCLE('',#18989,3.);
#18989 = AXIS2_PLACEMENT_2D('',#18990,#18991);
#18990 = CARTESIAN_POINT('',(0.,0.));
#18991 = DIRECTION('',(1.,0.));
#18992 = ( GEOMETRIC_REPRESENTATION_CONTEXT(2) 
PARAMETRIC_REPRESENTATION_CONTEXT() REPRESENTATION_CONTEXT('2D SPACE',''
  ) );
#18993 = ORIENTED_EDGE('',*,*,#18944,.T.);
#18994 = ADVANCED_FACE('',(#18995),#18932,.T.);
#18995 = FACE_BOUND('',#18996,.T.);
#18996 = EDGE_LOOP('',(#18997));
#18997 = ORIENTED_EDGE('',*,*,#18910,.T.);
#18998 = ADVANCED_FACE('',(#18999),#18982,.F.);
#18999 = FACE_BOUND('',#19000,.T.);
#19000 = EDGE_LOOP('',(#19001));
#19001 = ORIENTED_EDGE('',*,*,#18967,.F.);
#19002 = ( GEOMETRIC_REPRESENTATION_CONTEXT(3) 
GLOBAL_UNCERTAINTY_ASSIGNED_CONTEXT((#19006)) 
GLOBAL_UNIT_ASSIGNED_CONTEXT((#19003,#19004,#19005)) 
REPRESENTATION_CONTEXT('Context #1',
  '3D Context with UNIT and UNCERTAINTY') );
#19003 = ( LENGTH_UNIT() NAMED_UNIT(*) SI_UNIT(.MILLI.,.METRE.) );
#19004 = ( NAMED_UNIT(*) PLANE_ANGLE_UNIT() SI_UNIT($,.RADIAN.) );
#19005 = ( NAMED_UNIT(*) SI_UNIT($,.STERADIAN.) SOLID_ANGLE_UNIT() );
#19006 = UNCERTAINTY_MEASURE_WITH_UNIT(LENGTH_MEASURE(1.E-07),#19003,
  'distance_accuracy_value','confusion accuracy');
#19007 = CONTEXT_DEPENDENT_SHAPE_REPRESENTATION(#19008,#19010);
#19008 = ( REPRESENTATION_RELATIONSHIP('','',#18903,#18880) 
REPRESENTATION_RELATIONSHIP_WITH_TRANSFORMATION(#19009) 
SHAPE_REPRESENTATION_RELATIONSHIP() );
#19009 = ITEM_DEFINED_TRANSFORMATION('','',#11,#18881);
#19010 = PRODUCT_DEFINITION_SHAPE('Placement','Placement of an item',
  #19011);
#19011 = NEXT_ASSEMBLY_USAGE_OCCURRENCE('77','=>[0:1:1:79]','',#18875,
  #18898,$);
#19012 = PRODUCT_RELATED_PRODUCT_CATEGORY('part',$,(#18900));
#19013 = MECHANICAL_DESIGN_GEOMETRIC_PRESENTATION_REPRESENTATION('',(
    #19014),#6950);
#19014 = STYLED_ITEM('color',(#19015),#6620);
#19015 = PRESENTATION_STYLE_ASSIGNMENT((#19016));
#19016 = SURFACE_STYLE_USAGE(.BOTH.,#19017);
#19017 = SURFACE_SIDE_STYLE('',(#19018));
#19018 = SURFACE_STYLE_FILL_AREA(#19019);
#19019 = FILL_AREA_STYLE('',(#19020));
#19020 = FILL_AREA_STYLE_COLOUR('',#19021);
#19021 = COLOUR_RGB('',0.180000002302,0.199999998682,0.230000002338);
#19022 = MECHANICAL_DESIGN_GEOMETRIC_PRESENTATION_REPRESENTATION('',(
    #19023),#9994);
#19023 = STYLED_ITEM('color',(#19024),#9664);
#19024 = PRESENTATION_STYLE_ASSIGNMENT((#19025));
#19025 = SURFACE_STYLE_USAGE(.BOTH.,#19026);
#19026 = SURFACE_SIDE_STYLE('',(#19027));
#19027 = SURFACE_STYLE_FILL_AREA(#19028);
#19028 = FILL_AREA_STYLE('',(#19029));
#19029 = FILL_AREA_STYLE_COLOUR('',#19021);
#19030 = MECHANICAL_DESIGN_GEOMETRIC_PRESENTATION_REPRESENTATION('',(
    #19031),#3010);
#19031 = STYLED_ITEM('color',(#19032),#208);
#19032 = PRESENTATION_STYLE_ASSIGNMENT((#19033));
#19033 = SURFACE_STYLE_USAGE(.BOTH.,#19034);
#19034 = SURFACE_SIDE_STYLE('',(#19035));
#19035 = SURFACE_STYLE_FILL_AREA(#19036);
#19036 = FILL_AREA_STYLE('',(#19037));
#19037 = FILL_AREA_STYLE_COLOUR('',#19038);
#19038 = COLOUR_RGB('',0.290000003841,0.309999994343,0.339999993741);
#19039 = MECHANICAL_DESIGN_GEOMETRIC_PRESENTATION_REPRESENTATION('',(
    #19040),#8658);
#19040 = STYLED_ITEM('color',(#19041),#8328);
#19041 = PRESENTATION_STYLE_ASSIGNMENT((#19042));
#19042 = SURFACE_STYLE_USAGE(.BOTH.,#19043);
#19043 = SURFACE_SIDE_STYLE('',(#19044));
#19044 = SURFACE_STYLE_FILL_AREA(#19045);
#19045 = FILL_AREA_STYLE('',(#19046));
#19046 = FILL_AREA_STYLE_COLOUR('',#19021);
#19047 = MECHANICAL_DESIGN_GEOMETRIC_PRESENTATION_REPRESENTATION('',(
    #19048),#18862);
#19048 = STYLED_ITEM('color',(#19049),#18764);
#19049 = PRESENTATION_STYLE_ASSIGNMENT((#19050));
#19050 = SURFACE_STYLE_USAGE(.BOTH.,#19051);
#19051 = SURFACE_SIDE_STYLE('',(#19052));
#19052 = SURFACE_STYLE_FILL_AREA(#19053);
#19053 = FILL_AREA_STYLE('',(#19054));
#19054 = FILL_AREA_STYLE_COLOUR('',#19055);
#19055 = COLOUR_RGB('',9.999999991362E-02,0.380000002513,0.920000012397
  );
#19056 = MECHANICAL_DESIGN_GEOMETRIC_PRESENTATION_REPRESENTATION('',(
    #19057),#13322);
#19057 = STYLED_ITEM('color',(#19058),#12740);
#19058 = PRESENTATION_STYLE_ASSIGNMENT((#19059));
#19059 = SURFACE_STYLE_USAGE(.BOTH.,#19060);
#19060 = SURFACE_SIDE_STYLE('',(#19061));
#19061 = SURFACE_STYLE_FILL_AREA(#19062);
#19062 = FILL_AREA_STYLE('',(#19063));
#19063 = FILL_AREA_STYLE_COLOUR('',#19064);
#19064 = COLOUR_RGB('',0.319999999843,0.339999993741,0.369999997777);
#19065 = MECHANICAL_DESIGN_GEOMETRIC_PRESENTATION_REPRESENTATION('',(
    #19066),#5926);
#19066 = STYLED_ITEM('color',(#19067),#5284);
#19067 = PRESENTATION_STYLE_ASSIGNMENT((#19068));
#19068 = SURFACE_STYLE_USAGE(.BOTH.,#19069);
#19069 = SURFACE_SIDE_STYLE('',(#19070));
#19070 = SURFACE_STYLE_FILL_AREA(#19071);
#19071 = FILL_AREA_STYLE('',(#19072));
#19072 = FILL_AREA_STYLE_COLOUR('',#19021);
#19073 = MECHANICAL_DESIGN_GEOMETRIC_PRESENTATION_REPRESENTATION('',(
    #19074),#14322);
#19074 = STYLED_ITEM('color',(#19075),#13364);
#19075 = PRESENTATION_STYLE_ASSIGNMENT((#19076));
#19076 = SURFACE_STYLE_USAGE(.BOTH.,#19077);
#19077 = SURFACE_SIDE_STYLE('',(#19078));
#19078 = SURFACE_STYLE_FILL_AREA(#19079);
#19079 = FILL_AREA_STYLE('',(#19080));
#19080 = FILL_AREA_STYLE_COLOUR('',#19081);
#19081 = COLOUR_RGB('',0.879999997771,0.1599999992,0.130000001093);
#19082 = MECHANICAL_DESIGN_GEOMETRIC_PRESENTATION_REPRESENTATION('',(
    #19083),#5242);
#19083 = STYLED_ITEM('color',(#19084),#4912);
#19084 = PRESENTATION_STYLE_ASSIGNMENT((#19085));
#19085 = SURFACE_STYLE_USAGE(.BOTH.,#19086);
#19086 = SURFACE_SIDE_STYLE('',(#19087));
#19087 = SURFACE_STYLE_FILL_AREA(#19088);
#19088 = FILL_AREA_STYLE('',(#19089));
#19089 = FILL_AREA_STYLE_COLOUR('',#19055);
#19090 = MECHANICAL_DESIGN_GEOMETRIC_PRESENTATION_REPRESENTATION('',(
    #19091),#9482);
#19091 = STYLED_ITEM('color',(#19092),#9384);
#19092 = PRESENTATION_STYLE_ASSIGNMENT((#19093));
#19093 = SURFACE_STYLE_USAGE(.BOTH.,#19094);
#19094 = SURFACE_SIDE_STYLE('',(#19095));
#19095 = SURFACE_STYLE_FILL_AREA(#19096);
#19096 = FILL_AREA_STYLE('',(#19097));
#19097 = FILL_AREA_STYLE_COLOUR('',#19055);
#19098 = MECHANICAL_DESIGN_GEOMETRIC_PRESENTATION_REPRESENTATION('',(
    #19099),#8286);
#19099 = STYLED_ITEM('color',(#19100),#7956);
#19100 = PRESENTATION_STYLE_ASSIGNMENT((#19101));
#19101 = SURFACE_STYLE_USAGE(.BOTH.,#19102);
#19102 = SURFACE_SIDE_STYLE('',(#19103));
#19103 = SURFACE_STYLE_FILL_AREA(#19104);
#19104 = FILL_AREA_STYLE('',(#19105));
#19105 = FILL_AREA_STYLE_COLOUR('',#19021);
#19106 = MECHANICAL_DESIGN_GEOMETRIC_PRESENTATION_REPRESENTATION('',(
    #19107),#18218);
#19107 = STYLED_ITEM('color',(#19108),#18036);
#19108 = PRESENTATION_STYLE_ASSIGNMENT((#19109));
#19109 = SURFACE_STYLE_USAGE(.BOTH.,#19110);
#19110 = SURFACE_SIDE_STYLE('',(#19111));
#19111 = SURFACE_STYLE_FILL_AREA(#19112);
#19112 = FILL_AREA_STYLE('',(#19113));
#19113 = FILL_AREA_STYLE_COLOUR('',#19114);
#19114 = COLOUR_RGB('',0.959999986217,0.649999988539,0.120000001395);
#19115 = MECHANICAL_DESIGN_GEOMETRIC_PRESENTATION_REPRESENTATION('',(
    #19116),#18442);
#19116 = STYLED_ITEM('color',(#19117),#18260);
#19117 = PRESENTATION_STYLE_ASSIGNMENT((#19118));
#19118 = SURFACE_STYLE_USAGE(.BOTH.,#19119);
#19119 = SURFACE_SIDE_STYLE('',(#19120));
#19120 = SURFACE_STYLE_FILL_AREA(#19121);
#19121 = FILL_AREA_STYLE('',(#19122));
#19122 = FILL_AREA_STYLE_COLOUR('',#19114);
#19123 = MECHANICAL_DESIGN_GEOMETRIC_PRESENTATION_REPRESENTATION('',(
    #19124),#7634);
#19124 = STYLED_ITEM('color',(#19125),#6992);
#19125 = PRESENTATION_STYLE_ASSIGNMENT((#19126));
#19126 = SURFACE_STYLE_USAGE(.BOTH.,#19127);
#19127 = SURFACE_SIDE_STYLE('',(#19128));
#19128 = SURFACE_STYLE_FILL_AREA(#19129);
#19129 = FILL_AREA_STYLE('',(#19130));
#19130 = FILL_AREA_STYLE_COLOUR('',#19021);
#19131 = MECHANICAL_DESIGN_GEOMETRIC_PRESENTATION_REPRESENTATION('',(
    #19132),#19002);
#19132 = STYLED_ITEM('color',(#19133),#18904);
#19133 = PRESENTATION_STYLE_ASSIGNMENT((#19134));
#19134 = SURFACE_STYLE_USAGE(.BOTH.,#19135);
#19135 = SURFACE_SIDE_STYLE('',(#19136));
#19136 = SURFACE_STYLE_FILL_AREA(#19137);
#19137 = FILL_AREA_STYLE('',(#19138));
#19138 = FILL_AREA_STYLE_COLOUR('',#19055);
#19139 = MECHANICAL_DESIGN_GEOMETRIC_PRESENTATION_REPRESENTATION('',(
    #19140),#9622);
#19140 = STYLED_ITEM('color',(#19141),#9524);
#19141 = PRESENTATION_STYLE_ASSIGNMENT((#19142));
#19142 = SURFACE_STYLE_USAGE(.BOTH.,#19143);
#19143 = SURFACE_SIDE_STYLE('',(#19144));
#19144 = SURFACE_STYLE_FILL_AREA(#19145);
#19145 = FILL_AREA_STYLE('',(#19146));
#19146 = FILL_AREA_STYLE_COLOUR('',#19055);
#19147 = MECHANICAL_DESIGN_GEOMETRIC_PRESENTATION_REPRESENTATION('',(
    #19148),#17854);
#19148 = STYLED_ITEM('color',(#19149),#16130);
#19149 = PRESENTATION_STYLE_ASSIGNMENT((#19150));
#19150 = SURFACE_STYLE_USAGE(.BOTH.,#19151);
#19151 = SURFACE_SIDE_STYLE('',(#19152));
#19152 = SURFACE_STYLE_FILL_AREA(#19153);
#19153 = FILL_AREA_STYLE('',(#19154));
#19154 = FILL_AREA_STYLE_COLOUR('',#19055);
#19155 = MECHANICAL_DESIGN_GEOMETRIC_PRESENTATION_REPRESENTATION('',(
    #19156),#16088);
#19156 = STYLED_ITEM('color',(#19157),#14364);
#19157 = PRESENTATION_STYLE_ASSIGNMENT((#19158));
#19158 = SURFACE_STYLE_USAGE(.BOTH.,#19159);
#19159 = SURFACE_SIDE_STYLE('',(#19160));
#19160 = SURFACE_STYLE_FILL_AREA(#19161);
#19161 = FILL_AREA_STYLE('',(#19162));
#19162 = FILL_AREA_STYLE_COLOUR('',#19055);
#19163 = MECHANICAL_DESIGN_GEOMETRIC_PRESENTATION_REPRESENTATION('',(
    #19164),#7914);
#19164 = STYLED_ITEM('color',(#19165),#7816);
#19165 = PRESENTATION_STYLE_ASSIGNMENT((#19166));
#19166 = SURFACE_STYLE_USAGE(.BOTH.,#19167);
#19167 = SURFACE_SIDE_STYLE('',(#19168));
#19168 = SURFACE_STYLE_FILL_AREA(#19169);
#19169 = FILL_AREA_STYLE('',(#19170));
#19170 = FILL_AREA_STYLE_COLOUR('',#19081);
#19171 = MECHANICAL_DESIGN_GEOMETRIC_PRESENTATION_REPRESENTATION('',(
    #19172),#11050);
#19172 = STYLED_ITEM('color',(#19173),#10408);
#19173 = PRESENTATION_STYLE_ASSIGNMENT((#19174));
#19174 = SURFACE_STYLE_USAGE(.BOTH.,#19175);
#19175 = SURFACE_SIDE_STYLE('',(#19176));
#19176 = SURFACE_STYLE_FILL_AREA(#19177);
#19177 = FILL_AREA_STYLE('',(#19178));
#19178 = FILL_AREA_STYLE_COLOUR('',#19021);
#19179 = MECHANICAL_DESIGN_GEOMETRIC_PRESENTATION_REPRESENTATION('',(
    #19180),#4870);
#19180 = STYLED_ITEM('color',(#19181),#4540);
#19181 = PRESENTATION_STYLE_ASSIGNMENT((#19182));
#19182 = SURFACE_STYLE_USAGE(.BOTH.,#19183);
#19183 = SURFACE_SIDE_STYLE('',(#19184));
#19184 = SURFACE_STYLE_FILL_AREA(#19185);
#19185 = FILL_AREA_STYLE('',(#19186));
#19186 = FILL_AREA_STYLE_COLOUR('',#19055);
#19187 = MECHANICAL_DESIGN_GEOMETRIC_PRESENTATION_REPRESENTATION('',(
    #19188),#3382);
#19188 = STYLED_ITEM('color',(#19189),#3052);
#19189 = PRESENTATION_STYLE_ASSIGNMENT((#19190));
#19190 = SURFACE_STYLE_USAGE(.BOTH.,#19191);
#19191 = SURFACE_SIDE_STYLE('',(#19192));
#19192 = SURFACE_STYLE_FILL_AREA(#19193);
#19193 = FILL_AREA_STYLE('',(#19194));
#19194 = FILL_AREA_STYLE_COLOUR('',#19081);
#19195 = MECHANICAL_DESIGN_GEOMETRIC_PRESENTATION_REPRESENTATION('',(
    #19196),#12074);
#19196 = STYLED_ITEM('color',(#19197),#11744);
#19197 = PRESENTATION_STYLE_ASSIGNMENT((#19198));
#19198 = SURFACE_STYLE_USAGE(.BOTH.,#19199);
#19199 = SURFACE_SIDE_STYLE('',(#19200));
#19200 = SURFACE_STYLE_FILL_AREA(#19201);
#19201 = FILL_AREA_STYLE('',(#19202));
#19202 = FILL_AREA_STYLE_COLOUR('',#19021);
#19203 = MECHANICAL_DESIGN_GEOMETRIC_PRESENTATION_REPRESENTATION('',(
    #19204),#6206);
#19204 = STYLED_ITEM('color',(#19205),#6108);
#19205 = PRESENTATION_STYLE_ASSIGNMENT((#19206));
#19206 = SURFACE_STYLE_USAGE(.BOTH.,#19207);
#19207 = SURFACE_SIDE_STYLE('',(#19208));
#19208 = SURFACE_STYLE_FILL_AREA(#19209);
#19209 = FILL_AREA_STYLE('',(#19210));
#19210 = FILL_AREA_STYLE_COLOUR('',#19081);
#19211 = MECHANICAL_DESIGN_GEOMETRIC_PRESENTATION_REPRESENTATION('',(
    #19212),#10366);
#19212 = STYLED_ITEM('color',(#19213),#10036);
#19213 = PRESENTATION_STYLE_ASSIGNMENT((#19214));
#19214 = SURFACE_STYLE_USAGE(.BOTH.,#19215);
#19215 = SURFACE_SIDE_STYLE('',(#19216));
#19216 = SURFACE_STYLE_FILL_AREA(#19217);
#19217 = FILL_AREA_STYLE('',(#19218));
#19218 = FILL_AREA_STYLE_COLOUR('',#19021);
#19219 = MECHANICAL_DESIGN_GEOMETRIC_PRESENTATION_REPRESENTATION('',(
    #19220),#11190);
#19220 = STYLED_ITEM('color',(#19221),#11092);
#19221 = PRESENTATION_STYLE_ASSIGNMENT((#19222));
#19222 = SURFACE_STYLE_USAGE(.BOTH.,#19223);
#19223 = SURFACE_SIDE_STYLE('',(#19224));
#19224 = SURFACE_STYLE_FILL_AREA(#19225);
#19225 = FILL_AREA_STYLE('',(#19226));
#19226 = FILL_AREA_STYLE_COLOUR('',#19055);
#19227 = MECHANICAL_DESIGN_GEOMETRIC_PRESENTATION_REPRESENTATION('',(
    #19228),#7774);
#19228 = STYLED_ITEM('color',(#19229),#7676);
#19229 = PRESENTATION_STYLE_ASSIGNMENT((#19230));
#19230 = SURFACE_STYLE_USAGE(.BOTH.,#19231);
#19231 = SURFACE_SIDE_STYLE('',(#19232));
#19232 = SURFACE_STYLE_FILL_AREA(#19233);
#19233 = FILL_AREA_STYLE('',(#19234));
#19234 = FILL_AREA_STYLE_COLOUR('',#19081);
#19235 = MECHANICAL_DESIGN_GEOMETRIC_PRESENTATION_REPRESENTATION('',(
    #19236),#3754);
#19236 = STYLED_ITEM('color',(#19237),#3424);
#19237 = PRESENTATION_STYLE_ASSIGNMENT((#19238));
#19238 = SURFACE_STYLE_USAGE(.BOTH.,#19239);
#19239 = SURFACE_SIDE_STYLE('',(#19240));
#19240 = SURFACE_STYLE_FILL_AREA(#19241);
#19241 = FILL_AREA_STYLE('',(#19242));
#19242 = FILL_AREA_STYLE_COLOUR('',#19055);
#19243 = MECHANICAL_DESIGN_GEOMETRIC_PRESENTATION_REPRESENTATION('',(
    #19244),#9342);
#19244 = STYLED_ITEM('color',(#19245),#8700);
#19245 = PRESENTATION_STYLE_ASSIGNMENT((#19246));
#19246 = SURFACE_STYLE_USAGE(.BOTH.,#19247);
#19247 = SURFACE_SIDE_STYLE('',(#19248));
#19248 = SURFACE_STYLE_FILL_AREA(#19249);
#19249 = FILL_AREA_STYLE('',(#19250));
#19250 = FILL_AREA_STYLE_COLOUR('',#19021);
#19251 = MECHANICAL_DESIGN_GEOMETRIC_PRESENTATION_REPRESENTATION('',(
    #19252),#18722);
#19252 = STYLED_ITEM('color',(#19253),#18624);
#19253 = PRESENTATION_STYLE_ASSIGNMENT((#19254));
#19254 = SURFACE_STYLE_USAGE(.BOTH.,#19255);
#19255 = SURFACE_SIDE_STYLE('',(#19256));
#19256 = SURFACE_STYLE_FILL_AREA(#19257);
#19257 = FILL_AREA_STYLE('',(#19258));
#19258 = FILL_AREA_STYLE_COLOUR('',#19259);
#19259 = COLOUR_RGB('',0.720000003324,0.750000000934,0.78000000177);
#19260 = MECHANICAL_DESIGN_GEOMETRIC_PRESENTATION_REPRESENTATION('',(
    #19261),#6066);
#19261 = STYLED_ITEM('color',(#19262),#5968);
#19262 = PRESENTATION_STYLE_ASSIGNMENT((#19263));
#19263 = SURFACE_STYLE_USAGE(.BOTH.,#19264);
#19264 = SURFACE_SIDE_STYLE('',(#19265));
#19265 = SURFACE_STYLE_FILL_AREA(#19266);
#19266 = FILL_AREA_STYLE('',(#19267));
#19267 = FILL_AREA_STYLE_COLOUR('',#19081);
#19268 = MECHANICAL_DESIGN_GEOMETRIC_PRESENTATION_REPRESENTATION('',(
    #19269),#4498);
#19269 = STYLED_ITEM('color',(#19270),#4168);
#19270 = PRESENTATION_STYLE_ASSIGNMENT((#19271));
#19271 = SURFACE_STYLE_USAGE(.BOTH.,#19272);
#19272 = SURFACE_SIDE_STYLE('',(#19273));
#19273 = SURFACE_STYLE_FILL_AREA(#19274);
#19274 = FILL_AREA_STYLE('',(#19275));
#19275 = FILL_AREA_STYLE_COLOUR('',#19081);
#19276 = MECHANICAL_DESIGN_GEOMETRIC_PRESENTATION_REPRESENTATION('',(
    #19277),#11702);
#19277 = STYLED_ITEM('color',(#19278),#11372);
#19278 = PRESENTATION_STYLE_ASSIGNMENT((#19279));
#19279 = SURFACE_STYLE_USAGE(.BOTH.,#19280);
#19280 = SURFACE_SIDE_STYLE('',(#19281));
#19281 = SURFACE_STYLE_FILL_AREA(#19282);
#19282 = FILL_AREA_STYLE('',(#19283));
#19283 = FILL_AREA_STYLE_COLOUR('',#19021);
#19284 = MECHANICAL_DESIGN_GEOMETRIC_PRESENTATION_REPRESENTATION('',(
    #19285),#11330);
#19285 = STYLED_ITEM('color',(#19286),#11232);
#19286 = PRESENTATION_STYLE_ASSIGNMENT((#19287));
#19287 = SURFACE_STYLE_USAGE(.BOTH.,#19288);
#19288 = SURFACE_SIDE_STYLE('',(#19289));
#19289 = SURFACE_STYLE_FILL_AREA(#19290);
#19290 = FILL_AREA_STYLE('',(#19291));
#19291 = FILL_AREA_STYLE_COLOUR('',#19055);
#19292 = MECHANICAL_DESIGN_GEOMETRIC_PRESENTATION_REPRESENTATION('',(
    #19293),#12698);
#19293 = STYLED_ITEM('color',(#19294),#12116);
#19294 = PRESENTATION_STYLE_ASSIGNMENT((#19295));
#19295 = SURFACE_STYLE_USAGE(.BOTH.,#19296);
#19296 = SURFACE_SIDE_STYLE('',(#19297));
#19297 = SURFACE_STYLE_FILL_AREA(#19298);
#19298 = FILL_AREA_STYLE('',(#19299));
#19299 = FILL_AREA_STYLE_COLOUR('',#19064);
#19300 = MECHANICAL_DESIGN_GEOMETRIC_PRESENTATION_REPRESENTATION('',(
    #19301),#4126);
#19301 = STYLED_ITEM('color',(#19302),#3796);
#19302 = PRESENTATION_STYLE_ASSIGNMENT((#19303));
#19303 = SURFACE_STYLE_USAGE(.BOTH.,#19304);
#19304 = SURFACE_SIDE_STYLE('',(#19305));
#19305 = SURFACE_STYLE_FILL_AREA(#19306);
#19306 = FILL_AREA_STYLE('',(#19307));
#19307 = FILL_AREA_STYLE_COLOUR('',#19081);
#19308 = MECHANICAL_DESIGN_GEOMETRIC_PRESENTATION_REPRESENTATION('',(
    #19309),#17994);
#19309 = STYLED_ITEM('color',(#19310),#17896);
#19310 = PRESENTATION_STYLE_ASSIGNMENT((#19311));
#19311 = SURFACE_STYLE_USAGE(.BOTH.,#19312);
#19312 = SURFACE_SIDE_STYLE('',(#19313));
#19313 = SURFACE_STYLE_FILL_AREA(#19314);
#19314 = FILL_AREA_STYLE('',(#19315));
#19315 = FILL_AREA_STYLE_COLOUR('',#19259);
#19316 = MECHANICAL_DESIGN_GEOMETRIC_PRESENTATION_REPRESENTATION('',(
    #19317),#18582);
#19317 = STYLED_ITEM('color',(#19318),#18484);
#19318 = PRESENTATION_STYLE_ASSIGNMENT((#19319));
#19319 = SURFACE_STYLE_USAGE(.BOTH.,#19320);
#19320 = SURFACE_SIDE_STYLE('',(#19321));
#19321 = SURFACE_STYLE_FILL_AREA(#19322);
#19322 = FILL_AREA_STYLE('',(#19323));
#19323 = FILL_AREA_STYLE_COLOUR('',#19259);
#19324 = MECHANICAL_DESIGN_GEOMETRIC_PRESENTATION_REPRESENTATION('',(
    #19325),#6578);
#19325 = STYLED_ITEM('color',(#19326),#6248);
#19326 = PRESENTATION_STYLE_ASSIGNMENT((#19327));
#19327 = SURFACE_STYLE_USAGE(.BOTH.,#19328);
#19328 = SURFACE_SIDE_STYLE('',(#19329));
#19329 = SURFACE_STYLE_FILL_AREA(#19330);
#19330 = FILL_AREA_STYLE('',(#19331));
#19331 = FILL_AREA_STYLE_COLOUR('',#19021);
ENDSEC;
END-ISO-10303-21;
