ISO-10303-21;
HEADER;
FILE_DESCRIPTION(('Open CASCADE Model'),'2;1');
FILE_NAME('Open CASCADE Shape Model','2026-07-16T07:40:08',('Author'),(
    'Open CASCADE'),'Open CASCADE STEP processor 7.7','Open CASCADE 7.7'
  ,'Unknown');
FILE_SCHEMA(('AUTOMOTIVE_DESIGN { 1 0 10303 214 1 1 1 1 }'));
ENDSEC;
DATA;
#1 = APPLICATION_PROTOCOL_DEFINITION('international standard',
  'automotive_design',2000,#2);
#2 = APPLICATION_CONTEXT(
  'core data for automotive mechanical design processes');
#3 = SHAPE_DEFINITION_REPRESENTATION(#4,#10);
#4 = PRODUCT_DEFINITION_SHAPE('','',#5);
#5 = PRODUCT_DEFINITION('design','',#6,#9);
#6 = PRODUCT_DEFINITION_FORMATION('','',#7);
#7 = PRODUCT('v12_frames_plate','v12_frames_plate','',(#8));
#8 = PRODUCT_CONTEXT('',#2,'mechanical');
#9 = PRODUCT_DEFINITION_CONTEXT('part definition',#2,'design');
#10 = SHAPE_REPRESENTATION('',(#11,#15,#19),#23);
#11 = AXIS2_PLACEMENT_3D('',#12,#13,#14);
#12 = CARTESIAN_POINT('',(0.,0.,0.));
#13 = DIRECTION('',(0.,0.,1.));
#14 = DIRECTION('',(1.,0.,-0.));
#15 = AXIS2_PLACEMENT_3D('',#16,#17,#18);
#16 = CARTESIAN_POINT('',(-106.2671585929,-3.859163262194,10.));
#17 = DIRECTION('',(0.,0.,1.));
#18 = DIRECTION('',(1.,0.,-0.));
#19 = AXIS2_PLACEMENT_3D('',#20,#21,#22);
#20 = CARTESIAN_POINT('',(3.732841407057,-3.859163262194,24.));
#21 = DIRECTION('',(0.,0.,1.));
#22 = DIRECTION('',(1.,0.,-0.));
#23 = ( GEOMETRIC_REPRESENTATION_CONTEXT(3) 
GLOBAL_UNCERTAINTY_ASSIGNED_CONTEXT((#27)) GLOBAL_UNIT_ASSIGNED_CONTEXT(
(#24,#25,#26)) REPRESENTATION_CONTEXT('Context #1',
  '3D Context with UNIT and UNCERTAINTY') );
#24 = ( LENGTH_UNIT() NAMED_UNIT(*) SI_UNIT(.MILLI.,.METRE.) );
#25 = ( NAMED_UNIT(*) PLANE_ANGLE_UNIT() SI_UNIT($,.RADIAN.) );
#26 = ( NAMED_UNIT(*) SI_UNIT($,.STERADIAN.) SOLID_ANGLE_UNIT() );
#27 = UNCERTAINTY_MEASURE_WITH_UNIT(LENGTH_MEASURE(2.E-07),#24,
  'distance_accuracy_value','confusion accuracy');
#28 = PRODUCT_RELATED_PRODUCT_CATEGORY('part',$,(#7));
#29 = SHAPE_DEFINITION_REPRESENTATION(#30,#36);
#30 = PRODUCT_DEFINITION_SHAPE('','',#31);
#31 = PRODUCT_DEFINITION('design','',#32,#35);
#32 = PRODUCT_DEFINITION_FORMATION('','',#33);
#33 = PRODUCT('side_frame_left','side_frame_left','',(#34));
#34 = PRODUCT_CONTEXT('',#2,'mechanical');
#35 = PRODUCT_DEFINITION_CONTEXT('part definition',#2,'design');
#36 = ADVANCED_BREP_SHAPE_REPRESENTATION('',(#11,#37),#9229);
#37 = MANIFOLD_SOLID_BREP('',#38);
#38 = CLOSED_SHELL('',(#39,#305,#437,#730,#830,#879,#979,#1029,#1078,
    #1173,#1200,#1505,#1854,#1910,#1966,#2046,#2095,#2200,#2249,#2344,
    #2444,#2471,#2520,#2547,#2574,#2601,#2608,#2658,#2707,#2957,#3028,
    #3035,#3271,#3300,#3513,#3608,#3637,#3664,#3910,#3988,#4066,#4237,
    #4286,#4357,#4435,#4484,#4738,#4906,#4994,#5223,#5250,#5377,#5472,
    #5523,#5618,#5645,#5716,#5822,#5871,#5976,#6025,#6052,#6060,#6068,
    #6145,#6224,#6306,#6388,#6437,#6542,#6569,#6619,#6751,#6831,#6888,
    #7054,#7094,#7123,#7129,#7136,#7143,#7172,#7231,#7259,#7308,#7315,
    #7420,#7554,#7718,#7723,#7936,#7995,#7999,#8155,#8182,#8255,#8332,
    #8482,#8558,#8607,#8656,#8683,#8759,#8808,#8857,#8947,#8951,#8977,
    #9050,#9056,#9083,#9089,#9148,#9155,#9162,#9221,#9225));
#39 = ADVANCED_FACE('',(#40),#54,.F.);
#40 = FACE_BOUND('',#41,.T.);
#41 = EDGE_LOOP('',(#42,#77,#105,#133,#161,#190,#218,#246,#274));
#42 = ORIENTED_EDGE('',*,*,#43,.T.);
#43 = EDGE_CURVE('',#44,#46,#48,.T.);
#44 = VERTEX_POINT('',#45);
#45 = CARTESIAN_POINT('',(9.299525133111,56.16343567189,12.9));
#46 = VERTEX_POINT('',#47);
#47 = CARTESIAN_POINT('',(34.,12.57436237738,12.9));
#48 = SURFACE_CURVE('',#49,(#53,#65),.PCURVE_S1.);
#49 = LINE('',#50,#51);
#50 = CARTESIAN_POINT('',(45.92142549795,-8.463447324885,12.9));
#51 = VECTOR('',#52,1.);
#52 = DIRECTION('',(0.493012571981,-0.870022185849,5.473539088428E-17));
#53 = PCURVE('',#54,#59);
#54 = PLANE('',#55);
#55 = AXIS2_PLACEMENT_3D('',#56,#57,#58);
#56 = CARTESIAN_POINT('',(46.060629047686,-11.14311565729,12.9));
#57 = DIRECTION('',(-1.110223024625E-16,-0.,1.));
#58 = DIRECTION('',(-0.870022185849,-0.493012571981,-9.659186626638E-17)
  );
#59 = DEFINITIONAL_REPRESENTATION('',(#60),#64);
#60 = LINE('',#61,#62);
#61 = CARTESIAN_POINT('',(-1.2,-2.4));
#62 = VECTOR('',#63,1.);
#63 = DIRECTION('',(-1.209049612534E-16,1.));
#64 = ( GEOMETRIC_REPRESENTATION_CONTEXT(2) 
PARAMETRIC_REPRESENTATION_CONTEXT() REPRESENTATION_CONTEXT('2D SPACE',''
  ) );
#65 = PCURVE('',#66,#71);
#66 = PLANE('',#67);
#67 = AXIS2_PLACEMENT_3D('',#68,#69,#70);
#68 = CARTESIAN_POINT('',(44.738195325196,-6.375394078849,11.9));
#69 = DIRECTION('',(0.870022185849,0.493012571981,9.659186626638E-17));
#70 = DIRECTION('',(1.110223024625E-16,0.,-1.));
#71 = DEFINITIONAL_REPRESENTATION('',(#72),#76);
#72 = LINE('',#73,#74);
#73 = CARTESIAN_POINT('',(-1.,-2.4));
#74 = VECTOR('',#75,1.);
#75 = DIRECTION('',(-0.,-1.));
#76 = ( GEOMETRIC_REPRESENTATION_CONTEXT(2) 
PARAMETRIC_REPRESENTATION_CONTEXT() REPRESENTATION_CONTEXT('2D SPACE',''
  ) );
#77 = ORIENTED_EDGE('',*,*,#78,.T.);
#78 = EDGE_CURVE('',#46,#79,#81,.T.);
#79 = VERTEX_POINT('',#80);
#80 = CARTESIAN_POINT('',(34.,10.140347368029,12.9));
#81 = SURFACE_CURVE('',#82,(#86,#93),.PCURVE_S1.);
#82 = LINE('',#83,#84);
#83 = CARTESIAN_POINT('',(34.,-16.57155782864,12.9));
#84 = VECTOR('',#85,1.);
#85 = DIRECTION('',(-0.,-1.,0.));
#86 = PCURVE('',#54,#87);
#87 = DEFINITIONAL_REPRESENTATION('',(#88),#92);
#88 = LINE('',#89,#90);
#89 = CARTESIAN_POINT('',(13.169305083524,-1.223176622836));
#90 = VECTOR('',#91,1.);
#91 = DIRECTION('',(0.493012571981,0.870022185849));
#92 = ( GEOMETRIC_REPRESENTATION_CONTEXT(2) 
PARAMETRIC_REPRESENTATION_CONTEXT() REPRESENTATION_CONTEXT('2D SPACE',''
  ) );
#93 = PCURVE('',#94,#99);
#94 = PLANE('',#95);
#95 = AXIS2_PLACEMENT_3D('',#96,#97,#98);
#96 = CARTESIAN_POINT('',(34.,-22.,12.));
#97 = DIRECTION('',(1.,0.,1.110223024625E-16));
#98 = DIRECTION('',(1.110223024625E-16,0.,-1.));
#99 = DEFINITIONAL_REPRESENTATION('',(#100),#104);
#100 = LINE('',#101,#102);
#101 = CARTESIAN_POINT('',(-0.9,5.428442171351));
#102 = VECTOR('',#103,1.);
#103 = DIRECTION('',(-0.,-1.));
#104 = ( GEOMETRIC_REPRESENTATION_CONTEXT(2) 
PARAMETRIC_REPRESENTATION_CONTEXT() REPRESENTATION_CONTEXT('2D SPACE',''
  ) );
#105 = ORIENTED_EDGE('',*,*,#106,.T.);
#106 = EDGE_CURVE('',#79,#107,#109,.T.);
#107 = VERTEX_POINT('',#108);
#108 = CARTESIAN_POINT('',(6.,59.552112073912,12.9));
#109 = SURFACE_CURVE('',#110,(#114,#121),.PCURVE_S1.);
#110 = LINE('',#111,#112);
#111 = CARTESIAN_POINT('',(46.060629047686,-11.14311565729,12.9));
#112 = VECTOR('',#113,1.);
#113 = DIRECTION('',(-0.493012571981,0.870022185849,-5.473539088428E-17)
  );
#114 = PCURVE('',#54,#115);
#115 = DEFINITIONAL_REPRESENTATION('',(#116),#120);
#116 = LINE('',#117,#118);
#117 = CARTESIAN_POINT('',(6.181879441049E-15,-3.503065016594E-15));
#118 = VECTOR('',#119,1.);
#119 = DIRECTION('',(-2.398283814618E-17,-1.));
#120 = ( GEOMETRIC_REPRESENTATION_CONTEXT(2) 
PARAMETRIC_REPRESENTATION_CONTEXT() REPRESENTATION_CONTEXT('2D SPACE',''
  ) );
#121 = PCURVE('',#122,#127);
#122 = PLANE('',#123);
#123 = AXIS2_PLACEMENT_3D('',#124,#125,#126);
#124 = CARTESIAN_POINT('',(46.060629047686,-11.14311565729,12.9));
#125 = DIRECTION('',(0.870022185849,0.493012571981,9.659186626638E-17));
#126 = DIRECTION('',(1.110223024625E-16,0.,-1.));
#127 = DEFINITIONAL_REPRESENTATION('',(#128),#132);
#128 = LINE('',#129,#130);
#129 = CARTESIAN_POINT('',(-0.,0.));
#130 = VECTOR('',#131,1.);
#131 = DIRECTION('',(-0.,1.));
#132 = ( GEOMETRIC_REPRESENTATION_CONTEXT(2) 
PARAMETRIC_REPRESENTATION_CONTEXT() REPRESENTATION_CONTEXT('2D SPACE',''
  ) );
#133 = ORIENTED_EDGE('',*,*,#134,.F.);
#134 = EDGE_CURVE('',#135,#107,#137,.T.);
#135 = VERTEX_POINT('',#136);
#136 = CARTESIAN_POINT('',(6.,67.332419858832,12.9));
#137 = SURFACE_CURVE('',#138,(#142,#149),.PCURVE_S1.);
#138 = LINE('',#139,#140);
#139 = CARTESIAN_POINT('',(6.,-98.07155782865,12.9));
#140 = VECTOR('',#141,1.);
#141 = DIRECTION('',(-0.,-1.,0.));
#142 = PCURVE('',#54,#143);
#143 = DEFINITIONAL_REPRESENTATION('',(#144),#148);
#144 = LINE('',#145,#146);
#145 = CARTESIAN_POINT('',(77.710450903727,55.879279508361));
#146 = VECTOR('',#147,1.);
#147 = DIRECTION('',(0.493012571981,0.870022185849));
#148 = ( GEOMETRIC_REPRESENTATION_CONTEXT(2) 
PARAMETRIC_REPRESENTATION_CONTEXT() REPRESENTATION_CONTEXT('2D SPACE',''
  ) );
#149 = PCURVE('',#150,#155);
#150 = PLANE('',#151);
#151 = AXIS2_PLACEMENT_3D('',#152,#153,#154);
#152 = CARTESIAN_POINT('',(6.,-185.,-40.));
#153 = DIRECTION('',(1.,0.,1.110223024625E-16));
#154 = DIRECTION('',(1.110223024625E-16,0.,-1.));
#155 = DEFINITIONAL_REPRESENTATION('',(#156),#160);
#156 = LINE('',#157,#158);
#157 = CARTESIAN_POINT('',(-52.9,86.92844217135));
#158 = VECTOR('',#159,1.);
#159 = DIRECTION('',(-0.,-1.));
#160 = ( GEOMETRIC_REPRESENTATION_CONTEXT(2) 
PARAMETRIC_REPRESENTATION_CONTEXT() REPRESENTATION_CONTEXT('2D SPACE',''
  ) );
#161 = ORIENTED_EDGE('',*,*,#162,.F.);
#162 = EDGE_CURVE('',#163,#135,#165,.T.);
#163 = VERTEX_POINT('',#164);
#164 = CARTESIAN_POINT('',(18.939370952314,67.143115657299,12.9));
#165 = SURFACE_CURVE('',#166,(#171,#178),.PCURVE_S1.);
#166 = CIRCLE('',#167,7.5);
#167 = AXIS2_PLACEMENT_3D('',#168,#169,#170);
#168 = CARTESIAN_POINT('',(12.414204558449,63.445521367442,12.9));
#169 = DIRECTION('',(-1.110223024625E-16,4.919498050706E-34,1.));
#170 = DIRECTION('',(0.870022185849,0.493012571981,9.659186626638E-17));
#171 = PCURVE('',#54,#172);
#172 = DEFINITIONAL_REPRESENTATION('',(#173),#177);
#173 = CIRCLE('',#174,7.5);
#174 = AXIS2_PLACEMENT_2D('',#175,#176);
#175 = CARTESIAN_POINT('',(-7.5,-81.48187929913));
#176 = DIRECTION('',(-1.,-7.988116743429E-16));
#177 = ( GEOMETRIC_REPRESENTATION_CONTEXT(2) 
PARAMETRIC_REPRESENTATION_CONTEXT() REPRESENTATION_CONTEXT('2D SPACE',''
  ) );
#178 = PCURVE('',#179,#184);
#179 = CYLINDRICAL_SURFACE('',#180,7.5);
#180 = AXIS2_PLACEMENT_3D('',#181,#182,#183);
#181 = CARTESIAN_POINT('',(12.414204558449,63.445521367442,12.9));
#182 = DIRECTION('',(0.,0.,1.));
#183 = DIRECTION('',(-1.,-0.,0.));
#184 = DEFINITIONAL_REPRESENTATION('',(#185),#189);
#185 = LINE('',#186,#187);
#186 = CARTESIAN_POINT('',(-8.90922895331,0.));
#187 = VECTOR('',#188,1.);
#188 = DIRECTION('',(1.,-0.));
#189 = ( GEOMETRIC_REPRESENTATION_CONTEXT(2) 
PARAMETRIC_REPRESENTATION_CONTEXT() REPRESENTATION_CONTEXT('2D SPACE',''
  ) );
#190 = ORIENTED_EDGE('',*,*,#191,.F.);
#191 = EDGE_CURVE('',#192,#163,#194,.T.);
#192 = VERTEX_POINT('',#193);
#193 = CARTESIAN_POINT('',(36.58713649145,36.,12.9));
#194 = SURFACE_CURVE('',#195,(#199,#206),.PCURVE_S1.);
#195 = LINE('',#196,#197);
#196 = CARTESIAN_POINT('',(59.110961835415,-3.747927077586,12.9));
#197 = VECTOR('',#198,1.);
#198 = DIRECTION('',(-0.493012571981,0.870022185849,-5.473539088428E-17)
  );
#199 = PCURVE('',#54,#200);
#200 = DEFINITIONAL_REPRESENTATION('',(#201),#205);
#201 = LINE('',#202,#203);
#202 = CARTESIAN_POINT('',(-15.,3.163492213423E-15));
#203 = VECTOR('',#204,1.);
#204 = DIRECTION('',(-2.398283814618E-17,-1.));
#205 = ( GEOMETRIC_REPRESENTATION_CONTEXT(2) 
PARAMETRIC_REPRESENTATION_CONTEXT() REPRESENTATION_CONTEXT('2D SPACE',''
  ) );
#206 = PCURVE('',#207,#212);
#207 = PLANE('',#208);
#208 = AXIS2_PLACEMENT_3D('',#209,#210,#211);
#209 = CARTESIAN_POINT('',(59.110961835415,-3.747927077586,12.9));
#210 = DIRECTION('',(0.870022185849,0.493012571981,9.659186626638E-17));
#211 = DIRECTION('',(1.110223024625E-16,0.,-1.));
#212 = DEFINITIONAL_REPRESENTATION('',(#213),#217);
#213 = LINE('',#214,#215);
#214 = CARTESIAN_POINT('',(-0.,0.));
#215 = VECTOR('',#216,1.);
#216 = DIRECTION('',(-0.,1.));
#217 = ( GEOMETRIC_REPRESENTATION_CONTEXT(2) 
PARAMETRIC_REPRESENTATION_CONTEXT() REPRESENTATION_CONTEXT('2D SPACE',''
  ) );
#218 = ORIENTED_EDGE('',*,*,#219,.F.);
#219 = EDGE_CURVE('',#220,#192,#222,.T.);
#220 = VERTEX_POINT('',#221);
#221 = CARTESIAN_POINT('',(35.207861319485,36.,12.9));
#222 = SURFACE_CURVE('',#223,(#227,#234),.PCURVE_S1.);
#223 = LINE('',#224,#225);
#224 = CARTESIAN_POINT('',(40.030314523843,36.,12.9));
#225 = VECTOR('',#226,1.);
#226 = DIRECTION('',(1.,0.,1.110223024625E-16));
#227 = PCURVE('',#54,#228);
#228 = DEFINITIONAL_REPRESENTATION('',(#229),#233);
#229 = LINE('',#230,#231);
#230 = CARTESIAN_POINT('',(-17.995641278,-43.98857740513));
#231 = VECTOR('',#232,1.);
#232 = DIRECTION('',(-0.870022185849,0.493012571981));
#233 = ( GEOMETRIC_REPRESENTATION_CONTEXT(2) 
PARAMETRIC_REPRESENTATION_CONTEXT() REPRESENTATION_CONTEXT('2D SPACE',''
  ) );
#234 = PCURVE('',#235,#240);
#235 = PLANE('',#236);
#236 = AXIS2_PLACEMENT_3D('',#237,#238,#239);
#237 = CARTESIAN_POINT('',(34.,36.,12.));
#238 = DIRECTION('',(0.,1.,0.));
#239 = DIRECTION('',(-1.,0.,-1.110223024625E-16));
#240 = DEFINITIONAL_REPRESENTATION('',(#241),#245);
#241 = LINE('',#242,#243);
#242 = CARTESIAN_POINT('',(-6.030314523843,0.9));
#243 = VECTOR('',#244,1.);
#244 = DIRECTION('',(-1.,0.));
#245 = ( GEOMETRIC_REPRESENTATION_CONTEXT(2) 
PARAMETRIC_REPRESENTATION_CONTEXT() REPRESENTATION_CONTEXT('2D SPACE',''
  ) );
#246 = ORIENTED_EDGE('',*,*,#247,.F.);
#247 = EDGE_CURVE('',#248,#220,#250,.T.);
#248 = VERTEX_POINT('',#249);
#249 = CARTESIAN_POINT('',(20.261804674804,62.375394078849,12.9));
#250 = SURFACE_CURVE('',#251,(#255,#262),.PCURVE_S1.);
#251 = LINE('',#252,#253);
#252 = CARTESIAN_POINT('',(56.883705039643,-2.251488917926,12.9));
#253 = VECTOR('',#254,1.);
#254 = DIRECTION('',(0.493012571981,-0.870022185849,5.473539088428E-17)
  );
#255 = PCURVE('',#54,#256);
#256 = DEFINITIONAL_REPRESENTATION('',(#257),#261);
#257 = LINE('',#258,#259);
#258 = CARTESIAN_POINT('',(-13.8,-2.4));
#259 = VECTOR('',#260,1.);
#260 = DIRECTION('',(-1.209049612534E-16,1.));
#261 = ( GEOMETRIC_REPRESENTATION_CONTEXT(2) 
PARAMETRIC_REPRESENTATION_CONTEXT() REPRESENTATION_CONTEXT('2D SPACE',''
  ) );
#262 = PCURVE('',#263,#268);
#263 = PLANE('',#264);
#264 = AXIS2_PLACEMENT_3D('',#265,#266,#267);
#265 = CARTESIAN_POINT('',(55.700474866889,-0.16343567189,11.9));
#266 = DIRECTION('',(0.870022185849,0.493012571981,9.659186626638E-17));
#267 = DIRECTION('',(1.110223024625E-16,0.,-1.));
#268 = DEFINITIONAL_REPRESENTATION('',(#269),#273);
#269 = LINE('',#270,#271);
#270 = CARTESIAN_POINT('',(-1.,-2.4));
#271 = VECTOR('',#272,1.);
#272 = DIRECTION('',(-0.,-1.));
#273 = ( GEOMETRIC_REPRESENTATION_CONTEXT(2) 
PARAMETRIC_REPRESENTATION_CONTEXT() REPRESENTATION_CONTEXT('2D SPACE',''
  ) );
#274 = ORIENTED_EDGE('',*,*,#275,.F.);
#275 = EDGE_CURVE('',#44,#248,#276,.T.);
#276 = SURFACE_CURVE('',#277,(#282,#293),.PCURVE_S1.);
#277 = CIRCLE('',#278,6.3);
#278 = AXIS2_PLACEMENT_3D('',#279,#280,#281);
#279 = CARTESIAN_POINT('',(14.780664903958,59.269414875369,12.9));
#280 = DIRECTION('',(-0.,0.,-1.));
#281 = DIRECTION('',(-1.,-0.,0.));
#282 = PCURVE('',#54,#283);
#283 = DEFINITIONAL_REPRESENTATION('',(#284),#292);
#284 = ( BOUNDED_CURVE() B_SPLINE_CURVE(2,(#285,#286,#287,#288,#289,#290
,#291),.UNSPECIFIED.,.T.,.F.) B_SPLINE_CURVE_WITH_KNOTS((1,2,2,2,2,1),(
    -2.094395102393,0.,2.094395102393,4.188790204786,6.28318530718,
8.377580409573),.UNSPECIFIED.) CURVE() GEOMETRIC_REPRESENTATION_ITEM() 
RATIONAL_B_SPLINE_CURVE((1.,0.5,1.,0.5,1.,0.5,1.)) REPRESENTATION_ITEM(
  '') );
#285 = CARTESIAN_POINT('',(-2.018860229154,-79.78785850261));
#286 = CARTESIAN_POINT('',(-7.398574016833,-89.2814710691));
#287 = CARTESIAN_POINT('',(-12.93042677926,-79.87569598064));
#288 = CARTESIAN_POINT('',(-18.46227954169,-70.46992089217));
#289 = CARTESIAN_POINT('',(-7.550712991584,-70.38208341414));
#290 = CARTESIAN_POINT('',(3.360853558525,-70.29424593612));
#291 = CARTESIAN_POINT('',(-2.018860229154,-79.78785850261));
#292 = ( GEOMETRIC_REPRESENTATION_CONTEXT(2) 
PARAMETRIC_REPRESENTATION_CONTEXT() REPRESENTATION_CONTEXT('2D SPACE',''
  ) );
#293 = PCURVE('',#294,#299);
#294 = CYLINDRICAL_SURFACE('',#295,6.3);
#295 = AXIS2_PLACEMENT_3D('',#296,#297,#298);
#296 = CARTESIAN_POINT('',(14.780664903958,59.269414875369,11.9));
#297 = DIRECTION('',(0.,0.,1.));
#298 = DIRECTION('',(-1.,-0.,0.));
#299 = DEFINITIONAL_REPRESENTATION('',(#300),#304);
#300 = LINE('',#301,#302);
#301 = CARTESIAN_POINT('',(-8.881784197001E-16,1.));
#302 = VECTOR('',#303,1.);
#303 = DIRECTION('',(-1.,0.));
#304 = ( GEOMETRIC_REPRESENTATION_CONTEXT(2) 
PARAMETRIC_REPRESENTATION_CONTEXT() REPRESENTATION_CONTEXT('2D SPACE',''
  ) );
#305 = ADVANCED_FACE('',(#306),#66,.T.);
#306 = FACE_BOUND('',#307,.F.);
#307 = EDGE_LOOP('',(#308,#331,#332,#355,#383,#411));
#308 = ORIENTED_EDGE('',*,*,#309,.F.);
#309 = EDGE_CURVE('',#44,#310,#312,.T.);
#310 = VERTEX_POINT('',#311);
#311 = CARTESIAN_POINT('',(9.299525133111,56.16343567189,18.1));
#312 = SURFACE_CURVE('',#313,(#317,#324),.PCURVE_S1.);
#313 = LINE('',#314,#315);
#314 = CARTESIAN_POINT('',(9.299525133111,56.16343567189,11.9));
#315 = VECTOR('',#316,1.);
#316 = DIRECTION('',(-1.110223024625E-16,-0.,1.));
#317 = PCURVE('',#66,#318);
#318 = DEFINITIONAL_REPRESENTATION('',(#319),#323);
#319 = LINE('',#320,#321);
#320 = CARTESIAN_POINT('',(3.170944596666E-15,71.881879299133));
#321 = VECTOR('',#322,1.);
#322 = DIRECTION('',(-1.,0.));
#323 = ( GEOMETRIC_REPRESENTATION_CONTEXT(2) 
PARAMETRIC_REPRESENTATION_CONTEXT() REPRESENTATION_CONTEXT('2D SPACE',''
  ) );
#324 = PCURVE('',#294,#325);
#325 = DEFINITIONAL_REPRESENTATION('',(#326),#330);
#326 = LINE('',#327,#328);
#327 = CARTESIAN_POINT('',(-5.767636299721,-6.085287574782E-16));
#328 = VECTOR('',#329,1.);
#329 = DIRECTION('',(-0.,1.));
#330 = ( GEOMETRIC_REPRESENTATION_CONTEXT(2) 
PARAMETRIC_REPRESENTATION_CONTEXT() REPRESENTATION_CONTEXT('2D SPACE',''
  ) );
#331 = ORIENTED_EDGE('',*,*,#43,.T.);
#332 = ORIENTED_EDGE('',*,*,#333,.T.);
#333 = EDGE_CURVE('',#46,#334,#336,.T.);
#334 = VERTEX_POINT('',#335);
#335 = CARTESIAN_POINT('',(34.,12.57436237738,14.));
#336 = SURFACE_CURVE('',#337,(#341,#348),.PCURVE_S1.);
#337 = LINE('',#338,#339);
#338 = CARTESIAN_POINT('',(34.,12.57436237738,11.95));
#339 = VECTOR('',#340,1.);
#340 = DIRECTION('',(-1.110223024625E-16,-0.,1.));
#341 = PCURVE('',#66,#342);
#342 = DEFINITIONAL_REPRESENTATION('',(#343),#347);
#343 = LINE('',#344,#345);
#344 = CARTESIAN_POINT('',(-4.999999999999E-02,21.780773829055));
#345 = VECTOR('',#346,1.);
#346 = DIRECTION('',(-1.,0.));
#347 = ( GEOMETRIC_REPRESENTATION_CONTEXT(2) 
PARAMETRIC_REPRESENTATION_CONTEXT() REPRESENTATION_CONTEXT('2D SPACE',''
  ) );
#348 = PCURVE('',#94,#349);
#349 = DEFINITIONAL_REPRESENTATION('',(#350),#354);
#350 = LINE('',#351,#352);
#351 = CARTESIAN_POINT('',(5.E-02,34.57436237738));
#352 = VECTOR('',#353,1.);
#353 = DIRECTION('',(-1.,0.));
#354 = ( GEOMETRIC_REPRESENTATION_CONTEXT(2) 
PARAMETRIC_REPRESENTATION_CONTEXT() REPRESENTATION_CONTEXT('2D SPACE',''
  ) );
#355 = ORIENTED_EDGE('',*,*,#356,.F.);
#356 = EDGE_CURVE('',#357,#334,#359,.T.);
#357 = VERTEX_POINT('',#358);
#358 = CARTESIAN_POINT('',(44.738195325196,-6.375394078849,14.));
#359 = SURFACE_CURVE('',#360,(#364,#371),.PCURVE_S1.);
#360 = LINE('',#361,#362);
#361 = CARTESIAN_POINT('',(46.784120712415,-9.985850644528,14.));
#362 = VECTOR('',#363,1.);
#363 = DIRECTION('',(-0.493012571981,0.870022185849,-5.473539088428E-17)
  );
#364 = PCURVE('',#66,#365);
#365 = DEFINITIONAL_REPRESENTATION('',(#366),#370);
#366 = LINE('',#367,#368);
#367 = CARTESIAN_POINT('',(-2.1,-4.149844250418));
#368 = VECTOR('',#369,1.);
#369 = DIRECTION('',(-0.,1.));
#370 = ( GEOMETRIC_REPRESENTATION_CONTEXT(2) 
PARAMETRIC_REPRESENTATION_CONTEXT() REPRESENTATION_CONTEXT('2D SPACE',''
  ) );
#371 = PCURVE('',#372,#377);
#372 = PLANE('',#373);
#373 = AXIS2_PLACEMENT_3D('',#374,#375,#376);
#374 = CARTESIAN_POINT('',(34.,-22.,14.));
#375 = DIRECTION('',(-1.110223024625E-16,-0.,1.));
#376 = DIRECTION('',(-1.,0.,-1.110223024625E-16));
#377 = DEFINITIONAL_REPRESENTATION('',(#378),#382);
#378 = LINE('',#379,#380);
#379 = CARTESIAN_POINT('',(-12.78412071241,-12.01414935547));
#380 = VECTOR('',#381,1.);
#381 = DIRECTION('',(0.493012571981,-0.870022185849));
#382 = ( GEOMETRIC_REPRESENTATION_CONTEXT(2) 
PARAMETRIC_REPRESENTATION_CONTEXT() REPRESENTATION_CONTEXT('2D SPACE',''
  ) );
#383 = ORIENTED_EDGE('',*,*,#384,.T.);
#384 = EDGE_CURVE('',#357,#385,#387,.T.);
#385 = VERTEX_POINT('',#386);
#386 = CARTESIAN_POINT('',(44.738195325196,-6.375394078849,18.1));
#387 = SURFACE_CURVE('',#388,(#392,#399),.PCURVE_S1.);
#388 = LINE('',#389,#390);
#389 = CARTESIAN_POINT('',(44.738195325196,-6.375394078849,11.9));
#390 = VECTOR('',#391,1.);
#391 = DIRECTION('',(-1.110223024625E-16,-0.,1.));
#392 = PCURVE('',#66,#393);
#393 = DEFINITIONAL_REPRESENTATION('',(#394),#398);
#394 = LINE('',#395,#396);
#395 = CARTESIAN_POINT('',(-0.,0.));
#396 = VECTOR('',#397,1.);
#397 = DIRECTION('',(-1.,0.));
#398 = ( GEOMETRIC_REPRESENTATION_CONTEXT(2) 
PARAMETRIC_REPRESENTATION_CONTEXT() REPRESENTATION_CONTEXT('2D SPACE',''
  ) );
#399 = PCURVE('',#400,#405);
#400 = CYLINDRICAL_SURFACE('',#401,6.3);
#401 = AXIS2_PLACEMENT_3D('',#402,#403,#404);
#402 = CARTESIAN_POINT('',(50.219335096042,-3.269414875369,11.9));
#403 = DIRECTION('',(0.,0.,1.));
#404 = DIRECTION('',(-1.,-0.,0.));
#405 = DEFINITIONAL_REPRESENTATION('',(#406),#410);
#406 = LINE('',#407,#408);
#407 = CARTESIAN_POINT('',(-5.767636299721,-6.085287574782E-16));
#408 = VECTOR('',#409,1.);
#409 = DIRECTION('',(-0.,1.));
#410 = ( GEOMETRIC_REPRESENTATION_CONTEXT(2) 
PARAMETRIC_REPRESENTATION_CONTEXT() REPRESENTATION_CONTEXT('2D SPACE',''
  ) );
#411 = ORIENTED_EDGE('',*,*,#412,.F.);
#412 = EDGE_CURVE('',#310,#385,#413,.T.);
#413 = SURFACE_CURVE('',#414,(#418,#425),.PCURVE_S1.);
#414 = LINE('',#415,#416);
#415 = CARTESIAN_POINT('',(45.92142549795,-8.463447324885,18.1));
#416 = VECTOR('',#417,1.);
#417 = DIRECTION('',(0.493012571981,-0.870022185849,5.473539088428E-17)
  );
#418 = PCURVE('',#66,#419);
#419 = DEFINITIONAL_REPRESENTATION('',(#420),#424);
#420 = LINE('',#421,#422);
#421 = CARTESIAN_POINT('',(-6.2,-2.4));
#422 = VECTOR('',#423,1.);
#423 = DIRECTION('',(-0.,-1.));
#424 = ( GEOMETRIC_REPRESENTATION_CONTEXT(2) 
PARAMETRIC_REPRESENTATION_CONTEXT() REPRESENTATION_CONTEXT('2D SPACE',''
  ) );
#425 = PCURVE('',#426,#431);
#426 = PLANE('',#427);
#427 = AXIS2_PLACEMENT_3D('',#428,#429,#430);
#428 = CARTESIAN_POINT('',(46.060629047686,-11.14311565729,18.1));
#429 = DIRECTION('',(-1.110223024625E-16,-0.,1.));
#430 = DIRECTION('',(-0.870022185849,-0.493012571981,-9.659186626638E-17
    ));
#431 = DEFINITIONAL_REPRESENTATION('',(#432),#436);
#432 = LINE('',#433,#434);
#433 = CARTESIAN_POINT('',(-1.2,-2.4));
#434 = VECTOR('',#435,1.);
#435 = DIRECTION('',(-1.209049612534E-16,1.));
#436 = ( GEOMETRIC_REPRESENTATION_CONTEXT(2) 
PARAMETRIC_REPRESENTATION_CONTEXT() REPRESENTATION_CONTEXT('2D SPACE',''
  ) );
#437 = ADVANCED_FACE('',(#438),#294,.F.);
#438 = FACE_BOUND('',#439,.T.);
#439 = EDGE_LOOP('',(#440,#441,#442,#465,#493,#521,#554,#582,#615,#643,
    #676,#704));
#440 = ORIENTED_EDGE('',*,*,#309,.F.);
#441 = ORIENTED_EDGE('',*,*,#275,.T.);
#442 = ORIENTED_EDGE('',*,*,#443,.T.);
#443 = EDGE_CURVE('',#248,#444,#446,.T.);
#444 = VERTEX_POINT('',#445);
#445 = CARTESIAN_POINT('',(20.261804674804,62.375394078849,18.1));
#446 = SURFACE_CURVE('',#447,(#451,#458),.PCURVE_S1.);
#447 = LINE('',#448,#449);
#448 = CARTESIAN_POINT('',(20.261804674804,62.375394078849,11.9));
#449 = VECTOR('',#450,1.);
#450 = DIRECTION('',(-1.110223024625E-16,-0.,1.));
#451 = PCURVE('',#294,#452);
#452 = DEFINITIONAL_REPRESENTATION('',(#453),#457);
#453 = LINE('',#454,#455);
#454 = CARTESIAN_POINT('',(-8.90922895331,6.085287574782E-16));
#455 = VECTOR('',#456,1.);
#456 = DIRECTION('',(-0.,1.));
#457 = ( GEOMETRIC_REPRESENTATION_CONTEXT(2) 
PARAMETRIC_REPRESENTATION_CONTEXT() REPRESENTATION_CONTEXT('2D SPACE',''
  ) );
#458 = PCURVE('',#263,#459);
#459 = DEFINITIONAL_REPRESENTATION('',(#460),#464);
#460 = LINE('',#461,#462);
#461 = CARTESIAN_POINT('',(-3.817690821345E-16,71.881879299133));
#462 = VECTOR('',#463,1.);
#463 = DIRECTION('',(-1.,0.));
#464 = ( GEOMETRIC_REPRESENTATION_CONTEXT(2) 
PARAMETRIC_REPRESENTATION_CONTEXT() REPRESENTATION_CONTEXT('2D SPACE',''
  ) );
#465 = ORIENTED_EDGE('',*,*,#466,.F.);
#466 = EDGE_CURVE('',#467,#444,#469,.T.);
#467 = VERTEX_POINT('',#468);
#468 = CARTESIAN_POINT('',(16.421191986468,65.352068152644,18.1));
#469 = SURFACE_CURVE('',#470,(#475,#482),.PCURVE_S1.);
#470 = CIRCLE('',#471,6.3);
#471 = AXIS2_PLACEMENT_3D('',#472,#473,#474);
#472 = CARTESIAN_POINT('',(14.780664903958,59.269414875369,18.1));
#473 = DIRECTION('',(-0.,0.,-1.));
#474 = DIRECTION('',(-1.,-0.,0.));
#475 = PCURVE('',#294,#476);
#476 = DEFINITIONAL_REPRESENTATION('',(#477),#481);
#477 = LINE('',#478,#479);
#478 = CARTESIAN_POINT('',(-8.881784197001E-16,6.2));
#479 = VECTOR('',#480,1.);
#480 = DIRECTION('',(-1.,0.));
#481 = ( GEOMETRIC_REPRESENTATION_CONTEXT(2) 
PARAMETRIC_REPRESENTATION_CONTEXT() REPRESENTATION_CONTEXT('2D SPACE',''
  ) );
#482 = PCURVE('',#426,#483);
#483 = DEFINITIONAL_REPRESENTATION('',(#484),#492);
#484 = ( BOUNDED_CURVE() B_SPLINE_CURVE(2,(#485,#486,#487,#488,#489,#490
,#491),.UNSPECIFIED.,.T.,.F.) B_SPLINE_CURVE_WITH_KNOTS((1,2,2,2,2,1),(
    -2.094395102393,0.,2.094395102393,4.188790204786,6.28318530718,
8.377580409573),.UNSPECIFIED.) CURVE() GEOMETRIC_REPRESENTATION_ITEM() 
RATIONAL_B_SPLINE_CURVE((1.,0.5,1.,0.5,1.,0.5,1.)) REPRESENTATION_ITEM(
  '') );
#485 = CARTESIAN_POINT('',(-2.018860229154,-79.78785850261));
#486 = CARTESIAN_POINT('',(-7.398574016833,-89.2814710691));
#487 = CARTESIAN_POINT('',(-12.93042677926,-79.87569598064));
#488 = CARTESIAN_POINT('',(-18.46227954169,-70.46992089217));
#489 = CARTESIAN_POINT('',(-7.550712991584,-70.38208341414));
#490 = CARTESIAN_POINT('',(3.360853558525,-70.29424593612));
#491 = CARTESIAN_POINT('',(-2.018860229154,-79.78785850261));
#492 = ( GEOMETRIC_REPRESENTATION_CONTEXT(2) 
PARAMETRIC_REPRESENTATION_CONTEXT() REPRESENTATION_CONTEXT('2D SPACE',''
  ) );
#493 = ORIENTED_EDGE('',*,*,#494,.T.);
#494 = EDGE_CURVE('',#467,#495,#497,.T.);
#495 = VERTEX_POINT('',#496);
#496 = CARTESIAN_POINT('',(16.421191986468,65.352068152644,22.));
#497 = SURFACE_CURVE('',#498,(#502,#509),.PCURVE_S1.);
#498 = LINE('',#499,#500);
#499 = CARTESIAN_POINT('',(16.421191986468,65.352068152644,-0.5));
#500 = VECTOR('',#501,1.);
#501 = DIRECTION('',(0.,0.,1.));
#502 = PCURVE('',#294,#503);
#503 = DEFINITIONAL_REPRESENTATION('',(#504),#508);
#504 = LINE('',#505,#506);
#505 = CARTESIAN_POINT('',(-8.117419270889,-12.4));
#506 = VECTOR('',#507,1.);
#507 = DIRECTION('',(-0.,1.));
#508 = ( GEOMETRIC_REPRESENTATION_CONTEXT(2) 
PARAMETRIC_REPRESENTATION_CONTEXT() REPRESENTATION_CONTEXT('2D SPACE',''
  ) );
#509 = PCURVE('',#510,#515);
#510 = PLANE('',#511);
#511 = AXIS2_PLACEMENT_3D('',#512,#513,#514);
#512 = CARTESIAN_POINT('',(16.421191986468,59.815543553291,15.5));
#513 = DIRECTION('',(1.,0.,1.110223024625E-16));
#514 = DIRECTION('',(1.110223024625E-16,0.,-1.));
#515 = DEFINITIONAL_REPRESENTATION('',(#516),#520);
#516 = LINE('',#517,#518);
#517 = CARTESIAN_POINT('',(16.,5.536524599353));
#518 = VECTOR('',#519,1.);
#519 = DIRECTION('',(-1.,0.));
#520 = ( GEOMETRIC_REPRESENTATION_CONTEXT(2) 
PARAMETRIC_REPRESENTATION_CONTEXT() REPRESENTATION_CONTEXT('2D SPACE',''
  ) );
#521 = ORIENTED_EDGE('',*,*,#522,.F.);
#522 = EDGE_CURVE('',#523,#495,#525,.T.);
#523 = VERTEX_POINT('',#524);
#524 = CARTESIAN_POINT('',(16.385416077402,65.361604438353,22.));
#525 = SURFACE_CURVE('',#526,(#531,#538),.PCURVE_S1.);
#526 = CIRCLE('',#527,6.3);
#527 = AXIS2_PLACEMENT_3D('',#528,#529,#530);
#528 = CARTESIAN_POINT('',(14.780664903958,59.269414875369,22.));
#529 = DIRECTION('',(-0.,0.,-1.));
#530 = DIRECTION('',(-1.,-0.,0.));
#531 = PCURVE('',#294,#532);
#532 = DEFINITIONAL_REPRESENTATION('',(#533),#537);
#533 = LINE('',#534,#535);
#534 = CARTESIAN_POINT('',(-0.,10.1));
#535 = VECTOR('',#536,1.);
#536 = DIRECTION('',(-1.,0.));
#537 = ( GEOMETRIC_REPRESENTATION_CONTEXT(2) 
PARAMETRIC_REPRESENTATION_CONTEXT() REPRESENTATION_CONTEXT('2D SPACE',''
  ) );
#538 = PCURVE('',#539,#544);
#539 = PLANE('',#540);
#540 = AXIS2_PLACEMENT_3D('',#541,#542,#543);
#541 = CARTESIAN_POINT('',(7.421191986468,59.815543553291,22.));
#542 = DIRECTION('',(-1.110223024625E-16,-0.,1.));
#543 = DIRECTION('',(-1.,0.,-1.110223024625E-16));
#544 = DEFINITIONAL_REPRESENTATION('',(#545),#553);
#545 = ( BOUNDED_CURVE() B_SPLINE_CURVE(2,(#546,#547,#548,#549,#550,#551
,#552),.UNSPECIFIED.,.T.,.F.) B_SPLINE_CURVE_WITH_KNOTS((1,2,2,2,2,1),(
    -2.094395102393,0.,2.094395102393,4.188790204786,6.28318530718,
8.377580409573),.UNSPECIFIED.) CURVE() GEOMETRIC_REPRESENTATION_ITEM() 
RATIONAL_B_SPLINE_CURVE((1.,0.5,1.,0.5,1.,0.5,1.)) REPRESENTATION_ITEM(
  '') );
#546 = CARTESIAN_POINT('',(-1.059472917489,0.546128677922));
#547 = CARTESIAN_POINT('',(-1.059472917489,-10.36579140976));
#548 = CARTESIAN_POINT('',(-10.50947291748,-4.90983136592));
#549 = CARTESIAN_POINT('',(-19.95947291748,0.546128677922));
#550 = CARTESIAN_POINT('',(-10.50947291748,6.002088721764));
#551 = CARTESIAN_POINT('',(-1.059472917489,11.458048765606));
#552 = CARTESIAN_POINT('',(-1.059472917489,0.546128677922));
#553 = ( GEOMETRIC_REPRESENTATION_CONTEXT(2) 
PARAMETRIC_REPRESENTATION_CONTEXT() REPRESENTATION_CONTEXT('2D SPACE',''
  ) );
#554 = ORIENTED_EDGE('',*,*,#555,.T.);
#555 = EDGE_CURVE('',#523,#556,#558,.T.);
#556 = VERTEX_POINT('',#557);
#557 = CARTESIAN_POINT('',(16.385416077402,65.361604438353,24.));
#558 = SURFACE_CURVE('',#559,(#563,#570),.PCURVE_S1.);
#559 = LINE('',#560,#561);
#560 = CARTESIAN_POINT('',(16.385416077402,65.361604438353,-0.5));
#561 = VECTOR('',#562,1.);
#562 = DIRECTION('',(0.,0.,1.));
#563 = PCURVE('',#294,#564);
#564 = DEFINITIONAL_REPRESENTATION('',(#565),#569);
#565 = LINE('',#566,#567);
#566 = CARTESIAN_POINT('',(-8.111542265894,-12.4));
#567 = VECTOR('',#568,1.);
#568 = DIRECTION('',(-0.,1.));
#569 = ( GEOMETRIC_REPRESENTATION_CONTEXT(2) 
PARAMETRIC_REPRESENTATION_CONTEXT() REPRESENTATION_CONTEXT('2D SPACE',''
  ) );
#570 = PCURVE('',#571,#576);
#571 = PLANE('',#572);
#572 = AXIS2_PLACEMENT_3D('',#573,#574,#575);
#573 = CARTESIAN_POINT('',(14.496894336681,116.16715658744,20.));
#574 = DIRECTION('',(-0.999309852596,-3.714590832131E-02,
    -1.109456807087E-16));
#575 = DIRECTION('',(1.110223024625E-16,0.,-1.));
#576 = DEFINITIONAL_REPRESENTATION('',(#577),#581);
#577 = LINE('',#578,#579);
#578 = CARTESIAN_POINT('',(20.5,50.840639684601));
#579 = VECTOR('',#580,1.);
#580 = DIRECTION('',(-1.,4.124024268893E-18));
#581 = ( GEOMETRIC_REPRESENTATION_CONTEXT(2) 
PARAMETRIC_REPRESENTATION_CONTEXT() REPRESENTATION_CONTEXT('2D SPACE',''
  ) );
#582 = ORIENTED_EDGE('',*,*,#583,.F.);
#583 = EDGE_CURVE('',#584,#556,#586,.T.);
#584 = VERTEX_POINT('',#585);
#585 = CARTESIAN_POINT('',(10.961594161791,64.279873803085,24.));
#586 = SURFACE_CURVE('',#587,(#592,#599),.PCURVE_S1.);
#587 = CIRCLE('',#588,6.3);
#588 = AXIS2_PLACEMENT_3D('',#589,#590,#591);
#589 = CARTESIAN_POINT('',(14.780664903958,59.269414875369,24.));
#590 = DIRECTION('',(-0.,0.,-1.));
#591 = DIRECTION('',(-1.,-0.,0.));
#592 = PCURVE('',#294,#593);
#593 = DEFINITIONAL_REPRESENTATION('',(#594),#598);
#594 = LINE('',#595,#596);
#595 = CARTESIAN_POINT('',(-0.,12.1));
#596 = VECTOR('',#597,1.);
#597 = DIRECTION('',(-1.,0.));
#598 = ( GEOMETRIC_REPRESENTATION_CONTEXT(2) 
PARAMETRIC_REPRESENTATION_CONTEXT() REPRESENTATION_CONTEXT('2D SPACE',''
  ) );
#599 = PCURVE('',#600,#605);
#600 = PLANE('',#601);
#601 = AXIS2_PLACEMENT_3D('',#602,#603,#604);
#602 = CARTESIAN_POINT('',(12.954525103328,119.39422766086,24.));
#603 = DIRECTION('',(-1.110223024625E-16,-0.,1.));
#604 = DIRECTION('',(0.656561134073,0.754272813526,7.289292881217E-17));
#605 = DEFINITIONAL_REPRESENTATION('',(#606),#614);
#606 = ( BOUNDED_CURVE() B_SPLINE_CURVE(2,(#607,#608,#609,#610,#611,#612
,#613),.UNSPECIFIED.,.T.,.F.) B_SPLINE_CURVE_WITH_KNOTS((1,2,2,2,2,1),(
    -2.094395102393,0.,2.094395102393,4.188790204786,6.28318530718,
8.377580409573),.UNSPECIFIED.) CURVE() GEOMETRIC_REPRESENTATION_ITEM() 
RATIONAL_B_SPLINE_CURVE((1.,0.5,1.,0.5,1.,0.5,1.)) REPRESENTATION_ITEM(
  '') );
#607 = CARTESIAN_POINT('',(-48.28787442864,-36.10110414846));
#608 = CARTESIAN_POINT('',(-40.05730976313,-28.93676152077));
#609 = CARTESIAN_POINT('',(-37.9680893789,-39.64681092244));
#610 = CARTESIAN_POINT('',(-35.87886899467,-50.35686032411));
#611 = CARTESIAN_POINT('',(-46.19865404441,-46.81115355012));
#612 = CARTESIAN_POINT('',(-56.51843909416,-43.26544677614));
#613 = CARTESIAN_POINT('',(-48.28787442864,-36.10110414846));
#614 = ( GEOMETRIC_REPRESENTATION_CONTEXT(2) 
PARAMETRIC_REPRESENTATION_CONTEXT() REPRESENTATION_CONTEXT('2D SPACE',''
  ) );
#615 = ORIENTED_EDGE('',*,*,#616,.F.);
#616 = EDGE_CURVE('',#617,#584,#619,.T.);
#617 = VERTEX_POINT('',#618);
#618 = CARTESIAN_POINT('',(10.961594161791,64.279873803085,22.));
#619 = SURFACE_CURVE('',#620,(#624,#631),.PCURVE_S1.);
#620 = LINE('',#621,#622);
#621 = CARTESIAN_POINT('',(10.961594161791,64.279873803085,-0.5));
#622 = VECTOR('',#623,1.);
#623 = DIRECTION('',(0.,0.,1.));
#624 = PCURVE('',#294,#625);
#625 = DEFINITIONAL_REPRESENTATION('',(#626),#630);
#626 = LINE('',#627,#628);
#627 = CARTESIAN_POINT('',(-7.202705647311,-12.4));
#628 = VECTOR('',#629,1.);
#629 = DIRECTION('',(-0.,1.));
#630 = ( GEOMETRIC_REPRESENTATION_CONTEXT(2) 
PARAMETRIC_REPRESENTATION_CONTEXT() REPRESENTATION_CONTEXT('2D SPACE',''
  ) );
#631 = PCURVE('',#632,#637);
#632 = PLANE('',#633);
#633 = AXIS2_PLACEMENT_3D('',#634,#635,#636);
#634 = CARTESIAN_POINT('',(16.418086323149,64.482700140737,20.));
#635 = DIRECTION('',(3.714590832131E-02,-0.999309852596,
    4.124024268893E-18));
#636 = DIRECTION('',(0.999309852596,3.714590832131E-02,
    1.109456807087E-16));
#637 = DEFINITIONAL_REPRESENTATION('',(#638),#642);
#638 = LINE('',#639,#640);
#639 = CARTESIAN_POINT('',(-5.460260546001,-20.5));
#640 = VECTOR('',#641,1.);
#641 = DIRECTION('',(1.109456807087E-16,1.));
#642 = ( GEOMETRIC_REPRESENTATION_CONTEXT(2) 
PARAMETRIC_REPRESENTATION_CONTEXT() REPRESENTATION_CONTEXT('2D SPACE',''
  ) );
#643 = ORIENTED_EDGE('',*,*,#644,.F.);
#644 = EDGE_CURVE('',#645,#617,#647,.T.);
#645 = VERTEX_POINT('',#646);
#646 = CARTESIAN_POINT('',(8.504380695355,59.815543553291,22.));
#647 = SURFACE_CURVE('',#648,(#653,#660),.PCURVE_S1.);
#648 = CIRCLE('',#649,6.3);
#649 = AXIS2_PLACEMENT_3D('',#650,#651,#652);
#650 = CARTESIAN_POINT('',(14.780664903958,59.269414875369,22.));
#651 = DIRECTION('',(-0.,0.,-1.));
#652 = DIRECTION('',(-1.,-0.,0.));
#653 = PCURVE('',#294,#654);
#654 = DEFINITIONAL_REPRESENTATION('',(#655),#659);
#655 = LINE('',#656,#657);
#656 = CARTESIAN_POINT('',(-0.,10.1));
#657 = VECTOR('',#658,1.);
#658 = DIRECTION('',(-1.,0.));
#659 = ( GEOMETRIC_REPRESENTATION_CONTEXT(2) 
PARAMETRIC_REPRESENTATION_CONTEXT() REPRESENTATION_CONTEXT('2D SPACE',''
  ) );
#660 = PCURVE('',#661,#666);
#661 = PLANE('',#662);
#662 = AXIS2_PLACEMENT_3D('',#663,#664,#665);
#663 = CARTESIAN_POINT('',(7.421191986468,59.815543553291,22.));
#664 = DIRECTION('',(-1.110223024625E-16,-0.,1.));
#665 = DIRECTION('',(-1.,0.,-1.110223024625E-16));
#666 = DEFINITIONAL_REPRESENTATION('',(#667),#675);
#667 = ( BOUNDED_CURVE() B_SPLINE_CURVE(2,(#668,#669,#670,#671,#672,#673
,#674),.UNSPECIFIED.,.T.,.F.) B_SPLINE_CURVE_WITH_KNOTS((1,2,2,2,2,1),(
    -2.094395102393,0.,2.094395102393,4.188790204786,6.28318530718,
8.377580409573),.UNSPECIFIED.) CURVE() GEOMETRIC_REPRESENTATION_ITEM() 
RATIONAL_B_SPLINE_CURVE((1.,0.5,1.,0.5,1.,0.5,1.)) REPRESENTATION_ITEM(
  '') );
#668 = CARTESIAN_POINT('',(-1.059472917489,0.546128677922));
#669 = CARTESIAN_POINT('',(-1.059472917489,-10.36579140976));
#670 = CARTESIAN_POINT('',(-10.50947291748,-4.90983136592));
#671 = CARTESIAN_POINT('',(-19.95947291748,0.546128677922));
#672 = CARTESIAN_POINT('',(-10.50947291748,6.002088721764));
#673 = CARTESIAN_POINT('',(-1.059472917489,11.458048765606));
#674 = CARTESIAN_POINT('',(-1.059472917489,0.546128677922));
#675 = ( GEOMETRIC_REPRESENTATION_CONTEXT(2) 
PARAMETRIC_REPRESENTATION_CONTEXT() REPRESENTATION_CONTEXT('2D SPACE',''
  ) );
#676 = ORIENTED_EDGE('',*,*,#677,.F.);
#677 = EDGE_CURVE('',#678,#645,#680,.T.);
#678 = VERTEX_POINT('',#679);
#679 = CARTESIAN_POINT('',(8.504380695355,59.815543553291,18.1));
#680 = SURFACE_CURVE('',#681,(#685,#692),.PCURVE_S1.);
#681 = LINE('',#682,#683);
#682 = CARTESIAN_POINT('',(8.504380695355,59.815543553291,-0.5));
#683 = VECTOR('',#684,1.);
#684 = DIRECTION('',(0.,0.,1.));
#685 = PCURVE('',#294,#686);
#686 = DEFINITIONAL_REPRESENTATION('',(#687),#691);
#687 = LINE('',#688,#689);
#688 = CARTESIAN_POINT('',(-6.369981338258,-12.4));
#689 = VECTOR('',#690,1.);
#690 = DIRECTION('',(-0.,1.));
#691 = ( GEOMETRIC_REPRESENTATION_CONTEXT(2) 
PARAMETRIC_REPRESENTATION_CONTEXT() REPRESENTATION_CONTEXT('2D SPACE',''
  ) );
#692 = PCURVE('',#693,#698);
#693 = PLANE('',#694);
#694 = AXIS2_PLACEMENT_3D('',#695,#696,#697);
#695 = CARTESIAN_POINT('',(7.421191986468,59.815543553291,15.5));
#696 = DIRECTION('',(0.,1.,0.));
#697 = DIRECTION('',(-1.,0.,-1.110223024625E-16));
#698 = DEFINITIONAL_REPRESENTATION('',(#699),#703);
#699 = LINE('',#700,#701);
#700 = CARTESIAN_POINT('',(-1.083188708887,-16.));
#701 = VECTOR('',#702,1.);
#702 = DIRECTION('',(-1.110223024625E-16,1.));
#703 = ( GEOMETRIC_REPRESENTATION_CONTEXT(2) 
PARAMETRIC_REPRESENTATION_CONTEXT() REPRESENTATION_CONTEXT('2D SPACE',''
  ) );
#704 = ORIENTED_EDGE('',*,*,#705,.F.);
#705 = EDGE_CURVE('',#310,#678,#706,.T.);
#706 = SURFACE_CURVE('',#707,(#712,#719),.PCURVE_S1.);
#707 = CIRCLE('',#708,6.3);
#708 = AXIS2_PLACEMENT_3D('',#709,#710,#711);
#709 = CARTESIAN_POINT('',(14.780664903958,59.269414875369,18.1));
#710 = DIRECTION('',(-0.,0.,-1.));
#711 = DIRECTION('',(-1.,-0.,0.));
#712 = PCURVE('',#294,#713);
#713 = DEFINITIONAL_REPRESENTATION('',(#714),#718);
#714 = LINE('',#715,#716);
#715 = CARTESIAN_POINT('',(-8.881784197001E-16,6.2));
#716 = VECTOR('',#717,1.);
#717 = DIRECTION('',(-1.,0.));
#718 = ( GEOMETRIC_REPRESENTATION_CONTEXT(2) 
PARAMETRIC_REPRESENTATION_CONTEXT() REPRESENTATION_CONTEXT('2D SPACE',''
  ) );
#719 = PCURVE('',#426,#720);
#720 = DEFINITIONAL_REPRESENTATION('',(#721),#729);
#721 = ( BOUNDED_CURVE() B_SPLINE_CURVE(2,(#722,#723,#724,#725,#726,#727
,#728),.UNSPECIFIED.,.T.,.F.) B_SPLINE_CURVE_WITH_KNOTS((1,2,2,2,2,1),(
    -2.094395102393,0.,2.094395102393,4.188790204786,6.28318530718,
8.377580409573),.UNSPECIFIED.) CURVE() GEOMETRIC_REPRESENTATION_ITEM() 
RATIONAL_B_SPLINE_CURVE((1.,0.5,1.,0.5,1.,0.5,1.)) REPRESENTATION_ITEM(
  '') );
#722 = CARTESIAN_POINT('',(-2.018860229154,-79.78785850261));
#723 = CARTESIAN_POINT('',(-7.398574016833,-89.2814710691));
#724 = CARTESIAN_POINT('',(-12.93042677926,-79.87569598064));
#725 = CARTESIAN_POINT('',(-18.46227954169,-70.46992089217));
#726 = CARTESIAN_POINT('',(-7.550712991584,-70.38208341414));
#727 = CARTESIAN_POINT('',(3.360853558525,-70.29424593612));
#728 = CARTESIAN_POINT('',(-2.018860229154,-79.78785850261));
#729 = ( GEOMETRIC_REPRESENTATION_CONTEXT(2) 
PARAMETRIC_REPRESENTATION_CONTEXT() REPRESENTATION_CONTEXT('2D SPACE',''
  ) );
#730 = ADVANCED_FACE('',(#731),#263,.F.);
#731 = FACE_BOUND('',#732,.T.);
#732 = EDGE_LOOP('',(#733,#734,#735,#758,#786,#809));
#733 = ORIENTED_EDGE('',*,*,#443,.F.);
#734 = ORIENTED_EDGE('',*,*,#247,.T.);
#735 = ORIENTED_EDGE('',*,*,#736,.F.);
#736 = EDGE_CURVE('',#737,#220,#739,.T.);
#737 = VERTEX_POINT('',#738);
#738 = CARTESIAN_POINT('',(35.207861319485,36.,14.));
#739 = SURFACE_CURVE('',#740,(#744,#751),.PCURVE_S1.);
#740 = LINE('',#741,#742);
#741 = CARTESIAN_POINT('',(35.207861319485,36.,11.95));
#742 = VECTOR('',#743,1.);
#743 = DIRECTION('',(1.110223024625E-16,0.,-1.));
#744 = PCURVE('',#263,#745);
#745 = DEFINITIONAL_REPRESENTATION('',(#746),#750);
#746 = LINE('',#747,#748);
#747 = CARTESIAN_POINT('',(-5.E-02,41.566107462669));
#748 = VECTOR('',#749,1.);
#749 = DIRECTION('',(1.,-0.));
#750 = ( GEOMETRIC_REPRESENTATION_CONTEXT(2) 
PARAMETRIC_REPRESENTATION_CONTEXT() REPRESENTATION_CONTEXT('2D SPACE',''
  ) );
#751 = PCURVE('',#235,#752);
#752 = DEFINITIONAL_REPRESENTATION('',(#753),#757);
#753 = LINE('',#754,#755);
#754 = CARTESIAN_POINT('',(-1.207861319485,-5.E-02));
#755 = VECTOR('',#756,1.);
#756 = DIRECTION('',(-0.,-1.));
#757 = ( GEOMETRIC_REPRESENTATION_CONTEXT(2) 
PARAMETRIC_REPRESENTATION_CONTEXT() REPRESENTATION_CONTEXT('2D SPACE',''
  ) );
#758 = ORIENTED_EDGE('',*,*,#759,.F.);
#759 = EDGE_CURVE('',#760,#737,#762,.T.);
#760 = VERTEX_POINT('',#761);
#761 = CARTESIAN_POINT('',(55.700474866889,-0.16343567189,14.));
#762 = SURFACE_CURVE('',#763,(#767,#774),.PCURVE_S1.);
#763 = LINE('',#764,#765);
#764 = CARTESIAN_POINT('',(57.746400254107,-3.773892237569,14.));
#765 = VECTOR('',#766,1.);
#766 = DIRECTION('',(-0.493012571981,0.870022185849,-5.473539088428E-17)
  );
#767 = PCURVE('',#263,#768);
#768 = DEFINITIONAL_REPRESENTATION('',(#769),#773);
#769 = LINE('',#770,#771);
#770 = CARTESIAN_POINT('',(-2.1,-4.149844250418));
#771 = VECTOR('',#772,1.);
#772 = DIRECTION('',(-0.,1.));
#773 = ( GEOMETRIC_REPRESENTATION_CONTEXT(2) 
PARAMETRIC_REPRESENTATION_CONTEXT() REPRESENTATION_CONTEXT('2D SPACE',''
  ) );
#774 = PCURVE('',#775,#780);
#775 = PLANE('',#776);
#776 = AXIS2_PLACEMENT_3D('',#777,#778,#779);
#777 = CARTESIAN_POINT('',(34.,-22.,14.));
#778 = DIRECTION('',(-1.110223024625E-16,-0.,1.));
#779 = DIRECTION('',(-1.,0.,-1.110223024625E-16));
#780 = DEFINITIONAL_REPRESENTATION('',(#781),#785);
#781 = LINE('',#782,#783);
#782 = CARTESIAN_POINT('',(-23.7464002541,-18.22610776243));
#783 = VECTOR('',#784,1.);
#784 = DIRECTION('',(0.493012571981,-0.870022185849));
#785 = ( GEOMETRIC_REPRESENTATION_CONTEXT(2) 
PARAMETRIC_REPRESENTATION_CONTEXT() REPRESENTATION_CONTEXT('2D SPACE',''
  ) );
#786 = ORIENTED_EDGE('',*,*,#787,.T.);
#787 = EDGE_CURVE('',#760,#788,#790,.T.);
#788 = VERTEX_POINT('',#789);
#789 = CARTESIAN_POINT('',(55.700474866889,-0.16343567189,18.1));
#790 = SURFACE_CURVE('',#791,(#795,#802),.PCURVE_S1.);
#791 = LINE('',#792,#793);
#792 = CARTESIAN_POINT('',(55.700474866889,-0.16343567189,11.9));
#793 = VECTOR('',#794,1.);
#794 = DIRECTION('',(-1.110223024625E-16,-0.,1.));
#795 = PCURVE('',#263,#796);
#796 = DEFINITIONAL_REPRESENTATION('',(#797),#801);
#797 = LINE('',#798,#799);
#798 = CARTESIAN_POINT('',(-0.,0.));
#799 = VECTOR('',#800,1.);
#800 = DIRECTION('',(-1.,0.));
#801 = ( GEOMETRIC_REPRESENTATION_CONTEXT(2) 
PARAMETRIC_REPRESENTATION_CONTEXT() REPRESENTATION_CONTEXT('2D SPACE',''
  ) );
#802 = PCURVE('',#400,#803);
#803 = DEFINITIONAL_REPRESENTATION('',(#804),#808);
#804 = LINE('',#805,#806);
#805 = CARTESIAN_POINT('',(-2.626043646131,6.085287574782E-16));
#806 = VECTOR('',#807,1.);
#807 = DIRECTION('',(-0.,1.));
#808 = ( GEOMETRIC_REPRESENTATION_CONTEXT(2) 
PARAMETRIC_REPRESENTATION_CONTEXT() REPRESENTATION_CONTEXT('2D SPACE',''
  ) );
#809 = ORIENTED_EDGE('',*,*,#810,.F.);
#810 = EDGE_CURVE('',#444,#788,#811,.T.);
#811 = SURFACE_CURVE('',#812,(#816,#823),.PCURVE_S1.);
#812 = LINE('',#813,#814);
#813 = CARTESIAN_POINT('',(56.883705039643,-2.251488917926,18.1));
#814 = VECTOR('',#815,1.);
#815 = DIRECTION('',(0.493012571981,-0.870022185849,5.473539088428E-17)
  );
#816 = PCURVE('',#263,#817);
#817 = DEFINITIONAL_REPRESENTATION('',(#818),#822);
#818 = LINE('',#819,#820);
#819 = CARTESIAN_POINT('',(-6.2,-2.4));
#820 = VECTOR('',#821,1.);
#821 = DIRECTION('',(-0.,-1.));
#822 = ( GEOMETRIC_REPRESENTATION_CONTEXT(2) 
PARAMETRIC_REPRESENTATION_CONTEXT() REPRESENTATION_CONTEXT('2D SPACE',''
  ) );
#823 = PCURVE('',#426,#824);
#824 = DEFINITIONAL_REPRESENTATION('',(#825),#829);
#825 = LINE('',#826,#827);
#826 = CARTESIAN_POINT('',(-13.8,-2.4));
#827 = VECTOR('',#828,1.);
#828 = DIRECTION('',(-1.209049612534E-16,1.));
#829 = ( GEOMETRIC_REPRESENTATION_CONTEXT(2) 
PARAMETRIC_REPRESENTATION_CONTEXT() REPRESENTATION_CONTEXT('2D SPACE',''
  ) );
#830 = ADVANCED_FACE('',(#831),#235,.F.);
#831 = FACE_BOUND('',#832,.T.);
#832 = EDGE_LOOP('',(#833,#856,#857,#858));
#833 = ORIENTED_EDGE('',*,*,#834,.F.);
#834 = EDGE_CURVE('',#737,#835,#837,.T.);
#835 = VERTEX_POINT('',#836);
#836 = CARTESIAN_POINT('',(36.58713649145,36.,14.));
#837 = SURFACE_CURVE('',#838,(#842,#849),.PCURVE_S1.);
#838 = LINE('',#839,#840);
#839 = CARTESIAN_POINT('',(34.,36.,14.));
#840 = VECTOR('',#841,1.);
#841 = DIRECTION('',(1.,0.,1.110223024625E-16));
#842 = PCURVE('',#235,#843);
#843 = DEFINITIONAL_REPRESENTATION('',(#844),#848);
#844 = LINE('',#845,#846);
#845 = CARTESIAN_POINT('',(-2.22044604925E-16,2.));
#846 = VECTOR('',#847,1.);
#847 = DIRECTION('',(-1.,0.));
#848 = ( GEOMETRIC_REPRESENTATION_CONTEXT(2) 
PARAMETRIC_REPRESENTATION_CONTEXT() REPRESENTATION_CONTEXT('2D SPACE',''
  ) );
#849 = PCURVE('',#775,#850);
#850 = DEFINITIONAL_REPRESENTATION('',(#851),#855);
#851 = LINE('',#852,#853);
#852 = CARTESIAN_POINT('',(-0.,-58.));
#853 = VECTOR('',#854,1.);
#854 = DIRECTION('',(-1.,0.));
#855 = ( GEOMETRIC_REPRESENTATION_CONTEXT(2) 
PARAMETRIC_REPRESENTATION_CONTEXT() REPRESENTATION_CONTEXT('2D SPACE',''
  ) );
#856 = ORIENTED_EDGE('',*,*,#736,.T.);
#857 = ORIENTED_EDGE('',*,*,#219,.T.);
#858 = ORIENTED_EDGE('',*,*,#859,.F.);
#859 = EDGE_CURVE('',#835,#192,#860,.T.);
#860 = SURFACE_CURVE('',#861,(#865,#872),.PCURVE_S1.);
#861 = LINE('',#862,#863);
#862 = CARTESIAN_POINT('',(36.58713649145,36.,12.45));
#863 = VECTOR('',#864,1.);
#864 = DIRECTION('',(1.110223024625E-16,0.,-1.));
#865 = PCURVE('',#235,#866);
#866 = DEFINITIONAL_REPRESENTATION('',(#867),#871);
#867 = LINE('',#868,#869);
#868 = CARTESIAN_POINT('',(-2.58713649145,0.45));
#869 = VECTOR('',#870,1.);
#870 = DIRECTION('',(-0.,-1.));
#871 = ( GEOMETRIC_REPRESENTATION_CONTEXT(2) 
PARAMETRIC_REPRESENTATION_CONTEXT() REPRESENTATION_CONTEXT('2D SPACE',''
  ) );
#872 = PCURVE('',#207,#873);
#873 = DEFINITIONAL_REPRESENTATION('',(#874),#878);
#874 = LINE('',#875,#876);
#875 = CARTESIAN_POINT('',(0.45,45.686107462669));
#876 = VECTOR('',#877,1.);
#877 = DIRECTION('',(1.,-0.));
#878 = ( GEOMETRIC_REPRESENTATION_CONTEXT(2) 
PARAMETRIC_REPRESENTATION_CONTEXT() REPRESENTATION_CONTEXT('2D SPACE',''
  ) );
#879 = ADVANCED_FACE('',(#880),#207,.T.);
#880 = FACE_BOUND('',#881,.F.);
#881 = EDGE_LOOP('',(#882,#883,#884,#907,#935,#958));
#882 = ORIENTED_EDGE('',*,*,#191,.F.);
#883 = ORIENTED_EDGE('',*,*,#859,.F.);
#884 = ORIENTED_EDGE('',*,*,#885,.F.);
#885 = EDGE_CURVE('',#886,#835,#888,.T.);
#886 = VERTEX_POINT('',#887);
#887 = CARTESIAN_POINT('',(59.110961835415,-3.747927077586,14.));
#888 = SURFACE_CURVE('',#889,(#893,#900),.PCURVE_S1.);
#889 = LINE('',#890,#891);
#890 = CARTESIAN_POINT('',(59.97365704988,-5.270330397229,14.));
#891 = VECTOR('',#892,1.);
#892 = DIRECTION('',(-0.493012571981,0.870022185849,-5.473539088428E-17)
  );
#893 = PCURVE('',#207,#894);
#894 = DEFINITIONAL_REPRESENTATION('',(#895),#899);
#895 = LINE('',#896,#897);
#896 = CARTESIAN_POINT('',(-1.1,-1.749844250418));
#897 = VECTOR('',#898,1.);
#898 = DIRECTION('',(-0.,1.));
#899 = ( GEOMETRIC_REPRESENTATION_CONTEXT(2) 
PARAMETRIC_REPRESENTATION_CONTEXT() REPRESENTATION_CONTEXT('2D SPACE',''
  ) );
#900 = PCURVE('',#775,#901);
#901 = DEFINITIONAL_REPRESENTATION('',(#902),#906);
#902 = LINE('',#903,#904);
#903 = CARTESIAN_POINT('',(-25.97365704988,-16.72966960277));
#904 = VECTOR('',#905,1.);
#905 = DIRECTION('',(0.493012571981,-0.870022185849));
#906 = ( GEOMETRIC_REPRESENTATION_CONTEXT(2) 
PARAMETRIC_REPRESENTATION_CONTEXT() REPRESENTATION_CONTEXT('2D SPACE',''
  ) );
#907 = ORIENTED_EDGE('',*,*,#908,.T.);
#908 = EDGE_CURVE('',#886,#909,#911,.T.);
#909 = VERTEX_POINT('',#910);
#910 = CARTESIAN_POINT('',(59.110961835415,-3.747927077586,18.1));
#911 = SURFACE_CURVE('',#912,(#916,#923),.PCURVE_S1.);
#912 = LINE('',#913,#914);
#913 = CARTESIAN_POINT('',(59.110961835415,-3.747927077586,12.9));
#914 = VECTOR('',#915,1.);
#915 = DIRECTION('',(-1.110223024625E-16,-0.,1.));
#916 = PCURVE('',#207,#917);
#917 = DEFINITIONAL_REPRESENTATION('',(#918),#922);
#918 = LINE('',#919,#920);
#919 = CARTESIAN_POINT('',(-0.,0.));
#920 = VECTOR('',#921,1.);
#921 = DIRECTION('',(-1.,0.));
#922 = ( GEOMETRIC_REPRESENTATION_CONTEXT(2) 
PARAMETRIC_REPRESENTATION_CONTEXT() REPRESENTATION_CONTEXT('2D SPACE',''
  ) );
#923 = PCURVE('',#924,#929);
#924 = CYLINDRICAL_SURFACE('',#925,7.5);
#925 = AXIS2_PLACEMENT_3D('',#926,#927,#928);
#926 = CARTESIAN_POINT('',(52.585795441551,-7.445521367442,12.9));
#927 = DIRECTION('',(0.,0.,1.));
#928 = DIRECTION('',(-1.,-0.,0.));
#929 = DEFINITIONAL_REPRESENTATION('',(#930),#934);
#930 = LINE('',#931,#932);
#931 = CARTESIAN_POINT('',(-2.626043646131,7.244389969979E-16));
#932 = VECTOR('',#933,1.);
#933 = DIRECTION('',(-0.,1.));
#934 = ( GEOMETRIC_REPRESENTATION_CONTEXT(2) 
PARAMETRIC_REPRESENTATION_CONTEXT() REPRESENTATION_CONTEXT('2D SPACE',''
  ) );
#935 = ORIENTED_EDGE('',*,*,#936,.T.);
#936 = EDGE_CURVE('',#909,#937,#939,.T.);
#937 = VERTEX_POINT('',#938);
#938 = CARTESIAN_POINT('',(18.939370952314,67.143115657299,18.1));
#939 = SURFACE_CURVE('',#940,(#944,#951),.PCURVE_S1.);
#940 = LINE('',#941,#942);
#941 = CARTESIAN_POINT('',(59.110961835415,-3.747927077586,18.1));
#942 = VECTOR('',#943,1.);
#943 = DIRECTION('',(-0.493012571981,0.870022185849,-5.473539088428E-17)
  );
#944 = PCURVE('',#207,#945);
#945 = DEFINITIONAL_REPRESENTATION('',(#946),#950);
#946 = LINE('',#947,#948);
#947 = CARTESIAN_POINT('',(-5.2,-2.846240325983E-16));
#948 = VECTOR('',#949,1.);
#949 = DIRECTION('',(-0.,1.));
#950 = ( GEOMETRIC_REPRESENTATION_CONTEXT(2) 
PARAMETRIC_REPRESENTATION_CONTEXT() REPRESENTATION_CONTEXT('2D SPACE',''
  ) );
#951 = PCURVE('',#426,#952);
#952 = DEFINITIONAL_REPRESENTATION('',(#953),#957);
#953 = LINE('',#954,#955);
#954 = CARTESIAN_POINT('',(-15.,3.163492213423E-15));
#955 = VECTOR('',#956,1.);
#956 = DIRECTION('',(-2.398283814618E-17,-1.));
#957 = ( GEOMETRIC_REPRESENTATION_CONTEXT(2) 
PARAMETRIC_REPRESENTATION_CONTEXT() REPRESENTATION_CONTEXT('2D SPACE',''
  ) );
#958 = ORIENTED_EDGE('',*,*,#959,.F.);
#959 = EDGE_CURVE('',#163,#937,#960,.T.);
#960 = SURFACE_CURVE('',#961,(#965,#972),.PCURVE_S1.);
#961 = LINE('',#962,#963);
#962 = CARTESIAN_POINT('',(18.939370952314,67.143115657299,12.9));
#963 = VECTOR('',#964,1.);
#964 = DIRECTION('',(-1.110223024625E-16,-0.,1.));
#965 = PCURVE('',#207,#966);
#966 = DEFINITIONAL_REPRESENTATION('',(#967),#971);
#967 = LINE('',#968,#969);
#968 = CARTESIAN_POINT('',(-9.072288346236E-16,81.481879299133));
#969 = VECTOR('',#970,1.);
#970 = DIRECTION('',(-1.,0.));
#971 = ( GEOMETRIC_REPRESENTATION_CONTEXT(2) 
PARAMETRIC_REPRESENTATION_CONTEXT() REPRESENTATION_CONTEXT('2D SPACE',''
  ) );
#972 = PCURVE('',#179,#973);
#973 = DEFINITIONAL_REPRESENTATION('',(#974),#978);
#974 = LINE('',#975,#976);
#975 = CARTESIAN_POINT('',(-8.90922895331,7.244389969979E-16));
#976 = VECTOR('',#977,1.);
#977 = DIRECTION('',(-0.,1.));
#978 = ( GEOMETRIC_REPRESENTATION_CONTEXT(2) 
PARAMETRIC_REPRESENTATION_CONTEXT() REPRESENTATION_CONTEXT('2D SPACE',''
  ) );
#979 = ADVANCED_FACE('',(#980),#179,.T.);
#980 = FACE_BOUND('',#981,.F.);
#981 = EDGE_LOOP('',(#982,#983,#984,#1008));
#982 = ORIENTED_EDGE('',*,*,#162,.F.);
#983 = ORIENTED_EDGE('',*,*,#959,.T.);
#984 = ORIENTED_EDGE('',*,*,#985,.T.);
#985 = EDGE_CURVE('',#937,#986,#988,.T.);
#986 = VERTEX_POINT('',#987);
#987 = CARTESIAN_POINT('',(6.,67.332419858832,18.1));
#988 = SURFACE_CURVE('',#989,(#994,#1001),.PCURVE_S1.);
#989 = CIRCLE('',#990,7.5);
#990 = AXIS2_PLACEMENT_3D('',#991,#992,#993);
#991 = CARTESIAN_POINT('',(12.414204558449,63.445521367442,18.1));
#992 = DIRECTION('',(-1.110223024625E-16,4.919498050706E-34,1.));
#993 = DIRECTION('',(0.870022185849,0.493012571981,9.659186626638E-17));
#994 = PCURVE('',#179,#995);
#995 = DEFINITIONAL_REPRESENTATION('',(#996),#1000);
#996 = LINE('',#997,#998);
#997 = CARTESIAN_POINT('',(-8.90922895331,5.2));
#998 = VECTOR('',#999,1.);
#999 = DIRECTION('',(1.,-0.));
#1000 = ( GEOMETRIC_REPRESENTATION_CONTEXT(2) 
PARAMETRIC_REPRESENTATION_CONTEXT() REPRESENTATION_CONTEXT('2D SPACE',''
  ) );
#1001 = PCURVE('',#426,#1002);
#1002 = DEFINITIONAL_REPRESENTATION('',(#1003),#1007);
#1003 = CIRCLE('',#1004,7.5);
#1004 = AXIS2_PLACEMENT_2D('',#1005,#1006);
#1005 = CARTESIAN_POINT('',(-7.5,-81.48187929913));
#1006 = DIRECTION('',(-1.,-7.988116743429E-16));
#1007 = ( GEOMETRIC_REPRESENTATION_CONTEXT(2) 
PARAMETRIC_REPRESENTATION_CONTEXT() REPRESENTATION_CONTEXT('2D SPACE',''
  ) );
#1008 = ORIENTED_EDGE('',*,*,#1009,.F.);
#1009 = EDGE_CURVE('',#135,#986,#1010,.T.);
#1010 = SURFACE_CURVE('',#1011,(#1015,#1022),.PCURVE_S1.);
#1011 = LINE('',#1012,#1013);
#1012 = CARTESIAN_POINT('',(6.,67.332419858832,12.9));
#1013 = VECTOR('',#1014,1.);
#1014 = DIRECTION('',(0.,0.,1.));
#1015 = PCURVE('',#179,#1016);
#1016 = DEFINITIONAL_REPRESENTATION('',(#1017),#1021);
#1017 = LINE('',#1018,#1019);
#1018 = CARTESIAN_POINT('',(-6.82799241347,-7.121197585446E-16));
#1019 = VECTOR('',#1020,1.);
#1020 = DIRECTION('',(-0.,1.));
#1021 = ( GEOMETRIC_REPRESENTATION_CONTEXT(2) 
PARAMETRIC_REPRESENTATION_CONTEXT() REPRESENTATION_CONTEXT('2D SPACE',''
  ) );
#1022 = PCURVE('',#150,#1023);
#1023 = DEFINITIONAL_REPRESENTATION('',(#1024),#1028);
#1024 = LINE('',#1025,#1026);
#1025 = CARTESIAN_POINT('',(-52.9,252.33241985883));
#1026 = VECTOR('',#1027,1.);
#1027 = DIRECTION('',(-1.,0.));
#1028 = ( GEOMETRIC_REPRESENTATION_CONTEXT(2) 
PARAMETRIC_REPRESENTATION_CONTEXT() REPRESENTATION_CONTEXT('2D SPACE',''
  ) );
#1029 = ADVANCED_FACE('',(#1030),#150,.F.);
#1030 = FACE_BOUND('',#1031,.T.);
#1031 = EDGE_LOOP('',(#1032,#1033,#1034,#1057));
#1032 = ORIENTED_EDGE('',*,*,#1009,.F.);
#1033 = ORIENTED_EDGE('',*,*,#134,.T.);
#1034 = ORIENTED_EDGE('',*,*,#1035,.T.);
#1035 = EDGE_CURVE('',#107,#1036,#1038,.T.);
#1036 = VERTEX_POINT('',#1037);
#1037 = CARTESIAN_POINT('',(6.,59.552112073912,18.1));
#1038 = SURFACE_CURVE('',#1039,(#1043,#1050),.PCURVE_S1.);
#1039 = LINE('',#1040,#1041);
#1040 = CARTESIAN_POINT('',(6.,59.552112073912,-13.55));
#1041 = VECTOR('',#1042,1.);
#1042 = DIRECTION('',(-1.110223024625E-16,-0.,1.));
#1043 = PCURVE('',#150,#1044);
#1044 = DEFINITIONAL_REPRESENTATION('',(#1045),#1049);
#1045 = LINE('',#1046,#1047);
#1046 = CARTESIAN_POINT('',(-26.45,244.55211207391));
#1047 = VECTOR('',#1048,1.);
#1048 = DIRECTION('',(-1.,0.));
#1049 = ( GEOMETRIC_REPRESENTATION_CONTEXT(2) 
PARAMETRIC_REPRESENTATION_CONTEXT() REPRESENTATION_CONTEXT('2D SPACE',''
  ) );
#1050 = PCURVE('',#122,#1051);
#1051 = DEFINITIONAL_REPRESENTATION('',(#1052),#1056);
#1052 = LINE('',#1053,#1054);
#1053 = CARTESIAN_POINT('',(26.45,81.256810321745));
#1054 = VECTOR('',#1055,1.);
#1055 = DIRECTION('',(-1.,0.));
#1056 = ( GEOMETRIC_REPRESENTATION_CONTEXT(2) 
PARAMETRIC_REPRESENTATION_CONTEXT() REPRESENTATION_CONTEXT('2D SPACE',''
  ) );
#1057 = ORIENTED_EDGE('',*,*,#1058,.F.);
#1058 = EDGE_CURVE('',#986,#1036,#1059,.T.);
#1059 = SURFACE_CURVE('',#1060,(#1064,#1071),.PCURVE_S1.);
#1060 = LINE('',#1061,#1062);
#1061 = CARTESIAN_POINT('',(6.,-98.07155782865,18.1));
#1062 = VECTOR('',#1063,1.);
#1063 = DIRECTION('',(-0.,-1.,0.));
#1064 = PCURVE('',#150,#1065);
#1065 = DEFINITIONAL_REPRESENTATION('',(#1066),#1070);
#1066 = LINE('',#1067,#1068);
#1067 = CARTESIAN_POINT('',(-58.1,86.92844217135));
#1068 = VECTOR('',#1069,1.);
#1069 = DIRECTION('',(-0.,-1.));
#1070 = ( GEOMETRIC_REPRESENTATION_CONTEXT(2) 
PARAMETRIC_REPRESENTATION_CONTEXT() REPRESENTATION_CONTEXT('2D SPACE',''
  ) );
#1071 = PCURVE('',#426,#1072);
#1072 = DEFINITIONAL_REPRESENTATION('',(#1073),#1077);
#1073 = LINE('',#1074,#1075);
#1074 = CARTESIAN_POINT('',(77.710450903727,55.879279508361));
#1075 = VECTOR('',#1076,1.);
#1076 = DIRECTION('',(0.493012571981,0.870022185849));
#1077 = ( GEOMETRIC_REPRESENTATION_CONTEXT(2) 
PARAMETRIC_REPRESENTATION_CONTEXT() REPRESENTATION_CONTEXT('2D SPACE',''
  ) );
#1078 = ADVANCED_FACE('',(#1079),#122,.F.);
#1079 = FACE_BOUND('',#1080,.T.);
#1080 = EDGE_LOOP('',(#1081,#1082,#1105,#1128,#1151,#1172));
#1081 = ORIENTED_EDGE('',*,*,#106,.F.);
#1082 = ORIENTED_EDGE('',*,*,#1083,.T.);
#1083 = EDGE_CURVE('',#79,#1084,#1086,.T.);
#1084 = VERTEX_POINT('',#1085);
#1085 = CARTESIAN_POINT('',(34.,10.140347368029,14.));
#1086 = SURFACE_CURVE('',#1087,(#1091,#1098),.PCURVE_S1.);
#1087 = LINE('',#1088,#1089);
#1088 = CARTESIAN_POINT('',(34.,10.140347368029,12.45));
#1089 = VECTOR('',#1090,1.);
#1090 = DIRECTION('',(-1.110223024625E-16,-0.,1.));
#1091 = PCURVE('',#122,#1092);
#1092 = DEFINITIONAL_REPRESENTATION('',(#1093),#1097);
#1093 = LINE('',#1094,#1095);
#1094 = CARTESIAN_POINT('',(0.45,24.463126770231));
#1095 = VECTOR('',#1096,1.);
#1096 = DIRECTION('',(-1.,0.));
#1097 = ( GEOMETRIC_REPRESENTATION_CONTEXT(2) 
PARAMETRIC_REPRESENTATION_CONTEXT() REPRESENTATION_CONTEXT('2D SPACE',''
  ) );
#1098 = PCURVE('',#94,#1099);
#1099 = DEFINITIONAL_REPRESENTATION('',(#1100),#1104);
#1100 = LINE('',#1101,#1102);
#1101 = CARTESIAN_POINT('',(-0.45,32.140347368029));
#1102 = VECTOR('',#1103,1.);
#1103 = DIRECTION('',(-1.,0.));
#1104 = ( GEOMETRIC_REPRESENTATION_CONTEXT(2) 
PARAMETRIC_REPRESENTATION_CONTEXT() REPRESENTATION_CONTEXT('2D SPACE',''
  ) );
#1105 = ORIENTED_EDGE('',*,*,#1106,.F.);
#1106 = EDGE_CURVE('',#1107,#1084,#1109,.T.);
#1107 = VERTEX_POINT('',#1108);
#1108 = CARTESIAN_POINT('',(46.060629047686,-11.14311565729,14.));
#1109 = SURFACE_CURVE('',#1110,(#1114,#1121),.PCURVE_S1.);
#1110 = LINE('',#1111,#1112);
#1111 = CARTESIAN_POINT('',(46.92332426215,-12.66551897694,14.));
#1112 = VECTOR('',#1113,1.);
#1113 = DIRECTION('',(-0.493012571981,0.870022185849,-5.473539088428E-17
    ));
#1114 = PCURVE('',#122,#1115);
#1115 = DEFINITIONAL_REPRESENTATION('',(#1116),#1120);
#1116 = LINE('',#1117,#1118);
#1117 = CARTESIAN_POINT('',(-1.1,-1.749844250418));
#1118 = VECTOR('',#1119,1.);
#1119 = DIRECTION('',(-0.,1.));
#1120 = ( GEOMETRIC_REPRESENTATION_CONTEXT(2) 
PARAMETRIC_REPRESENTATION_CONTEXT() REPRESENTATION_CONTEXT('2D SPACE',''
  ) );
#1121 = PCURVE('',#372,#1122);
#1122 = DEFINITIONAL_REPRESENTATION('',(#1123),#1127);
#1123 = LINE('',#1124,#1125);
#1124 = CARTESIAN_POINT('',(-12.92332426215,-9.334481023058));
#1125 = VECTOR('',#1126,1.);
#1126 = DIRECTION('',(0.493012571981,-0.870022185849));
#1127 = ( GEOMETRIC_REPRESENTATION_CONTEXT(2) 
PARAMETRIC_REPRESENTATION_CONTEXT() REPRESENTATION_CONTEXT('2D SPACE',''
  ) );
#1128 = ORIENTED_EDGE('',*,*,#1129,.T.);
#1129 = EDGE_CURVE('',#1107,#1130,#1132,.T.);
#1130 = VERTEX_POINT('',#1131);
#1131 = CARTESIAN_POINT('',(46.060629047686,-11.14311565729,18.1));
#1132 = SURFACE_CURVE('',#1133,(#1137,#1144),.PCURVE_S1.);
#1133 = LINE('',#1134,#1135);
#1134 = CARTESIAN_POINT('',(46.060629047686,-11.14311565729,12.9));
#1135 = VECTOR('',#1136,1.);
#1136 = DIRECTION('',(-1.110223024625E-16,-0.,1.));
#1137 = PCURVE('',#122,#1138);
#1138 = DEFINITIONAL_REPRESENTATION('',(#1139),#1143);
#1139 = LINE('',#1140,#1141);
#1140 = CARTESIAN_POINT('',(-0.,0.));
#1141 = VECTOR('',#1142,1.);
#1142 = DIRECTION('',(-1.,0.));
#1143 = ( GEOMETRIC_REPRESENTATION_CONTEXT(2) 
PARAMETRIC_REPRESENTATION_CONTEXT() REPRESENTATION_CONTEXT('2D SPACE',''
  ) );
#1144 = PCURVE('',#924,#1145);
#1145 = DEFINITIONAL_REPRESENTATION('',(#1146),#1150);
#1146 = LINE('',#1147,#1148);
#1147 = CARTESIAN_POINT('',(-5.767636299721,-7.244389969979E-16));
#1148 = VECTOR('',#1149,1.);
#1149 = DIRECTION('',(-0.,1.));
#1150 = ( GEOMETRIC_REPRESENTATION_CONTEXT(2) 
PARAMETRIC_REPRESENTATION_CONTEXT() REPRESENTATION_CONTEXT('2D SPACE',''
  ) );
#1151 = ORIENTED_EDGE('',*,*,#1152,.T.);
#1152 = EDGE_CURVE('',#1130,#1036,#1153,.T.);
#1153 = SURFACE_CURVE('',#1154,(#1158,#1165),.PCURVE_S1.);
#1154 = LINE('',#1155,#1156);
#1155 = CARTESIAN_POINT('',(46.060629047686,-11.14311565729,18.1));
#1156 = VECTOR('',#1157,1.);
#1157 = DIRECTION('',(-0.493012571981,0.870022185849,-5.473539088428E-17
    ));
#1158 = PCURVE('',#122,#1159);
#1159 = DEFINITIONAL_REPRESENTATION('',(#1160),#1164);
#1160 = LINE('',#1161,#1162);
#1161 = CARTESIAN_POINT('',(-5.2,-4.77807765131E-16));
#1162 = VECTOR('',#1163,1.);
#1163 = DIRECTION('',(-0.,1.));
#1164 = ( GEOMETRIC_REPRESENTATION_CONTEXT(2) 
PARAMETRIC_REPRESENTATION_CONTEXT() REPRESENTATION_CONTEXT('2D SPACE',''
  ) );
#1165 = PCURVE('',#426,#1166);
#1166 = DEFINITIONAL_REPRESENTATION('',(#1167),#1171);
#1167 = LINE('',#1168,#1169);
#1168 = CARTESIAN_POINT('',(6.181879441049E-15,-3.503065016594E-15));
#1169 = VECTOR('',#1170,1.);
#1170 = DIRECTION('',(-2.398283814618E-17,-1.));
#1171 = ( GEOMETRIC_REPRESENTATION_CONTEXT(2) 
PARAMETRIC_REPRESENTATION_CONTEXT() REPRESENTATION_CONTEXT('2D SPACE',''
  ) );
#1172 = ORIENTED_EDGE('',*,*,#1035,.F.);
#1173 = ADVANCED_FACE('',(#1174),#94,.T.);
#1174 = FACE_BOUND('',#1175,.F.);
#1175 = EDGE_LOOP('',(#1176,#1197,#1198,#1199));
#1176 = ORIENTED_EDGE('',*,*,#1177,.T.);
#1177 = EDGE_CURVE('',#1084,#334,#1178,.T.);
#1178 = SURFACE_CURVE('',#1179,(#1183,#1190),.PCURVE_S1.);
#1179 = LINE('',#1180,#1181);
#1180 = CARTESIAN_POINT('',(34.,-22.,14.));
#1181 = VECTOR('',#1182,1.);
#1182 = DIRECTION('',(0.,1.,0.));
#1183 = PCURVE('',#94,#1184);
#1184 = DEFINITIONAL_REPRESENTATION('',(#1185),#1189);
#1185 = LINE('',#1186,#1187);
#1186 = CARTESIAN_POINT('',(-2.,0.));
#1187 = VECTOR('',#1188,1.);
#1188 = DIRECTION('',(-0.,1.));
#1189 = ( GEOMETRIC_REPRESENTATION_CONTEXT(2) 
PARAMETRIC_REPRESENTATION_CONTEXT() REPRESENTATION_CONTEXT('2D SPACE',''
  ) );
#1190 = PCURVE('',#372,#1191);
#1191 = DEFINITIONAL_REPRESENTATION('',(#1192),#1196);
#1192 = LINE('',#1193,#1194);
#1193 = CARTESIAN_POINT('',(-0.,0.));
#1194 = VECTOR('',#1195,1.);
#1195 = DIRECTION('',(-0.,-1.));
#1196 = ( GEOMETRIC_REPRESENTATION_CONTEXT(2) 
PARAMETRIC_REPRESENTATION_CONTEXT() REPRESENTATION_CONTEXT('2D SPACE',''
  ) );
#1197 = ORIENTED_EDGE('',*,*,#333,.F.);
#1198 = ORIENTED_EDGE('',*,*,#78,.T.);
#1199 = ORIENTED_EDGE('',*,*,#1083,.T.);
#1200 = ADVANCED_FACE('',(#1201,#1233),#426,.T.);
#1201 = FACE_BOUND('',#1202,.F.);
#1202 = EDGE_LOOP('',(#1203,#1229,#1230,#1231,#1232));
#1203 = ORIENTED_EDGE('',*,*,#1204,.T.);
#1204 = EDGE_CURVE('',#909,#1130,#1205,.T.);
#1205 = SURFACE_CURVE('',#1206,(#1211,#1222),.PCURVE_S1.);
#1206 = CIRCLE('',#1207,7.5);
#1207 = AXIS2_PLACEMENT_3D('',#1208,#1209,#1210);
#1208 = CARTESIAN_POINT('',(52.585795441551,-7.445521367442,18.1));
#1209 = DIRECTION('',(-0.,0.,-1.));
#1210 = DIRECTION('',(-1.,-0.,0.));
#1211 = PCURVE('',#426,#1212);
#1212 = DEFINITIONAL_REPRESENTATION('',(#1213),#1221);
#1213 = ( BOUNDED_CURVE() B_SPLINE_CURVE(2,(#1214,#1215,#1216,#1217,
#1218,#1219,#1220),.UNSPECIFIED.,.T.,.F.) B_SPLINE_CURVE_WITH_KNOTS((1,2
    ,2,2,2,1),(-2.094395102393,0.,2.094395102393,4.188790204786,
6.28318530718,8.377580409573),.UNSPECIFIED.) CURVE() 
GEOMETRIC_REPRESENTATION_ITEM() RATIONAL_B_SPLINE_CURVE((1.,0.5,1.,0.5,
1.,0.5,1.)) REPRESENTATION_ITEM('') );
#1214 = CARTESIAN_POINT('',(-0.974833606135,-3.697594289857));
#1215 = CARTESIAN_POINT('',(-7.379254781944,-14.99951401187));
#1216 = CARTESIAN_POINT('',(-13.96479378483,-3.802162716079));
#1217 = CARTESIAN_POINT('',(-20.55033278772,7.395188579713));
#1218 = CARTESIAN_POINT('',(-7.560372609028,7.499757005936));
#1219 = CARTESIAN_POINT('',(5.429587569673,7.604325432158));
#1220 = CARTESIAN_POINT('',(-0.974833606135,-3.697594289857));
#1221 = ( GEOMETRIC_REPRESENTATION_CONTEXT(2) 
PARAMETRIC_REPRESENTATION_CONTEXT() REPRESENTATION_CONTEXT('2D SPACE',''
  ) );
#1222 = PCURVE('',#924,#1223);
#1223 = DEFINITIONAL_REPRESENTATION('',(#1224),#1228);
#1224 = LINE('',#1225,#1226);
#1225 = CARTESIAN_POINT('',(-0.,5.2));
#1226 = VECTOR('',#1227,1.);
#1227 = DIRECTION('',(-1.,0.));
#1228 = ( GEOMETRIC_REPRESENTATION_CONTEXT(2) 
PARAMETRIC_REPRESENTATION_CONTEXT() REPRESENTATION_CONTEXT('2D SPACE',''
  ) );
#1229 = ORIENTED_EDGE('',*,*,#1152,.T.);
#1230 = ORIENTED_EDGE('',*,*,#1058,.F.);
#1231 = ORIENTED_EDGE('',*,*,#985,.F.);
#1232 = ORIENTED_EDGE('',*,*,#936,.F.);
#1233 = FACE_BOUND('',#1234,.F.);
#1234 = EDGE_LOOP('',(#1235,#1236,#1237,#1265,#1293,#1321,#1349,#1377,
    #1403,#1404,#1405,#1428,#1456,#1484));
#1235 = ORIENTED_EDGE('',*,*,#705,.F.);
#1236 = ORIENTED_EDGE('',*,*,#412,.T.);
#1237 = ORIENTED_EDGE('',*,*,#1238,.F.);
#1238 = EDGE_CURVE('',#1239,#385,#1241,.T.);
#1239 = VERTEX_POINT('',#1240);
#1240 = CARTESIAN_POINT('',(48.578808013532,-9.352068152644,18.1));
#1241 = SURFACE_CURVE('',#1242,(#1247,#1258),.PCURVE_S1.);
#1242 = CIRCLE('',#1243,6.3);
#1243 = AXIS2_PLACEMENT_3D('',#1244,#1245,#1246);
#1244 = CARTESIAN_POINT('',(50.219335096042,-3.269414875369,18.1));
#1245 = DIRECTION('',(-0.,0.,-1.));
#1246 = DIRECTION('',(-1.,-0.,0.));
#1247 = PCURVE('',#426,#1248);
#1248 = DEFINITIONAL_REPRESENTATION('',(#1249),#1257);
#1249 = ( BOUNDED_CURVE() B_SPLINE_CURVE(2,(#1250,#1251,#1252,#1253,
#1254,#1255,#1256),.UNSPECIFIED.,.T.,.F.) B_SPLINE_CURVE_WITH_KNOTS((1,2
    ,2,2,2,1),(-2.094395102393,0.,2.094395102393,4.188790204786,
6.28318530718,8.377580409573),.UNSPECIFIED.) CURVE() 
GEOMETRIC_REPRESENTATION_ITEM() RATIONAL_B_SPLINE_CURVE((1.,0.5,1.,0.5,
1.,0.5,1.)) REPRESENTATION_ITEM('') );
#1250 = CARTESIAN_POINT('',(-2.018860229154,-7.90597920348));
#1251 = CARTESIAN_POINT('',(-7.398574016833,-17.39959176997));
#1252 = CARTESIAN_POINT('',(-12.93042677926,-7.993816681506));
#1253 = CARTESIAN_POINT('',(-18.46227954169,1.411958406959));
#1254 = CARTESIAN_POINT('',(-7.550712991584,1.499795884986));
#1255 = CARTESIAN_POINT('',(3.360853558525,1.587633363013));
#1256 = CARTESIAN_POINT('',(-2.018860229154,-7.90597920348));
#1257 = ( GEOMETRIC_REPRESENTATION_CONTEXT(2) 
PARAMETRIC_REPRESENTATION_CONTEXT() REPRESENTATION_CONTEXT('2D SPACE',''
  ) );
#1258 = PCURVE('',#400,#1259);
#1259 = DEFINITIONAL_REPRESENTATION('',(#1260),#1264);
#1260 = LINE('',#1261,#1262);
#1261 = CARTESIAN_POINT('',(-0.,6.2));
#1262 = VECTOR('',#1263,1.);
#1263 = DIRECTION('',(-1.,0.));
#1264 = ( GEOMETRIC_REPRESENTATION_CONTEXT(2) 
PARAMETRIC_REPRESENTATION_CONTEXT() REPRESENTATION_CONTEXT('2D SPACE',''
  ) );
#1265 = ORIENTED_EDGE('',*,*,#1266,.T.);
#1266 = EDGE_CURVE('',#1239,#1267,#1269,.T.);
#1267 = VERTEX_POINT('',#1268);
#1268 = CARTESIAN_POINT('',(48.578808013532,-12.81554355329,18.1));
#1269 = SURFACE_CURVE('',#1270,(#1274,#1281),.PCURVE_S1.);
#1270 = LINE('',#1271,#1272);
#1271 = CARTESIAN_POINT('',(48.578808013532,-11.97932960529,18.1));
#1272 = VECTOR('',#1273,1.);
#1273 = DIRECTION('',(-0.,-1.,0.));
#1274 = PCURVE('',#426,#1275);
#1275 = DEFINITIONAL_REPRESENTATION('',(#1276),#1280);
#1276 = LINE('',#1277,#1278);
#1277 = CARTESIAN_POINT('',(-1.778607578995,1.969018575532));
#1278 = VECTOR('',#1279,1.);
#1279 = DIRECTION('',(0.493012571981,0.870022185849));
#1280 = ( GEOMETRIC_REPRESENTATION_CONTEXT(2) 
PARAMETRIC_REPRESENTATION_CONTEXT() REPRESENTATION_CONTEXT('2D SPACE',''
  ) );
#1281 = PCURVE('',#1282,#1287);
#1282 = PLANE('',#1283);
#1283 = AXIS2_PLACEMENT_3D('',#1284,#1285,#1286);
#1284 = CARTESIAN_POINT('',(48.578808013532,-12.81554355329,15.5));
#1285 = DIRECTION('',(1.,0.,1.110223024625E-16));
#1286 = DIRECTION('',(1.110223024625E-16,0.,-1.));
#1287 = DEFINITIONAL_REPRESENTATION('',(#1288),#1292);
#1288 = LINE('',#1289,#1290);
#1289 = CARTESIAN_POINT('',(-2.6,0.836213947996));
#1290 = VECTOR('',#1291,1.);
#1291 = DIRECTION('',(-0.,-1.));
#1292 = ( GEOMETRIC_REPRESENTATION_CONTEXT(2) 
PARAMETRIC_REPRESENTATION_CONTEXT() REPRESENTATION_CONTEXT('2D SPACE',''
  ) );
#1293 = ORIENTED_EDGE('',*,*,#1294,.T.);
#1294 = EDGE_CURVE('',#1267,#1295,#1297,.T.);
#1295 = VERTEX_POINT('',#1296);
#1296 = CARTESIAN_POINT('',(57.578808013532,-12.81554355329,18.1));
#1297 = SURFACE_CURVE('',#1298,(#1302,#1309),.PCURVE_S1.);
#1298 = LINE('',#1299,#1300);
#1299 = CARTESIAN_POINT('',(47.319718530609,-12.81554355329,18.1));
#1300 = VECTOR('',#1301,1.);
#1301 = DIRECTION('',(1.,0.,1.110223024625E-16));
#1302 = PCURVE('',#426,#1303);
#1303 = DEFINITIONAL_REPRESENTATION('',(#1304),#1308);
#1304 = LINE('',#1305,#1306);
#1305 = CARTESIAN_POINT('',(-0.270907805656,2.075796318075));
#1306 = VECTOR('',#1307,1.);
#1307 = DIRECTION('',(-0.870022185849,0.493012571981));
#1308 = ( GEOMETRIC_REPRESENTATION_CONTEXT(2) 
PARAMETRIC_REPRESENTATION_CONTEXT() REPRESENTATION_CONTEXT('2D SPACE',''
  ) );
#1309 = PCURVE('',#1310,#1315);
#1310 = PLANE('',#1311);
#1311 = AXIS2_PLACEMENT_3D('',#1312,#1313,#1314);
#1312 = CARTESIAN_POINT('',(48.578808013532,-12.81554355329,15.5));
#1313 = DIRECTION('',(0.,1.,0.));
#1314 = DIRECTION('',(-1.,0.,-1.110223024625E-16));
#1315 = DEFINITIONAL_REPRESENTATION('',(#1316),#1320);
#1316 = LINE('',#1317,#1318);
#1317 = CARTESIAN_POINT('',(1.259089482923,2.6));
#1318 = VECTOR('',#1319,1.);
#1319 = DIRECTION('',(-1.,0.));
#1320 = ( GEOMETRIC_REPRESENTATION_CONTEXT(2) 
PARAMETRIC_REPRESENTATION_CONTEXT() REPRESENTATION_CONTEXT('2D SPACE',''
  ) );
#1321 = ORIENTED_EDGE('',*,*,#1322,.F.);
#1322 = EDGE_CURVE('',#1323,#1295,#1325,.T.);
#1323 = VERTEX_POINT('',#1324);
#1324 = CARTESIAN_POINT('',(57.578808013532,-3.815543553291,18.1));
#1325 = SURFACE_CURVE('',#1326,(#1330,#1337),.PCURVE_S1.);
#1326 = LINE('',#1327,#1328);
#1327 = CARTESIAN_POINT('',(57.578808013532,-11.97932960529,18.1));
#1328 = VECTOR('',#1329,1.);
#1329 = DIRECTION('',(-0.,-1.,0.));
#1330 = PCURVE('',#426,#1331);
#1331 = DEFINITIONAL_REPRESENTATION('',(#1332),#1336);
#1332 = LINE('',#1333,#1334);
#1333 = CARTESIAN_POINT('',(-9.608807251633,6.40613172336));
#1334 = VECTOR('',#1335,1.);
#1335 = DIRECTION('',(0.493012571981,0.870022185849));
#1336 = ( GEOMETRIC_REPRESENTATION_CONTEXT(2) 
PARAMETRIC_REPRESENTATION_CONTEXT() REPRESENTATION_CONTEXT('2D SPACE',''
  ) );
#1337 = PCURVE('',#1338,#1343);
#1338 = PLANE('',#1339);
#1339 = AXIS2_PLACEMENT_3D('',#1340,#1341,#1342);
#1340 = CARTESIAN_POINT('',(57.578808013532,-12.81554355329,15.5));
#1341 = DIRECTION('',(1.,0.,1.110223024625E-16));
#1342 = DIRECTION('',(1.110223024625E-16,0.,-1.));
#1343 = DEFINITIONAL_REPRESENTATION('',(#1344),#1348);
#1344 = LINE('',#1345,#1346);
#1345 = CARTESIAN_POINT('',(-2.6,0.836213947996));
#1346 = VECTOR('',#1347,1.);
#1347 = DIRECTION('',(-0.,-1.));
#1348 = ( GEOMETRIC_REPRESENTATION_CONTEXT(2) 
PARAMETRIC_REPRESENTATION_CONTEXT() REPRESENTATION_CONTEXT('2D SPACE',''
  ) );
#1349 = ORIENTED_EDGE('',*,*,#1350,.F.);
#1350 = EDGE_CURVE('',#1351,#1323,#1353,.T.);
#1351 = VERTEX_POINT('',#1352);
#1352 = CARTESIAN_POINT('',(56.495619304645,-3.815543553291,18.1));
#1353 = SURFACE_CURVE('',#1354,(#1358,#1365),.PCURVE_S1.);
#1354 = LINE('',#1355,#1356);
#1355 = CARTESIAN_POINT('',(47.319718530609,-3.815543553291,18.1));
#1356 = VECTOR('',#1357,1.);
#1357 = DIRECTION('',(1.,0.,1.110223024625E-16));
#1358 = PCURVE('',#426,#1359);
#1359 = DEFINITIONAL_REPRESENTATION('',(#1360),#1364);
#1360 = LINE('',#1361,#1362);
#1361 = CARTESIAN_POINT('',(-4.708020953484,-5.754403354563));
#1362 = VECTOR('',#1363,1.);
#1363 = DIRECTION('',(-0.870022185849,0.493012571981));
#1364 = ( GEOMETRIC_REPRESENTATION_CONTEXT(2) 
PARAMETRIC_REPRESENTATION_CONTEXT() REPRESENTATION_CONTEXT('2D SPACE',''
  ) );
#1365 = PCURVE('',#1366,#1371);
#1366 = PLANE('',#1367);
#1367 = AXIS2_PLACEMENT_3D('',#1368,#1369,#1370);
#1368 = CARTESIAN_POINT('',(48.578808013532,-3.815543553291,15.5));
#1369 = DIRECTION('',(0.,1.,0.));
#1370 = DIRECTION('',(-1.,0.,-1.110223024625E-16));
#1371 = DEFINITIONAL_REPRESENTATION('',(#1372),#1376);
#1372 = LINE('',#1373,#1374);
#1373 = CARTESIAN_POINT('',(1.259089482923,2.6));
#1374 = VECTOR('',#1375,1.);
#1375 = DIRECTION('',(-1.,0.));
#1376 = ( GEOMETRIC_REPRESENTATION_CONTEXT(2) 
PARAMETRIC_REPRESENTATION_CONTEXT() REPRESENTATION_CONTEXT('2D SPACE',''
  ) );
#1377 = ORIENTED_EDGE('',*,*,#1378,.F.);
#1378 = EDGE_CURVE('',#788,#1351,#1379,.T.);
#1379 = SURFACE_CURVE('',#1380,(#1385,#1396),.PCURVE_S1.);
#1380 = CIRCLE('',#1381,6.3);
#1381 = AXIS2_PLACEMENT_3D('',#1382,#1383,#1384);
#1382 = CARTESIAN_POINT('',(50.219335096042,-3.269414875369,18.1));
#1383 = DIRECTION('',(-0.,0.,-1.));
#1384 = DIRECTION('',(-1.,-0.,0.));
#1385 = PCURVE('',#426,#1386);
#1386 = DEFINITIONAL_REPRESENTATION('',(#1387),#1395);
#1387 = ( BOUNDED_CURVE() B_SPLINE_CURVE(2,(#1388,#1389,#1390,#1391,
#1392,#1393,#1394),.UNSPECIFIED.,.T.,.F.) B_SPLINE_CURVE_WITH_KNOTS((1,2
    ,2,2,2,1),(-2.094395102393,0.,2.094395102393,4.188790204786,
6.28318530718,8.377580409573),.UNSPECIFIED.) CURVE() 
GEOMETRIC_REPRESENTATION_ITEM() RATIONAL_B_SPLINE_CURVE((1.,0.5,1.,0.5,
1.,0.5,1.)) REPRESENTATION_ITEM('') );
#1388 = CARTESIAN_POINT('',(-2.018860229154,-7.90597920348));
#1389 = CARTESIAN_POINT('',(-7.398574016833,-17.39959176997));
#1390 = CARTESIAN_POINT('',(-12.93042677926,-7.993816681506));
#1391 = CARTESIAN_POINT('',(-18.46227954169,1.411958406959));
#1392 = CARTESIAN_POINT('',(-7.550712991584,1.499795884986));
#1393 = CARTESIAN_POINT('',(3.360853558525,1.587633363013));
#1394 = CARTESIAN_POINT('',(-2.018860229154,-7.90597920348));
#1395 = ( GEOMETRIC_REPRESENTATION_CONTEXT(2) 
PARAMETRIC_REPRESENTATION_CONTEXT() REPRESENTATION_CONTEXT('2D SPACE',''
  ) );
#1396 = PCURVE('',#400,#1397);
#1397 = DEFINITIONAL_REPRESENTATION('',(#1398),#1402);
#1398 = LINE('',#1399,#1400);
#1399 = CARTESIAN_POINT('',(-0.,6.2));
#1400 = VECTOR('',#1401,1.);
#1401 = DIRECTION('',(-1.,0.));
#1402 = ( GEOMETRIC_REPRESENTATION_CONTEXT(2) 
PARAMETRIC_REPRESENTATION_CONTEXT() REPRESENTATION_CONTEXT('2D SPACE',''
  ) );
#1403 = ORIENTED_EDGE('',*,*,#810,.F.);
#1404 = ORIENTED_EDGE('',*,*,#466,.F.);
#1405 = ORIENTED_EDGE('',*,*,#1406,.F.);
#1406 = EDGE_CURVE('',#1407,#467,#1409,.T.);
#1407 = VERTEX_POINT('',#1408);
#1408 = CARTESIAN_POINT('',(16.421191986468,68.815543553291,18.1));
#1409 = SURFACE_CURVE('',#1410,(#1414,#1421),.PCURVE_S1.);
#1410 = LINE('',#1411,#1412);
#1411 = CARTESIAN_POINT('',(16.421191986468,24.336213947996,18.1));
#1412 = VECTOR('',#1413,1.);
#1413 = DIRECTION('',(-0.,-1.,0.));
#1414 = PCURVE('',#426,#1415);
#1415 = DEFINITIONAL_REPRESENTATION('',(#1416),#1420);
#1416 = LINE('',#1417,#1418);
#1417 = CARTESIAN_POINT('',(8.295212278459,-45.48041899325));
#1418 = VECTOR('',#1419,1.);
#1419 = DIRECTION('',(0.493012571981,0.870022185849));
#1420 = ( GEOMETRIC_REPRESENTATION_CONTEXT(2) 
PARAMETRIC_REPRESENTATION_CONTEXT() REPRESENTATION_CONTEXT('2D SPACE',''
  ) );
#1421 = PCURVE('',#510,#1422);
#1422 = DEFINITIONAL_REPRESENTATION('',(#1423),#1427);
#1423 = LINE('',#1424,#1425);
#1424 = CARTESIAN_POINT('',(-2.6,-35.47932960529));
#1425 = VECTOR('',#1426,1.);
#1426 = DIRECTION('',(-0.,-1.));
#1427 = ( GEOMETRIC_REPRESENTATION_CONTEXT(2) 
PARAMETRIC_REPRESENTATION_CONTEXT() REPRESENTATION_CONTEXT('2D SPACE',''
  ) );
#1428 = ORIENTED_EDGE('',*,*,#1429,.F.);
#1429 = EDGE_CURVE('',#1430,#1407,#1432,.T.);
#1430 = VERTEX_POINT('',#1431);
#1431 = CARTESIAN_POINT('',(7.421191986468,68.815543553291,18.1));
#1432 = SURFACE_CURVE('',#1433,(#1437,#1444),.PCURVE_S1.);
#1433 = LINE('',#1434,#1435);
#1434 = CARTESIAN_POINT('',(26.740910517077,68.815543553291,18.1));
#1435 = VECTOR('',#1436,1.);
#1436 = DIRECTION('',(1.,0.,1.110223024625E-16));
#1437 = PCURVE('',#426,#1438);
#1438 = DEFINITIONAL_REPRESENTATION('',(#1439),#1443);
#1439 = LINE('',#1440,#1441);
#1440 = CARTESIAN_POINT('',(-22.61204048357,-79.09067158664));
#1441 = VECTOR('',#1442,1.);
#1442 = DIRECTION('',(-0.870022185849,0.493012571981));
#1443 = ( GEOMETRIC_REPRESENTATION_CONTEXT(2) 
PARAMETRIC_REPRESENTATION_CONTEXT() REPRESENTATION_CONTEXT('2D SPACE',''
  ) );
#1444 = PCURVE('',#1445,#1450);
#1445 = PLANE('',#1446);
#1446 = AXIS2_PLACEMENT_3D('',#1447,#1448,#1449);
#1447 = CARTESIAN_POINT('',(7.421191986468,68.815543553291,15.5));
#1448 = DIRECTION('',(0.,1.,0.));
#1449 = DIRECTION('',(-1.,0.,-1.110223024625E-16));
#1450 = DEFINITIONAL_REPRESENTATION('',(#1451),#1455);
#1451 = LINE('',#1452,#1453);
#1452 = CARTESIAN_POINT('',(-19.3197185306,2.6));
#1453 = VECTOR('',#1454,1.);
#1454 = DIRECTION('',(-1.,0.));
#1455 = ( GEOMETRIC_REPRESENTATION_CONTEXT(2) 
PARAMETRIC_REPRESENTATION_CONTEXT() REPRESENTATION_CONTEXT('2D SPACE',''
  ) );
#1456 = ORIENTED_EDGE('',*,*,#1457,.T.);
#1457 = EDGE_CURVE('',#1430,#1458,#1460,.T.);
#1458 = VERTEX_POINT('',#1459);
#1459 = CARTESIAN_POINT('',(7.421191986468,59.815543553291,18.1));
#1460 = SURFACE_CURVE('',#1461,(#1465,#1472),.PCURVE_S1.);
#1461 = LINE('',#1462,#1463);
#1462 = CARTESIAN_POINT('',(7.421191986468,24.336213947996,18.1));
#1463 = VECTOR('',#1464,1.);
#1464 = DIRECTION('',(-0.,-1.,0.));
#1465 = PCURVE('',#426,#1466);
#1466 = DEFINITIONAL_REPRESENTATION('',(#1467),#1471);
#1467 = LINE('',#1468,#1469);
#1468 = CARTESIAN_POINT('',(16.125411951097,-49.91753214108));
#1469 = VECTOR('',#1470,1.);
#1470 = DIRECTION('',(0.493012571981,0.870022185849));
#1471 = ( GEOMETRIC_REPRESENTATION_CONTEXT(2) 
PARAMETRIC_REPRESENTATION_CONTEXT() REPRESENTATION_CONTEXT('2D SPACE',''
  ) );
#1472 = PCURVE('',#1473,#1478);
#1473 = PLANE('',#1474);
#1474 = AXIS2_PLACEMENT_3D('',#1475,#1476,#1477);
#1475 = CARTESIAN_POINT('',(7.421191986468,59.815543553291,15.5));
#1476 = DIRECTION('',(1.,0.,1.110223024625E-16));
#1477 = DIRECTION('',(1.110223024625E-16,0.,-1.));
#1478 = DEFINITIONAL_REPRESENTATION('',(#1479),#1483);
#1479 = LINE('',#1480,#1481);
#1480 = CARTESIAN_POINT('',(-2.6,-35.47932960529));
#1481 = VECTOR('',#1482,1.);
#1482 = DIRECTION('',(-0.,-1.));
#1483 = ( GEOMETRIC_REPRESENTATION_CONTEXT(2) 
PARAMETRIC_REPRESENTATION_CONTEXT() REPRESENTATION_CONTEXT('2D SPACE',''
  ) );
#1484 = ORIENTED_EDGE('',*,*,#1485,.T.);
#1485 = EDGE_CURVE('',#1458,#678,#1486,.T.);
#1486 = SURFACE_CURVE('',#1487,(#1491,#1498),.PCURVE_S1.);
#1487 = LINE('',#1488,#1489);
#1488 = CARTESIAN_POINT('',(26.740910517077,59.815543553291,18.1));
#1489 = VECTOR('',#1490,1.);
#1490 = DIRECTION('',(1.,0.,1.110223024625E-16));
#1491 = PCURVE('',#426,#1492);
#1492 = DEFINITIONAL_REPRESENTATION('',(#1493),#1497);
#1493 = LINE('',#1494,#1495);
#1494 = CARTESIAN_POINT('',(-18.17492733574,-71.260471914));
#1495 = VECTOR('',#1496,1.);
#1496 = DIRECTION('',(-0.870022185849,0.493012571981));
#1497 = ( GEOMETRIC_REPRESENTATION_CONTEXT(2) 
PARAMETRIC_REPRESENTATION_CONTEXT() REPRESENTATION_CONTEXT('2D SPACE',''
  ) );
#1498 = PCURVE('',#693,#1499);
#1499 = DEFINITIONAL_REPRESENTATION('',(#1500),#1504);
#1500 = LINE('',#1501,#1502);
#1501 = CARTESIAN_POINT('',(-19.3197185306,2.6));
#1502 = VECTOR('',#1503,1.);
#1503 = DIRECTION('',(-1.,0.));
#1504 = ( GEOMETRIC_REPRESENTATION_CONTEXT(2) 
PARAMETRIC_REPRESENTATION_CONTEXT() REPRESENTATION_CONTEXT('2D SPACE',''
  ) );
#1505 = ADVANCED_FACE('',(#1506),#400,.F.);
#1506 = FACE_BOUND('',#1507,.T.);
#1507 = EDGE_LOOP('',(#1508,#1509,#1510,#1538,#1566,#1599,#1627,#1653,
    #1654,#1655,#1678,#1711,#1739,#1772,#1800,#1833));
#1508 = ORIENTED_EDGE('',*,*,#1378,.F.);
#1509 = ORIENTED_EDGE('',*,*,#787,.F.);
#1510 = ORIENTED_EDGE('',*,*,#1511,.T.);
#1511 = EDGE_CURVE('',#760,#1512,#1514,.T.);
#1512 = VERTEX_POINT('',#1513);
#1513 = CARTESIAN_POINT('',(56.515822510329,-3.059066968953,14.));
#1514 = SURFACE_CURVE('',#1515,(#1520,#1527),.PCURVE_S1.);
#1515 = CIRCLE('',#1516,6.3);
#1516 = AXIS2_PLACEMENT_3D('',#1517,#1518,#1519);
#1517 = CARTESIAN_POINT('',(50.219335096042,-3.269414875369,14.));
#1518 = DIRECTION('',(-0.,0.,-1.));
#1519 = DIRECTION('',(-1.,-0.,0.));
#1520 = PCURVE('',#400,#1521);
#1521 = DEFINITIONAL_REPRESENTATION('',(#1522),#1526);
#1522 = LINE('',#1523,#1524);
#1523 = CARTESIAN_POINT('',(-0.,2.1));
#1524 = VECTOR('',#1525,1.);
#1525 = DIRECTION('',(-1.,0.));
#1526 = ( GEOMETRIC_REPRESENTATION_CONTEXT(2) 
PARAMETRIC_REPRESENTATION_CONTEXT() REPRESENTATION_CONTEXT('2D SPACE',''
  ) );
#1527 = PCURVE('',#775,#1528);
#1528 = DEFINITIONAL_REPRESENTATION('',(#1529),#1537);
#1529 = ( BOUNDED_CURVE() B_SPLINE_CURVE(2,(#1530,#1531,#1532,#1533,
#1534,#1535,#1536),.UNSPECIFIED.,.T.,.F.) B_SPLINE_CURVE_WITH_KNOTS((1,2
    ,2,2,2,1),(-2.094395102393,0.,2.094395102393,4.188790204786,
6.28318530718,8.377580409573),.UNSPECIFIED.) CURVE() 
GEOMETRIC_REPRESENTATION_ITEM() RATIONAL_B_SPLINE_CURVE((1.,0.5,1.,0.5,
1.,0.5,1.)) REPRESENTATION_ITEM('') );
#1530 = CARTESIAN_POINT('',(-9.919335096042,-18.73058512463));
#1531 = CARTESIAN_POINT('',(-9.919335096042,-29.64250521231));
#1532 = CARTESIAN_POINT('',(-19.36933509604,-24.18654516847));
#1533 = CARTESIAN_POINT('',(-28.81933509604,-18.73058512463));
#1534 = CARTESIAN_POINT('',(-19.36933509604,-13.27462508078));
#1535 = CARTESIAN_POINT('',(-9.919335096042,-7.818665036947));
#1536 = CARTESIAN_POINT('',(-9.919335096042,-18.73058512463));
#1537 = ( GEOMETRIC_REPRESENTATION_CONTEXT(2) 
PARAMETRIC_REPRESENTATION_CONTEXT() REPRESENTATION_CONTEXT('2D SPACE',''
  ) );
#1538 = ORIENTED_EDGE('',*,*,#1539,.T.);
#1539 = EDGE_CURVE('',#1512,#1540,#1542,.T.);
#1540 = VERTEX_POINT('',#1541);
#1541 = CARTESIAN_POINT('',(56.515822510329,-3.059066968953,15.));
#1542 = SURFACE_CURVE('',#1543,(#1547,#1554),.PCURVE_S1.);
#1543 = LINE('',#1544,#1545);
#1544 = CARTESIAN_POINT('',(56.515822510329,-3.059066968953,11.9));
#1545 = VECTOR('',#1546,1.);
#1546 = DIRECTION('',(0.,0.,1.));
#1547 = PCURVE('',#400,#1548);
#1548 = DEFINITIONAL_REPRESENTATION('',(#1549),#1553);
#1549 = LINE('',#1550,#1551);
#1550 = CARTESIAN_POINT('',(-3.108197890332,6.990505301603E-16));
#1551 = VECTOR('',#1552,1.);
#1552 = DIRECTION('',(-0.,1.));
#1553 = ( GEOMETRIC_REPRESENTATION_CONTEXT(2) 
PARAMETRIC_REPRESENTATION_CONTEXT() REPRESENTATION_CONTEXT('2D SPACE',''
  ) );
#1554 = PCURVE('',#1555,#1560);
#1555 = PLANE('',#1556);
#1556 = AXIS2_PLACEMENT_3D('',#1557,#1558,#1559);
#1557 = CARTESIAN_POINT('',(61.757410144827,-12.30892750041,-3.));
#1558 = DIRECTION('',(0.870022185849,0.493012571981,9.659186626638E-17)
  );
#1559 = DIRECTION('',(1.110223024625E-16,0.,-1.));
#1560 = DEFINITIONAL_REPRESENTATION('',(#1561),#1565);
#1561 = LINE('',#1562,#1563);
#1562 = CARTESIAN_POINT('',(-14.9,10.631752479328));
#1563 = VECTOR('',#1564,1.);
#1564 = DIRECTION('',(-1.,-5.473539088428E-17));
#1565 = ( GEOMETRIC_REPRESENTATION_CONTEXT(2) 
PARAMETRIC_REPRESENTATION_CONTEXT() REPRESENTATION_CONTEXT('2D SPACE',''
  ) );
#1566 = ORIENTED_EDGE('',*,*,#1567,.T.);
#1567 = EDGE_CURVE('',#1540,#1568,#1570,.T.);
#1568 = VERTEX_POINT('',#1569);
#1569 = CARTESIAN_POINT('',(52.398612594635,-9.180484963274,15.));
#1570 = SURFACE_CURVE('',#1571,(#1576,#1583),.PCURVE_S1.);
#1571 = CIRCLE('',#1572,6.3);
#1572 = AXIS2_PLACEMENT_3D('',#1573,#1574,#1575);
#1573 = CARTESIAN_POINT('',(50.219335096042,-3.269414875369,15.));
#1574 = DIRECTION('',(-0.,0.,-1.));
#1575 = DIRECTION('',(-1.,-0.,0.));
#1576 = PCURVE('',#400,#1577);
#1577 = DEFINITIONAL_REPRESENTATION('',(#1578),#1582);
#1578 = LINE('',#1579,#1580);
#1579 = CARTESIAN_POINT('',(-0.,3.1));
#1580 = VECTOR('',#1581,1.);
#1581 = DIRECTION('',(-1.,0.));
#1582 = ( GEOMETRIC_REPRESENTATION_CONTEXT(2) 
PARAMETRIC_REPRESENTATION_CONTEXT() REPRESENTATION_CONTEXT('2D SPACE',''
  ) );
#1583 = PCURVE('',#1584,#1589);
#1584 = PLANE('',#1585);
#1585 = AXIS2_PLACEMENT_3D('',#1586,#1587,#1588);
#1586 = CARTESIAN_POINT('',(56.015263718226,-15.56281047549,15.));
#1587 = DIRECTION('',(-1.110223024625E-16,-0.,1.));
#1588 = DIRECTION('',(-0.870022185849,-0.493012571981,
    -9.659186626638E-17));
#1589 = DEFINITIONAL_REPRESENTATION('',(#1590),#1598);
#1590 = ( BOUNDED_CURVE() B_SPLINE_CURVE(2,(#1591,#1592,#1593,#1594,
#1595,#1596,#1597),.UNSPECIFIED.,.T.,.F.) B_SPLINE_CURVE_WITH_KNOTS((1,2
    ,2,2,2,1),(-2.094395102393,0.,2.094395102393,4.188790204786,
6.28318530718,8.377580409573),.UNSPECIFIED.) CURVE() 
GEOMETRIC_REPRESENTATION_ITEM() RATIONAL_B_SPLINE_CURVE((1.,0.5,1.,0.5,
1.,0.5,1.)) REPRESENTATION_ITEM('') );
#1591 = CARTESIAN_POINT('',(4.462927676545,-16.65897179204));
#1592 = CARTESIAN_POINT('',(-0.916786111134,-26.15258435853));
#1593 = CARTESIAN_POINT('',(-6.448638873564,-16.74680927006));
#1594 = CARTESIAN_POINT('',(-11.98049163599,-7.341034181603));
#1595 = CARTESIAN_POINT('',(-1.068925085885,-7.253196703576));
#1596 = CARTESIAN_POINT('',(9.842641464224,-7.165359225549));
#1597 = CARTESIAN_POINT('',(4.462927676545,-16.65897179204));
#1598 = ( GEOMETRIC_REPRESENTATION_CONTEXT(2) 
PARAMETRIC_REPRESENTATION_CONTEXT() REPRESENTATION_CONTEXT('2D SPACE',''
  ) );
#1599 = ORIENTED_EDGE('',*,*,#1600,.F.);
#1600 = EDGE_CURVE('',#1601,#1568,#1603,.T.);
#1601 = VERTEX_POINT('',#1602);
#1602 = CARTESIAN_POINT('',(52.398612594635,-9.180484963274,14.));
#1603 = SURFACE_CURVE('',#1604,(#1608,#1615),.PCURVE_S1.);
#1604 = LINE('',#1605,#1606);
#1605 = CARTESIAN_POINT('',(52.398612594635,-9.180484963274,11.9));
#1606 = VECTOR('',#1607,1.);
#1607 = DIRECTION('',(0.,0.,1.));
#1608 = PCURVE('',#400,#1609);
#1609 = DEFINITIONAL_REPRESENTATION('',(#1610),#1614);
#1610 = LINE('',#1611,#1612);
#1611 = CARTESIAN_POINT('',(-4.359172968009,2.419484055985E-16));
#1612 = VECTOR('',#1613,1.);
#1613 = DIRECTION('',(-0.,1.));
#1614 = ( GEOMETRIC_REPRESENTATION_CONTEXT(2) 
PARAMETRIC_REPRESENTATION_CONTEXT() REPRESENTATION_CONTEXT('2D SPACE',''
  ) );
#1615 = PCURVE('',#1616,#1621);
#1616 = PLANE('',#1617);
#1617 = AXIS2_PLACEMENT_3D('',#1618,#1619,#1620);
#1618 = CARTESIAN_POINT('',(56.015263718226,-15.56281047549,-3.));
#1619 = DIRECTION('',(0.870022185849,0.493012571981,9.659186626638E-17)
  );
#1620 = DIRECTION('',(1.110223024625E-16,0.,-1.));
#1621 = DEFINITIONAL_REPRESENTATION('',(#1622),#1626);
#1622 = LINE('',#1623,#1624);
#1623 = CARTESIAN_POINT('',(-14.9,7.335819265337));
#1624 = VECTOR('',#1625,1.);
#1625 = DIRECTION('',(-1.,-5.473539088428E-17));
#1626 = ( GEOMETRIC_REPRESENTATION_CONTEXT(2) 
PARAMETRIC_REPRESENTATION_CONTEXT() REPRESENTATION_CONTEXT('2D SPACE',''
  ) );
#1627 = ORIENTED_EDGE('',*,*,#1628,.T.);
#1628 = EDGE_CURVE('',#1601,#357,#1629,.T.);
#1629 = SURFACE_CURVE('',#1630,(#1635,#1642),.PCURVE_S1.);
#1630 = CIRCLE('',#1631,6.3);
#1631 = AXIS2_PLACEMENT_3D('',#1632,#1633,#1634);
#1632 = CARTESIAN_POINT('',(50.219335096042,-3.269414875369,14.));
#1633 = DIRECTION('',(-0.,0.,-1.));
#1634 = DIRECTION('',(-1.,-0.,0.));
#1635 = PCURVE('',#400,#1636);
#1636 = DEFINITIONAL_REPRESENTATION('',(#1637),#1641);
#1637 = LINE('',#1638,#1639);
#1638 = CARTESIAN_POINT('',(-0.,2.1));
#1639 = VECTOR('',#1640,1.);
#1640 = DIRECTION('',(-1.,0.));
#1641 = ( GEOMETRIC_REPRESENTATION_CONTEXT(2) 
PARAMETRIC_REPRESENTATION_CONTEXT() REPRESENTATION_CONTEXT('2D SPACE',''
  ) );
#1642 = PCURVE('',#372,#1643);
#1643 = DEFINITIONAL_REPRESENTATION('',(#1644),#1652);
#1644 = ( BOUNDED_CURVE() B_SPLINE_CURVE(2,(#1645,#1646,#1647,#1648,
#1649,#1650,#1651),.UNSPECIFIED.,.T.,.F.) B_SPLINE_CURVE_WITH_KNOTS((1,2
    ,2,2,2,1),(-2.094395102393,0.,2.094395102393,4.188790204786,
6.28318530718,8.377580409573),.UNSPECIFIED.) CURVE() 
GEOMETRIC_REPRESENTATION_ITEM() RATIONAL_B_SPLINE_CURVE((1.,0.5,1.,0.5,
1.,0.5,1.)) REPRESENTATION_ITEM('') );
#1645 = CARTESIAN_POINT('',(-9.919335096042,-18.73058512463));
#1646 = CARTESIAN_POINT('',(-9.919335096042,-29.64250521231));
#1647 = CARTESIAN_POINT('',(-19.36933509604,-24.18654516847));
#1648 = CARTESIAN_POINT('',(-28.81933509604,-18.73058512463));
#1649 = CARTESIAN_POINT('',(-19.36933509604,-13.27462508078));
#1650 = CARTESIAN_POINT('',(-9.919335096042,-7.818665036947));
#1651 = CARTESIAN_POINT('',(-9.919335096042,-18.73058512463));
#1652 = ( GEOMETRIC_REPRESENTATION_CONTEXT(2) 
PARAMETRIC_REPRESENTATION_CONTEXT() REPRESENTATION_CONTEXT('2D SPACE',''
  ) );
#1653 = ORIENTED_EDGE('',*,*,#384,.T.);
#1654 = ORIENTED_EDGE('',*,*,#1238,.F.);
#1655 = ORIENTED_EDGE('',*,*,#1656,.T.);
#1656 = EDGE_CURVE('',#1239,#1657,#1659,.T.);
#1657 = VERTEX_POINT('',#1658);
#1658 = CARTESIAN_POINT('',(48.578808013532,-9.352068152644,20.));
#1659 = SURFACE_CURVE('',#1660,(#1664,#1671),.PCURVE_S1.);
#1660 = LINE('',#1661,#1662);
#1661 = CARTESIAN_POINT('',(48.578808013532,-9.352068152644,-0.5));
#1662 = VECTOR('',#1663,1.);
#1663 = DIRECTION('',(0.,0.,1.));
#1664 = PCURVE('',#400,#1665);
#1665 = DEFINITIONAL_REPRESENTATION('',(#1666),#1670);
#1666 = LINE('',#1667,#1668);
#1667 = CARTESIAN_POINT('',(-4.975826617299,-12.4));
#1668 = VECTOR('',#1669,1.);
#1669 = DIRECTION('',(-0.,1.));
#1670 = ( GEOMETRIC_REPRESENTATION_CONTEXT(2) 
PARAMETRIC_REPRESENTATION_CONTEXT() REPRESENTATION_CONTEXT('2D SPACE',''
  ) );
#1671 = PCURVE('',#1282,#1672);
#1672 = DEFINITIONAL_REPRESENTATION('',(#1673),#1677);
#1673 = LINE('',#1674,#1675);
#1674 = CARTESIAN_POINT('',(16.,3.463475400647));
#1675 = VECTOR('',#1676,1.);
#1676 = DIRECTION('',(-1.,0.));
#1677 = ( GEOMETRIC_REPRESENTATION_CONTEXT(2) 
PARAMETRIC_REPRESENTATION_CONTEXT() REPRESENTATION_CONTEXT('2D SPACE',''
  ) );
#1678 = ORIENTED_EDGE('',*,*,#1679,.T.);
#1679 = EDGE_CURVE('',#1657,#1680,#1682,.T.);
#1680 = VERTEX_POINT('',#1681);
#1681 = CARTESIAN_POINT('',(47.238156185365,-8.819421389107,20.));
#1682 = SURFACE_CURVE('',#1683,(#1688,#1695),.PCURVE_S1.);
#1683 = CIRCLE('',#1684,6.3);
#1684 = AXIS2_PLACEMENT_3D('',#1685,#1686,#1687);
#1685 = CARTESIAN_POINT('',(50.219335096042,-3.269414875369,20.));
#1686 = DIRECTION('',(-0.,0.,-1.));
#1687 = DIRECTION('',(-1.,-0.,0.));
#1688 = PCURVE('',#400,#1689);
#1689 = DEFINITIONAL_REPRESENTATION('',(#1690),#1694);
#1690 = LINE('',#1691,#1692);
#1691 = CARTESIAN_POINT('',(-0.,8.1));
#1692 = VECTOR('',#1693,1.);
#1693 = DIRECTION('',(-1.,0.));
#1694 = ( GEOMETRIC_REPRESENTATION_CONTEXT(2) 
PARAMETRIC_REPRESENTATION_CONTEXT() REPRESENTATION_CONTEXT('2D SPACE',''
  ) );
#1695 = PCURVE('',#1696,#1701);
#1696 = PLANE('',#1697);
#1697 = AXIS2_PLACEMENT_3D('',#1698,#1699,#1700);
#1698 = CARTESIAN_POINT('',(14.181748794971,-68.33777949243,20.));
#1699 = DIRECTION('',(-1.110223024625E-16,-0.,1.));
#1700 = DIRECTION('',(0.929277509994,0.369382335014,1.031705287861E-16)
  );
#1701 = DEFINITIONAL_REPRESENTATION('',(#1702),#1710);
#1702 = ( BOUNDED_CURVE() B_SPLINE_CURVE(2,(#1703,#1704,#1705,#1706,
#1707,#1708,#1709),.UNSPECIFIED.,.T.,.F.) B_SPLINE_CURVE_WITH_KNOTS((1,2
    ,2,2,2,1),(-2.094395102393,0.,2.094395102393,4.188790204786,
6.28318530718,8.377580409573),.UNSPECIFIED.) CURVE() 
GEOMETRIC_REPRESENTATION_ITEM() RATIONAL_B_SPLINE_CURVE((1.,0.5,1.,0.5,
1.,0.5,1.)) REPRESENTATION_ITEM('') );
#1703 = CARTESIAN_POINT('',(51.669574608861,49.482028785134));
#1704 = CARTESIAN_POINT('',(55.700245130334,59.622230713465));
#1705 = CARTESIAN_POINT('',(62.466582339036,51.061466683419));
#1706 = CARTESIAN_POINT('',(69.232919547738,42.500702653372));
#1707 = CARTESIAN_POINT('',(58.435911817563,40.921264755088));
#1708 = CARTESIAN_POINT('',(47.638904087388,39.341826856803));
#1709 = CARTESIAN_POINT('',(51.669574608861,49.482028785134));
#1710 = ( GEOMETRIC_REPRESENTATION_CONTEXT(2) 
PARAMETRIC_REPRESENTATION_CONTEXT() REPRESENTATION_CONTEXT('2D SPACE',''
  ) );
#1711 = ORIENTED_EDGE('',*,*,#1712,.T.);
#1712 = EDGE_CURVE('',#1680,#1713,#1715,.T.);
#1713 = VERTEX_POINT('',#1714);
#1714 = CARTESIAN_POINT('',(47.238156185365,-8.819421389107,24.));
#1715 = SURFACE_CURVE('',#1716,(#1720,#1727),.PCURVE_S1.);
#1716 = LINE('',#1717,#1718);
#1717 = CARTESIAN_POINT('',(47.238156185365,-8.819421389107,-0.5));
#1718 = VECTOR('',#1719,1.);
#1719 = DIRECTION('',(0.,0.,1.));
#1720 = PCURVE('',#400,#1721);
#1721 = DEFINITIONAL_REPRESENTATION('',(#1722),#1726);
#1722 = LINE('',#1723,#1724);
#1723 = CARTESIAN_POINT('',(-5.205312058421,-12.4));
#1724 = VECTOR('',#1725,1.);
#1725 = DIRECTION('',(-0.,1.));
#1726 = ( GEOMETRIC_REPRESENTATION_CONTEXT(2) 
PARAMETRIC_REPRESENTATION_CONTEXT() REPRESENTATION_CONTEXT('2D SPACE',''
  ) );
#1727 = PCURVE('',#1728,#1733);
#1728 = PLANE('',#1729);
#1729 = AXIS2_PLACEMENT_3D('',#1730,#1731,#1732);
#1730 = CARTESIAN_POINT('',(6.310639928483,-67.4234476014,20.));
#1731 = DIRECTION('',(0.81985779367,-0.572567199687,9.102249994513E-17)
  );
#1732 = DIRECTION('',(1.110223024625E-16,0.,-1.));
#1733 = DEFINITIONAL_REPRESENTATION('',(#1734),#1738);
#1734 = LINE('',#1735,#1736);
#1735 = CARTESIAN_POINT('',(20.5,71.480721003983));
#1736 = VECTOR('',#1737,1.);
#1737 = DIRECTION('',(-1.,6.35677288238E-17));
#1738 = ( GEOMETRIC_REPRESENTATION_CONTEXT(2) 
PARAMETRIC_REPRESENTATION_CONTEXT() REPRESENTATION_CONTEXT('2D SPACE',''
  ) );
#1739 = ORIENTED_EDGE('',*,*,#1740,.F.);
#1740 = EDGE_CURVE('',#1741,#1713,#1743,.T.);
#1741 = VERTEX_POINT('',#1742);
#1742 = CARTESIAN_POINT('',(53.529058553769,-8.629986732305,24.));
#1743 = SURFACE_CURVE('',#1744,(#1749,#1756),.PCURVE_S1.);
#1744 = CIRCLE('',#1745,6.3);
#1745 = AXIS2_PLACEMENT_3D('',#1746,#1747,#1748);
#1746 = CARTESIAN_POINT('',(50.219335096042,-3.269414875369,24.));
#1747 = DIRECTION('',(-0.,0.,-1.));
#1748 = DIRECTION('',(-1.,-0.,0.));
#1749 = PCURVE('',#400,#1750);
#1750 = DEFINITIONAL_REPRESENTATION('',(#1751),#1755);
#1751 = LINE('',#1752,#1753);
#1752 = CARTESIAN_POINT('',(-0.,12.1));
#1753 = VECTOR('',#1754,1.);
#1754 = DIRECTION('',(-1.,0.));
#1755 = ( GEOMETRIC_REPRESENTATION_CONTEXT(2) 
PARAMETRIC_REPRESENTATION_CONTEXT() REPRESENTATION_CONTEXT('2D SPACE',''
  ) );
#1756 = PCURVE('',#1757,#1762);
#1757 = PLANE('',#1758);
#1758 = AXIS2_PLACEMENT_3D('',#1759,#1760,#1761);
#1759 = CARTESIAN_POINT('',(14.181748794971,-68.33777949243,24.));
#1760 = DIRECTION('',(-1.110223024625E-16,-0.,1.));
#1761 = DIRECTION('',(0.929277509994,0.369382335014,1.031705287861E-16)
  );
#1762 = DEFINITIONAL_REPRESENTATION('',(#1763),#1771);
#1763 = ( BOUNDED_CURVE() B_SPLINE_CURVE(2,(#1764,#1765,#1766,#1767,
#1768,#1769,#1770),.UNSPECIFIED.,.T.,.F.) B_SPLINE_CURVE_WITH_KNOTS((1,2
    ,2,2,2,1),(-2.094395102393,0.,2.094395102393,4.188790204786,
6.28318530718,8.377580409573),.UNSPECIFIED.) CURVE() 
GEOMETRIC_REPRESENTATION_ITEM() RATIONAL_B_SPLINE_CURVE((1.,0.5,1.,0.5,
1.,0.5,1.)) REPRESENTATION_ITEM('') );
#1764 = CARTESIAN_POINT('',(51.669574608861,49.482028785134));
#1765 = CARTESIAN_POINT('',(55.700245130334,59.622230713465));
#1766 = CARTESIAN_POINT('',(62.466582339036,51.061466683419));
#1767 = CARTESIAN_POINT('',(69.232919547738,42.500702653372));
#1768 = CARTESIAN_POINT('',(58.435911817563,40.921264755088));
#1769 = CARTESIAN_POINT('',(47.638904087388,39.341826856803));
#1770 = CARTESIAN_POINT('',(51.669574608861,49.482028785134));
#1771 = ( GEOMETRIC_REPRESENTATION_CONTEXT(2) 
PARAMETRIC_REPRESENTATION_CONTEXT() REPRESENTATION_CONTEXT('2D SPACE',''
  ) );
#1772 = ORIENTED_EDGE('',*,*,#1773,.F.);
#1773 = EDGE_CURVE('',#1774,#1741,#1776,.T.);
#1774 = VERTEX_POINT('',#1775);
#1775 = CARTESIAN_POINT('',(53.529058553769,-8.629986732305,22.));
#1776 = SURFACE_CURVE('',#1777,(#1781,#1788),.PCURVE_S1.);
#1777 = LINE('',#1778,#1779);
#1778 = CARTESIAN_POINT('',(53.529058553769,-8.629986732305,-0.5));
#1779 = VECTOR('',#1780,1.);
#1780 = DIRECTION('',(0.,0.,1.));
#1781 = PCURVE('',#400,#1782);
#1782 = DEFINITIONAL_REPRESENTATION('',(#1783),#1787);
#1783 = LINE('',#1784,#1785);
#1784 = CARTESIAN_POINT('',(-4.159259140424,-12.4));
#1785 = VECTOR('',#1786,1.);
#1786 = DIRECTION('',(-0.,1.));
#1787 = ( GEOMETRIC_REPRESENTATION_CONTEXT(2) 
PARAMETRIC_REPRESENTATION_CONTEXT() REPRESENTATION_CONTEXT('2D SPACE',''
  ) );
#1788 = PCURVE('',#1789,#1794);
#1789 = PLANE('',#1790);
#1790 = AXIS2_PLACEMENT_3D('',#1791,#1792,#1793);
#1791 = CARTESIAN_POINT('',(49.389447942014,-5.738991154698,20.));
#1792 = DIRECTION('',(0.572567199687,0.81985779367,6.35677288238E-17));
#1793 = DIRECTION('',(-0.81985779367,0.572567199687,-9.102249994513E-17)
  );
#1794 = DEFINITIONAL_REPRESENTATION('',(#1795),#1799);
#1795 = LINE('',#1796,#1797);
#1796 = CARTESIAN_POINT('',(-5.049181264987,-20.5));
#1797 = VECTOR('',#1798,1.);
#1798 = DIRECTION('',(-9.102249994513E-17,1.));
#1799 = ( GEOMETRIC_REPRESENTATION_CONTEXT(2) 
PARAMETRIC_REPRESENTATION_CONTEXT() REPRESENTATION_CONTEXT('2D SPACE',''
  ) );
#1800 = ORIENTED_EDGE('',*,*,#1801,.F.);
#1801 = EDGE_CURVE('',#1802,#1774,#1804,.T.);
#1802 = VERTEX_POINT('',#1803);
#1803 = CARTESIAN_POINT('',(56.495619304645,-3.815543553291,22.));
#1804 = SURFACE_CURVE('',#1805,(#1810,#1817),.PCURVE_S1.);
#1805 = CIRCLE('',#1806,6.3);
#1806 = AXIS2_PLACEMENT_3D('',#1807,#1808,#1809);
#1807 = CARTESIAN_POINT('',(50.219335096042,-3.269414875369,22.));
#1808 = DIRECTION('',(-0.,0.,-1.));
#1809 = DIRECTION('',(-1.,-0.,0.));
#1810 = PCURVE('',#400,#1811);
#1811 = DEFINITIONAL_REPRESENTATION('',(#1812),#1816);
#1812 = LINE('',#1813,#1814);
#1813 = CARTESIAN_POINT('',(-0.,10.1));
#1814 = VECTOR('',#1815,1.);
#1815 = DIRECTION('',(-1.,0.));
#1816 = ( GEOMETRIC_REPRESENTATION_CONTEXT(2) 
PARAMETRIC_REPRESENTATION_CONTEXT() REPRESENTATION_CONTEXT('2D SPACE',''
  ) );
#1817 = PCURVE('',#1818,#1823);
#1818 = PLANE('',#1819);
#1819 = AXIS2_PLACEMENT_3D('',#1820,#1821,#1822);
#1820 = CARTESIAN_POINT('',(48.578808013532,-12.81554355329,22.));
#1821 = DIRECTION('',(-1.110223024625E-16,-0.,1.));
#1822 = DIRECTION('',(-1.,0.,-1.110223024625E-16));
#1823 = DEFINITIONAL_REPRESENTATION('',(#1824),#1832);
#1824 = ( BOUNDED_CURVE() B_SPLINE_CURVE(2,(#1825,#1826,#1827,#1828,
#1829,#1830,#1831),.UNSPECIFIED.,.T.,.F.) B_SPLINE_CURVE_WITH_KNOTS((1,2
    ,2,2,2,1),(-2.094395102393,0.,2.094395102393,4.188790204786,
6.28318530718,8.377580409573),.UNSPECIFIED.) CURVE() 
GEOMETRIC_REPRESENTATION_ITEM() RATIONAL_B_SPLINE_CURVE((1.,0.5,1.,0.5,
1.,0.5,1.)) REPRESENTATION_ITEM('') );
#1825 = CARTESIAN_POINT('',(4.659472917489,-9.546128677922));
#1826 = CARTESIAN_POINT('',(4.659472917489,-20.4580487656));
#1827 = CARTESIAN_POINT('',(-4.790527082511,-15.00208872176));
#1828 = CARTESIAN_POINT('',(-14.24052708251,-9.546128677922));
#1829 = CARTESIAN_POINT('',(-4.790527082511,-4.09016863408));
#1830 = CARTESIAN_POINT('',(4.659472917489,1.365791409762));
#1831 = CARTESIAN_POINT('',(4.659472917489,-9.546128677922));
#1832 = ( GEOMETRIC_REPRESENTATION_CONTEXT(2) 
PARAMETRIC_REPRESENTATION_CONTEXT() REPRESENTATION_CONTEXT('2D SPACE',''
  ) );
#1833 = ORIENTED_EDGE('',*,*,#1834,.F.);
#1834 = EDGE_CURVE('',#1351,#1802,#1835,.T.);
#1835 = SURFACE_CURVE('',#1836,(#1840,#1847),.PCURVE_S1.);
#1836 = LINE('',#1837,#1838);
#1837 = CARTESIAN_POINT('',(56.495619304645,-3.815543553291,-0.5));
#1838 = VECTOR('',#1839,1.);
#1839 = DIRECTION('',(0.,0.,1.));
#1840 = PCURVE('',#400,#1841);
#1841 = DEFINITIONAL_REPRESENTATION('',(#1842),#1846);
#1842 = LINE('',#1843,#1844);
#1843 = CARTESIAN_POINT('',(-3.228388684668,-12.4));
#1844 = VECTOR('',#1845,1.);
#1845 = DIRECTION('',(-0.,1.));
#1846 = ( GEOMETRIC_REPRESENTATION_CONTEXT(2) 
PARAMETRIC_REPRESENTATION_CONTEXT() REPRESENTATION_CONTEXT('2D SPACE',''
  ) );
#1847 = PCURVE('',#1366,#1848);
#1848 = DEFINITIONAL_REPRESENTATION('',(#1849),#1853);
#1849 = LINE('',#1850,#1851);
#1850 = CARTESIAN_POINT('',(-7.916811291113,-16.));
#1851 = VECTOR('',#1852,1.);
#1852 = DIRECTION('',(-1.110223024625E-16,1.));
#1853 = ( GEOMETRIC_REPRESENTATION_CONTEXT(2) 
PARAMETRIC_REPRESENTATION_CONTEXT() REPRESENTATION_CONTEXT('2D SPACE',''
  ) );
#1854 = ADVANCED_FACE('',(#1855),#372,.F.);
#1855 = FACE_BOUND('',#1856,.T.);
#1856 = EDGE_LOOP('',(#1857,#1858,#1859,#1860,#1861,#1884));
#1857 = ORIENTED_EDGE('',*,*,#1106,.T.);
#1858 = ORIENTED_EDGE('',*,*,#1177,.T.);
#1859 = ORIENTED_EDGE('',*,*,#356,.F.);
#1860 = ORIENTED_EDGE('',*,*,#1628,.F.);
#1861 = ORIENTED_EDGE('',*,*,#1862,.F.);
#1862 = EDGE_CURVE('',#1863,#1601,#1865,.T.);
#1863 = VERTEX_POINT('',#1864);
#1864 = CARTESIAN_POINT('',(55.363288563523,-14.41226608484,14.));
#1865 = SURFACE_CURVE('',#1866,(#1870,#1877),.PCURVE_S1.);
#1866 = LINE('',#1867,#1868);
#1867 = CARTESIAN_POINT('',(54.720291238382,-13.27756492282,14.));
#1868 = VECTOR('',#1869,1.);
#1869 = DIRECTION('',(-0.493012571981,0.870022185849,-5.473539088428E-17
    ));
#1870 = PCURVE('',#372,#1871);
#1871 = DEFINITIONAL_REPRESENTATION('',(#1872),#1876);
#1872 = LINE('',#1873,#1874);
#1873 = CARTESIAN_POINT('',(-20.72029123838,-8.722435077173));
#1874 = VECTOR('',#1875,1.);
#1875 = DIRECTION('',(0.493012571981,-0.870022185849));
#1876 = ( GEOMETRIC_REPRESENTATION_CONTEXT(2) 
PARAMETRIC_REPRESENTATION_CONTEXT() REPRESENTATION_CONTEXT('2D SPACE',''
  ) );
#1877 = PCURVE('',#1616,#1878);
#1878 = DEFINITIONAL_REPRESENTATION('',(#1879),#1883);
#1879 = LINE('',#1880,#1881);
#1880 = CARTESIAN_POINT('',(-17.,2.626652043863));
#1881 = VECTOR('',#1882,1.);
#1882 = DIRECTION('',(-0.,1.));
#1883 = ( GEOMETRIC_REPRESENTATION_CONTEXT(2) 
PARAMETRIC_REPRESENTATION_CONTEXT() REPRESENTATION_CONTEXT('2D SPACE',''
  ) );
#1884 = ORIENTED_EDGE('',*,*,#1885,.T.);
#1885 = EDGE_CURVE('',#1863,#1107,#1886,.T.);
#1886 = SURFACE_CURVE('',#1887,(#1892,#1903),.PCURVE_S1.);
#1887 = CIRCLE('',#1888,7.5);
#1888 = AXIS2_PLACEMENT_3D('',#1889,#1890,#1891);
#1889 = CARTESIAN_POINT('',(52.585795441551,-7.445521367442,14.));
#1890 = DIRECTION('',(-0.,0.,-1.));
#1891 = DIRECTION('',(-1.,-0.,0.));
#1892 = PCURVE('',#372,#1893);
#1893 = DEFINITIONAL_REPRESENTATION('',(#1894),#1902);
#1894 = ( BOUNDED_CURVE() B_SPLINE_CURVE(2,(#1895,#1896,#1897,#1898,
#1899,#1900,#1901),.UNSPECIFIED.,.T.,.F.) B_SPLINE_CURVE_WITH_KNOTS((1,2
    ,2,2,2,1),(-2.094395102393,0.,2.094395102393,4.188790204786,
6.28318530718,8.377580409573),.UNSPECIFIED.) CURVE() 
GEOMETRIC_REPRESENTATION_ITEM() RATIONAL_B_SPLINE_CURVE((1.,0.5,1.,0.5,
1.,0.5,1.)) REPRESENTATION_ITEM('') );
#1895 = CARTESIAN_POINT('',(-11.08579544155,-14.55447863255));
#1896 = CARTESIAN_POINT('',(-11.08579544155,-27.54485968932));
#1897 = CARTESIAN_POINT('',(-22.33579544155,-21.04966916094));
#1898 = CARTESIAN_POINT('',(-33.58579544155,-14.55447863255));
#1899 = CARTESIAN_POINT('',(-22.33579544155,-8.059288104174));
#1900 = CARTESIAN_POINT('',(-11.08579544155,-1.564097575791));
#1901 = CARTESIAN_POINT('',(-11.08579544155,-14.55447863255));
#1902 = ( GEOMETRIC_REPRESENTATION_CONTEXT(2) 
PARAMETRIC_REPRESENTATION_CONTEXT() REPRESENTATION_CONTEXT('2D SPACE',''
  ) );
#1903 = PCURVE('',#924,#1904);
#1904 = DEFINITIONAL_REPRESENTATION('',(#1905),#1909);
#1905 = LINE('',#1906,#1907);
#1906 = CARTESIAN_POINT('',(-0.,1.1));
#1907 = VECTOR('',#1908,1.);
#1908 = DIRECTION('',(-1.,0.));
#1909 = ( GEOMETRIC_REPRESENTATION_CONTEXT(2) 
PARAMETRIC_REPRESENTATION_CONTEXT() REPRESENTATION_CONTEXT('2D SPACE',''
  ) );
#1910 = ADVANCED_FACE('',(#1911),#775,.F.);
#1911 = FACE_BOUND('',#1912,.T.);
#1912 = EDGE_LOOP('',(#1913,#1914,#1915,#1943,#1964,#1965));
#1913 = ORIENTED_EDGE('',*,*,#834,.T.);
#1914 = ORIENTED_EDGE('',*,*,#885,.F.);
#1915 = ORIENTED_EDGE('',*,*,#1916,.T.);
#1916 = EDGE_CURVE('',#886,#1917,#1919,.T.);
#1917 = VERTEX_POINT('',#1918);
#1918 = CARTESIAN_POINT('',(59.911750056764,-9.05188028619,14.));
#1919 = SURFACE_CURVE('',#1920,(#1925,#1936),.PCURVE_S1.);
#1920 = CIRCLE('',#1921,7.5);
#1921 = AXIS2_PLACEMENT_3D('',#1922,#1923,#1924);
#1922 = CARTESIAN_POINT('',(52.585795441551,-7.445521367442,14.));
#1923 = DIRECTION('',(-0.,0.,-1.));
#1924 = DIRECTION('',(-1.,-0.,0.));
#1925 = PCURVE('',#775,#1926);
#1926 = DEFINITIONAL_REPRESENTATION('',(#1927),#1935);
#1927 = ( BOUNDED_CURVE() B_SPLINE_CURVE(2,(#1928,#1929,#1930,#1931,
#1932,#1933,#1934),.UNSPECIFIED.,.T.,.F.) B_SPLINE_CURVE_WITH_KNOTS((1,2
    ,2,2,2,1),(-2.094395102393,0.,2.094395102393,4.188790204786,
6.28318530718,8.377580409573),.UNSPECIFIED.) CURVE() 
GEOMETRIC_REPRESENTATION_ITEM() RATIONAL_B_SPLINE_CURVE((1.,0.5,1.,0.5,
1.,0.5,1.)) REPRESENTATION_ITEM('') );
#1928 = CARTESIAN_POINT('',(-11.08579544155,-14.55447863255));
#1929 = CARTESIAN_POINT('',(-11.08579544155,-27.54485968932));
#1930 = CARTESIAN_POINT('',(-22.33579544155,-21.04966916094));
#1931 = CARTESIAN_POINT('',(-33.58579544155,-14.55447863255));
#1932 = CARTESIAN_POINT('',(-22.33579544155,-8.059288104174));
#1933 = CARTESIAN_POINT('',(-11.08579544155,-1.564097575791));
#1934 = CARTESIAN_POINT('',(-11.08579544155,-14.55447863255));
#1935 = ( GEOMETRIC_REPRESENTATION_CONTEXT(2) 
PARAMETRIC_REPRESENTATION_CONTEXT() REPRESENTATION_CONTEXT('2D SPACE',''
  ) );
#1936 = PCURVE('',#924,#1937);
#1937 = DEFINITIONAL_REPRESENTATION('',(#1938),#1942);
#1938 = LINE('',#1939,#1940);
#1939 = CARTESIAN_POINT('',(-0.,1.1));
#1940 = VECTOR('',#1941,1.);
#1941 = DIRECTION('',(-1.,0.));
#1942 = ( GEOMETRIC_REPRESENTATION_CONTEXT(2) 
PARAMETRIC_REPRESENTATION_CONTEXT() REPRESENTATION_CONTEXT('2D SPACE',''
  ) );
#1943 = ORIENTED_EDGE('',*,*,#1944,.T.);
#1944 = EDGE_CURVE('',#1917,#1512,#1945,.T.);
#1945 = SURFACE_CURVE('',#1946,(#1950,#1957),.PCURVE_S1.);
#1946 = LINE('',#1947,#1948);
#1947 = CARTESIAN_POINT('',(60.462437664983,-10.02368194775,14.));
#1948 = VECTOR('',#1949,1.);
#1949 = DIRECTION('',(-0.493012571981,0.870022185849,-5.473539088428E-17
    ));
#1950 = PCURVE('',#775,#1951);
#1951 = DEFINITIONAL_REPRESENTATION('',(#1952),#1956);
#1952 = LINE('',#1953,#1954);
#1953 = CARTESIAN_POINT('',(-26.46243766498,-11.97631805224));
#1954 = VECTOR('',#1955,1.);
#1955 = DIRECTION('',(0.493012571981,-0.870022185849));
#1956 = ( GEOMETRIC_REPRESENTATION_CONTEXT(2) 
PARAMETRIC_REPRESENTATION_CONTEXT() REPRESENTATION_CONTEXT('2D SPACE',''
  ) );
#1957 = PCURVE('',#1555,#1958);
#1958 = DEFINITIONAL_REPRESENTATION('',(#1959),#1963);
#1959 = LINE('',#1960,#1961);
#1960 = CARTESIAN_POINT('',(-17.,2.626652043863));
#1961 = VECTOR('',#1962,1.);
#1962 = DIRECTION('',(-0.,1.));
#1963 = ( GEOMETRIC_REPRESENTATION_CONTEXT(2) 
PARAMETRIC_REPRESENTATION_CONTEXT() REPRESENTATION_CONTEXT('2D SPACE',''
  ) );
#1964 = ORIENTED_EDGE('',*,*,#1511,.F.);
#1965 = ORIENTED_EDGE('',*,*,#759,.T.);
#1966 = ADVANCED_FACE('',(#1967),#924,.T.);
#1967 = FACE_BOUND('',#1968,.F.);
#1968 = EDGE_LOOP('',(#1969,#1970,#1971,#1972,#1995,#2023,#2044,#2045));
#1969 = ORIENTED_EDGE('',*,*,#1204,.F.);
#1970 = ORIENTED_EDGE('',*,*,#908,.F.);
#1971 = ORIENTED_EDGE('',*,*,#1916,.T.);
#1972 = ORIENTED_EDGE('',*,*,#1973,.T.);
#1973 = EDGE_CURVE('',#1917,#1974,#1976,.T.);
#1974 = VERTEX_POINT('',#1975);
#1975 = CARTESIAN_POINT('',(59.911750056764,-9.05188028619,15.));
#1976 = SURFACE_CURVE('',#1977,(#1981,#1988),.PCURVE_S1.);
#1977 = LINE('',#1978,#1979);
#1978 = CARTESIAN_POINT('',(59.911750056764,-9.05188028619,12.9));
#1979 = VECTOR('',#1980,1.);
#1980 = DIRECTION('',(0.,0.,1.));
#1981 = PCURVE('',#924,#1982);
#1982 = DEFINITIONAL_REPRESENTATION('',(#1983),#1987);
#1983 = LINE('',#1984,#1985);
#1984 = CARTESIAN_POINT('',(-3.357446142658,8.133443491168E-16));
#1985 = VECTOR('',#1986,1.);
#1986 = DIRECTION('',(-0.,1.));
#1987 = ( GEOMETRIC_REPRESENTATION_CONTEXT(2) 
PARAMETRIC_REPRESENTATION_CONTEXT() REPRESENTATION_CONTEXT('2D SPACE',''
  ) );
#1988 = PCURVE('',#1555,#1989);
#1989 = DEFINITIONAL_REPRESENTATION('',(#1990),#1994);
#1990 = LINE('',#1991,#1992);
#1991 = CARTESIAN_POINT('',(-15.9,3.743636963754));
#1992 = VECTOR('',#1993,1.);
#1993 = DIRECTION('',(-1.,-5.473539088428E-17));
#1994 = ( GEOMETRIC_REPRESENTATION_CONTEXT(2) 
PARAMETRIC_REPRESENTATION_CONTEXT() REPRESENTATION_CONTEXT('2D SPACE',''
  ) );
#1995 = ORIENTED_EDGE('',*,*,#1996,.T.);
#1996 = EDGE_CURVE('',#1974,#1997,#1999,.T.);
#1997 = VERTEX_POINT('',#1998);
#1998 = CARTESIAN_POINT('',(55.363288563523,-14.41226608484,15.));
#1999 = SURFACE_CURVE('',#2000,(#2005,#2012),.PCURVE_S1.);
#2000 = CIRCLE('',#2001,7.5);
#2001 = AXIS2_PLACEMENT_3D('',#2002,#2003,#2004);
#2002 = CARTESIAN_POINT('',(52.585795441551,-7.445521367442,15.));
#2003 = DIRECTION('',(-0.,0.,-1.));
#2004 = DIRECTION('',(-1.,-0.,0.));
#2005 = PCURVE('',#924,#2006);
#2006 = DEFINITIONAL_REPRESENTATION('',(#2007),#2011);
#2007 = LINE('',#2008,#2009);
#2008 = CARTESIAN_POINT('',(-0.,2.1));
#2009 = VECTOR('',#2010,1.);
#2010 = DIRECTION('',(-1.,0.));
#2011 = ( GEOMETRIC_REPRESENTATION_CONTEXT(2) 
PARAMETRIC_REPRESENTATION_CONTEXT() REPRESENTATION_CONTEXT('2D SPACE',''
  ) );
#2012 = PCURVE('',#1584,#2013);
#2013 = DEFINITIONAL_REPRESENTATION('',(#2014),#2022);
#2014 = ( BOUNDED_CURVE() B_SPLINE_CURVE(2,(#2015,#2016,#2017,#2018,
#2019,#2020,#2021),.UNSPECIFIED.,.T.,.F.) B_SPLINE_CURVE_WITH_KNOTS((1,2
    ,2,2,2,1),(-2.094395102393,0.,2.094395102393,4.188790204786,
6.28318530718,8.377580409573),.UNSPECIFIED.) CURVE() 
GEOMETRIC_REPRESENTATION_ITEM() RATIONAL_B_SPLINE_CURVE((1.,0.5,1.,0.5,
1.,0.5,1.)) REPRESENTATION_ITEM('') );
#2015 = CARTESIAN_POINT('',(5.506954299563,-12.45058687841));
#2016 = CARTESIAN_POINT('',(-0.897466876245,-23.75250660043));
#2017 = CARTESIAN_POINT('',(-7.483005879138,-12.55515530464));
#2018 = CARTESIAN_POINT('',(-14.06854488203,-1.357804008849));
#2019 = CARTESIAN_POINT('',(-1.078584703329,-1.253235582626));
#2020 = CARTESIAN_POINT('',(11.911375475372,-1.148667156404));
#2021 = CARTESIAN_POINT('',(5.506954299563,-12.45058687841));
#2022 = ( GEOMETRIC_REPRESENTATION_CONTEXT(2) 
PARAMETRIC_REPRESENTATION_CONTEXT() REPRESENTATION_CONTEXT('2D SPACE',''
  ) );
#2023 = ORIENTED_EDGE('',*,*,#2024,.F.);
#2024 = EDGE_CURVE('',#1863,#1997,#2025,.T.);
#2025 = SURFACE_CURVE('',#2026,(#2030,#2037),.PCURVE_S1.);
#2026 = LINE('',#2027,#2028);
#2027 = CARTESIAN_POINT('',(55.363288563523,-14.41226608484,12.9));
#2028 = VECTOR('',#2029,1.);
#2029 = DIRECTION('',(0.,0.,1.));
#2030 = PCURVE('',#924,#2031);
#2031 = DEFINITIONAL_REPRESENTATION('',(#2032),#2036);
#2032 = LINE('',#2033,#2034);
#2033 = CARTESIAN_POINT('',(-4.333022124817,3.083636814751E-16));
#2034 = VECTOR('',#2035,1.);
#2035 = DIRECTION('',(-0.,1.));
#2036 = ( GEOMETRIC_REPRESENTATION_CONTEXT(2) 
PARAMETRIC_REPRESENTATION_CONTEXT() REPRESENTATION_CONTEXT('2D SPACE',''
  ) );
#2037 = PCURVE('',#1616,#2038);
#2038 = DEFINITIONAL_REPRESENTATION('',(#2039),#2043);
#2039 = LINE('',#2040,#2041);
#2040 = CARTESIAN_POINT('',(-15.9,1.322431093559));
#2041 = VECTOR('',#2042,1.);
#2042 = DIRECTION('',(-1.,-5.473539088428E-17));
#2043 = ( GEOMETRIC_REPRESENTATION_CONTEXT(2) 
PARAMETRIC_REPRESENTATION_CONTEXT() REPRESENTATION_CONTEXT('2D SPACE',''
  ) );
#2044 = ORIENTED_EDGE('',*,*,#1885,.T.);
#2045 = ORIENTED_EDGE('',*,*,#1129,.T.);
#2046 = ADVANCED_FACE('',(#2047),#693,.F.);
#2047 = FACE_BOUND('',#2048,.T.);
#2048 = EDGE_LOOP('',(#2049,#2072,#2073,#2074));
#2049 = ORIENTED_EDGE('',*,*,#2050,.F.);
#2050 = EDGE_CURVE('',#1458,#2051,#2053,.T.);
#2051 = VERTEX_POINT('',#2052);
#2052 = CARTESIAN_POINT('',(7.421191986468,59.815543553291,22.));
#2053 = SURFACE_CURVE('',#2054,(#2058,#2065),.PCURVE_S1.);
#2054 = LINE('',#2055,#2056);
#2055 = CARTESIAN_POINT('',(7.421191986468,59.815543553291,15.5));
#2056 = VECTOR('',#2057,1.);
#2057 = DIRECTION('',(-1.110223024625E-16,-0.,1.));
#2058 = PCURVE('',#693,#2059);
#2059 = DEFINITIONAL_REPRESENTATION('',(#2060),#2064);
#2060 = LINE('',#2061,#2062);
#2061 = CARTESIAN_POINT('',(-0.,0.));
#2062 = VECTOR('',#2063,1.);
#2063 = DIRECTION('',(-0.,1.));
#2064 = ( GEOMETRIC_REPRESENTATION_CONTEXT(2) 
PARAMETRIC_REPRESENTATION_CONTEXT() REPRESENTATION_CONTEXT('2D SPACE',''
  ) );
#2065 = PCURVE('',#1473,#2066);
#2066 = DEFINITIONAL_REPRESENTATION('',(#2067),#2071);
#2067 = LINE('',#2068,#2069);
#2068 = CARTESIAN_POINT('',(-0.,0.));
#2069 = VECTOR('',#2070,1.);
#2070 = DIRECTION('',(-1.,0.));
#2071 = ( GEOMETRIC_REPRESENTATION_CONTEXT(2) 
PARAMETRIC_REPRESENTATION_CONTEXT() REPRESENTATION_CONTEXT('2D SPACE',''
  ) );
#2072 = ORIENTED_EDGE('',*,*,#1485,.T.);
#2073 = ORIENTED_EDGE('',*,*,#677,.T.);
#2074 = ORIENTED_EDGE('',*,*,#2075,.F.);
#2075 = EDGE_CURVE('',#2051,#645,#2076,.T.);
#2076 = SURFACE_CURVE('',#2077,(#2081,#2088),.PCURVE_S1.);
#2077 = LINE('',#2078,#2079);
#2078 = CARTESIAN_POINT('',(7.421191986468,59.815543553291,22.));
#2079 = VECTOR('',#2080,1.);
#2080 = DIRECTION('',(1.,0.,1.110223024625E-16));
#2081 = PCURVE('',#693,#2082);
#2082 = DEFINITIONAL_REPRESENTATION('',(#2083),#2087);
#2083 = LINE('',#2084,#2085);
#2084 = CARTESIAN_POINT('',(-7.216449660064E-16,6.5));
#2085 = VECTOR('',#2086,1.);
#2086 = DIRECTION('',(-1.,0.));
#2087 = ( GEOMETRIC_REPRESENTATION_CONTEXT(2) 
PARAMETRIC_REPRESENTATION_CONTEXT() REPRESENTATION_CONTEXT('2D SPACE',''
  ) );
#2088 = PCURVE('',#661,#2089);
#2089 = DEFINITIONAL_REPRESENTATION('',(#2090),#2094);
#2090 = LINE('',#2091,#2092);
#2091 = CARTESIAN_POINT('',(-0.,0.));
#2092 = VECTOR('',#2093,1.);
#2093 = DIRECTION('',(-1.,0.));
#2094 = ( GEOMETRIC_REPRESENTATION_CONTEXT(2) 
PARAMETRIC_REPRESENTATION_CONTEXT() REPRESENTATION_CONTEXT('2D SPACE',''
  ) );
#2095 = ADVANCED_FACE('',(#2096),#1473,.F.);
#2096 = FACE_BOUND('',#2097,.T.);
#2097 = EDGE_LOOP('',(#2098,#2121,#2122,#2123,#2146,#2174));
#2098 = ORIENTED_EDGE('',*,*,#2099,.F.);
#2099 = EDGE_CURVE('',#1430,#2100,#2102,.T.);
#2100 = VERTEX_POINT('',#2101);
#2101 = CARTESIAN_POINT('',(7.421191986468,68.815543553291,20.));
#2102 = SURFACE_CURVE('',#2103,(#2107,#2114),.PCURVE_S1.);
#2103 = LINE('',#2104,#2105);
#2104 = CARTESIAN_POINT('',(7.421191986468,68.815543553291,15.5));
#2105 = VECTOR('',#2106,1.);
#2106 = DIRECTION('',(-1.110223024625E-16,-0.,1.));
#2107 = PCURVE('',#1473,#2108);
#2108 = DEFINITIONAL_REPRESENTATION('',(#2109),#2113);
#2109 = LINE('',#2110,#2111);
#2110 = CARTESIAN_POINT('',(-0.,9.));
#2111 = VECTOR('',#2112,1.);
#2112 = DIRECTION('',(-1.,0.));
#2113 = ( GEOMETRIC_REPRESENTATION_CONTEXT(2) 
PARAMETRIC_REPRESENTATION_CONTEXT() REPRESENTATION_CONTEXT('2D SPACE',''
  ) );
#2114 = PCURVE('',#1445,#2115);
#2115 = DEFINITIONAL_REPRESENTATION('',(#2116),#2120);
#2116 = LINE('',#2117,#2118);
#2117 = CARTESIAN_POINT('',(-0.,0.));
#2118 = VECTOR('',#2119,1.);
#2119 = DIRECTION('',(-0.,1.));
#2120 = ( GEOMETRIC_REPRESENTATION_CONTEXT(2) 
PARAMETRIC_REPRESENTATION_CONTEXT() REPRESENTATION_CONTEXT('2D SPACE',''
  ) );
#2121 = ORIENTED_EDGE('',*,*,#1457,.T.);
#2122 = ORIENTED_EDGE('',*,*,#2050,.T.);
#2123 = ORIENTED_EDGE('',*,*,#2124,.T.);
#2124 = EDGE_CURVE('',#2051,#2125,#2127,.T.);
#2125 = VERTEX_POINT('',#2126);
#2126 = CARTESIAN_POINT('',(7.421191986468,64.231936408941,22.));
#2127 = SURFACE_CURVE('',#2128,(#2132,#2139),.PCURVE_S1.);
#2128 = LINE('',#2129,#2130);
#2129 = CARTESIAN_POINT('',(7.421191986468,59.815543553291,22.));
#2130 = VECTOR('',#2131,1.);
#2131 = DIRECTION('',(0.,1.,0.));
#2132 = PCURVE('',#1473,#2133);
#2133 = DEFINITIONAL_REPRESENTATION('',(#2134),#2138);
#2134 = LINE('',#2135,#2136);
#2135 = CARTESIAN_POINT('',(-6.5,0.));
#2136 = VECTOR('',#2137,1.);
#2137 = DIRECTION('',(-0.,1.));
#2138 = ( GEOMETRIC_REPRESENTATION_CONTEXT(2) 
PARAMETRIC_REPRESENTATION_CONTEXT() REPRESENTATION_CONTEXT('2D SPACE',''
  ) );
#2139 = PCURVE('',#661,#2140);
#2140 = DEFINITIONAL_REPRESENTATION('',(#2141),#2145);
#2141 = LINE('',#2142,#2143);
#2142 = CARTESIAN_POINT('',(-0.,0.));
#2143 = VECTOR('',#2144,1.);
#2144 = DIRECTION('',(-0.,-1.));
#2145 = ( GEOMETRIC_REPRESENTATION_CONTEXT(2) 
PARAMETRIC_REPRESENTATION_CONTEXT() REPRESENTATION_CONTEXT('2D SPACE',''
  ) );
#2146 = ORIENTED_EDGE('',*,*,#2147,.T.);
#2147 = EDGE_CURVE('',#2125,#2148,#2150,.T.);
#2148 = VERTEX_POINT('',#2149);
#2149 = CARTESIAN_POINT('',(7.421191986468,64.231936408941,20.));
#2150 = SURFACE_CURVE('',#2151,(#2155,#2162),.PCURVE_S1.);
#2151 = LINE('',#2152,#2153);
#2152 = CARTESIAN_POINT('',(7.421191986469,64.231936408939,17.75));
#2153 = VECTOR('',#2154,1.);
#2154 = DIRECTION('',(1.110223024625E-16,0.,-1.));
#2155 = PCURVE('',#1473,#2156);
#2156 = DEFINITIONAL_REPRESENTATION('',(#2157),#2161);
#2157 = LINE('',#2158,#2159);
#2158 = CARTESIAN_POINT('',(-2.25,4.416392855648));
#2159 = VECTOR('',#2160,1.);
#2160 = DIRECTION('',(1.,-0.));
#2161 = ( GEOMETRIC_REPRESENTATION_CONTEXT(2) 
PARAMETRIC_REPRESENTATION_CONTEXT() REPRESENTATION_CONTEXT('2D SPACE',''
  ) );
#2162 = PCURVE('',#2163,#2168);
#2163 = PLANE('',#2164);
#2164 = AXIS2_PLACEMENT_3D('',#2165,#2166,#2167);
#2165 = CARTESIAN_POINT('',(5.503105663319,115.83284341255,20.));
#2166 = DIRECTION('',(-0.999309852596,-3.714590832131E-02,
    -1.109456807087E-16));
#2167 = DIRECTION('',(1.110223024625E-16,0.,-1.));
#2168 = DEFINITIONAL_REPRESENTATION('',(#2169),#2173);
#2169 = LINE('',#2170,#2171);
#2170 = CARTESIAN_POINT('',(2.25,51.636543830303));
#2171 = VECTOR('',#2172,1.);
#2172 = DIRECTION('',(1.,-0.));
#2173 = ( GEOMETRIC_REPRESENTATION_CONTEXT(2) 
PARAMETRIC_REPRESENTATION_CONTEXT() REPRESENTATION_CONTEXT('2D SPACE',''
  ) );
#2174 = ORIENTED_EDGE('',*,*,#2175,.F.);
#2175 = EDGE_CURVE('',#2100,#2148,#2176,.T.);
#2176 = SURFACE_CURVE('',#2177,(#2181,#2188),.PCURVE_S1.);
#2177 = LINE('',#2178,#2179);
#2178 = CARTESIAN_POINT('',(7.421191986468,87.991350070368,20.));
#2179 = VECTOR('',#2180,1.);
#2180 = DIRECTION('',(-0.,-1.,0.));
#2181 = PCURVE('',#1473,#2182);
#2182 = DEFINITIONAL_REPRESENTATION('',(#2183),#2187);
#2183 = LINE('',#2184,#2185);
#2184 = CARTESIAN_POINT('',(-4.5,28.175806517077));
#2185 = VECTOR('',#2186,1.);
#2186 = DIRECTION('',(-0.,-1.));
#2187 = ( GEOMETRIC_REPRESENTATION_CONTEXT(2) 
PARAMETRIC_REPRESENTATION_CONTEXT() REPRESENTATION_CONTEXT('2D SPACE',''
  ) );
#2188 = PCURVE('',#2189,#2194);
#2189 = PLANE('',#2190);
#2190 = AXIS2_PLACEMENT_3D('',#2191,#2192,#2193);
#2191 = CARTESIAN_POINT('',(14.496894336681,116.16715658744,20.));
#2192 = DIRECTION('',(-1.110223024625E-16,-0.,1.));
#2193 = DIRECTION('',(0.999309852596,3.714590832131E-02,
    1.109456807087E-16));
#2194 = DEFINITIONAL_REPRESENTATION('',(#2195),#2199);
#2195 = LINE('',#2196,#2197);
#2196 = CARTESIAN_POINT('',(-8.117434998365,-27.89352766653));
#2197 = VECTOR('',#2198,1.);
#2198 = DIRECTION('',(-3.714590832131E-02,-0.999309852596));
#2199 = ( GEOMETRIC_REPRESENTATION_CONTEXT(2) 
PARAMETRIC_REPRESENTATION_CONTEXT() REPRESENTATION_CONTEXT('2D SPACE',''
  ) );
#2200 = ADVANCED_FACE('',(#2201),#1282,.F.);
#2201 = FACE_BOUND('',#2202,.T.);
#2202 = EDGE_LOOP('',(#2203,#2226,#2227,#2228));
#2203 = ORIENTED_EDGE('',*,*,#2204,.F.);
#2204 = EDGE_CURVE('',#1657,#2205,#2207,.T.);
#2205 = VERTEX_POINT('',#2206);
#2206 = CARTESIAN_POINT('',(48.578808013532,-12.81554355329,20.));
#2207 = SURFACE_CURVE('',#2208,(#2212,#2219),.PCURVE_S1.);
#2208 = LINE('',#2209,#2210);
#2209 = CARTESIAN_POINT('',(48.578808013532,-40.57666152286,20.));
#2210 = VECTOR('',#2211,1.);
#2211 = DIRECTION('',(-0.,-1.,0.));
#2212 = PCURVE('',#1282,#2213);
#2213 = DEFINITIONAL_REPRESENTATION('',(#2214),#2218);
#2214 = LINE('',#2215,#2216);
#2215 = CARTESIAN_POINT('',(-4.5,-27.76111796957));
#2216 = VECTOR('',#2217,1.);
#2217 = DIRECTION('',(-0.,-1.));
#2218 = ( GEOMETRIC_REPRESENTATION_CONTEXT(2) 
PARAMETRIC_REPRESENTATION_CONTEXT() REPRESENTATION_CONTEXT('2D SPACE',''
  ) );
#2219 = PCURVE('',#1696,#2220);
#2220 = DEFINITIONAL_REPRESENTATION('',(#2221),#2225);
#2221 = LINE('',#2222,#2223);
#2222 = CARTESIAN_POINT('',(42.218880119919,13.09211652964));
#2223 = VECTOR('',#2224,1.);
#2224 = DIRECTION('',(-0.369382335014,-0.929277509994));
#2225 = ( GEOMETRIC_REPRESENTATION_CONTEXT(2) 
PARAMETRIC_REPRESENTATION_CONTEXT() REPRESENTATION_CONTEXT('2D SPACE',''
  ) );
#2226 = ORIENTED_EDGE('',*,*,#1656,.F.);
#2227 = ORIENTED_EDGE('',*,*,#1266,.T.);
#2228 = ORIENTED_EDGE('',*,*,#2229,.T.);
#2229 = EDGE_CURVE('',#1267,#2205,#2230,.T.);
#2230 = SURFACE_CURVE('',#2231,(#2235,#2242),.PCURVE_S1.);
#2231 = LINE('',#2232,#2233);
#2232 = CARTESIAN_POINT('',(48.578808013532,-12.81554355329,15.5));
#2233 = VECTOR('',#2234,1.);
#2234 = DIRECTION('',(-1.110223024625E-16,-0.,1.));
#2235 = PCURVE('',#1282,#2236);
#2236 = DEFINITIONAL_REPRESENTATION('',(#2237),#2241);
#2237 = LINE('',#2238,#2239);
#2238 = CARTESIAN_POINT('',(-0.,0.));
#2239 = VECTOR('',#2240,1.);
#2240 = DIRECTION('',(-1.,0.));
#2241 = ( GEOMETRIC_REPRESENTATION_CONTEXT(2) 
PARAMETRIC_REPRESENTATION_CONTEXT() REPRESENTATION_CONTEXT('2D SPACE',''
  ) );
#2242 = PCURVE('',#1310,#2243);
#2243 = DEFINITIONAL_REPRESENTATION('',(#2244),#2248);
#2244 = LINE('',#2245,#2246);
#2245 = CARTESIAN_POINT('',(-0.,0.));
#2246 = VECTOR('',#2247,1.);
#2247 = DIRECTION('',(-0.,1.));
#2248 = ( GEOMETRIC_REPRESENTATION_CONTEXT(2) 
PARAMETRIC_REPRESENTATION_CONTEXT() REPRESENTATION_CONTEXT('2D SPACE',''
  ) );
#2249 = ADVANCED_FACE('',(#2250),#1445,.T.);
#2250 = FACE_BOUND('',#2251,.F.);
#2251 = EDGE_LOOP('',(#2252,#2253,#2254,#2277,#2300,#2323));
#2252 = ORIENTED_EDGE('',*,*,#2099,.F.);
#2253 = ORIENTED_EDGE('',*,*,#1429,.T.);
#2254 = ORIENTED_EDGE('',*,*,#2255,.T.);
#2255 = EDGE_CURVE('',#1407,#2256,#2258,.T.);
#2256 = VERTEX_POINT('',#2257);
#2257 = CARTESIAN_POINT('',(16.421191986468,68.815543553291,22.));
#2258 = SURFACE_CURVE('',#2259,(#2263,#2270),.PCURVE_S1.);
#2259 = LINE('',#2260,#2261);
#2260 = CARTESIAN_POINT('',(16.421191986468,68.815543553291,15.5));
#2261 = VECTOR('',#2262,1.);
#2262 = DIRECTION('',(-1.110223024625E-16,-0.,1.));
#2263 = PCURVE('',#1445,#2264);
#2264 = DEFINITIONAL_REPRESENTATION('',(#2265),#2269);
#2265 = LINE('',#2266,#2267);
#2266 = CARTESIAN_POINT('',(-9.,-9.992007221626E-16));
#2267 = VECTOR('',#2268,1.);
#2268 = DIRECTION('',(-0.,1.));
#2269 = ( GEOMETRIC_REPRESENTATION_CONTEXT(2) 
PARAMETRIC_REPRESENTATION_CONTEXT() REPRESENTATION_CONTEXT('2D SPACE',''
  ) );
#2270 = PCURVE('',#510,#2271);
#2271 = DEFINITIONAL_REPRESENTATION('',(#2272),#2276);
#2272 = LINE('',#2273,#2274);
#2273 = CARTESIAN_POINT('',(-0.,9.));
#2274 = VECTOR('',#2275,1.);
#2275 = DIRECTION('',(-1.,0.));
#2276 = ( GEOMETRIC_REPRESENTATION_CONTEXT(2) 
PARAMETRIC_REPRESENTATION_CONTEXT() REPRESENTATION_CONTEXT('2D SPACE',''
  ) );
#2277 = ORIENTED_EDGE('',*,*,#2278,.F.);
#2278 = EDGE_CURVE('',#2279,#2256,#2281,.T.);
#2279 = VERTEX_POINT('',#2280);
#2280 = CARTESIAN_POINT('',(16.25702776483,68.815543553291,22.));
#2281 = SURFACE_CURVE('',#2282,(#2286,#2293),.PCURVE_S1.);
#2282 = LINE('',#2283,#2284);
#2283 = CARTESIAN_POINT('',(7.421191986468,68.815543553291,22.));
#2284 = VECTOR('',#2285,1.);
#2285 = DIRECTION('',(1.,0.,1.110223024625E-16));
#2286 = PCURVE('',#1445,#2287);
#2287 = DEFINITIONAL_REPRESENTATION('',(#2288),#2292);
#2288 = LINE('',#2289,#2290);
#2289 = CARTESIAN_POINT('',(-7.216449660064E-16,6.5));
#2290 = VECTOR('',#2291,1.);
#2291 = DIRECTION('',(-1.,0.));
#2292 = ( GEOMETRIC_REPRESENTATION_CONTEXT(2) 
PARAMETRIC_REPRESENTATION_CONTEXT() REPRESENTATION_CONTEXT('2D SPACE',''
  ) );
#2293 = PCURVE('',#539,#2294);
#2294 = DEFINITIONAL_REPRESENTATION('',(#2295),#2299);
#2295 = LINE('',#2296,#2297);
#2296 = CARTESIAN_POINT('',(-0.,-9.));
#2297 = VECTOR('',#2298,1.);
#2298 = DIRECTION('',(-1.,0.));
#2299 = ( GEOMETRIC_REPRESENTATION_CONTEXT(2) 
PARAMETRIC_REPRESENTATION_CONTEXT() REPRESENTATION_CONTEXT('2D SPACE',''
  ) );
#2300 = ORIENTED_EDGE('',*,*,#2301,.F.);
#2301 = EDGE_CURVE('',#2302,#2279,#2304,.T.);
#2302 = VERTEX_POINT('',#2303);
#2303 = CARTESIAN_POINT('',(16.25702776483,68.815543553291,20.));
#2304 = SURFACE_CURVE('',#2305,(#2309,#2316),.PCURVE_S1.);
#2305 = LINE('',#2306,#2307);
#2306 = CARTESIAN_POINT('',(16.25702776483,68.815543553291,17.75));
#2307 = VECTOR('',#2308,1.);
#2308 = DIRECTION('',(-1.110223024625E-16,-0.,1.));
#2309 = PCURVE('',#1445,#2310);
#2310 = DEFINITIONAL_REPRESENTATION('',(#2311),#2315);
#2311 = LINE('',#2312,#2313);
#2312 = CARTESIAN_POINT('',(-8.835835778362,2.25));
#2313 = VECTOR('',#2314,1.);
#2314 = DIRECTION('',(-0.,1.));
#2315 = ( GEOMETRIC_REPRESENTATION_CONTEXT(2) 
PARAMETRIC_REPRESENTATION_CONTEXT() REPRESENTATION_CONTEXT('2D SPACE',''
  ) );
#2316 = PCURVE('',#571,#2317);
#2317 = DEFINITIONAL_REPRESENTATION('',(#2318),#2322);
#2318 = LINE('',#2319,#2320);
#2319 = CARTESIAN_POINT('',(2.25,47.384315196289));
#2320 = VECTOR('',#2321,1.);
#2321 = DIRECTION('',(-1.,0.));
#2322 = ( GEOMETRIC_REPRESENTATION_CONTEXT(2) 
PARAMETRIC_REPRESENTATION_CONTEXT() REPRESENTATION_CONTEXT('2D SPACE',''
  ) );
#2323 = ORIENTED_EDGE('',*,*,#2324,.F.);
#2324 = EDGE_CURVE('',#2100,#2302,#2325,.T.);
#2325 = SURFACE_CURVE('',#2326,(#2330,#2337),.PCURVE_S1.);
#2326 = LINE('',#2327,#2328);
#2327 = CARTESIAN_POINT('',(10.959043161575,68.815543553291,20.));
#2328 = VECTOR('',#2329,1.);
#2329 = DIRECTION('',(1.,0.,1.110223024625E-16));
#2330 = PCURVE('',#1445,#2331);
#2331 = DEFINITIONAL_REPRESENTATION('',(#2332),#2336);
#2332 = LINE('',#2333,#2334);
#2333 = CARTESIAN_POINT('',(-3.537851175106,4.5));
#2334 = VECTOR('',#2335,1.);
#2335 = DIRECTION('',(-1.,0.));
#2336 = ( GEOMETRIC_REPRESENTATION_CONTEXT(2) 
PARAMETRIC_REPRESENTATION_CONTEXT() REPRESENTATION_CONTEXT('2D SPACE',''
  ) );
#2337 = PCURVE('',#2189,#2338);
#2338 = DEFINITIONAL_REPRESENTATION('',(#2339),#2343);
#2339 = LINE('',#2340,#2341);
#2340 = CARTESIAN_POINT('',(-5.294328212934,-47.18751674592));
#2341 = VECTOR('',#2342,1.);
#2342 = DIRECTION('',(0.999309852596,-3.714590832131E-02));
#2343 = ( GEOMETRIC_REPRESENTATION_CONTEXT(2) 
PARAMETRIC_REPRESENTATION_CONTEXT() REPRESENTATION_CONTEXT('2D SPACE',''
  ) );
#2344 = ADVANCED_FACE('',(#2345),#1310,.F.);
#2345 = FACE_BOUND('',#2346,.T.);
#2346 = EDGE_LOOP('',(#2347,#2348,#2349,#2372,#2395,#2423));
#2347 = ORIENTED_EDGE('',*,*,#2229,.F.);
#2348 = ORIENTED_EDGE('',*,*,#1294,.T.);
#2349 = ORIENTED_EDGE('',*,*,#2350,.T.);
#2350 = EDGE_CURVE('',#1295,#2351,#2353,.T.);
#2351 = VERTEX_POINT('',#2352);
#2352 = CARTESIAN_POINT('',(57.578808013532,-12.81554355329,22.));
#2353 = SURFACE_CURVE('',#2354,(#2358,#2365),.PCURVE_S1.);
#2354 = LINE('',#2355,#2356);
#2355 = CARTESIAN_POINT('',(57.578808013532,-12.81554355329,15.5));
#2356 = VECTOR('',#2357,1.);
#2357 = DIRECTION('',(-1.110223024625E-16,-0.,1.));
#2358 = PCURVE('',#1310,#2359);
#2359 = DEFINITIONAL_REPRESENTATION('',(#2360),#2364);
#2360 = LINE('',#2361,#2362);
#2361 = CARTESIAN_POINT('',(-9.,-9.992007221626E-16));
#2362 = VECTOR('',#2363,1.);
#2363 = DIRECTION('',(-0.,1.));
#2364 = ( GEOMETRIC_REPRESENTATION_CONTEXT(2) 
PARAMETRIC_REPRESENTATION_CONTEXT() REPRESENTATION_CONTEXT('2D SPACE',''
  ) );
#2365 = PCURVE('',#1338,#2366);
#2366 = DEFINITIONAL_REPRESENTATION('',(#2367),#2371);
#2367 = LINE('',#2368,#2369);
#2368 = CARTESIAN_POINT('',(-0.,0.));
#2369 = VECTOR('',#2370,1.);
#2370 = DIRECTION('',(-1.,0.));
#2371 = ( GEOMETRIC_REPRESENTATION_CONTEXT(2) 
PARAMETRIC_REPRESENTATION_CONTEXT() REPRESENTATION_CONTEXT('2D SPACE',''
  ) );
#2372 = ORIENTED_EDGE('',*,*,#2373,.F.);
#2373 = EDGE_CURVE('',#2374,#2351,#2376,.T.);
#2374 = VERTEX_POINT('',#2375);
#2375 = CARTESIAN_POINT('',(55.424882681915,-12.81554355329,22.));
#2376 = SURFACE_CURVE('',#2377,(#2381,#2388),.PCURVE_S1.);
#2377 = LINE('',#2378,#2379);
#2378 = CARTESIAN_POINT('',(48.578808013532,-12.81554355329,22.));
#2379 = VECTOR('',#2380,1.);
#2380 = DIRECTION('',(1.,0.,1.110223024625E-16));
#2381 = PCURVE('',#1310,#2382);
#2382 = DEFINITIONAL_REPRESENTATION('',(#2383),#2387);
#2383 = LINE('',#2384,#2385);
#2384 = CARTESIAN_POINT('',(6.383782391595E-15,6.5));
#2385 = VECTOR('',#2386,1.);
#2386 = DIRECTION('',(-1.,0.));
#2387 = ( GEOMETRIC_REPRESENTATION_CONTEXT(2) 
PARAMETRIC_REPRESENTATION_CONTEXT() REPRESENTATION_CONTEXT('2D SPACE',''
  ) );
#2388 = PCURVE('',#1818,#2389);
#2389 = DEFINITIONAL_REPRESENTATION('',(#2390),#2394);
#2390 = LINE('',#2391,#2392);
#2391 = CARTESIAN_POINT('',(-0.,0.));
#2392 = VECTOR('',#2393,1.);
#2393 = DIRECTION('',(-1.,0.));
#2394 = ( GEOMETRIC_REPRESENTATION_CONTEXT(2) 
PARAMETRIC_REPRESENTATION_CONTEXT() REPRESENTATION_CONTEXT('2D SPACE',''
  ) );
#2395 = ORIENTED_EDGE('',*,*,#2396,.T.);
#2396 = EDGE_CURVE('',#2374,#2397,#2399,.T.);
#2397 = VERTEX_POINT('',#2398);
#2398 = CARTESIAN_POINT('',(55.424882681915,-12.81554355329,20.));
#2399 = SURFACE_CURVE('',#2400,(#2404,#2411),.PCURVE_S1.);
#2400 = LINE('',#2401,#2402);
#2401 = CARTESIAN_POINT('',(55.424882681915,-12.81554355329,17.75));
#2402 = VECTOR('',#2403,1.);
#2403 = DIRECTION('',(1.110223024625E-16,0.,-1.));
#2404 = PCURVE('',#1310,#2405);
#2405 = DEFINITIONAL_REPRESENTATION('',(#2406),#2410);
#2406 = LINE('',#2407,#2408);
#2407 = CARTESIAN_POINT('',(-6.846074668383,2.25));
#2408 = VECTOR('',#2409,1.);
#2409 = DIRECTION('',(-0.,-1.));
#2410 = ( GEOMETRIC_REPRESENTATION_CONTEXT(2) 
PARAMETRIC_REPRESENTATION_CONTEXT() REPRESENTATION_CONTEXT('2D SPACE',''
  ) );
#2411 = PCURVE('',#2412,#2417);
#2412 = PLANE('',#2413);
#2413 = AXIS2_PLACEMENT_3D('',#2414,#2415,#2416);
#2414 = CARTESIAN_POINT('',(13.689360071517,-72.57655239859,20.));
#2415 = DIRECTION('',(0.81985779367,-0.572567199687,9.102249994513E-17)
  );
#2416 = DIRECTION('',(1.110223024625E-16,0.,-1.));
#2417 = DEFINITIONAL_REPRESENTATION('',(#2418),#2422);
#2418 = LINE('',#2419,#2420);
#2419 = CARTESIAN_POINT('',(2.25,72.891920167953));
#2420 = VECTOR('',#2421,1.);
#2421 = DIRECTION('',(1.,-0.));
#2422 = ( GEOMETRIC_REPRESENTATION_CONTEXT(2) 
PARAMETRIC_REPRESENTATION_CONTEXT() REPRESENTATION_CONTEXT('2D SPACE',''
  ) );
#2423 = ORIENTED_EDGE('',*,*,#2424,.F.);
#2424 = EDGE_CURVE('',#2205,#2397,#2425,.T.);
#2425 = SURFACE_CURVE('',#2426,(#2430,#2437),.PCURVE_S1.);
#2426 = LINE('',#2427,#2428);
#2427 = CARTESIAN_POINT('',(31.380278404251,-12.81554355329,20.));
#2428 = VECTOR('',#2429,1.);
#2429 = DIRECTION('',(1.,0.,1.110223024625E-16));
#2430 = PCURVE('',#1310,#2431);
#2431 = DEFINITIONAL_REPRESENTATION('',(#2432),#2436);
#2432 = LINE('',#2433,#2434);
#2433 = CARTESIAN_POINT('',(17.19852960928,4.5));
#2434 = VECTOR('',#2435,1.);
#2435 = DIRECTION('',(-1.,0.));
#2436 = ( GEOMETRIC_REPRESENTATION_CONTEXT(2) 
PARAMETRIC_REPRESENTATION_CONTEXT() REPRESENTATION_CONTEXT('2D SPACE',''
  ) );
#2437 = PCURVE('',#1696,#2438);
#2438 = DEFINITIONAL_REPRESENTATION('',(#2439),#2443);
#2439 = LINE('',#2440,#2441);
#2440 = CARTESIAN_POINT('',(36.491139927253,45.242732136922));
#2441 = VECTOR('',#2442,1.);
#2442 = DIRECTION('',(0.929277509994,-0.369382335014));
#2443 = ( GEOMETRIC_REPRESENTATION_CONTEXT(2) 
PARAMETRIC_REPRESENTATION_CONTEXT() REPRESENTATION_CONTEXT('2D SPACE',''
  ) );
#2444 = ADVANCED_FACE('',(#2445),#510,.T.);
#2445 = FACE_BOUND('',#2446,.F.);
#2446 = EDGE_LOOP('',(#2447,#2448,#2449,#2470));
#2447 = ORIENTED_EDGE('',*,*,#1406,.T.);
#2448 = ORIENTED_EDGE('',*,*,#494,.T.);
#2449 = ORIENTED_EDGE('',*,*,#2450,.T.);
#2450 = EDGE_CURVE('',#495,#2256,#2451,.T.);
#2451 = SURFACE_CURVE('',#2452,(#2456,#2463),.PCURVE_S1.);
#2452 = LINE('',#2453,#2454);
#2453 = CARTESIAN_POINT('',(16.421191986468,59.815543553291,22.));
#2454 = VECTOR('',#2455,1.);
#2455 = DIRECTION('',(0.,1.,0.));
#2456 = PCURVE('',#510,#2457);
#2457 = DEFINITIONAL_REPRESENTATION('',(#2458),#2462);
#2458 = LINE('',#2459,#2460);
#2459 = CARTESIAN_POINT('',(-6.5,0.));
#2460 = VECTOR('',#2461,1.);
#2461 = DIRECTION('',(-0.,1.));
#2462 = ( GEOMETRIC_REPRESENTATION_CONTEXT(2) 
PARAMETRIC_REPRESENTATION_CONTEXT() REPRESENTATION_CONTEXT('2D SPACE',''
  ) );
#2463 = PCURVE('',#539,#2464);
#2464 = DEFINITIONAL_REPRESENTATION('',(#2465),#2469);
#2465 = LINE('',#2466,#2467);
#2466 = CARTESIAN_POINT('',(-9.,0.));
#2467 = VECTOR('',#2468,1.);
#2468 = DIRECTION('',(-0.,-1.));
#2469 = ( GEOMETRIC_REPRESENTATION_CONTEXT(2) 
PARAMETRIC_REPRESENTATION_CONTEXT() REPRESENTATION_CONTEXT('2D SPACE',''
  ) );
#2470 = ORIENTED_EDGE('',*,*,#2255,.F.);
#2471 = ADVANCED_FACE('',(#2472),#1338,.T.);
#2472 = FACE_BOUND('',#2473,.F.);
#2473 = EDGE_LOOP('',(#2474,#2497,#2498,#2499));
#2474 = ORIENTED_EDGE('',*,*,#2475,.F.);
#2475 = EDGE_CURVE('',#1323,#2476,#2478,.T.);
#2476 = VERTEX_POINT('',#2477);
#2477 = CARTESIAN_POINT('',(57.578808013532,-3.815543553291,22.));
#2478 = SURFACE_CURVE('',#2479,(#2483,#2490),.PCURVE_S1.);
#2479 = LINE('',#2480,#2481);
#2480 = CARTESIAN_POINT('',(57.578808013532,-3.815543553291,15.5));
#2481 = VECTOR('',#2482,1.);
#2482 = DIRECTION('',(-1.110223024625E-16,-0.,1.));
#2483 = PCURVE('',#1338,#2484);
#2484 = DEFINITIONAL_REPRESENTATION('',(#2485),#2489);
#2485 = LINE('',#2486,#2487);
#2486 = CARTESIAN_POINT('',(-0.,9.));
#2487 = VECTOR('',#2488,1.);
#2488 = DIRECTION('',(-1.,0.));
#2489 = ( GEOMETRIC_REPRESENTATION_CONTEXT(2) 
PARAMETRIC_REPRESENTATION_CONTEXT() REPRESENTATION_CONTEXT('2D SPACE',''
  ) );
#2490 = PCURVE('',#1366,#2491);
#2491 = DEFINITIONAL_REPRESENTATION('',(#2492),#2496);
#2492 = LINE('',#2493,#2494);
#2493 = CARTESIAN_POINT('',(-9.,-9.992007221626E-16));
#2494 = VECTOR('',#2495,1.);
#2495 = DIRECTION('',(-0.,1.));
#2496 = ( GEOMETRIC_REPRESENTATION_CONTEXT(2) 
PARAMETRIC_REPRESENTATION_CONTEXT() REPRESENTATION_CONTEXT('2D SPACE',''
  ) );
#2497 = ORIENTED_EDGE('',*,*,#1322,.T.);
#2498 = ORIENTED_EDGE('',*,*,#2350,.T.);
#2499 = ORIENTED_EDGE('',*,*,#2500,.T.);
#2500 = EDGE_CURVE('',#2351,#2476,#2501,.T.);
#2501 = SURFACE_CURVE('',#2502,(#2506,#2513),.PCURVE_S1.);
#2502 = LINE('',#2503,#2504);
#2503 = CARTESIAN_POINT('',(57.578808013532,-12.81554355329,22.));
#2504 = VECTOR('',#2505,1.);
#2505 = DIRECTION('',(0.,1.,0.));
#2506 = PCURVE('',#1338,#2507);
#2507 = DEFINITIONAL_REPRESENTATION('',(#2508),#2512);
#2508 = LINE('',#2509,#2510);
#2509 = CARTESIAN_POINT('',(-6.5,0.));
#2510 = VECTOR('',#2511,1.);
#2511 = DIRECTION('',(-0.,1.));
#2512 = ( GEOMETRIC_REPRESENTATION_CONTEXT(2) 
PARAMETRIC_REPRESENTATION_CONTEXT() REPRESENTATION_CONTEXT('2D SPACE',''
  ) );
#2513 = PCURVE('',#1818,#2514);
#2514 = DEFINITIONAL_REPRESENTATION('',(#2515),#2519);
#2515 = LINE('',#2516,#2517);
#2516 = CARTESIAN_POINT('',(-9.,0.));
#2517 = VECTOR('',#2518,1.);
#2518 = DIRECTION('',(-0.,-1.));
#2519 = ( GEOMETRIC_REPRESENTATION_CONTEXT(2) 
PARAMETRIC_REPRESENTATION_CONTEXT() REPRESENTATION_CONTEXT('2D SPACE',''
  ) );
#2520 = ADVANCED_FACE('',(#2521),#1366,.T.);
#2521 = FACE_BOUND('',#2522,.F.);
#2522 = EDGE_LOOP('',(#2523,#2544,#2545,#2546));
#2523 = ORIENTED_EDGE('',*,*,#2524,.F.);
#2524 = EDGE_CURVE('',#1802,#2476,#2525,.T.);
#2525 = SURFACE_CURVE('',#2526,(#2530,#2537),.PCURVE_S1.);
#2526 = LINE('',#2527,#2528);
#2527 = CARTESIAN_POINT('',(48.578808013532,-3.815543553291,22.));
#2528 = VECTOR('',#2529,1.);
#2529 = DIRECTION('',(1.,0.,1.110223024625E-16));
#2530 = PCURVE('',#1366,#2531);
#2531 = DEFINITIONAL_REPRESENTATION('',(#2532),#2536);
#2532 = LINE('',#2533,#2534);
#2533 = CARTESIAN_POINT('',(6.383782391595E-15,6.5));
#2534 = VECTOR('',#2535,1.);
#2535 = DIRECTION('',(-1.,0.));
#2536 = ( GEOMETRIC_REPRESENTATION_CONTEXT(2) 
PARAMETRIC_REPRESENTATION_CONTEXT() REPRESENTATION_CONTEXT('2D SPACE',''
  ) );
#2537 = PCURVE('',#1818,#2538);
#2538 = DEFINITIONAL_REPRESENTATION('',(#2539),#2543);
#2539 = LINE('',#2540,#2541);
#2540 = CARTESIAN_POINT('',(-0.,-9.));
#2541 = VECTOR('',#2542,1.);
#2542 = DIRECTION('',(-1.,0.));
#2543 = ( GEOMETRIC_REPRESENTATION_CONTEXT(2) 
PARAMETRIC_REPRESENTATION_CONTEXT() REPRESENTATION_CONTEXT('2D SPACE',''
  ) );
#2544 = ORIENTED_EDGE('',*,*,#1834,.F.);
#2545 = ORIENTED_EDGE('',*,*,#1350,.T.);
#2546 = ORIENTED_EDGE('',*,*,#2475,.T.);
#2547 = ADVANCED_FACE('',(#2548),#1616,.T.);
#2548 = FACE_BOUND('',#2549,.F.);
#2549 = EDGE_LOOP('',(#2550,#2551,#2572,#2573));
#2550 = ORIENTED_EDGE('',*,*,#2024,.T.);
#2551 = ORIENTED_EDGE('',*,*,#2552,.T.);
#2552 = EDGE_CURVE('',#1997,#1568,#2553,.T.);
#2553 = SURFACE_CURVE('',#2554,(#2558,#2565),.PCURVE_S1.);
#2554 = LINE('',#2555,#2556);
#2555 = CARTESIAN_POINT('',(56.015263718226,-15.56281047549,15.));
#2556 = VECTOR('',#2557,1.);
#2557 = DIRECTION('',(-0.493012571981,0.870022185849,-5.473539088428E-17
    ));
#2558 = PCURVE('',#1616,#2559);
#2559 = DEFINITIONAL_REPRESENTATION('',(#2560),#2564);
#2560 = LINE('',#2561,#2562);
#2561 = CARTESIAN_POINT('',(-18.,-1.757971966048E-15));
#2562 = VECTOR('',#2563,1.);
#2563 = DIRECTION('',(-0.,1.));
#2564 = ( GEOMETRIC_REPRESENTATION_CONTEXT(2) 
PARAMETRIC_REPRESENTATION_CONTEXT() REPRESENTATION_CONTEXT('2D SPACE',''
  ) );
#2565 = PCURVE('',#1584,#2566);
#2566 = DEFINITIONAL_REPRESENTATION('',(#2567),#2571);
#2567 = LINE('',#2568,#2569);
#2568 = CARTESIAN_POINT('',(-0.,0.));
#2569 = VECTOR('',#2570,1.);
#2570 = DIRECTION('',(-1.032816229702E-17,-1.));
#2571 = ( GEOMETRIC_REPRESENTATION_CONTEXT(2) 
PARAMETRIC_REPRESENTATION_CONTEXT() REPRESENTATION_CONTEXT('2D SPACE',''
  ) );
#2572 = ORIENTED_EDGE('',*,*,#1600,.F.);
#2573 = ORIENTED_EDGE('',*,*,#1862,.F.);
#2574 = ADVANCED_FACE('',(#2575),#1584,.F.);
#2575 = FACE_BOUND('',#2576,.T.);
#2576 = EDGE_LOOP('',(#2577,#2578,#2579,#2580));
#2577 = ORIENTED_EDGE('',*,*,#1996,.T.);
#2578 = ORIENTED_EDGE('',*,*,#2552,.T.);
#2579 = ORIENTED_EDGE('',*,*,#1567,.F.);
#2580 = ORIENTED_EDGE('',*,*,#2581,.F.);
#2581 = EDGE_CURVE('',#1974,#1540,#2582,.T.);
#2582 = SURFACE_CURVE('',#2583,(#2587,#2594),.PCURVE_S1.);
#2583 = LINE('',#2584,#2585);
#2584 = CARTESIAN_POINT('',(61.757410144827,-12.30892750041,15.));
#2585 = VECTOR('',#2586,1.);
#2586 = DIRECTION('',(-0.493012571981,0.870022185849,-5.473539088428E-17
    ));
#2587 = PCURVE('',#1584,#2588);
#2588 = DEFINITIONAL_REPRESENTATION('',(#2589),#2593);
#2589 = LINE('',#2590,#2591);
#2590 = CARTESIAN_POINT('',(-6.6,-8.737502462353E-16));
#2591 = VECTOR('',#2592,1.);
#2592 = DIRECTION('',(-1.032816229702E-17,-1.));
#2593 = ( GEOMETRIC_REPRESENTATION_CONTEXT(2) 
PARAMETRIC_REPRESENTATION_CONTEXT() REPRESENTATION_CONTEXT('2D SPACE',''
  ) );
#2594 = PCURVE('',#1555,#2595);
#2595 = DEFINITIONAL_REPRESENTATION('',(#2596),#2600);
#2596 = LINE('',#2597,#2598);
#2597 = CARTESIAN_POINT('',(-18.,-1.757971966048E-15));
#2598 = VECTOR('',#2599,1.);
#2599 = DIRECTION('',(-0.,1.));
#2600 = ( GEOMETRIC_REPRESENTATION_CONTEXT(2) 
PARAMETRIC_REPRESENTATION_CONTEXT() REPRESENTATION_CONTEXT('2D SPACE',''
  ) );
#2601 = ADVANCED_FACE('',(#2602),#1555,.F.);
#2602 = FACE_BOUND('',#2603,.T.);
#2603 = EDGE_LOOP('',(#2604,#2605,#2606,#2607));
#2604 = ORIENTED_EDGE('',*,*,#1973,.T.);
#2605 = ORIENTED_EDGE('',*,*,#2581,.T.);
#2606 = ORIENTED_EDGE('',*,*,#1539,.F.);
#2607 = ORIENTED_EDGE('',*,*,#1944,.F.);
#2608 = ADVANCED_FACE('',(#2609),#661,.T.);
#2609 = FACE_BOUND('',#2610,.F.);
#2610 = EDGE_LOOP('',(#2611,#2612,#2613,#2614,#2637));
#2611 = ORIENTED_EDGE('',*,*,#644,.F.);
#2612 = ORIENTED_EDGE('',*,*,#2075,.F.);
#2613 = ORIENTED_EDGE('',*,*,#2124,.T.);
#2614 = ORIENTED_EDGE('',*,*,#2615,.T.);
#2615 = EDGE_CURVE('',#2125,#2616,#2618,.T.);
#2616 = VERTEX_POINT('',#2617);
#2617 = CARTESIAN_POINT('',(7.424297649787,64.148386965845,22.));
#2618 = SURFACE_CURVE('',#2619,(#2623,#2630),.PCURVE_S1.);
#2619 = LINE('',#2620,#2621);
#2620 = CARTESIAN_POINT('',(6.544117677297,87.827240393216,22.));
#2621 = VECTOR('',#2622,1.);
#2622 = DIRECTION('',(3.714590832131E-02,-0.999309852596,
    4.124024268893E-18));
#2623 = PCURVE('',#661,#2624);
#2624 = DEFINITIONAL_REPRESENTATION('',(#2625),#2629);
#2625 = LINE('',#2626,#2627);
#2626 = CARTESIAN_POINT('',(0.877074309171,-28.01169683992));
#2627 = VECTOR('',#2628,1.);
#2628 = DIRECTION('',(-3.714590832131E-02,0.999309852596));
#2629 = ( GEOMETRIC_REPRESENTATION_CONTEXT(2) 
PARAMETRIC_REPRESENTATION_CONTEXT() REPRESENTATION_CONTEXT('2D SPACE',''
  ) );
#2630 = PCURVE('',#2163,#2631);
#2631 = DEFINITIONAL_REPRESENTATION('',(#2632),#2636);
#2632 = LINE('',#2633,#2634);
#2633 = CARTESIAN_POINT('',(-2.,28.024944361943));
#2634 = VECTOR('',#2635,1.);
#2635 = DIRECTION('',(-0.,1.));
#2636 = ( GEOMETRIC_REPRESENTATION_CONTEXT(2) 
PARAMETRIC_REPRESENTATION_CONTEXT() REPRESENTATION_CONTEXT('2D SPACE',''
  ) );
#2637 = ORIENTED_EDGE('',*,*,#2638,.T.);
#2638 = EDGE_CURVE('',#2616,#617,#2639,.T.);
#2639 = SURFACE_CURVE('',#2640,(#2644,#2651),.PCURVE_S1.);
#2640 = LINE('',#2641,#2642);
#2641 = CARTESIAN_POINT('',(11.839223134065,64.312496642997,22.));
#2642 = VECTOR('',#2643,1.);
#2643 = DIRECTION('',(0.999309852596,3.714590832131E-02,
    1.109456807087E-16));
#2644 = PCURVE('',#661,#2645);
#2645 = DEFINITIONAL_REPRESENTATION('',(#2646),#2650);
#2646 = LINE('',#2647,#2648);
#2647 = CARTESIAN_POINT('',(-4.418031147596,-4.496953089706));
#2648 = VECTOR('',#2649,1.);
#2649 = DIRECTION('',(-0.999309852596,-3.714590832131E-02));
#2650 = ( GEOMETRIC_REPRESENTATION_CONTEXT(2) 
PARAMETRIC_REPRESENTATION_CONTEXT() REPRESENTATION_CONTEXT('2D SPACE',''
  ) );
#2651 = PCURVE('',#632,#2652);
#2652 = DEFINITIONAL_REPRESENTATION('',(#2653),#2657);
#2653 = LINE('',#2654,#2655);
#2654 = CARTESIAN_POINT('',(-4.582025462063,2.));
#2655 = VECTOR('',#2656,1.);
#2656 = DIRECTION('',(1.,-0.));
#2657 = ( GEOMETRIC_REPRESENTATION_CONTEXT(2) 
PARAMETRIC_REPRESENTATION_CONTEXT() REPRESENTATION_CONTEXT('2D SPACE',''
  ) );
#2658 = ADVANCED_FACE('',(#2659),#632,.T.);
#2659 = FACE_BOUND('',#2660,.F.);
#2660 = EDGE_LOOP('',(#2661,#2662,#2663,#2686));
#2661 = ORIENTED_EDGE('',*,*,#616,.F.);
#2662 = ORIENTED_EDGE('',*,*,#2638,.F.);
#2663 = ORIENTED_EDGE('',*,*,#2664,.T.);
#2664 = EDGE_CURVE('',#2616,#2665,#2667,.T.);
#2665 = VERTEX_POINT('',#2666);
#2666 = CARTESIAN_POINT('',(7.424297649787,64.148386965845,24.));
#2667 = SURFACE_CURVE('',#2668,(#2672,#2679),.PCURVE_S1.);
#2668 = LINE('',#2669,#2670);
#2669 = CARTESIAN_POINT('',(7.424297649787,64.148386965845,20.));
#2670 = VECTOR('',#2671,1.);
#2671 = DIRECTION('',(-1.110223024625E-16,-0.,1.));
#2672 = PCURVE('',#632,#2673);
#2673 = DEFINITIONAL_REPRESENTATION('',(#2674),#2678);
#2674 = LINE('',#2675,#2676);
#2675 = CARTESIAN_POINT('',(-9.,9.985111263779E-16));
#2676 = VECTOR('',#2677,1.);
#2677 = DIRECTION('',(-0.,1.));
#2678 = ( GEOMETRIC_REPRESENTATION_CONTEXT(2) 
PARAMETRIC_REPRESENTATION_CONTEXT() REPRESENTATION_CONTEXT('2D SPACE',''
  ) );
#2679 = PCURVE('',#2163,#2680);
#2680 = DEFINITIONAL_REPRESENTATION('',(#2681),#2685);
#2681 = LINE('',#2682,#2683);
#2682 = CARTESIAN_POINT('',(2.132951578103E-16,51.72015097465));
#2683 = VECTOR('',#2684,1.);
#2684 = DIRECTION('',(-1.,0.));
#2685 = ( GEOMETRIC_REPRESENTATION_CONTEXT(2) 
PARAMETRIC_REPRESENTATION_CONTEXT() REPRESENTATION_CONTEXT('2D SPACE',''
  ) );
#2686 = ORIENTED_EDGE('',*,*,#2687,.F.);
#2687 = EDGE_CURVE('',#584,#2665,#2688,.T.);
#2688 = SURFACE_CURVE('',#2689,(#2693,#2700),.PCURVE_S1.);
#2689 = LINE('',#2690,#2691);
#2690 = CARTESIAN_POINT('',(16.418086323149,64.482700140737,24.));
#2691 = VECTOR('',#2692,1.);
#2692 = DIRECTION('',(-0.999309852596,-3.714590832131E-02,
    -1.109456807087E-16));
#2693 = PCURVE('',#632,#2694);
#2694 = DEFINITIONAL_REPRESENTATION('',(#2695),#2699);
#2695 = LINE('',#2696,#2697);
#2696 = CARTESIAN_POINT('',(4.448137289019E-16,4.));
#2697 = VECTOR('',#2698,1.);
#2698 = DIRECTION('',(-1.,0.));
#2699 = ( GEOMETRIC_REPRESENTATION_CONTEXT(2) 
PARAMETRIC_REPRESENTATION_CONTEXT() REPRESENTATION_CONTEXT('2D SPACE',''
  ) );
#2700 = PCURVE('',#600,#2701);
#2701 = DEFINITIONAL_REPRESENTATION('',(#2702),#2706);
#2702 = LINE('',#2703,#2704);
#2703 = CARTESIAN_POINT('',(-39.14423267522,-38.66524484838));
#2704 = VECTOR('',#2705,1.);
#2705 = DIRECTION('',(-0.684126158891,0.729363694408));
#2706 = ( GEOMETRIC_REPRESENTATION_CONTEXT(2) 
PARAMETRIC_REPRESENTATION_CONTEXT() REPRESENTATION_CONTEXT('2D SPACE',''
  ) );
#2707 = ADVANCED_FACE('',(#2708),#600,.T.);
#2708 = FACE_BOUND('',#2709,.F.);
#2709 = EDGE_LOOP('',(#2710,#2733,#2761,#2789,#2817,#2845,#2873,#2906,
    #2934,#2955,#2956));
#2710 = ORIENTED_EDGE('',*,*,#2711,.F.);
#2711 = EDGE_CURVE('',#2712,#2665,#2714,.T.);
#2712 = VERTEX_POINT('',#2713);
#2713 = CARTESIAN_POINT('',(6.,102.46524981249,24.));
#2714 = SURFACE_CURVE('',#2715,(#2719,#2726),.PCURVE_S1.);
#2715 = LINE('',#2716,#2717);
#2716 = CARTESIAN_POINT('',(5.503105663319,115.83284341255,24.));
#2717 = VECTOR('',#2718,1.);
#2718 = DIRECTION('',(3.714590832131E-02,-0.999309852596,
    4.124024268893E-18));
#2719 = PCURVE('',#600,#2720);
#2720 = DEFINITIONAL_REPRESENTATION('',(#2721),#2725);
#2721 = LINE('',#2722,#2723);
#2722 = CARTESIAN_POINT('',(-7.578567715009,3.282136624838));
#2723 = VECTOR('',#2724,1.);
#2724 = DIRECTION('',(-0.729363694408,-0.684126158891));
#2725 = ( GEOMETRIC_REPRESENTATION_CONTEXT(2) 
PARAMETRIC_REPRESENTATION_CONTEXT() REPRESENTATION_CONTEXT('2D SPACE',''
  ) );
#2726 = PCURVE('',#2163,#2727);
#2727 = DEFINITIONAL_REPRESENTATION('',(#2728),#2732);
#2728 = LINE('',#2729,#2730);
#2729 = CARTESIAN_POINT('',(-4.,1.649609707557E-17));
#2730 = VECTOR('',#2731,1.);
#2731 = DIRECTION('',(-0.,1.));
#2732 = ( GEOMETRIC_REPRESENTATION_CONTEXT(2) 
PARAMETRIC_REPRESENTATION_CONTEXT() REPRESENTATION_CONTEXT('2D SPACE',''
  ) );
#2733 = ORIENTED_EDGE('',*,*,#2734,.F.);
#2734 = EDGE_CURVE('',#2735,#2712,#2737,.T.);
#2735 = VERTEX_POINT('',#2736);
#2736 = CARTESIAN_POINT('',(6.,127.98131715795,24.));
#2737 = SURFACE_CURVE('',#2738,(#2742,#2749),.PCURVE_S1.);
#2738 = LINE('',#2739,#2740);
#2739 = CARTESIAN_POINT('',(6.,-32.80288616956,24.));
#2740 = VECTOR('',#2741,1.);
#2741 = DIRECTION('',(-0.,-1.,0.));
#2742 = PCURVE('',#600,#2743);
#2743 = DEFINITIONAL_REPRESENTATION('',(#2744),#2748);
#2744 = LINE('',#2745,#2746);
#2745 = CARTESIAN_POINT('',(-119.3642161482,-94.68110044269));
#2746 = VECTOR('',#2747,1.);
#2747 = DIRECTION('',(-0.754272813526,-0.656561134073));
#2748 = ( GEOMETRIC_REPRESENTATION_CONTEXT(2) 
PARAMETRIC_REPRESENTATION_CONTEXT() REPRESENTATION_CONTEXT('2D SPACE',''
  ) );
#2749 = PCURVE('',#2750,#2755);
#2750 = PLANE('',#2751);
#2751 = AXIS2_PLACEMENT_3D('',#2752,#2753,#2754);
#2752 = CARTESIAN_POINT('',(6.,-185.,-40.));
#2753 = DIRECTION('',(1.,0.,1.110223024625E-16));
#2754 = DIRECTION('',(1.110223024625E-16,0.,-1.));
#2755 = DEFINITIONAL_REPRESENTATION('',(#2756),#2760);
#2756 = LINE('',#2757,#2758);
#2757 = CARTESIAN_POINT('',(-64.,152.19711383043));
#2758 = VECTOR('',#2759,1.);
#2759 = DIRECTION('',(-0.,-1.));
#2760 = ( GEOMETRIC_REPRESENTATION_CONTEXT(2) 
PARAMETRIC_REPRESENTATION_CONTEXT() REPRESENTATION_CONTEXT('2D SPACE',''
  ) );
#2761 = ORIENTED_EDGE('',*,*,#2762,.T.);
#2762 = EDGE_CURVE('',#2735,#2763,#2765,.T.);
#2763 = VERTEX_POINT('',#2764);
#2764 = CARTESIAN_POINT('',(13.527396621454,128.57194048236,24.));
#2765 = SURFACE_CURVE('',#2766,(#2770,#2777),.PCURVE_S1.);
#2766 = LINE('',#2767,#2768);
#2767 = CARTESIAN_POINT('',(4.554973458202,127.8679358094,24.));
#2768 = VECTOR('',#2769,1.);
#2769 = DIRECTION('',(0.996935907028,7.822274143943E-02,
    1.106821198058E-16));
#2770 = PCURVE('',#600,#2771);
#2771 = DEFINITIONAL_REPRESENTATION('',(#2772),#2776);
#2772 = LINE('',#2773,#2774);
#2773 = CARTESIAN_POINT('',(0.876668532372,11.899060883536));
#2774 = VECTOR('',#2775,1.);
#2775 = DIRECTION('',(0.713550656983,-0.70060363967));
#2776 = ( GEOMETRIC_REPRESENTATION_CONTEXT(2) 
PARAMETRIC_REPRESENTATION_CONTEXT() REPRESENTATION_CONTEXT('2D SPACE',''
  ) );
#2777 = PCURVE('',#2778,#2783);
#2778 = PLANE('',#2779);
#2779 = AXIS2_PLACEMENT_3D('',#2780,#2781,#2782);
#2780 = CARTESIAN_POINT('',(4.554973458202,127.8679358094,20.));
#2781 = DIRECTION('',(-7.822274143943E-02,0.996935907028,
    -8.684468859536E-18));
#2782 = DIRECTION('',(-0.996935907028,-7.822274143943E-02,
    -1.106821198058E-16));
#2783 = DEFINITIONAL_REPRESENTATION('',(#2784),#2788);
#2784 = LINE('',#2785,#2786);
#2785 = CARTESIAN_POINT('',(-4.427284792232E-16,4.));
#2786 = VECTOR('',#2787,1.);
#2787 = DIRECTION('',(-1.,0.));
#2788 = ( GEOMETRIC_REPRESENTATION_CONTEXT(2) 
PARAMETRIC_REPRESENTATION_CONTEXT() REPRESENTATION_CONTEXT('2D SPACE',''
  ) );
#2789 = ORIENTED_EDGE('',*,*,#2790,.F.);
#2790 = EDGE_CURVE('',#2791,#2763,#2793,.T.);
#2791 = VERTEX_POINT('',#2792);
#2792 = CARTESIAN_POINT('',(14.342291635575,118.18623825451,24.));
#2793 = SURFACE_CURVE('',#2794,(#2798,#2805),.PCURVE_S1.);
#2794 = LINE('',#2795,#2796);
#2795 = CARTESIAN_POINT('',(14.486211581626,116.35200233647,24.));
#2796 = VECTOR('',#2797,1.);
#2797 = DIRECTION('',(-7.822274143943E-02,0.996935907028,
    -8.684468859536E-18));
#2798 = PCURVE('',#600,#2799);
#2799 = DEFINITIONAL_REPRESENTATION('',(#2800),#2804);
#2800 = LINE('',#2801,#2802);
#2801 = CARTESIAN_POINT('',(-1.289022043574,-3.152716378514));
#2802 = VECTOR('',#2803,1.);
#2803 = DIRECTION('',(0.70060363967,0.713550656983));
#2804 = ( GEOMETRIC_REPRESENTATION_CONTEXT(2) 
PARAMETRIC_REPRESENTATION_CONTEXT() REPRESENTATION_CONTEXT('2D SPACE',''
  ) );
#2805 = PCURVE('',#2806,#2811);
#2806 = PLANE('',#2807);
#2807 = AXIS2_PLACEMENT_3D('',#2808,#2809,#2810);
#2808 = CARTESIAN_POINT('',(14.486211581626,116.35200233647,20.));
#2809 = DIRECTION('',(0.996935907028,7.822274143943E-02,
    1.106821198058E-16));
#2810 = DIRECTION('',(1.110223024625E-16,0.,-1.));
#2811 = DEFINITIONAL_REPRESENTATION('',(#2812),#2816);
#2812 = LINE('',#2813,#2814);
#2813 = CARTESIAN_POINT('',(-4.,1.454199952439E-16));
#2814 = VECTOR('',#2815,1.);
#2815 = DIRECTION('',(-0.,1.));
#2816 = ( GEOMETRIC_REPRESENTATION_CONTEXT(2) 
PARAMETRIC_REPRESENTATION_CONTEXT() REPRESENTATION_CONTEXT('2D SPACE',''
  ) );
#2817 = ORIENTED_EDGE('',*,*,#2818,.T.);
#2818 = EDGE_CURVE('',#2791,#2819,#2821,.T.);
#2819 = VERTEX_POINT('',#2820);
#2820 = CARTESIAN_POINT('',(92.317362914154,50.312386366994,24.));
#2821 = SURFACE_CURVE('',#2822,(#2826,#2833),.PCURVE_S1.);
#2822 = LINE('',#2823,#2824);
#2823 = CARTESIAN_POINT('',(12.954525103328,119.39422766086,24.));
#2824 = VECTOR('',#2825,1.);
#2825 = DIRECTION('',(0.754272813526,-0.656561134073,8.374110444258E-17)
  );
#2826 = PCURVE('',#600,#2827);
#2827 = DEFINITIONAL_REPRESENTATION('',(#2828),#2832);
#2828 = LINE('',#2829,#2830);
#2829 = CARTESIAN_POINT('',(-2.332573721989E-15,2.679715342163E-15));
#2830 = VECTOR('',#2831,1.);
#2831 = DIRECTION('',(-7.988307251492E-19,-1.));
#2832 = ( GEOMETRIC_REPRESENTATION_CONTEXT(2) 
PARAMETRIC_REPRESENTATION_CONTEXT() REPRESENTATION_CONTEXT('2D SPACE',''
  ) );
#2833 = PCURVE('',#2834,#2839);
#2834 = PLANE('',#2835);
#2835 = AXIS2_PLACEMENT_3D('',#2836,#2837,#2838);
#2836 = CARTESIAN_POINT('',(12.954525103328,119.39422766086,20.));
#2837 = DIRECTION('',(-0.656561134073,-0.754272813526,
    -7.289292881217E-17));
#2838 = DIRECTION('',(1.110223024625E-16,0.,-1.));
#2839 = DEFINITIONAL_REPRESENTATION('',(#2840),#2844);
#2840 = LINE('',#2841,#2842);
#2841 = CARTESIAN_POINT('',(-4.,3.349644177703E-16));
#2842 = VECTOR('',#2843,1.);
#2843 = DIRECTION('',(-0.,1.));
#2844 = ( GEOMETRIC_REPRESENTATION_CONTEXT(2) 
PARAMETRIC_REPRESENTATION_CONTEXT() REPRESENTATION_CONTEXT('2D SPACE',''
  ) );
#2845 = ORIENTED_EDGE('',*,*,#2846,.T.);
#2846 = EDGE_CURVE('',#2819,#2847,#2849,.T.);
#2847 = VERTEX_POINT('',#2848);
#2848 = CARTESIAN_POINT('',(89.714318409964,47.321947853325,24.));
#2849 = SURFACE_CURVE('',#2850,(#2854,#2861),.PCURVE_S1.);
#2850 = LINE('',#2851,#2852);
#2851 = CARTESIAN_POINT('',(92.317362914154,50.312386366994,24.));
#2852 = VECTOR('',#2853,1.);
#2853 = DIRECTION('',(-0.656561134073,-0.754272813526,
    -7.289292881217E-17));
#2854 = PCURVE('',#600,#2855);
#2855 = DEFINITIONAL_REPRESENTATION('',(#2856),#2860);
#2856 = LINE('',#2857,#2858);
#2857 = CARTESIAN_POINT('',(-5.341645114081E-15,-105.2176830287));
#2858 = VECTOR('',#2859,1.);
#2859 = DIRECTION('',(-1.,-7.988307251492E-19));
#2860 = ( GEOMETRIC_REPRESENTATION_CONTEXT(2) 
PARAMETRIC_REPRESENTATION_CONTEXT() REPRESENTATION_CONTEXT('2D SPACE',''
  ) );
#2861 = PCURVE('',#2862,#2867);
#2862 = PLANE('',#2863);
#2863 = AXIS2_PLACEMENT_3D('',#2864,#2865,#2866);
#2864 = CARTESIAN_POINT('',(92.317362914154,50.312386366994,20.));
#2865 = DIRECTION('',(0.754272813526,-0.656561134073,8.374110444258E-17)
  );
#2866 = DIRECTION('',(0.656561134073,0.754272813526,7.289292881217E-17)
  );
#2867 = DEFINITIONAL_REPRESENTATION('',(#2868),#2872);
#2868 = LINE('',#2869,#2870);
#2869 = CARTESIAN_POINT('',(2.915717152487E-16,4.));
#2870 = VECTOR('',#2871,1.);
#2871 = DIRECTION('',(-1.,0.));
#2872 = ( GEOMETRIC_REPRESENTATION_CONTEXT(2) 
PARAMETRIC_REPRESENTATION_CONTEXT() REPRESENTATION_CONTEXT('2D SPACE',''
  ) );
#2873 = ORIENTED_EDGE('',*,*,#2874,.F.);
#2874 = EDGE_CURVE('',#2875,#2847,#2877,.T.);
#2875 = VERTEX_POINT('',#2876);
#2876 = CARTESIAN_POINT('',(83.33214307205,46.201600700362,24.));
#2877 = SURFACE_CURVE('',#2878,(#2883,#2894),.PCURVE_S1.);
#2878 = CIRCLE('',#2879,6.3);
#2879 = AXIS2_PLACEMENT_3D('',#2880,#2881,#2882);
#2880 = CARTESIAN_POINT('',(87.457418186167,41.44007728523,24.));
#2881 = DIRECTION('',(-0.,0.,-1.));
#2882 = DIRECTION('',(-1.,-0.,0.));
#2883 = PCURVE('',#600,#2884);
#2884 = DEFINITIONAL_REPRESENTATION('',(#2885),#2893);
#2885 = ( BOUNDED_CURVE() B_SPLINE_CURVE(2,(#2886,#2887,#2888,#2889,
#2890,#2891,#2892),.UNSPECIFIED.,.T.,.F.) B_SPLINE_CURVE_WITH_KNOTS((1,2
    ,2,2,2,1),(-2.094395102393,0.,2.094395102393,4.188790204786,
6.28318530718,8.377580409573),.UNSPECIFIED.) CURVE() 
GEOMETRIC_REPRESENTATION_ITEM() RATIONAL_B_SPLINE_CURVE((1.,0.5,1.,0.5,
1.,0.5,1.)) REPRESENTATION_ITEM('') );
#2886 = CARTESIAN_POINT('',(-14.01932750037,-102.6252534325));
#2887 = CARTESIAN_POINT('',(-5.788762834863,-95.46091080486));
#2888 = CARTESIAN_POINT('',(-3.699542450631,-106.1709602065));
#2889 = CARTESIAN_POINT('',(-1.610322066399,-116.8810096081));
#2890 = CARTESIAN_POINT('',(-11.93010711614,-113.3353028342));
#2891 = CARTESIAN_POINT('',(-22.24989216588,-109.7895960602));
#2892 = CARTESIAN_POINT('',(-14.01932750037,-102.6252534325));
#2893 = ( GEOMETRIC_REPRESENTATION_CONTEXT(2) 
PARAMETRIC_REPRESENTATION_CONTEXT() REPRESENTATION_CONTEXT('2D SPACE',''
  ) );
#2894 = PCURVE('',#2895,#2900);
#2895 = CYLINDRICAL_SURFACE('',#2896,6.3);
#2896 = AXIS2_PLACEMENT_3D('',#2897,#2898,#2899);
#2897 = CARTESIAN_POINT('',(87.457418186167,41.44007728523,3.5));
#2898 = DIRECTION('',(0.,0.,1.));
#2899 = DIRECTION('',(-1.,-0.,0.));
#2900 = DEFINITIONAL_REPRESENTATION('',(#2901),#2905);
#2901 = LINE('',#2902,#2903);
#2902 = CARTESIAN_POINT('',(-0.,20.5));
#2903 = VECTOR('',#2904,1.);
#2904 = DIRECTION('',(-1.,0.));
#2905 = ( GEOMETRIC_REPRESENTATION_CONTEXT(2) 
PARAMETRIC_REPRESENTATION_CONTEXT() REPRESENTATION_CONTEXT('2D SPACE',''
  ) );
#2906 = ORIENTED_EDGE('',*,*,#2907,.F.);
#2907 = EDGE_CURVE('',#2908,#2875,#2910,.T.);
#2908 = VERTEX_POINT('',#2909);
#2909 = CARTESIAN_POINT('',(14.882864715666,105.78367103115,24.));
#2910 = SURFACE_CURVE('',#2911,(#2915,#2922),.PCURVE_S1.);
#2911 = LINE('',#2912,#2913);
#2912 = CARTESIAN_POINT('',(7.045474896672,112.60577233913,24.));
#2913 = VECTOR('',#2914,1.);
#2914 = DIRECTION('',(0.754272813526,-0.656561134073,8.374110444258E-17)
  );
#2915 = PCURVE('',#600,#2916);
#2916 = DEFINITIONAL_REPRESENTATION('',(#2917),#2921);
#2917 = LINE('',#2918,#2919);
#2918 = CARTESIAN_POINT('',(-9.,5.555310708896E-15));
#2919 = VECTOR('',#2920,1.);
#2920 = DIRECTION('',(-7.988307251492E-19,-1.));
#2921 = ( GEOMETRIC_REPRESENTATION_CONTEXT(2) 
PARAMETRIC_REPRESENTATION_CONTEXT() REPRESENTATION_CONTEXT('2D SPACE',''
  ) );
#2922 = PCURVE('',#2923,#2928);
#2923 = PLANE('',#2924);
#2924 = AXIS2_PLACEMENT_3D('',#2925,#2926,#2927);
#2925 = CARTESIAN_POINT('',(7.045474896672,112.60577233913,20.));
#2926 = DIRECTION('',(-0.656561134073,-0.754272813526,
    -7.289292881217E-17));
#2927 = DIRECTION('',(1.110223024625E-16,0.,-1.));
#2928 = DEFINITIONAL_REPRESENTATION('',(#2929),#2933);
#2929 = LINE('',#2930,#2931);
#2930 = CARTESIAN_POINT('',(-4.,3.349644177703E-16));
#2931 = VECTOR('',#2932,1.);
#2932 = DIRECTION('',(-0.,1.));
#2933 = ( GEOMETRIC_REPRESENTATION_CONTEXT(2) 
PARAMETRIC_REPRESENTATION_CONTEXT() REPRESENTATION_CONTEXT('2D SPACE',''
  ) );
#2934 = ORIENTED_EDGE('',*,*,#2935,.T.);
#2935 = EDGE_CURVE('',#2908,#556,#2936,.T.);
#2936 = SURFACE_CURVE('',#2937,(#2941,#2948),.PCURVE_S1.);
#2937 = LINE('',#2938,#2939);
#2938 = CARTESIAN_POINT('',(14.496894336681,116.16715658744,24.));
#2939 = VECTOR('',#2940,1.);
#2940 = DIRECTION('',(3.714590832131E-02,-0.999309852596,
    4.124024268893E-18));
#2941 = PCURVE('',#600,#2942);
#2942 = DEFINITIONAL_REPRESENTATION('',(#2943),#2947);
#2943 = LINE('',#2944,#2945);
#2944 = CARTESIAN_POINT('',(-1.421432284991,-3.282136624838));
#2945 = VECTOR('',#2946,1.);
#2946 = DIRECTION('',(-0.729363694408,-0.684126158891));
#2947 = ( GEOMETRIC_REPRESENTATION_CONTEXT(2) 
PARAMETRIC_REPRESENTATION_CONTEXT() REPRESENTATION_CONTEXT('2D SPACE',''
  ) );
#2948 = PCURVE('',#571,#2949);
#2949 = DEFINITIONAL_REPRESENTATION('',(#2950),#2954);
#2950 = LINE('',#2951,#2952);
#2951 = CARTESIAN_POINT('',(-4.,-1.649609707557E-17));
#2952 = VECTOR('',#2953,1.);
#2953 = DIRECTION('',(-0.,1.));
#2954 = ( GEOMETRIC_REPRESENTATION_CONTEXT(2) 
PARAMETRIC_REPRESENTATION_CONTEXT() REPRESENTATION_CONTEXT('2D SPACE',''
  ) );
#2955 = ORIENTED_EDGE('',*,*,#583,.F.);
#2956 = ORIENTED_EDGE('',*,*,#2687,.T.);
#2957 = ADVANCED_FACE('',(#2958),#571,.F.);
#2958 = FACE_BOUND('',#2959,.T.);
#2959 = EDGE_LOOP('',(#2960,#2983,#3004,#3005,#3006,#3027));
#2960 = ORIENTED_EDGE('',*,*,#2961,.F.);
#2961 = EDGE_CURVE('',#2962,#2302,#2964,.T.);
#2962 = VERTEX_POINT('',#2963);
#2963 = CARTESIAN_POINT('',(14.882864715666,105.78367103115,20.));
#2964 = SURFACE_CURVE('',#2965,(#2969,#2976),.PCURVE_S1.);
#2965 = LINE('',#2966,#2967);
#2966 = CARTESIAN_POINT('',(14.496894336681,116.16715658744,20.));
#2967 = VECTOR('',#2968,1.);
#2968 = DIRECTION('',(3.714590832131E-02,-0.999309852596,
    4.124024268893E-18));
#2969 = PCURVE('',#571,#2970);
#2970 = DEFINITIONAL_REPRESENTATION('',(#2971),#2975);
#2971 = LINE('',#2972,#2973);
#2972 = CARTESIAN_POINT('',(-0.,0.));
#2973 = VECTOR('',#2974,1.);
#2974 = DIRECTION('',(-0.,1.));
#2975 = ( GEOMETRIC_REPRESENTATION_CONTEXT(2) 
PARAMETRIC_REPRESENTATION_CONTEXT() REPRESENTATION_CONTEXT('2D SPACE',''
  ) );
#2976 = PCURVE('',#2189,#2977);
#2977 = DEFINITIONAL_REPRESENTATION('',(#2978),#2982);
#2978 = LINE('',#2979,#2980);
#2979 = CARTESIAN_POINT('',(0.,-0.));
#2980 = VECTOR('',#2981,1.);
#2981 = DIRECTION('',(-2.765846940253E-18,-1.));
#2982 = ( GEOMETRIC_REPRESENTATION_CONTEXT(2) 
PARAMETRIC_REPRESENTATION_CONTEXT() REPRESENTATION_CONTEXT('2D SPACE',''
  ) );
#2983 = ORIENTED_EDGE('',*,*,#2984,.F.);
#2984 = EDGE_CURVE('',#2908,#2962,#2985,.T.);
#2985 = SURFACE_CURVE('',#2986,(#2990,#2997),.PCURVE_S1.);
#2986 = LINE('',#2987,#2988);
#2987 = CARTESIAN_POINT('',(14.882864715666,105.78367103115,20.));
#2988 = VECTOR('',#2989,1.);
#2989 = DIRECTION('',(1.110223024625E-16,0.,-1.));
#2990 = PCURVE('',#571,#2991);
#2991 = DEFINITIONAL_REPRESENTATION('',(#2992),#2996);
#2992 = LINE('',#2993,#2994);
#2993 = CARTESIAN_POINT('',(4.285132015722E-17,10.390656641));
#2994 = VECTOR('',#2995,1.);
#2995 = DIRECTION('',(1.,-0.));
#2996 = ( GEOMETRIC_REPRESENTATION_CONTEXT(2) 
PARAMETRIC_REPRESENTATION_CONTEXT() REPRESENTATION_CONTEXT('2D SPACE',''
  ) );
#2997 = PCURVE('',#2923,#2998);
#2998 = DEFINITIONAL_REPRESENTATION('',(#2999),#3003);
#2999 = LINE('',#3000,#3001);
#3000 = CARTESIAN_POINT('',(-6.2353022946E-15,10.390656641));
#3001 = VECTOR('',#3002,1.);
#3002 = DIRECTION('',(1.,-0.));
#3003 = ( GEOMETRIC_REPRESENTATION_CONTEXT(2) 
PARAMETRIC_REPRESENTATION_CONTEXT() REPRESENTATION_CONTEXT('2D SPACE',''
  ) );
#3004 = ORIENTED_EDGE('',*,*,#2935,.T.);
#3005 = ORIENTED_EDGE('',*,*,#555,.F.);
#3006 = ORIENTED_EDGE('',*,*,#3007,.F.);
#3007 = EDGE_CURVE('',#2279,#523,#3008,.T.);
#3008 = SURFACE_CURVE('',#3009,(#3013,#3020),.PCURVE_S1.);
#3009 = LINE('',#3010,#3011);
#3010 = CARTESIAN_POINT('',(15.537906350659,88.161553568108,22.));
#3011 = VECTOR('',#3012,1.);
#3012 = DIRECTION('',(3.714590832131E-02,-0.999309852596,
    4.124024268893E-18));
#3013 = PCURVE('',#571,#3014);
#3014 = DEFINITIONAL_REPRESENTATION('',(#3015),#3019);
#3015 = LINE('',#3016,#3017);
#3016 = CARTESIAN_POINT('',(-2.,28.024944361943));
#3017 = VECTOR('',#3018,1.);
#3018 = DIRECTION('',(-0.,1.));
#3019 = ( GEOMETRIC_REPRESENTATION_CONTEXT(2) 
PARAMETRIC_REPRESENTATION_CONTEXT() REPRESENTATION_CONTEXT('2D SPACE',''
  ) );
#3020 = PCURVE('',#539,#3021);
#3021 = DEFINITIONAL_REPRESENTATION('',(#3022),#3026);
#3022 = LINE('',#3023,#3024);
#3023 = CARTESIAN_POINT('',(-8.116714364191,-28.34601001481));
#3024 = VECTOR('',#3025,1.);
#3025 = DIRECTION('',(-3.714590832131E-02,0.999309852596));
#3026 = ( GEOMETRIC_REPRESENTATION_CONTEXT(2) 
PARAMETRIC_REPRESENTATION_CONTEXT() REPRESENTATION_CONTEXT('2D SPACE',''
  ) );
#3027 = ORIENTED_EDGE('',*,*,#2301,.F.);
#3028 = ADVANCED_FACE('',(#3029),#539,.T.);
#3029 = FACE_BOUND('',#3030,.F.);
#3030 = EDGE_LOOP('',(#3031,#3032,#3033,#3034));
#3031 = ORIENTED_EDGE('',*,*,#2450,.F.);
#3032 = ORIENTED_EDGE('',*,*,#522,.F.);
#3033 = ORIENTED_EDGE('',*,*,#3007,.F.);
#3034 = ORIENTED_EDGE('',*,*,#2278,.T.);
#3035 = ADVANCED_FACE('',(#3036),#2189,.F.);
#3036 = FACE_BOUND('',#3037,.T.);
#3037 = EDGE_LOOP('',(#3038,#3063,#3091,#3119,#3142,#3165,#3198,#3226,
    #3247,#3248,#3249,#3250));
#3038 = ORIENTED_EDGE('',*,*,#3039,.F.);
#3039 = EDGE_CURVE('',#3040,#3042,#3044,.T.);
#3040 = VERTEX_POINT('',#3041);
#3041 = CARTESIAN_POINT('',(6.,107.,20.));
#3042 = VERTEX_POINT('',#3043);
#3043 = CARTESIAN_POINT('',(6.,102.46524981249,20.));
#3044 = SURFACE_CURVE('',#3045,(#3049,#3056),.PCURVE_S1.);
#3045 = LINE('',#3046,#3047);
#3046 = CARTESIAN_POINT('',(6.,-34.41642170627,20.));
#3047 = VECTOR('',#3048,1.);
#3048 = DIRECTION('',(-0.,-1.,0.));
#3049 = PCURVE('',#2189,#3050);
#3050 = DEFINITIONAL_REPRESENTATION('',(#3051),#3055);
#3051 = LINE('',#3052,#3053);
#3052 = CARTESIAN_POINT('',(-14.0845940211,-150.1640285699));
#3053 = VECTOR('',#3054,1.);
#3054 = DIRECTION('',(-3.714590832131E-02,-0.999309852596));
#3055 = ( GEOMETRIC_REPRESENTATION_CONTEXT(2) 
PARAMETRIC_REPRESENTATION_CONTEXT() REPRESENTATION_CONTEXT('2D SPACE',''
  ) );
#3056 = PCURVE('',#2750,#3057);
#3057 = DEFINITIONAL_REPRESENTATION('',(#3058),#3062);
#3058 = LINE('',#3059,#3060);
#3059 = CARTESIAN_POINT('',(-60.,150.58357829372));
#3060 = VECTOR('',#3061,1.);
#3061 = DIRECTION('',(-0.,-1.));
#3062 = ( GEOMETRIC_REPRESENTATION_CONTEXT(2) 
PARAMETRIC_REPRESENTATION_CONTEXT() REPRESENTATION_CONTEXT('2D SPACE',''
  ) );
#3063 = ORIENTED_EDGE('',*,*,#3064,.T.);
#3064 = EDGE_CURVE('',#3040,#3065,#3067,.T.);
#3065 = VERTEX_POINT('',#3066);
#3066 = CARTESIAN_POINT('',(14.,107.,20.));
#3067 = SURFACE_CURVE('',#3068,(#3072,#3079),.PCURVE_S1.);
#3068 = LINE('',#3069,#3070);
#3069 = CARTESIAN_POINT('',(6.,107.,20.));
#3070 = VECTOR('',#3071,1.);
#3071 = DIRECTION('',(1.,0.,1.110223024625E-16));
#3072 = PCURVE('',#2189,#3073);
#3073 = DEFINITIONAL_REPRESENTATION('',(#3074),#3078);
#3074 = LINE('',#3075,#3076);
#3075 = CARTESIAN_POINT('',(-8.831552585275,-8.845205040077));
#3076 = VECTOR('',#3077,1.);
#3077 = DIRECTION('',(0.999309852596,-3.714590832131E-02));
#3078 = ( GEOMETRIC_REPRESENTATION_CONTEXT(2) 
PARAMETRIC_REPRESENTATION_CONTEXT() REPRESENTATION_CONTEXT('2D SPACE',''
  ) );
#3079 = PCURVE('',#3080,#3085);
#3080 = PLANE('',#3081);
#3081 = AXIS2_PLACEMENT_3D('',#3082,#3083,#3084);
#3082 = CARTESIAN_POINT('',(6.,107.,-7.));
#3083 = DIRECTION('',(0.,1.,0.));
#3084 = DIRECTION('',(-1.,-0.,-1.110223024625E-16));
#3085 = DEFINITIONAL_REPRESENTATION('',(#3086),#3090);
#3086 = LINE('',#3087,#3088);
#3087 = CARTESIAN_POINT('',(-3.330669073875E-16,27.));
#3088 = VECTOR('',#3089,1.);
#3089 = DIRECTION('',(-1.,0.));
#3090 = ( GEOMETRIC_REPRESENTATION_CONTEXT(2) 
PARAMETRIC_REPRESENTATION_CONTEXT() REPRESENTATION_CONTEXT('2D SPACE',''
  ) );
#3091 = ORIENTED_EDGE('',*,*,#3092,.F.);
#3092 = EDGE_CURVE('',#3093,#3065,#3095,.T.);
#3093 = VERTEX_POINT('',#3094);
#3094 = CARTESIAN_POINT('',(14.,122.54868855861,20.));
#3095 = SURFACE_CURVE('',#3096,(#3100,#3107),.PCURVE_S1.);
#3096 = LINE('',#3097,#3098);
#3097 = CARTESIAN_POINT('',(14.,122.54868855861,20.));
#3098 = VECTOR('',#3099,1.);
#3099 = DIRECTION('',(-0.,-1.,0.));
#3100 = PCURVE('',#2189,#3101);
#3101 = DEFINITIONAL_REPRESENTATION('',(#3102),#3106);
#3102 = LINE('',#3103,#3104);
#3103 = CARTESIAN_POINT('',(-0.259503604794,6.395585364922));
#3104 = VECTOR('',#3105,1.);
#3105 = DIRECTION('',(-3.714590832131E-02,-0.999309852596));
#3106 = ( GEOMETRIC_REPRESENTATION_CONTEXT(2) 
PARAMETRIC_REPRESENTATION_CONTEXT() REPRESENTATION_CONTEXT('2D SPACE',''
  ) );
#3107 = PCURVE('',#3108,#3113);
#3108 = PLANE('',#3109);
#3109 = AXIS2_PLACEMENT_3D('',#3110,#3111,#3112);
#3110 = CARTESIAN_POINT('',(14.,107.,-7.));
#3111 = DIRECTION('',(1.,0.,1.110223024625E-16));
#3112 = DIRECTION('',(1.110223024625E-16,0.,-1.));
#3113 = DEFINITIONAL_REPRESENTATION('',(#3114),#3118);
#3114 = LINE('',#3115,#3116);
#3115 = CARTESIAN_POINT('',(-27.,15.548688558617));
#3116 = VECTOR('',#3117,1.);
#3117 = DIRECTION('',(-0.,-1.));
#3118 = ( GEOMETRIC_REPRESENTATION_CONTEXT(2) 
PARAMETRIC_REPRESENTATION_CONTEXT() REPRESENTATION_CONTEXT('2D SPACE',''
  ) );
#3119 = ORIENTED_EDGE('',*,*,#3120,.F.);
#3120 = EDGE_CURVE('',#3121,#3093,#3123,.T.);
#3121 = VERTEX_POINT('',#3122);
#3122 = CARTESIAN_POINT('',(14.342291635575,118.18623825451,20.));
#3123 = SURFACE_CURVE('',#3124,(#3128,#3135),.PCURVE_S1.);
#3124 = LINE('',#3125,#3126);
#3125 = CARTESIAN_POINT('',(14.486211581626,116.35200233647,20.));
#3126 = VECTOR('',#3127,1.);
#3127 = DIRECTION('',(-7.822274143943E-02,0.996935907028,
    -8.684468859536E-18));
#3128 = PCURVE('',#2189,#3129);
#3129 = DEFINITIONAL_REPRESENTATION('',(#3130),#3134);
#3130 = LINE('',#3131,#3132);
#3131 = CARTESIAN_POINT('',(-3.809119132298E-03,0.185114998858));
#3132 = VECTOR('',#3133,1.);
#3133 = DIRECTION('',(-4.11366664128E-02,0.999153529082));
#3134 = ( GEOMETRIC_REPRESENTATION_CONTEXT(2) 
PARAMETRIC_REPRESENTATION_CONTEXT() REPRESENTATION_CONTEXT('2D SPACE',''
  ) );
#3135 = PCURVE('',#2806,#3136);
#3136 = DEFINITIONAL_REPRESENTATION('',(#3137),#3141);
#3137 = LINE('',#3138,#3139);
#3138 = CARTESIAN_POINT('',(-0.,0.));
#3139 = VECTOR('',#3140,1.);
#3140 = DIRECTION('',(-0.,1.));
#3141 = ( GEOMETRIC_REPRESENTATION_CONTEXT(2) 
PARAMETRIC_REPRESENTATION_CONTEXT() REPRESENTATION_CONTEXT('2D SPACE',''
  ) );
#3142 = ORIENTED_EDGE('',*,*,#3143,.T.);
#3143 = EDGE_CURVE('',#3121,#3144,#3146,.T.);
#3144 = VERTEX_POINT('',#3145);
#3145 = CARTESIAN_POINT('',(88.694465905931,53.4659580266,20.));
#3146 = SURFACE_CURVE('',#3147,(#3151,#3158),.PCURVE_S1.);
#3147 = LINE('',#3148,#3149);
#3148 = CARTESIAN_POINT('',(12.954525103328,119.39422766086,20.));
#3149 = VECTOR('',#3150,1.);
#3150 = DIRECTION('',(0.754272813526,-0.656561134073,8.374110444258E-17)
  );
#3151 = PCURVE('',#2189,#3152);
#3152 = DEFINITIONAL_REPRESENTATION('',(#3153),#3157);
#3153 = LINE('',#3154,#3155);
#3154 = CARTESIAN_POINT('',(-1.421432284991,3.282136624838));
#3155 = VECTOR('',#3156,1.);
#3156 = DIRECTION('',(0.729363694408,-0.684126158891));
#3157 = ( GEOMETRIC_REPRESENTATION_CONTEXT(2) 
PARAMETRIC_REPRESENTATION_CONTEXT() REPRESENTATION_CONTEXT('2D SPACE',''
  ) );
#3158 = PCURVE('',#2834,#3159);
#3159 = DEFINITIONAL_REPRESENTATION('',(#3160),#3164);
#3160 = LINE('',#3161,#3162);
#3161 = CARTESIAN_POINT('',(-0.,0.));
#3162 = VECTOR('',#3163,1.);
#3163 = DIRECTION('',(-0.,1.));
#3164 = ( GEOMETRIC_REPRESENTATION_CONTEXT(2) 
PARAMETRIC_REPRESENTATION_CONTEXT() REPRESENTATION_CONTEXT('2D SPACE',''
  ) );
#3165 = ORIENTED_EDGE('',*,*,#3166,.F.);
#3166 = EDGE_CURVE('',#3167,#3144,#3169,.T.);
#3167 = VERTEX_POINT('',#3168);
#3168 = CARTESIAN_POINT('',(81.950591210589,48.437566596479,20.));
#3169 = SURFACE_CURVE('',#3170,(#3175,#3186),.PCURVE_S1.);
#3170 = CIRCLE('',#3171,7.5);
#3171 = AXIS2_PLACEMENT_3D('',#3172,#3173,#3174);
#3172 = CARTESIAN_POINT('',(89.034317185885,45.973661909419,20.));
#3173 = DIRECTION('',(-0.,0.,-1.));
#3174 = DIRECTION('',(-1.,-0.,0.));
#3175 = PCURVE('',#2189,#3176);
#3176 = DEFINITIONAL_REPRESENTATION('',(#3177),#3185);
#3177 = ( BOUNDED_CURVE() B_SPLINE_CURVE(2,(#3178,#3179,#3180,#3181,
#3182,#3183,#3184),.UNSPECIFIED.,.T.,.F.) B_SPLINE_CURVE_WITH_KNOTS((1,2
    ,2,2,2,1),(-2.094395102393,0.,2.094395102393,4.188790204786,
6.28318530718,8.377580409573),.UNSPECIFIED.) CURVE() 
GEOMETRIC_REPRESENTATION_ITEM() RATIONAL_B_SPLINE_CURVE((1.,0.5,1.,0.5,
1.,0.5,1.)) REPRESENTATION_ITEM('') );
#3178 = CARTESIAN_POINT('',(64.383756027777,-72.63521678313));
#3179 = CARTESIAN_POINT('',(64.86629553157,-59.65380100413));
#3180 = CARTESIAN_POINT('',(75.867261621376,-66.56240036224));
#3181 = CARTESIAN_POINT('',(86.868227711181,-73.47099972036));
#3182 = CARTESIAN_POINT('',(75.384722117582,-79.54381614124));
#3183 = CARTESIAN_POINT('',(63.901216523983,-85.61663256213));
#3184 = CARTESIAN_POINT('',(64.383756027777,-72.63521678313));
#3185 = ( GEOMETRIC_REPRESENTATION_CONTEXT(2) 
PARAMETRIC_REPRESENTATION_CONTEXT() REPRESENTATION_CONTEXT('2D SPACE',''
  ) );
#3186 = PCURVE('',#3187,#3192);
#3187 = CYLINDRICAL_SURFACE('',#3188,7.5);
#3188 = AXIS2_PLACEMENT_3D('',#3189,#3190,#3191);
#3189 = CARTESIAN_POINT('',(89.034317185885,45.973661909419,16.9));
#3190 = DIRECTION('',(0.,0.,1.));
#3191 = DIRECTION('',(-1.,-0.,0.));
#3192 = DEFINITIONAL_REPRESENTATION('',(#3193),#3197);
#3193 = LINE('',#3194,#3195);
#3194 = CARTESIAN_POINT('',(-0.,3.1));
#3195 = VECTOR('',#3196,1.);
#3196 = DIRECTION('',(-1.,0.));
#3197 = ( GEOMETRIC_REPRESENTATION_CONTEXT(2) 
PARAMETRIC_REPRESENTATION_CONTEXT() REPRESENTATION_CONTEXT('2D SPACE',''
  ) );
#3198 = ORIENTED_EDGE('',*,*,#3199,.T.);
#3199 = EDGE_CURVE('',#3167,#3200,#3202,.T.);
#3200 = VERTEX_POINT('',#3201);
#3201 = CARTESIAN_POINT('',(81.674687249844,47.644342709338,20.));
#3202 = SURFACE_CURVE('',#3203,(#3207,#3214),.PCURVE_S1.);
#3203 = LINE('',#3204,#3205);
#3204 = CARTESIAN_POINT('',(88.818388814643,68.182484708134,20.));
#3205 = VECTOR('',#3206,1.);
#3206 = DIRECTION('',(-0.328520624941,-0.944496796706,-3.64731161874E-17
    ));
#3207 = PCURVE('',#2189,#3208);
#3208 = DEFINITIONAL_REPRESENTATION('',(#3209),#3213);
#3209 = LINE('',#3210,#3211);
#3210 = CARTESIAN_POINT('',(72.487767469013,-50.71229480275));
#3211 = VECTOR('',#3212,1.);
#3212 = DIRECTION('',(-0.363378088705,-0.931641757678));
#3213 = ( GEOMETRIC_REPRESENTATION_CONTEXT(2) 
PARAMETRIC_REPRESENTATION_CONTEXT() REPRESENTATION_CONTEXT('2D SPACE',''
  ) );
#3214 = PCURVE('',#3215,#3220);
#3215 = PLANE('',#3216);
#3216 = AXIS2_PLACEMENT_3D('',#3217,#3218,#3219);
#3217 = CARTESIAN_POINT('',(81.950591210589,48.437566596479,16.9));
#3218 = DIRECTION('',(-0.944496796706,0.328520624941,-1.048602090388E-16
    ));
#3219 = DIRECTION('',(1.110223024625E-16,0.,-1.));
#3220 = DEFINITIONAL_REPRESENTATION('',(#3221),#3225);
#3221 = LINE('',#3222,#3223);
#3222 = CARTESIAN_POINT('',(-3.1,-20.90522506853));
#3223 = VECTOR('',#3224,1.);
#3224 = DIRECTION('',(-0.,1.));
#3225 = ( GEOMETRIC_REPRESENTATION_CONTEXT(2) 
PARAMETRIC_REPRESENTATION_CONTEXT() REPRESENTATION_CONTEXT('2D SPACE',''
  ) );
#3226 = ORIENTED_EDGE('',*,*,#3227,.F.);
#3227 = EDGE_CURVE('',#2962,#3200,#3228,.T.);
#3228 = SURFACE_CURVE('',#3229,(#3233,#3240),.PCURVE_S1.);
#3229 = LINE('',#3230,#3231);
#3230 = CARTESIAN_POINT('',(7.045474896672,112.60577233913,20.));
#3231 = VECTOR('',#3232,1.);
#3232 = DIRECTION('',(0.754272813526,-0.656561134073,8.374110444258E-17)
  );
#3233 = PCURVE('',#2189,#3234);
#3234 = DEFINITIONAL_REPRESENTATION('',(#3235),#3239);
#3235 = LINE('',#3236,#3237);
#3236 = CARTESIAN_POINT('',(-7.578567715009,-3.282136624838));
#3237 = VECTOR('',#3238,1.);
#3238 = DIRECTION('',(0.729363694408,-0.684126158891));
#3239 = ( GEOMETRIC_REPRESENTATION_CONTEXT(2) 
PARAMETRIC_REPRESENTATION_CONTEXT() REPRESENTATION_CONTEXT('2D SPACE',''
  ) );
#3240 = PCURVE('',#2923,#3241);
#3241 = DEFINITIONAL_REPRESENTATION('',(#3242),#3246);
#3242 = LINE('',#3243,#3244);
#3243 = CARTESIAN_POINT('',(-0.,0.));
#3244 = VECTOR('',#3245,1.);
#3245 = DIRECTION('',(-0.,1.));
#3246 = ( GEOMETRIC_REPRESENTATION_CONTEXT(2) 
PARAMETRIC_REPRESENTATION_CONTEXT() REPRESENTATION_CONTEXT('2D SPACE',''
  ) );
#3247 = ORIENTED_EDGE('',*,*,#2961,.T.);
#3248 = ORIENTED_EDGE('',*,*,#2324,.F.);
#3249 = ORIENTED_EDGE('',*,*,#2175,.T.);
#3250 = ORIENTED_EDGE('',*,*,#3251,.F.);
#3251 = EDGE_CURVE('',#3042,#2148,#3252,.T.);
#3252 = SURFACE_CURVE('',#3253,(#3257,#3264),.PCURVE_S1.);
#3253 = LINE('',#3254,#3255);
#3254 = CARTESIAN_POINT('',(5.503105663319,115.83284341255,20.));
#3255 = VECTOR('',#3256,1.);
#3256 = DIRECTION('',(3.714590832131E-02,-0.999309852596,
    4.124024268893E-18));
#3257 = PCURVE('',#2189,#3258);
#3258 = DEFINITIONAL_REPRESENTATION('',(#3259),#3263);
#3259 = LINE('',#3260,#3261);
#3260 = CARTESIAN_POINT('',(-9.,-8.662010602034E-16));
#3261 = VECTOR('',#3262,1.);
#3262 = DIRECTION('',(-2.765846940253E-18,-1.));
#3263 = ( GEOMETRIC_REPRESENTATION_CONTEXT(2) 
PARAMETRIC_REPRESENTATION_CONTEXT() REPRESENTATION_CONTEXT('2D SPACE',''
  ) );
#3264 = PCURVE('',#2163,#3265);
#3265 = DEFINITIONAL_REPRESENTATION('',(#3266),#3270);
#3266 = LINE('',#3267,#3268);
#3267 = CARTESIAN_POINT('',(-0.,0.));
#3268 = VECTOR('',#3269,1.);
#3269 = DIRECTION('',(-0.,1.));
#3270 = ( GEOMETRIC_REPRESENTATION_CONTEXT(2) 
PARAMETRIC_REPRESENTATION_CONTEXT() REPRESENTATION_CONTEXT('2D SPACE',''
  ) );
#3271 = ADVANCED_FACE('',(#3272),#2163,.T.);
#3272 = FACE_BOUND('',#3273,.F.);
#3273 = EDGE_LOOP('',(#3274,#3275,#3296,#3297,#3298,#3299));
#3274 = ORIENTED_EDGE('',*,*,#3251,.F.);
#3275 = ORIENTED_EDGE('',*,*,#3276,.F.);
#3276 = EDGE_CURVE('',#2712,#3042,#3277,.T.);
#3277 = SURFACE_CURVE('',#3278,(#3282,#3289),.PCURVE_S1.);
#3278 = LINE('',#3279,#3280);
#3279 = CARTESIAN_POINT('',(6.,102.4652498125,-10.));
#3280 = VECTOR('',#3281,1.);
#3281 = DIRECTION('',(1.110223024625E-16,0.,-1.));
#3282 = PCURVE('',#2163,#3283);
#3283 = DEFINITIONAL_REPRESENTATION('',(#3284),#3288);
#3284 = LINE('',#3285,#3286);
#3285 = CARTESIAN_POINT('',(30.,13.3768255815));
#3286 = VECTOR('',#3287,1.);
#3287 = DIRECTION('',(1.,-0.));
#3288 = ( GEOMETRIC_REPRESENTATION_CONTEXT(2) 
PARAMETRIC_REPRESENTATION_CONTEXT() REPRESENTATION_CONTEXT('2D SPACE',''
  ) );
#3289 = PCURVE('',#2750,#3290);
#3290 = DEFINITIONAL_REPRESENTATION('',(#3291),#3295);
#3291 = LINE('',#3292,#3293);
#3292 = CARTESIAN_POINT('',(-30.,287.4652498125));
#3293 = VECTOR('',#3294,1.);
#3294 = DIRECTION('',(1.,-0.));
#3295 = ( GEOMETRIC_REPRESENTATION_CONTEXT(2) 
PARAMETRIC_REPRESENTATION_CONTEXT() REPRESENTATION_CONTEXT('2D SPACE',''
  ) );
#3296 = ORIENTED_EDGE('',*,*,#2711,.T.);
#3297 = ORIENTED_EDGE('',*,*,#2664,.F.);
#3298 = ORIENTED_EDGE('',*,*,#2615,.F.);
#3299 = ORIENTED_EDGE('',*,*,#2147,.T.);
#3300 = ADVANCED_FACE('',(#3301),#1696,.F.);
#3301 = FACE_BOUND('',#3302,.T.);
#3302 = EDGE_LOOP('',(#3303,#3333,#3361,#3389,#3410,#3411,#3412,#3413,
    #3436,#3464,#3487));
#3303 = ORIENTED_EDGE('',*,*,#3304,.F.);
#3304 = EDGE_CURVE('',#3305,#3307,#3309,.T.);
#3305 = VERTEX_POINT('',#3306);
#3306 = CARTESIAN_POINT('',(14.,-79.,20.));
#3307 = VERTEX_POINT('',#3308);
#3308 = CARTESIAN_POINT('',(8.734975319823,-79.,20.));
#3309 = SURFACE_CURVE('',#3310,(#3314,#3321),.PCURVE_S1.);
#3310 = LINE('',#3311,#3312);
#3311 = CARTESIAN_POINT('',(10.090874397485,-79.,20.));
#3312 = VECTOR('',#3313,1.);
#3313 = DIRECTION('',(-1.,-0.,-1.110223024625E-16));
#3314 = PCURVE('',#1696,#3315);
#3315 = DEFINITIONAL_REPRESENTATION('',(#3316),#3320);
#3316 = LINE('',#3317,#3318);
#3317 = CARTESIAN_POINT('',(-7.739993481307,-8.397064987078));
#3318 = VECTOR('',#3319,1.);
#3319 = DIRECTION('',(-0.929277509994,0.369382335014));
#3320 = ( GEOMETRIC_REPRESENTATION_CONTEXT(2) 
PARAMETRIC_REPRESENTATION_CONTEXT() REPRESENTATION_CONTEXT('2D SPACE',''
  ) );
#3321 = PCURVE('',#3322,#3327);
#3322 = PLANE('',#3323);
#3323 = AXIS2_PLACEMENT_3D('',#3324,#3325,#3326);
#3324 = CARTESIAN_POINT('',(6.,-79.,-7.));
#3325 = DIRECTION('',(0.,1.,0.));
#3326 = DIRECTION('',(-1.,-0.,-1.110223024625E-16));
#3327 = DEFINITIONAL_REPRESENTATION('',(#3328),#3332);
#3328 = LINE('',#3329,#3330);
#3329 = CARTESIAN_POINT('',(-4.090874397485,27.));
#3330 = VECTOR('',#3331,1.);
#3331 = DIRECTION('',(1.,-0.));
#3332 = ( GEOMETRIC_REPRESENTATION_CONTEXT(2) 
PARAMETRIC_REPRESENTATION_CONTEXT() REPRESENTATION_CONTEXT('2D SPACE',''
  ) );
#3333 = ORIENTED_EDGE('',*,*,#3334,.T.);
#3334 = EDGE_CURVE('',#3305,#3335,#3337,.T.);
#3335 = VERTEX_POINT('',#3336);
#3336 = CARTESIAN_POINT('',(14.,-61.,20.));
#3337 = SURFACE_CURVE('',#3338,(#3342,#3349),.PCURVE_S1.);
#3338 = LINE('',#3339,#3340);
#3339 = CARTESIAN_POINT('',(14.,-79.,20.));
#3340 = VECTOR('',#3341,1.);
#3341 = DIRECTION('',(0.,1.,0.));
#3342 = PCURVE('',#1696,#3343);
#3343 = DEFINITIONAL_REPRESENTATION('',(#3344),#3348);
#3344 = LINE('',#3345,#3346);
#3345 = CARTESIAN_POINT('',(-4.10733097515,-9.841026929997));
#3346 = VECTOR('',#3347,1.);
#3347 = DIRECTION('',(0.369382335014,0.929277509994));
#3348 = ( GEOMETRIC_REPRESENTATION_CONTEXT(2) 
PARAMETRIC_REPRESENTATION_CONTEXT() REPRESENTATION_CONTEXT('2D SPACE',''
  ) );
#3349 = PCURVE('',#3350,#3355);
#3350 = PLANE('',#3351);
#3351 = AXIS2_PLACEMENT_3D('',#3352,#3353,#3354);
#3352 = CARTESIAN_POINT('',(14.,-79.,-7.));
#3353 = DIRECTION('',(1.,0.,1.110223024625E-16));
#3354 = DIRECTION('',(1.110223024625E-16,0.,-1.));
#3355 = DEFINITIONAL_REPRESENTATION('',(#3356),#3360);
#3356 = LINE('',#3357,#3358);
#3357 = CARTESIAN_POINT('',(-27.,0.));
#3358 = VECTOR('',#3359,1.);
#3359 = DIRECTION('',(-0.,1.));
#3360 = ( GEOMETRIC_REPRESENTATION_CONTEXT(2) 
PARAMETRIC_REPRESENTATION_CONTEXT() REPRESENTATION_CONTEXT('2D SPACE',''
  ) );
#3361 = ORIENTED_EDGE('',*,*,#3362,.T.);
#3362 = EDGE_CURVE('',#3335,#3363,#3365,.T.);
#3363 = VERTEX_POINT('',#3364);
#3364 = CARTESIAN_POINT('',(10.796607414393,-61.,20.));
#3365 = SURFACE_CURVE('',#3366,(#3370,#3377),.PCURVE_S1.);
#3366 = LINE('',#3367,#3368);
#3367 = CARTESIAN_POINT('',(6.155319964241,-61.,20.));
#3368 = VECTOR('',#3369,1.);
#3369 = DIRECTION('',(-1.,-0.,-1.110223024625E-16));
#3370 = PCURVE('',#1696,#3371);
#3371 = DEFINITIONAL_REPRESENTATION('',(#3372),#3376);
#3372 = LINE('',#3373,#3374);
#3373 = CARTESIAN_POINT('',(-4.748333675227,9.783654478931));
#3374 = VECTOR('',#3375,1.);
#3375 = DIRECTION('',(-0.929277509994,0.369382335014));
#3376 = ( GEOMETRIC_REPRESENTATION_CONTEXT(2) 
PARAMETRIC_REPRESENTATION_CONTEXT() REPRESENTATION_CONTEXT('2D SPACE',''
  ) );
#3377 = PCURVE('',#3378,#3383);
#3378 = PLANE('',#3379);
#3379 = AXIS2_PLACEMENT_3D('',#3380,#3381,#3382);
#3380 = CARTESIAN_POINT('',(6.,-61.,-7.));
#3381 = DIRECTION('',(0.,1.,0.));
#3382 = DIRECTION('',(-1.,-0.,-1.110223024625E-16));
#3383 = DEFINITIONAL_REPRESENTATION('',(#3384),#3388);
#3384 = LINE('',#3385,#3386);
#3385 = CARTESIAN_POINT('',(-0.155319964241,27.));
#3386 = VECTOR('',#3387,1.);
#3387 = DIRECTION('',(1.,-0.));
#3388 = ( GEOMETRIC_REPRESENTATION_CONTEXT(2) 
PARAMETRIC_REPRESENTATION_CONTEXT() REPRESENTATION_CONTEXT('2D SPACE',''
  ) );
#3389 = ORIENTED_EDGE('',*,*,#3390,.T.);
#3390 = EDGE_CURVE('',#3363,#1680,#3391,.T.);
#3391 = SURFACE_CURVE('',#3392,(#3396,#3403),.PCURVE_S1.);
#3392 = LINE('',#3393,#3394);
#3393 = CARTESIAN_POINT('',(6.310639928483,-67.4234476014,20.));
#3394 = VECTOR('',#3395,1.);
#3395 = DIRECTION('',(0.572567199687,0.81985779367,6.35677288238E-17));
#3396 = PCURVE('',#1696,#3397);
#3397 = DEFINITIONAL_REPRESENTATION('',(#3398),#3402);
#3398 = LINE('',#3399,#3400);
#3399 = CARTESIAN_POINT('',(-6.976706399451,3.757116635256));
#3400 = VECTOR('',#3401,1.);
#3401 = DIRECTION('',(0.834914807835,0.550379199878));
#3402 = ( GEOMETRIC_REPRESENTATION_CONTEXT(2) 
PARAMETRIC_REPRESENTATION_CONTEXT() REPRESENTATION_CONTEXT('2D SPACE',''
  ) );
#3403 = PCURVE('',#1728,#3404);
#3404 = DEFINITIONAL_REPRESENTATION('',(#3405),#3409);
#3405 = LINE('',#3406,#3407);
#3406 = CARTESIAN_POINT('',(-0.,0.));
#3407 = VECTOR('',#3408,1.);
#3408 = DIRECTION('',(-0.,1.));
#3409 = ( GEOMETRIC_REPRESENTATION_CONTEXT(2) 
PARAMETRIC_REPRESENTATION_CONTEXT() REPRESENTATION_CONTEXT('2D SPACE',''
  ) );
#3410 = ORIENTED_EDGE('',*,*,#1679,.F.);
#3411 = ORIENTED_EDGE('',*,*,#2204,.T.);
#3412 = ORIENTED_EDGE('',*,*,#2424,.T.);
#3413 = ORIENTED_EDGE('',*,*,#3414,.F.);
#3414 = EDGE_CURVE('',#3415,#2397,#3417,.T.);
#3415 = VERTEX_POINT('',#3416);
#3416 = CARTESIAN_POINT('',(15.076892715735,-70.58974726383,20.));
#3417 = SURFACE_CURVE('',#3418,(#3422,#3429),.PCURVE_S1.);
#3418 = LINE('',#3419,#3420);
#3419 = CARTESIAN_POINT('',(13.689360071517,-72.57655239859,20.));
#3420 = VECTOR('',#3421,1.);
#3421 = DIRECTION('',(0.572567199687,0.81985779367,6.35677288238E-17));
#3422 = PCURVE('',#1696,#3423);
#3423 = DEFINITIONAL_REPRESENTATION('',(#3424),#3428);
#3424 = LINE('',#3425,#3426);
#3425 = CARTESIAN_POINT('',(-2.023293600549,-3.757116635256));
#3426 = VECTOR('',#3427,1.);
#3427 = DIRECTION('',(0.834914807835,0.550379199878));
#3428 = ( GEOMETRIC_REPRESENTATION_CONTEXT(2) 
PARAMETRIC_REPRESENTATION_CONTEXT() REPRESENTATION_CONTEXT('2D SPACE',''
  ) );
#3429 = PCURVE('',#2412,#3430);
#3430 = DEFINITIONAL_REPRESENTATION('',(#3431),#3435);
#3431 = LINE('',#3432,#3433);
#3432 = CARTESIAN_POINT('',(-0.,0.));
#3433 = VECTOR('',#3434,1.);
#3434 = DIRECTION('',(-0.,1.));
#3435 = ( GEOMETRIC_REPRESENTATION_CONTEXT(2) 
PARAMETRIC_REPRESENTATION_CONTEXT() REPRESENTATION_CONTEXT('2D SPACE',''
  ) );
#3436 = ORIENTED_EDGE('',*,*,#3437,.T.);
#3437 = EDGE_CURVE('',#3415,#3438,#3440,.T.);
#3438 = VERTEX_POINT('',#3439);
#3439 = CARTESIAN_POINT('',(28.662094376446,-104.7668618016,20.));
#3440 = SURFACE_CURVE('',#3441,(#3445,#3452),.PCURVE_S1.);
#3441 = LINE('',#3442,#3443);
#3442 = CARTESIAN_POINT('',(14.181748794971,-68.33777949243,20.));
#3443 = VECTOR('',#3444,1.);
#3444 = DIRECTION('',(0.369382335014,-0.929277509994,4.100967732222E-17)
  );
#3445 = PCURVE('',#1696,#3446);
#3446 = DEFINITIONAL_REPRESENTATION('',(#3447),#3451);
#3447 = LINE('',#3448,#3449);
#3448 = CARTESIAN_POINT('',(0.,-0.));
#3449 = VECTOR('',#3450,1.);
#3450 = DIRECTION('',(1.22087999104E-17,-1.));
#3451 = ( GEOMETRIC_REPRESENTATION_CONTEXT(2) 
PARAMETRIC_REPRESENTATION_CONTEXT() REPRESENTATION_CONTEXT('2D SPACE',''
  ) );
#3452 = PCURVE('',#3453,#3458);
#3453 = PLANE('',#3454);
#3454 = AXIS2_PLACEMENT_3D('',#3455,#3456,#3457);
#3455 = CARTESIAN_POINT('',(14.181748794971,-68.33777949243,20.));
#3456 = DIRECTION('',(-0.929277509994,-0.369382335014,
    -1.031705287861E-16));
#3457 = DIRECTION('',(1.110223024625E-16,0.,-1.));
#3458 = DEFINITIONAL_REPRESENTATION('',(#3459),#3463);
#3459 = LINE('',#3460,#3461);
#3460 = CARTESIAN_POINT('',(-0.,0.));
#3461 = VECTOR('',#3462,1.);
#3462 = DIRECTION('',(-0.,1.));
#3463 = ( GEOMETRIC_REPRESENTATION_CONTEXT(2) 
PARAMETRIC_REPRESENTATION_CONTEXT() REPRESENTATION_CONTEXT('2D SPACE',''
  ) );
#3464 = ORIENTED_EDGE('',*,*,#3465,.T.);
#3465 = EDGE_CURVE('',#3438,#3466,#3468,.T.);
#3466 = VERTEX_POINT('',#3467);
#3467 = CARTESIAN_POINT('',(24.142324276398,-117.7612008393,20.));
#3468 = SURFACE_CURVE('',#3469,(#3473,#3480),.PCURVE_S1.);
#3469 = LINE('',#3470,#3471);
#3470 = CARTESIAN_POINT('',(60.176670810116,-14.16245455487,20.));
#3471 = VECTOR('',#3472,1.);
#3472 = DIRECTION('',(-0.328520624941,-0.944496796706,-3.64731161874E-17
    ));
#3473 = PCURVE('',#1696,#3474);
#3474 = DEFINITIONAL_REPRESENTATION('',(#3475),#3479);
#3475 = LINE('',#3476,#3477);
#3476 = CARTESIAN_POINT('',(62.753454628149,33.35419936833));
#3477 = VECTOR('',#3478,1.);
#3478 = DIRECTION('',(-0.654167260507,-0.756349915899));
#3479 = ( GEOMETRIC_REPRESENTATION_CONTEXT(2) 
PARAMETRIC_REPRESENTATION_CONTEXT() REPRESENTATION_CONTEXT('2D SPACE',''
  ) );
#3480 = PCURVE('',#3215,#3481);
#3481 = DEFINITIONAL_REPRESENTATION('',(#3482),#3486);
#3482 = LINE('',#3483,#3484);
#3483 = CARTESIAN_POINT('',(-3.1,66.27870138858));
#3484 = VECTOR('',#3485,1.);
#3485 = DIRECTION('',(-0.,1.));
#3486 = ( GEOMETRIC_REPRESENTATION_CONTEXT(2) 
PARAMETRIC_REPRESENTATION_CONTEXT() REPRESENTATION_CONTEXT('2D SPACE',''
  ) );
#3487 = ORIENTED_EDGE('',*,*,#3488,.F.);
#3488 = EDGE_CURVE('',#3307,#3466,#3489,.T.);
#3489 = SURFACE_CURVE('',#3490,(#3494,#3501),.PCURVE_S1.);
#3490 = LINE('',#3491,#3492);
#3491 = CARTESIAN_POINT('',(5.818251205029,-71.66222050756,20.));
#3492 = VECTOR('',#3493,1.);
#3493 = DIRECTION('',(0.369382335014,-0.929277509994,4.100967732222E-17)
  );
#3494 = PCURVE('',#1696,#3495);
#3495 = DEFINITIONAL_REPRESENTATION('',(#3496),#3500);
#3496 = LINE('',#3497,#3498);
#3497 = CARTESIAN_POINT('',(-9.,-6.282949926063E-16));
#3498 = VECTOR('',#3499,1.);
#3499 = DIRECTION('',(1.22087999104E-17,-1.));
#3500 = ( GEOMETRIC_REPRESENTATION_CONTEXT(2) 
PARAMETRIC_REPRESENTATION_CONTEXT() REPRESENTATION_CONTEXT('2D SPACE',''
  ) );
#3501 = PCURVE('',#3502,#3507);
#3502 = PLANE('',#3503);
#3503 = AXIS2_PLACEMENT_3D('',#3504,#3505,#3506);
#3504 = CARTESIAN_POINT('',(5.818251205029,-71.66222050756,20.));
#3505 = DIRECTION('',(-0.929277509994,-0.369382335014,
    -1.031705287861E-16));
#3506 = DIRECTION('',(1.110223024625E-16,0.,-1.));
#3507 = DEFINITIONAL_REPRESENTATION('',(#3508),#3512);
#3508 = LINE('',#3509,#3510);
#3509 = CARTESIAN_POINT('',(-0.,0.));
#3510 = VECTOR('',#3511,1.);
#3511 = DIRECTION('',(-0.,1.));
#3512 = ( GEOMETRIC_REPRESENTATION_CONTEXT(2) 
PARAMETRIC_REPRESENTATION_CONTEXT() REPRESENTATION_CONTEXT('2D SPACE',''
  ) );
#3513 = ADVANCED_FACE('',(#3514),#2412,.T.);
#3514 = FACE_BOUND('',#3515,.F.);
#3515 = EDGE_LOOP('',(#3516,#3517,#3540,#3563,#3586,#3607));
#3516 = ORIENTED_EDGE('',*,*,#3414,.F.);
#3517 = ORIENTED_EDGE('',*,*,#3518,.T.);
#3518 = EDGE_CURVE('',#3415,#3519,#3521,.T.);
#3519 = VERTEX_POINT('',#3520);
#3520 = CARTESIAN_POINT('',(15.076892715735,-70.58974726383,24.));
#3521 = SURFACE_CURVE('',#3522,(#3526,#3533),.PCURVE_S1.);
#3522 = LINE('',#3523,#3524);
#3523 = CARTESIAN_POINT('',(15.076892715735,-70.58974726383,20.));
#3524 = VECTOR('',#3525,1.);
#3525 = DIRECTION('',(-1.110223024625E-16,-0.,1.));
#3526 = PCURVE('',#2412,#3527);
#3527 = DEFINITIONAL_REPRESENTATION('',(#3528),#3532);
#3528 = LINE('',#3529,#3530);
#3529 = CARTESIAN_POINT('',(3.706760747703E-15,2.423353354813));
#3530 = VECTOR('',#3531,1.);
#3531 = DIRECTION('',(-1.,0.));
#3532 = ( GEOMETRIC_REPRESENTATION_CONTEXT(2) 
PARAMETRIC_REPRESENTATION_CONTEXT() REPRESENTATION_CONTEXT('2D SPACE',''
  ) );
#3533 = PCURVE('',#3453,#3534);
#3534 = DEFINITIONAL_REPRESENTATION('',(#3535),#3539);
#3535 = LINE('',#3536,#3537);
#3536 = CARTESIAN_POINT('',(9.938093911858E-17,2.423353354813));
#3537 = VECTOR('',#3538,1.);
#3538 = DIRECTION('',(-1.,0.));
#3539 = ( GEOMETRIC_REPRESENTATION_CONTEXT(2) 
PARAMETRIC_REPRESENTATION_CONTEXT() REPRESENTATION_CONTEXT('2D SPACE',''
  ) );
#3540 = ORIENTED_EDGE('',*,*,#3541,.T.);
#3541 = EDGE_CURVE('',#3519,#3542,#3544,.T.);
#3542 = VERTEX_POINT('',#3543);
#3543 = CARTESIAN_POINT('',(56.768168085049,-10.89209595188,24.));
#3544 = SURFACE_CURVE('',#3545,(#3549,#3556),.PCURVE_S1.);
#3545 = LINE('',#3546,#3547);
#3546 = CARTESIAN_POINT('',(13.689360071517,-72.57655239859,24.));
#3547 = VECTOR('',#3548,1.);
#3548 = DIRECTION('',(0.572567199687,0.81985779367,6.35677288238E-17));
#3549 = PCURVE('',#2412,#3550);
#3550 = DEFINITIONAL_REPRESENTATION('',(#3551),#3555);
#3551 = LINE('',#3552,#3553);
#3552 = CARTESIAN_POINT('',(-4.,2.542709152952E-16));
#3553 = VECTOR('',#3554,1.);
#3554 = DIRECTION('',(-0.,1.));
#3555 = ( GEOMETRIC_REPRESENTATION_CONTEXT(2) 
PARAMETRIC_REPRESENTATION_CONTEXT() REPRESENTATION_CONTEXT('2D SPACE',''
  ) );
#3556 = PCURVE('',#1757,#3557);
#3557 = DEFINITIONAL_REPRESENTATION('',(#3558),#3562);
#3558 = LINE('',#3559,#3560);
#3559 = CARTESIAN_POINT('',(-2.023293600549,-3.757116635256));
#3560 = VECTOR('',#3561,1.);
#3561 = DIRECTION('',(0.834914807835,0.550379199878));
#3562 = ( GEOMETRIC_REPRESENTATION_CONTEXT(2) 
PARAMETRIC_REPRESENTATION_CONTEXT() REPRESENTATION_CONTEXT('2D SPACE',''
  ) );
#3563 = ORIENTED_EDGE('',*,*,#3564,.F.);
#3564 = EDGE_CURVE('',#3565,#3542,#3567,.T.);
#3565 = VERTEX_POINT('',#3566);
#3566 = CARTESIAN_POINT('',(56.768168085049,-10.89209595188,22.));
#3567 = SURFACE_CURVE('',#3568,(#3572,#3579),.PCURVE_S1.);
#3568 = LINE('',#3569,#3570);
#3569 = CARTESIAN_POINT('',(56.768168085049,-10.89209595188,20.));
#3570 = VECTOR('',#3571,1.);
#3571 = DIRECTION('',(-1.110223024625E-16,-0.,1.));
#3572 = PCURVE('',#2412,#3573);
#3573 = DEFINITIONAL_REPRESENTATION('',(#3574),#3578);
#3574 = LINE('',#3575,#3576);
#3575 = CARTESIAN_POINT('',(4.782708453003E-15,75.237994836337));
#3576 = VECTOR('',#3577,1.);
#3577 = DIRECTION('',(-1.,0.));
#3578 = ( GEOMETRIC_REPRESENTATION_CONTEXT(2) 
PARAMETRIC_REPRESENTATION_CONTEXT() REPRESENTATION_CONTEXT('2D SPACE',''
  ) );
#3579 = PCURVE('',#1789,#3580);
#3580 = DEFINITIONAL_REPRESENTATION('',(#3581),#3585);
#3581 = LINE('',#3582,#3583);
#3582 = CARTESIAN_POINT('',(-9.,-8.192024995062E-16));
#3583 = VECTOR('',#3584,1.);
#3584 = DIRECTION('',(-0.,1.));
#3585 = ( GEOMETRIC_REPRESENTATION_CONTEXT(2) 
PARAMETRIC_REPRESENTATION_CONTEXT() REPRESENTATION_CONTEXT('2D SPACE',''
  ) );
#3586 = ORIENTED_EDGE('',*,*,#3587,.F.);
#3587 = EDGE_CURVE('',#2374,#3565,#3588,.T.);
#3588 = SURFACE_CURVE('',#3589,(#3593,#3600),.PCURVE_S1.);
#3589 = LINE('',#3590,#3591);
#3590 = CARTESIAN_POINT('',(33.434936100034,-44.30290276177,22.));
#3591 = VECTOR('',#3592,1.);
#3592 = DIRECTION('',(0.572567199687,0.81985779367,6.35677288238E-17));
#3593 = PCURVE('',#2412,#3594);
#3594 = DEFINITIONAL_REPRESENTATION('',(#3595),#3599);
#3595 = LINE('',#3596,#3597);
#3596 = CARTESIAN_POINT('',(-2.,34.486041183113));
#3597 = VECTOR('',#3598,1.);
#3598 = DIRECTION('',(-0.,1.));
#3599 = ( GEOMETRIC_REPRESENTATION_CONTEXT(2) 
PARAMETRIC_REPRESENTATION_CONTEXT() REPRESENTATION_CONTEXT('2D SPACE',''
  ) );
#3600 = PCURVE('',#1818,#3601);
#3601 = DEFINITIONAL_REPRESENTATION('',(#3602),#3606);
#3602 = LINE('',#3603,#3604);
#3603 = CARTESIAN_POINT('',(15.143871913497,31.487359208486));
#3604 = VECTOR('',#3605,1.);
#3605 = DIRECTION('',(-0.572567199687,-0.81985779367));
#3606 = ( GEOMETRIC_REPRESENTATION_CONTEXT(2) 
PARAMETRIC_REPRESENTATION_CONTEXT() REPRESENTATION_CONTEXT('2D SPACE',''
  ) );
#3607 = ORIENTED_EDGE('',*,*,#2396,.T.);
#3608 = ADVANCED_FACE('',(#3609),#1818,.T.);
#3609 = FACE_BOUND('',#3610,.F.);
#3610 = EDGE_LOOP('',(#3611,#3612,#3613,#3634,#3635,#3636));
#3611 = ORIENTED_EDGE('',*,*,#2373,.F.);
#3612 = ORIENTED_EDGE('',*,*,#3587,.T.);
#3613 = ORIENTED_EDGE('',*,*,#3614,.T.);
#3614 = EDGE_CURVE('',#3565,#1774,#3615,.T.);
#3615 = SURFACE_CURVE('',#3616,(#3620,#3627),.PCURVE_S1.);
#3616 = LINE('',#3617,#3618);
#3617 = CARTESIAN_POINT('',(50.777955956021,-6.708688767456,22.));
#3618 = VECTOR('',#3619,1.);
#3619 = DIRECTION('',(-0.81985779367,0.572567199687,-9.102249994513E-17)
  );
#3620 = PCURVE('',#1818,#3621);
#3621 = DEFINITIONAL_REPRESENTATION('',(#3622),#3626);
#3622 = LINE('',#3623,#3624);
#3623 = CARTESIAN_POINT('',(-2.19914794249,-6.106854785835));
#3624 = VECTOR('',#3625,1.);
#3625 = DIRECTION('',(0.81985779367,-0.572567199687));
#3626 = ( GEOMETRIC_REPRESENTATION_CONTEXT(2) 
PARAMETRIC_REPRESENTATION_CONTEXT() REPRESENTATION_CONTEXT('2D SPACE',''
  ) );
#3627 = PCURVE('',#1789,#3628);
#3628 = DEFINITIONAL_REPRESENTATION('',(#3629),#3633);
#3629 = LINE('',#3630,#3631);
#3630 = CARTESIAN_POINT('',(-1.693596163538,2.));
#3631 = VECTOR('',#3632,1.);
#3632 = DIRECTION('',(1.,-0.));
#3633 = ( GEOMETRIC_REPRESENTATION_CONTEXT(2) 
PARAMETRIC_REPRESENTATION_CONTEXT() REPRESENTATION_CONTEXT('2D SPACE',''
  ) );
#3634 = ORIENTED_EDGE('',*,*,#1801,.F.);
#3635 = ORIENTED_EDGE('',*,*,#2524,.T.);
#3636 = ORIENTED_EDGE('',*,*,#2500,.F.);
#3637 = ADVANCED_FACE('',(#3638),#1789,.T.);
#3638 = FACE_BOUND('',#3639,.F.);
#3639 = EDGE_LOOP('',(#3640,#3641,#3642,#3643));
#3640 = ORIENTED_EDGE('',*,*,#1773,.F.);
#3641 = ORIENTED_EDGE('',*,*,#3614,.F.);
#3642 = ORIENTED_EDGE('',*,*,#3564,.T.);
#3643 = ORIENTED_EDGE('',*,*,#3644,.F.);
#3644 = EDGE_CURVE('',#1741,#3542,#3645,.T.);
#3645 = SURFACE_CURVE('',#3646,(#3650,#3657),.PCURVE_S1.);
#3646 = LINE('',#3647,#3648);
#3647 = CARTESIAN_POINT('',(49.389447942014,-5.738991154698,24.));
#3648 = VECTOR('',#3649,1.);
#3649 = DIRECTION('',(0.81985779367,-0.572567199687,9.102249994513E-17)
  );
#3650 = PCURVE('',#1789,#3651);
#3651 = DEFINITIONAL_REPRESENTATION('',(#3652),#3656);
#3652 = LINE('',#3653,#3654);
#3653 = CARTESIAN_POINT('',(-3.640899997805E-16,4.));
#3654 = VECTOR('',#3655,1.);
#3655 = DIRECTION('',(-1.,0.));
#3656 = ( GEOMETRIC_REPRESENTATION_CONTEXT(2) 
PARAMETRIC_REPRESENTATION_CONTEXT() REPRESENTATION_CONTEXT('2D SPACE',''
  ) );
#3657 = PCURVE('',#1757,#3658);
#3658 = DEFINITIONAL_REPRESENTATION('',(#3659),#3663);
#3659 = LINE('',#3660,#3661);
#3660 = CARTESIAN_POINT('',(55.840609601196,45.166544033706));
#3661 = VECTOR('',#3662,1.);
#3662 = DIRECTION('',(0.550379199878,-0.834914807835));
#3663 = ( GEOMETRIC_REPRESENTATION_CONTEXT(2) 
PARAMETRIC_REPRESENTATION_CONTEXT() REPRESENTATION_CONTEXT('2D SPACE',''
  ) );
#3664 = ADVANCED_FACE('',(#3665),#1757,.T.);
#3665 = FACE_BOUND('',#3666,.F.);
#3666 = EDGE_LOOP('',(#3667,#3697,#3725,#3746,#3747,#3748,#3749,#3772,
    #3800,#3833,#3861,#3884));
#3667 = ORIENTED_EDGE('',*,*,#3668,.F.);
#3668 = EDGE_CURVE('',#3669,#3671,#3673,.T.);
#3669 = VERTEX_POINT('',#3670);
#3670 = CARTESIAN_POINT('',(10.,-70.,24.));
#3671 = VERTEX_POINT('',#3672);
#3672 = CARTESIAN_POINT('',(6.,-71.5899764324,24.));
#3673 = SURFACE_CURVE('',#3674,(#3678,#3685),.PCURVE_S1.);
#3674 = LINE('',#3675,#3676);
#3675 = CARTESIAN_POINT('',(14.181748794971,-68.33777949243,24.));
#3676 = VECTOR('',#3677,1.);
#3677 = DIRECTION('',(-0.929277509994,-0.369382335014,
    -1.031705287861E-16));
#3678 = PCURVE('',#1757,#3679);
#3679 = DEFINITIONAL_REPRESENTATION('',(#3680),#3684);
#3680 = LINE('',#3681,#3682);
#3681 = CARTESIAN_POINT('',(1.650728460578E-15,-6.561548371555E-16));
#3682 = VECTOR('',#3683,1.);
#3683 = DIRECTION('',(-1.,1.22087999104E-17));
#3684 = ( GEOMETRIC_REPRESENTATION_CONTEXT(2) 
PARAMETRIC_REPRESENTATION_CONTEXT() REPRESENTATION_CONTEXT('2D SPACE',''
  ) );
#3685 = PCURVE('',#3686,#3691);
#3686 = PLANE('',#3687);
#3687 = AXIS2_PLACEMENT_3D('',#3688,#3689,#3690);
#3688 = CARTESIAN_POINT('',(14.181748794971,-68.33777949243,20.));
#3689 = DIRECTION('',(0.369382335014,-0.929277509994,4.100967732222E-17)
  );
#3690 = DIRECTION('',(0.929277509994,0.369382335014,1.031705287861E-16)
  );
#3691 = DEFINITIONAL_REPRESENTATION('',(#3692),#3696);
#3692 = LINE('',#3693,#3694);
#3693 = CARTESIAN_POINT('',(4.126821151444E-16,4.));
#3694 = VECTOR('',#3695,1.);
#3695 = DIRECTION('',(-1.,0.));
#3696 = ( GEOMETRIC_REPRESENTATION_CONTEXT(2) 
PARAMETRIC_REPRESENTATION_CONTEXT() REPRESENTATION_CONTEXT('2D SPACE',''
  ) );
#3697 = ORIENTED_EDGE('',*,*,#3698,.F.);
#3698 = EDGE_CURVE('',#3699,#3669,#3701,.T.);
#3699 = VERTEX_POINT('',#3700);
#3700 = CARTESIAN_POINT('',(6.310639928483,-67.4234476014,24.));
#3701 = SURFACE_CURVE('',#3702,(#3706,#3713),.PCURVE_S1.);
#3702 = LINE('',#3703,#3704);
#3703 = CARTESIAN_POINT('',(6.310639928483,-67.4234476014,24.));
#3704 = VECTOR('',#3705,1.);
#3705 = DIRECTION('',(0.81985779367,-0.572567199687,9.102249994513E-17)
  );
#3706 = PCURVE('',#1757,#3707);
#3707 = DEFINITIONAL_REPRESENTATION('',(#3708),#3712);
#3708 = LINE('',#3709,#3710);
#3709 = CARTESIAN_POINT('',(-6.976706399451,3.757116635256));
#3710 = VECTOR('',#3711,1.);
#3711 = DIRECTION('',(0.550379199878,-0.834914807835));
#3712 = ( GEOMETRIC_REPRESENTATION_CONTEXT(2) 
PARAMETRIC_REPRESENTATION_CONTEXT() REPRESENTATION_CONTEXT('2D SPACE',''
  ) );
#3713 = PCURVE('',#3714,#3719);
#3714 = PLANE('',#3715);
#3715 = AXIS2_PLACEMENT_3D('',#3716,#3717,#3718);
#3716 = CARTESIAN_POINT('',(6.310639928483,-67.4234476014,20.));
#3717 = DIRECTION('',(0.572567199687,0.81985779367,6.35677288238E-17));
#3718 = DIRECTION('',(-0.81985779367,0.572567199687,-9.102249994513E-17)
  );
#3719 = DEFINITIONAL_REPRESENTATION('',(#3720),#3724);
#3720 = LINE('',#3721,#3722);
#3721 = CARTESIAN_POINT('',(-3.640899997805E-16,4.));
#3722 = VECTOR('',#3723,1.);
#3723 = DIRECTION('',(-1.,0.));
#3724 = ( GEOMETRIC_REPRESENTATION_CONTEXT(2) 
PARAMETRIC_REPRESENTATION_CONTEXT() REPRESENTATION_CONTEXT('2D SPACE',''
  ) );
#3725 = ORIENTED_EDGE('',*,*,#3726,.T.);
#3726 = EDGE_CURVE('',#3699,#1713,#3727,.T.);
#3727 = SURFACE_CURVE('',#3728,(#3732,#3739),.PCURVE_S1.);
#3728 = LINE('',#3729,#3730);
#3729 = CARTESIAN_POINT('',(6.310639928483,-67.4234476014,24.));
#3730 = VECTOR('',#3731,1.);
#3731 = DIRECTION('',(0.572567199687,0.81985779367,6.35677288238E-17));
#3732 = PCURVE('',#1757,#3733);
#3733 = DEFINITIONAL_REPRESENTATION('',(#3734),#3738);
#3734 = LINE('',#3735,#3736);
#3735 = CARTESIAN_POINT('',(-6.976706399451,3.757116635256));
#3736 = VECTOR('',#3737,1.);
#3737 = DIRECTION('',(0.834914807835,0.550379199878));
#3738 = ( GEOMETRIC_REPRESENTATION_CONTEXT(2) 
PARAMETRIC_REPRESENTATION_CONTEXT() REPRESENTATION_CONTEXT('2D SPACE',''
  ) );
#3739 = PCURVE('',#1728,#3740);
#3740 = DEFINITIONAL_REPRESENTATION('',(#3741),#3745);
#3741 = LINE('',#3742,#3743);
#3742 = CARTESIAN_POINT('',(-4.,2.542709152952E-16));
#3743 = VECTOR('',#3744,1.);
#3744 = DIRECTION('',(-0.,1.));
#3745 = ( GEOMETRIC_REPRESENTATION_CONTEXT(2) 
PARAMETRIC_REPRESENTATION_CONTEXT() REPRESENTATION_CONTEXT('2D SPACE',''
  ) );
#3746 = ORIENTED_EDGE('',*,*,#1740,.F.);
#3747 = ORIENTED_EDGE('',*,*,#3644,.T.);
#3748 = ORIENTED_EDGE('',*,*,#3541,.F.);
#3749 = ORIENTED_EDGE('',*,*,#3750,.T.);
#3750 = EDGE_CURVE('',#3519,#3751,#3753,.T.);
#3751 = VERTEX_POINT('',#3752);
#3752 = CARTESIAN_POINT('',(29.339686834487,-106.4715221833,24.));
#3753 = SURFACE_CURVE('',#3754,(#3758,#3765),.PCURVE_S1.);
#3754 = LINE('',#3755,#3756);
#3755 = CARTESIAN_POINT('',(14.181748794971,-68.33777949243,24.));
#3756 = VECTOR('',#3757,1.);
#3757 = DIRECTION('',(0.369382335014,-0.929277509994,4.100967732222E-17)
  );
#3758 = PCURVE('',#1757,#3759);
#3759 = DEFINITIONAL_REPRESENTATION('',(#3760),#3764);
#3760 = LINE('',#3761,#3762);
#3761 = CARTESIAN_POINT('',(1.650728460578E-15,-6.561548371555E-16));
#3762 = VECTOR('',#3763,1.);
#3763 = DIRECTION('',(1.22087999104E-17,-1.));
#3764 = ( GEOMETRIC_REPRESENTATION_CONTEXT(2) 
PARAMETRIC_REPRESENTATION_CONTEXT() REPRESENTATION_CONTEXT('2D SPACE',''
  ) );
#3765 = PCURVE('',#3453,#3766);
#3766 = DEFINITIONAL_REPRESENTATION('',(#3767),#3771);
#3767 = LINE('',#3768,#3769);
#3768 = CARTESIAN_POINT('',(-4.,1.640387092889E-16));
#3769 = VECTOR('',#3770,1.);
#3770 = DIRECTION('',(-0.,1.));
#3771 = ( GEOMETRIC_REPRESENTATION_CONTEXT(2) 
PARAMETRIC_REPRESENTATION_CONTEXT() REPRESENTATION_CONTEXT('2D SPACE',''
  ) );
#3772 = ORIENTED_EDGE('',*,*,#3773,.F.);
#3773 = EDGE_CURVE('',#3774,#3751,#3776,.T.);
#3774 = VERTEX_POINT('',#3775);
#3775 = CARTESIAN_POINT('',(26.592251994584,-114.3703973481,24.));
#3776 = SURFACE_CURVE('',#3777,(#3781,#3788),.PCURVE_S1.);
#3777 = LINE('',#3778,#3779);
#3778 = CARTESIAN_POINT('',(60.521617466305,-16.8234716169,24.));
#3779 = VECTOR('',#3780,1.);
#3780 = DIRECTION('',(0.328520624941,0.944496796706,3.64731161874E-17));
#3781 = PCURVE('',#1757,#3782);
#3782 = DEFINITIONAL_REPRESENTATION('',(#3783),#3787);
#3783 = LINE('',#3784,#3785);
#3784 = CARTESIAN_POINT('',(62.09107310201,30.753958857564));
#3785 = VECTOR('',#3786,1.);
#3786 = DIRECTION('',(0.654167260507,0.756349915899));
#3787 = ( GEOMETRIC_REPRESENTATION_CONTEXT(2) 
PARAMETRIC_REPRESENTATION_CONTEXT() REPRESENTATION_CONTEXT('2D SPACE',''
  ) );
#3788 = PCURVE('',#3789,#3794);
#3789 = PLANE('',#3790);
#3790 = AXIS2_PLACEMENT_3D('',#3791,#3792,#3793);
#3791 = CARTESIAN_POINT('',(81.507088366918,43.50975722236,3.5));
#3792 = DIRECTION('',(-0.944496796706,0.328520624941,-1.048602090388E-16
    ));
#3793 = DIRECTION('',(1.110223024625E-16,0.,-1.));
#3794 = DEFINITIONAL_REPRESENTATION('',(#3795),#3799);
#3795 = LINE('',#3796,#3797);
#3796 = CARTESIAN_POINT('',(-20.5,63.87870138858));
#3797 = VECTOR('',#3798,1.);
#3798 = DIRECTION('',(-0.,-1.));
#3799 = ( GEOMETRIC_REPRESENTATION_CONTEXT(2) 
PARAMETRIC_REPRESENTATION_CONTEXT() REPRESENTATION_CONTEXT('2D SPACE',''
  ) );
#3800 = ORIENTED_EDGE('',*,*,#3801,.F.);
#3801 = EDGE_CURVE('',#3802,#3774,#3804,.T.);
#3802 = VERTEX_POINT('',#3803);
#3803 = CARTESIAN_POINT('',(29.961089552844,-122.1868935957,24.));
#3804 = SURFACE_CURVE('',#3805,(#3810,#3821),.PCURVE_S1.);
#3805 = CIRCLE('',#3806,6.3);
#3806 = AXIS2_PLACEMENT_3D('',#3807,#3808,#3809);
#3807 = CARTESIAN_POINT('',(32.542581813833,-116.4400772852,24.));
#3808 = DIRECTION('',(-0.,0.,-1.));
#3809 = DIRECTION('',(-1.,-0.,0.));
#3810 = PCURVE('',#1757,#3811);
#3811 = DEFINITIONAL_REPRESENTATION('',(#3812),#3820);
#3812 = ( BOUNDED_CURVE() B_SPLINE_CURVE(2,(#3813,#3814,#3815,#3816,
#3817,#3818,#3819),.UNSPECIFIED.,.T.,.F.) B_SPLINE_CURVE_WITH_KNOTS((1,2
    ,2,2,2,1),(-2.094395102393,0.,2.094395102393,4.188790204786,
6.28318530718,8.377580409573),.UNSPECIFIED.) CURVE() 
GEOMETRIC_REPRESENTATION_ITEM() RATIONAL_B_SPLINE_CURVE((1.,0.5,1.,0.5,
1.,0.5,1.)) REPRESENTATION_ITEM('') );
#3813 = CARTESIAN_POINT('',(-6.560278202016,-49.15544218057));
#3814 = CARTESIAN_POINT('',(-2.529607680543,-39.01524025224));
#3815 = CARTESIAN_POINT('',(4.236729528159,-47.57600428228));
#3816 = CARTESIAN_POINT('',(11.003066736861,-56.13676831233));
#3817 = CARTESIAN_POINT('',(0.206059006686,-57.71620621061));
#3818 = CARTESIAN_POINT('',(-10.59094872349,-59.2956441089));
#3819 = CARTESIAN_POINT('',(-6.560278202016,-49.15544218057));
#3820 = ( GEOMETRIC_REPRESENTATION_CONTEXT(2) 
PARAMETRIC_REPRESENTATION_CONTEXT() REPRESENTATION_CONTEXT('2D SPACE',''
  ) );
#3821 = PCURVE('',#3822,#3827);
#3822 = CYLINDRICAL_SURFACE('',#3823,6.3);
#3823 = AXIS2_PLACEMENT_3D('',#3824,#3825,#3826);
#3824 = CARTESIAN_POINT('',(32.542581813833,-116.4400772852,3.5));
#3825 = DIRECTION('',(0.,0.,1.));
#3826 = DIRECTION('',(-1.,-0.,0.));
#3827 = DEFINITIONAL_REPRESENTATION('',(#3828),#3832);
#3828 = LINE('',#3829,#3830);
#3829 = CARTESIAN_POINT('',(-0.,20.5));
#3830 = VECTOR('',#3831,1.);
#3831 = DIRECTION('',(-1.,0.));
#3832 = ( GEOMETRIC_REPRESENTATION_CONTEXT(2) 
PARAMETRIC_REPRESENTATION_CONTEXT() REPRESENTATION_CONTEXT('2D SPACE',''
  ) );
#3833 = ORIENTED_EDGE('',*,*,#3834,.T.);
#3834 = EDGE_CURVE('',#3802,#3835,#3837,.T.);
#3835 = VERTEX_POINT('',#3836);
#3836 = CARTESIAN_POINT('',(26.455413394203,-123.5803792136,24.));
#3837 = SURFACE_CURVE('',#3838,(#3842,#3849),.PCURVE_S1.);
#3838 = LINE('',#3839,#3840);
#3839 = CARTESIAN_POINT('',(34.818910984144,-120.2559381985,24.));
#3840 = VECTOR('',#3841,1.);
#3841 = DIRECTION('',(-0.929277509994,-0.369382335014,
    -1.031705287861E-16));
#3842 = PCURVE('',#1757,#3843);
#3843 = DEFINITIONAL_REPRESENTATION('',(#3844),#3848);
#3844 = LINE('',#3845,#3846);
#3845 = CARTESIAN_POINT('',(6.658239238246E-16,-55.86938040337));
#3846 = VECTOR('',#3847,1.);
#3847 = DIRECTION('',(-1.,1.22087999104E-17));
#3848 = ( GEOMETRIC_REPRESENTATION_CONTEXT(2) 
PARAMETRIC_REPRESENTATION_CONTEXT() REPRESENTATION_CONTEXT('2D SPACE',''
  ) );
#3849 = PCURVE('',#3850,#3855);
#3850 = PLANE('',#3851);
#3851 = AXIS2_PLACEMENT_3D('',#3852,#3853,#3854);
#3852 = CARTESIAN_POINT('',(34.818910984144,-120.2559381985,20.));
#3853 = DIRECTION('',(0.369382335014,-0.929277509994,4.100967732222E-17)
  );
#3854 = DIRECTION('',(0.929277509994,0.369382335014,1.031705287861E-16)
  );
#3855 = DEFINITIONAL_REPRESENTATION('',(#3856),#3860);
#3856 = LINE('',#3857,#3858);
#3857 = CARTESIAN_POINT('',(4.126821151444E-16,4.));
#3858 = VECTOR('',#3859,1.);
#3859 = DIRECTION('',(-1.,0.));
#3860 = ( GEOMETRIC_REPRESENTATION_CONTEXT(2) 
PARAMETRIC_REPRESENTATION_CONTEXT() REPRESENTATION_CONTEXT('2D SPACE',''
  ) );
#3861 = ORIENTED_EDGE('',*,*,#3862,.F.);
#3862 = EDGE_CURVE('',#3863,#3835,#3865,.T.);
#3863 = VERTEX_POINT('',#3864);
#3864 = CARTESIAN_POINT('',(6.,-72.11945695778,24.));
#3865 = SURFACE_CURVE('',#3866,(#3870,#3877),.PCURVE_S1.);
#3866 = LINE('',#3867,#3868);
#3867 = CARTESIAN_POINT('',(5.818251205029,-71.66222050756,24.));
#3868 = VECTOR('',#3869,1.);
#3869 = DIRECTION('',(0.369382335014,-0.929277509994,4.100967732222E-17)
  );
#3870 = PCURVE('',#1757,#3871);
#3871 = DEFINITIONAL_REPRESENTATION('',(#3872),#3876);
#3872 = LINE('',#3873,#3874);
#3873 = CARTESIAN_POINT('',(-9.,-6.282949926063E-16));
#3874 = VECTOR('',#3875,1.);
#3875 = DIRECTION('',(1.22087999104E-17,-1.));
#3876 = ( GEOMETRIC_REPRESENTATION_CONTEXT(2) 
PARAMETRIC_REPRESENTATION_CONTEXT() REPRESENTATION_CONTEXT('2D SPACE',''
  ) );
#3877 = PCURVE('',#3502,#3878);
#3878 = DEFINITIONAL_REPRESENTATION('',(#3879),#3883);
#3879 = LINE('',#3880,#3881);
#3880 = CARTESIAN_POINT('',(-4.,1.640387092889E-16));
#3881 = VECTOR('',#3882,1.);
#3882 = DIRECTION('',(-0.,1.));
#3883 = ( GEOMETRIC_REPRESENTATION_CONTEXT(2) 
PARAMETRIC_REPRESENTATION_CONTEXT() REPRESENTATION_CONTEXT('2D SPACE',''
  ) );
#3884 = ORIENTED_EDGE('',*,*,#3885,.F.);
#3885 = EDGE_CURVE('',#3671,#3863,#3886,.T.);
#3886 = SURFACE_CURVE('',#3887,(#3891,#3898),.PCURVE_S1.);
#3887 = LINE('',#3888,#3889);
#3888 = CARTESIAN_POINT('',(6.,-126.6688897462,24.));
#3889 = VECTOR('',#3890,1.);
#3890 = DIRECTION('',(-0.,-1.,0.));
#3891 = PCURVE('',#1757,#3892);
#3892 = DEFINITIONAL_REPRESENTATION('',(#3893),#3897);
#3893 = LINE('',#3894,#3895);
#3894 = CARTESIAN_POINT('',(-29.14959685707,-51.1835954174));
#3895 = VECTOR('',#3896,1.);
#3896 = DIRECTION('',(-0.369382335014,-0.929277509994));
#3897 = ( GEOMETRIC_REPRESENTATION_CONTEXT(2) 
PARAMETRIC_REPRESENTATION_CONTEXT() REPRESENTATION_CONTEXT('2D SPACE',''
  ) );
#3898 = PCURVE('',#3899,#3904);
#3899 = PLANE('',#3900);
#3900 = AXIS2_PLACEMENT_3D('',#3901,#3902,#3903);
#3901 = CARTESIAN_POINT('',(6.,-185.,-40.));
#3902 = DIRECTION('',(1.,0.,1.110223024625E-16));
#3903 = DIRECTION('',(1.110223024625E-16,0.,-1.));
#3904 = DEFINITIONAL_REPRESENTATION('',(#3905),#3909);
#3905 = LINE('',#3906,#3907);
#3906 = CARTESIAN_POINT('',(-64.,58.331110253781));
#3907 = VECTOR('',#3908,1.);
#3908 = DIRECTION('',(-0.,-1.));
#3909 = ( GEOMETRIC_REPRESENTATION_CONTEXT(2) 
PARAMETRIC_REPRESENTATION_CONTEXT() REPRESENTATION_CONTEXT('2D SPACE',''
  ) );
#3910 = ADVANCED_FACE('',(#3911),#1728,.F.);
#3911 = FACE_BOUND('',#3912,.T.);
#3912 = EDGE_LOOP('',(#3913,#3914,#3937,#3965,#3986,#3987));
#3913 = ORIENTED_EDGE('',*,*,#3390,.F.);
#3914 = ORIENTED_EDGE('',*,*,#3915,.T.);
#3915 = EDGE_CURVE('',#3363,#3916,#3918,.T.);
#3916 = VERTEX_POINT('',#3917);
#3917 = CARTESIAN_POINT('',(10.796607414393,-61.,22.));
#3918 = SURFACE_CURVE('',#3919,(#3923,#3930),.PCURVE_S1.);
#3919 = LINE('',#3920,#3921);
#3920 = CARTESIAN_POINT('',(10.796607414393,-61.,6.5));
#3921 = VECTOR('',#3922,1.);
#3922 = DIRECTION('',(-1.110223024625E-16,-0.,1.));
#3923 = PCURVE('',#1728,#3924);
#3924 = DEFINITIONAL_REPRESENTATION('',(#3925),#3929);
#3925 = LINE('',#3926,#3927);
#3926 = CARTESIAN_POINT('',(13.5,7.834831419544));
#3927 = VECTOR('',#3928,1.);
#3928 = DIRECTION('',(-1.,0.));
#3929 = ( GEOMETRIC_REPRESENTATION_CONTEXT(2) 
PARAMETRIC_REPRESENTATION_CONTEXT() REPRESENTATION_CONTEXT('2D SPACE',''
  ) );
#3930 = PCURVE('',#3378,#3931);
#3931 = DEFINITIONAL_REPRESENTATION('',(#3932),#3936);
#3932 = LINE('',#3933,#3934);
#3933 = CARTESIAN_POINT('',(-4.796607414393,13.5));
#3934 = VECTOR('',#3935,1.);
#3935 = DIRECTION('',(-0.,1.));
#3936 = ( GEOMETRIC_REPRESENTATION_CONTEXT(2) 
PARAMETRIC_REPRESENTATION_CONTEXT() REPRESENTATION_CONTEXT('2D SPACE',''
  ) );
#3937 = ORIENTED_EDGE('',*,*,#3938,.T.);
#3938 = EDGE_CURVE('',#3916,#3939,#3941,.T.);
#3939 = VERTEX_POINT('',#3940);
#3940 = CARTESIAN_POINT('',(6.310639928483,-67.4234476014,22.));
#3941 = SURFACE_CURVE('',#3942,(#3946,#3953),.PCURVE_S1.);
#3942 = LINE('',#3943,#3944);
#3943 = CARTESIAN_POINT('',(3.542566967381,-71.38704557182,22.));
#3944 = VECTOR('',#3945,1.);
#3945 = DIRECTION('',(-0.572567199687,-0.81985779367,-6.35677288238E-17)
  );
#3946 = PCURVE('',#1728,#3947);
#3947 = DEFINITIONAL_REPRESENTATION('',(#3948),#3952);
#3948 = LINE('',#3949,#3950);
#3949 = CARTESIAN_POINT('',(-2.,-4.834494470892));
#3950 = VECTOR('',#3951,1.);
#3951 = DIRECTION('',(-0.,-1.));
#3952 = ( GEOMETRIC_REPRESENTATION_CONTEXT(2) 
PARAMETRIC_REPRESENTATION_CONTEXT() REPRESENTATION_CONTEXT('2D SPACE',''
  ) );
#3953 = PCURVE('',#3954,#3959);
#3954 = PLANE('',#3955);
#3955 = AXIS2_PLACEMENT_3D('',#3956,#3957,#3958);
#3956 = CARTESIAN_POINT('',(6.,-79.,22.));
#3957 = DIRECTION('',(-1.110223024625E-16,-0.,1.));
#3958 = DIRECTION('',(-1.,0.,-1.110223024625E-16));
#3959 = DEFINITIONAL_REPRESENTATION('',(#3960),#3964);
#3960 = LINE('',#3961,#3962);
#3961 = CARTESIAN_POINT('',(2.457433032619,-7.612954428176));
#3962 = VECTOR('',#3963,1.);
#3963 = DIRECTION('',(0.572567199687,0.81985779367));
#3964 = ( GEOMETRIC_REPRESENTATION_CONTEXT(2) 
PARAMETRIC_REPRESENTATION_CONTEXT() REPRESENTATION_CONTEXT('2D SPACE',''
  ) );
#3965 = ORIENTED_EDGE('',*,*,#3966,.T.);
#3966 = EDGE_CURVE('',#3939,#3699,#3967,.T.);
#3967 = SURFACE_CURVE('',#3968,(#3972,#3979),.PCURVE_S1.);
#3968 = LINE('',#3969,#3970);
#3969 = CARTESIAN_POINT('',(6.310639928483,-67.4234476014,20.));
#3970 = VECTOR('',#3971,1.);
#3971 = DIRECTION('',(-1.110223024625E-16,-0.,1.));
#3972 = PCURVE('',#1728,#3973);
#3973 = DEFINITIONAL_REPRESENTATION('',(#3974),#3978);
#3974 = LINE('',#3975,#3976);
#3975 = CARTESIAN_POINT('',(-0.,0.));
#3976 = VECTOR('',#3977,1.);
#3977 = DIRECTION('',(-1.,0.));
#3978 = ( GEOMETRIC_REPRESENTATION_CONTEXT(2) 
PARAMETRIC_REPRESENTATION_CONTEXT() REPRESENTATION_CONTEXT('2D SPACE',''
  ) );
#3979 = PCURVE('',#3714,#3980);
#3980 = DEFINITIONAL_REPRESENTATION('',(#3981),#3985);
#3981 = LINE('',#3982,#3983);
#3982 = CARTESIAN_POINT('',(-0.,0.));
#3983 = VECTOR('',#3984,1.);
#3984 = DIRECTION('',(-0.,1.));
#3985 = ( GEOMETRIC_REPRESENTATION_CONTEXT(2) 
PARAMETRIC_REPRESENTATION_CONTEXT() REPRESENTATION_CONTEXT('2D SPACE',''
  ) );
#3986 = ORIENTED_EDGE('',*,*,#3726,.T.);
#3987 = ORIENTED_EDGE('',*,*,#1712,.F.);
#3988 = ADVANCED_FACE('',(#3989),#2923,.T.);
#3989 = FACE_BOUND('',#3990,.F.);
#3990 = EDGE_LOOP('',(#3991,#3992,#3993,#3994,#4017,#4045));
#3991 = ORIENTED_EDGE('',*,*,#3227,.F.);
#3992 = ORIENTED_EDGE('',*,*,#2984,.F.);
#3993 = ORIENTED_EDGE('',*,*,#2907,.T.);
#3994 = ORIENTED_EDGE('',*,*,#3995,.F.);
#3995 = EDGE_CURVE('',#3996,#2875,#3998,.T.);
#3996 = VERTEX_POINT('',#3997);
#3997 = CARTESIAN_POINT('',(83.33214307205,46.201600700362,22.1));
#3998 = SURFACE_CURVE('',#3999,(#4003,#4010),.PCURVE_S1.);
#3999 = LINE('',#4000,#4001);
#4000 = CARTESIAN_POINT('',(83.33214307205,46.201600700362,3.5));
#4001 = VECTOR('',#4002,1.);
#4002 = DIRECTION('',(0.,0.,1.));
#4003 = PCURVE('',#2923,#4004);
#4004 = DEFINITIONAL_REPRESENTATION('',(#4005),#4009);
#4005 = LINE('',#4006,#4007);
#4006 = CARTESIAN_POINT('',(16.5,101.13935807751));
#4007 = VECTOR('',#4008,1.);
#4008 = DIRECTION('',(-1.,8.374110444258E-17));
#4009 = ( GEOMETRIC_REPRESENTATION_CONTEXT(2) 
PARAMETRIC_REPRESENTATION_CONTEXT() REPRESENTATION_CONTEXT('2D SPACE',''
  ) );
#4010 = PCURVE('',#2895,#4011);
#4011 = DEFINITIONAL_REPRESENTATION('',(#4012),#4016);
#4012 = LINE('',#4013,#4014);
#4013 = CARTESIAN_POINT('',(-0.856870981631,-1.390833161048E-17));
#4014 = VECTOR('',#4015,1.);
#4015 = DIRECTION('',(-0.,1.));
#4016 = ( GEOMETRIC_REPRESENTATION_CONTEXT(2) 
PARAMETRIC_REPRESENTATION_CONTEXT() REPRESENTATION_CONTEXT('2D SPACE',''
  ) );
#4017 = ORIENTED_EDGE('',*,*,#4018,.T.);
#4018 = EDGE_CURVE('',#3996,#4019,#4021,.T.);
#4019 = VERTEX_POINT('',#4020);
#4020 = CARTESIAN_POINT('',(81.674687249844,47.644342709338,22.1));
#4021 = SURFACE_CURVE('',#4022,(#4026,#4033),.PCURVE_S1.);
#4022 = LINE('',#4023,#4024);
#4023 = CARTESIAN_POINT('',(49.492469652184,75.657540194361,22.1));
#4024 = VECTOR('',#4025,1.);
#4025 = DIRECTION('',(-0.754272813526,0.656561134073,-8.374110444258E-17
    ));
#4026 = PCURVE('',#2923,#4027);
#4027 = DEFINITIONAL_REPRESENTATION('',(#4028),#4032);
#4028 = LINE('',#4029,#4030);
#4029 = CARTESIAN_POINT('',(-2.1,56.275387358936));
#4030 = VECTOR('',#4031,1.);
#4031 = DIRECTION('',(-0.,-1.));
#4032 = ( GEOMETRIC_REPRESENTATION_CONTEXT(2) 
PARAMETRIC_REPRESENTATION_CONTEXT() REPRESENTATION_CONTEXT('2D SPACE',''
  ) );
#4033 = PCURVE('',#4034,#4039);
#4034 = PLANE('',#4035);
#4035 = AXIS2_PLACEMENT_3D('',#4036,#4037,#4038);
#4036 = CARTESIAN_POINT('',(96.118043161181,43.50975722236,22.1));
#4037 = DIRECTION('',(-1.110223024625E-16,-0.,1.));
#4038 = DIRECTION('',(0.944496796706,-0.328520624941,1.048602090388E-16)
  );
#4039 = DEFINITIONAL_REPRESENTATION('',(#4040),#4044);
#4040 = LINE('',#4041,#4042);
#4041 = CARTESIAN_POINT('',(-54.59891457627,15.046015490839));
#4042 = VECTOR('',#4043,1.);
#4043 = DIRECTION('',(-0.928102130296,0.372325711898));
#4044 = ( GEOMETRIC_REPRESENTATION_CONTEXT(2) 
PARAMETRIC_REPRESENTATION_CONTEXT() REPRESENTATION_CONTEXT('2D SPACE',''
  ) );
#4045 = ORIENTED_EDGE('',*,*,#4046,.T.);
#4046 = EDGE_CURVE('',#4019,#3200,#4047,.T.);
#4047 = SURFACE_CURVE('',#4048,(#4052,#4059),.PCURVE_S1.);
#4048 = LINE('',#4049,#4050);
#4049 = CARTESIAN_POINT('',(81.674687249844,47.644342709338,18.45));
#4050 = VECTOR('',#4051,1.);
#4051 = DIRECTION('',(1.110223024625E-16,0.,-1.));
#4052 = PCURVE('',#2923,#4053);
#4053 = DEFINITIONAL_REPRESENTATION('',(#4054),#4058);
#4054 = LINE('',#4055,#4056);
#4055 = CARTESIAN_POINT('',(1.55,98.941935881614));
#4056 = VECTOR('',#4057,1.);
#4057 = DIRECTION('',(1.,-0.));
#4058 = ( GEOMETRIC_REPRESENTATION_CONTEXT(2) 
PARAMETRIC_REPRESENTATION_CONTEXT() REPRESENTATION_CONTEXT('2D SPACE',''
  ) );
#4059 = PCURVE('',#3215,#4060);
#4060 = DEFINITIONAL_REPRESENTATION('',(#4061),#4065);
#4061 = LINE('',#4062,#4063);
#4062 = CARTESIAN_POINT('',(-1.55,0.839837562083));
#4063 = VECTOR('',#4064,1.);
#4064 = DIRECTION('',(1.,-0.));
#4065 = ( GEOMETRIC_REPRESENTATION_CONTEXT(2) 
PARAMETRIC_REPRESENTATION_CONTEXT() REPRESENTATION_CONTEXT('2D SPACE',''
  ) );
#4066 = ADVANCED_FACE('',(#4067),#2895,.F.);
#4067 = FACE_BOUND('',#4068,.T.);
#4068 = EDGE_LOOP('',(#4069,#4070,#4098,#4121,#4154,#4182,#4215,#4236));
#4069 = ORIENTED_EDGE('',*,*,#3995,.F.);
#4070 = ORIENTED_EDGE('',*,*,#4071,.F.);
#4071 = EDGE_CURVE('',#4072,#3996,#4074,.T.);
#4072 = VERTEX_POINT('',#4073);
#4073 = CARTESIAN_POINT('',(81.507088366918,43.50975722236,22.1));
#4074 = SURFACE_CURVE('',#4075,(#4080,#4087),.PCURVE_S1.);
#4075 = CIRCLE('',#4076,6.3);
#4076 = AXIS2_PLACEMENT_3D('',#4077,#4078,#4079);
#4077 = CARTESIAN_POINT('',(87.457418186167,41.44007728523,22.1));
#4078 = DIRECTION('',(-0.,0.,-1.));
#4079 = DIRECTION('',(-1.,-0.,0.));
#4080 = PCURVE('',#2895,#4081);
#4081 = DEFINITIONAL_REPRESENTATION('',(#4082),#4086);
#4082 = LINE('',#4083,#4084);
#4083 = CARTESIAN_POINT('',(-0.,18.6));
#4084 = VECTOR('',#4085,1.);
#4085 = DIRECTION('',(-1.,0.));
#4086 = ( GEOMETRIC_REPRESENTATION_CONTEXT(2) 
PARAMETRIC_REPRESENTATION_CONTEXT() REPRESENTATION_CONTEXT('2D SPACE',''
  ) );
#4087 = PCURVE('',#4034,#4088);
#4088 = DEFINITIONAL_REPRESENTATION('',(#4089),#4097);
#4089 = ( BOUNDED_CURVE() B_SPLINE_CURVE(2,(#4090,#4091,#4092,#4093,
#4094,#4095,#4096),.UNSPECIFIED.,.T.,.F.) B_SPLINE_CURVE_WITH_KNOTS((1,2
    ,2,2,2,1),(-2.094395102393,0.,2.094395102393,4.188790204786,
6.28318530718,8.377580409573),.UNSPECIFIED.) CURVE() 
GEOMETRIC_REPRESENTATION_ITEM() RATIONAL_B_SPLINE_CURVE((1.,0.5,1.,0.5,
1.,0.5,1.)) REPRESENTATION_ITEM('') );
#4090 = CARTESIAN_POINT('',(-13.45032981924,-6.86967993713));
#4091 = CARTESIAN_POINT('',(-17.03512062576,3.436593631601));
#4092 = CARTESIAN_POINT('',(-6.317230493633,1.387976752931));
#4093 = CARTESIAN_POINT('',(4.400659638498,-0.66064012574));
#4094 = CARTESIAN_POINT('',(-2.732439687118,-8.918296815801));
#4095 = CARTESIAN_POINT('',(-9.865539012734,-17.17595350586));
#4096 = CARTESIAN_POINT('',(-13.45032981924,-6.86967993713));
#4097 = ( GEOMETRIC_REPRESENTATION_CONTEXT(2) 
PARAMETRIC_REPRESENTATION_CONTEXT() REPRESENTATION_CONTEXT('2D SPACE',''
  ) );
#4098 = ORIENTED_EDGE('',*,*,#4099,.F.);
#4099 = EDGE_CURVE('',#4100,#4072,#4102,.T.);
#4100 = VERTEX_POINT('',#4101);
#4101 = CARTESIAN_POINT('',(81.507088366918,43.50975722236,16.9));
#4102 = SURFACE_CURVE('',#4103,(#4107,#4114),.PCURVE_S1.);
#4103 = LINE('',#4104,#4105);
#4104 = CARTESIAN_POINT('',(81.507088366918,43.50975722236,15.9));
#4105 = VECTOR('',#4106,1.);
#4106 = DIRECTION('',(-1.110223024625E-16,-0.,1.));
#4107 = PCURVE('',#2895,#4108);
#4108 = DEFINITIONAL_REPRESENTATION('',(#4109),#4113);
#4109 = LINE('',#4110,#4111);
#4110 = CARTESIAN_POINT('',(-0.334736837317,12.4));
#4111 = VECTOR('',#4112,1.);
#4112 = DIRECTION('',(-0.,1.));
#4113 = ( GEOMETRIC_REPRESENTATION_CONTEXT(2) 
PARAMETRIC_REPRESENTATION_CONTEXT() REPRESENTATION_CONTEXT('2D SPACE',''
  ) );
#4114 = PCURVE('',#3789,#4115);
#4115 = DEFINITIONAL_REPRESENTATION('',(#4116),#4120);
#4116 = LINE('',#4117,#4118);
#4117 = CARTESIAN_POINT('',(-12.4,-7.163320019206E-15));
#4118 = VECTOR('',#4119,1.);
#4119 = DIRECTION('',(-1.,0.));
#4120 = ( GEOMETRIC_REPRESENTATION_CONTEXT(2) 
PARAMETRIC_REPRESENTATION_CONTEXT() REPRESENTATION_CONTEXT('2D SPACE',''
  ) );
#4121 = ORIENTED_EDGE('',*,*,#4122,.T.);
#4122 = EDGE_CURVE('',#4100,#4123,#4125,.T.);
#4123 = VERTEX_POINT('',#4124);
#4124 = CARTESIAN_POINT('',(93.407748005416,39.3703973481,16.9));
#4125 = SURFACE_CURVE('',#4126,(#4131,#4138),.PCURVE_S1.);
#4126 = CIRCLE('',#4127,6.3);
#4127 = AXIS2_PLACEMENT_3D('',#4128,#4129,#4130);
#4128 = CARTESIAN_POINT('',(87.457418186167,41.44007728523,16.9));
#4129 = DIRECTION('',(-0.,0.,-1.));
#4130 = DIRECTION('',(-1.,-0.,0.));
#4131 = PCURVE('',#2895,#4132);
#4132 = DEFINITIONAL_REPRESENTATION('',(#4133),#4137);
#4133 = LINE('',#4134,#4135);
#4134 = CARTESIAN_POINT('',(-0.,13.4));
#4135 = VECTOR('',#4136,1.);
#4136 = DIRECTION('',(-1.,0.));
#4137 = ( GEOMETRIC_REPRESENTATION_CONTEXT(2) 
PARAMETRIC_REPRESENTATION_CONTEXT() REPRESENTATION_CONTEXT('2D SPACE',''
  ) );
#4138 = PCURVE('',#4139,#4144);
#4139 = PLANE('',#4140);
#4140 = AXIS2_PLACEMENT_3D('',#4141,#4142,#4143);
#4141 = CARTESIAN_POINT('',(96.118043161181,43.50975722236,16.9));
#4142 = DIRECTION('',(-1.110223024625E-16,-0.,1.));
#4143 = DIRECTION('',(0.944496796706,-0.328520624941,1.048602090388E-16)
  );
#4144 = DEFINITIONAL_REPRESENTATION('',(#4145),#4153);
#4145 = ( BOUNDED_CURVE() B_SPLINE_CURVE(2,(#4146,#4147,#4148,#4149,
#4150,#4151,#4152),.UNSPECIFIED.,.T.,.F.) B_SPLINE_CURVE_WITH_KNOTS((1,2
    ,2,2,2,1),(-2.094395102393,0.,2.094395102393,4.188790204786,
6.28318530718,8.377580409573),.UNSPECIFIED.) CURVE() 
GEOMETRIC_REPRESENTATION_ITEM() RATIONAL_B_SPLINE_CURVE((1.,0.5,1.,0.5,
1.,0.5,1.)) REPRESENTATION_ITEM('') );
#4146 = CARTESIAN_POINT('',(-13.45032981924,-6.86967993713));
#4147 = CARTESIAN_POINT('',(-17.03512062576,3.436593631601));
#4148 = CARTESIAN_POINT('',(-6.317230493633,1.387976752931));
#4149 = CARTESIAN_POINT('',(4.400659638498,-0.66064012574));
#4150 = CARTESIAN_POINT('',(-2.732439687118,-8.918296815801));
#4151 = CARTESIAN_POINT('',(-9.865539012734,-17.17595350586));
#4152 = CARTESIAN_POINT('',(-13.45032981924,-6.86967993713));
#4153 = ( GEOMETRIC_REPRESENTATION_CONTEXT(2) 
PARAMETRIC_REPRESENTATION_CONTEXT() REPRESENTATION_CONTEXT('2D SPACE',''
  ) );
#4154 = ORIENTED_EDGE('',*,*,#4155,.T.);
#4155 = EDGE_CURVE('',#4123,#4156,#4158,.T.);
#4156 = VERTEX_POINT('',#4157);
#4157 = CARTESIAN_POINT('',(93.407748005416,39.3703973481,22.1));
#4158 = SURFACE_CURVE('',#4159,(#4163,#4170),.PCURVE_S1.);
#4159 = LINE('',#4160,#4161);
#4160 = CARTESIAN_POINT('',(93.407748005416,39.3703973481,15.9));
#4161 = VECTOR('',#4162,1.);
#4162 = DIRECTION('',(-1.110223024625E-16,-0.,1.));
#4163 = PCURVE('',#2895,#4164);
#4164 = DEFINITIONAL_REPRESENTATION('',(#4165),#4169);
#4165 = LINE('',#4166,#4167);
#4166 = CARTESIAN_POINT('',(-3.476329490907,12.4));
#4167 = VECTOR('',#4168,1.);
#4168 = DIRECTION('',(-0.,1.));
#4169 = ( GEOMETRIC_REPRESENTATION_CONTEXT(2) 
PARAMETRIC_REPRESENTATION_CONTEXT() REPRESENTATION_CONTEXT('2D SPACE',''
  ) );
#4170 = PCURVE('',#4171,#4176);
#4171 = PLANE('',#4172);
#4172 = AXIS2_PLACEMENT_3D('',#4173,#4174,#4175);
#4173 = CARTESIAN_POINT('',(93.407748005416,39.3703973481,15.9));
#4174 = DIRECTION('',(-0.944496796706,0.328520624941,-1.048602090388E-16
    ));
#4175 = DIRECTION('',(1.110223024625E-16,0.,-1.));
#4176 = DEFINITIONAL_REPRESENTATION('',(#4177),#4181);
#4177 = LINE('',#4178,#4179);
#4178 = CARTESIAN_POINT('',(-0.,-0.));
#4179 = VECTOR('',#4180,1.);
#4180 = DIRECTION('',(-1.,0.));
#4181 = ( GEOMETRIC_REPRESENTATION_CONTEXT(2) 
PARAMETRIC_REPRESENTATION_CONTEXT() REPRESENTATION_CONTEXT('2D SPACE',''
  ) );
#4182 = ORIENTED_EDGE('',*,*,#4183,.F.);
#4183 = EDGE_CURVE('',#4184,#4156,#4186,.T.);
#4184 = VERTEX_POINT('',#4185);
#4185 = CARTESIAN_POINT('',(89.714318409964,47.321947853325,22.1));
#4186 = SURFACE_CURVE('',#4187,(#4192,#4199),.PCURVE_S1.);
#4187 = CIRCLE('',#4188,6.3);
#4188 = AXIS2_PLACEMENT_3D('',#4189,#4190,#4191);
#4189 = CARTESIAN_POINT('',(87.457418186167,41.44007728523,22.1));
#4190 = DIRECTION('',(-0.,0.,-1.));
#4191 = DIRECTION('',(-1.,-0.,0.));
#4192 = PCURVE('',#2895,#4193);
#4193 = DEFINITIONAL_REPRESENTATION('',(#4194),#4198);
#4194 = LINE('',#4195,#4196);
#4195 = CARTESIAN_POINT('',(-0.,18.6));
#4196 = VECTOR('',#4197,1.);
#4197 = DIRECTION('',(-1.,0.));
#4198 = ( GEOMETRIC_REPRESENTATION_CONTEXT(2) 
PARAMETRIC_REPRESENTATION_CONTEXT() REPRESENTATION_CONTEXT('2D SPACE',''
  ) );
#4199 = PCURVE('',#4200,#4205);
#4200 = PLANE('',#4201);
#4201 = AXIS2_PLACEMENT_3D('',#4202,#4203,#4204);
#4202 = CARTESIAN_POINT('',(96.118043161181,43.50975722236,22.1));
#4203 = DIRECTION('',(-1.110223024625E-16,-0.,1.));
#4204 = DIRECTION('',(0.944496796706,-0.328520624941,1.048602090388E-16)
  );
#4205 = DEFINITIONAL_REPRESENTATION('',(#4206),#4214);
#4206 = ( BOUNDED_CURVE() B_SPLINE_CURVE(2,(#4207,#4208,#4209,#4210,
#4211,#4212,#4213),.UNSPECIFIED.,.T.,.F.) B_SPLINE_CURVE_WITH_KNOTS((1,2
    ,2,2,2,1),(-2.094395102393,0.,2.094395102393,4.188790204786,
6.28318530718,8.377580409573),.UNSPECIFIED.) CURVE() 
GEOMETRIC_REPRESENTATION_ITEM() RATIONAL_B_SPLINE_CURVE((1.,0.5,1.,0.5,
1.,0.5,1.)) REPRESENTATION_ITEM('') );
#4207 = CARTESIAN_POINT('',(-13.45032981924,-6.86967993713));
#4208 = CARTESIAN_POINT('',(-17.03512062576,3.436593631601));
#4209 = CARTESIAN_POINT('',(-6.317230493633,1.387976752931));
#4210 = CARTESIAN_POINT('',(4.400659638498,-0.66064012574));
#4211 = CARTESIAN_POINT('',(-2.732439687118,-8.918296815801));
#4212 = CARTESIAN_POINT('',(-9.865539012734,-17.17595350586));
#4213 = CARTESIAN_POINT('',(-13.45032981924,-6.86967993713));
#4214 = ( GEOMETRIC_REPRESENTATION_CONTEXT(2) 
PARAMETRIC_REPRESENTATION_CONTEXT() REPRESENTATION_CONTEXT('2D SPACE',''
  ) );
#4215 = ORIENTED_EDGE('',*,*,#4216,.T.);
#4216 = EDGE_CURVE('',#4184,#2847,#4217,.T.);
#4217 = SURFACE_CURVE('',#4218,(#4222,#4229),.PCURVE_S1.);
#4218 = LINE('',#4219,#4220);
#4219 = CARTESIAN_POINT('',(89.714318409964,47.321947853325,3.5));
#4220 = VECTOR('',#4221,1.);
#4221 = DIRECTION('',(0.,0.,1.));
#4222 = PCURVE('',#2895,#4223);
#4223 = DEFINITIONAL_REPRESENTATION('',(#4224),#4228);
#4224 = LINE('',#4225,#4226);
#4225 = CARTESIAN_POINT('',(-1.937176418684,-1.935229505759E-16));
#4226 = VECTOR('',#4227,1.);
#4227 = DIRECTION('',(-0.,1.));
#4228 = ( GEOMETRIC_REPRESENTATION_CONTEXT(2) 
PARAMETRIC_REPRESENTATION_CONTEXT() REPRESENTATION_CONTEXT('2D SPACE',''
  ) );
#4229 = PCURVE('',#2862,#4230);
#4230 = DEFINITIONAL_REPRESENTATION('',(#4231),#4235);
#4231 = LINE('',#4232,#4233);
#4232 = CARTESIAN_POINT('',(-3.964664323096,-16.5));
#4233 = VECTOR('',#4234,1.);
#4234 = DIRECTION('',(7.289292881217E-17,1.));
#4235 = ( GEOMETRIC_REPRESENTATION_CONTEXT(2) 
PARAMETRIC_REPRESENTATION_CONTEXT() REPRESENTATION_CONTEXT('2D SPACE',''
  ) );
#4236 = ORIENTED_EDGE('',*,*,#2874,.F.);
#4237 = ADVANCED_FACE('',(#4238),#2862,.T.);
#4238 = FACE_BOUND('',#4239,.F.);
#4239 = EDGE_LOOP('',(#4240,#4263,#4284,#4285));
#4240 = ORIENTED_EDGE('',*,*,#4241,.F.);
#4241 = EDGE_CURVE('',#4242,#2819,#4244,.T.);
#4242 = VERTEX_POINT('',#4243);
#4243 = CARTESIAN_POINT('',(92.317362914154,50.312386366994,22.1));
#4244 = SURFACE_CURVE('',#4245,(#4249,#4256),.PCURVE_S1.);
#4245 = LINE('',#4246,#4247);
#4246 = CARTESIAN_POINT('',(92.317362914154,50.312386366994,20.));
#4247 = VECTOR('',#4248,1.);
#4248 = DIRECTION('',(-1.110223024625E-16,-0.,1.));
#4249 = PCURVE('',#2862,#4250);
#4250 = DEFINITIONAL_REPRESENTATION('',(#4251),#4255);
#4251 = LINE('',#4252,#4253);
#4252 = CARTESIAN_POINT('',(0.,-0.));
#4253 = VECTOR('',#4254,1.);
#4254 = DIRECTION('',(-0.,1.));
#4255 = ( GEOMETRIC_REPRESENTATION_CONTEXT(2) 
PARAMETRIC_REPRESENTATION_CONTEXT() REPRESENTATION_CONTEXT('2D SPACE',''
  ) );
#4256 = PCURVE('',#2834,#4257);
#4257 = DEFINITIONAL_REPRESENTATION('',(#4258),#4262);
#4258 = LINE('',#4259,#4260);
#4259 = CARTESIAN_POINT('',(-5.399809731485E-15,105.21768302875));
#4260 = VECTOR('',#4261,1.);
#4261 = DIRECTION('',(-1.,0.));
#4262 = ( GEOMETRIC_REPRESENTATION_CONTEXT(2) 
PARAMETRIC_REPRESENTATION_CONTEXT() REPRESENTATION_CONTEXT('2D SPACE',''
  ) );
#4263 = ORIENTED_EDGE('',*,*,#4264,.T.);
#4264 = EDGE_CURVE('',#4242,#4184,#4265,.T.);
#4265 = SURFACE_CURVE('',#4266,(#4270,#4277),.PCURVE_S1.);
#4266 = LINE('',#4267,#4268);
#4267 = CARTESIAN_POINT('',(91.452127187569,49.318383292511,22.1));
#4268 = VECTOR('',#4269,1.);
#4269 = DIRECTION('',(-0.656561134073,-0.754272813526,
    -7.289292881217E-17));
#4270 = PCURVE('',#2862,#4271);
#4271 = DEFINITIONAL_REPRESENTATION('',(#4272),#4276);
#4272 = LINE('',#4273,#4274);
#4273 = CARTESIAN_POINT('',(-1.317829645532,2.1));
#4274 = VECTOR('',#4275,1.);
#4275 = DIRECTION('',(-1.,0.));
#4276 = ( GEOMETRIC_REPRESENTATION_CONTEXT(2) 
PARAMETRIC_REPRESENTATION_CONTEXT() REPRESENTATION_CONTEXT('2D SPACE',''
  ) );
#4277 = PCURVE('',#4200,#4278);
#4278 = DEFINITIONAL_REPRESENTATION('',(#4279),#4283);
#4279 = LINE('',#4280,#4281);
#4280 = CARTESIAN_POINT('',(-6.315196157393,3.953379084947));
#4281 = VECTOR('',#4282,1.);
#4282 = DIRECTION('',(-0.372325711898,-0.928102130296));
#4283 = ( GEOMETRIC_REPRESENTATION_CONTEXT(2) 
PARAMETRIC_REPRESENTATION_CONTEXT() REPRESENTATION_CONTEXT('2D SPACE',''
  ) );
#4284 = ORIENTED_EDGE('',*,*,#4216,.T.);
#4285 = ORIENTED_EDGE('',*,*,#2846,.F.);
#4286 = ADVANCED_FACE('',(#4287),#2834,.F.);
#4287 = FACE_BOUND('',#4288,.T.);
#4288 = EDGE_LOOP('',(#4289,#4290,#4311,#4312,#4313,#4336));
#4289 = ORIENTED_EDGE('',*,*,#3143,.F.);
#4290 = ORIENTED_EDGE('',*,*,#4291,.F.);
#4291 = EDGE_CURVE('',#2791,#3121,#4292,.T.);
#4292 = SURFACE_CURVE('',#4293,(#4297,#4304),.PCURVE_S1.);
#4293 = LINE('',#4294,#4295);
#4294 = CARTESIAN_POINT('',(14.342291635575,118.18623825451,20.));
#4295 = VECTOR('',#4296,1.);
#4296 = DIRECTION('',(1.110223024625E-16,0.,-1.));
#4297 = PCURVE('',#2834,#4298);
#4298 = DEFINITIONAL_REPRESENTATION('',(#4299),#4303);
#4299 = LINE('',#4300,#4301);
#4300 = CARTESIAN_POINT('',(-6.95135432191E-15,1.83987346138));
#4301 = VECTOR('',#4302,1.);
#4302 = DIRECTION('',(1.,-0.));
#4303 = ( GEOMETRIC_REPRESENTATION_CONTEXT(2) 
PARAMETRIC_REPRESENTATION_CONTEXT() REPRESENTATION_CONTEXT('2D SPACE',''
  ) );
#4304 = PCURVE('',#2806,#4305);
#4305 = DEFINITIONAL_REPRESENTATION('',(#4306),#4310);
#4306 = LINE('',#4307,#4308);
#4307 = CARTESIAN_POINT('',(-1.597832378084E-17,1.83987346138));
#4308 = VECTOR('',#4309,1.);
#4309 = DIRECTION('',(1.,-0.));
#4310 = ( GEOMETRIC_REPRESENTATION_CONTEXT(2) 
PARAMETRIC_REPRESENTATION_CONTEXT() REPRESENTATION_CONTEXT('2D SPACE',''
  ) );
#4311 = ORIENTED_EDGE('',*,*,#2818,.T.);
#4312 = ORIENTED_EDGE('',*,*,#4241,.F.);
#4313 = ORIENTED_EDGE('',*,*,#4314,.T.);
#4314 = EDGE_CURVE('',#4242,#4315,#4317,.T.);
#4315 = VERTEX_POINT('',#4316);
#4316 = CARTESIAN_POINT('',(88.694465905932,53.4659580266,22.1));
#4317 = SURFACE_CURVE('',#4318,(#4322,#4329),.PCURVE_S1.);
#4318 = LINE('',#4319,#4320);
#4319 = CARTESIAN_POINT('',(55.40151985884,82.445995516098,22.1));
#4320 = VECTOR('',#4321,1.);
#4321 = DIRECTION('',(-0.754272813526,0.656561134073,-8.374110444258E-17
    ));
#4322 = PCURVE('',#2834,#4323);
#4323 = DEFINITIONAL_REPRESENTATION('',(#4324),#4328);
#4324 = LINE('',#4325,#4326);
#4325 = CARTESIAN_POINT('',(-2.1,56.275387358936));
#4326 = VECTOR('',#4327,1.);
#4327 = DIRECTION('',(-0.,-1.));
#4328 = ( GEOMETRIC_REPRESENTATION_CONTEXT(2) 
PARAMETRIC_REPRESENTATION_CONTEXT() REPRESENTATION_CONTEXT('2D SPACE',''
  ) );
#4329 = PCURVE('',#4200,#4330);
#4330 = DEFINITIONAL_REPRESENTATION('',(#4331),#4335);
#4331 = LINE('',#4332,#4333);
#4332 = CARTESIAN_POINT('',(-51.24798316919,23.398934663502));
#4333 = VECTOR('',#4334,1.);
#4334 = DIRECTION('',(-0.928102130296,0.372325711898));
#4335 = ( GEOMETRIC_REPRESENTATION_CONTEXT(2) 
PARAMETRIC_REPRESENTATION_CONTEXT() REPRESENTATION_CONTEXT('2D SPACE',''
  ) );
#4336 = ORIENTED_EDGE('',*,*,#4337,.F.);
#4337 = EDGE_CURVE('',#3144,#4315,#4338,.T.);
#4338 = SURFACE_CURVE('',#4339,(#4343,#4350),.PCURVE_S1.);
#4339 = LINE('',#4340,#4341);
#4340 = CARTESIAN_POINT('',(88.694465905932,53.4659580266,16.9));
#4341 = VECTOR('',#4342,1.);
#4342 = DIRECTION('',(0.,0.,1.));
#4343 = PCURVE('',#2834,#4344);
#4344 = DEFINITIONAL_REPRESENTATION('',(#4345),#4349);
#4345 = LINE('',#4346,#4347);
#4346 = CARTESIAN_POINT('',(3.1,100.41451772403));
#4347 = VECTOR('',#4348,1.);
#4348 = DIRECTION('',(-1.,8.374110444258E-17));
#4349 = ( GEOMETRIC_REPRESENTATION_CONTEXT(2) 
PARAMETRIC_REPRESENTATION_CONTEXT() REPRESENTATION_CONTEXT('2D SPACE',''
  ) );
#4350 = PCURVE('',#3187,#4351);
#4351 = DEFINITIONAL_REPRESENTATION('',(#4352),#4356);
#4352 = LINE('',#4353,#4354);
#4353 = CARTESIAN_POINT('',(-1.525467301316,-3.773107159527E-17));
#4354 = VECTOR('',#4355,1.);
#4355 = DIRECTION('',(-0.,1.));
#4356 = ( GEOMETRIC_REPRESENTATION_CONTEXT(2) 
PARAMETRIC_REPRESENTATION_CONTEXT() REPRESENTATION_CONTEXT('2D SPACE',''
  ) );
#4357 = ADVANCED_FACE('',(#4358),#2806,.T.);
#4358 = FACE_BOUND('',#4359,.F.);
#4359 = EDGE_LOOP('',(#4360,#4361,#4362,#4363,#4386,#4414));
#4360 = ORIENTED_EDGE('',*,*,#3120,.F.);
#4361 = ORIENTED_EDGE('',*,*,#4291,.F.);
#4362 = ORIENTED_EDGE('',*,*,#2790,.T.);
#4363 = ORIENTED_EDGE('',*,*,#4364,.F.);
#4364 = EDGE_CURVE('',#4365,#2763,#4367,.T.);
#4365 = VERTEX_POINT('',#4366);
#4366 = CARTESIAN_POINT('',(13.527396621454,128.57194048236,22.));
#4367 = SURFACE_CURVE('',#4368,(#4372,#4379),.PCURVE_S1.);
#4368 = LINE('',#4369,#4370);
#4369 = CARTESIAN_POINT('',(13.527396621454,128.57194048236,20.));
#4370 = VECTOR('',#4371,1.);
#4371 = DIRECTION('',(-1.110223024625E-16,-0.,1.));
#4372 = PCURVE('',#2806,#4373);
#4373 = DEFINITIONAL_REPRESENTATION('',(#4374),#4378);
#4374 = LINE('',#4375,#4376);
#4375 = CARTESIAN_POINT('',(-1.064498445138E-16,12.257496254011));
#4376 = VECTOR('',#4377,1.);
#4377 = DIRECTION('',(-1.,0.));
#4378 = ( GEOMETRIC_REPRESENTATION_CONTEXT(2) 
PARAMETRIC_REPRESENTATION_CONTEXT() REPRESENTATION_CONTEXT('2D SPACE',''
  ) );
#4379 = PCURVE('',#2778,#4380);
#4380 = DEFINITIONAL_REPRESENTATION('',(#4381),#4385);
#4381 = LINE('',#4382,#4383);
#4382 = CARTESIAN_POINT('',(-9.,-9.961390782522E-16));
#4383 = VECTOR('',#4384,1.);
#4384 = DIRECTION('',(-0.,1.));
#4385 = ( GEOMETRIC_REPRESENTATION_CONTEXT(2) 
PARAMETRIC_REPRESENTATION_CONTEXT() REPRESENTATION_CONTEXT('2D SPACE',''
  ) );
#4386 = ORIENTED_EDGE('',*,*,#4387,.T.);
#4387 = EDGE_CURVE('',#4365,#4388,#4390,.T.);
#4388 = VERTEX_POINT('',#4389);
#4389 = CARTESIAN_POINT('',(14.,122.54868855861,22.));
#4390 = SURFACE_CURVE('',#4391,(#4395,#4402),.PCURVE_S1.);
#4391 = LINE('',#4392,#4393);
#4392 = CARTESIAN_POINT('',(14.824897755661,112.0355030436,22.));
#4393 = VECTOR('',#4394,1.);
#4394 = DIRECTION('',(7.822274143943E-02,-0.996935907028,
    8.684468859536E-18));
#4395 = PCURVE('',#2806,#4396);
#4396 = DEFINITIONAL_REPRESENTATION('',(#4397),#4401);
#4397 = LINE('',#4398,#4399);
#4398 = CARTESIAN_POINT('',(-2.,-4.329766098747));
#4399 = VECTOR('',#4400,1.);
#4400 = DIRECTION('',(-0.,-1.));
#4401 = ( GEOMETRIC_REPRESENTATION_CONTEXT(2) 
PARAMETRIC_REPRESENTATION_CONTEXT() REPRESENTATION_CONTEXT('2D SPACE',''
  ) );
#4402 = PCURVE('',#4403,#4408);
#4403 = PLANE('',#4404);
#4404 = AXIS2_PLACEMENT_3D('',#4405,#4406,#4407);
#4405 = CARTESIAN_POINT('',(6.,107.,22.));
#4406 = DIRECTION('',(-1.110223024625E-16,-0.,1.));
#4407 = DIRECTION('',(-1.,-0.,-1.110223024625E-16));
#4408 = DEFINITIONAL_REPRESENTATION('',(#4409),#4413);
#4409 = LINE('',#4410,#4411);
#4410 = CARTESIAN_POINT('',(-8.824897755661,-5.035503043604));
#4411 = VECTOR('',#4412,1.);
#4412 = DIRECTION('',(-7.822274143943E-02,0.996935907028));
#4413 = ( GEOMETRIC_REPRESENTATION_CONTEXT(2) 
PARAMETRIC_REPRESENTATION_CONTEXT() REPRESENTATION_CONTEXT('2D SPACE',''
  ) );
#4414 = ORIENTED_EDGE('',*,*,#4415,.T.);
#4415 = EDGE_CURVE('',#4388,#3093,#4416,.T.);
#4416 = SURFACE_CURVE('',#4417,(#4421,#4428),.PCURVE_S1.);
#4417 = LINE('',#4418,#4419);
#4418 = CARTESIAN_POINT('',(14.,122.54868855861,6.5));
#4419 = VECTOR('',#4420,1.);
#4420 = DIRECTION('',(1.110223024625E-16,0.,-1.));
#4421 = PCURVE('',#2806,#4422);
#4422 = DEFINITIONAL_REPRESENTATION('',(#4423),#4427);
#4423 = LINE('',#4424,#4425);
#4424 = CARTESIAN_POINT('',(13.5,6.215731802271));
#4425 = VECTOR('',#4426,1.);
#4426 = DIRECTION('',(1.,-0.));
#4427 = ( GEOMETRIC_REPRESENTATION_CONTEXT(2) 
PARAMETRIC_REPRESENTATION_CONTEXT() REPRESENTATION_CONTEXT('2D SPACE',''
  ) );
#4428 = PCURVE('',#3108,#4429);
#4429 = DEFINITIONAL_REPRESENTATION('',(#4430),#4434);
#4430 = LINE('',#4431,#4432);
#4431 = CARTESIAN_POINT('',(-13.5,15.548688558617));
#4432 = VECTOR('',#4433,1.);
#4433 = DIRECTION('',(1.,-0.));
#4434 = ( GEOMETRIC_REPRESENTATION_CONTEXT(2) 
PARAMETRIC_REPRESENTATION_CONTEXT() REPRESENTATION_CONTEXT('2D SPACE',''
  ) );
#4435 = ADVANCED_FACE('',(#4436),#2778,.T.);
#4436 = FACE_BOUND('',#4437,.F.);
#4437 = EDGE_LOOP('',(#4438,#4461,#4482,#4483));
#4438 = ORIENTED_EDGE('',*,*,#4439,.F.);
#4439 = EDGE_CURVE('',#4440,#2735,#4442,.T.);
#4440 = VERTEX_POINT('',#4441);
#4441 = CARTESIAN_POINT('',(6.,127.98131715795,22.));
#4442 = SURFACE_CURVE('',#4443,(#4447,#4454),.PCURVE_S1.);
#4443 = LINE('',#4444,#4445);
#4444 = CARTESIAN_POINT('',(6.,127.98131715795,-10.));
#4445 = VECTOR('',#4446,1.);
#4446 = DIRECTION('',(-1.110223024625E-16,-0.,1.));
#4447 = PCURVE('',#2778,#4448);
#4448 = DEFINITIONAL_REPRESENTATION('',(#4449),#4453);
#4449 = LINE('',#4450,#4451);
#4450 = CARTESIAN_POINT('',(-1.449467846038,-30.));
#4451 = VECTOR('',#4452,1.);
#4452 = DIRECTION('',(-0.,1.));
#4453 = ( GEOMETRIC_REPRESENTATION_CONTEXT(2) 
PARAMETRIC_REPRESENTATION_CONTEXT() REPRESENTATION_CONTEXT('2D SPACE',''
  ) );
#4454 = PCURVE('',#2750,#4455);
#4455 = DEFINITIONAL_REPRESENTATION('',(#4456),#4460);
#4456 = LINE('',#4457,#4458);
#4457 = CARTESIAN_POINT('',(-30.,312.98131715795));
#4458 = VECTOR('',#4459,1.);
#4459 = DIRECTION('',(-1.,0.));
#4460 = ( GEOMETRIC_REPRESENTATION_CONTEXT(2) 
PARAMETRIC_REPRESENTATION_CONTEXT() REPRESENTATION_CONTEXT('2D SPACE',''
  ) );
#4461 = ORIENTED_EDGE('',*,*,#4462,.T.);
#4462 = EDGE_CURVE('',#4440,#4365,#4463,.T.);
#4463 = SURFACE_CURVE('',#4464,(#4468,#4475),.PCURVE_S1.);
#4464 = LINE('',#4465,#4466);
#4465 = CARTESIAN_POINT('',(4.459393074979,127.86043627051,22.));
#4466 = VECTOR('',#4467,1.);
#4467 = DIRECTION('',(0.996935907028,7.822274143943E-02,
    1.106821198058E-16));
#4468 = PCURVE('',#2778,#4469);
#4469 = DEFINITIONAL_REPRESENTATION('',(#4470),#4474);
#4470 = LINE('',#4471,#4472);
#4471 = CARTESIAN_POINT('',(9.587415053341E-02,2.));
#4472 = VECTOR('',#4473,1.);
#4473 = DIRECTION('',(-1.,0.));
#4474 = ( GEOMETRIC_REPRESENTATION_CONTEXT(2) 
PARAMETRIC_REPRESENTATION_CONTEXT() REPRESENTATION_CONTEXT('2D SPACE',''
  ) );
#4475 = PCURVE('',#4403,#4476);
#4476 = DEFINITIONAL_REPRESENTATION('',(#4477),#4481);
#4477 = LINE('',#4478,#4479);
#4478 = CARTESIAN_POINT('',(1.540606925021,-20.86043627051));
#4479 = VECTOR('',#4480,1.);
#4480 = DIRECTION('',(-0.996935907028,-7.822274143943E-02));
#4481 = ( GEOMETRIC_REPRESENTATION_CONTEXT(2) 
PARAMETRIC_REPRESENTATION_CONTEXT() REPRESENTATION_CONTEXT('2D SPACE',''
  ) );
#4482 = ORIENTED_EDGE('',*,*,#4364,.T.);
#4483 = ORIENTED_EDGE('',*,*,#2762,.F.);
#4484 = ADVANCED_FACE('',(#4485,#4703),#2750,.F.);
#4485 = FACE_BOUND('',#4486,.T.);
#4486 = EDGE_LOOP('',(#4487,#4517,#4545,#4566,#4567,#4568,#4569,#4570,
    #4593,#4621,#4649,#4677));
#4487 = ORIENTED_EDGE('',*,*,#4488,.T.);
#4488 = EDGE_CURVE('',#4489,#4491,#4493,.T.);
#4489 = VERTEX_POINT('',#4490);
#4490 = CARTESIAN_POINT('',(6.,120.26396242903,-10.));
#4491 = VERTEX_POINT('',#4492);
#4492 = CARTESIAN_POINT('',(6.,120.26396242903,-7.));
#4493 = SURFACE_CURVE('',#4494,(#4498,#4505),.PCURVE_S1.);
#4494 = LINE('',#4495,#4496);
#4495 = CARTESIAN_POINT('',(6.,120.26396242903,-10.));
#4496 = VECTOR('',#4497,1.);
#4497 = DIRECTION('',(0.,0.,1.));
#4498 = PCURVE('',#2750,#4499);
#4499 = DEFINITIONAL_REPRESENTATION('',(#4500),#4504);
#4500 = LINE('',#4501,#4502);
#4501 = CARTESIAN_POINT('',(-30.,305.26396242903));
#4502 = VECTOR('',#4503,1.);
#4503 = DIRECTION('',(-1.,0.));
#4504 = ( GEOMETRIC_REPRESENTATION_CONTEXT(2) 
PARAMETRIC_REPRESENTATION_CONTEXT() REPRESENTATION_CONTEXT('2D SPACE',''
  ) );
#4505 = PCURVE('',#4506,#4511);
#4506 = CYLINDRICAL_SURFACE('',#4507,6.);
#4507 = AXIS2_PLACEMENT_3D('',#4508,#4509,#4510);
#4508 = CARTESIAN_POINT('',(5.561096296433,126.24788785796,-10.));
#4509 = DIRECTION('',(0.,0.,1.));
#4510 = DIRECTION('',(-1.,-0.,0.));
#4511 = DEFINITIONAL_REPRESENTATION('',(#4512),#4516);
#4512 = LINE('',#4513,#4514);
#4513 = CARTESIAN_POINT('',(-4.639172967215,4.872809972931E-17));
#4514 = VECTOR('',#4515,1.);
#4515 = DIRECTION('',(-0.,1.));
#4516 = ( GEOMETRIC_REPRESENTATION_CONTEXT(2) 
PARAMETRIC_REPRESENTATION_CONTEXT() REPRESENTATION_CONTEXT('2D SPACE',''
  ) );
#4517 = ORIENTED_EDGE('',*,*,#4518,.F.);
#4518 = EDGE_CURVE('',#4519,#4491,#4521,.T.);
#4519 = VERTEX_POINT('',#4520);
#4520 = CARTESIAN_POINT('',(6.,107.,-7.));
#4521 = SURFACE_CURVE('',#4522,(#4526,#4533),.PCURVE_S1.);
#4522 = LINE('',#4523,#4524);
#4523 = CARTESIAN_POINT('',(6.,107.,-7.));
#4524 = VECTOR('',#4525,1.);
#4525 = DIRECTION('',(0.,1.,0.));
#4526 = PCURVE('',#2750,#4527);
#4527 = DEFINITIONAL_REPRESENTATION('',(#4528),#4532);
#4528 = LINE('',#4529,#4530);
#4529 = CARTESIAN_POINT('',(-33.,292.));
#4530 = VECTOR('',#4531,1.);
#4531 = DIRECTION('',(-0.,1.));
#4532 = ( GEOMETRIC_REPRESENTATION_CONTEXT(2) 
PARAMETRIC_REPRESENTATION_CONTEXT() REPRESENTATION_CONTEXT('2D SPACE',''
  ) );
#4533 = PCURVE('',#4534,#4539);
#4534 = PLANE('',#4535);
#4535 = AXIS2_PLACEMENT_3D('',#4536,#4537,#4538);
#4536 = CARTESIAN_POINT('',(6.,107.,-7.));
#4537 = DIRECTION('',(-1.110223024625E-16,-0.,1.));
#4538 = DIRECTION('',(-1.,0.,-1.110223024625E-16));
#4539 = DEFINITIONAL_REPRESENTATION('',(#4540),#4544);
#4540 = LINE('',#4541,#4542);
#4541 = CARTESIAN_POINT('',(-0.,0.));
#4542 = VECTOR('',#4543,1.);
#4543 = DIRECTION('',(-0.,-1.));
#4544 = ( GEOMETRIC_REPRESENTATION_CONTEXT(2) 
PARAMETRIC_REPRESENTATION_CONTEXT() REPRESENTATION_CONTEXT('2D SPACE',''
  ) );
#4545 = ORIENTED_EDGE('',*,*,#4546,.T.);
#4546 = EDGE_CURVE('',#4519,#3040,#4547,.T.);
#4547 = SURFACE_CURVE('',#4548,(#4552,#4559),.PCURVE_S1.);
#4548 = LINE('',#4549,#4550);
#4549 = CARTESIAN_POINT('',(6.,107.,-7.));
#4550 = VECTOR('',#4551,1.);
#4551 = DIRECTION('',(-1.110223024625E-16,-0.,1.));
#4552 = PCURVE('',#2750,#4553);
#4553 = DEFINITIONAL_REPRESENTATION('',(#4554),#4558);
#4554 = LINE('',#4555,#4556);
#4555 = CARTESIAN_POINT('',(-33.,292.));
#4556 = VECTOR('',#4557,1.);
#4557 = DIRECTION('',(-1.,0.));
#4558 = ( GEOMETRIC_REPRESENTATION_CONTEXT(2) 
PARAMETRIC_REPRESENTATION_CONTEXT() REPRESENTATION_CONTEXT('2D SPACE',''
  ) );
#4559 = PCURVE('',#3080,#4560);
#4560 = DEFINITIONAL_REPRESENTATION('',(#4561),#4565);
#4561 = LINE('',#4562,#4563);
#4562 = CARTESIAN_POINT('',(-0.,0.));
#4563 = VECTOR('',#4564,1.);
#4564 = DIRECTION('',(-0.,1.));
#4565 = ( GEOMETRIC_REPRESENTATION_CONTEXT(2) 
PARAMETRIC_REPRESENTATION_CONTEXT() REPRESENTATION_CONTEXT('2D SPACE',''
  ) );
#4566 = ORIENTED_EDGE('',*,*,#3039,.T.);
#4567 = ORIENTED_EDGE('',*,*,#3276,.F.);
#4568 = ORIENTED_EDGE('',*,*,#2734,.F.);
#4569 = ORIENTED_EDGE('',*,*,#4439,.F.);
#4570 = ORIENTED_EDGE('',*,*,#4571,.F.);
#4571 = EDGE_CURVE('',#4572,#4440,#4574,.T.);
#4572 = VERTEX_POINT('',#4573);
#4573 = CARTESIAN_POINT('',(6.,133.21993814588,22.));
#4574 = SURFACE_CURVE('',#4575,(#4579,#4586),.PCURVE_S1.);
#4575 = LINE('',#4576,#4577);
#4576 = CARTESIAN_POINT('',(6.,-39.,22.));
#4577 = VECTOR('',#4578,1.);
#4578 = DIRECTION('',(-0.,-1.,0.));
#4579 = PCURVE('',#2750,#4580);
#4580 = DEFINITIONAL_REPRESENTATION('',(#4581),#4585);
#4581 = LINE('',#4582,#4583);
#4582 = CARTESIAN_POINT('',(-62.,146.));
#4583 = VECTOR('',#4584,1.);
#4584 = DIRECTION('',(-0.,-1.));
#4585 = ( GEOMETRIC_REPRESENTATION_CONTEXT(2) 
PARAMETRIC_REPRESENTATION_CONTEXT() REPRESENTATION_CONTEXT('2D SPACE',''
  ) );
#4586 = PCURVE('',#4403,#4587);
#4587 = DEFINITIONAL_REPRESENTATION('',(#4588),#4592);
#4588 = LINE('',#4589,#4590);
#4589 = CARTESIAN_POINT('',(-0.,146.));
#4590 = VECTOR('',#4591,1.);
#4591 = DIRECTION('',(-0.,1.));
#4592 = ( GEOMETRIC_REPRESENTATION_CONTEXT(2) 
PARAMETRIC_REPRESENTATION_CONTEXT() REPRESENTATION_CONTEXT('2D SPACE',''
  ) );
#4593 = ORIENTED_EDGE('',*,*,#4594,.F.);
#4594 = EDGE_CURVE('',#4595,#4572,#4597,.T.);
#4595 = VERTEX_POINT('',#4596);
#4596 = CARTESIAN_POINT('',(6.,133.21993814588,6.));
#4597 = SURFACE_CURVE('',#4598,(#4602,#4609),.PCURVE_S1.);
#4598 = LINE('',#4599,#4600);
#4599 = CARTESIAN_POINT('',(6.,133.21993814588,-21.));
#4600 = VECTOR('',#4601,1.);
#4601 = DIRECTION('',(-1.110223024625E-16,-0.,1.));
#4602 = PCURVE('',#2750,#4603);
#4603 = DEFINITIONAL_REPRESENTATION('',(#4604),#4608);
#4604 = LINE('',#4605,#4606);
#4605 = CARTESIAN_POINT('',(-19.,318.21993814588));
#4606 = VECTOR('',#4607,1.);
#4607 = DIRECTION('',(-1.,0.));
#4608 = ( GEOMETRIC_REPRESENTATION_CONTEXT(2) 
PARAMETRIC_REPRESENTATION_CONTEXT() REPRESENTATION_CONTEXT('2D SPACE',''
  ) );
#4609 = PCURVE('',#4610,#4615);
#4610 = PLANE('',#4611);
#4611 = AXIS2_PLACEMENT_3D('',#4612,#4613,#4614);
#4612 = CARTESIAN_POINT('',(4.041185039828,133.21993814588,-2.));
#4613 = DIRECTION('',(0.,1.,0.));
#4614 = DIRECTION('',(-1.,0.,-1.110223024625E-16));
#4615 = DEFINITIONAL_REPRESENTATION('',(#4616),#4620);
#4616 = LINE('',#4617,#4618);
#4617 = CARTESIAN_POINT('',(-1.958814960172,-19.));
#4618 = VECTOR('',#4619,1.);
#4619 = DIRECTION('',(-0.,1.));
#4620 = ( GEOMETRIC_REPRESENTATION_CONTEXT(2) 
PARAMETRIC_REPRESENTATION_CONTEXT() REPRESENTATION_CONTEXT('2D SPACE',''
  ) );
#4621 = ORIENTED_EDGE('',*,*,#4622,.F.);
#4622 = EDGE_CURVE('',#4623,#4595,#4625,.T.);
#4623 = VERTEX_POINT('',#4624);
#4624 = CARTESIAN_POINT('',(6.,133.39297581647,6.));
#4625 = SURFACE_CURVE('',#4626,(#4630,#4637),.PCURVE_S1.);
#4626 = LINE('',#4627,#4628);
#4627 = CARTESIAN_POINT('',(6.,-26.76598951347,6.));
#4628 = VECTOR('',#4629,1.);
#4629 = DIRECTION('',(-0.,-1.,0.));
#4630 = PCURVE('',#2750,#4631);
#4631 = DEFINITIONAL_REPRESENTATION('',(#4632),#4636);
#4632 = LINE('',#4633,#4634);
#4633 = CARTESIAN_POINT('',(-46.,158.23401048652));
#4634 = VECTOR('',#4635,1.);
#4635 = DIRECTION('',(-0.,-1.));
#4636 = ( GEOMETRIC_REPRESENTATION_CONTEXT(2) 
PARAMETRIC_REPRESENTATION_CONTEXT() REPRESENTATION_CONTEXT('2D SPACE',''
  ) );
#4637 = PCURVE('',#4638,#4643);
#4638 = PLANE('',#4639);
#4639 = AXIS2_PLACEMENT_3D('',#4640,#4641,#4642);
#4640 = CARTESIAN_POINT('',(2.603020864548,131.46802097305,6.));
#4641 = DIRECTION('',(-1.110223024625E-16,-0.,1.));
#4642 = DIRECTION('',(-0.493012571981,0.870022185849,-5.473539088428E-17
    ));
#4643 = DEFINITIONAL_REPRESENTATION('',(#4644),#4648);
#4644 = LINE('',#4645,#4646);
#4645 = CARTESIAN_POINT('',(-139.3418530996,75.055909272104));
#4646 = VECTOR('',#4647,1.);
#4647 = DIRECTION('',(-0.870022185849,0.493012571981));
#4648 = ( GEOMETRIC_REPRESENTATION_CONTEXT(2) 
PARAMETRIC_REPRESENTATION_CONTEXT() REPRESENTATION_CONTEXT('2D SPACE',''
  ) );
#4649 = ORIENTED_EDGE('',*,*,#4650,.T.);
#4650 = EDGE_CURVE('',#4623,#4651,#4653,.T.);
#4651 = VERTEX_POINT('',#4652);
#4652 = CARTESIAN_POINT('',(6.,133.39297581647,-10.));
#4653 = SURFACE_CURVE('',#4654,(#4658,#4665),.PCURVE_S1.);
#4654 = LINE('',#4655,#4656);
#4655 = CARTESIAN_POINT('',(6.,133.39297581647,-25.));
#4656 = VECTOR('',#4657,1.);
#4657 = DIRECTION('',(1.110223024625E-16,0.,-1.));
#4658 = PCURVE('',#2750,#4659);
#4659 = DEFINITIONAL_REPRESENTATION('',(#4660),#4664);
#4660 = LINE('',#4661,#4662);
#4661 = CARTESIAN_POINT('',(-15.,318.39297581647));
#4662 = VECTOR('',#4663,1.);
#4663 = DIRECTION('',(1.,-0.));
#4664 = ( GEOMETRIC_REPRESENTATION_CONTEXT(2) 
PARAMETRIC_REPRESENTATION_CONTEXT() REPRESENTATION_CONTEXT('2D SPACE',''
  ) );
#4665 = PCURVE('',#4666,#4671);
#4666 = PLANE('',#4667);
#4667 = AXIS2_PLACEMENT_3D('',#4668,#4669,#4670);
#4668 = CARTESIAN_POINT('',(2.603020864548,131.46802097305,-10.));
#4669 = DIRECTION('',(0.493012571981,-0.870022185849,5.473539088428E-17)
  );
#4670 = DIRECTION('',(1.110223024625E-16,0.,-1.));
#4671 = DEFINITIONAL_REPRESENTATION('',(#4672),#4676);
#4672 = LINE('',#4673,#4674);
#4673 = CARTESIAN_POINT('',(15.,3.904474151011));
#4674 = VECTOR('',#4675,1.);
#4675 = DIRECTION('',(1.,-0.));
#4676 = ( GEOMETRIC_REPRESENTATION_CONTEXT(2) 
PARAMETRIC_REPRESENTATION_CONTEXT() REPRESENTATION_CONTEXT('2D SPACE',''
  ) );
#4677 = ORIENTED_EDGE('',*,*,#4678,.T.);
#4678 = EDGE_CURVE('',#4651,#4489,#4679,.T.);
#4679 = SURFACE_CURVE('',#4680,(#4684,#4691),.PCURVE_S1.);
#4680 = LINE('',#4681,#4682);
#4681 = CARTESIAN_POINT('',(6.,-26.76598951347,-10.));
#4682 = VECTOR('',#4683,1.);
#4683 = DIRECTION('',(-0.,-1.,0.));
#4684 = PCURVE('',#2750,#4685);
#4685 = DEFINITIONAL_REPRESENTATION('',(#4686),#4690);
#4686 = LINE('',#4687,#4688);
#4687 = CARTESIAN_POINT('',(-30.,158.23401048652));
#4688 = VECTOR('',#4689,1.);
#4689 = DIRECTION('',(-0.,-1.));
#4690 = ( GEOMETRIC_REPRESENTATION_CONTEXT(2) 
PARAMETRIC_REPRESENTATION_CONTEXT() REPRESENTATION_CONTEXT('2D SPACE',''
  ) );
#4691 = PCURVE('',#4692,#4697);
#4692 = PLANE('',#4693);
#4693 = AXIS2_PLACEMENT_3D('',#4694,#4695,#4696);
#4694 = CARTESIAN_POINT('',(2.603020864548,131.46802097305,-10.));
#4695 = DIRECTION('',(-1.110223024625E-16,-0.,1.));
#4696 = DIRECTION('',(-0.493012571981,0.870022185849,-5.473539088428E-17
    ));
#4697 = DEFINITIONAL_REPRESENTATION('',(#4698),#4702);
#4698 = LINE('',#4699,#4700);
#4699 = CARTESIAN_POINT('',(-139.3418530996,75.055909272104));
#4700 = VECTOR('',#4701,1.);
#4701 = DIRECTION('',(-0.870022185849,0.493012571981));
#4702 = ( GEOMETRIC_REPRESENTATION_CONTEXT(2) 
PARAMETRIC_REPRESENTATION_CONTEXT() REPRESENTATION_CONTEXT('2D SPACE',''
  ) );
#4703 = FACE_BOUND('',#4704,.T.);
#4704 = EDGE_LOOP('',(#4705));
#4705 = ORIENTED_EDGE('',*,*,#4706,.F.);
#4706 = EDGE_CURVE('',#4707,#4707,#4709,.T.);
#4707 = VERTEX_POINT('',#4708);
#4708 = CARTESIAN_POINT('',(6.,116.,-0.3));
#4709 = SURFACE_CURVE('',#4710,(#4715,#4726),.PCURVE_S1.);
#4710 = CIRCLE('',#4711,2.7);
#4711 = AXIS2_PLACEMENT_3D('',#4712,#4713,#4714);
#4712 = CARTESIAN_POINT('',(6.,116.,-3.));
#4713 = DIRECTION('',(-1.,0.,-1.110223024625E-16));
#4714 = DIRECTION('',(-1.110223024625E-16,-0.,1.));
#4715 = PCURVE('',#2750,#4716);
#4716 = DEFINITIONAL_REPRESENTATION('',(#4717),#4725);
#4717 = ( BOUNDED_CURVE() B_SPLINE_CURVE(2,(#4718,#4719,#4720,#4721,
#4722,#4723,#4724),.UNSPECIFIED.,.T.,.F.) B_SPLINE_CURVE_WITH_KNOTS((1,2
    ,2,2,2,1),(-2.094395102393,0.,2.094395102393,4.188790204786,
6.28318530718,8.377580409573),.UNSPECIFIED.) CURVE() 
GEOMETRIC_REPRESENTATION_ITEM() RATIONAL_B_SPLINE_CURVE((1.,0.5,1.,0.5,
1.,0.5,1.)) REPRESENTATION_ITEM('') );
#4718 = CARTESIAN_POINT('',(-39.7,301.));
#4719 = CARTESIAN_POINT('',(-39.7,305.67653718043));
#4720 = CARTESIAN_POINT('',(-35.65,303.33826859021));
#4721 = CARTESIAN_POINT('',(-31.6,301.));
#4722 = CARTESIAN_POINT('',(-35.65,298.66173140978));
#4723 = CARTESIAN_POINT('',(-39.7,296.32346281956));
#4724 = CARTESIAN_POINT('',(-39.7,301.));
#4725 = ( GEOMETRIC_REPRESENTATION_CONTEXT(2) 
PARAMETRIC_REPRESENTATION_CONTEXT() REPRESENTATION_CONTEXT('2D SPACE',''
  ) );
#4726 = PCURVE('',#4727,#4732);
#4727 = CYLINDRICAL_SURFACE('',#4728,2.7);
#4728 = AXIS2_PLACEMENT_3D('',#4729,#4730,#4731);
#4729 = CARTESIAN_POINT('',(6.,116.,-3.));
#4730 = DIRECTION('',(1.,0.,1.110223024625E-16));
#4731 = DIRECTION('',(-1.110223024625E-16,-0.,1.));
#4732 = DEFINITIONAL_REPRESENTATION('',(#4733),#4737);
#4733 = LINE('',#4734,#4735);
#4734 = CARTESIAN_POINT('',(-0.,0.));
#4735 = VECTOR('',#4736,1.);
#4736 = DIRECTION('',(-1.,0.));
#4737 = ( GEOMETRIC_REPRESENTATION_CONTEXT(2) 
PARAMETRIC_REPRESENTATION_CONTEXT() REPRESENTATION_CONTEXT('2D SPACE',''
  ) );
#4738 = ADVANCED_FACE('',(#4739),#3215,.T.);
#4739 = FACE_BOUND('',#4740,.F.);
#4740 = EDGE_LOOP('',(#4741,#4771,#4794,#4815,#4816,#4817,#4840,#4861,
    #4862,#4885));
#4741 = ORIENTED_EDGE('',*,*,#4742,.F.);
#4742 = EDGE_CURVE('',#4743,#4745,#4747,.T.);
#4743 = VERTEX_POINT('',#4744);
#4744 = CARTESIAN_POINT('',(23.881956838819,-118.5097572223,16.9));
#4745 = VERTEX_POINT('',#4746);
#4746 = CARTESIAN_POINT('',(23.881956838819,-118.5097572223,22.1));
#4747 = SURFACE_CURVE('',#4748,(#4752,#4759),.PCURVE_S1.);
#4748 = LINE('',#4749,#4750);
#4749 = CARTESIAN_POINT('',(23.881956838819,-118.5097572223,16.9));
#4750 = VECTOR('',#4751,1.);
#4751 = DIRECTION('',(-1.110223024625E-16,-0.,1.));
#4752 = PCURVE('',#3215,#4753);
#4753 = DEFINITIONAL_REPRESENTATION('',(#4754),#4758);
#4754 = LINE('',#4755,#4756);
#4755 = CARTESIAN_POINT('',(-6.446913488808E-15,176.75795661885));
#4756 = VECTOR('',#4757,1.);
#4757 = DIRECTION('',(-1.,0.));
#4758 = ( GEOMETRIC_REPRESENTATION_CONTEXT(2) 
PARAMETRIC_REPRESENTATION_CONTEXT() REPRESENTATION_CONTEXT('2D SPACE',''
  ) );
#4759 = PCURVE('',#4760,#4765);
#4760 = CYLINDRICAL_SURFACE('',#4761,7.5);
#4761 = AXIS2_PLACEMENT_3D('',#4762,#4763,#4764);
#4762 = CARTESIAN_POINT('',(30.965682814115,-120.9736619094,16.9));
#4763 = DIRECTION('',(0.,0.,1.));
#4764 = DIRECTION('',(-1.,-0.,0.));
#4765 = DEFINITIONAL_REPRESENTATION('',(#4766),#4770);
#4766 = LINE('',#4767,#4768);
#4767 = CARTESIAN_POINT('',(-6.617922144496,-7.864515677909E-16));
#4768 = VECTOR('',#4769,1.);
#4769 = DIRECTION('',(-0.,1.));
#4770 = ( GEOMETRIC_REPRESENTATION_CONTEXT(2) 
PARAMETRIC_REPRESENTATION_CONTEXT() REPRESENTATION_CONTEXT('2D SPACE',''
  ) );
#4771 = ORIENTED_EDGE('',*,*,#4772,.F.);
#4772 = EDGE_CURVE('',#4773,#4743,#4775,.T.);
#4773 = VERTEX_POINT('',#4774);
#4774 = CARTESIAN_POINT('',(81.950591210589,48.437566596479,16.9));
#4775 = SURFACE_CURVE('',#4776,(#4780,#4787),.PCURVE_S1.);
#4776 = LINE('',#4777,#4778);
#4777 = CARTESIAN_POINT('',(81.950591210589,48.437566596479,16.9));
#4778 = VECTOR('',#4779,1.);
#4779 = DIRECTION('',(-0.328520624941,-0.944496796706,-3.64731161874E-17
    ));
#4780 = PCURVE('',#3215,#4781);
#4781 = DEFINITIONAL_REPRESENTATION('',(#4782),#4786);
#4782 = LINE('',#4783,#4784);
#4783 = CARTESIAN_POINT('',(-0.,-0.));
#4784 = VECTOR('',#4785,1.);
#4785 = DIRECTION('',(-0.,1.));
#4786 = ( GEOMETRIC_REPRESENTATION_CONTEXT(2) 
PARAMETRIC_REPRESENTATION_CONTEXT() REPRESENTATION_CONTEXT('2D SPACE',''
  ) );
#4787 = PCURVE('',#4139,#4788);
#4788 = DEFINITIONAL_REPRESENTATION('',(#4789),#4793);
#4789 = LINE('',#4790,#4791);
#4790 = CARTESIAN_POINT('',(-15.,-7.363898572352E-15));
#4791 = VECTOR('',#4792,1.);
#4792 = DIRECTION('',(7.965226789662E-18,-1.));
#4793 = ( GEOMETRIC_REPRESENTATION_CONTEXT(2) 
PARAMETRIC_REPRESENTATION_CONTEXT() REPRESENTATION_CONTEXT('2D SPACE',''
  ) );
#4794 = ORIENTED_EDGE('',*,*,#4795,.T.);
#4795 = EDGE_CURVE('',#4773,#3167,#4796,.T.);
#4796 = SURFACE_CURVE('',#4797,(#4801,#4808),.PCURVE_S1.);
#4797 = LINE('',#4798,#4799);
#4798 = CARTESIAN_POINT('',(81.950591210589,48.437566596479,16.9));
#4799 = VECTOR('',#4800,1.);
#4800 = DIRECTION('',(-1.110223024625E-16,-0.,1.));
#4801 = PCURVE('',#3215,#4802);
#4802 = DEFINITIONAL_REPRESENTATION('',(#4803),#4807);
#4803 = LINE('',#4804,#4805);
#4804 = CARTESIAN_POINT('',(-0.,-0.));
#4805 = VECTOR('',#4806,1.);
#4806 = DIRECTION('',(-1.,0.));
#4807 = ( GEOMETRIC_REPRESENTATION_CONTEXT(2) 
PARAMETRIC_REPRESENTATION_CONTEXT() REPRESENTATION_CONTEXT('2D SPACE',''
  ) );
#4808 = PCURVE('',#3187,#4809);
#4809 = DEFINITIONAL_REPRESENTATION('',(#4810),#4814);
#4810 = LINE('',#4811,#4812);
#4811 = CARTESIAN_POINT('',(-0.334736837317,-7.864515677909E-16));
#4812 = VECTOR('',#4813,1.);
#4813 = DIRECTION('',(-0.,1.));
#4814 = ( GEOMETRIC_REPRESENTATION_CONTEXT(2) 
PARAMETRIC_REPRESENTATION_CONTEXT() REPRESENTATION_CONTEXT('2D SPACE',''
  ) );
#4815 = ORIENTED_EDGE('',*,*,#3199,.T.);
#4816 = ORIENTED_EDGE('',*,*,#4046,.F.);
#4817 = ORIENTED_EDGE('',*,*,#4818,.T.);
#4818 = EDGE_CURVE('',#4019,#4819,#4821,.T.);
#4819 = VERTEX_POINT('',#4820);
#4820 = CARTESIAN_POINT('',(28.662094376446,-104.7668618016,22.1));
#4821 = SURFACE_CURVE('',#4822,(#4826,#4833),.PCURVE_S1.);
#4822 = LINE('',#4823,#4824);
#4823 = CARTESIAN_POINT('',(81.950591210589,48.437566596479,22.1));
#4824 = VECTOR('',#4825,1.);
#4825 = DIRECTION('',(-0.328520624941,-0.944496796706,-3.64731161874E-17
    ));
#4826 = PCURVE('',#3215,#4827);
#4827 = DEFINITIONAL_REPRESENTATION('',(#4828),#4832);
#4828 = LINE('',#4829,#4830);
#4829 = CARTESIAN_POINT('',(-5.2,-1.896602041745E-16));
#4830 = VECTOR('',#4831,1.);
#4831 = DIRECTION('',(-0.,1.));
#4832 = ( GEOMETRIC_REPRESENTATION_CONTEXT(2) 
PARAMETRIC_REPRESENTATION_CONTEXT() REPRESENTATION_CONTEXT('2D SPACE',''
  ) );
#4833 = PCURVE('',#4034,#4834);
#4834 = DEFINITIONAL_REPRESENTATION('',(#4835),#4839);
#4835 = LINE('',#4836,#4837);
#4836 = CARTESIAN_POINT('',(-15.,-7.363898572352E-15));
#4837 = VECTOR('',#4838,1.);
#4838 = DIRECTION('',(7.965226789662E-18,-1.));
#4839 = ( GEOMETRIC_REPRESENTATION_CONTEXT(2) 
PARAMETRIC_REPRESENTATION_CONTEXT() REPRESENTATION_CONTEXT('2D SPACE',''
  ) );
#4840 = ORIENTED_EDGE('',*,*,#4841,.T.);
#4841 = EDGE_CURVE('',#4819,#3438,#4842,.T.);
#4842 = SURFACE_CURVE('',#4843,(#4847,#4854),.PCURVE_S1.);
#4843 = LINE('',#4844,#4845);
#4844 = CARTESIAN_POINT('',(28.662094376446,-104.7668618016,18.45));
#4845 = VECTOR('',#4846,1.);
#4846 = DIRECTION('',(1.110223024625E-16,0.,-1.));
#4847 = PCURVE('',#3215,#4848);
#4848 = DEFINITIONAL_REPRESENTATION('',(#4849),#4853);
#4849 = LINE('',#4850,#4851);
#4850 = CARTESIAN_POINT('',(-1.55,162.20746214539));
#4851 = VECTOR('',#4852,1.);
#4852 = DIRECTION('',(1.,-0.));
#4853 = ( GEOMETRIC_REPRESENTATION_CONTEXT(2) 
PARAMETRIC_REPRESENTATION_CONTEXT() REPRESENTATION_CONTEXT('2D SPACE',''
  ) );
#4854 = PCURVE('',#3453,#4855);
#4855 = DEFINITIONAL_REPRESENTATION('',(#4856),#4860);
#4856 = LINE('',#4857,#4858);
#4857 = CARTESIAN_POINT('',(1.55,39.201510762374));
#4858 = VECTOR('',#4859,1.);
#4859 = DIRECTION('',(1.,-0.));
#4860 = ( GEOMETRIC_REPRESENTATION_CONTEXT(2) 
PARAMETRIC_REPRESENTATION_CONTEXT() REPRESENTATION_CONTEXT('2D SPACE',''
  ) );
#4861 = ORIENTED_EDGE('',*,*,#3465,.T.);
#4862 = ORIENTED_EDGE('',*,*,#4863,.F.);
#4863 = EDGE_CURVE('',#4864,#3466,#4866,.T.);
#4864 = VERTEX_POINT('',#4865);
#4865 = CARTESIAN_POINT('',(24.142324276398,-117.7612008393,22.1));
#4866 = SURFACE_CURVE('',#4867,(#4871,#4878),.PCURVE_S1.);
#4867 = LINE('',#4868,#4869);
#4868 = CARTESIAN_POINT('',(24.142324276398,-117.7612008393,18.45));
#4869 = VECTOR('',#4870,1.);
#4870 = DIRECTION('',(1.110223024625E-16,0.,-1.));
#4871 = PCURVE('',#3215,#4872);
#4872 = DEFINITIONAL_REPRESENTATION('',(#4873),#4877);
#4873 = LINE('',#4874,#4875);
#4874 = CARTESIAN_POINT('',(-1.55,175.96541143961));
#4875 = VECTOR('',#4876,1.);
#4876 = DIRECTION('',(1.,-0.));
#4877 = ( GEOMETRIC_REPRESENTATION_CONTEXT(2) 
PARAMETRIC_REPRESENTATION_CONTEXT() REPRESENTATION_CONTEXT('2D SPACE',''
  ) );
#4878 = PCURVE('',#3502,#4879);
#4879 = DEFINITIONAL_REPRESENTATION('',(#4880),#4884);
#4880 = LINE('',#4881,#4882);
#4881 = CARTESIAN_POINT('',(1.55,49.607334554001));
#4882 = VECTOR('',#4883,1.);
#4883 = DIRECTION('',(1.,-0.));
#4884 = ( GEOMETRIC_REPRESENTATION_CONTEXT(2) 
PARAMETRIC_REPRESENTATION_CONTEXT() REPRESENTATION_CONTEXT('2D SPACE',''
  ) );
#4885 = ORIENTED_EDGE('',*,*,#4886,.T.);
#4886 = EDGE_CURVE('',#4864,#4745,#4887,.T.);
#4887 = SURFACE_CURVE('',#4888,(#4892,#4899),.PCURVE_S1.);
#4888 = LINE('',#4889,#4890);
#4889 = CARTESIAN_POINT('',(81.950591210589,48.437566596479,22.1));
#4890 = VECTOR('',#4891,1.);
#4891 = DIRECTION('',(-0.328520624941,-0.944496796706,-3.64731161874E-17
    ));
#4892 = PCURVE('',#3215,#4893);
#4893 = DEFINITIONAL_REPRESENTATION('',(#4894),#4898);
#4894 = LINE('',#4895,#4896);
#4895 = CARTESIAN_POINT('',(-5.2,-1.896602041745E-16));
#4896 = VECTOR('',#4897,1.);
#4897 = DIRECTION('',(-0.,1.));
#4898 = ( GEOMETRIC_REPRESENTATION_CONTEXT(2) 
PARAMETRIC_REPRESENTATION_CONTEXT() REPRESENTATION_CONTEXT('2D SPACE',''
  ) );
#4899 = PCURVE('',#4200,#4900);
#4900 = DEFINITIONAL_REPRESENTATION('',(#4901),#4905);
#4901 = LINE('',#4902,#4903);
#4902 = CARTESIAN_POINT('',(-15.,-7.363898572352E-15));
#4903 = VECTOR('',#4904,1.);
#4904 = DIRECTION('',(7.965226789662E-18,-1.));
#4905 = ( GEOMETRIC_REPRESENTATION_CONTEXT(2) 
PARAMETRIC_REPRESENTATION_CONTEXT() REPRESENTATION_CONTEXT('2D SPACE',''
  ) );
#4906 = ADVANCED_FACE('',(#4907),#3187,.T.);
#4907 = FACE_BOUND('',#4908,.F.);
#4908 = EDGE_LOOP('',(#4909,#4937,#4938,#4939,#4940,#4968));
#4909 = ORIENTED_EDGE('',*,*,#4910,.F.);
#4910 = EDGE_CURVE('',#4315,#4911,#4913,.T.);
#4911 = VERTEX_POINT('',#4912);
#4912 = CARTESIAN_POINT('',(96.118043161181,43.50975722236,22.1));
#4913 = SURFACE_CURVE('',#4914,(#4919,#4926),.PCURVE_S1.);
#4914 = CIRCLE('',#4915,7.5);
#4915 = AXIS2_PLACEMENT_3D('',#4916,#4917,#4918);
#4916 = CARTESIAN_POINT('',(89.034317185885,45.973661909419,22.1));
#4917 = DIRECTION('',(-0.,0.,-1.));
#4918 = DIRECTION('',(-1.,-0.,0.));
#4919 = PCURVE('',#3187,#4920);
#4920 = DEFINITIONAL_REPRESENTATION('',(#4921),#4925);
#4921 = LINE('',#4922,#4923);
#4922 = CARTESIAN_POINT('',(-0.,5.2));
#4923 = VECTOR('',#4924,1.);
#4924 = DIRECTION('',(-1.,0.));
#4925 = ( GEOMETRIC_REPRESENTATION_CONTEXT(2) 
PARAMETRIC_REPRESENTATION_CONTEXT() REPRESENTATION_CONTEXT('2D SPACE',''
  ) );
#4926 = PCURVE('',#4200,#4927);
#4927 = DEFINITIONAL_REPRESENTATION('',(#4928),#4936);
#4928 = ( BOUNDED_CURVE() B_SPLINE_CURVE(2,(#4929,#4930,#4931,#4932,
#4933,#4934,#4935),.UNSPECIFIED.,.T.,.F.) B_SPLINE_CURVE_WITH_KNOTS((1,2
    ,2,2,2,1),(-2.094395102393,0.,2.094395102393,4.188790204786,
6.28318530718,8.377580409573),.UNSPECIFIED.) CURVE() 
GEOMETRIC_REPRESENTATION_ITEM() RATIONAL_B_SPLINE_CURVE((1.,0.5,1.,0.5,
1.,0.5,1.)) REPRESENTATION_ITEM('') );
#4929 = CARTESIAN_POINT('',(-14.58372597529,-2.46390468706));
#4930 = CARTESIAN_POINT('',(-18.85133407829,9.805468609049));
#4931 = CARTESIAN_POINT('',(-6.091941063849,7.366638991584));
#4932 = CARTESIAN_POINT('',(6.667451950592,4.927809374119));
#4933 = CARTESIAN_POINT('',(-1.824332960855,-4.902734304524));
#4934 = CARTESIAN_POINT('',(-10.3161178723,-14.73327798316));
#4935 = CARTESIAN_POINT('',(-14.58372597529,-2.46390468706));
#4936 = ( GEOMETRIC_REPRESENTATION_CONTEXT(2) 
PARAMETRIC_REPRESENTATION_CONTEXT() REPRESENTATION_CONTEXT('2D SPACE',''
  ) );
#4937 = ORIENTED_EDGE('',*,*,#4337,.F.);
#4938 = ORIENTED_EDGE('',*,*,#3166,.F.);
#4939 = ORIENTED_EDGE('',*,*,#4795,.F.);
#4940 = ORIENTED_EDGE('',*,*,#4941,.T.);
#4941 = EDGE_CURVE('',#4773,#4942,#4944,.T.);
#4942 = VERTEX_POINT('',#4943);
#4943 = CARTESIAN_POINT('',(96.118043161181,43.50975722236,16.9));
#4944 = SURFACE_CURVE('',#4945,(#4950,#4957),.PCURVE_S1.);
#4945 = CIRCLE('',#4946,7.5);
#4946 = AXIS2_PLACEMENT_3D('',#4947,#4948,#4949);
#4947 = CARTESIAN_POINT('',(89.034317185885,45.973661909419,16.9));
#4948 = DIRECTION('',(-0.,0.,-1.));
#4949 = DIRECTION('',(-1.,-0.,0.));
#4950 = PCURVE('',#3187,#4951);
#4951 = DEFINITIONAL_REPRESENTATION('',(#4952),#4956);
#4952 = LINE('',#4953,#4954);
#4953 = CARTESIAN_POINT('',(-0.,0.));
#4954 = VECTOR('',#4955,1.);
#4955 = DIRECTION('',(-1.,0.));
#4956 = ( GEOMETRIC_REPRESENTATION_CONTEXT(2) 
PARAMETRIC_REPRESENTATION_CONTEXT() REPRESENTATION_CONTEXT('2D SPACE',''
  ) );
#4957 = PCURVE('',#4139,#4958);
#4958 = DEFINITIONAL_REPRESENTATION('',(#4959),#4967);
#4959 = ( BOUNDED_CURVE() B_SPLINE_CURVE(2,(#4960,#4961,#4962,#4963,
#4964,#4965,#4966),.UNSPECIFIED.,.T.,.F.) B_SPLINE_CURVE_WITH_KNOTS((1,2
    ,2,2,2,1),(-2.094395102393,0.,2.094395102393,4.188790204786,
6.28318530718,8.377580409573),.UNSPECIFIED.) CURVE() 
GEOMETRIC_REPRESENTATION_ITEM() RATIONAL_B_SPLINE_CURVE((1.,0.5,1.,0.5,
1.,0.5,1.)) REPRESENTATION_ITEM('') );
#4960 = CARTESIAN_POINT('',(-14.58372597529,-2.46390468706));
#4961 = CARTESIAN_POINT('',(-18.85133407829,9.805468609049));
#4962 = CARTESIAN_POINT('',(-6.091941063849,7.366638991584));
#4963 = CARTESIAN_POINT('',(6.667451950592,4.927809374119));
#4964 = CARTESIAN_POINT('',(-1.824332960855,-4.902734304524));
#4965 = CARTESIAN_POINT('',(-10.3161178723,-14.73327798316));
#4966 = CARTESIAN_POINT('',(-14.58372597529,-2.46390468706));
#4967 = ( GEOMETRIC_REPRESENTATION_CONTEXT(2) 
PARAMETRIC_REPRESENTATION_CONTEXT() REPRESENTATION_CONTEXT('2D SPACE',''
  ) );
#4968 = ORIENTED_EDGE('',*,*,#4969,.T.);
#4969 = EDGE_CURVE('',#4942,#4911,#4970,.T.);
#4970 = SURFACE_CURVE('',#4971,(#4975,#4982),.PCURVE_S1.);
#4971 = LINE('',#4972,#4973);
#4972 = CARTESIAN_POINT('',(96.118043161181,43.50975722236,16.9));
#4973 = VECTOR('',#4974,1.);
#4974 = DIRECTION('',(-1.110223024625E-16,-0.,1.));
#4975 = PCURVE('',#3187,#4976);
#4976 = DEFINITIONAL_REPRESENTATION('',(#4977),#4981);
#4977 = LINE('',#4978,#4979);
#4978 = CARTESIAN_POINT('',(-3.476329490907,7.864515677909E-16));
#4979 = VECTOR('',#4980,1.);
#4980 = DIRECTION('',(-0.,1.));
#4981 = ( GEOMETRIC_REPRESENTATION_CONTEXT(2) 
PARAMETRIC_REPRESENTATION_CONTEXT() REPRESENTATION_CONTEXT('2D SPACE',''
  ) );
#4982 = PCURVE('',#4983,#4988);
#4983 = PLANE('',#4984);
#4984 = AXIS2_PLACEMENT_3D('',#4985,#4986,#4987);
#4985 = CARTESIAN_POINT('',(96.118043161181,43.50975722236,16.9));
#4986 = DIRECTION('',(-0.944496796706,0.328520624941,-1.048602090388E-16
    ));
#4987 = DIRECTION('',(1.110223024625E-16,0.,-1.));
#4988 = DEFINITIONAL_REPRESENTATION('',(#4989),#4993);
#4989 = LINE('',#4990,#4991);
#4990 = CARTESIAN_POINT('',(-0.,-0.));
#4991 = VECTOR('',#4992,1.);
#4992 = DIRECTION('',(-1.,0.));
#4993 = ( GEOMETRIC_REPRESENTATION_CONTEXT(2) 
PARAMETRIC_REPRESENTATION_CONTEXT() REPRESENTATION_CONTEXT('2D SPACE',''
  ) );
#4994 = ADVANCED_FACE('',(#4995),#3108,.T.);
#4995 = FACE_BOUND('',#4996,.F.);
#4996 = EDGE_LOOP('',(#4997,#5020,#5021,#5022,#5045,#5073,#5109,#5141,
    #5169,#5202));
#4997 = ORIENTED_EDGE('',*,*,#4998,.F.);
#4998 = EDGE_CURVE('',#3065,#4999,#5001,.T.);
#4999 = VERTEX_POINT('',#5000);
#5000 = CARTESIAN_POINT('',(14.,107.,-7.));
#5001 = SURFACE_CURVE('',#5002,(#5006,#5013),.PCURVE_S1.);
#5002 = LINE('',#5003,#5004);
#5003 = CARTESIAN_POINT('',(14.,107.,22.));
#5004 = VECTOR('',#5005,1.);
#5005 = DIRECTION('',(1.110223024625E-16,0.,-1.));
#5006 = PCURVE('',#3108,#5007);
#5007 = DEFINITIONAL_REPRESENTATION('',(#5008),#5012);
#5008 = LINE('',#5009,#5010);
#5009 = CARTESIAN_POINT('',(-29.,0.));
#5010 = VECTOR('',#5011,1.);
#5011 = DIRECTION('',(1.,-0.));
#5012 = ( GEOMETRIC_REPRESENTATION_CONTEXT(2) 
PARAMETRIC_REPRESENTATION_CONTEXT() REPRESENTATION_CONTEXT('2D SPACE',''
  ) );
#5013 = PCURVE('',#3080,#5014);
#5014 = DEFINITIONAL_REPRESENTATION('',(#5015),#5019);
#5015 = LINE('',#5016,#5017);
#5016 = CARTESIAN_POINT('',(-8.,29.));
#5017 = VECTOR('',#5018,1.);
#5018 = DIRECTION('',(-0.,-1.));
#5019 = ( GEOMETRIC_REPRESENTATION_CONTEXT(2) 
PARAMETRIC_REPRESENTATION_CONTEXT() REPRESENTATION_CONTEXT('2D SPACE',''
  ) );
#5020 = ORIENTED_EDGE('',*,*,#3092,.F.);
#5021 = ORIENTED_EDGE('',*,*,#4415,.F.);
#5022 = ORIENTED_EDGE('',*,*,#5023,.T.);
#5023 = EDGE_CURVE('',#4388,#5024,#5026,.T.);
#5024 = VERTEX_POINT('',#5025);
#5025 = CARTESIAN_POINT('',(14.,123.21993814588,22.));
#5026 = SURFACE_CURVE('',#5027,(#5031,#5038),.PCURVE_S1.);
#5027 = LINE('',#5028,#5029);
#5028 = CARTESIAN_POINT('',(14.,107.,22.));
#5029 = VECTOR('',#5030,1.);
#5030 = DIRECTION('',(0.,1.,0.));
#5031 = PCURVE('',#3108,#5032);
#5032 = DEFINITIONAL_REPRESENTATION('',(#5033),#5037);
#5033 = LINE('',#5034,#5035);
#5034 = CARTESIAN_POINT('',(-29.,0.));
#5035 = VECTOR('',#5036,1.);
#5036 = DIRECTION('',(-0.,1.));
#5037 = ( GEOMETRIC_REPRESENTATION_CONTEXT(2) 
PARAMETRIC_REPRESENTATION_CONTEXT() REPRESENTATION_CONTEXT('2D SPACE',''
  ) );
#5038 = PCURVE('',#4403,#5039);
#5039 = DEFINITIONAL_REPRESENTATION('',(#5040),#5044);
#5040 = LINE('',#5041,#5042);
#5041 = CARTESIAN_POINT('',(-8.,0.));
#5042 = VECTOR('',#5043,1.);
#5043 = DIRECTION('',(-0.,-1.));
#5044 = ( GEOMETRIC_REPRESENTATION_CONTEXT(2) 
PARAMETRIC_REPRESENTATION_CONTEXT() REPRESENTATION_CONTEXT('2D SPACE',''
  ) );
#5045 = ORIENTED_EDGE('',*,*,#5046,.T.);
#5046 = EDGE_CURVE('',#5024,#5047,#5049,.T.);
#5047 = VERTEX_POINT('',#5048);
#5048 = CARTESIAN_POINT('',(14.,123.21993814588,3.285867909156));
#5049 = SURFACE_CURVE('',#5050,(#5054,#5061),.PCURVE_S1.);
#5050 = LINE('',#5051,#5052);
#5051 = CARTESIAN_POINT('',(14.,123.21993814588,-4.5));
#5052 = VECTOR('',#5053,1.);
#5053 = DIRECTION('',(1.110223024625E-16,0.,-1.));
#5054 = PCURVE('',#3108,#5055);
#5055 = DEFINITIONAL_REPRESENTATION('',(#5056),#5060);
#5056 = LINE('',#5057,#5058);
#5057 = CARTESIAN_POINT('',(-2.5,16.219938145885));
#5058 = VECTOR('',#5059,1.);
#5059 = DIRECTION('',(1.,-0.));
#5060 = ( GEOMETRIC_REPRESENTATION_CONTEXT(2) 
PARAMETRIC_REPRESENTATION_CONTEXT() REPRESENTATION_CONTEXT('2D SPACE',''
  ) );
#5061 = PCURVE('',#5062,#5067);
#5062 = PLANE('',#5063);
#5063 = AXIS2_PLACEMENT_3D('',#5064,#5065,#5066);
#5064 = CARTESIAN_POINT('',(4.041185039828,123.21993814588,-2.));
#5065 = DIRECTION('',(0.,1.,0.));
#5066 = DIRECTION('',(-1.,0.,-1.110223024625E-16));
#5067 = DEFINITIONAL_REPRESENTATION('',(#5068),#5072);
#5068 = LINE('',#5069,#5070);
#5069 = CARTESIAN_POINT('',(-9.958814960172,-2.5));
#5070 = VECTOR('',#5071,1.);
#5071 = DIRECTION('',(-0.,-1.));
#5072 = ( GEOMETRIC_REPRESENTATION_CONTEXT(2) 
PARAMETRIC_REPRESENTATION_CONTEXT() REPRESENTATION_CONTEXT('2D SPACE',''
  ) );
#5073 = ORIENTED_EDGE('',*,*,#5074,.F.);
#5074 = EDGE_CURVE('',#5075,#5047,#5077,.T.);
#5075 = VERTEX_POINT('',#5076);
#5076 = CARTESIAN_POINT('',(14.,119.46908821616,3.6));
#5077 = SURFACE_CURVE('',#5078,(#5083,#5094),.PCURVE_S1.);
#5078 = ELLIPSE('',#5079,11.358736710303,5.6);
#5079 = AXIS2_PLACEMENT_3D('',#5080,#5081,#5082);
#5080 = CARTESIAN_POINT('',(14.,119.46908821616,-2.));
#5081 = DIRECTION('',(-1.,0.,-1.110223024625E-16));
#5082 = DIRECTION('',(0.,1.,0.));
#5083 = PCURVE('',#3108,#5084);
#5084 = DEFINITIONAL_REPRESENTATION('',(#5085),#5093);
#5085 = ( BOUNDED_CURVE() B_SPLINE_CURVE(2,(#5086,#5087,#5088,#5089,
#5090,#5091,#5092),.UNSPECIFIED.,.T.,.F.) B_SPLINE_CURVE_WITH_KNOTS((1,2
    ,2,2,2,1),(-2.094395102393,0.,2.094395102393,4.188790204786,
6.28318530718,8.377580409573),.UNSPECIFIED.) CURVE() 
GEOMETRIC_REPRESENTATION_ITEM() RATIONAL_B_SPLINE_CURVE((1.,0.5,1.,0.5,
1.,0.5,1.)) REPRESENTATION_ITEM('') );
#5086 = CARTESIAN_POINT('',(-5.,23.827824926471));
#5087 = CARTESIAN_POINT('',(4.699484522386,23.827824926471));
#5088 = CARTESIAN_POINT('',(-0.150257738807,6.789719861017));
#5089 = CARTESIAN_POINT('',(-5.,-10.24838520443));
#5090 = CARTESIAN_POINT('',(-9.849742261193,6.789719861017));
#5091 = CARTESIAN_POINT('',(-14.69948452238,23.827824926471));
#5092 = CARTESIAN_POINT('',(-5.,23.827824926471));
#5093 = ( GEOMETRIC_REPRESENTATION_CONTEXT(2) 
PARAMETRIC_REPRESENTATION_CONTEXT() REPRESENTATION_CONTEXT('2D SPACE',''
  ) );
#5094 = PCURVE('',#5095,#5100);
#5095 = CYLINDRICAL_SURFACE('',#5096,5.6);
#5096 = AXIS2_PLACEMENT_3D('',#5097,#5098,#5099);
#5097 = CARTESIAN_POINT('',(16.929386191522,114.2995831723,-2.));
#5098 = DIRECTION('',(-0.493012571981,0.870022185849,-5.473539088428E-17
    ));
#5099 = DIRECTION('',(-1.110223024625E-16,-0.,1.));
#5100 = DEFINITIONAL_REPRESENTATION('',(#5101),#5108);
#5101 = B_SPLINE_CURVE_WITH_KNOTS('',5,(#5102,#5103,#5104,#5105,#5106,
    #5107),.UNSPECIFIED.,.F.,.F.,(6,6),(4.712388980385,5.13555626054),
  .PIECEWISE_BEZIER_KNOTS.);
#5102 = CARTESIAN_POINT('',(-6.28318530718,5.941808298624));
#5103 = CARTESIAN_POINT('',(-6.198551851149,6.778185981754));
#5104 = CARTESIAN_POINT('',(-6.113918395117,7.61456398627));
#5105 = CARTESIAN_POINT('',(-6.029284939086,8.438459447861));
#5106 = CARTESIAN_POINT('',(-5.944651483055,9.237397391072));
#5107 = CARTESIAN_POINT('',(-5.860018027024,10.0000006));
#5108 = ( GEOMETRIC_REPRESENTATION_CONTEXT(2) 
PARAMETRIC_REPRESENTATION_CONTEXT() REPRESENTATION_CONTEXT('2D SPACE',''
  ) );
#5109 = ORIENTED_EDGE('',*,*,#5110,.F.);
#5110 = EDGE_CURVE('',#5111,#5075,#5113,.T.);
#5111 = VERTEX_POINT('',#5112);
#5112 = CARTESIAN_POINT('',(14.,112.63959766377,2.474722857608));
#5113 = SURFACE_CURVE('',#5114,(#5119,#5130),.PCURVE_S1.);
#5114 = ELLIPSE('',#5115,11.358736710303,5.6);
#5115 = AXIS2_PLACEMENT_3D('',#5116,#5117,#5118);
#5116 = CARTESIAN_POINT('',(14.,119.46908821616,-2.));
#5117 = DIRECTION('',(-1.,0.,-1.110223024625E-16));
#5118 = DIRECTION('',(0.,1.,0.));
#5119 = PCURVE('',#3108,#5120);
#5120 = DEFINITIONAL_REPRESENTATION('',(#5121),#5129);
#5121 = ( BOUNDED_CURVE() B_SPLINE_CURVE(2,(#5122,#5123,#5124,#5125,
#5126,#5127,#5128),.UNSPECIFIED.,.T.,.F.) B_SPLINE_CURVE_WITH_KNOTS((1,2
    ,2,2,2,1),(-2.094395102393,0.,2.094395102393,4.188790204786,
6.28318530718,8.377580409573),.UNSPECIFIED.) CURVE() 
GEOMETRIC_REPRESENTATION_ITEM() RATIONAL_B_SPLINE_CURVE((1.,0.5,1.,0.5,
1.,0.5,1.)) REPRESENTATION_ITEM('') );
#5122 = CARTESIAN_POINT('',(-5.,23.827824926471));
#5123 = CARTESIAN_POINT('',(4.699484522386,23.827824926471));
#5124 = CARTESIAN_POINT('',(-0.150257738807,6.789719861017));
#5125 = CARTESIAN_POINT('',(-5.,-10.24838520443));
#5126 = CARTESIAN_POINT('',(-9.849742261193,6.789719861017));
#5127 = CARTESIAN_POINT('',(-14.69948452238,23.827824926471));
#5128 = CARTESIAN_POINT('',(-5.,23.827824926471));
#5129 = ( GEOMETRIC_REPRESENTATION_CONTEXT(2) 
PARAMETRIC_REPRESENTATION_CONTEXT() REPRESENTATION_CONTEXT('2D SPACE',''
  ) );
#5130 = PCURVE('',#5095,#5131);
#5131 = DEFINITIONAL_REPRESENTATION('',(#5132),#5140);
#5132 = B_SPLINE_CURVE_WITH_KNOTS('',6,(#5133,#5134,#5135,#5136,#5137,
    #5138,#5139),.UNSPECIFIED.,.F.,.F.,(7,7),(4.067318857916,
    4.712388980385),.PIECEWISE_BEZIER_KNOTS.);
#5133 = CARTESIAN_POINT('',(-6.928255429649,-5.999999928008E-07));
#5134 = CARTESIAN_POINT('',(-6.82074374257,0.848972887277));
#5135 = CARTESIAN_POINT('',(-6.713232055492,1.78036183283));
#5136 = CARTESIAN_POINT('',(-6.605720368414,2.776506280954));
#5137 = CARTESIAN_POINT('',(-6.498208681336,3.816871928122));
#5138 = CARTESIAN_POINT('',(-6.390696994258,4.879339861616));
#5139 = CARTESIAN_POINT('',(-6.28318530718,5.941808298624));
#5140 = ( GEOMETRIC_REPRESENTATION_CONTEXT(2) 
PARAMETRIC_REPRESENTATION_CONTEXT() REPRESENTATION_CONTEXT('2D SPACE',''
  ) );
#5141 = ORIENTED_EDGE('',*,*,#5142,.T.);
#5142 = EDGE_CURVE('',#5111,#5143,#5145,.T.);
#5143 = VERTEX_POINT('',#5144);
#5144 = CARTESIAN_POINT('',(14.,112.63959766377,-6.474722857608));
#5145 = SURFACE_CURVE('',#5146,(#5150,#5157),.PCURVE_S1.);
#5146 = LINE('',#5147,#5148);
#5147 = CARTESIAN_POINT('',(14.,112.63959766377,-4.5));
#5148 = VECTOR('',#5149,1.);
#5149 = DIRECTION('',(1.110223024625E-16,0.,-1.));
#5150 = PCURVE('',#3108,#5151);
#5151 = DEFINITIONAL_REPRESENTATION('',(#5152),#5156);
#5152 = LINE('',#5153,#5154);
#5153 = CARTESIAN_POINT('',(-2.5,5.639597663778));
#5154 = VECTOR('',#5155,1.);
#5155 = DIRECTION('',(1.,-0.));
#5156 = ( GEOMETRIC_REPRESENTATION_CONTEXT(2) 
PARAMETRIC_REPRESENTATION_CONTEXT() REPRESENTATION_CONTEXT('2D SPACE',''
  ) );
#5157 = PCURVE('',#5158,#5163);
#5158 = PLANE('',#5159);
#5159 = AXIS2_PLACEMENT_3D('',#5160,#5161,#5162);
#5160 = CARTESIAN_POINT('',(16.929386191522,114.2995831723,-2.));
#5161 = DIRECTION('',(-0.493012571981,0.870022185849,-5.473539088428E-17
    ));
#5162 = DIRECTION('',(1.110223024625E-16,0.,-1.));
#5163 = DEFINITIONAL_REPRESENTATION('',(#5164),#5168);
#5164 = LINE('',#5165,#5166);
#5165 = CARTESIAN_POINT('',(2.5,3.367024702553));
#5166 = VECTOR('',#5167,1.);
#5167 = DIRECTION('',(1.,-0.));
#5168 = ( GEOMETRIC_REPRESENTATION_CONTEXT(2) 
PARAMETRIC_REPRESENTATION_CONTEXT() REPRESENTATION_CONTEXT('2D SPACE',''
  ) );
#5169 = ORIENTED_EDGE('',*,*,#5170,.F.);
#5170 = EDGE_CURVE('',#5171,#5143,#5173,.T.);
#5171 = VERTEX_POINT('',#5172);
#5172 = CARTESIAN_POINT('',(14.,114.35379463967,-7.));
#5173 = SURFACE_CURVE('',#5174,(#5179,#5190),.PCURVE_S1.);
#5174 = ELLIPSE('',#5175,11.358736710303,5.6);
#5175 = AXIS2_PLACEMENT_3D('',#5176,#5177,#5178);
#5176 = CARTESIAN_POINT('',(14.,119.46908821616,-2.));
#5177 = DIRECTION('',(-1.,0.,-1.110223024625E-16));
#5178 = DIRECTION('',(0.,1.,0.));
#5179 = PCURVE('',#3108,#5180);
#5180 = DEFINITIONAL_REPRESENTATION('',(#5181),#5189);
#5181 = ( BOUNDED_CURVE() B_SPLINE_CURVE(2,(#5182,#5183,#5184,#5185,
#5186,#5187,#5188),.UNSPECIFIED.,.T.,.F.) B_SPLINE_CURVE_WITH_KNOTS((1,2
    ,2,2,2,1),(-2.094395102393,0.,2.094395102393,4.188790204786,
6.28318530718,8.377580409573),.UNSPECIFIED.) CURVE() 
GEOMETRIC_REPRESENTATION_ITEM() RATIONAL_B_SPLINE_CURVE((1.,0.5,1.,0.5,
1.,0.5,1.)) REPRESENTATION_ITEM('') );
#5182 = CARTESIAN_POINT('',(-5.,23.827824926471));
#5183 = CARTESIAN_POINT('',(4.699484522386,23.827824926471));
#5184 = CARTESIAN_POINT('',(-0.150257738807,6.789719861017));
#5185 = CARTESIAN_POINT('',(-5.,-10.24838520443));
#5186 = CARTESIAN_POINT('',(-9.849742261193,6.789719861017));
#5187 = CARTESIAN_POINT('',(-14.69948452238,23.827824926471));
#5188 = CARTESIAN_POINT('',(-5.,23.827824926471));
#5189 = ( GEOMETRIC_REPRESENTATION_CONTEXT(2) 
PARAMETRIC_REPRESENTATION_CONTEXT() REPRESENTATION_CONTEXT('2D SPACE',''
  ) );
#5190 = PCURVE('',#5095,#5191);
#5191 = DEFINITIONAL_REPRESENTATION('',(#5192),#5201);
#5192 = B_SPLINE_CURVE_WITH_KNOTS('',7,(#5193,#5194,#5195,#5196,#5197,
    #5198,#5199,#5200),.UNSPECIFIED.,.F.,.F.,(8,8),(1.14762904664,
    2.215866449264),.PIECEWISE_BEZIER_KNOTS.);
#5193 = CARTESIAN_POINT('',(-3.564759933745,10.0000006));
#5194 = CARTESIAN_POINT('',(-3.412154590513,8.624925896615));
#5195 = CARTESIAN_POINT('',(-3.259549247281,7.139591007794));
#5196 = CARTESIAN_POINT('',(-3.10694390405,5.596300331299));
#5197 = CARTESIAN_POINT('',(-2.954338560816,4.053650264795));
#5198 = CARTESIAN_POINT('',(-2.801733217585,2.57155452632));
#5199 = CARTESIAN_POINT('',(-2.649127874353,1.205058067962));
#5200 = CARTESIAN_POINT('',(-2.496522531121,-5.999999928008E-07));
#5201 = ( GEOMETRIC_REPRESENTATION_CONTEXT(2) 
PARAMETRIC_REPRESENTATION_CONTEXT() REPRESENTATION_CONTEXT('2D SPACE',''
  ) );
#5202 = ORIENTED_EDGE('',*,*,#5203,.F.);
#5203 = EDGE_CURVE('',#4999,#5171,#5204,.T.);
#5204 = SURFACE_CURVE('',#5205,(#5209,#5216),.PCURVE_S1.);
#5205 = LINE('',#5206,#5207);
#5206 = CARTESIAN_POINT('',(14.,107.,-7.));
#5207 = VECTOR('',#5208,1.);
#5208 = DIRECTION('',(0.,1.,0.));
#5209 = PCURVE('',#3108,#5210);
#5210 = DEFINITIONAL_REPRESENTATION('',(#5211),#5215);
#5211 = LINE('',#5212,#5213);
#5212 = CARTESIAN_POINT('',(1.7763568394E-15,-0.));
#5213 = VECTOR('',#5214,1.);
#5214 = DIRECTION('',(-0.,1.));
#5215 = ( GEOMETRIC_REPRESENTATION_CONTEXT(2) 
PARAMETRIC_REPRESENTATION_CONTEXT() REPRESENTATION_CONTEXT('2D SPACE',''
  ) );
#5216 = PCURVE('',#4534,#5217);
#5217 = DEFINITIONAL_REPRESENTATION('',(#5218),#5222);
#5218 = LINE('',#5219,#5220);
#5219 = CARTESIAN_POINT('',(-8.,0.));
#5220 = VECTOR('',#5221,1.);
#5221 = DIRECTION('',(-0.,-1.));
#5222 = ( GEOMETRIC_REPRESENTATION_CONTEXT(2) 
PARAMETRIC_REPRESENTATION_CONTEXT() REPRESENTATION_CONTEXT('2D SPACE',''
  ) );
#5223 = ADVANCED_FACE('',(#5224),#3080,.F.);
#5224 = FACE_BOUND('',#5225,.T.);
#5225 = EDGE_LOOP('',(#5226,#5227,#5248,#5249));
#5226 = ORIENTED_EDGE('',*,*,#4546,.F.);
#5227 = ORIENTED_EDGE('',*,*,#5228,.T.);
#5228 = EDGE_CURVE('',#4519,#4999,#5229,.T.);
#5229 = SURFACE_CURVE('',#5230,(#5234,#5241),.PCURVE_S1.);
#5230 = LINE('',#5231,#5232);
#5231 = CARTESIAN_POINT('',(6.,107.,-7.));
#5232 = VECTOR('',#5233,1.);
#5233 = DIRECTION('',(1.,0.,1.110223024625E-16));
#5234 = PCURVE('',#3080,#5235);
#5235 = DEFINITIONAL_REPRESENTATION('',(#5236),#5240);
#5236 = LINE('',#5237,#5238);
#5237 = CARTESIAN_POINT('',(-8.881784197001E-16,-8.881784197001E-16));
#5238 = VECTOR('',#5239,1.);
#5239 = DIRECTION('',(-1.,0.));
#5240 = ( GEOMETRIC_REPRESENTATION_CONTEXT(2) 
PARAMETRIC_REPRESENTATION_CONTEXT() REPRESENTATION_CONTEXT('2D SPACE',''
  ) );
#5241 = PCURVE('',#4534,#5242);
#5242 = DEFINITIONAL_REPRESENTATION('',(#5243),#5247);
#5243 = LINE('',#5244,#5245);
#5244 = CARTESIAN_POINT('',(-0.,0.));
#5245 = VECTOR('',#5246,1.);
#5246 = DIRECTION('',(-1.,0.));
#5247 = ( GEOMETRIC_REPRESENTATION_CONTEXT(2) 
PARAMETRIC_REPRESENTATION_CONTEXT() REPRESENTATION_CONTEXT('2D SPACE',''
  ) );
#5248 = ORIENTED_EDGE('',*,*,#4998,.F.);
#5249 = ORIENTED_EDGE('',*,*,#3064,.F.);
#5250 = ADVANCED_FACE('',(#5251),#3322,.F.);
#5251 = FACE_BOUND('',#5252,.T.);
#5252 = EDGE_LOOP('',(#5253,#5278,#5306,#5327,#5328,#5351));
#5253 = ORIENTED_EDGE('',*,*,#5254,.F.);
#5254 = EDGE_CURVE('',#5255,#5257,#5259,.T.);
#5255 = VERTEX_POINT('',#5256);
#5256 = CARTESIAN_POINT('',(6.,-79.,-6.));
#5257 = VERTEX_POINT('',#5258);
#5258 = CARTESIAN_POINT('',(6.,-79.,22.));
#5259 = SURFACE_CURVE('',#5260,(#5264,#5271),.PCURVE_S1.);
#5260 = LINE('',#5261,#5262);
#5261 = CARTESIAN_POINT('',(6.,-79.,-7.));
#5262 = VECTOR('',#5263,1.);
#5263 = DIRECTION('',(-1.110223024625E-16,-0.,1.));
#5264 = PCURVE('',#3322,#5265);
#5265 = DEFINITIONAL_REPRESENTATION('',(#5266),#5270);
#5266 = LINE('',#5267,#5268);
#5267 = CARTESIAN_POINT('',(-0.,0.));
#5268 = VECTOR('',#5269,1.);
#5269 = DIRECTION('',(-0.,1.));
#5270 = ( GEOMETRIC_REPRESENTATION_CONTEXT(2) 
PARAMETRIC_REPRESENTATION_CONTEXT() REPRESENTATION_CONTEXT('2D SPACE',''
  ) );
#5271 = PCURVE('',#3899,#5272);
#5272 = DEFINITIONAL_REPRESENTATION('',(#5273),#5277);
#5273 = LINE('',#5274,#5275);
#5274 = CARTESIAN_POINT('',(-33.,106.));
#5275 = VECTOR('',#5276,1.);
#5276 = DIRECTION('',(-1.,0.));
#5277 = ( GEOMETRIC_REPRESENTATION_CONTEXT(2) 
PARAMETRIC_REPRESENTATION_CONTEXT() REPRESENTATION_CONTEXT('2D SPACE',''
  ) );
#5278 = ORIENTED_EDGE('',*,*,#5279,.F.);
#5279 = EDGE_CURVE('',#5280,#5255,#5282,.T.);
#5280 = VERTEX_POINT('',#5281);
#5281 = CARTESIAN_POINT('',(14.,-79.,-6.));
#5282 = SURFACE_CURVE('',#5283,(#5287,#5294),.PCURVE_S1.);
#5283 = LINE('',#5284,#5285);
#5284 = CARTESIAN_POINT('',(5.5,-79.,-6.));
#5285 = VECTOR('',#5286,1.);
#5286 = DIRECTION('',(-1.,-0.,-1.110223024625E-16));
#5287 = PCURVE('',#3322,#5288);
#5288 = DEFINITIONAL_REPRESENTATION('',(#5289),#5293);
#5289 = LINE('',#5290,#5291);
#5290 = CARTESIAN_POINT('',(0.5,1.));
#5291 = VECTOR('',#5292,1.);
#5292 = DIRECTION('',(1.,-0.));
#5293 = ( GEOMETRIC_REPRESENTATION_CONTEXT(2) 
PARAMETRIC_REPRESENTATION_CONTEXT() REPRESENTATION_CONTEXT('2D SPACE',''
  ) );
#5294 = PCURVE('',#5295,#5300);
#5295 = PLANE('',#5296);
#5296 = AXIS2_PLACEMENT_3D('',#5297,#5298,#5299);
#5297 = CARTESIAN_POINT('',(5.,-99.,-6.));
#5298 = DIRECTION('',(-1.110223024625E-16,-0.,1.));
#5299 = DIRECTION('',(-1.,0.,-1.110223024625E-16));
#5300 = DEFINITIONAL_REPRESENTATION('',(#5301),#5305);
#5301 = LINE('',#5302,#5303);
#5302 = CARTESIAN_POINT('',(-0.5,-20.));
#5303 = VECTOR('',#5304,1.);
#5304 = DIRECTION('',(1.,-0.));
#5305 = ( GEOMETRIC_REPRESENTATION_CONTEXT(2) 
PARAMETRIC_REPRESENTATION_CONTEXT() REPRESENTATION_CONTEXT('2D SPACE',''
  ) );
#5306 = ORIENTED_EDGE('',*,*,#5307,.F.);
#5307 = EDGE_CURVE('',#3305,#5280,#5308,.T.);
#5308 = SURFACE_CURVE('',#5309,(#5313,#5320),.PCURVE_S1.);
#5309 = LINE('',#5310,#5311);
#5310 = CARTESIAN_POINT('',(14.,-79.,22.));
#5311 = VECTOR('',#5312,1.);
#5312 = DIRECTION('',(1.110223024625E-16,0.,-1.));
#5313 = PCURVE('',#3322,#5314);
#5314 = DEFINITIONAL_REPRESENTATION('',(#5315),#5319);
#5315 = LINE('',#5316,#5317);
#5316 = CARTESIAN_POINT('',(-8.,29.));
#5317 = VECTOR('',#5318,1.);
#5318 = DIRECTION('',(-0.,-1.));
#5319 = ( GEOMETRIC_REPRESENTATION_CONTEXT(2) 
PARAMETRIC_REPRESENTATION_CONTEXT() REPRESENTATION_CONTEXT('2D SPACE',''
  ) );
#5320 = PCURVE('',#3350,#5321);
#5321 = DEFINITIONAL_REPRESENTATION('',(#5322),#5326);
#5322 = LINE('',#5323,#5324);
#5323 = CARTESIAN_POINT('',(-29.,0.));
#5324 = VECTOR('',#5325,1.);
#5325 = DIRECTION('',(1.,-0.));
#5326 = ( GEOMETRIC_REPRESENTATION_CONTEXT(2) 
PARAMETRIC_REPRESENTATION_CONTEXT() REPRESENTATION_CONTEXT('2D SPACE',''
  ) );
#5327 = ORIENTED_EDGE('',*,*,#3304,.T.);
#5328 = ORIENTED_EDGE('',*,*,#5329,.F.);
#5329 = EDGE_CURVE('',#5330,#3307,#5332,.T.);
#5330 = VERTEX_POINT('',#5331);
#5331 = CARTESIAN_POINT('',(8.734975319823,-79.,22.));
#5332 = SURFACE_CURVE('',#5333,(#5337,#5344),.PCURVE_S1.);
#5333 = LINE('',#5334,#5335);
#5334 = CARTESIAN_POINT('',(8.734975319823,-79.,6.5));
#5335 = VECTOR('',#5336,1.);
#5336 = DIRECTION('',(1.110223024625E-16,0.,-1.));
#5337 = PCURVE('',#3322,#5338);
#5338 = DEFINITIONAL_REPRESENTATION('',(#5339),#5343);
#5339 = LINE('',#5340,#5341);
#5340 = CARTESIAN_POINT('',(-2.734975319823,13.5));
#5341 = VECTOR('',#5342,1.);
#5342 = DIRECTION('',(-0.,-1.));
#5343 = ( GEOMETRIC_REPRESENTATION_CONTEXT(2) 
PARAMETRIC_REPRESENTATION_CONTEXT() REPRESENTATION_CONTEXT('2D SPACE',''
  ) );
#5344 = PCURVE('',#3502,#5345);
#5345 = DEFINITIONAL_REPRESENTATION('',(#5346),#5350);
#5346 = LINE('',#5347,#5348);
#5347 = CARTESIAN_POINT('',(13.5,7.896219819728));
#5348 = VECTOR('',#5349,1.);
#5349 = DIRECTION('',(1.,-0.));
#5350 = ( GEOMETRIC_REPRESENTATION_CONTEXT(2) 
PARAMETRIC_REPRESENTATION_CONTEXT() REPRESENTATION_CONTEXT('2D SPACE',''
  ) );
#5351 = ORIENTED_EDGE('',*,*,#5352,.F.);
#5352 = EDGE_CURVE('',#5257,#5330,#5353,.T.);
#5353 = SURFACE_CURVE('',#5354,(#5358,#5365),.PCURVE_S1.);
#5354 = LINE('',#5355,#5356);
#5355 = CARTESIAN_POINT('',(6.,-79.,22.));
#5356 = VECTOR('',#5357,1.);
#5357 = DIRECTION('',(1.,0.,1.110223024625E-16));
#5358 = PCURVE('',#3322,#5359);
#5359 = DEFINITIONAL_REPRESENTATION('',(#5360),#5364);
#5360 = LINE('',#5361,#5362);
#5361 = CARTESIAN_POINT('',(3.330669073875E-16,29.));
#5362 = VECTOR('',#5363,1.);
#5363 = DIRECTION('',(-1.,0.));
#5364 = ( GEOMETRIC_REPRESENTATION_CONTEXT(2) 
PARAMETRIC_REPRESENTATION_CONTEXT() REPRESENTATION_CONTEXT('2D SPACE',''
  ) );
#5365 = PCURVE('',#5366,#5371);
#5366 = PLANE('',#5367);
#5367 = AXIS2_PLACEMENT_3D('',#5368,#5369,#5370);
#5368 = CARTESIAN_POINT('',(6.,-79.,22.));
#5369 = DIRECTION('',(-1.110223024625E-16,-0.,1.));
#5370 = DIRECTION('',(-1.,0.,-1.110223024625E-16));
#5371 = DEFINITIONAL_REPRESENTATION('',(#5372),#5376);
#5372 = LINE('',#5373,#5374);
#5373 = CARTESIAN_POINT('',(-0.,0.));
#5374 = VECTOR('',#5375,1.);
#5375 = DIRECTION('',(-1.,0.));
#5376 = ( GEOMETRIC_REPRESENTATION_CONTEXT(2) 
PARAMETRIC_REPRESENTATION_CONTEXT() REPRESENTATION_CONTEXT('2D SPACE',''
  ) );
#5377 = ADVANCED_FACE('',(#5378),#3502,.T.);
#5378 = FACE_BOUND('',#5379,.F.);
#5379 = EDGE_LOOP('',(#5380,#5403,#5424,#5425,#5448,#5469,#5470,#5471));
#5380 = ORIENTED_EDGE('',*,*,#5381,.T.);
#5381 = EDGE_CURVE('',#5330,#5382,#5384,.T.);
#5382 = VERTEX_POINT('',#5383);
#5383 = CARTESIAN_POINT('',(6.,-72.11945695778,22.));
#5384 = SURFACE_CURVE('',#5385,(#5389,#5396),.PCURVE_S1.);
#5385 = LINE('',#5386,#5387);
#5386 = CARTESIAN_POINT('',(7.090028720516,-74.86170822213,22.));
#5387 = VECTOR('',#5388,1.);
#5388 = DIRECTION('',(-0.369382335014,0.929277509994,-4.100967732222E-17
    ));
#5389 = PCURVE('',#3502,#5390);
#5390 = DEFINITIONAL_REPRESENTATION('',(#5391),#5395);
#5391 = LINE('',#5392,#5393);
#5392 = CARTESIAN_POINT('',(-2.,3.442984124943));
#5393 = VECTOR('',#5394,1.);
#5394 = DIRECTION('',(-0.,-1.));
#5395 = ( GEOMETRIC_REPRESENTATION_CONTEXT(2) 
PARAMETRIC_REPRESENTATION_CONTEXT() REPRESENTATION_CONTEXT('2D SPACE',''
  ) );
#5396 = PCURVE('',#5366,#5397);
#5397 = DEFINITIONAL_REPRESENTATION('',(#5398),#5402);
#5398 = LINE('',#5399,#5400);
#5399 = CARTESIAN_POINT('',(-1.090028720516,-4.138291777863));
#5400 = VECTOR('',#5401,1.);
#5401 = DIRECTION('',(0.369382335014,-0.929277509994));
#5402 = ( GEOMETRIC_REPRESENTATION_CONTEXT(2) 
PARAMETRIC_REPRESENTATION_CONTEXT() REPRESENTATION_CONTEXT('2D SPACE',''
  ) );
#5403 = ORIENTED_EDGE('',*,*,#5404,.F.);
#5404 = EDGE_CURVE('',#3863,#5382,#5405,.T.);
#5405 = SURFACE_CURVE('',#5406,(#5410,#5417),.PCURVE_S1.);
#5406 = LINE('',#5407,#5408);
#5407 = CARTESIAN_POINT('',(6.,-72.11945695778,-10.));
#5408 = VECTOR('',#5409,1.);
#5409 = DIRECTION('',(1.110223024625E-16,0.,-1.));
#5410 = PCURVE('',#3502,#5411);
#5411 = DEFINITIONAL_REPRESENTATION('',(#5412),#5416);
#5412 = LINE('',#5413,#5414);
#5413 = CARTESIAN_POINT('',(30.,0.492034344209));
#5414 = VECTOR('',#5415,1.);
#5415 = DIRECTION('',(1.,-0.));
#5416 = ( GEOMETRIC_REPRESENTATION_CONTEXT(2) 
PARAMETRIC_REPRESENTATION_CONTEXT() REPRESENTATION_CONTEXT('2D SPACE',''
  ) );
#5417 = PCURVE('',#3899,#5418);
#5418 = DEFINITIONAL_REPRESENTATION('',(#5419),#5423);
#5419 = LINE('',#5420,#5421);
#5420 = CARTESIAN_POINT('',(-30.,112.88054304222));
#5421 = VECTOR('',#5422,1.);
#5422 = DIRECTION('',(1.,-0.));
#5423 = ( GEOMETRIC_REPRESENTATION_CONTEXT(2) 
PARAMETRIC_REPRESENTATION_CONTEXT() REPRESENTATION_CONTEXT('2D SPACE',''
  ) );
#5424 = ORIENTED_EDGE('',*,*,#3862,.T.);
#5425 = ORIENTED_EDGE('',*,*,#5426,.F.);
#5426 = EDGE_CURVE('',#5427,#3835,#5429,.T.);
#5427 = VERTEX_POINT('',#5428);
#5428 = CARTESIAN_POINT('',(26.455413394203,-123.5803792136,22.1));
#5429 = SURFACE_CURVE('',#5430,(#5434,#5441),.PCURVE_S1.);
#5430 = LINE('',#5431,#5432);
#5431 = CARTESIAN_POINT('',(26.455413394203,-123.5803792136,20.));
#5432 = VECTOR('',#5433,1.);
#5433 = DIRECTION('',(-1.110223024625E-16,-0.,1.));
#5434 = PCURVE('',#3502,#5435);
#5435 = DEFINITIONAL_REPRESENTATION('',(#5436),#5440);
#5436 = LINE('',#5437,#5438);
#5437 = CARTESIAN_POINT('',(2.291185262534E-15,55.869380403372));
#5438 = VECTOR('',#5439,1.);
#5439 = DIRECTION('',(-1.,0.));
#5440 = ( GEOMETRIC_REPRESENTATION_CONTEXT(2) 
PARAMETRIC_REPRESENTATION_CONTEXT() REPRESENTATION_CONTEXT('2D SPACE',''
  ) );
#5441 = PCURVE('',#3850,#5442);
#5442 = DEFINITIONAL_REPRESENTATION('',(#5443),#5447);
#5443 = LINE('',#5444,#5445);
#5444 = CARTESIAN_POINT('',(-9.,9.28534759075E-16));
#5445 = VECTOR('',#5446,1.);
#5446 = DIRECTION('',(-0.,1.));
#5447 = ( GEOMETRIC_REPRESENTATION_CONTEXT(2) 
PARAMETRIC_REPRESENTATION_CONTEXT() REPRESENTATION_CONTEXT('2D SPACE',''
  ) );
#5448 = ORIENTED_EDGE('',*,*,#5449,.T.);
#5449 = EDGE_CURVE('',#5427,#4864,#5450,.T.);
#5450 = SURFACE_CURVE('',#5451,(#5455,#5462),.PCURVE_S1.);
#5451 = LINE('',#5452,#5453);
#5452 = CARTESIAN_POINT('',(-7.788239043184,-37.43154898089,22.1));
#5453 = VECTOR('',#5454,1.);
#5454 = DIRECTION('',(-0.369382335014,0.929277509994,-4.100967732222E-17
    ));
#5455 = PCURVE('',#3502,#5456);
#5456 = DEFINITIONAL_REPRESENTATION('',(#5457),#5461);
#5457 = LINE('',#5458,#5459);
#5458 = CARTESIAN_POINT('',(-2.1,-36.83579034093));
#5459 = VECTOR('',#5460,1.);
#5460 = DIRECTION('',(-0.,-1.));
#5461 = ( GEOMETRIC_REPRESENTATION_CONTEXT(2) 
PARAMETRIC_REPRESENTATION_CONTEXT() REPRESENTATION_CONTEXT('2D SPACE',''
  ) );
#5462 = PCURVE('',#4200,#5463);
#5463 = DEFINITIONAL_REPRESENTATION('',(#5464),#5468);
#5464 = LINE('',#5465,#5466);
#5465 = CARTESIAN_POINT('',(-71.54826220221,-110.5841611952));
#5466 = VECTOR('',#5467,1.);
#5467 = DIRECTION('',(-0.654167260507,0.756349915899));
#5468 = ( GEOMETRIC_REPRESENTATION_CONTEXT(2) 
PARAMETRIC_REPRESENTATION_CONTEXT() REPRESENTATION_CONTEXT('2D SPACE',''
  ) );
#5469 = ORIENTED_EDGE('',*,*,#4863,.T.);
#5470 = ORIENTED_EDGE('',*,*,#3488,.F.);
#5471 = ORIENTED_EDGE('',*,*,#5329,.F.);
#5472 = ADVANCED_FACE('',(#5473),#3453,.F.);
#5473 = FACE_BOUND('',#5474,.T.);
#5474 = EDGE_LOOP('',(#5475,#5476,#5477,#5478,#5501,#5522));
#5475 = ORIENTED_EDGE('',*,*,#3437,.F.);
#5476 = ORIENTED_EDGE('',*,*,#3518,.T.);
#5477 = ORIENTED_EDGE('',*,*,#3750,.T.);
#5478 = ORIENTED_EDGE('',*,*,#5479,.F.);
#5479 = EDGE_CURVE('',#5480,#3751,#5482,.T.);
#5480 = VERTEX_POINT('',#5481);
#5481 = CARTESIAN_POINT('',(29.339686834487,-106.4715221833,22.1));
#5482 = SURFACE_CURVE('',#5483,(#5487,#5494),.PCURVE_S1.);
#5483 = LINE('',#5484,#5485);
#5484 = CARTESIAN_POINT('',(29.339686834487,-106.4715221833,11.75));
#5485 = VECTOR('',#5486,1.);
#5486 = DIRECTION('',(-1.110223024625E-16,-0.,1.));
#5487 = PCURVE('',#3453,#5488);
#5488 = DEFINITIONAL_REPRESENTATION('',(#5489),#5493);
#5489 = LINE('',#5490,#5491);
#5490 = CARTESIAN_POINT('',(8.25,41.035904001604));
#5491 = VECTOR('',#5492,1.);
#5492 = DIRECTION('',(-1.,0.));
#5493 = ( GEOMETRIC_REPRESENTATION_CONTEXT(2) 
PARAMETRIC_REPRESENTATION_CONTEXT() REPRESENTATION_CONTEXT('2D SPACE',''
  ) );
#5494 = PCURVE('',#3789,#5495);
#5495 = DEFINITIONAL_REPRESENTATION('',(#5496),#5500);
#5496 = LINE('',#5497,#5498);
#5497 = CARTESIAN_POINT('',(-8.25,158.79490531761));
#5498 = VECTOR('',#5499,1.);
#5499 = DIRECTION('',(-1.,0.));
#5500 = ( GEOMETRIC_REPRESENTATION_CONTEXT(2) 
PARAMETRIC_REPRESENTATION_CONTEXT() REPRESENTATION_CONTEXT('2D SPACE',''
  ) );
#5501 = ORIENTED_EDGE('',*,*,#5502,.T.);
#5502 = EDGE_CURVE('',#5480,#4819,#5503,.T.);
#5503 = SURFACE_CURVE('',#5504,(#5508,#5515),.PCURVE_S1.);
#5504 = LINE('',#5505,#5506);
#5505 = CARTESIAN_POINT('',(0.575258546758,-34.10710796577,22.1));
#5506 = VECTOR('',#5507,1.);
#5507 = DIRECTION('',(-0.369382335014,0.929277509994,-4.100967732222E-17
    ));
#5508 = PCURVE('',#3453,#5509);
#5509 = DEFINITIONAL_REPRESENTATION('',(#5510),#5514);
#5510 = LINE('',#5511,#5512);
#5511 = CARTESIAN_POINT('',(-2.1,-36.83579034093));
#5512 = VECTOR('',#5513,1.);
#5513 = DIRECTION('',(-0.,-1.));
#5514 = ( GEOMETRIC_REPRESENTATION_CONTEXT(2) 
PARAMETRIC_REPRESENTATION_CONTEXT() REPRESENTATION_CONTEXT('2D SPACE',''
  ) );
#5515 = PCURVE('',#4034,#5516);
#5516 = DEFINITIONAL_REPRESENTATION('',(#5517),#5521);
#5517 = LINE('',#5518,#5519);
#5518 = CARTESIAN_POINT('',(-64.74111295912,-104.6966558507));
#5519 = VECTOR('',#5520,1.);
#5520 = DIRECTION('',(-0.654167260507,0.756349915899));
#5521 = ( GEOMETRIC_REPRESENTATION_CONTEXT(2) 
PARAMETRIC_REPRESENTATION_CONTEXT() REPRESENTATION_CONTEXT('2D SPACE',''
  ) );
#5522 = ORIENTED_EDGE('',*,*,#4841,.T.);
#5523 = ADVANCED_FACE('',(#5524),#3378,.T.);
#5524 = FACE_BOUND('',#5525,.F.);
#5525 = EDGE_LOOP('',(#5526,#5551,#5572,#5573,#5574,#5597));
#5526 = ORIENTED_EDGE('',*,*,#5527,.F.);
#5527 = EDGE_CURVE('',#5528,#5530,#5532,.T.);
#5528 = VERTEX_POINT('',#5529);
#5529 = CARTESIAN_POINT('',(14.,-61.,-6.));
#5530 = VERTEX_POINT('',#5531);
#5531 = CARTESIAN_POINT('',(6.,-61.,-6.));
#5532 = SURFACE_CURVE('',#5533,(#5537,#5544),.PCURVE_S1.);
#5533 = LINE('',#5534,#5535);
#5534 = CARTESIAN_POINT('',(5.5,-61.,-6.));
#5535 = VECTOR('',#5536,1.);
#5536 = DIRECTION('',(-1.,-0.,-1.110223024625E-16));
#5537 = PCURVE('',#3378,#5538);
#5538 = DEFINITIONAL_REPRESENTATION('',(#5539),#5543);
#5539 = LINE('',#5540,#5541);
#5540 = CARTESIAN_POINT('',(0.5,1.));
#5541 = VECTOR('',#5542,1.);
#5542 = DIRECTION('',(1.,-0.));
#5543 = ( GEOMETRIC_REPRESENTATION_CONTEXT(2) 
PARAMETRIC_REPRESENTATION_CONTEXT() REPRESENTATION_CONTEXT('2D SPACE',''
  ) );
#5544 = PCURVE('',#5295,#5545);
#5545 = DEFINITIONAL_REPRESENTATION('',(#5546),#5550);
#5546 = LINE('',#5547,#5548);
#5547 = CARTESIAN_POINT('',(-0.5,-38.));
#5548 = VECTOR('',#5549,1.);
#5549 = DIRECTION('',(1.,-0.));
#5550 = ( GEOMETRIC_REPRESENTATION_CONTEXT(2) 
PARAMETRIC_REPRESENTATION_CONTEXT() REPRESENTATION_CONTEXT('2D SPACE',''
  ) );
#5551 = ORIENTED_EDGE('',*,*,#5552,.F.);
#5552 = EDGE_CURVE('',#3335,#5528,#5553,.T.);
#5553 = SURFACE_CURVE('',#5554,(#5558,#5565),.PCURVE_S1.);
#5554 = LINE('',#5555,#5556);
#5555 = CARTESIAN_POINT('',(14.,-61.,22.));
#5556 = VECTOR('',#5557,1.);
#5557 = DIRECTION('',(1.110223024625E-16,0.,-1.));
#5558 = PCURVE('',#3378,#5559);
#5559 = DEFINITIONAL_REPRESENTATION('',(#5560),#5564);
#5560 = LINE('',#5561,#5562);
#5561 = CARTESIAN_POINT('',(-8.,29.));
#5562 = VECTOR('',#5563,1.);
#5563 = DIRECTION('',(-0.,-1.));
#5564 = ( GEOMETRIC_REPRESENTATION_CONTEXT(2) 
PARAMETRIC_REPRESENTATION_CONTEXT() REPRESENTATION_CONTEXT('2D SPACE',''
  ) );
#5565 = PCURVE('',#3350,#5566);
#5566 = DEFINITIONAL_REPRESENTATION('',(#5567),#5571);
#5567 = LINE('',#5568,#5569);
#5568 = CARTESIAN_POINT('',(-29.,18.));
#5569 = VECTOR('',#5570,1.);
#5570 = DIRECTION('',(1.,-0.));
#5571 = ( GEOMETRIC_REPRESENTATION_CONTEXT(2) 
PARAMETRIC_REPRESENTATION_CONTEXT() REPRESENTATION_CONTEXT('2D SPACE',''
  ) );
#5572 = ORIENTED_EDGE('',*,*,#3362,.T.);
#5573 = ORIENTED_EDGE('',*,*,#3915,.T.);
#5574 = ORIENTED_EDGE('',*,*,#5575,.F.);
#5575 = EDGE_CURVE('',#5576,#3916,#5578,.T.);
#5576 = VERTEX_POINT('',#5577);
#5577 = CARTESIAN_POINT('',(6.,-61.,22.));
#5578 = SURFACE_CURVE('',#5579,(#5583,#5590),.PCURVE_S1.);
#5579 = LINE('',#5580,#5581);
#5580 = CARTESIAN_POINT('',(6.,-61.,22.));
#5581 = VECTOR('',#5582,1.);
#5582 = DIRECTION('',(1.,0.,1.110223024625E-16));
#5583 = PCURVE('',#3378,#5584);
#5584 = DEFINITIONAL_REPRESENTATION('',(#5585),#5589);
#5585 = LINE('',#5586,#5587);
#5586 = CARTESIAN_POINT('',(3.330669073875E-16,29.));
#5587 = VECTOR('',#5588,1.);
#5588 = DIRECTION('',(-1.,0.));
#5589 = ( GEOMETRIC_REPRESENTATION_CONTEXT(2) 
PARAMETRIC_REPRESENTATION_CONTEXT() REPRESENTATION_CONTEXT('2D SPACE',''
  ) );
#5590 = PCURVE('',#3954,#5591);
#5591 = DEFINITIONAL_REPRESENTATION('',(#5592),#5596);
#5592 = LINE('',#5593,#5594);
#5593 = CARTESIAN_POINT('',(-0.,-18.));
#5594 = VECTOR('',#5595,1.);
#5595 = DIRECTION('',(-1.,0.));
#5596 = ( GEOMETRIC_REPRESENTATION_CONTEXT(2) 
PARAMETRIC_REPRESENTATION_CONTEXT() REPRESENTATION_CONTEXT('2D SPACE',''
  ) );
#5597 = ORIENTED_EDGE('',*,*,#5598,.T.);
#5598 = EDGE_CURVE('',#5576,#5530,#5599,.T.);
#5599 = SURFACE_CURVE('',#5600,(#5604,#5611),.PCURVE_S1.);
#5600 = LINE('',#5601,#5602);
#5601 = CARTESIAN_POINT('',(6.,-61.,22.));
#5602 = VECTOR('',#5603,1.);
#5603 = DIRECTION('',(1.110223024625E-16,0.,-1.));
#5604 = PCURVE('',#3378,#5605);
#5605 = DEFINITIONAL_REPRESENTATION('',(#5606),#5610);
#5606 = LINE('',#5607,#5608);
#5607 = CARTESIAN_POINT('',(3.330669073875E-16,29.));
#5608 = VECTOR('',#5609,1.);
#5609 = DIRECTION('',(-0.,-1.));
#5610 = ( GEOMETRIC_REPRESENTATION_CONTEXT(2) 
PARAMETRIC_REPRESENTATION_CONTEXT() REPRESENTATION_CONTEXT('2D SPACE',''
  ) );
#5611 = PCURVE('',#3899,#5612);
#5612 = DEFINITIONAL_REPRESENTATION('',(#5613),#5617);
#5613 = LINE('',#5614,#5615);
#5614 = CARTESIAN_POINT('',(-62.,124.));
#5615 = VECTOR('',#5616,1.);
#5616 = DIRECTION('',(1.,-0.));
#5617 = ( GEOMETRIC_REPRESENTATION_CONTEXT(2) 
PARAMETRIC_REPRESENTATION_CONTEXT() REPRESENTATION_CONTEXT('2D SPACE',''
  ) );
#5618 = ADVANCED_FACE('',(#5619),#3350,.T.);
#5619 = FACE_BOUND('',#5620,.F.);
#5620 = EDGE_LOOP('',(#5621,#5622,#5623,#5624));
#5621 = ORIENTED_EDGE('',*,*,#5307,.F.);
#5622 = ORIENTED_EDGE('',*,*,#3334,.T.);
#5623 = ORIENTED_EDGE('',*,*,#5552,.T.);
#5624 = ORIENTED_EDGE('',*,*,#5625,.F.);
#5625 = EDGE_CURVE('',#5280,#5528,#5626,.T.);
#5626 = SURFACE_CURVE('',#5627,(#5631,#5638),.PCURVE_S1.);
#5627 = LINE('',#5628,#5629);
#5628 = CARTESIAN_POINT('',(14.,-89.,-6.));
#5629 = VECTOR('',#5630,1.);
#5630 = DIRECTION('',(0.,1.,0.));
#5631 = PCURVE('',#3350,#5632);
#5632 = DEFINITIONAL_REPRESENTATION('',(#5633),#5637);
#5633 = LINE('',#5634,#5635);
#5634 = CARTESIAN_POINT('',(-1.,-10.));
#5635 = VECTOR('',#5636,1.);
#5636 = DIRECTION('',(-0.,1.));
#5637 = ( GEOMETRIC_REPRESENTATION_CONTEXT(2) 
PARAMETRIC_REPRESENTATION_CONTEXT() REPRESENTATION_CONTEXT('2D SPACE',''
  ) );
#5638 = PCURVE('',#5295,#5639);
#5639 = DEFINITIONAL_REPRESENTATION('',(#5640),#5644);
#5640 = LINE('',#5641,#5642);
#5641 = CARTESIAN_POINT('',(-9.,-10.));
#5642 = VECTOR('',#5643,1.);
#5643 = DIRECTION('',(-0.,-1.));
#5644 = ( GEOMETRIC_REPRESENTATION_CONTEXT(2) 
PARAMETRIC_REPRESENTATION_CONTEXT() REPRESENTATION_CONTEXT('2D SPACE',''
  ) );
#5645 = ADVANCED_FACE('',(#5646),#3686,.F.);
#5646 = FACE_BOUND('',#5647,.T.);
#5647 = EDGE_LOOP('',(#5648,#5649,#5672,#5695));
#5648 = ORIENTED_EDGE('',*,*,#3668,.F.);
#5649 = ORIENTED_EDGE('',*,*,#5650,.F.);
#5650 = EDGE_CURVE('',#5651,#3669,#5653,.T.);
#5651 = VERTEX_POINT('',#5652);
#5652 = CARTESIAN_POINT('',(10.,-70.,22.));
#5653 = SURFACE_CURVE('',#5654,(#5658,#5665),.PCURVE_S1.);
#5654 = LINE('',#5655,#5656);
#5655 = CARTESIAN_POINT('',(10.,-70.,20.));
#5656 = VECTOR('',#5657,1.);
#5657 = DIRECTION('',(-1.110223024625E-16,-0.,1.));
#5658 = PCURVE('',#3686,#5659);
#5659 = DEFINITIONAL_REPRESENTATION('',(#5660),#5664);
#5660 = LINE('',#5661,#5662);
#5661 = CARTESIAN_POINT('',(-4.5,4.642673795375E-16));
#5662 = VECTOR('',#5663,1.);
#5663 = DIRECTION('',(-0.,1.));
#5664 = ( GEOMETRIC_REPRESENTATION_CONTEXT(2) 
PARAMETRIC_REPRESENTATION_CONTEXT() REPRESENTATION_CONTEXT('2D SPACE',''
  ) );
#5665 = PCURVE('',#3714,#5666);
#5666 = DEFINITIONAL_REPRESENTATION('',(#5667),#5671);
#5667 = LINE('',#5668,#5669);
#5668 = CARTESIAN_POINT('',(-4.5,-3.962314928554E-15));
#5669 = VECTOR('',#5670,1.);
#5670 = DIRECTION('',(-0.,1.));
#5671 = ( GEOMETRIC_REPRESENTATION_CONTEXT(2) 
PARAMETRIC_REPRESENTATION_CONTEXT() REPRESENTATION_CONTEXT('2D SPACE',''
  ) );
#5672 = ORIENTED_EDGE('',*,*,#5673,.T.);
#5673 = EDGE_CURVE('',#5651,#5674,#5676,.T.);
#5674 = VERTEX_POINT('',#5675);
#5675 = CARTESIAN_POINT('',(6.,-71.5899764324,22.));
#5676 = SURFACE_CURVE('',#5677,(#5681,#5688),.PCURVE_S1.);
#5677 = LINE('',#5678,#5679);
#5678 = CARTESIAN_POINT('',(8.819096881998,-70.46940203164,22.));
#5679 = VECTOR('',#5680,1.);
#5680 = DIRECTION('',(-0.929277509994,-0.369382335014,
    -1.031705287861E-16));
#5681 = PCURVE('',#3686,#5682);
#5682 = DEFINITIONAL_REPRESENTATION('',(#5683),#5687);
#5683 = LINE('',#5684,#5685);
#5684 = CARTESIAN_POINT('',(-5.770775527549,2.));
#5685 = VECTOR('',#5686,1.);
#5686 = DIRECTION('',(-1.,0.));
#5687 = ( GEOMETRIC_REPRESENTATION_CONTEXT(2) 
PARAMETRIC_REPRESENTATION_CONTEXT() REPRESENTATION_CONTEXT('2D SPACE',''
  ) );
#5688 = PCURVE('',#3954,#5689);
#5689 = DEFINITIONAL_REPRESENTATION('',(#5690),#5694);
#5690 = LINE('',#5691,#5692);
#5691 = CARTESIAN_POINT('',(-2.819096881998,-8.530597968355));
#5692 = VECTOR('',#5693,1.);
#5693 = DIRECTION('',(0.929277509994,0.369382335014));
#5694 = ( GEOMETRIC_REPRESENTATION_CONTEXT(2) 
PARAMETRIC_REPRESENTATION_CONTEXT() REPRESENTATION_CONTEXT('2D SPACE',''
  ) );
#5695 = ORIENTED_EDGE('',*,*,#5696,.F.);
#5696 = EDGE_CURVE('',#3671,#5674,#5697,.T.);
#5697 = SURFACE_CURVE('',#5698,(#5702,#5709),.PCURVE_S1.);
#5698 = LINE('',#5699,#5700);
#5699 = CARTESIAN_POINT('',(6.,-71.5899764324,-10.));
#5700 = VECTOR('',#5701,1.);
#5701 = DIRECTION('',(1.110223024625E-16,0.,-1.));
#5702 = PCURVE('',#3686,#5703);
#5703 = DEFINITIONAL_REPRESENTATION('',(#5704),#5708);
#5704 = LINE('',#5705,#5706);
#5705 = CARTESIAN_POINT('',(-8.804419247193,-30.));
#5706 = VECTOR('',#5707,1.);
#5707 = DIRECTION('',(-0.,-1.));
#5708 = ( GEOMETRIC_REPRESENTATION_CONTEXT(2) 
PARAMETRIC_REPRESENTATION_CONTEXT() REPRESENTATION_CONTEXT('2D SPACE',''
  ) );
#5709 = PCURVE('',#3899,#5710);
#5710 = DEFINITIONAL_REPRESENTATION('',(#5711),#5715);
#5711 = LINE('',#5712,#5713);
#5712 = CARTESIAN_POINT('',(-30.,113.41002356759));
#5713 = VECTOR('',#5714,1.);
#5714 = DIRECTION('',(1.,-0.));
#5715 = ( GEOMETRIC_REPRESENTATION_CONTEXT(2) 
PARAMETRIC_REPRESENTATION_CONTEXT() REPRESENTATION_CONTEXT('2D SPACE',''
  ) );
#5716 = ADVANCED_FACE('',(#5717,#5787),#3899,.F.);
#5717 = FACE_BOUND('',#5718,.T.);
#5718 = EDGE_LOOP('',(#5719,#5720,#5741,#5742,#5763,#5764,#5785,#5786));
#5719 = ORIENTED_EDGE('',*,*,#5696,.T.);
#5720 = ORIENTED_EDGE('',*,*,#5721,.T.);
#5721 = EDGE_CURVE('',#5674,#5576,#5722,.T.);
#5722 = SURFACE_CURVE('',#5723,(#5727,#5734),.PCURVE_S1.);
#5723 = LINE('',#5724,#5725);
#5724 = CARTESIAN_POINT('',(6.,-79.,22.));
#5725 = VECTOR('',#5726,1.);
#5726 = DIRECTION('',(0.,1.,0.));
#5727 = PCURVE('',#3899,#5728);
#5728 = DEFINITIONAL_REPRESENTATION('',(#5729),#5733);
#5729 = LINE('',#5730,#5731);
#5730 = CARTESIAN_POINT('',(-62.,106.));
#5731 = VECTOR('',#5732,1.);
#5732 = DIRECTION('',(-0.,1.));
#5733 = ( GEOMETRIC_REPRESENTATION_CONTEXT(2) 
PARAMETRIC_REPRESENTATION_CONTEXT() REPRESENTATION_CONTEXT('2D SPACE',''
  ) );
#5734 = PCURVE('',#3954,#5735);
#5735 = DEFINITIONAL_REPRESENTATION('',(#5736),#5740);
#5736 = LINE('',#5737,#5738);
#5737 = CARTESIAN_POINT('',(-0.,0.));
#5738 = VECTOR('',#5739,1.);
#5739 = DIRECTION('',(-0.,-1.));
#5740 = ( GEOMETRIC_REPRESENTATION_CONTEXT(2) 
PARAMETRIC_REPRESENTATION_CONTEXT() REPRESENTATION_CONTEXT('2D SPACE',''
  ) );
#5741 = ORIENTED_EDGE('',*,*,#5598,.T.);
#5742 = ORIENTED_EDGE('',*,*,#5743,.F.);
#5743 = EDGE_CURVE('',#5255,#5530,#5744,.T.);
#5744 = SURFACE_CURVE('',#5745,(#5749,#5756),.PCURVE_S1.);
#5745 = LINE('',#5746,#5747);
#5746 = CARTESIAN_POINT('',(6.,-89.,-6.));
#5747 = VECTOR('',#5748,1.);
#5748 = DIRECTION('',(0.,1.,0.));
#5749 = PCURVE('',#3899,#5750);
#5750 = DEFINITIONAL_REPRESENTATION('',(#5751),#5755);
#5751 = LINE('',#5752,#5753);
#5752 = CARTESIAN_POINT('',(-34.,96.));
#5753 = VECTOR('',#5754,1.);
#5754 = DIRECTION('',(-0.,1.));
#5755 = ( GEOMETRIC_REPRESENTATION_CONTEXT(2) 
PARAMETRIC_REPRESENTATION_CONTEXT() REPRESENTATION_CONTEXT('2D SPACE',''
  ) );
#5756 = PCURVE('',#5295,#5757);
#5757 = DEFINITIONAL_REPRESENTATION('',(#5758),#5762);
#5758 = LINE('',#5759,#5760);
#5759 = CARTESIAN_POINT('',(-1.,-10.));
#5760 = VECTOR('',#5761,1.);
#5761 = DIRECTION('',(-0.,-1.));
#5762 = ( GEOMETRIC_REPRESENTATION_CONTEXT(2) 
PARAMETRIC_REPRESENTATION_CONTEXT() REPRESENTATION_CONTEXT('2D SPACE',''
  ) );
#5763 = ORIENTED_EDGE('',*,*,#5254,.T.);
#5764 = ORIENTED_EDGE('',*,*,#5765,.T.);
#5765 = EDGE_CURVE('',#5257,#5382,#5766,.T.);
#5766 = SURFACE_CURVE('',#5767,(#5771,#5778),.PCURVE_S1.);
#5767 = LINE('',#5768,#5769);
#5768 = CARTESIAN_POINT('',(6.,-79.,22.));
#5769 = VECTOR('',#5770,1.);
#5770 = DIRECTION('',(0.,1.,0.));
#5771 = PCURVE('',#3899,#5772);
#5772 = DEFINITIONAL_REPRESENTATION('',(#5773),#5777);
#5773 = LINE('',#5774,#5775);
#5774 = CARTESIAN_POINT('',(-62.,106.));
#5775 = VECTOR('',#5776,1.);
#5776 = DIRECTION('',(-0.,1.));
#5777 = ( GEOMETRIC_REPRESENTATION_CONTEXT(2) 
PARAMETRIC_REPRESENTATION_CONTEXT() REPRESENTATION_CONTEXT('2D SPACE',''
  ) );
#5778 = PCURVE('',#5366,#5779);
#5779 = DEFINITIONAL_REPRESENTATION('',(#5780),#5784);
#5780 = LINE('',#5781,#5782);
#5781 = CARTESIAN_POINT('',(-0.,0.));
#5782 = VECTOR('',#5783,1.);
#5783 = DIRECTION('',(-0.,-1.));
#5784 = ( GEOMETRIC_REPRESENTATION_CONTEXT(2) 
PARAMETRIC_REPRESENTATION_CONTEXT() REPRESENTATION_CONTEXT('2D SPACE',''
  ) );
#5785 = ORIENTED_EDGE('',*,*,#5404,.F.);
#5786 = ORIENTED_EDGE('',*,*,#3885,.F.);
#5787 = FACE_BOUND('',#5788,.T.);
#5788 = EDGE_LOOP('',(#5789));
#5789 = ORIENTED_EDGE('',*,*,#5790,.F.);
#5790 = EDGE_CURVE('',#5791,#5791,#5793,.T.);
#5791 = VERTEX_POINT('',#5792);
#5792 = CARTESIAN_POINT('',(6.,-70.,-0.3));
#5793 = SURFACE_CURVE('',#5794,(#5799,#5810),.PCURVE_S1.);
#5794 = CIRCLE('',#5795,2.7);
#5795 = AXIS2_PLACEMENT_3D('',#5796,#5797,#5798);
#5796 = CARTESIAN_POINT('',(6.,-70.,-3.));
#5797 = DIRECTION('',(-1.,0.,-1.110223024625E-16));
#5798 = DIRECTION('',(-1.110223024625E-16,-0.,1.));
#5799 = PCURVE('',#3899,#5800);
#5800 = DEFINITIONAL_REPRESENTATION('',(#5801),#5809);
#5801 = ( BOUNDED_CURVE() B_SPLINE_CURVE(2,(#5802,#5803,#5804,#5805,
#5806,#5807,#5808),.UNSPECIFIED.,.T.,.F.) B_SPLINE_CURVE_WITH_KNOTS((1,2
    ,2,2,2,1),(-2.094395102393,0.,2.094395102393,4.188790204786,
6.28318530718,8.377580409573),.UNSPECIFIED.) CURVE() 
GEOMETRIC_REPRESENTATION_ITEM() RATIONAL_B_SPLINE_CURVE((1.,0.5,1.,0.5,
1.,0.5,1.)) REPRESENTATION_ITEM('') );
#5802 = CARTESIAN_POINT('',(-39.7,115.));
#5803 = CARTESIAN_POINT('',(-39.7,119.67653718043));
#5804 = CARTESIAN_POINT('',(-35.65,117.33826859021));
#5805 = CARTESIAN_POINT('',(-31.6,115.));
#5806 = CARTESIAN_POINT('',(-35.65,112.66173140978));
#5807 = CARTESIAN_POINT('',(-39.7,110.32346281956));
#5808 = CARTESIAN_POINT('',(-39.7,115.));
#5809 = ( GEOMETRIC_REPRESENTATION_CONTEXT(2) 
PARAMETRIC_REPRESENTATION_CONTEXT() REPRESENTATION_CONTEXT('2D SPACE',''
  ) );
#5810 = PCURVE('',#5811,#5816);
#5811 = CYLINDRICAL_SURFACE('',#5812,2.7);
#5812 = AXIS2_PLACEMENT_3D('',#5813,#5814,#5815);
#5813 = CARTESIAN_POINT('',(6.,-70.,-3.));
#5814 = DIRECTION('',(1.,0.,1.110223024625E-16));
#5815 = DIRECTION('',(-1.110223024625E-16,-0.,1.));
#5816 = DEFINITIONAL_REPRESENTATION('',(#5817),#5821);
#5817 = LINE('',#5818,#5819);
#5818 = CARTESIAN_POINT('',(-0.,0.));
#5819 = VECTOR('',#5820,1.);
#5820 = DIRECTION('',(-1.,0.));
#5821 = ( GEOMETRIC_REPRESENTATION_CONTEXT(2) 
PARAMETRIC_REPRESENTATION_CONTEXT() REPRESENTATION_CONTEXT('2D SPACE',''
  ) );
#5822 = ADVANCED_FACE('',(#5823),#3850,.T.);
#5823 = FACE_BOUND('',#5824,.F.);
#5824 = EDGE_LOOP('',(#5825,#5826,#5849,#5870));
#5825 = ORIENTED_EDGE('',*,*,#3834,.F.);
#5826 = ORIENTED_EDGE('',*,*,#5827,.F.);
#5827 = EDGE_CURVE('',#5828,#3802,#5830,.T.);
#5828 = VERTEX_POINT('',#5829);
#5829 = CARTESIAN_POINT('',(29.961089552845,-122.1868935957,22.1));
#5830 = SURFACE_CURVE('',#5831,(#5835,#5842),.PCURVE_S1.);
#5831 = LINE('',#5832,#5833);
#5832 = CARTESIAN_POINT('',(29.961089552845,-122.1868935957,3.5));
#5833 = VECTOR('',#5834,1.);
#5834 = DIRECTION('',(0.,0.,1.));
#5835 = PCURVE('',#3850,#5836);
#5836 = DEFINITIONAL_REPRESENTATION('',(#5837),#5841);
#5837 = LINE('',#5838,#5839);
#5838 = CARTESIAN_POINT('',(-5.227525017079,-16.5));
#5839 = VECTOR('',#5840,1.);
#5840 = DIRECTION('',(1.031705287861E-16,1.));
#5841 = ( GEOMETRIC_REPRESENTATION_CONTEXT(2) 
PARAMETRIC_REPRESENTATION_CONTEXT() REPRESENTATION_CONTEXT('2D SPACE',''
  ) );
#5842 = PCURVE('',#3822,#5843);
#5843 = DEFINITIONAL_REPRESENTATION('',(#5844),#5848);
#5844 = LINE('',#5845,#5846);
#5845 = CARTESIAN_POINT('',(-5.134580666361,1.57485995246E-16));
#5846 = VECTOR('',#5847,1.);
#5847 = DIRECTION('',(-0.,1.));
#5848 = ( GEOMETRIC_REPRESENTATION_CONTEXT(2) 
PARAMETRIC_REPRESENTATION_CONTEXT() REPRESENTATION_CONTEXT('2D SPACE',''
  ) );
#5849 = ORIENTED_EDGE('',*,*,#5850,.T.);
#5850 = EDGE_CURVE('',#5828,#5427,#5851,.T.);
#5851 = SURFACE_CURVE('',#5852,(#5856,#5863),.PCURVE_S1.);
#5852 = LINE('',#5853,#5854);
#5853 = CARTESIAN_POINT('',(89.393548415463,-98.56284136782,22.1));
#5854 = VECTOR('',#5855,1.);
#5855 = DIRECTION('',(-0.929277509994,-0.369382335014,
    -1.031705287861E-16));
#5856 = PCURVE('',#3850,#5857);
#5857 = DEFINITIONAL_REPRESENTATION('',(#5858),#5862);
#5858 = LINE('',#5859,#5860);
#5859 = CARTESIAN_POINT('',(58.728029941992,2.1));
#5860 = VECTOR('',#5861,1.);
#5861 = DIRECTION('',(-1.,0.));
#5862 = ( GEOMETRIC_REPRESENTATION_CONTEXT(2) 
PARAMETRIC_REPRESENTATION_CONTEXT() REPRESENTATION_CONTEXT('2D SPACE',''
  ) );
#5863 = PCURVE('',#4200,#5864);
#5864 = DEFINITIONAL_REPRESENTATION('',(#5865),#5869);
#5865 = LINE('',#5866,#5867);
#5866 = CARTESIAN_POINT('',(40.322515129081,-136.3962494844));
#5867 = VECTOR('',#5868,1.);
#5868 = DIRECTION('',(-0.756349915899,-0.654167260507));
#5869 = ( GEOMETRIC_REPRESENTATION_CONTEXT(2) 
PARAMETRIC_REPRESENTATION_CONTEXT() REPRESENTATION_CONTEXT('2D SPACE',''
  ) );
#5870 = ORIENTED_EDGE('',*,*,#5426,.T.);
#5871 = ADVANCED_FACE('',(#5872),#3822,.F.);
#5872 = FACE_BOUND('',#5873,.T.);
#5873 = EDGE_LOOP('',(#5874,#5875,#5903,#5926,#5954,#5975));
#5874 = ORIENTED_EDGE('',*,*,#5827,.F.);
#5875 = ORIENTED_EDGE('',*,*,#5876,.F.);
#5876 = EDGE_CURVE('',#5877,#5828,#5879,.T.);
#5877 = VERTEX_POINT('',#5878);
#5878 = CARTESIAN_POINT('',(38.492911633082,-118.5097572223,22.1));
#5879 = SURFACE_CURVE('',#5880,(#5885,#5892),.PCURVE_S1.);
#5880 = CIRCLE('',#5881,6.3);
#5881 = AXIS2_PLACEMENT_3D('',#5882,#5883,#5884);
#5882 = CARTESIAN_POINT('',(32.542581813833,-116.4400772852,22.1));
#5883 = DIRECTION('',(-0.,0.,-1.));
#5884 = DIRECTION('',(-1.,-0.,0.));
#5885 = PCURVE('',#3822,#5886);
#5886 = DEFINITIONAL_REPRESENTATION('',(#5887),#5891);
#5887 = LINE('',#5888,#5889);
#5888 = CARTESIAN_POINT('',(-0.,18.6));
#5889 = VECTOR('',#5890,1.);
#5890 = DIRECTION('',(-1.,0.));
#5891 = ( GEOMETRIC_REPRESENTATION_CONTEXT(2) 
PARAMETRIC_REPRESENTATION_CONTEXT() REPRESENTATION_CONTEXT('2D SPACE',''
  ) );
#5892 = PCURVE('',#4200,#5893);
#5893 = DEFINITIONAL_REPRESENTATION('',(#5894),#5902);
#5894 = ( BOUNDED_CURVE() B_SPLINE_CURVE(2,(#5895,#5896,#5897,#5898,
#5899,#5900,#5901),.UNSPECIFIED.,.T.,.F.) B_SPLINE_CURVE_WITH_KNOTS((1,2
    ,2,2,2,1),(-2.094395102393,0.,2.094395102393,4.188790204786,
6.28318530718,8.377580409573),.UNSPECIFIED.) CURVE() 
GEOMETRIC_REPRESENTATION_ITEM() RATIONAL_B_SPLINE_CURVE((1.,0.5,1.,0.5,
1.,0.5,1.)) REPRESENTATION_ITEM('') );
#5895 = CARTESIAN_POINT('',(-13.45032981924,-174.0276365559));
#5896 = CARTESIAN_POINT('',(-17.03512062576,-163.7213629872));
#5897 = CARTESIAN_POINT('',(-6.317230493633,-165.7699798659));
#5898 = CARTESIAN_POINT('',(4.400659638498,-167.8185967445));
#5899 = CARTESIAN_POINT('',(-2.732439687118,-176.0762534346));
#5900 = CARTESIAN_POINT('',(-9.865539012734,-184.3339101247));
#5901 = CARTESIAN_POINT('',(-13.45032981924,-174.0276365559));
#5902 = ( GEOMETRIC_REPRESENTATION_CONTEXT(2) 
PARAMETRIC_REPRESENTATION_CONTEXT() REPRESENTATION_CONTEXT('2D SPACE',''
  ) );
#5903 = ORIENTED_EDGE('',*,*,#5904,.F.);
#5904 = EDGE_CURVE('',#5905,#5877,#5907,.T.);
#5905 = VERTEX_POINT('',#5906);
#5906 = CARTESIAN_POINT('',(38.492911633082,-118.5097572223,16.9));
#5907 = SURFACE_CURVE('',#5908,(#5912,#5919),.PCURVE_S1.);
#5908 = LINE('',#5909,#5910);
#5909 = CARTESIAN_POINT('',(38.492911633082,-118.5097572223,15.9));
#5910 = VECTOR('',#5911,1.);
#5911 = DIRECTION('',(-1.110223024625E-16,-0.,1.));
#5912 = PCURVE('',#3822,#5913);
#5913 = DEFINITIONAL_REPRESENTATION('',(#5914),#5918);
#5914 = LINE('',#5915,#5916);
#5915 = CARTESIAN_POINT('',(-3.476329490907,12.4));
#5916 = VECTOR('',#5917,1.);
#5917 = DIRECTION('',(-0.,1.));
#5918 = ( GEOMETRIC_REPRESENTATION_CONTEXT(2) 
PARAMETRIC_REPRESENTATION_CONTEXT() REPRESENTATION_CONTEXT('2D SPACE',''
  ) );
#5919 = PCURVE('',#4171,#5920);
#5920 = DEFINITIONAL_REPRESENTATION('',(#5921),#5925);
#5921 = LINE('',#5922,#5923);
#5922 = CARTESIAN_POINT('',(1.008655784192E-15,167.15795661885));
#5923 = VECTOR('',#5924,1.);
#5924 = DIRECTION('',(-1.,0.));
#5925 = ( GEOMETRIC_REPRESENTATION_CONTEXT(2) 
PARAMETRIC_REPRESENTATION_CONTEXT() REPRESENTATION_CONTEXT('2D SPACE',''
  ) );
#5926 = ORIENTED_EDGE('',*,*,#5927,.T.);
#5927 = EDGE_CURVE('',#5905,#5928,#5930,.T.);
#5928 = VERTEX_POINT('',#5929);
#5929 = CARTESIAN_POINT('',(26.592251994584,-114.3703973481,16.9));
#5930 = SURFACE_CURVE('',#5931,(#5936,#5943),.PCURVE_S1.);
#5931 = CIRCLE('',#5932,6.3);
#5932 = AXIS2_PLACEMENT_3D('',#5933,#5934,#5935);
#5933 = CARTESIAN_POINT('',(32.542581813833,-116.4400772852,16.9));
#5934 = DIRECTION('',(-0.,0.,-1.));
#5935 = DIRECTION('',(-1.,-0.,0.));
#5936 = PCURVE('',#3822,#5937);
#5937 = DEFINITIONAL_REPRESENTATION('',(#5938),#5942);
#5938 = LINE('',#5939,#5940);
#5939 = CARTESIAN_POINT('',(-0.,13.4));
#5940 = VECTOR('',#5941,1.);
#5941 = DIRECTION('',(-1.,0.));
#5942 = ( GEOMETRIC_REPRESENTATION_CONTEXT(2) 
PARAMETRIC_REPRESENTATION_CONTEXT() REPRESENTATION_CONTEXT('2D SPACE',''
  ) );
#5943 = PCURVE('',#4139,#5944);
#5944 = DEFINITIONAL_REPRESENTATION('',(#5945),#5953);
#5945 = ( BOUNDED_CURVE() B_SPLINE_CURVE(2,(#5946,#5947,#5948,#5949,
#5950,#5951,#5952),.UNSPECIFIED.,.T.,.F.) B_SPLINE_CURVE_WITH_KNOTS((1,2
    ,2,2,2,1),(-2.094395102393,0.,2.094395102393,4.188790204786,
6.28318530718,8.377580409573),.UNSPECIFIED.) CURVE() 
GEOMETRIC_REPRESENTATION_ITEM() RATIONAL_B_SPLINE_CURVE((1.,0.5,1.,0.5,
1.,0.5,1.)) REPRESENTATION_ITEM('') );
#5946 = CARTESIAN_POINT('',(-13.45032981924,-174.0276365559));
#5947 = CARTESIAN_POINT('',(-17.03512062576,-163.7213629872));
#5948 = CARTESIAN_POINT('',(-6.317230493633,-165.7699798659));
#5949 = CARTESIAN_POINT('',(4.400659638498,-167.8185967445));
#5950 = CARTESIAN_POINT('',(-2.732439687118,-176.0762534346));
#5951 = CARTESIAN_POINT('',(-9.865539012734,-184.3339101247));
#5952 = CARTESIAN_POINT('',(-13.45032981924,-174.0276365559));
#5953 = ( GEOMETRIC_REPRESENTATION_CONTEXT(2) 
PARAMETRIC_REPRESENTATION_CONTEXT() REPRESENTATION_CONTEXT('2D SPACE',''
  ) );
#5954 = ORIENTED_EDGE('',*,*,#5955,.F.);
#5955 = EDGE_CURVE('',#3774,#5928,#5956,.T.);
#5956 = SURFACE_CURVE('',#5957,(#5961,#5968),.PCURVE_S1.);
#5957 = LINE('',#5958,#5959);
#5958 = CARTESIAN_POINT('',(26.592251994584,-114.3703973481,24.));
#5959 = VECTOR('',#5960,1.);
#5960 = DIRECTION('',(1.110223024625E-16,0.,-1.));
#5961 = PCURVE('',#3822,#5962);
#5962 = DEFINITIONAL_REPRESENTATION('',(#5963),#5967);
#5963 = LINE('',#5964,#5965);
#5964 = CARTESIAN_POINT('',(-6.617922144496,20.5));
#5965 = VECTOR('',#5966,1.);
#5966 = DIRECTION('',(-0.,-1.));
#5967 = ( GEOMETRIC_REPRESENTATION_CONTEXT(2) 
PARAMETRIC_REPRESENTATION_CONTEXT() REPRESENTATION_CONTEXT('2D SPACE',''
  ) );
#5968 = PCURVE('',#3789,#5969);
#5969 = DEFINITIONAL_REPRESENTATION('',(#5970),#5974);
#5970 = LINE('',#5971,#5972);
#5971 = CARTESIAN_POINT('',(-20.5,167.15795661885));
#5972 = VECTOR('',#5973,1.);
#5973 = DIRECTION('',(1.,-0.));
#5974 = ( GEOMETRIC_REPRESENTATION_CONTEXT(2) 
PARAMETRIC_REPRESENTATION_CONTEXT() REPRESENTATION_CONTEXT('2D SPACE',''
  ) );
#5975 = ORIENTED_EDGE('',*,*,#3801,.F.);
#5976 = ADVANCED_FACE('',(#5977),#3789,.F.);
#5977 = FACE_BOUND('',#5978,.T.);
#5978 = EDGE_LOOP('',(#5979,#5980,#6001,#6002,#6023,#6024));
#5979 = ORIENTED_EDGE('',*,*,#5955,.T.);
#5980 = ORIENTED_EDGE('',*,*,#5981,.T.);
#5981 = EDGE_CURVE('',#5928,#4100,#5982,.T.);
#5982 = SURFACE_CURVE('',#5983,(#5987,#5994),.PCURVE_S1.);
#5983 = LINE('',#5984,#5985);
#5984 = CARTESIAN_POINT('',(82.295537866777,45.776549534455,16.9));
#5985 = VECTOR('',#5986,1.);
#5986 = DIRECTION('',(0.328520624941,0.944496796706,3.64731161874E-17));
#5987 = PCURVE('',#3789,#5988);
#5988 = DEFINITIONAL_REPRESENTATION('',(#5989),#5993);
#5989 = LINE('',#5990,#5991);
#5990 = CARTESIAN_POINT('',(-13.4,-2.4));
#5991 = VECTOR('',#5992,1.);
#5992 = DIRECTION('',(-0.,-1.));
#5993 = ( GEOMETRIC_REPRESENTATION_CONTEXT(2) 
PARAMETRIC_REPRESENTATION_CONTEXT() REPRESENTATION_CONTEXT('2D SPACE',''
  ) );
#5994 = PCURVE('',#4139,#5995);
#5995 = DEFINITIONAL_REPRESENTATION('',(#5996),#6000);
#5996 = LINE('',#5997,#5998);
#5997 = CARTESIAN_POINT('',(-13.8,-2.4));
#5998 = VECTOR('',#5999,1.);
#5999 = DIRECTION('',(-7.965226789662E-18,1.));
#6000 = ( GEOMETRIC_REPRESENTATION_CONTEXT(2) 
PARAMETRIC_REPRESENTATION_CONTEXT() REPRESENTATION_CONTEXT('2D SPACE',''
  ) );
#6001 = ORIENTED_EDGE('',*,*,#4099,.T.);
#6002 = ORIENTED_EDGE('',*,*,#6003,.F.);
#6003 = EDGE_CURVE('',#5480,#4072,#6004,.T.);
#6004 = SURFACE_CURVE('',#6005,(#6009,#6016),.PCURVE_S1.);
#6005 = LINE('',#6006,#6007);
#6006 = CARTESIAN_POINT('',(82.295537866777,45.776549534455,22.1));
#6007 = VECTOR('',#6008,1.);
#6008 = DIRECTION('',(0.328520624941,0.944496796706,3.64731161874E-17));
#6009 = PCURVE('',#3789,#6010);
#6010 = DEFINITIONAL_REPRESENTATION('',(#6011),#6015);
#6011 = LINE('',#6012,#6013);
#6012 = CARTESIAN_POINT('',(-18.6,-2.4));
#6013 = VECTOR('',#6014,1.);
#6014 = DIRECTION('',(-0.,-1.));
#6015 = ( GEOMETRIC_REPRESENTATION_CONTEXT(2) 
PARAMETRIC_REPRESENTATION_CONTEXT() REPRESENTATION_CONTEXT('2D SPACE',''
  ) );
#6016 = PCURVE('',#4034,#6017);
#6017 = DEFINITIONAL_REPRESENTATION('',(#6018),#6022);
#6018 = LINE('',#6019,#6020);
#6019 = CARTESIAN_POINT('',(-13.8,-2.4));
#6020 = VECTOR('',#6021,1.);
#6021 = DIRECTION('',(-7.965226789662E-18,1.));
#6022 = ( GEOMETRIC_REPRESENTATION_CONTEXT(2) 
PARAMETRIC_REPRESENTATION_CONTEXT() REPRESENTATION_CONTEXT('2D SPACE',''
  ) );
#6023 = ORIENTED_EDGE('',*,*,#5479,.T.);
#6024 = ORIENTED_EDGE('',*,*,#3773,.F.);
#6025 = ADVANCED_FACE('',(#6026),#3714,.F.);
#6026 = FACE_BOUND('',#6027,.T.);
#6027 = EDGE_LOOP('',(#6028,#6029,#6050,#6051));
#6028 = ORIENTED_EDGE('',*,*,#3966,.F.);
#6029 = ORIENTED_EDGE('',*,*,#6030,.T.);
#6030 = EDGE_CURVE('',#3939,#5651,#6031,.T.);
#6031 = SURFACE_CURVE('',#6032,(#6036,#6043),.PCURVE_S1.);
#6032 = LINE('',#6033,#6034);
#6033 = CARTESIAN_POINT('',(8.923392925344,-69.24812583028,22.));
#6034 = VECTOR('',#6035,1.);
#6035 = DIRECTION('',(0.81985779367,-0.572567199687,9.102249994513E-17)
  );
#6036 = PCURVE('',#3714,#6037);
#6037 = DEFINITIONAL_REPRESENTATION('',(#6038),#6042);
#6038 = LINE('',#6039,#6040);
#6039 = CARTESIAN_POINT('',(-3.186836811252,2.));
#6040 = VECTOR('',#6041,1.);
#6041 = DIRECTION('',(-1.,0.));
#6042 = ( GEOMETRIC_REPRESENTATION_CONTEXT(2) 
PARAMETRIC_REPRESENTATION_CONTEXT() REPRESENTATION_CONTEXT('2D SPACE',''
  ) );
#6043 = PCURVE('',#3954,#6044);
#6044 = DEFINITIONAL_REPRESENTATION('',(#6045),#6049);
#6045 = LINE('',#6046,#6047);
#6046 = CARTESIAN_POINT('',(-2.923392925344,-9.751874169714));
#6047 = VECTOR('',#6048,1.);
#6048 = DIRECTION('',(-0.81985779367,0.572567199687));
#6049 = ( GEOMETRIC_REPRESENTATION_CONTEXT(2) 
PARAMETRIC_REPRESENTATION_CONTEXT() REPRESENTATION_CONTEXT('2D SPACE',''
  ) );
#6050 = ORIENTED_EDGE('',*,*,#5650,.T.);
#6051 = ORIENTED_EDGE('',*,*,#3698,.F.);
#6052 = ADVANCED_FACE('',(#6053),#3954,.T.);
#6053 = FACE_BOUND('',#6054,.F.);
#6054 = EDGE_LOOP('',(#6055,#6056,#6057,#6058,#6059));
#6055 = ORIENTED_EDGE('',*,*,#6030,.T.);
#6056 = ORIENTED_EDGE('',*,*,#5673,.T.);
#6057 = ORIENTED_EDGE('',*,*,#5721,.T.);
#6058 = ORIENTED_EDGE('',*,*,#5575,.T.);
#6059 = ORIENTED_EDGE('',*,*,#3938,.T.);
#6060 = ADVANCED_FACE('',(#6061),#4034,.T.);
#6061 = FACE_BOUND('',#6062,.F.);
#6062 = EDGE_LOOP('',(#6063,#6064,#6065,#6066,#6067));
#6063 = ORIENTED_EDGE('',*,*,#5502,.T.);
#6064 = ORIENTED_EDGE('',*,*,#4818,.F.);
#6065 = ORIENTED_EDGE('',*,*,#4018,.F.);
#6066 = ORIENTED_EDGE('',*,*,#4071,.F.);
#6067 = ORIENTED_EDGE('',*,*,#6003,.F.);
#6068 = ADVANCED_FACE('',(#6069),#4200,.T.);
#6069 = FACE_BOUND('',#6070,.F.);
#6070 = EDGE_LOOP('',(#6071,#6094,#6116,#6117,#6118,#6119,#6120,#6141,
    #6142,#6143,#6144));
#6071 = ORIENTED_EDGE('',*,*,#6072,.T.);
#6072 = EDGE_CURVE('',#4911,#6073,#6075,.T.);
#6073 = VERTEX_POINT('',#6074);
#6074 = CARTESIAN_POINT('',(38.049408789411,-123.4375665964,22.1));
#6075 = SURFACE_CURVE('',#6076,(#6080,#6087),.PCURVE_S1.);
#6076 = LINE('',#6077,#6078);
#6077 = CARTESIAN_POINT('',(96.118043161181,43.50975722236,22.1));
#6078 = VECTOR('',#6079,1.);
#6079 = DIRECTION('',(-0.328520624941,-0.944496796706,-3.64731161874E-17
    ));
#6080 = PCURVE('',#4200,#6081);
#6081 = DEFINITIONAL_REPRESENTATION('',(#6082),#6086);
#6082 = LINE('',#6083,#6084);
#6083 = CARTESIAN_POINT('',(-0.,0.));
#6084 = VECTOR('',#6085,1.);
#6085 = DIRECTION('',(7.965226789662E-18,-1.));
#6086 = ( GEOMETRIC_REPRESENTATION_CONTEXT(2) 
PARAMETRIC_REPRESENTATION_CONTEXT() REPRESENTATION_CONTEXT('2D SPACE',''
  ) );
#6087 = PCURVE('',#4983,#6088);
#6088 = DEFINITIONAL_REPRESENTATION('',(#6089),#6093);
#6089 = LINE('',#6090,#6091);
#6090 = CARTESIAN_POINT('',(-5.2,-1.896602041745E-16));
#6091 = VECTOR('',#6092,1.);
#6092 = DIRECTION('',(-0.,1.));
#6093 = ( GEOMETRIC_REPRESENTATION_CONTEXT(2) 
PARAMETRIC_REPRESENTATION_CONTEXT() REPRESENTATION_CONTEXT('2D SPACE',''
  ) );
#6094 = ORIENTED_EDGE('',*,*,#6095,.F.);
#6095 = EDGE_CURVE('',#4745,#6073,#6096,.T.);
#6096 = SURFACE_CURVE('',#6097,(#6102,#6109),.PCURVE_S1.);
#6097 = CIRCLE('',#6098,7.5);
#6098 = AXIS2_PLACEMENT_3D('',#6099,#6100,#6101);
#6099 = CARTESIAN_POINT('',(30.965682814115,-120.9736619094,22.1));
#6100 = DIRECTION('',(-1.110223024625E-16,8.005290703095E-34,1.));
#6101 = DIRECTION('',(-0.944496796706,0.328520624941,-1.048602090388E-16
    ));
#6102 = PCURVE('',#4200,#6103);
#6103 = DEFINITIONAL_REPRESENTATION('',(#6104),#6108);
#6104 = CIRCLE('',#6105,7.5);
#6105 = AXIS2_PLACEMENT_2D('',#6106,#6107);
#6106 = CARTESIAN_POINT('',(-7.5,-176.7579566188));
#6107 = DIRECTION('',(-1.,-2.486830670816E-15));
#6108 = ( GEOMETRIC_REPRESENTATION_CONTEXT(2) 
PARAMETRIC_REPRESENTATION_CONTEXT() REPRESENTATION_CONTEXT('2D SPACE',''
  ) );
#6109 = PCURVE('',#4760,#6110);
#6110 = DEFINITIONAL_REPRESENTATION('',(#6111),#6115);
#6111 = LINE('',#6112,#6113);
#6112 = CARTESIAN_POINT('',(-6.617922144496,5.2));
#6113 = VECTOR('',#6114,1.);
#6114 = DIRECTION('',(1.,-0.));
#6115 = ( GEOMETRIC_REPRESENTATION_CONTEXT(2) 
PARAMETRIC_REPRESENTATION_CONTEXT() REPRESENTATION_CONTEXT('2D SPACE',''
  ) );
#6116 = ORIENTED_EDGE('',*,*,#4886,.F.);
#6117 = ORIENTED_EDGE('',*,*,#5449,.F.);
#6118 = ORIENTED_EDGE('',*,*,#5850,.F.);
#6119 = ORIENTED_EDGE('',*,*,#5876,.F.);
#6120 = ORIENTED_EDGE('',*,*,#6121,.T.);
#6121 = EDGE_CURVE('',#5877,#4156,#6122,.T.);
#6122 = SURFACE_CURVE('',#6123,(#6127,#6134),.PCURVE_S1.);
#6123 = LINE('',#6124,#6125);
#6124 = CARTESIAN_POINT('',(94.196197505275,41.637189660195,22.1));
#6125 = VECTOR('',#6126,1.);
#6126 = DIRECTION('',(0.328520624941,0.944496796706,3.64731161874E-17));
#6127 = PCURVE('',#4200,#6128);
#6128 = DEFINITIONAL_REPRESENTATION('',(#6129),#6133);
#6129 = LINE('',#6130,#6131);
#6130 = CARTESIAN_POINT('',(-1.2,-2.4));
#6131 = VECTOR('',#6132,1.);
#6132 = DIRECTION('',(-7.965226789662E-18,1.));
#6133 = ( GEOMETRIC_REPRESENTATION_CONTEXT(2) 
PARAMETRIC_REPRESENTATION_CONTEXT() REPRESENTATION_CONTEXT('2D SPACE',''
  ) );
#6134 = PCURVE('',#4171,#6135);
#6135 = DEFINITIONAL_REPRESENTATION('',(#6136),#6140);
#6136 = LINE('',#6137,#6138);
#6137 = CARTESIAN_POINT('',(-6.2,-2.4));
#6138 = VECTOR('',#6139,1.);
#6139 = DIRECTION('',(-0.,-1.));
#6140 = ( GEOMETRIC_REPRESENTATION_CONTEXT(2) 
PARAMETRIC_REPRESENTATION_CONTEXT() REPRESENTATION_CONTEXT('2D SPACE',''
  ) );
#6141 = ORIENTED_EDGE('',*,*,#4183,.F.);
#6142 = ORIENTED_EDGE('',*,*,#4264,.F.);
#6143 = ORIENTED_EDGE('',*,*,#4314,.T.);
#6144 = ORIENTED_EDGE('',*,*,#4910,.T.);
#6145 = ADVANCED_FACE('',(#6146),#4403,.T.);
#6146 = FACE_BOUND('',#6147,.F.);
#6147 = EDGE_LOOP('',(#6148,#6149,#6150,#6151,#6152,#6175,#6203));
#6148 = ORIENTED_EDGE('',*,*,#5023,.F.);
#6149 = ORIENTED_EDGE('',*,*,#4387,.F.);
#6150 = ORIENTED_EDGE('',*,*,#4462,.F.);
#6151 = ORIENTED_EDGE('',*,*,#4571,.F.);
#6152 = ORIENTED_EDGE('',*,*,#6153,.T.);
#6153 = EDGE_CURVE('',#4572,#6154,#6156,.T.);
#6154 = VERTEX_POINT('',#6155);
#6155 = CARTESIAN_POINT('',(14.041185039828,133.21993814588,22.));
#6156 = SURFACE_CURVE('',#6157,(#6161,#6168),.PCURVE_S1.);
#6157 = LINE('',#6158,#6159);
#6158 = CARTESIAN_POINT('',(4.041185039828,133.21993814588,22.));
#6159 = VECTOR('',#6160,1.);
#6160 = DIRECTION('',(1.,0.,1.110223024625E-16));
#6161 = PCURVE('',#4403,#6162);
#6162 = DEFINITIONAL_REPRESENTATION('',(#6163),#6167);
#6163 = LINE('',#6164,#6165);
#6164 = CARTESIAN_POINT('',(1.958814960172,-26.21993814588));
#6165 = VECTOR('',#6166,1.);
#6166 = DIRECTION('',(-1.,0.));
#6167 = ( GEOMETRIC_REPRESENTATION_CONTEXT(2) 
PARAMETRIC_REPRESENTATION_CONTEXT() REPRESENTATION_CONTEXT('2D SPACE',''
  ) );
#6168 = PCURVE('',#4610,#6169);
#6169 = DEFINITIONAL_REPRESENTATION('',(#6170),#6174);
#6170 = LINE('',#6171,#6172);
#6171 = CARTESIAN_POINT('',(-8.881784197001E-16,24.));
#6172 = VECTOR('',#6173,1.);
#6173 = DIRECTION('',(-1.,0.));
#6174 = ( GEOMETRIC_REPRESENTATION_CONTEXT(2) 
PARAMETRIC_REPRESENTATION_CONTEXT() REPRESENTATION_CONTEXT('2D SPACE',''
  ) );
#6175 = ORIENTED_EDGE('',*,*,#6176,.F.);
#6176 = EDGE_CURVE('',#6177,#6154,#6179,.T.);
#6177 = VERTEX_POINT('',#6178);
#6178 = CARTESIAN_POINT('',(14.041185039828,123.21993814588,22.));
#6179 = SURFACE_CURVE('',#6180,(#6184,#6191),.PCURVE_S1.);
#6180 = LINE('',#6181,#6182);
#6181 = CARTESIAN_POINT('',(14.041185039828,123.21993814588,22.));
#6182 = VECTOR('',#6183,1.);
#6183 = DIRECTION('',(0.,1.,0.));
#6184 = PCURVE('',#4403,#6185);
#6185 = DEFINITIONAL_REPRESENTATION('',(#6186),#6190);
#6186 = LINE('',#6187,#6188);
#6187 = CARTESIAN_POINT('',(-8.041185039828,-16.21993814588));
#6188 = VECTOR('',#6189,1.);
#6189 = DIRECTION('',(-0.,-1.));
#6190 = ( GEOMETRIC_REPRESENTATION_CONTEXT(2) 
PARAMETRIC_REPRESENTATION_CONTEXT() REPRESENTATION_CONTEXT('2D SPACE',''
  ) );
#6191 = PCURVE('',#6192,#6197);
#6192 = PLANE('',#6193);
#6193 = AXIS2_PLACEMENT_3D('',#6194,#6195,#6196);
#6194 = CARTESIAN_POINT('',(14.041185039828,123.21993814588,-2.));
#6195 = DIRECTION('',(1.,0.,1.110223024625E-16));
#6196 = DIRECTION('',(1.110223024625E-16,0.,-1.));
#6197 = DEFINITIONAL_REPRESENTATION('',(#6198),#6202);
#6198 = LINE('',#6199,#6200);
#6199 = CARTESIAN_POINT('',(-24.,0.));
#6200 = VECTOR('',#6201,1.);
#6201 = DIRECTION('',(-0.,1.));
#6202 = ( GEOMETRIC_REPRESENTATION_CONTEXT(2) 
PARAMETRIC_REPRESENTATION_CONTEXT() REPRESENTATION_CONTEXT('2D SPACE',''
  ) );
#6203 = ORIENTED_EDGE('',*,*,#6204,.F.);
#6204 = EDGE_CURVE('',#5024,#6177,#6205,.T.);
#6205 = SURFACE_CURVE('',#6206,(#6210,#6217),.PCURVE_S1.);
#6206 = LINE('',#6207,#6208);
#6207 = CARTESIAN_POINT('',(4.041185039828,123.21993814588,22.));
#6208 = VECTOR('',#6209,1.);
#6209 = DIRECTION('',(1.,0.,1.110223024625E-16));
#6210 = PCURVE('',#4403,#6211);
#6211 = DEFINITIONAL_REPRESENTATION('',(#6212),#6216);
#6212 = LINE('',#6213,#6214);
#6213 = CARTESIAN_POINT('',(1.958814960172,-16.21993814588));
#6214 = VECTOR('',#6215,1.);
#6215 = DIRECTION('',(-1.,0.));
#6216 = ( GEOMETRIC_REPRESENTATION_CONTEXT(2) 
PARAMETRIC_REPRESENTATION_CONTEXT() REPRESENTATION_CONTEXT('2D SPACE',''
  ) );
#6217 = PCURVE('',#5062,#6218);
#6218 = DEFINITIONAL_REPRESENTATION('',(#6219),#6223);
#6219 = LINE('',#6220,#6221);
#6220 = CARTESIAN_POINT('',(-8.881784197001E-16,24.));
#6221 = VECTOR('',#6222,1.);
#6222 = DIRECTION('',(-1.,0.));
#6223 = ( GEOMETRIC_REPRESENTATION_CONTEXT(2) 
PARAMETRIC_REPRESENTATION_CONTEXT() REPRESENTATION_CONTEXT('2D SPACE',''
  ) );
#6224 = ADVANCED_FACE('',(#6225),#4506,.T.);
#6225 = FACE_BOUND('',#6226,.F.);
#6226 = EDGE_LOOP('',(#6227,#6251,#6252,#6280));
#6227 = ORIENTED_EDGE('',*,*,#6228,.F.);
#6228 = EDGE_CURVE('',#4489,#6229,#6231,.T.);
#6229 = VERTEX_POINT('',#6230);
#6230 = CARTESIAN_POINT('',(8.519171728318,121.02775474286,-10.));
#6231 = SURFACE_CURVE('',#6232,(#6237,#6244),.PCURVE_S1.);
#6232 = CIRCLE('',#6233,6.);
#6233 = AXIS2_PLACEMENT_3D('',#6234,#6235,#6236);
#6234 = CARTESIAN_POINT('',(5.561096296433,126.24788785796,-10.));
#6235 = DIRECTION('',(-1.110223024625E-16,5.888325527284E-34,1.));
#6236 = DIRECTION('',(-0.493012571981,0.870022185849,-5.473539088428E-17
    ));
#6237 = PCURVE('',#4506,#6238);
#6238 = DEFINITIONAL_REPRESENTATION('',(#6239),#6243);
#6239 = LINE('',#6240,#6241);
#6240 = CARTESIAN_POINT('',(-7.338432626516,0.));
#6241 = VECTOR('',#6242,1.);
#6242 = DIRECTION('',(1.,-0.));
#6243 = ( GEOMETRIC_REPRESENTATION_CONTEXT(2) 
PARAMETRIC_REPRESENTATION_CONTEXT() REPRESENTATION_CONTEXT('2D SPACE',''
  ) );
#6244 = PCURVE('',#4692,#6245);
#6245 = DEFINITIONAL_REPRESENTATION('',(#6246),#6250);
#6246 = CIRCLE('',#6247,6.);
#6247 = AXIS2_PLACEMENT_2D('',#6248,#6249);
#6248 = CARTESIAN_POINT('',(-6.,2.762120042134E-15));
#6249 = DIRECTION('',(1.,-4.37233957026E-16));
#6250 = ( GEOMETRIC_REPRESENTATION_CONTEXT(2) 
PARAMETRIC_REPRESENTATION_CONTEXT() REPRESENTATION_CONTEXT('2D SPACE',''
  ) );
#6251 = ORIENTED_EDGE('',*,*,#4488,.T.);
#6252 = ORIENTED_EDGE('',*,*,#6253,.F.);
#6253 = EDGE_CURVE('',#6254,#4491,#6256,.T.);
#6254 = VERTEX_POINT('',#6255);
#6255 = CARTESIAN_POINT('',(8.519171728318,121.02775474286,-7.));
#6256 = SURFACE_CURVE('',#6257,(#6262,#6269),.PCURVE_S1.);
#6257 = CIRCLE('',#6258,6.);
#6258 = AXIS2_PLACEMENT_3D('',#6259,#6260,#6261);
#6259 = CARTESIAN_POINT('',(5.561096296433,126.24788785796,-7.));
#6260 = DIRECTION('',(-0.,0.,-1.));
#6261 = DIRECTION('',(-1.,-0.,0.));
#6262 = PCURVE('',#4506,#6263);
#6263 = DEFINITIONAL_REPRESENTATION('',(#6264),#6268);
#6264 = LINE('',#6265,#6266);
#6265 = CARTESIAN_POINT('',(-0.,3.));
#6266 = VECTOR('',#6267,1.);
#6267 = DIRECTION('',(-1.,0.));
#6268 = ( GEOMETRIC_REPRESENTATION_CONTEXT(2) 
PARAMETRIC_REPRESENTATION_CONTEXT() REPRESENTATION_CONTEXT('2D SPACE',''
  ) );
#6269 = PCURVE('',#4534,#6270);
#6270 = DEFINITIONAL_REPRESENTATION('',(#6271),#6279);
#6271 = ( BOUNDED_CURVE() B_SPLINE_CURVE(2,(#6272,#6273,#6274,#6275,
#6276,#6277,#6278),.UNSPECIFIED.,.T.,.F.) B_SPLINE_CURVE_WITH_KNOTS((1,2
    ,2,2,2,1),(-2.094395102393,0.,2.094395102393,4.188790204786,
6.28318530718,8.377580409573),.UNSPECIFIED.) CURVE() 
GEOMETRIC_REPRESENTATION_ITEM() RATIONAL_B_SPLINE_CURVE((1.,0.5,1.,0.5,
1.,0.5,1.)) REPRESENTATION_ITEM('') );
#6272 = CARTESIAN_POINT('',(6.438903703567,-19.24788785796));
#6273 = CARTESIAN_POINT('',(6.438903703567,-29.64019270337));
#6274 = CARTESIAN_POINT('',(-2.561096296433,-24.44404028066));
#6275 = CARTESIAN_POINT('',(-11.56109629643,-19.24788785796));
#6276 = CARTESIAN_POINT('',(-2.561096296433,-14.05173543525));
#6277 = CARTESIAN_POINT('',(6.438903703567,-8.855583012548));
#6278 = CARTESIAN_POINT('',(6.438903703567,-19.24788785796));
#6279 = ( GEOMETRIC_REPRESENTATION_CONTEXT(2) 
PARAMETRIC_REPRESENTATION_CONTEXT() REPRESENTATION_CONTEXT('2D SPACE',''
  ) );
#6280 = ORIENTED_EDGE('',*,*,#6281,.F.);
#6281 = EDGE_CURVE('',#6229,#6254,#6282,.T.);
#6282 = SURFACE_CURVE('',#6283,(#6287,#6294),.PCURVE_S1.);
#6283 = LINE('',#6284,#6285);
#6284 = CARTESIAN_POINT('',(8.519171728318,121.02775474286,-10.));
#6285 = VECTOR('',#6286,1.);
#6286 = DIRECTION('',(-1.110223024625E-16,-0.,1.));
#6287 = PCURVE('',#4506,#6288);
#6288 = DEFINITIONAL_REPRESENTATION('',(#6289),#6293);
#6289 = LINE('',#6290,#6291);
#6290 = CARTESIAN_POINT('',(-4.196839972926,3.284123453057E-16));
#6291 = VECTOR('',#6292,1.);
#6292 = DIRECTION('',(-0.,1.));
#6293 = ( GEOMETRIC_REPRESENTATION_CONTEXT(2) 
PARAMETRIC_REPRESENTATION_CONTEXT() REPRESENTATION_CONTEXT('2D SPACE',''
  ) );
#6294 = PCURVE('',#6295,#6300);
#6295 = PLANE('',#6296);
#6296 = AXIS2_PLACEMENT_3D('',#6297,#6298,#6299);
#6297 = CARTESIAN_POINT('',(8.519171728318,121.02775474286,-10.));
#6298 = DIRECTION('',(0.493012571981,-0.870022185849,5.473539088428E-17)
  );
#6299 = DIRECTION('',(1.110223024625E-16,0.,-1.));
#6300 = DEFINITIONAL_REPRESENTATION('',(#6301),#6305);
#6301 = LINE('',#6302,#6303);
#6302 = CARTESIAN_POINT('',(-0.,0.));
#6303 = VECTOR('',#6304,1.);
#6304 = DIRECTION('',(-1.,0.));
#6305 = ( GEOMETRIC_REPRESENTATION_CONTEXT(2) 
PARAMETRIC_REPRESENTATION_CONTEXT() REPRESENTATION_CONTEXT('2D SPACE',''
  ) );
#6306 = ADVANCED_FACE('',(#6307),#4692,.F.);
#6307 = FACE_BOUND('',#6308,.T.);
#6308 = EDGE_LOOP('',(#6309,#6310,#6333,#6366,#6387));
#6309 = ORIENTED_EDGE('',*,*,#4678,.F.);
#6310 = ORIENTED_EDGE('',*,*,#6311,.T.);
#6311 = EDGE_CURVE('',#4651,#6312,#6314,.T.);
#6312 = VERTEX_POINT('',#6313);
#6313 = CARTESIAN_POINT('',(9.563198351337,135.4121215489,-10.));
#6314 = SURFACE_CURVE('',#6315,(#6319,#6326),.PCURVE_S1.);
#6315 = LINE('',#6316,#6317);
#6316 = CARTESIAN_POINT('',(2.603020864548,131.46802097305,-10.));
#6317 = VECTOR('',#6318,1.);
#6318 = DIRECTION('',(0.870022185849,0.493012571981,9.659186626638E-17)
  );
#6319 = PCURVE('',#4692,#6320);
#6320 = DEFINITIONAL_REPRESENTATION('',(#6321),#6325);
#6321 = LINE('',#6322,#6323);
#6322 = CARTESIAN_POINT('',(-4.378831270743E-16,-7.727349301311E-16));
#6323 = VECTOR('',#6324,1.);
#6324 = DIRECTION('',(-1.185987736885E-17,-1.));
#6325 = ( GEOMETRIC_REPRESENTATION_CONTEXT(2) 
PARAMETRIC_REPRESENTATION_CONTEXT() REPRESENTATION_CONTEXT('2D SPACE',''
  ) );
#6326 = PCURVE('',#4666,#6327);
#6327 = DEFINITIONAL_REPRESENTATION('',(#6328),#6332);
#6328 = LINE('',#6329,#6330);
#6329 = CARTESIAN_POINT('',(-0.,0.));
#6330 = VECTOR('',#6331,1.);
#6331 = DIRECTION('',(-0.,1.));
#6332 = ( GEOMETRIC_REPRESENTATION_CONTEXT(2) 
PARAMETRIC_REPRESENTATION_CONTEXT() REPRESENTATION_CONTEXT('2D SPACE',''
  ) );
#6333 = ORIENTED_EDGE('',*,*,#6334,.T.);
#6334 = EDGE_CURVE('',#6312,#6335,#6337,.T.);
#6335 = VERTEX_POINT('',#6336);
#6336 = CARTESIAN_POINT('',(15.479349215107,124.97185531871,-10.));
#6337 = SURFACE_CURVE('',#6338,(#6343,#6354),.PCURVE_S1.);
#6338 = CIRCLE('',#6339,6.);
#6339 = AXIS2_PLACEMENT_3D('',#6340,#6341,#6342);
#6340 = CARTESIAN_POINT('',(12.521273783222,130.1919884338,-10.));
#6341 = DIRECTION('',(-0.,0.,-1.));
#6342 = DIRECTION('',(-1.,-0.,0.));
#6343 = PCURVE('',#4692,#6344);
#6344 = DEFINITIONAL_REPRESENTATION('',(#6345),#6353);
#6345 = ( BOUNDED_CURVE() B_SPLINE_CURVE(2,(#6346,#6347,#6348,#6349,
#6350,#6351,#6352),.UNSPECIFIED.,.T.,.F.) B_SPLINE_CURVE_WITH_KNOTS((1,2
    ,2,2,2,1),(-2.094395102393,0.,2.094395102393,4.188790204786,
6.28318530718,8.377580409573),.UNSPECIFIED.) CURVE() 
GEOMETRIC_REPRESENTATION_ITEM() RATIONAL_B_SPLINE_CURVE((1.,0.5,1.,0.5,
1.,0.5,1.)) REPRESENTATION_ITEM('') );
#6346 = CARTESIAN_POINT('',(-3.041924568115,-2.779866884908));
#6347 = CARTESIAN_POINT('',(5.999611209497,-7.903403825555));
#6348 = CARTESIAN_POINT('',(-2.958269827137,-13.17183502786));
#6349 = CARTESIAN_POINT('',(-11.91615086377,-18.44026623018));
#6350 = CARTESIAN_POINT('',(-11.99980560474,-8.048298087223));
#6351 = CARTESIAN_POINT('',(-12.08346034572,2.343670055738));
#6352 = CARTESIAN_POINT('',(-3.041924568115,-2.779866884908));
#6353 = ( GEOMETRIC_REPRESENTATION_CONTEXT(2) 
PARAMETRIC_REPRESENTATION_CONTEXT() REPRESENTATION_CONTEXT('2D SPACE',''
  ) );
#6354 = PCURVE('',#6355,#6360);
#6355 = CYLINDRICAL_SURFACE('',#6356,6.);
#6356 = AXIS2_PLACEMENT_3D('',#6357,#6358,#6359);
#6357 = CARTESIAN_POINT('',(12.521273783222,130.1919884338,-10.));
#6358 = DIRECTION('',(0.,0.,1.));
#6359 = DIRECTION('',(-1.,-0.,0.));
#6360 = DEFINITIONAL_REPRESENTATION('',(#6361),#6365);
#6361 = LINE('',#6362,#6363);
#6362 = CARTESIAN_POINT('',(-0.,0.));
#6363 = VECTOR('',#6364,1.);
#6364 = DIRECTION('',(-1.,0.));
#6365 = ( GEOMETRIC_REPRESENTATION_CONTEXT(2) 
PARAMETRIC_REPRESENTATION_CONTEXT() REPRESENTATION_CONTEXT('2D SPACE',''
  ) );
#6366 = ORIENTED_EDGE('',*,*,#6367,.F.);
#6367 = EDGE_CURVE('',#6229,#6335,#6368,.T.);
#6368 = SURFACE_CURVE('',#6369,(#6373,#6380),.PCURVE_S1.);
#6369 = LINE('',#6370,#6371);
#6370 = CARTESIAN_POINT('',(8.519171728318,121.02775474286,-10.));
#6371 = VECTOR('',#6372,1.);
#6372 = DIRECTION('',(0.870022185849,0.493012571981,9.659186626638E-17)
  );
#6373 = PCURVE('',#4692,#6374);
#6374 = DEFINITIONAL_REPRESENTATION('',(#6375),#6379);
#6375 = LINE('',#6376,#6377);
#6376 = CARTESIAN_POINT('',(-12.,-2.353922203463E-15));
#6377 = VECTOR('',#6378,1.);
#6378 = DIRECTION('',(-1.185987736885E-17,-1.));
#6379 = ( GEOMETRIC_REPRESENTATION_CONTEXT(2) 
PARAMETRIC_REPRESENTATION_CONTEXT() REPRESENTATION_CONTEXT('2D SPACE',''
  ) );
#6380 = PCURVE('',#6295,#6381);
#6381 = DEFINITIONAL_REPRESENTATION('',(#6382),#6386);
#6382 = LINE('',#6383,#6384);
#6383 = CARTESIAN_POINT('',(-0.,0.));
#6384 = VECTOR('',#6385,1.);
#6385 = DIRECTION('',(-0.,1.));
#6386 = ( GEOMETRIC_REPRESENTATION_CONTEXT(2) 
PARAMETRIC_REPRESENTATION_CONTEXT() REPRESENTATION_CONTEXT('2D SPACE',''
  ) );
#6387 = ORIENTED_EDGE('',*,*,#6228,.F.);
#6388 = ADVANCED_FACE('',(#6389),#4666,.F.);
#6389 = FACE_BOUND('',#6390,.T.);
#6390 = EDGE_LOOP('',(#6391,#6414,#6435,#6436));
#6391 = ORIENTED_EDGE('',*,*,#6392,.T.);
#6392 = EDGE_CURVE('',#4623,#6393,#6395,.T.);
#6393 = VERTEX_POINT('',#6394);
#6394 = CARTESIAN_POINT('',(9.563198351337,135.4121215489,6.));
#6395 = SURFACE_CURVE('',#6396,(#6400,#6407),.PCURVE_S1.);
#6396 = LINE('',#6397,#6398);
#6397 = CARTESIAN_POINT('',(2.603020864548,131.46802097305,6.));
#6398 = VECTOR('',#6399,1.);
#6399 = DIRECTION('',(0.870022185849,0.493012571981,9.659186626638E-17)
  );
#6400 = PCURVE('',#4666,#6401);
#6401 = DEFINITIONAL_REPRESENTATION('',(#6402),#6406);
#6402 = LINE('',#6403,#6404);
#6403 = CARTESIAN_POINT('',(-16.,0.));
#6404 = VECTOR('',#6405,1.);
#6405 = DIRECTION('',(-0.,1.));
#6406 = ( GEOMETRIC_REPRESENTATION_CONTEXT(2) 
PARAMETRIC_REPRESENTATION_CONTEXT() REPRESENTATION_CONTEXT('2D SPACE',''
  ) );
#6407 = PCURVE('',#4638,#6408);
#6408 = DEFINITIONAL_REPRESENTATION('',(#6409),#6413);
#6409 = LINE('',#6410,#6411);
#6410 = CARTESIAN_POINT('',(-4.378831270743E-16,-7.727349301311E-16));
#6411 = VECTOR('',#6412,1.);
#6412 = DIRECTION('',(-1.185987736885E-17,-1.));
#6413 = ( GEOMETRIC_REPRESENTATION_CONTEXT(2) 
PARAMETRIC_REPRESENTATION_CONTEXT() REPRESENTATION_CONTEXT('2D SPACE',''
  ) );
#6414 = ORIENTED_EDGE('',*,*,#6415,.F.);
#6415 = EDGE_CURVE('',#6312,#6393,#6416,.T.);
#6416 = SURFACE_CURVE('',#6417,(#6421,#6428),.PCURVE_S1.);
#6417 = LINE('',#6418,#6419);
#6418 = CARTESIAN_POINT('',(9.563198351337,135.4121215489,-10.));
#6419 = VECTOR('',#6420,1.);
#6420 = DIRECTION('',(-1.110223024625E-16,-0.,1.));
#6421 = PCURVE('',#4666,#6422);
#6422 = DEFINITIONAL_REPRESENTATION('',(#6423),#6427);
#6423 = LINE('',#6424,#6425);
#6424 = CARTESIAN_POINT('',(7.727349301311E-16,8.));
#6425 = VECTOR('',#6426,1.);
#6426 = DIRECTION('',(-1.,0.));
#6427 = ( GEOMETRIC_REPRESENTATION_CONTEXT(2) 
PARAMETRIC_REPRESENTATION_CONTEXT() REPRESENTATION_CONTEXT('2D SPACE',''
  ) );
#6428 = PCURVE('',#6355,#6429);
#6429 = DEFINITIONAL_REPRESENTATION('',(#6430),#6434);
#6430 = LINE('',#6431,#6432);
#6431 = CARTESIAN_POINT('',(-1.055247319336,-3.284123453057E-16));
#6432 = VECTOR('',#6433,1.);
#6433 = DIRECTION('',(-0.,1.));
#6434 = ( GEOMETRIC_REPRESENTATION_CONTEXT(2) 
PARAMETRIC_REPRESENTATION_CONTEXT() REPRESENTATION_CONTEXT('2D SPACE',''
  ) );
#6435 = ORIENTED_EDGE('',*,*,#6311,.F.);
#6436 = ORIENTED_EDGE('',*,*,#4650,.F.);
#6437 = ADVANCED_FACE('',(#6438),#4638,.T.);
#6438 = FACE_BOUND('',#6439,.F.);
#6439 = EDGE_LOOP('',(#6440,#6463,#6464,#6465,#6493,#6521));
#6440 = ORIENTED_EDGE('',*,*,#6441,.F.);
#6441 = EDGE_CURVE('',#4595,#6442,#6444,.T.);
#6442 = VERTEX_POINT('',#6443);
#6443 = CARTESIAN_POINT('',(14.041185039828,133.21993814588,6.));
#6444 = SURFACE_CURVE('',#6445,(#6449,#6456),.PCURVE_S1.);
#6445 = LINE('',#6446,#6447);
#6446 = CARTESIAN_POINT('',(3.322102952188,133.21993814588,6.));
#6447 = VECTOR('',#6448,1.);
#6448 = DIRECTION('',(1.,0.,1.110223024625E-16));
#6449 = PCURVE('',#4638,#6450);
#6450 = DEFINITIONAL_REPRESENTATION('',(#6451),#6455);
#6451 = LINE('',#6452,#6453);
#6452 = CARTESIAN_POINT('',(1.16969029864,-1.489334560968));
#6453 = VECTOR('',#6454,1.);
#6454 = DIRECTION('',(-0.493012571981,-0.870022185849));
#6455 = ( GEOMETRIC_REPRESENTATION_CONTEXT(2) 
PARAMETRIC_REPRESENTATION_CONTEXT() REPRESENTATION_CONTEXT('2D SPACE',''
  ) );
#6456 = PCURVE('',#4610,#6457);
#6457 = DEFINITIONAL_REPRESENTATION('',(#6458),#6462);
#6458 = LINE('',#6459,#6460);
#6459 = CARTESIAN_POINT('',(0.71908208764,8.));
#6460 = VECTOR('',#6461,1.);
#6461 = DIRECTION('',(-1.,0.));
#6462 = ( GEOMETRIC_REPRESENTATION_CONTEXT(2) 
PARAMETRIC_REPRESENTATION_CONTEXT() REPRESENTATION_CONTEXT('2D SPACE',''
  ) );
#6463 = ORIENTED_EDGE('',*,*,#4622,.F.);
#6464 = ORIENTED_EDGE('',*,*,#6392,.T.);
#6465 = ORIENTED_EDGE('',*,*,#6466,.T.);
#6466 = EDGE_CURVE('',#6393,#6467,#6469,.T.);
#6467 = VERTEX_POINT('',#6468);
#6468 = CARTESIAN_POINT('',(15.479349215107,124.97185531871,6.));
#6469 = SURFACE_CURVE('',#6470,(#6475,#6486),.PCURVE_S1.);
#6470 = CIRCLE('',#6471,6.);
#6471 = AXIS2_PLACEMENT_3D('',#6472,#6473,#6474);
#6472 = CARTESIAN_POINT('',(12.521273783222,130.1919884338,6.));
#6473 = DIRECTION('',(-0.,0.,-1.));
#6474 = DIRECTION('',(-1.,-0.,0.));
#6475 = PCURVE('',#4638,#6476);
#6476 = DEFINITIONAL_REPRESENTATION('',(#6477),#6485);
#6477 = ( BOUNDED_CURVE() B_SPLINE_CURVE(2,(#6478,#6479,#6480,#6481,
#6482,#6483,#6484),.UNSPECIFIED.,.T.,.F.) B_SPLINE_CURVE_WITH_KNOTS((1,2
    ,2,2,2,1),(-2.094395102393,0.,2.094395102393,4.188790204786,
6.28318530718,8.377580409573),.UNSPECIFIED.) CURVE() 
GEOMETRIC_REPRESENTATION_ITEM() RATIONAL_B_SPLINE_CURVE((1.,0.5,1.,0.5,
1.,0.5,1.)) REPRESENTATION_ITEM('') );
#6478 = CARTESIAN_POINT('',(-3.041924568115,-2.779866884908));
#6479 = CARTESIAN_POINT('',(5.999611209497,-7.903403825555));
#6480 = CARTESIAN_POINT('',(-2.958269827137,-13.17183502786));
#6481 = CARTESIAN_POINT('',(-11.91615086377,-18.44026623018));
#6482 = CARTESIAN_POINT('',(-11.99980560474,-8.048298087223));
#6483 = CARTESIAN_POINT('',(-12.08346034572,2.343670055738));
#6484 = CARTESIAN_POINT('',(-3.041924568115,-2.779866884908));
#6485 = ( GEOMETRIC_REPRESENTATION_CONTEXT(2) 
PARAMETRIC_REPRESENTATION_CONTEXT() REPRESENTATION_CONTEXT('2D SPACE',''
  ) );
#6486 = PCURVE('',#6355,#6487);
#6487 = DEFINITIONAL_REPRESENTATION('',(#6488),#6492);
#6488 = LINE('',#6489,#6490);
#6489 = CARTESIAN_POINT('',(-0.,16.));
#6490 = VECTOR('',#6491,1.);
#6491 = DIRECTION('',(-1.,0.));
#6492 = ( GEOMETRIC_REPRESENTATION_CONTEXT(2) 
PARAMETRIC_REPRESENTATION_CONTEXT() REPRESENTATION_CONTEXT('2D SPACE',''
  ) );
#6493 = ORIENTED_EDGE('',*,*,#6494,.F.);
#6494 = EDGE_CURVE('',#6495,#6467,#6497,.T.);
#6495 = VERTEX_POINT('',#6496);
#6496 = CARTESIAN_POINT('',(14.041185039828,124.15689561939,6.));
#6497 = SURFACE_CURVE('',#6498,(#6502,#6509),.PCURVE_S1.);
#6498 = LINE('',#6499,#6500);
#6499 = CARTESIAN_POINT('',(8.519171728318,121.02775474286,6.));
#6500 = VECTOR('',#6501,1.);
#6501 = DIRECTION('',(0.870022185849,0.493012571981,9.659186626638E-17)
  );
#6502 = PCURVE('',#4638,#6503);
#6503 = DEFINITIONAL_REPRESENTATION('',(#6504),#6508);
#6504 = LINE('',#6505,#6506);
#6505 = CARTESIAN_POINT('',(-12.,-8.084523432013E-16));
#6506 = VECTOR('',#6507,1.);
#6507 = DIRECTION('',(-1.185987736885E-17,-1.));
#6508 = ( GEOMETRIC_REPRESENTATION_CONTEXT(2) 
PARAMETRIC_REPRESENTATION_CONTEXT() REPRESENTATION_CONTEXT('2D SPACE',''
  ) );
#6509 = PCURVE('',#6510,#6515);
#6510 = PLANE('',#6511);
#6511 = AXIS2_PLACEMENT_3D('',#6512,#6513,#6514);
#6512 = CARTESIAN_POINT('',(8.519171728318,121.02775474286,-10.));
#6513 = DIRECTION('',(0.493012571981,-0.870022185849,5.473539088428E-17)
  );
#6514 = DIRECTION('',(1.110223024625E-16,0.,-1.));
#6515 = DEFINITIONAL_REPRESENTATION('',(#6516),#6520);
#6516 = LINE('',#6517,#6518);
#6517 = CARTESIAN_POINT('',(-16.,-1.983352987336E-15));
#6518 = VECTOR('',#6519,1.);
#6519 = DIRECTION('',(-0.,1.));
#6520 = ( GEOMETRIC_REPRESENTATION_CONTEXT(2) 
PARAMETRIC_REPRESENTATION_CONTEXT() REPRESENTATION_CONTEXT('2D SPACE',''
  ) );
#6521 = ORIENTED_EDGE('',*,*,#6522,.F.);
#6522 = EDGE_CURVE('',#6442,#6495,#6523,.T.);
#6523 = SURFACE_CURVE('',#6524,(#6528,#6535),.PCURVE_S1.);
#6524 = LINE('',#6525,#6526);
#6525 = CARTESIAN_POINT('',(14.041185039828,127.34397955946,6.));
#6526 = VECTOR('',#6527,1.);
#6527 = DIRECTION('',(-0.,-1.,0.));
#6528 = PCURVE('',#4638,#6529);
#6529 = DEFINITIONAL_REPRESENTATION('',(#6530),#6534);
#6530 = LINE('',#6531,#6532);
#6531 = CARTESIAN_POINT('',(-9.227166263971,-7.918252333605));
#6532 = VECTOR('',#6533,1.);
#6533 = DIRECTION('',(-0.870022185849,0.493012571981));
#6534 = ( GEOMETRIC_REPRESENTATION_CONTEXT(2) 
PARAMETRIC_REPRESENTATION_CONTEXT() REPRESENTATION_CONTEXT('2D SPACE',''
  ) );
#6535 = PCURVE('',#6192,#6536);
#6536 = DEFINITIONAL_REPRESENTATION('',(#6537),#6541);
#6537 = LINE('',#6538,#6539);
#6538 = CARTESIAN_POINT('',(-8.,4.124041413584));
#6539 = VECTOR('',#6540,1.);
#6540 = DIRECTION('',(-0.,-1.));
#6541 = ( GEOMETRIC_REPRESENTATION_CONTEXT(2) 
PARAMETRIC_REPRESENTATION_CONTEXT() REPRESENTATION_CONTEXT('2D SPACE',''
  ) );
#6542 = ADVANCED_FACE('',(#6543),#4610,.T.);
#6543 = FACE_BOUND('',#6544,.F.);
#6544 = EDGE_LOOP('',(#6545,#6546,#6547,#6548));
#6545 = ORIENTED_EDGE('',*,*,#6153,.F.);
#6546 = ORIENTED_EDGE('',*,*,#4594,.F.);
#6547 = ORIENTED_EDGE('',*,*,#6441,.T.);
#6548 = ORIENTED_EDGE('',*,*,#6549,.T.);
#6549 = EDGE_CURVE('',#6442,#6154,#6550,.T.);
#6550 = SURFACE_CURVE('',#6551,(#6555,#6562),.PCURVE_S1.);
#6551 = LINE('',#6552,#6553);
#6552 = CARTESIAN_POINT('',(14.041185039828,133.21993814588,-2.));
#6553 = VECTOR('',#6554,1.);
#6554 = DIRECTION('',(-1.110223024625E-16,-0.,1.));
#6555 = PCURVE('',#4610,#6556);
#6556 = DEFINITIONAL_REPRESENTATION('',(#6557),#6561);
#6557 = LINE('',#6558,#6559);
#6558 = CARTESIAN_POINT('',(-10.,6.661338147751E-16));
#6559 = VECTOR('',#6560,1.);
#6560 = DIRECTION('',(-0.,1.));
#6561 = ( GEOMETRIC_REPRESENTATION_CONTEXT(2) 
PARAMETRIC_REPRESENTATION_CONTEXT() REPRESENTATION_CONTEXT('2D SPACE',''
  ) );
#6562 = PCURVE('',#6192,#6563);
#6563 = DEFINITIONAL_REPRESENTATION('',(#6564),#6568);
#6564 = LINE('',#6565,#6566);
#6565 = CARTESIAN_POINT('',(-0.,10.));
#6566 = VECTOR('',#6567,1.);
#6567 = DIRECTION('',(-1.,0.));
#6568 = ( GEOMETRIC_REPRESENTATION_CONTEXT(2) 
PARAMETRIC_REPRESENTATION_CONTEXT() REPRESENTATION_CONTEXT('2D SPACE',''
  ) );
#6569 = ADVANCED_FACE('',(#6570),#4760,.T.);
#6570 = FACE_BOUND('',#6571,.F.);
#6571 = EDGE_LOOP('',(#6572,#6596,#6597,#6598));
#6572 = ORIENTED_EDGE('',*,*,#6573,.F.);
#6573 = EDGE_CURVE('',#4743,#6574,#6576,.T.);
#6574 = VERTEX_POINT('',#6575);
#6575 = CARTESIAN_POINT('',(38.049408789411,-123.4375665964,16.9));
#6576 = SURFACE_CURVE('',#6577,(#6582,#6589),.PCURVE_S1.);
#6577 = CIRCLE('',#6578,7.5);
#6578 = AXIS2_PLACEMENT_3D('',#6579,#6580,#6581);
#6579 = CARTESIAN_POINT('',(30.965682814115,-120.9736619094,16.9));
#6580 = DIRECTION('',(3.626728547109E-16,1.361873576874E-15,1.));
#6581 = DIRECTION('',(-0.944496796706,0.328520624941,-1.048602090388E-16
    ));
#6582 = PCURVE('',#4760,#6583);
#6583 = DEFINITIONAL_REPRESENTATION('',(#6584),#6588);
#6584 = LINE('',#6585,#6586);
#6585 = CARTESIAN_POINT('',(-6.617922144496,0.));
#6586 = VECTOR('',#6587,1.);
#6587 = DIRECTION('',(1.,-0.));
#6588 = ( GEOMETRIC_REPRESENTATION_CONTEXT(2) 
PARAMETRIC_REPRESENTATION_CONTEXT() REPRESENTATION_CONTEXT('2D SPACE',''
  ) );
#6589 = PCURVE('',#4139,#6590);
#6590 = DEFINITIONAL_REPRESENTATION('',(#6591),#6595);
#6591 = CIRCLE('',#6592,7.5);
#6592 = AXIS2_PLACEMENT_2D('',#6593,#6594);
#6593 = CARTESIAN_POINT('',(-7.5,-176.7579566188));
#6594 = DIRECTION('',(-1.,-2.264786065891E-15));
#6595 = ( GEOMETRIC_REPRESENTATION_CONTEXT(2) 
PARAMETRIC_REPRESENTATION_CONTEXT() REPRESENTATION_CONTEXT('2D SPACE',''
  ) );
#6596 = ORIENTED_EDGE('',*,*,#4742,.T.);
#6597 = ORIENTED_EDGE('',*,*,#6095,.T.);
#6598 = ORIENTED_EDGE('',*,*,#6599,.F.);
#6599 = EDGE_CURVE('',#6574,#6073,#6600,.T.);
#6600 = SURFACE_CURVE('',#6601,(#6605,#6612),.PCURVE_S1.);
#6601 = LINE('',#6602,#6603);
#6602 = CARTESIAN_POINT('',(38.049408789411,-123.4375665964,16.9));
#6603 = VECTOR('',#6604,1.);
#6604 = DIRECTION('',(-1.110223024625E-16,-0.,1.));
#6605 = PCURVE('',#4760,#6606);
#6606 = DEFINITIONAL_REPRESENTATION('',(#6607),#6611);
#6607 = LINE('',#6608,#6609);
#6608 = CARTESIAN_POINT('',(-3.476329490907,7.864515677909E-16));
#6609 = VECTOR('',#6610,1.);
#6610 = DIRECTION('',(-0.,1.));
#6611 = ( GEOMETRIC_REPRESENTATION_CONTEXT(2) 
PARAMETRIC_REPRESENTATION_CONTEXT() REPRESENTATION_CONTEXT('2D SPACE',''
  ) );
#6612 = PCURVE('',#4983,#6613);
#6613 = DEFINITIONAL_REPRESENTATION('',(#6614),#6618);
#6614 = LINE('',#6615,#6616);
#6615 = CARTESIAN_POINT('',(6.585138687931E-16,176.75795661885));
#6616 = VECTOR('',#6617,1.);
#6617 = DIRECTION('',(-1.,0.));
#6618 = ( GEOMETRIC_REPRESENTATION_CONTEXT(2) 
PARAMETRIC_REPRESENTATION_CONTEXT() REPRESENTATION_CONTEXT('2D SPACE',''
  ) );
#6619 = ADVANCED_FACE('',(#6620,#6725),#4139,.F.);
#6620 = FACE_BOUND('',#6621,.T.);
#6621 = EDGE_LOOP('',(#6622,#6623,#6646,#6674,#6702,#6723,#6724));
#6622 = ORIENTED_EDGE('',*,*,#4941,.T.);
#6623 = ORIENTED_EDGE('',*,*,#6624,.T.);
#6624 = EDGE_CURVE('',#4942,#6625,#6627,.T.);
#6625 = VERTEX_POINT('',#6626);
#6626 = CARTESIAN_POINT('',(79.078395358306,-5.479230210905,16.9));
#6627 = SURFACE_CURVE('',#6628,(#6632,#6639),.PCURVE_S1.);
#6628 = LINE('',#6629,#6630);
#6629 = CARTESIAN_POINT('',(96.118043161181,43.50975722236,16.9));
#6630 = VECTOR('',#6631,1.);
#6631 = DIRECTION('',(-0.328520624941,-0.944496796706,-3.64731161874E-17
    ));
#6632 = PCURVE('',#4139,#6633);
#6633 = DEFINITIONAL_REPRESENTATION('',(#6634),#6638);
#6634 = LINE('',#6635,#6636);
#6635 = CARTESIAN_POINT('',(-0.,0.));
#6636 = VECTOR('',#6637,1.);
#6637 = DIRECTION('',(7.965226789662E-18,-1.));
#6638 = ( GEOMETRIC_REPRESENTATION_CONTEXT(2) 
PARAMETRIC_REPRESENTATION_CONTEXT() REPRESENTATION_CONTEXT('2D SPACE',''
  ) );
#6639 = PCURVE('',#4983,#6640);
#6640 = DEFINITIONAL_REPRESENTATION('',(#6641),#6645);
#6641 = LINE('',#6642,#6643);
#6642 = CARTESIAN_POINT('',(-0.,-0.));
#6643 = VECTOR('',#6644,1.);
#6644 = DIRECTION('',(-0.,1.));
#6645 = ( GEOMETRIC_REPRESENTATION_CONTEXT(2) 
PARAMETRIC_REPRESENTATION_CONTEXT() REPRESENTATION_CONTEXT('2D SPACE',''
  ) );
#6646 = ORIENTED_EDGE('',*,*,#6647,.F.);
#6647 = EDGE_CURVE('',#6648,#6625,#6650,.T.);
#6648 = VERTEX_POINT('',#6649);
#6649 = CARTESIAN_POINT('',(78.455488052568,-5.479230210905,16.9));
#6650 = SURFACE_CURVE('',#6651,(#6655,#6662),.PCURVE_S1.);
#6651 = LINE('',#6652,#6653);
#6652 = CARTESIAN_POINT('',(87.286765606875,-5.479230210905,16.9));
#6653 = VECTOR('',#6654,1.);
#6654 = DIRECTION('',(1.,0.,1.110223024625E-16));
#6655 = PCURVE('',#4139,#6656);
#6656 = DEFINITIONAL_REPRESENTATION('',(#6657),#6661);
#6657 = LINE('',#6658,#6659);
#6658 = CARTESIAN_POINT('',(7.752779405951,-49.17119852576));
#6659 = VECTOR('',#6660,1.);
#6660 = DIRECTION('',(0.944496796706,0.328520624941));
#6661 = ( GEOMETRIC_REPRESENTATION_CONTEXT(2) 
PARAMETRIC_REPRESENTATION_CONTEXT() REPRESENTATION_CONTEXT('2D SPACE',''
  ) );
#6662 = PCURVE('',#6663,#6668);
#6663 = PLANE('',#6664);
#6664 = AXIS2_PLACEMENT_3D('',#6665,#6666,#6667);
#6665 = CARTESIAN_POINT('',(78.455488052568,-5.479230210905,-2.));
#6666 = DIRECTION('',(0.,1.,0.));
#6667 = DIRECTION('',(-1.,0.,-1.110223024625E-16));
#6668 = DEFINITIONAL_REPRESENTATION('',(#6669),#6673);
#6669 = LINE('',#6670,#6671);
#6670 = CARTESIAN_POINT('',(-8.831277554307,18.9));
#6671 = VECTOR('',#6672,1.);
#6672 = DIRECTION('',(-1.,0.));
#6673 = ( GEOMETRIC_REPRESENTATION_CONTEXT(2) 
PARAMETRIC_REPRESENTATION_CONTEXT() REPRESENTATION_CONTEXT('2D SPACE',''
  ) );
#6674 = ORIENTED_EDGE('',*,*,#6675,.T.);
#6675 = EDGE_CURVE('',#6648,#6676,#6678,.T.);
#6676 = VERTEX_POINT('',#6677);
#6677 = CARTESIAN_POINT('',(78.455488052568,-7.270088714903,16.9));
#6678 = SURFACE_CURVE('',#6679,(#6683,#6690),.PCURVE_S1.);
#6679 = LINE('',#6680,#6681);
#6680 = CARTESIAN_POINT('',(78.455488052568,13.015263505727,16.9));
#6681 = VECTOR('',#6682,1.);
#6682 = DIRECTION('',(-0.,-1.,0.));
#6683 = PCURVE('',#4139,#6684);
#6684 = DEFINITIONAL_REPRESENTATION('',(#6685),#6689);
#6685 = LINE('',#6686,#6687);
#6686 = CARTESIAN_POINT('',(-6.664156588675,-34.60446527487));
#6687 = VECTOR('',#6688,1.);
#6688 = DIRECTION('',(0.328520624941,-0.944496796706));
#6689 = ( GEOMETRIC_REPRESENTATION_CONTEXT(2) 
PARAMETRIC_REPRESENTATION_CONTEXT() REPRESENTATION_CONTEXT('2D SPACE',''
  ) );
#6690 = PCURVE('',#6691,#6696);
#6691 = PLANE('',#6692);
#6692 = AXIS2_PLACEMENT_3D('',#6693,#6694,#6695);
#6693 = CARTESIAN_POINT('',(78.455488052568,-17.4792302109,-2.));
#6694 = DIRECTION('',(1.,0.,1.110223024625E-16));
#6695 = DIRECTION('',(1.110223024625E-16,0.,-1.));
#6696 = DEFINITIONAL_REPRESENTATION('',(#6697),#6701);
#6697 = LINE('',#6698,#6699);
#6698 = CARTESIAN_POINT('',(-18.9,30.494493716632));
#6699 = VECTOR('',#6700,1.);
#6700 = DIRECTION('',(-0.,-1.));
#6701 = ( GEOMETRIC_REPRESENTATION_CONTEXT(2) 
PARAMETRIC_REPRESENTATION_CONTEXT() REPRESENTATION_CONTEXT('2D SPACE',''
  ) );
#6702 = ORIENTED_EDGE('',*,*,#6703,.T.);
#6703 = EDGE_CURVE('',#6676,#6574,#6704,.T.);
#6704 = SURFACE_CURVE('',#6705,(#6709,#6716),.PCURVE_S1.);
#6705 = LINE('',#6706,#6707);
#6706 = CARTESIAN_POINT('',(96.118043161181,43.50975722236,16.9));
#6707 = VECTOR('',#6708,1.);
#6708 = DIRECTION('',(-0.328520624941,-0.944496796706,-3.64731161874E-17
    ));
#6709 = PCURVE('',#4139,#6710);
#6710 = DEFINITIONAL_REPRESENTATION('',(#6711),#6715);
#6711 = LINE('',#6712,#6713);
#6712 = CARTESIAN_POINT('',(-0.,0.));
#6713 = VECTOR('',#6714,1.);
#6714 = DIRECTION('',(7.965226789662E-18,-1.));
#6715 = ( GEOMETRIC_REPRESENTATION_CONTEXT(2) 
PARAMETRIC_REPRESENTATION_CONTEXT() REPRESENTATION_CONTEXT('2D SPACE',''
  ) );
#6716 = PCURVE('',#4983,#6717);
#6717 = DEFINITIONAL_REPRESENTATION('',(#6718),#6722);
#6718 = LINE('',#6719,#6720);
#6719 = CARTESIAN_POINT('',(-0.,-0.));
#6720 = VECTOR('',#6721,1.);
#6721 = DIRECTION('',(-0.,1.));
#6722 = ( GEOMETRIC_REPRESENTATION_CONTEXT(2) 
PARAMETRIC_REPRESENTATION_CONTEXT() REPRESENTATION_CONTEXT('2D SPACE',''
  ) );
#6723 = ORIENTED_EDGE('',*,*,#6573,.F.);
#6724 = ORIENTED_EDGE('',*,*,#4772,.F.);
#6725 = FACE_BOUND('',#6726,.T.);
#6726 = EDGE_LOOP('',(#6727,#6728,#6749,#6750));
#6727 = ORIENTED_EDGE('',*,*,#5927,.F.);
#6728 = ORIENTED_EDGE('',*,*,#6729,.T.);
#6729 = EDGE_CURVE('',#5905,#4123,#6730,.T.);
#6730 = SURFACE_CURVE('',#6731,(#6735,#6742),.PCURVE_S1.);
#6731 = LINE('',#6732,#6733);
#6732 = CARTESIAN_POINT('',(94.196197505275,41.637189660195,16.9));
#6733 = VECTOR('',#6734,1.);
#6734 = DIRECTION('',(0.328520624941,0.944496796706,3.64731161874E-17));
#6735 = PCURVE('',#4139,#6736);
#6736 = DEFINITIONAL_REPRESENTATION('',(#6737),#6741);
#6737 = LINE('',#6738,#6739);
#6738 = CARTESIAN_POINT('',(-1.2,-2.4));
#6739 = VECTOR('',#6740,1.);
#6740 = DIRECTION('',(-7.965226789662E-18,1.));
#6741 = ( GEOMETRIC_REPRESENTATION_CONTEXT(2) 
PARAMETRIC_REPRESENTATION_CONTEXT() REPRESENTATION_CONTEXT('2D SPACE',''
  ) );
#6742 = PCURVE('',#4171,#6743);
#6743 = DEFINITIONAL_REPRESENTATION('',(#6744),#6748);
#6744 = LINE('',#6745,#6746);
#6745 = CARTESIAN_POINT('',(-1.,-2.4));
#6746 = VECTOR('',#6747,1.);
#6747 = DIRECTION('',(-0.,-1.));
#6748 = ( GEOMETRIC_REPRESENTATION_CONTEXT(2) 
PARAMETRIC_REPRESENTATION_CONTEXT() REPRESENTATION_CONTEXT('2D SPACE',''
  ) );
#6749 = ORIENTED_EDGE('',*,*,#4122,.F.);
#6750 = ORIENTED_EDGE('',*,*,#5981,.F.);
#6751 = ADVANCED_FACE('',(#6752),#4983,.F.);
#6752 = FACE_BOUND('',#6753,.T.);
#6753 = EDGE_LOOP('',(#6754,#6755,#6756,#6757,#6758,#6759,#6782,#6810));
#6754 = ORIENTED_EDGE('',*,*,#6624,.F.);
#6755 = ORIENTED_EDGE('',*,*,#4969,.T.);
#6756 = ORIENTED_EDGE('',*,*,#6072,.T.);
#6757 = ORIENTED_EDGE('',*,*,#6599,.F.);
#6758 = ORIENTED_EDGE('',*,*,#6703,.F.);
#6759 = ORIENTED_EDGE('',*,*,#6760,.T.);
#6760 = EDGE_CURVE('',#6676,#6761,#6763,.T.);
#6761 = VERTEX_POINT('',#6762);
#6762 = CARTESIAN_POINT('',(78.455488052568,-7.270088714903,22.));
#6763 = SURFACE_CURVE('',#6764,(#6768,#6775),.PCURVE_S1.);
#6764 = LINE('',#6765,#6766);
#6765 = CARTESIAN_POINT('',(78.455488052568,-7.270088714903,7.45));
#6766 = VECTOR('',#6767,1.);
#6767 = DIRECTION('',(-1.110223024625E-16,-0.,1.));
#6768 = PCURVE('',#4983,#6769);
#6769 = DEFINITIONAL_REPRESENTATION('',(#6770),#6774);
#6770 = LINE('',#6771,#6772);
#6771 = CARTESIAN_POINT('',(9.45,53.763915467318));
#6772 = VECTOR('',#6773,1.);
#6773 = DIRECTION('',(-1.,0.));
#6774 = ( GEOMETRIC_REPRESENTATION_CONTEXT(2) 
PARAMETRIC_REPRESENTATION_CONTEXT() REPRESENTATION_CONTEXT('2D SPACE',''
  ) );
#6775 = PCURVE('',#6691,#6776);
#6776 = DEFINITIONAL_REPRESENTATION('',(#6777),#6781);
#6777 = LINE('',#6778,#6779);
#6778 = CARTESIAN_POINT('',(-9.45,10.209141496002));
#6779 = VECTOR('',#6780,1.);
#6780 = DIRECTION('',(-1.,0.));
#6781 = ( GEOMETRIC_REPRESENTATION_CONTEXT(2) 
PARAMETRIC_REPRESENTATION_CONTEXT() REPRESENTATION_CONTEXT('2D SPACE',''
  ) );
#6782 = ORIENTED_EDGE('',*,*,#6783,.F.);
#6783 = EDGE_CURVE('',#6784,#6761,#6786,.T.);
#6784 = VERTEX_POINT('',#6785);
#6785 = CARTESIAN_POINT('',(79.078395358306,-5.479230210905,22.));
#6786 = SURFACE_CURVE('',#6787,(#6791,#6798),.PCURVE_S1.);
#6787 = LINE('',#6788,#6789);
#6788 = CARTESIAN_POINT('',(85.702885307326,13.566178392527,22.));
#6789 = VECTOR('',#6790,1.);
#6790 = DIRECTION('',(-0.328520624941,-0.944496796706,-3.64731161874E-17
    ));
#6791 = PCURVE('',#4983,#6792);
#6792 = DEFINITIONAL_REPRESENTATION('',(#6793),#6797);
#6793 = LINE('',#6794,#6795);
#6794 = CARTESIAN_POINT('',(-5.1,31.703208453706));
#6795 = VECTOR('',#6796,1.);
#6796 = DIRECTION('',(-0.,1.));
#6797 = ( GEOMETRIC_REPRESENTATION_CONTEXT(2) 
PARAMETRIC_REPRESENTATION_CONTEXT() REPRESENTATION_CONTEXT('2D SPACE',''
  ) );
#6798 = PCURVE('',#6799,#6804);
#6799 = PLANE('',#6800);
#6800 = AXIS2_PLACEMENT_3D('',#6801,#6802,#6803);
#6801 = CARTESIAN_POINT('',(78.455488052568,-17.4792302109,22.));
#6802 = DIRECTION('',(-1.110223024625E-16,-0.,1.));
#6803 = DIRECTION('',(-1.,0.,-1.110223024625E-16));
#6804 = DEFINITIONAL_REPRESENTATION('',(#6805),#6809);
#6805 = LINE('',#6806,#6807);
#6806 = CARTESIAN_POINT('',(-7.247397254758,-31.04540860343));
#6807 = VECTOR('',#6808,1.);
#6808 = DIRECTION('',(0.328520624941,0.944496796706));
#6809 = ( GEOMETRIC_REPRESENTATION_CONTEXT(2) 
PARAMETRIC_REPRESENTATION_CONTEXT() REPRESENTATION_CONTEXT('2D SPACE',''
  ) );
#6810 = ORIENTED_EDGE('',*,*,#6811,.F.);
#6811 = EDGE_CURVE('',#6625,#6784,#6812,.T.);
#6812 = SURFACE_CURVE('',#6813,(#6817,#6824),.PCURVE_S1.);
#6813 = LINE('',#6814,#6815);
#6814 = CARTESIAN_POINT('',(79.078395358306,-5.479230210905,7.45));
#6815 = VECTOR('',#6816,1.);
#6816 = DIRECTION('',(-1.110223024625E-16,-0.,1.));
#6817 = PCURVE('',#4983,#6818);
#6818 = DEFINITIONAL_REPRESENTATION('',(#6819),#6823);
#6819 = LINE('',#6820,#6821);
#6820 = CARTESIAN_POINT('',(9.45,51.867817449576));
#6821 = VECTOR('',#6822,1.);
#6822 = DIRECTION('',(-1.,0.));
#6823 = ( GEOMETRIC_REPRESENTATION_CONTEXT(2) 
PARAMETRIC_REPRESENTATION_CONTEXT() REPRESENTATION_CONTEXT('2D SPACE',''
  ) );
#6824 = PCURVE('',#6663,#6825);
#6825 = DEFINITIONAL_REPRESENTATION('',(#6826),#6830);
#6826 = LINE('',#6827,#6828);
#6827 = CARTESIAN_POINT('',(-0.622907305738,9.45));
#6828 = VECTOR('',#6829,1.);
#6829 = DIRECTION('',(-0.,1.));
#6830 = ( GEOMETRIC_REPRESENTATION_CONTEXT(2) 
PARAMETRIC_REPRESENTATION_CONTEXT() REPRESENTATION_CONTEXT('2D SPACE',''
  ) );
#6831 = ADVANCED_FACE('',(#6832),#5062,.F.);
#6832 = FACE_BOUND('',#6833,.T.);
#6833 = EDGE_LOOP('',(#6834,#6835,#6836,#6867));
#6834 = ORIENTED_EDGE('',*,*,#6204,.F.);
#6835 = ORIENTED_EDGE('',*,*,#5046,.T.);
#6836 = ORIENTED_EDGE('',*,*,#6837,.F.);
#6837 = EDGE_CURVE('',#6838,#5047,#6840,.T.);
#6838 = VERTEX_POINT('',#6839);
#6839 = CARTESIAN_POINT('',(14.041185039828,123.21993814588,
    3.273195783989));
#6840 = SURFACE_CURVE('',#6841,(#6846,#6857),.PCURVE_S1.);
#6841 = ELLIPSE('',#6842,6.436617469172,5.6);
#6842 = AXIS2_PLACEMENT_3D('',#6843,#6844,#6845);
#6843 = CARTESIAN_POINT('',(11.874518373161,123.21993814588,-2.));
#6844 = DIRECTION('',(0.,-1.,0.));
#6845 = DIRECTION('',(-1.,-0.,-1.110223024625E-16));
#6846 = PCURVE('',#5062,#6847);
#6847 = DEFINITIONAL_REPRESENTATION('',(#6848),#6856);
#6848 = ( BOUNDED_CURVE() B_SPLINE_CURVE(2,(#6849,#6850,#6851,#6852,
#6853,#6854,#6855),.UNSPECIFIED.,.T.,.F.) B_SPLINE_CURVE_WITH_KNOTS((1,2
    ,2,2,2,1),(-2.094395102393,0.,2.094395102393,4.188790204786,
6.28318530718,8.377580409573),.UNSPECIFIED.) CURVE() 
GEOMETRIC_REPRESENTATION_ITEM() RATIONAL_B_SPLINE_CURVE((1.,0.5,1.,0.5,
1.,0.5,1.)) REPRESENTATION_ITEM('') );
#6849 = CARTESIAN_POINT('',(-1.396715864162,9.066821367772E-16));
#6850 = CARTESIAN_POINT('',(-1.396715864162,-9.699484522386));
#6851 = CARTESIAN_POINT('',(-11.05164206791,-4.849742261193));
#6852 = CARTESIAN_POINT('',(-20.70656827167,-4.649222782678E-16));
#6853 = CARTESIAN_POINT('',(-11.05164206791,4.849742261193));
#6854 = CARTESIAN_POINT('',(-1.396715864162,9.699484522386));
#6855 = CARTESIAN_POINT('',(-1.396715864162,9.066821367772E-16));
#6856 = ( GEOMETRIC_REPRESENTATION_CONTEXT(2) 
PARAMETRIC_REPRESENTATION_CONTEXT() REPRESENTATION_CONTEXT('2D SPACE',''
  ) );
#6857 = PCURVE('',#5095,#6858);
#6858 = DEFINITIONAL_REPRESENTATION('',(#6859),#6866);
#6859 = B_SPLINE_CURVE_WITH_KNOTS('',5,(#6860,#6861,#6862,#6863,#6864,
    #6865),.UNSPECIFIED.,.F.,.F.,(6,6),(4.198030048118,4.632571214855),
  .PIECEWISE_BEZIER_KNOTS.);
#6860 = CARTESIAN_POINT('',(-5.768826374913,8.691813638872));
#6861 = CARTESIAN_POINT('',(-5.85573460826,8.931917649516));
#6862 = CARTESIAN_POINT('',(-5.942642841608,9.186761276077));
#6863 = CARTESIAN_POINT('',(-6.029551074955,9.452567754833));
#6864 = CARTESIAN_POINT('',(-6.116459308303,9.725089847933));
#6865 = CARTESIAN_POINT('',(-6.20336754165,10.0000006));
#6866 = ( GEOMETRIC_REPRESENTATION_CONTEXT(2) 
PARAMETRIC_REPRESENTATION_CONTEXT() REPRESENTATION_CONTEXT('2D SPACE',''
  ) );
#6867 = ORIENTED_EDGE('',*,*,#6868,.T.);
#6868 = EDGE_CURVE('',#6838,#6177,#6869,.T.);
#6869 = SURFACE_CURVE('',#6870,(#6874,#6881),.PCURVE_S1.);
#6870 = LINE('',#6871,#6872);
#6871 = CARTESIAN_POINT('',(14.041185039828,123.21993814588,-2.));
#6872 = VECTOR('',#6873,1.);
#6873 = DIRECTION('',(-1.110223024625E-16,-0.,1.));
#6874 = PCURVE('',#5062,#6875);
#6875 = DEFINITIONAL_REPRESENTATION('',(#6876),#6880);
#6876 = LINE('',#6877,#6878);
#6877 = CARTESIAN_POINT('',(-10.,6.661338147751E-16));
#6878 = VECTOR('',#6879,1.);
#6879 = DIRECTION('',(-0.,1.));
#6880 = ( GEOMETRIC_REPRESENTATION_CONTEXT(2) 
PARAMETRIC_REPRESENTATION_CONTEXT() REPRESENTATION_CONTEXT('2D SPACE',''
  ) );
#6881 = PCURVE('',#6192,#6882);
#6882 = DEFINITIONAL_REPRESENTATION('',(#6883),#6887);
#6883 = LINE('',#6884,#6885);
#6884 = CARTESIAN_POINT('',(-0.,0.));
#6885 = VECTOR('',#6886,1.);
#6886 = DIRECTION('',(-1.,0.));
#6887 = ( GEOMETRIC_REPRESENTATION_CONTEXT(2) 
PARAMETRIC_REPRESENTATION_CONTEXT() REPRESENTATION_CONTEXT('2D SPACE',''
  ) );
#6888 = ADVANCED_FACE('',(#6889),#5095,.T.);
#6889 = FACE_BOUND('',#6890,.F.);
#6890 = EDGE_LOOP('',(#6891,#6917,#6938,#6939,#6965,#6966,#6967,#6968,
    #6999,#7023));
#6891 = ORIENTED_EDGE('',*,*,#6892,.F.);
#6892 = EDGE_CURVE('',#6893,#6895,#6897,.T.);
#6893 = VERTEX_POINT('',#6894);
#6894 = CARTESIAN_POINT('',(9.805148004083,121.75647463247,-7.));
#6895 = VERTEX_POINT('',#6896);
#6896 = CARTESIAN_POINT('',(15.479349215107,124.97185531871,
    -5.919183588453));
#6897 = SURFACE_CURVE('',#6898,(#6903,#6910),.PCURVE_S1.);
#6898 = CIRCLE('',#6899,5.6);
#6899 = AXIS2_PLACEMENT_3D('',#6900,#6901,#6902);
#6900 = CARTESIAN_POINT('',(11.999260471713,122.99980503079,-2.));
#6901 = DIRECTION('',(0.493012571981,-0.870022185849,5.473539088428E-17)
  );
#6902 = DIRECTION('',(-1.110223024625E-16,-0.,1.));
#6903 = PCURVE('',#5095,#6904);
#6904 = DEFINITIONAL_REPRESENTATION('',(#6905),#6909);
#6905 = LINE('',#6906,#6907);
#6906 = CARTESIAN_POINT('',(-0.,10.));
#6907 = VECTOR('',#6908,1.);
#6908 = DIRECTION('',(-1.,0.));
#6909 = ( GEOMETRIC_REPRESENTATION_CONTEXT(2) 
PARAMETRIC_REPRESENTATION_CONTEXT() REPRESENTATION_CONTEXT('2D SPACE',''
  ) );
#6910 = PCURVE('',#6295,#6911);
#6911 = DEFINITIONAL_REPRESENTATION('',(#6912),#6916);
#6912 = CIRCLE('',#6913,5.6);
#6913 = AXIS2_PLACEMENT_2D('',#6914,#6915);
#6914 = CARTESIAN_POINT('',(-8.,4.));
#6915 = DIRECTION('',(-1.,0.));
#6916 = ( GEOMETRIC_REPRESENTATION_CONTEXT(2) 
PARAMETRIC_REPRESENTATION_CONTEXT() REPRESENTATION_CONTEXT('2D SPACE',''
  ) );
#6917 = ORIENTED_EDGE('',*,*,#6918,.F.);
#6918 = EDGE_CURVE('',#5171,#6893,#6919,.T.);
#6919 = SURFACE_CURVE('',#6920,(#6924,#6931),.PCURVE_S1.);
#6920 = LINE('',#6921,#6922);
#6921 = CARTESIAN_POINT('',(14.735273723893,113.05625277398,-7.));
#6922 = VECTOR('',#6923,1.);
#6923 = DIRECTION('',(-0.493012571981,0.870022185849,-5.473539088428E-17
    ));
#6924 = PCURVE('',#5095,#6925);
#6925 = DEFINITIONAL_REPRESENTATION('',(#6926),#6930);
#6926 = LINE('',#6927,#6928);
#6927 = CARTESIAN_POINT('',(-2.674446542581,1.459546059283E-15));
#6928 = VECTOR('',#6929,1.);
#6929 = DIRECTION('',(-0.,1.));
#6930 = ( GEOMETRIC_REPRESENTATION_CONTEXT(2) 
PARAMETRIC_REPRESENTATION_CONTEXT() REPRESENTATION_CONTEXT('2D SPACE',''
  ) );
#6931 = PCURVE('',#4534,#6932);
#6932 = DEFINITIONAL_REPRESENTATION('',(#6933),#6937);
#6933 = LINE('',#6934,#6935);
#6934 = CARTESIAN_POINT('',(-8.735273723893,-6.056252773984));
#6935 = VECTOR('',#6936,1.);
#6936 = DIRECTION('',(0.493012571981,-0.870022185849));
#6937 = ( GEOMETRIC_REPRESENTATION_CONTEXT(2) 
PARAMETRIC_REPRESENTATION_CONTEXT() REPRESENTATION_CONTEXT('2D SPACE',''
  ) );
#6938 = ORIENTED_EDGE('',*,*,#5170,.T.);
#6939 = ORIENTED_EDGE('',*,*,#6940,.T.);
#6940 = EDGE_CURVE('',#5143,#5111,#6941,.T.);
#6941 = SURFACE_CURVE('',#6942,(#6947,#6954),.PCURVE_S1.);
#6942 = CIRCLE('',#6943,5.6);
#6943 = AXIS2_PLACEMENT_3D('',#6944,#6945,#6946);
#6944 = CARTESIAN_POINT('',(16.929386191522,114.2995831723,-2.));
#6945 = DIRECTION('',(0.493012571981,-0.870022185849,8.464091194759E-16)
  );
#6946 = DIRECTION('',(-0.523104677057,-0.296425983666,-0.799057653144));
#6947 = PCURVE('',#5095,#6948);
#6948 = DEFINITIONAL_REPRESENTATION('',(#6949),#6953);
#6949 = LINE('',#6950,#6951);
#6950 = CARTESIAN_POINT('',(-2.496522607103,0.));
#6951 = VECTOR('',#6952,1.);
#6952 = DIRECTION('',(-1.,0.));
#6953 = ( GEOMETRIC_REPRESENTATION_CONTEXT(2) 
PARAMETRIC_REPRESENTATION_CONTEXT() REPRESENTATION_CONTEXT('2D SPACE',''
  ) );
#6954 = PCURVE('',#5158,#6955);
#6955 = DEFINITIONAL_REPRESENTATION('',(#6956),#6964);
#6956 = ( BOUNDED_CURVE() B_SPLINE_CURVE(2,(#6957,#6958,#6959,#6960,
#6961,#6962,#6963),.UNSPECIFIED.,.T.,.F.) B_SPLINE_CURVE_WITH_KNOTS((1,2
    ,2,2,2,1),(-2.094395102393,0.,2.094395102393,4.188790204786,
6.28318530718,8.377580409573),.UNSPECIFIED.) CURVE() 
GEOMETRIC_REPRESENTATION_ITEM() RATIONAL_B_SPLINE_CURVE((1.,0.5,1.,0.5,
1.,0.5,1.)) REPRESENTATION_ITEM('') );
#6957 = CARTESIAN_POINT('',(4.474722857608,3.367024702553));
#6958 = CARTESIAN_POINT('',(10.306580712769,-4.383422636613));
#6959 = CARTESIAN_POINT('',(0.678567498777,-5.55873602086));
#6960 = CARTESIAN_POINT('',(-8.949445715215,-6.734049405107));
#6961 = CARTESIAN_POINT('',(-5.153290356385,2.191711318306));
#6962 = CARTESIAN_POINT('',(-1.357134997554,11.117472041719));
#6963 = CARTESIAN_POINT('',(4.474722857608,3.367024702553));
#6964 = ( GEOMETRIC_REPRESENTATION_CONTEXT(2) 
PARAMETRIC_REPRESENTATION_CONTEXT() REPRESENTATION_CONTEXT('2D SPACE',''
  ) );
#6965 = ORIENTED_EDGE('',*,*,#5110,.T.);
#6966 = ORIENTED_EDGE('',*,*,#5074,.T.);
#6967 = ORIENTED_EDGE('',*,*,#6837,.F.);
#6968 = ORIENTED_EDGE('',*,*,#6969,.T.);
#6969 = EDGE_CURVE('',#6838,#6970,#6972,.T.);
#6970 = VERTEX_POINT('',#6971);
#6971 = CARTESIAN_POINT('',(14.041185039828,124.15689561939,
    3.084455273469));
#6972 = SURFACE_CURVE('',#6973,(#6978,#6988),.PCURVE_S1.);
#6973 = ELLIPSE('',#6974,11.358736710303,5.6);
#6974 = AXIS2_PLACEMENT_3D('',#6975,#6976,#6977);
#6975 = CARTESIAN_POINT('',(14.041185039828,119.39640873412,-2.));
#6976 = DIRECTION('',(-1.,0.,-1.110223024625E-16));
#6977 = DIRECTION('',(0.,1.,0.));
#6978 = PCURVE('',#5095,#6979);
#6979 = DEFINITIONAL_REPRESENTATION('',(#6980),#6987);
#6980 = B_SPLINE_CURVE_WITH_KNOTS('',5,(#6981,#6982,#6983,#6984,#6985,
    #6986),.UNSPECIFIED.,.F.,.F.,(6,6),(4.963600637909,5.14484679602),
  .PIECEWISE_BEZIER_KNOTS.);
#6981 = CARTESIAN_POINT('',(-6.031973649655,8.314804025004));
#6982 = CARTESIAN_POINT('',(-5.995724418033,8.661787653777));
#6983 = CARTESIAN_POINT('',(-5.95947518641,9.004736409327));
#6984 = CARTESIAN_POINT('',(-5.923225954788,9.34270039662));
#6985 = CARTESIAN_POINT('',(-5.886976723166,9.674751909662));
#6986 = CARTESIAN_POINT('',(-5.850727491544,10.0000006));
#6987 = ( GEOMETRIC_REPRESENTATION_CONTEXT(2) 
PARAMETRIC_REPRESENTATION_CONTEXT() REPRESENTATION_CONTEXT('2D SPACE',''
  ) );
#6988 = PCURVE('',#6192,#6989);
#6989 = DEFINITIONAL_REPRESENTATION('',(#6990),#6998);
#6990 = ( BOUNDED_CURVE() B_SPLINE_CURVE(2,(#6991,#6992,#6993,#6994,
#6995,#6996,#6997),.UNSPECIFIED.,.T.,.F.) B_SPLINE_CURVE_WITH_KNOTS((1,2
    ,2,2,2,1),(-2.094395102393,0.,2.094395102393,4.188790204786,
6.28318530718,8.377580409573),.UNSPECIFIED.) CURVE() 
GEOMETRIC_REPRESENTATION_ITEM() RATIONAL_B_SPLINE_CURVE((1.,0.5,1.,0.5,
1.,0.5,1.)) REPRESENTATION_ITEM('') );
#6991 = CARTESIAN_POINT('',(0.,7.535207298538));
#6992 = CARTESIAN_POINT('',(9.699484522386,7.535207298538));
#6993 = CARTESIAN_POINT('',(4.849742261193,-9.502897766916));
#6994 = CARTESIAN_POINT('',(1.371604415045E-15,-26.54100283237));
#6995 = CARTESIAN_POINT('',(-4.849742261193,-9.502897766916));
#6996 = CARTESIAN_POINT('',(-9.699484522386,7.535207298538));
#6997 = CARTESIAN_POINT('',(0.,7.535207298538));
#6998 = ( GEOMETRIC_REPRESENTATION_CONTEXT(2) 
PARAMETRIC_REPRESENTATION_CONTEXT() REPRESENTATION_CONTEXT('2D SPACE',''
  ) );
#6999 = ORIENTED_EDGE('',*,*,#7000,.F.);
#7000 = EDGE_CURVE('',#7001,#6970,#7003,.T.);
#7001 = VERTEX_POINT('',#7002);
#7002 = CARTESIAN_POINT('',(15.479349215107,124.97185531871,
    1.919183588453));
#7003 = SURFACE_CURVE('',#7004,(#7009,#7016),.PCURVE_S1.);
#7004 = CIRCLE('',#7005,5.6);
#7005 = AXIS2_PLACEMENT_3D('',#7006,#7007,#7008);
#7006 = CARTESIAN_POINT('',(11.999260471713,122.99980503079,-2.));
#7007 = DIRECTION('',(0.493012571981,-0.870022185849,5.473539088428E-17)
  );
#7008 = DIRECTION('',(-1.110223024625E-16,-0.,1.));
#7009 = PCURVE('',#5095,#7010);
#7010 = DEFINITIONAL_REPRESENTATION('',(#7011),#7015);
#7011 = LINE('',#7012,#7013);
#7012 = CARTESIAN_POINT('',(-0.,10.));
#7013 = VECTOR('',#7014,1.);
#7014 = DIRECTION('',(-1.,0.));
#7015 = ( GEOMETRIC_REPRESENTATION_CONTEXT(2) 
PARAMETRIC_REPRESENTATION_CONTEXT() REPRESENTATION_CONTEXT('2D SPACE',''
  ) );
#7016 = PCURVE('',#6510,#7017);
#7017 = DEFINITIONAL_REPRESENTATION('',(#7018),#7022);
#7018 = CIRCLE('',#7019,5.6);
#7019 = AXIS2_PLACEMENT_2D('',#7020,#7021);
#7020 = CARTESIAN_POINT('',(-8.,4.));
#7021 = DIRECTION('',(-1.,0.));
#7022 = ( GEOMETRIC_REPRESENTATION_CONTEXT(2) 
PARAMETRIC_REPRESENTATION_CONTEXT() REPRESENTATION_CONTEXT('2D SPACE',''
  ) );
#7023 = ORIENTED_EDGE('',*,*,#7024,.F.);
#7024 = EDGE_CURVE('',#6895,#7001,#7025,.T.);
#7025 = SURFACE_CURVE('',#7026,(#7031,#7038),.PCURVE_S1.);
#7026 = CIRCLE('',#7027,5.6);
#7027 = AXIS2_PLACEMENT_3D('',#7028,#7029,#7030);
#7028 = CARTESIAN_POINT('',(11.999260471713,122.99980503079,-2.));
#7029 = DIRECTION('',(0.493012571981,-0.870022185849,5.473539088428E-17)
  );
#7030 = DIRECTION('',(-1.110223024625E-16,-0.,1.));
#7031 = PCURVE('',#5095,#7032);
#7032 = DEFINITIONAL_REPRESENTATION('',(#7033),#7037);
#7033 = LINE('',#7034,#7035);
#7034 = CARTESIAN_POINT('',(-0.,10.));
#7035 = VECTOR('',#7036,1.);
#7036 = DIRECTION('',(-1.,0.));
#7037 = ( GEOMETRIC_REPRESENTATION_CONTEXT(2) 
PARAMETRIC_REPRESENTATION_CONTEXT() REPRESENTATION_CONTEXT('2D SPACE',''
  ) );
#7038 = PCURVE('',#7039,#7044);
#7039 = PLANE('',#7040);
#7040 = AXIS2_PLACEMENT_3D('',#7041,#7042,#7043);
#7041 = CARTESIAN_POINT('',(11.999260471713,122.99980503079,-2.));
#7042 = DIRECTION('',(-0.493012571981,0.870022185849,-5.473539088428E-17
    ));
#7043 = DIRECTION('',(1.110223024625E-16,0.,-1.));
#7044 = DEFINITIONAL_REPRESENTATION('',(#7045),#7053);
#7045 = ( BOUNDED_CURVE() B_SPLINE_CURVE(2,(#7046,#7047,#7048,#7049,
#7050,#7051,#7052),.UNSPECIFIED.,.T.,.F.) B_SPLINE_CURVE_WITH_KNOTS((1,2
    ,2,2,2,1),(-2.094395102393,0.,2.094395102393,4.188790204786,
6.28318530718,8.377580409573),.UNSPECIFIED.) CURVE() 
GEOMETRIC_REPRESENTATION_ITEM() RATIONAL_B_SPLINE_CURVE((1.,0.5,1.,0.5,
1.,0.5,1.)) REPRESENTATION_ITEM('') );
#7046 = CARTESIAN_POINT('',(-5.6,0.));
#7047 = CARTESIAN_POINT('',(-5.6,9.699484522386));
#7048 = CARTESIAN_POINT('',(2.8,4.849742261193));
#7049 = CARTESIAN_POINT('',(11.2,1.371604415045E-15));
#7050 = CARTESIAN_POINT('',(2.8,-4.849742261193));
#7051 = CARTESIAN_POINT('',(-5.6,-9.699484522386));
#7052 = CARTESIAN_POINT('',(-5.6,0.));
#7053 = ( GEOMETRIC_REPRESENTATION_CONTEXT(2) 
PARAMETRIC_REPRESENTATION_CONTEXT() REPRESENTATION_CONTEXT('2D SPACE',''
  ) );
#7054 = ADVANCED_FACE('',(#7055,#7059),#5158,.F.);
#7055 = FACE_BOUND('',#7056,.T.);
#7056 = EDGE_LOOP('',(#7057,#7058));
#7057 = ORIENTED_EDGE('',*,*,#6940,.T.);
#7058 = ORIENTED_EDGE('',*,*,#5142,.T.);
#7059 = FACE_BOUND('',#7060,.T.);
#7060 = EDGE_LOOP('',(#7061));
#7061 = ORIENTED_EDGE('',*,*,#7062,.F.);
#7062 = EDGE_CURVE('',#7063,#7063,#7065,.T.);
#7063 = VERTEX_POINT('',#7064);
#7064 = CARTESIAN_POINT('',(16.929386191522,114.2995831723,1.2));
#7065 = SURFACE_CURVE('',#7066,(#7071,#7082),.PCURVE_S1.);
#7066 = CIRCLE('',#7067,3.2);
#7067 = AXIS2_PLACEMENT_3D('',#7068,#7069,#7070);
#7068 = CARTESIAN_POINT('',(16.929386191522,114.2995831723,-2.));
#7069 = DIRECTION('',(0.493012571981,-0.870022185849,5.473539088428E-17)
  );
#7070 = DIRECTION('',(-1.110223024625E-16,-0.,1.));
#7071 = PCURVE('',#5158,#7072);
#7072 = DEFINITIONAL_REPRESENTATION('',(#7073),#7081);
#7073 = ( BOUNDED_CURVE() B_SPLINE_CURVE(2,(#7074,#7075,#7076,#7077,
#7078,#7079,#7080),.UNSPECIFIED.,.T.,.F.) B_SPLINE_CURVE_WITH_KNOTS((1,2
    ,2,2,2,1),(-2.094395102393,0.,2.094395102393,4.188790204786,
6.28318530718,8.377580409573),.UNSPECIFIED.) CURVE() 
GEOMETRIC_REPRESENTATION_ITEM() RATIONAL_B_SPLINE_CURVE((1.,0.5,1.,0.5,
1.,0.5,1.)) REPRESENTATION_ITEM('') );
#7074 = CARTESIAN_POINT('',(-3.2,-3.966705974673E-15));
#7075 = CARTESIAN_POINT('',(-3.2,5.54256258422));
#7076 = CARTESIAN_POINT('',(1.6,2.77128129211));
#7077 = CARTESIAN_POINT('',(6.4,-3.182932023219E-15));
#7078 = CARTESIAN_POINT('',(1.6,-2.77128129211));
#7079 = CARTESIAN_POINT('',(-3.2,-5.54256258422));
#7080 = CARTESIAN_POINT('',(-3.2,-3.966705974673E-15));
#7081 = ( GEOMETRIC_REPRESENTATION_CONTEXT(2) 
PARAMETRIC_REPRESENTATION_CONTEXT() REPRESENTATION_CONTEXT('2D SPACE',''
  ) );
#7082 = PCURVE('',#7083,#7088);
#7083 = CYLINDRICAL_SURFACE('',#7084,3.2);
#7084 = AXIS2_PLACEMENT_3D('',#7085,#7086,#7087);
#7085 = CARTESIAN_POINT('',(17.422398763503,113.42956098645,-2.));
#7086 = DIRECTION('',(-0.493012571981,0.870022185849,-5.473539088428E-17
    ));
#7087 = DIRECTION('',(-1.110223024625E-16,-0.,1.));
#7088 = DEFINITIONAL_REPRESENTATION('',(#7089),#7093);
#7089 = LINE('',#7090,#7091);
#7090 = CARTESIAN_POINT('',(-0.,1.));
#7091 = VECTOR('',#7092,1.);
#7092 = DIRECTION('',(-1.,0.));
#7093 = ( GEOMETRIC_REPRESENTATION_CONTEXT(2) 
PARAMETRIC_REPRESENTATION_CONTEXT() REPRESENTATION_CONTEXT('2D SPACE',''
  ) );
#7094 = ADVANCED_FACE('',(#7095),#4534,.F.);
#7095 = FACE_BOUND('',#7096,.T.);
#7096 = EDGE_LOOP('',(#7097,#7098,#7099,#7100,#7101,#7122));
#7097 = ORIENTED_EDGE('',*,*,#5203,.F.);
#7098 = ORIENTED_EDGE('',*,*,#5228,.F.);
#7099 = ORIENTED_EDGE('',*,*,#4518,.T.);
#7100 = ORIENTED_EDGE('',*,*,#6253,.F.);
#7101 = ORIENTED_EDGE('',*,*,#7102,.F.);
#7102 = EDGE_CURVE('',#6893,#6254,#7103,.T.);
#7103 = SURFACE_CURVE('',#7104,(#7108,#7115),.PCURVE_S1.);
#7104 = LINE('',#7105,#7106);
#7105 = CARTESIAN_POINT('',(4.557266987213,118.78267538957,-7.));
#7106 = VECTOR('',#7107,1.);
#7107 = DIRECTION('',(-0.870022185849,-0.493012571981,
    -9.659186626638E-17));
#7108 = PCURVE('',#4534,#7109);
#7109 = DEFINITIONAL_REPRESENTATION('',(#7110),#7114);
#7110 = LINE('',#7111,#7112);
#7111 = CARTESIAN_POINT('',(1.442733012787,-11.78267538957));
#7112 = VECTOR('',#7113,1.);
#7113 = DIRECTION('',(0.870022185849,0.493012571981));
#7114 = ( GEOMETRIC_REPRESENTATION_CONTEXT(2) 
PARAMETRIC_REPRESENTATION_CONTEXT() REPRESENTATION_CONTEXT('2D SPACE',''
  ) );
#7115 = PCURVE('',#6295,#7116);
#7116 = DEFINITIONAL_REPRESENTATION('',(#7117),#7121);
#7117 = LINE('',#7118,#7119);
#7118 = CARTESIAN_POINT('',(-3.,-4.553797369249));
#7119 = VECTOR('',#7120,1.);
#7120 = DIRECTION('',(-0.,-1.));
#7121 = ( GEOMETRIC_REPRESENTATION_CONTEXT(2) 
PARAMETRIC_REPRESENTATION_CONTEXT() REPRESENTATION_CONTEXT('2D SPACE',''
  ) );
#7122 = ORIENTED_EDGE('',*,*,#6918,.F.);
#7123 = ADVANCED_FACE('',(#7124),#5366,.T.);
#7124 = FACE_BOUND('',#7125,.F.);
#7125 = EDGE_LOOP('',(#7126,#7127,#7128));
#7126 = ORIENTED_EDGE('',*,*,#5381,.F.);
#7127 = ORIENTED_EDGE('',*,*,#5352,.F.);
#7128 = ORIENTED_EDGE('',*,*,#5765,.T.);
#7129 = ADVANCED_FACE('',(#7130),#5295,.F.);
#7130 = FACE_BOUND('',#7131,.T.);
#7131 = EDGE_LOOP('',(#7132,#7133,#7134,#7135));
#7132 = ORIENTED_EDGE('',*,*,#5527,.F.);
#7133 = ORIENTED_EDGE('',*,*,#5625,.F.);
#7134 = ORIENTED_EDGE('',*,*,#5279,.T.);
#7135 = ORIENTED_EDGE('',*,*,#5743,.T.);
#7136 = ADVANCED_FACE('',(#7137),#4171,.T.);
#7137 = FACE_BOUND('',#7138,.F.);
#7138 = EDGE_LOOP('',(#7139,#7140,#7141,#7142));
#7139 = ORIENTED_EDGE('',*,*,#5904,.F.);
#7140 = ORIENTED_EDGE('',*,*,#6729,.T.);
#7141 = ORIENTED_EDGE('',*,*,#4155,.T.);
#7142 = ORIENTED_EDGE('',*,*,#6121,.F.);
#7143 = ADVANCED_FACE('',(#7144),#6192,.T.);
#7144 = FACE_BOUND('',#7145,.F.);
#7145 = EDGE_LOOP('',(#7146,#7147,#7148,#7149,#7150,#7151));
#7146 = ORIENTED_EDGE('',*,*,#6969,.F.);
#7147 = ORIENTED_EDGE('',*,*,#6868,.T.);
#7148 = ORIENTED_EDGE('',*,*,#6176,.T.);
#7149 = ORIENTED_EDGE('',*,*,#6549,.F.);
#7150 = ORIENTED_EDGE('',*,*,#6522,.T.);
#7151 = ORIENTED_EDGE('',*,*,#7152,.T.);
#7152 = EDGE_CURVE('',#6495,#6970,#7153,.T.);
#7153 = SURFACE_CURVE('',#7154,(#7158,#7165),.PCURVE_S1.);
#7154 = LINE('',#7155,#7156);
#7155 = CARTESIAN_POINT('',(14.041185039828,124.15689561939,-6.));
#7156 = VECTOR('',#7157,1.);
#7157 = DIRECTION('',(1.110223024625E-16,0.,-1.));
#7158 = PCURVE('',#6192,#7159);
#7159 = DEFINITIONAL_REPRESENTATION('',(#7160),#7164);
#7160 = LINE('',#7161,#7162);
#7161 = CARTESIAN_POINT('',(4.,0.936957473507));
#7162 = VECTOR('',#7163,1.);
#7163 = DIRECTION('',(1.,-0.));
#7164 = ( GEOMETRIC_REPRESENTATION_CONTEXT(2) 
PARAMETRIC_REPRESENTATION_CONTEXT() REPRESENTATION_CONTEXT('2D SPACE',''
  ) );
#7165 = PCURVE('',#6510,#7166);
#7166 = DEFINITIONAL_REPRESENTATION('',(#7167),#7171);
#7167 = LINE('',#7168,#7169);
#7168 = CARTESIAN_POINT('',(-4.,6.346979883189));
#7169 = VECTOR('',#7170,1.);
#7170 = DIRECTION('',(1.,-0.));
#7171 = ( GEOMETRIC_REPRESENTATION_CONTEXT(2) 
PARAMETRIC_REPRESENTATION_CONTEXT() REPRESENTATION_CONTEXT('2D SPACE',''
  ) );
#7172 = ADVANCED_FACE('',(#7173),#4727,.F.);
#7173 = FACE_BOUND('',#7174,.T.);
#7174 = EDGE_LOOP('',(#7175,#7208,#7229,#7230));
#7175 = ORIENTED_EDGE('',*,*,#7176,.F.);
#7176 = EDGE_CURVE('',#7177,#7177,#7179,.T.);
#7177 = VERTEX_POINT('',#7178);
#7178 = CARTESIAN_POINT('',(11.2,116.,-0.3));
#7179 = SURFACE_CURVE('',#7180,(#7185,#7192),.PCURVE_S1.);
#7180 = CIRCLE('',#7181,2.7);
#7181 = AXIS2_PLACEMENT_3D('',#7182,#7183,#7184);
#7182 = CARTESIAN_POINT('',(11.2,116.,-3.));
#7183 = DIRECTION('',(-1.,0.,-1.110223024625E-16));
#7184 = DIRECTION('',(-1.110223024625E-16,-0.,1.));
#7185 = PCURVE('',#4727,#7186);
#7186 = DEFINITIONAL_REPRESENTATION('',(#7187),#7191);
#7187 = LINE('',#7188,#7189);
#7188 = CARTESIAN_POINT('',(-0.,5.2));
#7189 = VECTOR('',#7190,1.);
#7190 = DIRECTION('',(-1.,0.));
#7191 = ( GEOMETRIC_REPRESENTATION_CONTEXT(2) 
PARAMETRIC_REPRESENTATION_CONTEXT() REPRESENTATION_CONTEXT('2D SPACE',''
  ) );
#7192 = PCURVE('',#7193,#7198);
#7193 = PLANE('',#7194);
#7194 = AXIS2_PLACEMENT_3D('',#7195,#7196,#7197);
#7195 = CARTESIAN_POINT('',(11.2,116.,-3.));
#7196 = DIRECTION('',(1.,0.,1.110223024625E-16));
#7197 = DIRECTION('',(1.110223024625E-16,0.,-1.));
#7198 = DEFINITIONAL_REPRESENTATION('',(#7199),#7207);
#7199 = ( BOUNDED_CURVE() B_SPLINE_CURVE(2,(#7200,#7201,#7202,#7203,
#7204,#7205,#7206),.UNSPECIFIED.,.T.,.F.) B_SPLINE_CURVE_WITH_KNOTS((1,2
    ,2,2,2,1),(-2.094395102393,0.,2.094395102393,4.188790204786,
6.28318530718,8.377580409573),.UNSPECIFIED.) CURVE() 
GEOMETRIC_REPRESENTATION_ITEM() RATIONAL_B_SPLINE_CURVE((1.,0.5,1.,0.5,
1.,0.5,1.)) REPRESENTATION_ITEM('') );
#7200 = CARTESIAN_POINT('',(-2.7,0.));
#7201 = CARTESIAN_POINT('',(-2.7,4.676537180436));
#7202 = CARTESIAN_POINT('',(1.35,2.338268590218));
#7203 = CARTESIAN_POINT('',(5.4,6.613092715396E-16));
#7204 = CARTESIAN_POINT('',(1.35,-2.338268590218));
#7205 = CARTESIAN_POINT('',(-2.7,-4.676537180436));
#7206 = CARTESIAN_POINT('',(-2.7,0.));
#7207 = ( GEOMETRIC_REPRESENTATION_CONTEXT(2) 
PARAMETRIC_REPRESENTATION_CONTEXT() REPRESENTATION_CONTEXT('2D SPACE',''
  ) );
#7208 = ORIENTED_EDGE('',*,*,#7209,.F.);
#7209 = EDGE_CURVE('',#4707,#7177,#7210,.T.);
#7210 = SEAM_CURVE('',#7211,(#7215,#7222),.PCURVE_S1.);
#7211 = LINE('',#7212,#7213);
#7212 = CARTESIAN_POINT('',(6.,116.,-0.3));
#7213 = VECTOR('',#7214,1.);
#7214 = DIRECTION('',(1.,0.,1.110223024625E-16));
#7215 = PCURVE('',#4727,#7216);
#7216 = DEFINITIONAL_REPRESENTATION('',(#7217),#7221);
#7217 = LINE('',#7218,#7219);
#7218 = CARTESIAN_POINT('',(-6.28318530718,-0.));
#7219 = VECTOR('',#7220,1.);
#7220 = DIRECTION('',(-0.,1.));
#7221 = ( GEOMETRIC_REPRESENTATION_CONTEXT(2) 
PARAMETRIC_REPRESENTATION_CONTEXT() REPRESENTATION_CONTEXT('2D SPACE',''
  ) );
#7222 = PCURVE('',#4727,#7223);
#7223 = DEFINITIONAL_REPRESENTATION('',(#7224),#7228);
#7224 = LINE('',#7225,#7226);
#7225 = CARTESIAN_POINT('',(-0.,-0.));
#7226 = VECTOR('',#7227,1.);
#7227 = DIRECTION('',(-0.,1.));
#7228 = ( GEOMETRIC_REPRESENTATION_CONTEXT(2) 
PARAMETRIC_REPRESENTATION_CONTEXT() REPRESENTATION_CONTEXT('2D SPACE',''
  ) );
#7229 = ORIENTED_EDGE('',*,*,#4706,.T.);
#7230 = ORIENTED_EDGE('',*,*,#7209,.T.);
#7231 = ADVANCED_FACE('',(#7232),#6295,.T.);
#7232 = FACE_BOUND('',#7233,.F.);
#7233 = EDGE_LOOP('',(#7234,#7255,#7256,#7257,#7258));
#7234 = ORIENTED_EDGE('',*,*,#7235,.F.);
#7235 = EDGE_CURVE('',#6335,#6895,#7236,.T.);
#7236 = SURFACE_CURVE('',#7237,(#7241,#7248),.PCURVE_S1.);
#7237 = LINE('',#7238,#7239);
#7238 = CARTESIAN_POINT('',(15.479349215107,124.97185531871,-10.));
#7239 = VECTOR('',#7240,1.);
#7240 = DIRECTION('',(-1.110223024625E-16,-0.,1.));
#7241 = PCURVE('',#6295,#7242);
#7242 = DEFINITIONAL_REPRESENTATION('',(#7243),#7247);
#7243 = LINE('',#7244,#7245);
#7244 = CARTESIAN_POINT('',(7.727349301311E-16,8.));
#7245 = VECTOR('',#7246,1.);
#7246 = DIRECTION('',(-1.,0.));
#7247 = ( GEOMETRIC_REPRESENTATION_CONTEXT(2) 
PARAMETRIC_REPRESENTATION_CONTEXT() REPRESENTATION_CONTEXT('2D SPACE',''
  ) );
#7248 = PCURVE('',#6355,#7249);
#7249 = DEFINITIONAL_REPRESENTATION('',(#7250),#7254);
#7250 = LINE('',#7251,#7252);
#7251 = CARTESIAN_POINT('',(-4.196839972926,3.284123453057E-16));
#7252 = VECTOR('',#7253,1.);
#7253 = DIRECTION('',(-0.,1.));
#7254 = ( GEOMETRIC_REPRESENTATION_CONTEXT(2) 
PARAMETRIC_REPRESENTATION_CONTEXT() REPRESENTATION_CONTEXT('2D SPACE',''
  ) );
#7255 = ORIENTED_EDGE('',*,*,#6367,.F.);
#7256 = ORIENTED_EDGE('',*,*,#6281,.T.);
#7257 = ORIENTED_EDGE('',*,*,#7102,.F.);
#7258 = ORIENTED_EDGE('',*,*,#6892,.T.);
#7259 = ADVANCED_FACE('',(#7260),#6355,.T.);
#7260 = FACE_BOUND('',#7261,.F.);
#7261 = EDGE_LOOP('',(#7262,#7263,#7264,#7265,#7266,#7287));
#7262 = ORIENTED_EDGE('',*,*,#6466,.F.);
#7263 = ORIENTED_EDGE('',*,*,#6415,.F.);
#7264 = ORIENTED_EDGE('',*,*,#6334,.T.);
#7265 = ORIENTED_EDGE('',*,*,#7235,.T.);
#7266 = ORIENTED_EDGE('',*,*,#7267,.T.);
#7267 = EDGE_CURVE('',#6895,#7001,#7268,.T.);
#7268 = SURFACE_CURVE('',#7269,(#7273,#7280),.PCURVE_S1.);
#7269 = LINE('',#7270,#7271);
#7270 = CARTESIAN_POINT('',(15.479349215107,124.97185531871,-10.));
#7271 = VECTOR('',#7272,1.);
#7272 = DIRECTION('',(-1.110223024625E-16,-0.,1.));
#7273 = PCURVE('',#6355,#7274);
#7274 = DEFINITIONAL_REPRESENTATION('',(#7275),#7279);
#7275 = LINE('',#7276,#7277);
#7276 = CARTESIAN_POINT('',(-4.196839972926,3.284123453057E-16));
#7277 = VECTOR('',#7278,1.);
#7278 = DIRECTION('',(-0.,1.));
#7279 = ( GEOMETRIC_REPRESENTATION_CONTEXT(2) 
PARAMETRIC_REPRESENTATION_CONTEXT() REPRESENTATION_CONTEXT('2D SPACE',''
  ) );
#7280 = PCURVE('',#7039,#7281);
#7281 = DEFINITIONAL_REPRESENTATION('',(#7282),#7286);
#7282 = LINE('',#7283,#7284);
#7283 = CARTESIAN_POINT('',(8.,-4.));
#7284 = VECTOR('',#7285,1.);
#7285 = DIRECTION('',(-1.,0.));
#7286 = ( GEOMETRIC_REPRESENTATION_CONTEXT(2) 
PARAMETRIC_REPRESENTATION_CONTEXT() REPRESENTATION_CONTEXT('2D SPACE',''
  ) );
#7287 = ORIENTED_EDGE('',*,*,#7288,.T.);
#7288 = EDGE_CURVE('',#7001,#6467,#7289,.T.);
#7289 = SURFACE_CURVE('',#7290,(#7294,#7301),.PCURVE_S1.);
#7290 = LINE('',#7291,#7292);
#7291 = CARTESIAN_POINT('',(15.479349215107,124.97185531871,-10.));
#7292 = VECTOR('',#7293,1.);
#7293 = DIRECTION('',(-1.110223024625E-16,-0.,1.));
#7294 = PCURVE('',#6355,#7295);
#7295 = DEFINITIONAL_REPRESENTATION('',(#7296),#7300);
#7296 = LINE('',#7297,#7298);
#7297 = CARTESIAN_POINT('',(-4.196839972926,3.284123453057E-16));
#7298 = VECTOR('',#7299,1.);
#7299 = DIRECTION('',(-0.,1.));
#7300 = ( GEOMETRIC_REPRESENTATION_CONTEXT(2) 
PARAMETRIC_REPRESENTATION_CONTEXT() REPRESENTATION_CONTEXT('2D SPACE',''
  ) );
#7301 = PCURVE('',#6510,#7302);
#7302 = DEFINITIONAL_REPRESENTATION('',(#7303),#7307);
#7303 = LINE('',#7304,#7305);
#7304 = CARTESIAN_POINT('',(7.727349301311E-16,8.));
#7305 = VECTOR('',#7306,1.);
#7306 = DIRECTION('',(-1.,0.));
#7307 = ( GEOMETRIC_REPRESENTATION_CONTEXT(2) 
PARAMETRIC_REPRESENTATION_CONTEXT() REPRESENTATION_CONTEXT('2D SPACE',''
  ) );
#7308 = ADVANCED_FACE('',(#7309),#6510,.T.);
#7309 = FACE_BOUND('',#7310,.F.);
#7310 = EDGE_LOOP('',(#7311,#7312,#7313,#7314));
#7311 = ORIENTED_EDGE('',*,*,#7288,.F.);
#7312 = ORIENTED_EDGE('',*,*,#7000,.T.);
#7313 = ORIENTED_EDGE('',*,*,#7152,.F.);
#7314 = ORIENTED_EDGE('',*,*,#6494,.T.);
#7315 = ADVANCED_FACE('',(#7316),#6691,.F.);
#7316 = FACE_BOUND('',#7317,.T.);
#7317 = EDGE_LOOP('',(#7318,#7341,#7369,#7397,#7418,#7419));
#7318 = ORIENTED_EDGE('',*,*,#7319,.F.);
#7319 = EDGE_CURVE('',#7320,#6648,#7322,.T.);
#7320 = VERTEX_POINT('',#7321);
#7321 = CARTESIAN_POINT('',(78.455488052568,-5.479230210905,13.));
#7322 = SURFACE_CURVE('',#7323,(#7327,#7334),.PCURVE_S1.);
#7323 = LINE('',#7324,#7325);
#7324 = CARTESIAN_POINT('',(78.455488052568,-5.479230210905,-2.));
#7325 = VECTOR('',#7326,1.);
#7326 = DIRECTION('',(-1.110223024625E-16,-0.,1.));
#7327 = PCURVE('',#6691,#7328);
#7328 = DEFINITIONAL_REPRESENTATION('',(#7329),#7333);
#7329 = LINE('',#7330,#7331);
#7330 = CARTESIAN_POINT('',(-0.,12.));
#7331 = VECTOR('',#7332,1.);
#7332 = DIRECTION('',(-1.,0.));
#7333 = ( GEOMETRIC_REPRESENTATION_CONTEXT(2) 
PARAMETRIC_REPRESENTATION_CONTEXT() REPRESENTATION_CONTEXT('2D SPACE',''
  ) );
#7334 = PCURVE('',#6663,#7335);
#7335 = DEFINITIONAL_REPRESENTATION('',(#7336),#7340);
#7336 = LINE('',#7337,#7338);
#7337 = CARTESIAN_POINT('',(-0.,0.));
#7338 = VECTOR('',#7339,1.);
#7339 = DIRECTION('',(-0.,1.));
#7340 = ( GEOMETRIC_REPRESENTATION_CONTEXT(2) 
PARAMETRIC_REPRESENTATION_CONTEXT() REPRESENTATION_CONTEXT('2D SPACE',''
  ) );
#7341 = ORIENTED_EDGE('',*,*,#7342,.F.);
#7342 = EDGE_CURVE('',#7343,#7320,#7345,.T.);
#7343 = VERTEX_POINT('',#7344);
#7344 = CARTESIAN_POINT('',(78.455488052568,-17.4792302109,13.));
#7345 = SURFACE_CURVE('',#7346,(#7350,#7357),.PCURVE_S1.);
#7346 = LINE('',#7347,#7348);
#7347 = CARTESIAN_POINT('',(78.455488052568,-26.73961510545,13.));
#7348 = VECTOR('',#7349,1.);
#7349 = DIRECTION('',(0.,1.,0.));
#7350 = PCURVE('',#6691,#7351);
#7351 = DEFINITIONAL_REPRESENTATION('',(#7352),#7356);
#7352 = LINE('',#7353,#7354);
#7353 = CARTESIAN_POINT('',(-15.,-9.260384894548));
#7354 = VECTOR('',#7355,1.);
#7355 = DIRECTION('',(-0.,1.));
#7356 = ( GEOMETRIC_REPRESENTATION_CONTEXT(2) 
PARAMETRIC_REPRESENTATION_CONTEXT() REPRESENTATION_CONTEXT('2D SPACE',''
  ) );
#7357 = PCURVE('',#7358,#7363);
#7358 = PLANE('',#7359);
#7359 = AXIS2_PLACEMENT_3D('',#7360,#7361,#7362);
#7360 = CARTESIAN_POINT('',(74.5,-36.,13.));
#7361 = DIRECTION('',(-1.110223024625E-16,-0.,1.));
#7362 = DIRECTION('',(-1.,0.,-1.110223024625E-16));
#7363 = DEFINITIONAL_REPRESENTATION('',(#7364),#7368);
#7364 = LINE('',#7365,#7366);
#7365 = CARTESIAN_POINT('',(-3.955488052568,-9.260384894548));
#7366 = VECTOR('',#7367,1.);
#7367 = DIRECTION('',(-0.,-1.));
#7368 = ( GEOMETRIC_REPRESENTATION_CONTEXT(2) 
PARAMETRIC_REPRESENTATION_CONTEXT() REPRESENTATION_CONTEXT('2D SPACE',''
  ) );
#7369 = ORIENTED_EDGE('',*,*,#7370,.T.);
#7370 = EDGE_CURVE('',#7343,#7371,#7373,.T.);
#7371 = VERTEX_POINT('',#7372);
#7372 = CARTESIAN_POINT('',(78.455488052568,-17.4792302109,22.));
#7373 = SURFACE_CURVE('',#7374,(#7378,#7385),.PCURVE_S1.);
#7374 = LINE('',#7375,#7376);
#7375 = CARTESIAN_POINT('',(78.455488052568,-17.4792302109,-2.));
#7376 = VECTOR('',#7377,1.);
#7377 = DIRECTION('',(-1.110223024625E-16,-0.,1.));
#7378 = PCURVE('',#6691,#7379);
#7379 = DEFINITIONAL_REPRESENTATION('',(#7380),#7384);
#7380 = LINE('',#7381,#7382);
#7381 = CARTESIAN_POINT('',(-0.,0.));
#7382 = VECTOR('',#7383,1.);
#7383 = DIRECTION('',(-1.,0.));
#7384 = ( GEOMETRIC_REPRESENTATION_CONTEXT(2) 
PARAMETRIC_REPRESENTATION_CONTEXT() REPRESENTATION_CONTEXT('2D SPACE',''
  ) );
#7385 = PCURVE('',#7386,#7391);
#7386 = PLANE('',#7387);
#7387 = AXIS2_PLACEMENT_3D('',#7388,#7389,#7390);
#7388 = CARTESIAN_POINT('',(78.455488052568,-17.4792302109,-2.));
#7389 = DIRECTION('',(0.,1.,0.));
#7390 = DIRECTION('',(-1.,0.,-1.110223024625E-16));
#7391 = DEFINITIONAL_REPRESENTATION('',(#7392),#7396);
#7392 = LINE('',#7393,#7394);
#7393 = CARTESIAN_POINT('',(-0.,0.));
#7394 = VECTOR('',#7395,1.);
#7395 = DIRECTION('',(-0.,1.));
#7396 = ( GEOMETRIC_REPRESENTATION_CONTEXT(2) 
PARAMETRIC_REPRESENTATION_CONTEXT() REPRESENTATION_CONTEXT('2D SPACE',''
  ) );
#7397 = ORIENTED_EDGE('',*,*,#7398,.T.);
#7398 = EDGE_CURVE('',#7371,#6761,#7399,.T.);
#7399 = SURFACE_CURVE('',#7400,(#7404,#7411),.PCURVE_S1.);
#7400 = LINE('',#7401,#7402);
#7401 = CARTESIAN_POINT('',(78.455488052568,-17.4792302109,22.));
#7402 = VECTOR('',#7403,1.);
#7403 = DIRECTION('',(0.,1.,0.));
#7404 = PCURVE('',#6691,#7405);
#7405 = DEFINITIONAL_REPRESENTATION('',(#7406),#7410);
#7406 = LINE('',#7407,#7408);
#7407 = CARTESIAN_POINT('',(-24.,0.));
#7408 = VECTOR('',#7409,1.);
#7409 = DIRECTION('',(-0.,1.));
#7410 = ( GEOMETRIC_REPRESENTATION_CONTEXT(2) 
PARAMETRIC_REPRESENTATION_CONTEXT() REPRESENTATION_CONTEXT('2D SPACE',''
  ) );
#7411 = PCURVE('',#6799,#7412);
#7412 = DEFINITIONAL_REPRESENTATION('',(#7413),#7417);
#7413 = LINE('',#7414,#7415);
#7414 = CARTESIAN_POINT('',(-0.,0.));
#7415 = VECTOR('',#7416,1.);
#7416 = DIRECTION('',(-0.,-1.));
#7417 = ( GEOMETRIC_REPRESENTATION_CONTEXT(2) 
PARAMETRIC_REPRESENTATION_CONTEXT() REPRESENTATION_CONTEXT('2D SPACE',''
  ) );
#7418 = ORIENTED_EDGE('',*,*,#6760,.F.);
#7419 = ORIENTED_EDGE('',*,*,#6675,.F.);
#7420 = ADVANCED_FACE('',(#7421),#6663,.T.);
#7421 = FACE_BOUND('',#7422,.F.);
#7422 = EDGE_LOOP('',(#7423,#7424,#7447,#7475,#7503,#7531,#7552,#7553));
#7423 = ORIENTED_EDGE('',*,*,#7319,.F.);
#7424 = ORIENTED_EDGE('',*,*,#7425,.F.);
#7425 = EDGE_CURVE('',#7426,#7320,#7428,.T.);
#7426 = VERTEX_POINT('',#7427);
#7427 = CARTESIAN_POINT('',(84.5,-5.479230210905,13.));
#7428 = SURFACE_CURVE('',#7429,(#7433,#7440),.PCURVE_S1.);
#7429 = LINE('',#7430,#7431);
#7430 = CARTESIAN_POINT('',(76.477744026284,-5.479230210905,13.));
#7431 = VECTOR('',#7432,1.);
#7432 = DIRECTION('',(-1.,-0.,-1.110223024625E-16));
#7433 = PCURVE('',#6663,#7434);
#7434 = DEFINITIONAL_REPRESENTATION('',(#7435),#7439);
#7435 = LINE('',#7436,#7437);
#7436 = CARTESIAN_POINT('',(1.977744026284,15.));
#7437 = VECTOR('',#7438,1.);
#7438 = DIRECTION('',(1.,-0.));
#7439 = ( GEOMETRIC_REPRESENTATION_CONTEXT(2) 
PARAMETRIC_REPRESENTATION_CONTEXT() REPRESENTATION_CONTEXT('2D SPACE',''
  ) );
#7440 = PCURVE('',#7358,#7441);
#7441 = DEFINITIONAL_REPRESENTATION('',(#7442),#7446);
#7442 = LINE('',#7443,#7444);
#7443 = CARTESIAN_POINT('',(-1.977744026284,-30.52076978909));
#7444 = VECTOR('',#7445,1.);
#7445 = DIRECTION('',(1.,-0.));
#7446 = ( GEOMETRIC_REPRESENTATION_CONTEXT(2) 
PARAMETRIC_REPRESENTATION_CONTEXT() REPRESENTATION_CONTEXT('2D SPACE',''
  ) );
#7447 = ORIENTED_EDGE('',*,*,#7448,.F.);
#7448 = EDGE_CURVE('',#7449,#7426,#7451,.T.);
#7449 = VERTEX_POINT('',#7450);
#7450 = CARTESIAN_POINT('',(84.5,-5.479230210905,3.));
#7451 = SURFACE_CURVE('',#7452,(#7456,#7463),.PCURVE_S1.);
#7452 = LINE('',#7453,#7454);
#7453 = CARTESIAN_POINT('',(84.5,-5.479230210905,-7.5));
#7454 = VECTOR('',#7455,1.);
#7455 = DIRECTION('',(-1.110223024625E-16,-0.,1.));
#7456 = PCURVE('',#6663,#7457);
#7457 = DEFINITIONAL_REPRESENTATION('',(#7458),#7462);
#7458 = LINE('',#7459,#7460);
#7459 = CARTESIAN_POINT('',(-6.044511947432,-5.5));
#7460 = VECTOR('',#7461,1.);
#7461 = DIRECTION('',(-0.,1.));
#7462 = ( GEOMETRIC_REPRESENTATION_CONTEXT(2) 
PARAMETRIC_REPRESENTATION_CONTEXT() REPRESENTATION_CONTEXT('2D SPACE',''
  ) );
#7463 = PCURVE('',#7464,#7469);
#7464 = PLANE('',#7465);
#7465 = AXIS2_PLACEMENT_3D('',#7466,#7467,#7468);
#7466 = CARTESIAN_POINT('',(84.5,-36.,-13.));
#7467 = DIRECTION('',(1.,0.,1.110223024625E-16));
#7468 = DIRECTION('',(1.110223024625E-16,0.,-1.));
#7469 = DEFINITIONAL_REPRESENTATION('',(#7470),#7474);
#7470 = LINE('',#7471,#7472);
#7471 = CARTESIAN_POINT('',(-5.5,30.520769789095));
#7472 = VECTOR('',#7473,1.);
#7473 = DIRECTION('',(-1.,0.));
#7474 = ( GEOMETRIC_REPRESENTATION_CONTEXT(2) 
PARAMETRIC_REPRESENTATION_CONTEXT() REPRESENTATION_CONTEXT('2D SPACE',''
  ) );
#7475 = ORIENTED_EDGE('',*,*,#7476,.T.);
#7476 = EDGE_CURVE('',#7449,#7477,#7479,.T.);
#7477 = VERTEX_POINT('',#7478);
#7478 = CARTESIAN_POINT('',(88.455488052568,-5.479230210905,3.));
#7479 = SURFACE_CURVE('',#7480,(#7484,#7491),.PCURVE_S1.);
#7480 = LINE('',#7481,#7482);
#7481 = CARTESIAN_POINT('',(83.850576059863,-5.479230210905,3.));
#7482 = VECTOR('',#7483,1.);
#7483 = DIRECTION('',(1.,0.,1.110223024625E-16));
#7484 = PCURVE('',#6663,#7485);
#7485 = DEFINITIONAL_REPRESENTATION('',(#7486),#7490);
#7486 = LINE('',#7487,#7488);
#7487 = CARTESIAN_POINT('',(-5.395088007295,5.));
#7488 = VECTOR('',#7489,1.);
#7489 = DIRECTION('',(-1.,0.));
#7490 = ( GEOMETRIC_REPRESENTATION_CONTEXT(2) 
PARAMETRIC_REPRESENTATION_CONTEXT() REPRESENTATION_CONTEXT('2D SPACE',''
  ) );
#7491 = PCURVE('',#7492,#7497);
#7492 = PLANE('',#7493);
#7493 = AXIS2_PLACEMENT_3D('',#7494,#7495,#7496);
#7494 = CARTESIAN_POINT('',(89.245664067158,-3.964320915373,3.));
#7495 = DIRECTION('',(-1.110223024625E-16,-0.,1.));
#7496 = DIRECTION('',(0.944496796706,-0.328520624941,1.048602090388E-16)
  );
#7497 = DEFINITIONAL_REPRESENTATION('',(#7498),#7502);
#7498 = LINE('',#7499,#7500);
#7499 = CARTESIAN_POINT('',(-4.597964392341,-3.2032246607));
#7500 = VECTOR('',#7501,1.);
#7501 = DIRECTION('',(0.944496796706,0.328520624941));
#7502 = ( GEOMETRIC_REPRESENTATION_CONTEXT(2) 
PARAMETRIC_REPRESENTATION_CONTEXT() REPRESENTATION_CONTEXT('2D SPACE',''
  ) );
#7503 = ORIENTED_EDGE('',*,*,#7504,.T.);
#7504 = EDGE_CURVE('',#7477,#7505,#7507,.T.);
#7505 = VERTEX_POINT('',#7506);
#7506 = CARTESIAN_POINT('',(88.455488052568,-5.479230210905,22.));
#7507 = SURFACE_CURVE('',#7508,(#7512,#7519),.PCURVE_S1.);
#7508 = LINE('',#7509,#7510);
#7509 = CARTESIAN_POINT('',(88.455488052568,-5.479230210905,-2.));
#7510 = VECTOR('',#7511,1.);
#7511 = DIRECTION('',(-1.110223024625E-16,-0.,1.));
#7512 = PCURVE('',#6663,#7513);
#7513 = DEFINITIONAL_REPRESENTATION('',(#7514),#7518);
#7514 = LINE('',#7515,#7516);
#7515 = CARTESIAN_POINT('',(-10.,-1.110223024625E-15));
#7516 = VECTOR('',#7517,1.);
#7517 = DIRECTION('',(-0.,1.));
#7518 = ( GEOMETRIC_REPRESENTATION_CONTEXT(2) 
PARAMETRIC_REPRESENTATION_CONTEXT() REPRESENTATION_CONTEXT('2D SPACE',''
  ) );
#7519 = PCURVE('',#7520,#7525);
#7520 = PLANE('',#7521);
#7521 = AXIS2_PLACEMENT_3D('',#7522,#7523,#7524);
#7522 = CARTESIAN_POINT('',(88.455488052568,-17.4792302109,-2.));
#7523 = DIRECTION('',(1.,0.,1.110223024625E-16));
#7524 = DIRECTION('',(1.110223024625E-16,0.,-1.));
#7525 = DEFINITIONAL_REPRESENTATION('',(#7526),#7530);
#7526 = LINE('',#7527,#7528);
#7527 = CARTESIAN_POINT('',(-0.,12.));
#7528 = VECTOR('',#7529,1.);
#7529 = DIRECTION('',(-1.,0.));
#7530 = ( GEOMETRIC_REPRESENTATION_CONTEXT(2) 
PARAMETRIC_REPRESENTATION_CONTEXT() REPRESENTATION_CONTEXT('2D SPACE',''
  ) );
#7531 = ORIENTED_EDGE('',*,*,#7532,.F.);
#7532 = EDGE_CURVE('',#6784,#7505,#7533,.T.);
#7533 = SURFACE_CURVE('',#7534,(#7538,#7545),.PCURVE_S1.);
#7534 = LINE('',#7535,#7536);
#7535 = CARTESIAN_POINT('',(78.455488052568,-5.479230210905,22.));
#7536 = VECTOR('',#7537,1.);
#7537 = DIRECTION('',(1.,0.,1.110223024625E-16));
#7538 = PCURVE('',#6663,#7539);
#7539 = DEFINITIONAL_REPRESENTATION('',(#7540),#7544);
#7540 = LINE('',#7541,#7542);
#7541 = CARTESIAN_POINT('',(-2.6645352591E-15,24.));
#7542 = VECTOR('',#7543,1.);
#7543 = DIRECTION('',(-1.,0.));
#7544 = ( GEOMETRIC_REPRESENTATION_CONTEXT(2) 
PARAMETRIC_REPRESENTATION_CONTEXT() REPRESENTATION_CONTEXT('2D SPACE',''
  ) );
#7545 = PCURVE('',#6799,#7546);
#7546 = DEFINITIONAL_REPRESENTATION('',(#7547),#7551);
#7547 = LINE('',#7548,#7549);
#7548 = CARTESIAN_POINT('',(-0.,-12.));
#7549 = VECTOR('',#7550,1.);
#7550 = DIRECTION('',(-1.,0.));
#7551 = ( GEOMETRIC_REPRESENTATION_CONTEXT(2) 
PARAMETRIC_REPRESENTATION_CONTEXT() REPRESENTATION_CONTEXT('2D SPACE',''
  ) );
#7552 = ORIENTED_EDGE('',*,*,#6811,.F.);
#7553 = ORIENTED_EDGE('',*,*,#6647,.F.);
#7554 = ADVANCED_FACE('',(#7555,#7604),#6799,.T.);
#7555 = FACE_BOUND('',#7556,.F.);
#7556 = EDGE_LOOP('',(#7557,#7580,#7601,#7602,#7603));
#7557 = ORIENTED_EDGE('',*,*,#7558,.F.);
#7558 = EDGE_CURVE('',#7559,#7505,#7561,.T.);
#7559 = VERTEX_POINT('',#7560);
#7560 = CARTESIAN_POINT('',(88.455488052568,-17.4792302109,22.));
#7561 = SURFACE_CURVE('',#7562,(#7566,#7573),.PCURVE_S1.);
#7562 = LINE('',#7563,#7564);
#7563 = CARTESIAN_POINT('',(88.455488052568,-17.4792302109,22.));
#7564 = VECTOR('',#7565,1.);
#7565 = DIRECTION('',(0.,1.,0.));
#7566 = PCURVE('',#6799,#7567);
#7567 = DEFINITIONAL_REPRESENTATION('',(#7568),#7572);
#7568 = LINE('',#7569,#7570);
#7569 = CARTESIAN_POINT('',(-10.,0.));
#7570 = VECTOR('',#7571,1.);
#7571 = DIRECTION('',(-0.,-1.));
#7572 = ( GEOMETRIC_REPRESENTATION_CONTEXT(2) 
PARAMETRIC_REPRESENTATION_CONTEXT() REPRESENTATION_CONTEXT('2D SPACE',''
  ) );
#7573 = PCURVE('',#7520,#7574);
#7574 = DEFINITIONAL_REPRESENTATION('',(#7575),#7579);
#7575 = LINE('',#7576,#7577);
#7576 = CARTESIAN_POINT('',(-24.,0.));
#7577 = VECTOR('',#7578,1.);
#7578 = DIRECTION('',(-0.,1.));
#7579 = ( GEOMETRIC_REPRESENTATION_CONTEXT(2) 
PARAMETRIC_REPRESENTATION_CONTEXT() REPRESENTATION_CONTEXT('2D SPACE',''
  ) );
#7580 = ORIENTED_EDGE('',*,*,#7581,.F.);
#7581 = EDGE_CURVE('',#7371,#7559,#7582,.T.);
#7582 = SURFACE_CURVE('',#7583,(#7587,#7594),.PCURVE_S1.);
#7583 = LINE('',#7584,#7585);
#7584 = CARTESIAN_POINT('',(78.455488052568,-17.4792302109,22.));
#7585 = VECTOR('',#7586,1.);
#7586 = DIRECTION('',(1.,0.,1.110223024625E-16));
#7587 = PCURVE('',#6799,#7588);
#7588 = DEFINITIONAL_REPRESENTATION('',(#7589),#7593);
#7589 = LINE('',#7590,#7591);
#7590 = CARTESIAN_POINT('',(-0.,0.));
#7591 = VECTOR('',#7592,1.);
#7592 = DIRECTION('',(-1.,0.));
#7593 = ( GEOMETRIC_REPRESENTATION_CONTEXT(2) 
PARAMETRIC_REPRESENTATION_CONTEXT() REPRESENTATION_CONTEXT('2D SPACE',''
  ) );
#7594 = PCURVE('',#7386,#7595);
#7595 = DEFINITIONAL_REPRESENTATION('',(#7596),#7600);
#7596 = LINE('',#7597,#7598);
#7597 = CARTESIAN_POINT('',(-2.6645352591E-15,24.));
#7598 = VECTOR('',#7599,1.);
#7599 = DIRECTION('',(-1.,0.));
#7600 = ( GEOMETRIC_REPRESENTATION_CONTEXT(2) 
PARAMETRIC_REPRESENTATION_CONTEXT() REPRESENTATION_CONTEXT('2D SPACE',''
  ) );
#7601 = ORIENTED_EDGE('',*,*,#7398,.T.);
#7602 = ORIENTED_EDGE('',*,*,#6783,.F.);
#7603 = ORIENTED_EDGE('',*,*,#7532,.T.);
#7604 = FACE_BOUND('',#7605,.F.);
#7605 = EDGE_LOOP('',(#7606,#7636,#7664,#7692));
#7606 = ORIENTED_EDGE('',*,*,#7607,.T.);
#7607 = EDGE_CURVE('',#7608,#7610,#7612,.T.);
#7608 = VERTEX_POINT('',#7609);
#7609 = CARTESIAN_POINT('',(80.962837810826,-15.90604563198,22.));
#7610 = VERTEX_POINT('',#7611);
#7611 = CARTESIAN_POINT('',(81.812884927862,-16.20171419443,22.));
#7612 = SURFACE_CURVE('',#7613,(#7617,#7624),.PCURVE_S1.);
#7613 = LINE('',#7614,#7615);
#7614 = CARTESIAN_POINT('',(80.513559464118,-15.74977490269,22.));
#7615 = VECTOR('',#7616,1.);
#7616 = DIRECTION('',(0.944496796706,-0.328520624941,1.048602090388E-16)
  );
#7617 = PCURVE('',#6799,#7618);
#7618 = DEFINITIONAL_REPRESENTATION('',(#7619),#7623);
#7619 = LINE('',#7620,#7621);
#7620 = CARTESIAN_POINT('',(-2.05807141155,-1.729455308206));
#7621 = VECTOR('',#7622,1.);
#7622 = DIRECTION('',(-0.944496796706,0.328520624941));
#7623 = ( GEOMETRIC_REPRESENTATION_CONTEXT(2) 
PARAMETRIC_REPRESENTATION_CONTEXT() REPRESENTATION_CONTEXT('2D SPACE',''
  ) );
#7624 = PCURVE('',#7625,#7630);
#7625 = PLANE('',#7626);
#7626 = AXIS2_PLACEMENT_3D('',#7627,#7628,#7629);
#7627 = CARTESIAN_POINT('',(81.812884927862,-16.20171419443,20.));
#7628 = DIRECTION('',(0.328520624941,0.944496796706,3.64731161874E-17));
#7629 = DIRECTION('',(1.110223024625E-16,0.,-1.));
#7630 = DEFINITIONAL_REPRESENTATION('',(#7631),#7635);
#7631 = LINE('',#7632,#7633);
#7632 = CARTESIAN_POINT('',(-2.,1.375680116942));
#7633 = VECTOR('',#7634,1.);
#7634 = DIRECTION('',(-0.,-1.));
#7635 = ( GEOMETRIC_REPRESENTATION_CONTEXT(2) 
PARAMETRIC_REPRESENTATION_CONTEXT() REPRESENTATION_CONTEXT('2D SPACE',''
  ) );
#7636 = ORIENTED_EDGE('',*,*,#7637,.T.);
#7637 = EDGE_CURVE('',#7610,#7638,#7640,.T.);
#7638 = VERTEX_POINT('',#7639);
#7639 = CARTESIAN_POINT('',(85.098091177275,-6.756746227374,22.));
#7640 = SURFACE_CURVE('',#7641,(#7645,#7652),.PCURVE_S1.);
#7641 = LINE('',#7642,#7643);
#7642 = CARTESIAN_POINT('',(81.433511953959,-17.2924114944,22.));
#7643 = VECTOR('',#7644,1.);
#7644 = DIRECTION('',(0.328520624941,0.944496796706,3.64731161874E-17));
#7645 = PCURVE('',#6799,#7646);
#7646 = DEFINITIONAL_REPRESENTATION('',(#7647),#7651);
#7647 = LINE('',#7648,#7649);
#7648 = CARTESIAN_POINT('',(-2.97802390139,-0.186818716498));
#7649 = VECTOR('',#7650,1.);
#7650 = DIRECTION('',(-0.328520624941,-0.944496796706));
#7651 = ( GEOMETRIC_REPRESENTATION_CONTEXT(2) 
PARAMETRIC_REPRESENTATION_CONTEXT() REPRESENTATION_CONTEXT('2D SPACE',''
  ) );
#7652 = PCURVE('',#7653,#7658);
#7653 = PLANE('',#7654);
#7654 = AXIS2_PLACEMENT_3D('',#7655,#7656,#7657);
#7655 = CARTESIAN_POINT('',(81.812884927862,-16.20171419443,20.));
#7656 = DIRECTION('',(-0.944496796706,0.328520624941,-1.048602090388E-16
    ));
#7657 = DIRECTION('',(-0.328520624941,-0.944496796706,-3.64731161874E-17
    ));
#7658 = DEFINITIONAL_REPRESENTATION('',(#7659),#7663);
#7659 = LINE('',#7660,#7661);
#7660 = CARTESIAN_POINT('',(1.154791952472,2.));
#7661 = VECTOR('',#7662,1.);
#7662 = DIRECTION('',(-1.,0.));
#7663 = ( GEOMETRIC_REPRESENTATION_CONTEXT(2) 
PARAMETRIC_REPRESENTATION_CONTEXT() REPRESENTATION_CONTEXT('2D SPACE',''
  ) );
#7664 = ORIENTED_EDGE('',*,*,#7665,.F.);
#7665 = EDGE_CURVE('',#7666,#7638,#7668,.T.);
#7666 = VERTEX_POINT('',#7667);
#7667 = CARTESIAN_POINT('',(84.248044060239,-6.461077664927,22.));
#7668 = SURFACE_CURVE('',#7669,(#7673,#7680),.PCURVE_S1.);
#7669 = LINE('',#7670,#7671);
#7670 = CARTESIAN_POINT('',(83.798765713531,-6.304806935637,22.));
#7671 = VECTOR('',#7672,1.);
#7672 = DIRECTION('',(0.944496796706,-0.328520624941,1.048602090388E-16)
  );
#7673 = PCURVE('',#6799,#7674);
#7674 = DEFINITIONAL_REPRESENTATION('',(#7675),#7679);
#7675 = LINE('',#7676,#7677);
#7676 = CARTESIAN_POINT('',(-5.343277660963,-11.17442327526));
#7677 = VECTOR('',#7678,1.);
#7678 = DIRECTION('',(-0.944496796706,0.328520624941));
#7679 = ( GEOMETRIC_REPRESENTATION_CONTEXT(2) 
PARAMETRIC_REPRESENTATION_CONTEXT() REPRESENTATION_CONTEXT('2D SPACE',''
  ) );
#7680 = PCURVE('',#7681,#7686);
#7681 = PLANE('',#7682);
#7682 = AXIS2_PLACEMENT_3D('',#7683,#7684,#7685);
#7683 = CARTESIAN_POINT('',(85.098091177275,-6.756746227374,20.));
#7684 = DIRECTION('',(0.328520624941,0.944496796706,3.64731161874E-17));
#7685 = DIRECTION('',(1.110223024625E-16,0.,-1.));
#7686 = DEFINITIONAL_REPRESENTATION('',(#7687),#7691);
#7687 = LINE('',#7688,#7689);
#7688 = CARTESIAN_POINT('',(-2.,1.375680116942));
#7689 = VECTOR('',#7690,1.);
#7690 = DIRECTION('',(-0.,-1.));
#7691 = ( GEOMETRIC_REPRESENTATION_CONTEXT(2) 
PARAMETRIC_REPRESENTATION_CONTEXT() REPRESENTATION_CONTEXT('2D SPACE',''
  ) );
#7692 = ORIENTED_EDGE('',*,*,#7693,.F.);
#7693 = EDGE_CURVE('',#7608,#7666,#7694,.T.);
#7694 = SURFACE_CURVE('',#7695,(#7699,#7706),.PCURVE_S1.);
#7695 = LINE('',#7696,#7697);
#7696 = CARTESIAN_POINT('',(80.583464836923,-16.99674293196,22.));
#7697 = VECTOR('',#7698,1.);
#7698 = DIRECTION('',(0.328520624941,0.944496796706,3.64731161874E-17));
#7699 = PCURVE('',#6799,#7700);
#7700 = DEFINITIONAL_REPRESENTATION('',(#7701),#7705);
#7701 = LINE('',#7702,#7703);
#7702 = CARTESIAN_POINT('',(-2.127976784355,-0.482487278945));
#7703 = VECTOR('',#7704,1.);
#7704 = DIRECTION('',(-0.328520624941,-0.944496796706));
#7705 = ( GEOMETRIC_REPRESENTATION_CONTEXT(2) 
PARAMETRIC_REPRESENTATION_CONTEXT() REPRESENTATION_CONTEXT('2D SPACE',''
  ) );
#7706 = PCURVE('',#7707,#7712);
#7707 = PLANE('',#7708);
#7708 = AXIS2_PLACEMENT_3D('',#7709,#7710,#7711);
#7709 = CARTESIAN_POINT('',(80.962837810826,-15.90604563198,20.));
#7710 = DIRECTION('',(-0.944496796706,0.328520624941,-1.048602090388E-16
    ));
#7711 = DIRECTION('',(-0.328520624941,-0.944496796706,-3.64731161874E-17
    ));
#7712 = DEFINITIONAL_REPRESENTATION('',(#7713),#7717);
#7713 = LINE('',#7714,#7715);
#7714 = CARTESIAN_POINT('',(1.154791952472,2.));
#7715 = VECTOR('',#7716,1.);
#7716 = DIRECTION('',(-1.,0.));
#7717 = ( GEOMETRIC_REPRESENTATION_CONTEXT(2) 
PARAMETRIC_REPRESENTATION_CONTEXT() REPRESENTATION_CONTEXT('2D SPACE',''
  ) );
#7718 = ADVANCED_FACE('',(#7719),#7039,.T.);
#7719 = FACE_BOUND('',#7720,.F.);
#7720 = EDGE_LOOP('',(#7721,#7722));
#7721 = ORIENTED_EDGE('',*,*,#7267,.F.);
#7722 = ORIENTED_EDGE('',*,*,#7024,.T.);
#7723 = ADVANCED_FACE('',(#7724),#7083,.F.);
#7724 = FACE_BOUND('',#7725,.T.);
#7725 = EDGE_LOOP('',(#7726,#7757,#7810,#7831,#7832,#7833,#7865,#7902));
#7726 = ORIENTED_EDGE('',*,*,#7727,.F.);
#7727 = EDGE_CURVE('',#7728,#7730,#7732,.T.);
#7728 = VERTEX_POINT('',#7729);
#7729 = CARTESIAN_POINT('',(14.,124.13355743015,-4.225229614419));
#7730 = VERTEX_POINT('',#7731);
#7731 = CARTESIAN_POINT('',(14.041185039828,124.15689561939,
    0.17524376287));
#7732 = SURFACE_CURVE('',#7733,(#7738,#7745),.PCURVE_S1.);
#7733 = CIRCLE('',#7734,3.2);
#7734 = AXIS2_PLACEMENT_3D('',#7735,#7736,#7737);
#7735 = CARTESIAN_POINT('',(11.999260471713,122.99980503079,-2.));
#7736 = DIRECTION('',(0.493012571981,-0.870022185849,5.473539088428E-17)
  );
#7737 = DIRECTION('',(-1.110223024625E-16,-0.,1.));
#7738 = PCURVE('',#7083,#7739);
#7739 = DEFINITIONAL_REPRESENTATION('',(#7740),#7744);
#7740 = LINE('',#7741,#7742);
#7741 = CARTESIAN_POINT('',(-0.,11.));
#7742 = VECTOR('',#7743,1.);
#7743 = DIRECTION('',(-1.,0.));
#7744 = ( GEOMETRIC_REPRESENTATION_CONTEXT(2) 
PARAMETRIC_REPRESENTATION_CONTEXT() REPRESENTATION_CONTEXT('2D SPACE',''
  ) );
#7745 = PCURVE('',#7746,#7751);
#7746 = PLANE('',#7747);
#7747 = AXIS2_PLACEMENT_3D('',#7748,#7749,#7750);
#7748 = CARTESIAN_POINT('',(8.519171728318,121.02775474286,-10.));
#7749 = DIRECTION('',(0.493012571981,-0.870022185849,5.473539088428E-17)
  );
#7750 = DIRECTION('',(1.110223024625E-16,0.,-1.));
#7751 = DEFINITIONAL_REPRESENTATION('',(#7752),#7756);
#7752 = CIRCLE('',#7753,3.2);
#7753 = AXIS2_PLACEMENT_2D('',#7754,#7755);
#7754 = CARTESIAN_POINT('',(-8.,4.));
#7755 = DIRECTION('',(-1.,0.));
#7756 = ( GEOMETRIC_REPRESENTATION_CONTEXT(2) 
PARAMETRIC_REPRESENTATION_CONTEXT() REPRESENTATION_CONTEXT('2D SPACE',''
  ) );
#7757 = ORIENTED_EDGE('',*,*,#7758,.T.);
#7758 = EDGE_CURVE('',#7728,#7759,#7761,.T.);
#7759 = VERTEX_POINT('',#7760);
#7760 = CARTESIAN_POINT('',(14.,119.46908821616,1.2));
#7761 = SURFACE_CURVE('',#7762,(#7767,#7794),.PCURVE_S1.);
#7762 = ELLIPSE('',#7763,6.490706691602,3.2);
#7763 = AXIS2_PLACEMENT_3D('',#7764,#7765,#7766);
#7764 = CARTESIAN_POINT('',(14.,119.46908821616,-2.));
#7765 = DIRECTION('',(-1.,0.,-1.110223024625E-16));
#7766 = DIRECTION('',(0.,1.,0.));
#7767 = PCURVE('',#7083,#7768);
#7768 = DEFINITIONAL_REPRESENTATION('',(#7769),#7793);
#7769 = B_SPLINE_CURVE_WITH_KNOTS('',8,(#7770,#7771,#7772,#7773,#7774,
    #7775,#7776,#7777,#7778,#7779,#7780,#7781,#7782,#7783,#7784,#7785,
    #7786,#7787,#7788,#7789,#7790,#7791,#7792),.UNSPECIFIED.,.F.,.F.,(9,
    7,7,9),(0.768954307979,1.75481297608,3.233600978233,4.712388980385),
  .UNSPECIFIED.);
#7770 = CARTESIAN_POINT('',(-3.943434672406,11.0000006));
#7771 = CARTESIAN_POINT('',(-3.820202338893,10.516082609377));
#7772 = CARTESIAN_POINT('',(-3.696970005381,9.961731939166));
#7773 = CARTESIAN_POINT('',(-3.573737671868,9.34814722057));
#7774 = CARTESIAN_POINT('',(-3.450505338355,8.688807509294));
#7775 = CARTESIAN_POINT('',(-3.327273004842,7.998932534275));
#7776 = CARTESIAN_POINT('',(-3.20404067133,7.294745958653));
#7777 = CARTESIAN_POINT('',(-3.080808337817,6.592661303948));
#7778 = CARTESIAN_POINT('',(-2.772727504035,4.882283515108));
#7779 = CARTESIAN_POINT('',(-2.587879003766,3.896407258208));
#7780 = CARTESIAN_POINT('',(-2.403030503493,3.004315179742));
#7781 = CARTESIAN_POINT('',(-2.218182003227,2.256493122547));
#7782 = CARTESIAN_POINT('',(-2.033333502954,1.694664736888));
#7783 = CARTESIAN_POINT('',(-1.84848500269,1.346406777778));
#7784 = CARTESIAN_POINT('',(-1.663636502421,1.22272782491));
#7785 = CARTESIAN_POINT('',(-1.293939501883,1.414542766048));
#7786 = CARTESIAN_POINT('',(-1.109091001614,1.730036689281));
#7787 = CARTESIAN_POINT('',(-0.924242501345,2.26012215178));
#7788 = CARTESIAN_POINT('',(-0.739394001074,2.983804521454));
#7789 = CARTESIAN_POINT('',(-0.554545500807,3.864608371039));
#7790 = CARTESIAN_POINT('',(-0.369697000537,4.854107430653));
#7791 = CARTESIAN_POINT('',(-0.184848500269,5.897957944163));
#7792 = CARTESIAN_POINT('',(4.440892098501E-15,6.941808298624));
#7793 = ( GEOMETRIC_REPRESENTATION_CONTEXT(2) 
PARAMETRIC_REPRESENTATION_CONTEXT() REPRESENTATION_CONTEXT('2D SPACE',''
  ) );
#7794 = PCURVE('',#7795,#7800);
#7795 = PLANE('',#7796);
#7796 = AXIS2_PLACEMENT_3D('',#7797,#7798,#7799);
#7797 = CARTESIAN_POINT('',(14.,107.,-7.));
#7798 = DIRECTION('',(1.,0.,1.110223024625E-16));
#7799 = DIRECTION('',(1.110223024625E-16,0.,-1.));
#7800 = DEFINITIONAL_REPRESENTATION('',(#7801),#7809);
#7801 = ( BOUNDED_CURVE() B_SPLINE_CURVE(2,(#7802,#7803,#7804,#7805,
#7806,#7807,#7808),.UNSPECIFIED.,.T.,.F.) B_SPLINE_CURVE_WITH_KNOTS((1,2
    ,2,2,2,1),(-2.094395102393,0.,2.094395102393,4.188790204786,
6.28318530718,8.377580409573),.UNSPECIFIED.) CURVE() 
GEOMETRIC_REPRESENTATION_ITEM() RATIONAL_B_SPLINE_CURVE((1.,0.5,1.,0.5,
1.,0.5,1.)) REPRESENTATION_ITEM('') );
#7802 = CARTESIAN_POINT('',(-5.,18.95979490777));
#7803 = CARTESIAN_POINT('',(0.54256258422,18.95979490777));
#7804 = CARTESIAN_POINT('',(-2.22871870789,9.223734870368));
#7805 = CARTESIAN_POINT('',(-5.,-0.512325167034));
#7806 = CARTESIAN_POINT('',(-7.77128129211,9.223734870368));
#7807 = CARTESIAN_POINT('',(-10.54256258422,18.95979490777));
#7808 = CARTESIAN_POINT('',(-5.,18.95979490777));
#7809 = ( GEOMETRIC_REPRESENTATION_CONTEXT(2) 
PARAMETRIC_REPRESENTATION_CONTEXT() REPRESENTATION_CONTEXT('2D SPACE',''
  ) );
#7810 = ORIENTED_EDGE('',*,*,#7811,.F.);
#7811 = EDGE_CURVE('',#7063,#7759,#7812,.T.);
#7812 = SEAM_CURVE('',#7813,(#7817,#7824),.PCURVE_S1.);
#7813 = LINE('',#7814,#7815);
#7814 = CARTESIAN_POINT('',(17.422398763503,113.42956098645,1.2));
#7815 = VECTOR('',#7816,1.);
#7816 = DIRECTION('',(-0.493012571981,0.870022185849,-5.473539088428E-17
    ));
#7817 = PCURVE('',#7083,#7818);
#7818 = DEFINITIONAL_REPRESENTATION('',(#7819),#7823);
#7819 = LINE('',#7820,#7821);
#7820 = CARTESIAN_POINT('',(-6.28318530718,-0.));
#7821 = VECTOR('',#7822,1.);
#7822 = DIRECTION('',(-0.,1.));
#7823 = ( GEOMETRIC_REPRESENTATION_CONTEXT(2) 
PARAMETRIC_REPRESENTATION_CONTEXT() REPRESENTATION_CONTEXT('2D SPACE',''
  ) );
#7824 = PCURVE('',#7083,#7825);
#7825 = DEFINITIONAL_REPRESENTATION('',(#7826),#7830);
#7826 = LINE('',#7827,#7828);
#7827 = CARTESIAN_POINT('',(-0.,-0.));
#7828 = VECTOR('',#7829,1.);
#7829 = DIRECTION('',(-0.,1.));
#7830 = ( GEOMETRIC_REPRESENTATION_CONTEXT(2) 
PARAMETRIC_REPRESENTATION_CONTEXT() REPRESENTATION_CONTEXT('2D SPACE',''
  ) );
#7831 = ORIENTED_EDGE('',*,*,#7062,.T.);
#7832 = ORIENTED_EDGE('',*,*,#7811,.T.);
#7833 = ORIENTED_EDGE('',*,*,#7834,.T.);
#7834 = EDGE_CURVE('',#7759,#7835,#7837,.T.);
#7835 = VERTEX_POINT('',#7836);
#7836 = CARTESIAN_POINT('',(14.,123.21993814588,0.611589468704));
#7837 = SURFACE_CURVE('',#7838,(#7843,#7854),.PCURVE_S1.);
#7838 = ELLIPSE('',#7839,6.490706691602,3.2);
#7839 = AXIS2_PLACEMENT_3D('',#7840,#7841,#7842);
#7840 = CARTESIAN_POINT('',(14.,119.46908821616,-2.));
#7841 = DIRECTION('',(-1.,0.,-1.110223024625E-16));
#7842 = DIRECTION('',(0.,1.,0.));
#7843 = PCURVE('',#7083,#7844);
#7844 = DEFINITIONAL_REPRESENTATION('',(#7845),#7853);
#7845 = B_SPLINE_CURVE_WITH_KNOTS('',6,(#7846,#7847,#7848,#7849,#7850,
    #7851,#7852),.UNSPECIFIED.,.F.,.F.,(7,7),(4.712388980385,
    5.514230999201),.PIECEWISE_BEZIER_KNOTS.);
#7846 = CARTESIAN_POINT('',(-6.28318530718,6.941808298624));
#7847 = CARTESIAN_POINT('',(-6.14954497071,7.696483139862));
#7848 = CARTESIAN_POINT('',(-6.015904634241,8.451156696489));
#7849 = CARTESIAN_POINT('',(-5.882264297772,9.181577478893));
#7850 = CARTESIAN_POINT('',(-5.748623961302,9.863450098508));
#7851 = CARTESIAN_POINT('',(-5.614983624833,10.475211680996));
#7852 = CARTESIAN_POINT('',(-5.481343288364,11.0000006));
#7853 = ( GEOMETRIC_REPRESENTATION_CONTEXT(2) 
PARAMETRIC_REPRESENTATION_CONTEXT() REPRESENTATION_CONTEXT('2D SPACE',''
  ) );
#7854 = PCURVE('',#7795,#7855);
#7855 = DEFINITIONAL_REPRESENTATION('',(#7856),#7864);
#7856 = ( BOUNDED_CURVE() B_SPLINE_CURVE(2,(#7857,#7858,#7859,#7860,
#7861,#7862,#7863),.UNSPECIFIED.,.T.,.F.) B_SPLINE_CURVE_WITH_KNOTS((1,2
    ,2,2,2,1),(-2.094395102393,0.,2.094395102393,4.188790204786,
6.28318530718,8.377580409573),.UNSPECIFIED.) CURVE() 
GEOMETRIC_REPRESENTATION_ITEM() RATIONAL_B_SPLINE_CURVE((1.,0.5,1.,0.5,
1.,0.5,1.)) REPRESENTATION_ITEM('') );
#7857 = CARTESIAN_POINT('',(-5.,18.95979490777));
#7858 = CARTESIAN_POINT('',(0.54256258422,18.95979490777));
#7859 = CARTESIAN_POINT('',(-2.22871870789,9.223734870368));
#7860 = CARTESIAN_POINT('',(-5.,-0.512325167034));
#7861 = CARTESIAN_POINT('',(-7.77128129211,9.223734870368));
#7862 = CARTESIAN_POINT('',(-10.54256258422,18.95979490777));
#7863 = CARTESIAN_POINT('',(-5.,18.95979490777));
#7864 = ( GEOMETRIC_REPRESENTATION_CONTEXT(2) 
PARAMETRIC_REPRESENTATION_CONTEXT() REPRESENTATION_CONTEXT('2D SPACE',''
  ) );
#7865 = ORIENTED_EDGE('',*,*,#7866,.F.);
#7866 = EDGE_CURVE('',#7867,#7835,#7869,.T.);
#7867 = VERTEX_POINT('',#7868);
#7868 = CARTESIAN_POINT('',(14.041185039828,123.21993814588,
    0.585844886354));
#7869 = SURFACE_CURVE('',#7870,(#7875,#7886),.PCURVE_S1.);
#7870 = ELLIPSE('',#7871,3.678067125241,3.2);
#7871 = AXIS2_PLACEMENT_3D('',#7872,#7873,#7874);
#7872 = CARTESIAN_POINT('',(11.874518373161,123.21993814588,-2.));
#7873 = DIRECTION('',(0.,-1.,0.));
#7874 = DIRECTION('',(-1.,-0.,-1.110223024625E-16));
#7875 = PCURVE('',#7083,#7876);
#7876 = DEFINITIONAL_REPRESENTATION('',(#7877),#7885);
#7877 = B_SPLINE_CURVE_WITH_KNOTS('',6,(#7878,#7879,#7880,#7881,#7882,
    #7883,#7884),.UNSPECIFIED.,.F.,.F.,(7,7),(3.675236118597,
    4.572399374951),.PIECEWISE_BEZIER_KNOTS.);
#7878 = CARTESIAN_POINT('',(-5.246032445392,9.691813638872));
#7879 = CARTESIAN_POINT('',(-5.395559654784,9.829736754731));
#7880 = CARTESIAN_POINT('',(-5.545086864176,10.00954635753));
#7881 = CARTESIAN_POINT('',(-5.694614073568,10.225697366794));
#7882 = CARTESIAN_POINT('',(-5.844141282961,10.469809545019));
#7883 = CARTESIAN_POINT('',(-5.993668492354,10.731510394633));
#7884 = CARTESIAN_POINT('',(-6.143195701746,11.0000006));
#7885 = ( GEOMETRIC_REPRESENTATION_CONTEXT(2) 
PARAMETRIC_REPRESENTATION_CONTEXT() REPRESENTATION_CONTEXT('2D SPACE',''
  ) );
#7886 = PCURVE('',#7887,#7892);
#7887 = PLANE('',#7888);
#7888 = AXIS2_PLACEMENT_3D('',#7889,#7890,#7891);
#7889 = CARTESIAN_POINT('',(4.041185039828,123.21993814588,-2.));
#7890 = DIRECTION('',(0.,1.,0.));
#7891 = DIRECTION('',(-1.,0.,-1.110223024625E-16));
#7892 = DEFINITIONAL_REPRESENTATION('',(#7893),#7901);
#7893 = ( BOUNDED_CURVE() B_SPLINE_CURVE(2,(#7894,#7895,#7896,#7897,
#7898,#7899,#7900),.UNSPECIFIED.,.T.,.F.) B_SPLINE_CURVE_WITH_KNOTS((1,2
    ,2,2,2,1),(-2.094395102393,0.,2.094395102393,4.188790204786,
6.28318530718,8.377580409573),.UNSPECIFIED.) CURVE() 
GEOMETRIC_REPRESENTATION_ITEM() RATIONAL_B_SPLINE_CURVE((1.,0.5,1.,0.5,
1.,0.5,1.)) REPRESENTATION_ITEM('') );
#7894 = CARTESIAN_POINT('',(-4.155266208092,9.066821367772E-16));
#7895 = CARTESIAN_POINT('',(-4.155266208092,-5.54256258422));
#7896 = CARTESIAN_POINT('',(-9.672366895954,-2.77128129211));
#7897 = CARTESIAN_POINT('',(-15.18946758381,1.229081853229E-16));
#7898 = CARTESIAN_POINT('',(-9.672366895954,2.77128129211));
#7899 = CARTESIAN_POINT('',(-4.155266208092,5.54256258422));
#7900 = CARTESIAN_POINT('',(-4.155266208092,9.066821367772E-16));
#7901 = ( GEOMETRIC_REPRESENTATION_CONTEXT(2) 
PARAMETRIC_REPRESENTATION_CONTEXT() REPRESENTATION_CONTEXT('2D SPACE',''
  ) );
#7902 = ORIENTED_EDGE('',*,*,#7903,.T.);
#7903 = EDGE_CURVE('',#7867,#7730,#7904,.T.);
#7904 = SURFACE_CURVE('',#7905,(#7910,#7920),.PCURVE_S1.);
#7905 = ELLIPSE('',#7906,6.490706691602,3.2);
#7906 = AXIS2_PLACEMENT_3D('',#7907,#7908,#7909);
#7907 = CARTESIAN_POINT('',(14.041185039828,119.39640873412,-2.));
#7908 = DIRECTION('',(-1.,0.,-1.110223024625E-16));
#7909 = DIRECTION('',(0.,1.,0.));
#7910 = PCURVE('',#7083,#7911);
#7911 = DEFINITIONAL_REPRESENTATION('',(#7912),#7919);
#7912 = B_SPLINE_CURVE_WITH_KNOTS('',5,(#7913,#7914,#7915,#7916,#7917,
    #7918),.UNSPECIFIED.,.F.,.F.,(6,6),(5.162439576771,5.535745094091),
  .PIECEWISE_BEZIER_KNOTS.);
#7913 = CARTESIAN_POINT('',(-5.833134710793,9.314804025004));
#7914 = CARTESIAN_POINT('',(-5.758473607329,9.694437329861));
#7915 = CARTESIAN_POINT('',(-5.683812503865,10.056954146416));
#7916 = CARTESIAN_POINT('',(-5.609151400401,10.397944027561));
#7917 = CARTESIAN_POINT('',(-5.534490296938,10.713401648971));
#7918 = CARTESIAN_POINT('',(-5.459829193474,11.0000006));
#7919 = ( GEOMETRIC_REPRESENTATION_CONTEXT(2) 
PARAMETRIC_REPRESENTATION_CONTEXT() REPRESENTATION_CONTEXT('2D SPACE',''
  ) );
#7920 = PCURVE('',#7921,#7926);
#7921 = PLANE('',#7922);
#7922 = AXIS2_PLACEMENT_3D('',#7923,#7924,#7925);
#7923 = CARTESIAN_POINT('',(14.041185039828,123.21993814588,-2.));
#7924 = DIRECTION('',(1.,0.,1.110223024625E-16));
#7925 = DIRECTION('',(1.110223024625E-16,0.,-1.));
#7926 = DEFINITIONAL_REPRESENTATION('',(#7927),#7935);
#7927 = ( BOUNDED_CURVE() B_SPLINE_CURVE(2,(#7928,#7929,#7930,#7931,
#7932,#7933,#7934),.UNSPECIFIED.,.T.,.F.) B_SPLINE_CURVE_WITH_KNOTS((1,2
    ,2,2,2,1),(-2.094395102393,0.,2.094395102393,4.188790204786,
6.28318530718,8.377580409573),.UNSPECIFIED.) CURVE() 
GEOMETRIC_REPRESENTATION_ITEM() RATIONAL_B_SPLINE_CURVE((1.,0.5,1.,0.5,
1.,0.5,1.)) REPRESENTATION_ITEM('') );
#7928 = CARTESIAN_POINT('',(0.,2.667177279837));
#7929 = CARTESIAN_POINT('',(5.54256258422,2.667177279837));
#7930 = CARTESIAN_POINT('',(2.77128129211,-7.068882757565));
#7931 = CARTESIAN_POINT('',(7.837739514543E-16,-16.80494279496));
#7932 = CARTESIAN_POINT('',(-2.77128129211,-7.068882757565));
#7933 = CARTESIAN_POINT('',(-5.54256258422,2.667177279837));
#7934 = CARTESIAN_POINT('',(0.,2.667177279837));
#7935 = ( GEOMETRIC_REPRESENTATION_CONTEXT(2) 
PARAMETRIC_REPRESENTATION_CONTEXT() REPRESENTATION_CONTEXT('2D SPACE',''
  ) );
#7936 = ADVANCED_FACE('',(#7937),#5811,.F.);
#7937 = FACE_BOUND('',#7938,.T.);
#7938 = EDGE_LOOP('',(#7939,#7972,#7993,#7994));
#7939 = ORIENTED_EDGE('',*,*,#7940,.F.);
#7940 = EDGE_CURVE('',#7941,#7941,#7943,.T.);
#7941 = VERTEX_POINT('',#7942);
#7942 = CARTESIAN_POINT('',(11.2,-70.,-0.3));
#7943 = SURFACE_CURVE('',#7944,(#7949,#7956),.PCURVE_S1.);
#7944 = CIRCLE('',#7945,2.7);
#7945 = AXIS2_PLACEMENT_3D('',#7946,#7947,#7948);
#7946 = CARTESIAN_POINT('',(11.2,-70.,-3.));
#7947 = DIRECTION('',(-1.,0.,-1.110223024625E-16));
#7948 = DIRECTION('',(-1.110223024625E-16,-0.,1.));
#7949 = PCURVE('',#5811,#7950);
#7950 = DEFINITIONAL_REPRESENTATION('',(#7951),#7955);
#7951 = LINE('',#7952,#7953);
#7952 = CARTESIAN_POINT('',(-0.,5.2));
#7953 = VECTOR('',#7954,1.);
#7954 = DIRECTION('',(-1.,0.));
#7955 = ( GEOMETRIC_REPRESENTATION_CONTEXT(2) 
PARAMETRIC_REPRESENTATION_CONTEXT() REPRESENTATION_CONTEXT('2D SPACE',''
  ) );
#7956 = PCURVE('',#7957,#7962);
#7957 = PLANE('',#7958);
#7958 = AXIS2_PLACEMENT_3D('',#7959,#7960,#7961);
#7959 = CARTESIAN_POINT('',(11.2,-70.,-3.));
#7960 = DIRECTION('',(1.,0.,1.110223024625E-16));
#7961 = DIRECTION('',(1.110223024625E-16,0.,-1.));
#7962 = DEFINITIONAL_REPRESENTATION('',(#7963),#7971);
#7963 = ( BOUNDED_CURVE() B_SPLINE_CURVE(2,(#7964,#7965,#7966,#7967,
#7968,#7969,#7970),.UNSPECIFIED.,.T.,.F.) B_SPLINE_CURVE_WITH_KNOTS((1,2
    ,2,2,2,1),(-2.094395102393,0.,2.094395102393,4.188790204786,
6.28318530718,8.377580409573),.UNSPECIFIED.) CURVE() 
GEOMETRIC_REPRESENTATION_ITEM() RATIONAL_B_SPLINE_CURVE((1.,0.5,1.,0.5,
1.,0.5,1.)) REPRESENTATION_ITEM('') );
#7964 = CARTESIAN_POINT('',(-2.7,0.));
#7965 = CARTESIAN_POINT('',(-2.7,4.676537180436));
#7966 = CARTESIAN_POINT('',(1.35,2.338268590218));
#7967 = CARTESIAN_POINT('',(5.4,6.613092715396E-16));
#7968 = CARTESIAN_POINT('',(1.35,-2.338268590218));
#7969 = CARTESIAN_POINT('',(-2.7,-4.676537180436));
#7970 = CARTESIAN_POINT('',(-2.7,0.));
#7971 = ( GEOMETRIC_REPRESENTATION_CONTEXT(2) 
PARAMETRIC_REPRESENTATION_CONTEXT() REPRESENTATION_CONTEXT('2D SPACE',''
  ) );
#7972 = ORIENTED_EDGE('',*,*,#7973,.F.);
#7973 = EDGE_CURVE('',#5791,#7941,#7974,.T.);
#7974 = SEAM_CURVE('',#7975,(#7979,#7986),.PCURVE_S1.);
#7975 = LINE('',#7976,#7977);
#7976 = CARTESIAN_POINT('',(6.,-70.,-0.3));
#7977 = VECTOR('',#7978,1.);
#7978 = DIRECTION('',(1.,0.,1.110223024625E-16));
#7979 = PCURVE('',#5811,#7980);
#7980 = DEFINITIONAL_REPRESENTATION('',(#7981),#7985);
#7981 = LINE('',#7982,#7983);
#7982 = CARTESIAN_POINT('',(-6.28318530718,-0.));
#7983 = VECTOR('',#7984,1.);
#7984 = DIRECTION('',(-0.,1.));
#7985 = ( GEOMETRIC_REPRESENTATION_CONTEXT(2) 
PARAMETRIC_REPRESENTATION_CONTEXT() REPRESENTATION_CONTEXT('2D SPACE',''
  ) );
#7986 = PCURVE('',#5811,#7987);
#7987 = DEFINITIONAL_REPRESENTATION('',(#7988),#7992);
#7988 = LINE('',#7989,#7990);
#7989 = CARTESIAN_POINT('',(-0.,-0.));
#7990 = VECTOR('',#7991,1.);
#7991 = DIRECTION('',(-0.,1.));
#7992 = ( GEOMETRIC_REPRESENTATION_CONTEXT(2) 
PARAMETRIC_REPRESENTATION_CONTEXT() REPRESENTATION_CONTEXT('2D SPACE',''
  ) );
#7993 = ORIENTED_EDGE('',*,*,#5790,.T.);
#7994 = ORIENTED_EDGE('',*,*,#7973,.T.);
#7995 = ADVANCED_FACE('',(#7996),#7193,.F.);
#7996 = FACE_BOUND('',#7997,.T.);
#7997 = EDGE_LOOP('',(#7998));
#7998 = ORIENTED_EDGE('',*,*,#7176,.T.);
#7999 = ADVANCED_FACE('',(#8000),#7386,.F.);
#8000 = FACE_BOUND('',#8001,.T.);
#8001 = EDGE_LOOP('',(#8002,#8003,#8026,#8049,#8077,#8105,#8133,#8154));
#8002 = ORIENTED_EDGE('',*,*,#7370,.F.);
#8003 = ORIENTED_EDGE('',*,*,#8004,.F.);
#8004 = EDGE_CURVE('',#8005,#7343,#8007,.T.);
#8005 = VERTEX_POINT('',#8006);
#8006 = CARTESIAN_POINT('',(84.5,-17.4792302109,13.));
#8007 = SURFACE_CURVE('',#8008,(#8012,#8019),.PCURVE_S1.);
#8008 = LINE('',#8009,#8010);
#8009 = CARTESIAN_POINT('',(76.477744026284,-17.4792302109,13.));
#8010 = VECTOR('',#8011,1.);
#8011 = DIRECTION('',(-1.,-0.,-1.110223024625E-16));
#8012 = PCURVE('',#7386,#8013);
#8013 = DEFINITIONAL_REPRESENTATION('',(#8014),#8018);
#8014 = LINE('',#8015,#8016);
#8015 = CARTESIAN_POINT('',(1.977744026284,15.));
#8016 = VECTOR('',#8017,1.);
#8017 = DIRECTION('',(1.,-0.));
#8018 = ( GEOMETRIC_REPRESENTATION_CONTEXT(2) 
PARAMETRIC_REPRESENTATION_CONTEXT() REPRESENTATION_CONTEXT('2D SPACE',''
  ) );
#8019 = PCURVE('',#7358,#8020);
#8020 = DEFINITIONAL_REPRESENTATION('',(#8021),#8025);
#8021 = LINE('',#8022,#8023);
#8022 = CARTESIAN_POINT('',(-1.977744026284,-18.52076978909));
#8023 = VECTOR('',#8024,1.);
#8024 = DIRECTION('',(1.,-0.));
#8025 = ( GEOMETRIC_REPRESENTATION_CONTEXT(2) 
PARAMETRIC_REPRESENTATION_CONTEXT() REPRESENTATION_CONTEXT('2D SPACE',''
  ) );
#8026 = ORIENTED_EDGE('',*,*,#8027,.F.);
#8027 = EDGE_CURVE('',#8028,#8005,#8030,.T.);
#8028 = VERTEX_POINT('',#8029);
#8029 = CARTESIAN_POINT('',(84.5,-17.4792302109,3.));
#8030 = SURFACE_CURVE('',#8031,(#8035,#8042),.PCURVE_S1.);
#8031 = LINE('',#8032,#8033);
#8032 = CARTESIAN_POINT('',(84.5,-17.4792302109,-7.5));
#8033 = VECTOR('',#8034,1.);
#8034 = DIRECTION('',(-1.110223024625E-16,-0.,1.));
#8035 = PCURVE('',#7386,#8036);
#8036 = DEFINITIONAL_REPRESENTATION('',(#8037),#8041);
#8037 = LINE('',#8038,#8039);
#8038 = CARTESIAN_POINT('',(-6.044511947432,-5.5));
#8039 = VECTOR('',#8040,1.);
#8040 = DIRECTION('',(-0.,1.));
#8041 = ( GEOMETRIC_REPRESENTATION_CONTEXT(2) 
PARAMETRIC_REPRESENTATION_CONTEXT() REPRESENTATION_CONTEXT('2D SPACE',''
  ) );
#8042 = PCURVE('',#7464,#8043);
#8043 = DEFINITIONAL_REPRESENTATION('',(#8044),#8048);
#8044 = LINE('',#8045,#8046);
#8045 = CARTESIAN_POINT('',(-5.5,18.520769789095));
#8046 = VECTOR('',#8047,1.);
#8047 = DIRECTION('',(-1.,0.));
#8048 = ( GEOMETRIC_REPRESENTATION_CONTEXT(2) 
PARAMETRIC_REPRESENTATION_CONTEXT() REPRESENTATION_CONTEXT('2D SPACE',''
  ) );
#8049 = ORIENTED_EDGE('',*,*,#8050,.T.);
#8050 = EDGE_CURVE('',#8028,#8051,#8053,.T.);
#8051 = VERTEX_POINT('',#8052);
#8052 = CARTESIAN_POINT('',(84.544826051321,-17.4792302109,3.));
#8053 = SURFACE_CURVE('',#8054,(#8058,#8065),.PCURVE_S1.);
#8054 = LINE('',#8055,#8056);
#8055 = CARTESIAN_POINT('',(83.850576059863,-17.4792302109,3.));
#8056 = VECTOR('',#8057,1.);
#8057 = DIRECTION('',(1.,0.,1.110223024625E-16));
#8058 = PCURVE('',#7386,#8059);
#8059 = DEFINITIONAL_REPRESENTATION('',(#8060),#8064);
#8060 = LINE('',#8061,#8062);
#8061 = CARTESIAN_POINT('',(-5.395088007295,5.));
#8062 = VECTOR('',#8063,1.);
#8063 = DIRECTION('',(-1.,0.));
#8064 = ( GEOMETRIC_REPRESENTATION_CONTEXT(2) 
PARAMETRIC_REPRESENTATION_CONTEXT() REPRESENTATION_CONTEXT('2D SPACE',''
  ) );
#8065 = PCURVE('',#8066,#8071);
#8066 = PLANE('',#8067);
#8067 = AXIS2_PLACEMENT_3D('',#8068,#8069,#8070);
#8068 = CARTESIAN_POINT('',(89.245664067158,-3.964320915373,3.));
#8069 = DIRECTION('',(-1.110223024625E-16,-0.,1.));
#8070 = DIRECTION('',(0.944496796706,-0.328520624941,1.048602090388E-16)
  );
#8071 = DEFINITIONAL_REPRESENTATION('',(#8072),#8076);
#8072 = LINE('',#8073,#8074);
#8073 = CARTESIAN_POINT('',(-0.655716893045,-14.53718622117));
#8074 = VECTOR('',#8075,1.);
#8075 = DIRECTION('',(0.944496796706,0.328520624941));
#8076 = ( GEOMETRIC_REPRESENTATION_CONTEXT(2) 
PARAMETRIC_REPRESENTATION_CONTEXT() REPRESENTATION_CONTEXT('2D SPACE',''
  ) );
#8077 = ORIENTED_EDGE('',*,*,#8078,.F.);
#8078 = EDGE_CURVE('',#8079,#8051,#8081,.T.);
#8079 = VERTEX_POINT('',#8080);
#8080 = CARTESIAN_POINT('',(84.544826051321,-17.4792302109,-2.));
#8081 = SURFACE_CURVE('',#8082,(#8086,#8093),.PCURVE_S1.);
#8082 = LINE('',#8083,#8084);
#8083 = CARTESIAN_POINT('',(84.544826051321,-17.4792302109,-4.5));
#8084 = VECTOR('',#8085,1.);
#8085 = DIRECTION('',(-1.110223024625E-16,-0.,1.));
#8086 = PCURVE('',#7386,#8087);
#8087 = DEFINITIONAL_REPRESENTATION('',(#8088),#8092);
#8088 = LINE('',#8089,#8090);
#8089 = CARTESIAN_POINT('',(-6.089337998753,-2.5));
#8090 = VECTOR('',#8091,1.);
#8091 = DIRECTION('',(-0.,1.));
#8092 = ( GEOMETRIC_REPRESENTATION_CONTEXT(2) 
PARAMETRIC_REPRESENTATION_CONTEXT() REPRESENTATION_CONTEXT('2D SPACE',''
  ) );
#8093 = PCURVE('',#8094,#8099);
#8094 = PLANE('',#8095);
#8095 = AXIS2_PLACEMENT_3D('',#8096,#8097,#8098);
#8096 = CARTESIAN_POINT('',(89.245664067158,-3.964320915373,-7.));
#8097 = DIRECTION('',(-0.944496796706,0.328520624941,-1.048602090388E-16
    ));
#8098 = DIRECTION('',(1.110223024625E-16,0.,-1.));
#8099 = DEFINITIONAL_REPRESENTATION('',(#8100),#8104);
#8100 = LINE('',#8101,#8102);
#8101 = CARTESIAN_POINT('',(-2.5,14.309110780114));
#8102 = VECTOR('',#8103,1.);
#8103 = DIRECTION('',(-1.,0.));
#8104 = ( GEOMETRIC_REPRESENTATION_CONTEXT(2) 
PARAMETRIC_REPRESENTATION_CONTEXT() REPRESENTATION_CONTEXT('2D SPACE',''
  ) );
#8105 = ORIENTED_EDGE('',*,*,#8106,.T.);
#8106 = EDGE_CURVE('',#8079,#8107,#8109,.T.);
#8107 = VERTEX_POINT('',#8108);
#8108 = CARTESIAN_POINT('',(88.455488052568,-17.4792302109,-2.));
#8109 = SURFACE_CURVE('',#8110,(#8114,#8121),.PCURVE_S1.);
#8110 = LINE('',#8111,#8112);
#8111 = CARTESIAN_POINT('',(78.455488052568,-17.4792302109,-2.));
#8112 = VECTOR('',#8113,1.);
#8113 = DIRECTION('',(1.,0.,1.110223024625E-16));
#8114 = PCURVE('',#7386,#8115);
#8115 = DEFINITIONAL_REPRESENTATION('',(#8116),#8120);
#8116 = LINE('',#8117,#8118);
#8117 = CARTESIAN_POINT('',(-0.,0.));
#8118 = VECTOR('',#8119,1.);
#8119 = DIRECTION('',(-1.,0.));
#8120 = ( GEOMETRIC_REPRESENTATION_CONTEXT(2) 
PARAMETRIC_REPRESENTATION_CONTEXT() REPRESENTATION_CONTEXT('2D SPACE',''
  ) );
#8121 = PCURVE('',#8122,#8127);
#8122 = PLANE('',#8123);
#8123 = AXIS2_PLACEMENT_3D('',#8124,#8125,#8126);
#8124 = CARTESIAN_POINT('',(78.455488052568,-17.4792302109,-2.));
#8125 = DIRECTION('',(-1.110223024625E-16,-0.,1.));
#8126 = DIRECTION('',(-1.,0.,-1.110223024625E-16));
#8127 = DEFINITIONAL_REPRESENTATION('',(#8128),#8132);
#8128 = LINE('',#8129,#8130);
#8129 = CARTESIAN_POINT('',(-0.,0.));
#8130 = VECTOR('',#8131,1.);
#8131 = DIRECTION('',(-1.,0.));
#8132 = ( GEOMETRIC_REPRESENTATION_CONTEXT(2) 
PARAMETRIC_REPRESENTATION_CONTEXT() REPRESENTATION_CONTEXT('2D SPACE',''
  ) );
#8133 = ORIENTED_EDGE('',*,*,#8134,.T.);
#8134 = EDGE_CURVE('',#8107,#7559,#8135,.T.);
#8135 = SURFACE_CURVE('',#8136,(#8140,#8147),.PCURVE_S1.);
#8136 = LINE('',#8137,#8138);
#8137 = CARTESIAN_POINT('',(88.455488052568,-17.4792302109,-2.));
#8138 = VECTOR('',#8139,1.);
#8139 = DIRECTION('',(-1.110223024625E-16,-0.,1.));
#8140 = PCURVE('',#7386,#8141);
#8141 = DEFINITIONAL_REPRESENTATION('',(#8142),#8146);
#8142 = LINE('',#8143,#8144);
#8143 = CARTESIAN_POINT('',(-10.,-1.110223024625E-15));
#8144 = VECTOR('',#8145,1.);
#8145 = DIRECTION('',(-0.,1.));
#8146 = ( GEOMETRIC_REPRESENTATION_CONTEXT(2) 
PARAMETRIC_REPRESENTATION_CONTEXT() REPRESENTATION_CONTEXT('2D SPACE',''
  ) );
#8147 = PCURVE('',#7520,#8148);
#8148 = DEFINITIONAL_REPRESENTATION('',(#8149),#8153);
#8149 = LINE('',#8150,#8151);
#8150 = CARTESIAN_POINT('',(-0.,0.));
#8151 = VECTOR('',#8152,1.);
#8152 = DIRECTION('',(-1.,0.));
#8153 = ( GEOMETRIC_REPRESENTATION_CONTEXT(2) 
PARAMETRIC_REPRESENTATION_CONTEXT() REPRESENTATION_CONTEXT('2D SPACE',''
  ) );
#8154 = ORIENTED_EDGE('',*,*,#7581,.F.);
#8155 = ADVANCED_FACE('',(#8156),#7358,.F.);
#8156 = FACE_BOUND('',#8157,.T.);
#8157 = EDGE_LOOP('',(#8158,#8179,#8180,#8181));
#8158 = ORIENTED_EDGE('',*,*,#8159,.F.);
#8159 = EDGE_CURVE('',#8005,#7426,#8160,.T.);
#8160 = SURFACE_CURVE('',#8161,(#8165,#8172),.PCURVE_S1.);
#8161 = LINE('',#8162,#8163);
#8162 = CARTESIAN_POINT('',(84.5,-36.,13.));
#8163 = VECTOR('',#8164,1.);
#8164 = DIRECTION('',(0.,1.,0.));
#8165 = PCURVE('',#7358,#8166);
#8166 = DEFINITIONAL_REPRESENTATION('',(#8167),#8171);
#8167 = LINE('',#8168,#8169);
#8168 = CARTESIAN_POINT('',(-10.,0.));
#8169 = VECTOR('',#8170,1.);
#8170 = DIRECTION('',(-0.,-1.));
#8171 = ( GEOMETRIC_REPRESENTATION_CONTEXT(2) 
PARAMETRIC_REPRESENTATION_CONTEXT() REPRESENTATION_CONTEXT('2D SPACE',''
  ) );
#8172 = PCURVE('',#7464,#8173);
#8173 = DEFINITIONAL_REPRESENTATION('',(#8174),#8178);
#8174 = LINE('',#8175,#8176);
#8175 = CARTESIAN_POINT('',(-26.,0.));
#8176 = VECTOR('',#8177,1.);
#8177 = DIRECTION('',(-0.,1.));
#8178 = ( GEOMETRIC_REPRESENTATION_CONTEXT(2) 
PARAMETRIC_REPRESENTATION_CONTEXT() REPRESENTATION_CONTEXT('2D SPACE',''
  ) );
#8179 = ORIENTED_EDGE('',*,*,#8004,.T.);
#8180 = ORIENTED_EDGE('',*,*,#7342,.T.);
#8181 = ORIENTED_EDGE('',*,*,#7425,.F.);
#8182 = ADVANCED_FACE('',(#8183),#7520,.T.);
#8183 = FACE_BOUND('',#8184,.F.);
#8184 = EDGE_LOOP('',(#8185,#8208,#8209,#8210,#8211,#8234));
#8185 = ORIENTED_EDGE('',*,*,#8186,.F.);
#8186 = EDGE_CURVE('',#8107,#8187,#8189,.T.);
#8187 = VERTEX_POINT('',#8188);
#8188 = CARTESIAN_POINT('',(88.455488052568,-6.236076957319,-2.));
#8189 = SURFACE_CURVE('',#8190,(#8194,#8201),.PCURVE_S1.);
#8190 = LINE('',#8191,#8192);
#8191 = CARTESIAN_POINT('',(88.455488052568,-17.4792302109,-2.));
#8192 = VECTOR('',#8193,1.);
#8193 = DIRECTION('',(0.,1.,0.));
#8194 = PCURVE('',#7520,#8195);
#8195 = DEFINITIONAL_REPRESENTATION('',(#8196),#8200);
#8196 = LINE('',#8197,#8198);
#8197 = CARTESIAN_POINT('',(-0.,0.));
#8198 = VECTOR('',#8199,1.);
#8199 = DIRECTION('',(-0.,1.));
#8200 = ( GEOMETRIC_REPRESENTATION_CONTEXT(2) 
PARAMETRIC_REPRESENTATION_CONTEXT() REPRESENTATION_CONTEXT('2D SPACE',''
  ) );
#8201 = PCURVE('',#8122,#8202);
#8202 = DEFINITIONAL_REPRESENTATION('',(#8203),#8207);
#8203 = LINE('',#8204,#8205);
#8204 = CARTESIAN_POINT('',(-10.,0.));
#8205 = VECTOR('',#8206,1.);
#8206 = DIRECTION('',(-0.,-1.));
#8207 = ( GEOMETRIC_REPRESENTATION_CONTEXT(2) 
PARAMETRIC_REPRESENTATION_CONTEXT() REPRESENTATION_CONTEXT('2D SPACE',''
  ) );
#8208 = ORIENTED_EDGE('',*,*,#8134,.T.);
#8209 = ORIENTED_EDGE('',*,*,#7558,.T.);
#8210 = ORIENTED_EDGE('',*,*,#7504,.F.);
#8211 = ORIENTED_EDGE('',*,*,#8212,.T.);
#8212 = EDGE_CURVE('',#7477,#8213,#8215,.T.);
#8213 = VERTEX_POINT('',#8214);
#8214 = CARTESIAN_POINT('',(88.455488052568,-6.236076957319,3.));
#8215 = SURFACE_CURVE('',#8216,(#8220,#8227),.PCURVE_S1.);
#8216 = LINE('',#8217,#8218);
#8217 = CARTESIAN_POINT('',(88.455488052568,-10.72177556313,3.));
#8218 = VECTOR('',#8219,1.);
#8219 = DIRECTION('',(-0.,-1.,0.));
#8220 = PCURVE('',#7520,#8221);
#8221 = DEFINITIONAL_REPRESENTATION('',(#8222),#8226);
#8222 = LINE('',#8223,#8224);
#8223 = CARTESIAN_POINT('',(-5.,6.757454647766));
#8224 = VECTOR('',#8225,1.);
#8225 = DIRECTION('',(-0.,-1.));
#8226 = ( GEOMETRIC_REPRESENTATION_CONTEXT(2) 
PARAMETRIC_REPRESENTATION_CONTEXT() REPRESENTATION_CONTEXT('2D SPACE',''
  ) );
#8227 = PCURVE('',#7492,#8228);
#8228 = DEFINITIONAL_REPRESENTATION('',(#8229),#8233);
#8229 = LINE('',#8230,#8231);
#8230 = CARTESIAN_POINT('',(1.473644509282,-6.641983386829));
#8231 = VECTOR('',#8232,1.);
#8232 = DIRECTION('',(0.328520624941,-0.944496796706));
#8233 = ( GEOMETRIC_REPRESENTATION_CONTEXT(2) 
PARAMETRIC_REPRESENTATION_CONTEXT() REPRESENTATION_CONTEXT('2D SPACE',''
  ) );
#8234 = ORIENTED_EDGE('',*,*,#8235,.F.);
#8235 = EDGE_CURVE('',#8187,#8213,#8236,.T.);
#8236 = SURFACE_CURVE('',#8237,(#8241,#8248),.PCURVE_S1.);
#8237 = LINE('',#8238,#8239);
#8238 = CARTESIAN_POINT('',(88.455488052568,-6.236076957319,-4.5));
#8239 = VECTOR('',#8240,1.);
#8240 = DIRECTION('',(-1.110223024625E-16,-0.,1.));
#8241 = PCURVE('',#7520,#8242);
#8242 = DEFINITIONAL_REPRESENTATION('',(#8243),#8247);
#8243 = LINE('',#8244,#8245);
#8244 = CARTESIAN_POINT('',(2.5,11.243153253586));
#8245 = VECTOR('',#8246,1.);
#8246 = DIRECTION('',(-1.,0.));
#8247 = ( GEOMETRIC_REPRESENTATION_CONTEXT(2) 
PARAMETRIC_REPRESENTATION_CONTEXT() REPRESENTATION_CONTEXT('2D SPACE',''
  ) );
#8248 = PCURVE('',#8094,#8249);
#8249 = DEFINITIONAL_REPRESENTATION('',(#8250),#8254);
#8250 = LINE('',#8251,#8252);
#8251 = CARTESIAN_POINT('',(-2.5,2.405255422643));
#8252 = VECTOR('',#8253,1.);
#8253 = DIRECTION('',(-1.,0.));
#8254 = ( GEOMETRIC_REPRESENTATION_CONTEXT(2) 
PARAMETRIC_REPRESENTATION_CONTEXT() REPRESENTATION_CONTEXT('2D SPACE',''
  ) );
#8255 = ADVANCED_FACE('',(#8256),#7492,.T.);
#8256 = FACE_BOUND('',#8257,.F.);
#8257 = EDGE_LOOP('',(#8258,#8281,#8309,#8330,#8331));
#8258 = ORIENTED_EDGE('',*,*,#8259,.F.);
#8259 = EDGE_CURVE('',#8260,#7449,#8262,.T.);
#8260 = VERTEX_POINT('',#8261);
#8261 = CARTESIAN_POINT('',(84.5,-2.313655152884,3.));
#8262 = SURFACE_CURVE('',#8263,(#8267,#8274),.PCURVE_S1.);
#8263 = LINE('',#8264,#8265);
#8264 = CARTESIAN_POINT('',(84.5,-19.98216045768,3.));
#8265 = VECTOR('',#8266,1.);
#8266 = DIRECTION('',(-0.,-1.,0.));
#8267 = PCURVE('',#7492,#8268);
#8268 = DEFINITIONAL_REPRESENTATION('',(#8269),#8273);
#8269 = LINE('',#8270,#8271);
#8270 = CARTESIAN_POINT('',(0.779926146975,-16.68784666297));
#8271 = VECTOR('',#8272,1.);
#8272 = DIRECTION('',(0.328520624941,-0.944496796706));
#8273 = ( GEOMETRIC_REPRESENTATION_CONTEXT(2) 
PARAMETRIC_REPRESENTATION_CONTEXT() REPRESENTATION_CONTEXT('2D SPACE',''
  ) );
#8274 = PCURVE('',#7464,#8275);
#8275 = DEFINITIONAL_REPRESENTATION('',(#8276),#8280);
#8276 = LINE('',#8277,#8278);
#8277 = CARTESIAN_POINT('',(-16.,16.017839542313));
#8278 = VECTOR('',#8279,1.);
#8279 = DIRECTION('',(-0.,-1.));
#8280 = ( GEOMETRIC_REPRESENTATION_CONTEXT(2) 
PARAMETRIC_REPRESENTATION_CONTEXT() REPRESENTATION_CONTEXT('2D SPACE',''
  ) );
#8281 = ORIENTED_EDGE('',*,*,#8282,.F.);
#8282 = EDGE_CURVE('',#8283,#8260,#8285,.T.);
#8283 = VERTEX_POINT('',#8284);
#8284 = CARTESIAN_POINT('',(89.245664067158,-3.964320915373,3.));
#8285 = SURFACE_CURVE('',#8286,(#8290,#8297),.PCURVE_S1.);
#8286 = LINE('',#8287,#8288);
#8287 = CARTESIAN_POINT('',(89.245664067158,-3.964320915373,3.));
#8288 = VECTOR('',#8289,1.);
#8289 = DIRECTION('',(-0.944496796706,0.328520624941,-1.048602090388E-16
    ));
#8290 = PCURVE('',#7492,#8291);
#8291 = DEFINITIONAL_REPRESENTATION('',(#8292),#8296);
#8292 = LINE('',#8293,#8294);
#8293 = CARTESIAN_POINT('',(-0.,0.));
#8294 = VECTOR('',#8295,1.);
#8295 = DIRECTION('',(-1.,7.965226789662E-18));
#8296 = ( GEOMETRIC_REPRESENTATION_CONTEXT(2) 
PARAMETRIC_REPRESENTATION_CONTEXT() REPRESENTATION_CONTEXT('2D SPACE',''
  ) );
#8297 = PCURVE('',#8298,#8303);
#8298 = PLANE('',#8299);
#8299 = AXIS2_PLACEMENT_3D('',#8300,#8301,#8302);
#8300 = CARTESIAN_POINT('',(89.245664067158,-3.964320915373,-7.));
#8301 = DIRECTION('',(-0.328520624941,-0.944496796706,-3.64731161874E-17
    ));
#8302 = DIRECTION('',(0.944496796706,-0.328520624941,1.048602090388E-16)
  );
#8303 = DEFINITIONAL_REPRESENTATION('',(#8304),#8308);
#8304 = LINE('',#8305,#8306);
#8305 = CARTESIAN_POINT('',(1.048602090388E-15,10.));
#8306 = VECTOR('',#8307,1.);
#8307 = DIRECTION('',(-1.,0.));
#8308 = ( GEOMETRIC_REPRESENTATION_CONTEXT(2) 
PARAMETRIC_REPRESENTATION_CONTEXT() REPRESENTATION_CONTEXT('2D SPACE',''
  ) );
#8309 = ORIENTED_EDGE('',*,*,#8310,.T.);
#8310 = EDGE_CURVE('',#8283,#8213,#8311,.T.);
#8311 = SURFACE_CURVE('',#8312,(#8316,#8323),.PCURVE_S1.);
#8312 = LINE('',#8313,#8314);
#8313 = CARTESIAN_POINT('',(89.245664067158,-3.964320915373,3.));
#8314 = VECTOR('',#8315,1.);
#8315 = DIRECTION('',(-0.328520624941,-0.944496796706,-3.64731161874E-17
    ));
#8316 = PCURVE('',#7492,#8317);
#8317 = DEFINITIONAL_REPRESENTATION('',(#8318),#8322);
#8318 = LINE('',#8319,#8320);
#8319 = CARTESIAN_POINT('',(-0.,0.));
#8320 = VECTOR('',#8321,1.);
#8321 = DIRECTION('',(7.965226789662E-18,-1.));
#8322 = ( GEOMETRIC_REPRESENTATION_CONTEXT(2) 
PARAMETRIC_REPRESENTATION_CONTEXT() REPRESENTATION_CONTEXT('2D SPACE',''
  ) );
#8323 = PCURVE('',#8094,#8324);
#8324 = DEFINITIONAL_REPRESENTATION('',(#8325),#8329);
#8325 = LINE('',#8326,#8327);
#8326 = CARTESIAN_POINT('',(-10.,-3.64731161874E-16));
#8327 = VECTOR('',#8328,1.);
#8328 = DIRECTION('',(-0.,1.));
#8329 = ( GEOMETRIC_REPRESENTATION_CONTEXT(2) 
PARAMETRIC_REPRESENTATION_CONTEXT() REPRESENTATION_CONTEXT('2D SPACE',''
  ) );
#8330 = ORIENTED_EDGE('',*,*,#8212,.F.);
#8331 = ORIENTED_EDGE('',*,*,#7476,.F.);
#8332 = ADVANCED_FACE('',(#8333,#8434),#7464,.F.);
#8333 = FACE_BOUND('',#8334,.T.);
#8334 = EDGE_LOOP('',(#8335,#8336,#8337,#8338,#8361,#8389,#8412,#8433));
#8335 = ORIENTED_EDGE('',*,*,#8159,.T.);
#8336 = ORIENTED_EDGE('',*,*,#7448,.F.);
#8337 = ORIENTED_EDGE('',*,*,#8259,.F.);
#8338 = ORIENTED_EDGE('',*,*,#8339,.T.);
#8339 = EDGE_CURVE('',#8260,#8340,#8342,.T.);
#8340 = VERTEX_POINT('',#8341);
#8341 = CARTESIAN_POINT('',(84.5,-2.313655152884,-7.));
#8342 = SURFACE_CURVE('',#8343,(#8347,#8354),.PCURVE_S1.);
#8343 = LINE('',#8344,#8345);
#8344 = CARTESIAN_POINT('',(84.5,-2.313655152883,-10.));
#8345 = VECTOR('',#8346,1.);
#8346 = DIRECTION('',(1.110223024625E-16,0.,-1.));
#8347 = PCURVE('',#7464,#8348);
#8348 = DEFINITIONAL_REPRESENTATION('',(#8349),#8353);
#8349 = LINE('',#8350,#8351);
#8350 = CARTESIAN_POINT('',(-3.,33.686344847117));
#8351 = VECTOR('',#8352,1.);
#8352 = DIRECTION('',(1.,-0.));
#8353 = ( GEOMETRIC_REPRESENTATION_CONTEXT(2) 
PARAMETRIC_REPRESENTATION_CONTEXT() REPRESENTATION_CONTEXT('2D SPACE',''
  ) );
#8354 = PCURVE('',#8298,#8355);
#8355 = DEFINITIONAL_REPRESENTATION('',(#8356),#8360);
#8356 = LINE('',#8357,#8358);
#8357 = CARTESIAN_POINT('',(-5.024542257537,-3.));
#8358 = VECTOR('',#8359,1.);
#8359 = DIRECTION('',(-0.,-1.));
#8360 = ( GEOMETRIC_REPRESENTATION_CONTEXT(2) 
PARAMETRIC_REPRESENTATION_CONTEXT() REPRESENTATION_CONTEXT('2D SPACE',''
  ) );
#8361 = ORIENTED_EDGE('',*,*,#8362,.T.);
#8362 = EDGE_CURVE('',#8340,#8363,#8365,.T.);
#8363 = VERTEX_POINT('',#8364);
#8364 = CARTESIAN_POINT('',(84.5,-17.60810510845,-7.));
#8365 = SURFACE_CURVE('',#8366,(#8370,#8377),.PCURVE_S1.);
#8366 = LINE('',#8367,#8368);
#8367 = CARTESIAN_POINT('',(84.5,-19.98216045768,-7.));
#8368 = VECTOR('',#8369,1.);
#8369 = DIRECTION('',(-0.,-1.,0.));
#8370 = PCURVE('',#7464,#8371);
#8371 = DEFINITIONAL_REPRESENTATION('',(#8372),#8376);
#8372 = LINE('',#8373,#8374);
#8373 = CARTESIAN_POINT('',(-6.,16.017839542313));
#8374 = VECTOR('',#8375,1.);
#8375 = DIRECTION('',(-0.,-1.));
#8376 = ( GEOMETRIC_REPRESENTATION_CONTEXT(2) 
PARAMETRIC_REPRESENTATION_CONTEXT() REPRESENTATION_CONTEXT('2D SPACE',''
  ) );
#8377 = PCURVE('',#8378,#8383);
#8378 = PLANE('',#8379);
#8379 = AXIS2_PLACEMENT_3D('',#8380,#8381,#8382);
#8380 = CARTESIAN_POINT('',(89.245664067158,-3.964320915373,-7.));
#8381 = DIRECTION('',(-1.110223024625E-16,-0.,1.));
#8382 = DIRECTION('',(0.944496796706,-0.328520624941,1.048602090388E-16)
  );
#8383 = DEFINITIONAL_REPRESENTATION('',(#8384),#8388);
#8384 = LINE('',#8385,#8386);
#8385 = CARTESIAN_POINT('',(0.779926146975,-16.68784666297));
#8386 = VECTOR('',#8387,1.);
#8387 = DIRECTION('',(0.328520624941,-0.944496796706));
#8388 = ( GEOMETRIC_REPRESENTATION_CONTEXT(2) 
PARAMETRIC_REPRESENTATION_CONTEXT() REPRESENTATION_CONTEXT('2D SPACE',''
  ) );
#8389 = ORIENTED_EDGE('',*,*,#8390,.T.);
#8390 = EDGE_CURVE('',#8363,#8391,#8393,.T.);
#8391 = VERTEX_POINT('',#8392);
#8392 = CARTESIAN_POINT('',(84.5,-17.60810510845,3.));
#8393 = SURFACE_CURVE('',#8394,(#8398,#8405),.PCURVE_S1.);
#8394 = LINE('',#8395,#8396);
#8395 = CARTESIAN_POINT('',(84.5,-17.60810510845,-10.));
#8396 = VECTOR('',#8397,1.);
#8397 = DIRECTION('',(-1.110223024625E-16,-0.,1.));
#8398 = PCURVE('',#7464,#8399);
#8399 = DEFINITIONAL_REPRESENTATION('',(#8400),#8404);
#8400 = LINE('',#8401,#8402);
#8401 = CARTESIAN_POINT('',(-3.,18.391894891547));
#8402 = VECTOR('',#8403,1.);
#8403 = DIRECTION('',(-1.,0.));
#8404 = ( GEOMETRIC_REPRESENTATION_CONTEXT(2) 
PARAMETRIC_REPRESENTATION_CONTEXT() REPRESENTATION_CONTEXT('2D SPACE',''
  ) );
#8405 = PCURVE('',#8094,#8406);
#8406 = DEFINITIONAL_REPRESENTATION('',(#8407),#8411);
#8407 = LINE('',#8408,#8409);
#8408 = CARTESIAN_POINT('',(3.,14.445558990418));
#8409 = VECTOR('',#8410,1.);
#8410 = DIRECTION('',(-1.,0.));
#8411 = ( GEOMETRIC_REPRESENTATION_CONTEXT(2) 
PARAMETRIC_REPRESENTATION_CONTEXT() REPRESENTATION_CONTEXT('2D SPACE',''
  ) );
#8412 = ORIENTED_EDGE('',*,*,#8413,.F.);
#8413 = EDGE_CURVE('',#8028,#8391,#8414,.T.);
#8414 = SURFACE_CURVE('',#8415,(#8419,#8426),.PCURVE_S1.);
#8415 = LINE('',#8416,#8417);
#8416 = CARTESIAN_POINT('',(84.5,-19.98216045768,3.));
#8417 = VECTOR('',#8418,1.);
#8418 = DIRECTION('',(-0.,-1.,0.));
#8419 = PCURVE('',#7464,#8420);
#8420 = DEFINITIONAL_REPRESENTATION('',(#8421),#8425);
#8421 = LINE('',#8422,#8423);
#8422 = CARTESIAN_POINT('',(-16.,16.017839542313));
#8423 = VECTOR('',#8424,1.);
#8424 = DIRECTION('',(-0.,-1.));
#8425 = ( GEOMETRIC_REPRESENTATION_CONTEXT(2) 
PARAMETRIC_REPRESENTATION_CONTEXT() REPRESENTATION_CONTEXT('2D SPACE',''
  ) );
#8426 = PCURVE('',#8066,#8427);
#8427 = DEFINITIONAL_REPRESENTATION('',(#8428),#8432);
#8428 = LINE('',#8429,#8430);
#8429 = CARTESIAN_POINT('',(0.779926146975,-16.68784666297));
#8430 = VECTOR('',#8431,1.);
#8431 = DIRECTION('',(0.328520624941,-0.944496796706));
#8432 = ( GEOMETRIC_REPRESENTATION_CONTEXT(2) 
PARAMETRIC_REPRESENTATION_CONTEXT() REPRESENTATION_CONTEXT('2D SPACE',''
  ) );
#8433 = ORIENTED_EDGE('',*,*,#8027,.T.);
#8434 = FACE_BOUND('',#8435,.T.);
#8435 = EDGE_LOOP('',(#8436));
#8436 = ORIENTED_EDGE('',*,*,#8437,.F.);
#8437 = EDGE_CURVE('',#8438,#8438,#8440,.T.);
#8438 = VERTEX_POINT('',#8439);
#8439 = CARTESIAN_POINT('',(84.5,-11.84253871435,8.881784197001E-15));
#8440 = SURFACE_CURVE('',#8441,(#8446,#8457),.PCURVE_S1.);
#8441 = ELLIPSE('',#8442,2.117529680328,2.);
#8442 = AXIS2_PLACEMENT_3D('',#8443,#8444,#8445);
#8443 = CARTESIAN_POINT('',(84.5,-11.84253871435,-2.));
#8444 = DIRECTION('',(-1.,0.,-1.110223024625E-16));
#8445 = DIRECTION('',(0.,1.,0.));
#8446 = PCURVE('',#7464,#8447);
#8447 = DEFINITIONAL_REPRESENTATION('',(#8448),#8456);
#8448 = ( BOUNDED_CURVE() B_SPLINE_CURVE(2,(#8449,#8450,#8451,#8452,
#8453,#8454,#8455),.UNSPECIFIED.,.T.,.F.) B_SPLINE_CURVE_WITH_KNOTS((1,2
    ,2,2,2,1),(-2.094395102393,0.,2.094395102393,4.188790204786,
6.28318530718,8.377580409573),.UNSPECIFIED.) CURVE() 
GEOMETRIC_REPRESENTATION_ITEM() RATIONAL_B_SPLINE_CURVE((1.,0.5,1.,0.5,
1.,0.5,1.)) REPRESENTATION_ITEM('') );
#8449 = CARTESIAN_POINT('',(-11.,26.274990965969));
#8450 = CARTESIAN_POINT('',(-7.535898384862,26.274990965969));
#8451 = CARTESIAN_POINT('',(-9.267949192431,23.098696445477));
#8452 = CARTESIAN_POINT('',(-11.,19.922401924985));
#8453 = CARTESIAN_POINT('',(-12.73205080756,23.098696445477));
#8454 = CARTESIAN_POINT('',(-14.46410161513,26.274990965969));
#8455 = CARTESIAN_POINT('',(-11.,26.274990965969));
#8456 = ( GEOMETRIC_REPRESENTATION_CONTEXT(2) 
PARAMETRIC_REPRESENTATION_CONTEXT() REPRESENTATION_CONTEXT('2D SPACE',''
  ) );
#8457 = PCURVE('',#8458,#8463);
#8458 = CYLINDRICAL_SURFACE('',#8459,2.);
#8459 = AXIS2_PLACEMENT_3D('',#8460,#8461,#8462);
#8460 = CARTESIAN_POINT('',(85.438931325651,-12.16912352328,-2.));
#8461 = DIRECTION('',(-0.944496796706,0.328520624941,-1.048602090388E-16
    ));
#8462 = DIRECTION('',(-1.110223024625E-16,-0.,1.));
#8463 = DEFINITIONAL_REPRESENTATION('',(#8464),#8481);
#8464 = B_SPLINE_CURVE_WITH_KNOTS('',8,(#8465,#8466,#8467,#8468,#8469,
    #8470,#8471,#8472,#8473,#8474,#8475,#8476,#8477,#8478,#8479,#8480),
  .UNSPECIFIED.,.F.,.F.,(9,7,9),(4.712388980385,7.853981633974,
    10.995574287564),.UNSPECIFIED.);
#8465 = CARTESIAN_POINT('',(-6.28318530718,0.994107474928));
#8466 = CARTESIAN_POINT('',(-5.890486225481,1.267289444805));
#8467 = CARTESIAN_POINT('',(-5.497787143782,1.540473592903));
#8468 = CARTESIAN_POINT('',(-5.105088062087,1.749439180588));
#8469 = CARTESIAN_POINT('',(-4.712388980386,1.830141246269));
#8470 = CARTESIAN_POINT('',(-4.319689898689,1.749439180588));
#8471 = CARTESIAN_POINT('',(-3.926990816987,1.540473592904));
#8472 = CARTESIAN_POINT('',(-3.534291735289,1.267289444805));
#8473 = CARTESIAN_POINT('',(-2.748893571891,0.720925505051));
#8474 = CARTESIAN_POINT('',(-2.356194490196,0.447741356953));
#8475 = CARTESIAN_POINT('',(-1.963495408499,0.238775769262));
#8476 = CARTESIAN_POINT('',(-1.570796326808,0.158073703588));
#8477 = CARTESIAN_POINT('',(-1.178097245095,0.238775769262));
#8478 = CARTESIAN_POINT('',(-0.785398163399,0.447741356953));
#8479 = CARTESIAN_POINT('',(-0.392699081699,0.720925505051));
#8480 = CARTESIAN_POINT('',(-1.59872115546E-14,0.994107474928));
#8481 = ( GEOMETRIC_REPRESENTATION_CONTEXT(2) 
PARAMETRIC_REPRESENTATION_CONTEXT() REPRESENTATION_CONTEXT('2D SPACE',''
  ) );
#8482 = ADVANCED_FACE('',(#8483),#7625,.F.);
#8483 = FACE_BOUND('',#8484,.T.);
#8484 = EDGE_LOOP('',(#8485,#8508,#8509,#8532));
#8485 = ORIENTED_EDGE('',*,*,#8486,.F.);
#8486 = EDGE_CURVE('',#7608,#8487,#8489,.T.);
#8487 = VERTEX_POINT('',#8488);
#8488 = CARTESIAN_POINT('',(80.962837810826,-15.90604563198,24.));
#8489 = SURFACE_CURVE('',#8490,(#8494,#8501),.PCURVE_S1.);
#8490 = LINE('',#8491,#8492);
#8491 = CARTESIAN_POINT('',(80.962837810826,-15.90604563198,20.));
#8492 = VECTOR('',#8493,1.);
#8493 = DIRECTION('',(-1.110223024625E-16,-0.,1.));
#8494 = PCURVE('',#7625,#8495);
#8495 = DEFINITIONAL_REPRESENTATION('',(#8496),#8500);
#8496 = LINE('',#8497,#8498);
#8497 = CARTESIAN_POINT('',(-9.437418813491E-17,0.9));
#8498 = VECTOR('',#8499,1.);
#8499 = DIRECTION('',(-1.,0.));
#8500 = ( GEOMETRIC_REPRESENTATION_CONTEXT(2) 
PARAMETRIC_REPRESENTATION_CONTEXT() REPRESENTATION_CONTEXT('2D SPACE',''
  ) );
#8501 = PCURVE('',#7707,#8502);
#8502 = DEFINITIONAL_REPRESENTATION('',(#8503),#8507);
#8503 = LINE('',#8504,#8505);
#8504 = CARTESIAN_POINT('',(-0.,0.));
#8505 = VECTOR('',#8506,1.);
#8506 = DIRECTION('',(-0.,1.));
#8507 = ( GEOMETRIC_REPRESENTATION_CONTEXT(2) 
PARAMETRIC_REPRESENTATION_CONTEXT() REPRESENTATION_CONTEXT('2D SPACE',''
  ) );
#8508 = ORIENTED_EDGE('',*,*,#7607,.T.);
#8509 = ORIENTED_EDGE('',*,*,#8510,.T.);
#8510 = EDGE_CURVE('',#7610,#8511,#8513,.T.);
#8511 = VERTEX_POINT('',#8512);
#8512 = CARTESIAN_POINT('',(81.812884927862,-16.20171419443,24.));
#8513 = SURFACE_CURVE('',#8514,(#8518,#8525),.PCURVE_S1.);
#8514 = LINE('',#8515,#8516);
#8515 = CARTESIAN_POINT('',(81.812884927862,-16.20171419443,20.));
#8516 = VECTOR('',#8517,1.);
#8517 = DIRECTION('',(-1.110223024625E-16,-0.,1.));
#8518 = PCURVE('',#7625,#8519);
#8519 = DEFINITIONAL_REPRESENTATION('',(#8520),#8524);
#8520 = LINE('',#8521,#8522);
#8521 = CARTESIAN_POINT('',(-0.,0.));
#8522 = VECTOR('',#8523,1.);
#8523 = DIRECTION('',(-1.,0.));
#8524 = ( GEOMETRIC_REPRESENTATION_CONTEXT(2) 
PARAMETRIC_REPRESENTATION_CONTEXT() REPRESENTATION_CONTEXT('2D SPACE',''
  ) );
#8525 = PCURVE('',#7653,#8526);
#8526 = DEFINITIONAL_REPRESENTATION('',(#8527),#8531);
#8527 = LINE('',#8528,#8529);
#8528 = CARTESIAN_POINT('',(-0.,0.));
#8529 = VECTOR('',#8530,1.);
#8530 = DIRECTION('',(-0.,1.));
#8531 = ( GEOMETRIC_REPRESENTATION_CONTEXT(2) 
PARAMETRIC_REPRESENTATION_CONTEXT() REPRESENTATION_CONTEXT('2D SPACE',''
  ) );
#8532 = ORIENTED_EDGE('',*,*,#8533,.T.);
#8533 = EDGE_CURVE('',#8511,#8487,#8534,.T.);
#8534 = SURFACE_CURVE('',#8535,(#8539,#8546),.PCURVE_S1.);
#8535 = LINE('',#8536,#8537);
#8536 = CARTESIAN_POINT('',(81.812884927862,-16.20171419443,24.));
#8537 = VECTOR('',#8538,1.);
#8538 = DIRECTION('',(-0.944496796706,0.328520624941,-1.048602090388E-16
    ));
#8539 = PCURVE('',#7625,#8540);
#8540 = DEFINITIONAL_REPRESENTATION('',(#8541),#8545);
#8541 = LINE('',#8542,#8543);
#8542 = CARTESIAN_POINT('',(-4.,-4.194408361552E-16));
#8543 = VECTOR('',#8544,1.);
#8544 = DIRECTION('',(-0.,1.));
#8545 = ( GEOMETRIC_REPRESENTATION_CONTEXT(2) 
PARAMETRIC_REPRESENTATION_CONTEXT() REPRESENTATION_CONTEXT('2D SPACE',''
  ) );
#8546 = PCURVE('',#8547,#8552);
#8547 = PLANE('',#8548);
#8548 = AXIS2_PLACEMENT_3D('',#8549,#8550,#8551);
#8549 = CARTESIAN_POINT('',(81.812884927862,-16.20171419443,24.));
#8550 = DIRECTION('',(-1.110223024625E-16,-0.,1.));
#8551 = DIRECTION('',(-0.328520624941,-0.944496796706,-3.64731161874E-17
    ));
#8552 = DEFINITIONAL_REPRESENTATION('',(#8553),#8557);
#8553 = LINE('',#8554,#8555);
#8554 = CARTESIAN_POINT('',(-0.,0.));
#8555 = VECTOR('',#8556,1.);
#8556 = DIRECTION('',(1.107280825419E-17,-1.));
#8557 = ( GEOMETRIC_REPRESENTATION_CONTEXT(2) 
PARAMETRIC_REPRESENTATION_CONTEXT() REPRESENTATION_CONTEXT('2D SPACE',''
  ) );
#8558 = ADVANCED_FACE('',(#8559),#7707,.T.);
#8559 = FACE_BOUND('',#8560,.F.);
#8560 = EDGE_LOOP('',(#8561,#8562,#8563,#8586));
#8561 = ORIENTED_EDGE('',*,*,#8486,.F.);
#8562 = ORIENTED_EDGE('',*,*,#7693,.T.);
#8563 = ORIENTED_EDGE('',*,*,#8564,.T.);
#8564 = EDGE_CURVE('',#7666,#8565,#8567,.T.);
#8565 = VERTEX_POINT('',#8566);
#8566 = CARTESIAN_POINT('',(84.248044060239,-6.461077664927,24.));
#8567 = SURFACE_CURVE('',#8568,(#8572,#8579),.PCURVE_S1.);
#8568 = LINE('',#8569,#8570);
#8569 = CARTESIAN_POINT('',(84.248044060239,-6.461077664927,20.));
#8570 = VECTOR('',#8571,1.);
#8571 = DIRECTION('',(-1.110223024625E-16,-0.,1.));
#8572 = PCURVE('',#7707,#8573);
#8573 = DEFINITIONAL_REPRESENTATION('',(#8574),#8578);
#8574 = LINE('',#8575,#8576);
#8575 = CARTESIAN_POINT('',(-10.,-3.64731161874E-16));
#8576 = VECTOR('',#8577,1.);
#8577 = DIRECTION('',(-0.,1.));
#8578 = ( GEOMETRIC_REPRESENTATION_CONTEXT(2) 
PARAMETRIC_REPRESENTATION_CONTEXT() REPRESENTATION_CONTEXT('2D SPACE',''
  ) );
#8579 = PCURVE('',#7681,#8580);
#8580 = DEFINITIONAL_REPRESENTATION('',(#8581),#8585);
#8581 = LINE('',#8582,#8583);
#8582 = CARTESIAN_POINT('',(-9.437418813491E-17,0.9));
#8583 = VECTOR('',#8584,1.);
#8584 = DIRECTION('',(-1.,0.));
#8585 = ( GEOMETRIC_REPRESENTATION_CONTEXT(2) 
PARAMETRIC_REPRESENTATION_CONTEXT() REPRESENTATION_CONTEXT('2D SPACE',''
  ) );
#8586 = ORIENTED_EDGE('',*,*,#8587,.F.);
#8587 = EDGE_CURVE('',#8487,#8565,#8588,.T.);
#8588 = SURFACE_CURVE('',#8589,(#8593,#8600),.PCURVE_S1.);
#8589 = LINE('',#8590,#8591);
#8590 = CARTESIAN_POINT('',(80.962837810826,-15.90604563198,24.));
#8591 = VECTOR('',#8592,1.);
#8592 = DIRECTION('',(0.328520624941,0.944496796706,3.64731161874E-17));
#8593 = PCURVE('',#7707,#8594);
#8594 = DEFINITIONAL_REPRESENTATION('',(#8595),#8599);
#8595 = LINE('',#8596,#8597);
#8596 = CARTESIAN_POINT('',(-1.458924647496E-16,4.));
#8597 = VECTOR('',#8598,1.);
#8598 = DIRECTION('',(-1.,0.));
#8599 = ( GEOMETRIC_REPRESENTATION_CONTEXT(2) 
PARAMETRIC_REPRESENTATION_CONTEXT() REPRESENTATION_CONTEXT('2D SPACE',''
  ) );
#8600 = PCURVE('',#8547,#8601);
#8601 = DEFINITIONAL_REPRESENTATION('',(#8602),#8606);
#8602 = LINE('',#8603,#8604);
#8603 = CARTESIAN_POINT('',(-1.6167763757E-16,-0.9));
#8604 = VECTOR('',#8605,1.);
#8605 = DIRECTION('',(-1.,1.107280825419E-17));
#8606 = ( GEOMETRIC_REPRESENTATION_CONTEXT(2) 
PARAMETRIC_REPRESENTATION_CONTEXT() REPRESENTATION_CONTEXT('2D SPACE',''
  ) );
#8607 = ADVANCED_FACE('',(#8608),#7681,.T.);
#8608 = FACE_BOUND('',#8609,.F.);
#8609 = EDGE_LOOP('',(#8610,#8611,#8612,#8635));
#8610 = ORIENTED_EDGE('',*,*,#8564,.F.);
#8611 = ORIENTED_EDGE('',*,*,#7665,.T.);
#8612 = ORIENTED_EDGE('',*,*,#8613,.T.);
#8613 = EDGE_CURVE('',#7638,#8614,#8616,.T.);
#8614 = VERTEX_POINT('',#8615);
#8615 = CARTESIAN_POINT('',(85.098091177275,-6.756746227374,24.));
#8616 = SURFACE_CURVE('',#8617,(#8621,#8628),.PCURVE_S1.);
#8617 = LINE('',#8618,#8619);
#8618 = CARTESIAN_POINT('',(85.098091177275,-6.756746227374,20.));
#8619 = VECTOR('',#8620,1.);
#8620 = DIRECTION('',(-1.110223024625E-16,-0.,1.));
#8621 = PCURVE('',#7681,#8622);
#8622 = DEFINITIONAL_REPRESENTATION('',(#8623),#8627);
#8623 = LINE('',#8624,#8625);
#8624 = CARTESIAN_POINT('',(-0.,0.));
#8625 = VECTOR('',#8626,1.);
#8626 = DIRECTION('',(-1.,0.));
#8627 = ( GEOMETRIC_REPRESENTATION_CONTEXT(2) 
PARAMETRIC_REPRESENTATION_CONTEXT() REPRESENTATION_CONTEXT('2D SPACE',''
  ) );
#8628 = PCURVE('',#7653,#8629);
#8629 = DEFINITIONAL_REPRESENTATION('',(#8630),#8634);
#8630 = LINE('',#8631,#8632);
#8631 = CARTESIAN_POINT('',(-10.,-3.64731161874E-16));
#8632 = VECTOR('',#8633,1.);
#8633 = DIRECTION('',(-0.,1.));
#8634 = ( GEOMETRIC_REPRESENTATION_CONTEXT(2) 
PARAMETRIC_REPRESENTATION_CONTEXT() REPRESENTATION_CONTEXT('2D SPACE',''
  ) );
#8635 = ORIENTED_EDGE('',*,*,#8636,.T.);
#8636 = EDGE_CURVE('',#8614,#8565,#8637,.T.);
#8637 = SURFACE_CURVE('',#8638,(#8642,#8649),.PCURVE_S1.);
#8638 = LINE('',#8639,#8640);
#8639 = CARTESIAN_POINT('',(85.098091177275,-6.756746227374,24.));
#8640 = VECTOR('',#8641,1.);
#8641 = DIRECTION('',(-0.944496796706,0.328520624941,-1.048602090388E-16
    ));
#8642 = PCURVE('',#7681,#8643);
#8643 = DEFINITIONAL_REPRESENTATION('',(#8644),#8648);
#8644 = LINE('',#8645,#8646);
#8645 = CARTESIAN_POINT('',(-4.,-4.194408361552E-16));
#8646 = VECTOR('',#8647,1.);
#8647 = DIRECTION('',(-0.,1.));
#8648 = ( GEOMETRIC_REPRESENTATION_CONTEXT(2) 
PARAMETRIC_REPRESENTATION_CONTEXT() REPRESENTATION_CONTEXT('2D SPACE',''
  ) );
#8649 = PCURVE('',#8547,#8650);
#8650 = DEFINITIONAL_REPRESENTATION('',(#8651),#8655);
#8651 = LINE('',#8652,#8653);
#8652 = CARTESIAN_POINT('',(-10.,3.972069536706E-15));
#8653 = VECTOR('',#8654,1.);
#8654 = DIRECTION('',(1.107280825419E-17,-1.));
#8655 = ( GEOMETRIC_REPRESENTATION_CONTEXT(2) 
PARAMETRIC_REPRESENTATION_CONTEXT() REPRESENTATION_CONTEXT('2D SPACE',''
  ) );
#8656 = ADVANCED_FACE('',(#8657),#7653,.F.);
#8657 = FACE_BOUND('',#8658,.T.);
#8658 = EDGE_LOOP('',(#8659,#8660,#8661,#8662));
#8659 = ORIENTED_EDGE('',*,*,#8510,.F.);
#8660 = ORIENTED_EDGE('',*,*,#7637,.T.);
#8661 = ORIENTED_EDGE('',*,*,#8613,.T.);
#8662 = ORIENTED_EDGE('',*,*,#8663,.F.);
#8663 = EDGE_CURVE('',#8511,#8614,#8664,.T.);
#8664 = SURFACE_CURVE('',#8665,(#8669,#8676),.PCURVE_S1.);
#8665 = LINE('',#8666,#8667);
#8666 = CARTESIAN_POINT('',(81.812884927862,-16.20171419443,24.));
#8667 = VECTOR('',#8668,1.);
#8668 = DIRECTION('',(0.328520624941,0.944496796706,3.64731161874E-17));
#8669 = PCURVE('',#7653,#8670);
#8670 = DEFINITIONAL_REPRESENTATION('',(#8671),#8675);
#8671 = LINE('',#8672,#8673);
#8672 = CARTESIAN_POINT('',(-1.458924647496E-16,4.));
#8673 = VECTOR('',#8674,1.);
#8674 = DIRECTION('',(-1.,0.));
#8675 = ( GEOMETRIC_REPRESENTATION_CONTEXT(2) 
PARAMETRIC_REPRESENTATION_CONTEXT() REPRESENTATION_CONTEXT('2D SPACE',''
  ) );
#8676 = PCURVE('',#8547,#8677);
#8677 = DEFINITIONAL_REPRESENTATION('',(#8678),#8682);
#8678 = LINE('',#8679,#8680);
#8679 = CARTESIAN_POINT('',(-0.,0.));
#8680 = VECTOR('',#8681,1.);
#8681 = DIRECTION('',(-1.,1.107280825419E-17));
#8682 = ( GEOMETRIC_REPRESENTATION_CONTEXT(2) 
PARAMETRIC_REPRESENTATION_CONTEXT() REPRESENTATION_CONTEXT('2D SPACE',''
  ) );
#8683 = ADVANCED_FACE('',(#8684),#7746,.T.);
#8684 = FACE_BOUND('',#8685,.F.);
#8685 = EDGE_LOOP('',(#8686,#8687,#8710,#8738));
#8686 = ORIENTED_EDGE('',*,*,#7727,.F.);
#8687 = ORIENTED_EDGE('',*,*,#8688,.T.);
#8688 = EDGE_CURVE('',#7728,#8689,#8691,.T.);
#8689 = VERTEX_POINT('',#8690);
#8690 = CARTESIAN_POINT('',(14.,124.13355743015,-2.));
#8691 = SURFACE_CURVE('',#8692,(#8696,#8703),.PCURVE_S1.);
#8692 = LINE('',#8693,#8694);
#8693 = CARTESIAN_POINT('',(14.,124.13355743015,-8.5));
#8694 = VECTOR('',#8695,1.);
#8695 = DIRECTION('',(-1.110223024625E-16,-0.,1.));
#8696 = PCURVE('',#7746,#8697);
#8697 = DEFINITIONAL_REPRESENTATION('',(#8698),#8702);
#8698 = LINE('',#8699,#8700);
#8699 = CARTESIAN_POINT('',(-1.5,6.299641964113));
#8700 = VECTOR('',#8701,1.);
#8701 = DIRECTION('',(-1.,0.));
#8702 = ( GEOMETRIC_REPRESENTATION_CONTEXT(2) 
PARAMETRIC_REPRESENTATION_CONTEXT() REPRESENTATION_CONTEXT('2D SPACE',''
  ) );
#8703 = PCURVE('',#7795,#8704);
#8704 = DEFINITIONAL_REPRESENTATION('',(#8705),#8709);
#8705 = LINE('',#8706,#8707);
#8706 = CARTESIAN_POINT('',(1.5,17.133557430156));
#8707 = VECTOR('',#8708,1.);
#8708 = DIRECTION('',(-1.,0.));
#8709 = ( GEOMETRIC_REPRESENTATION_CONTEXT(2) 
PARAMETRIC_REPRESENTATION_CONTEXT() REPRESENTATION_CONTEXT('2D SPACE',''
  ) );
#8710 = ORIENTED_EDGE('',*,*,#8711,.T.);
#8711 = EDGE_CURVE('',#8689,#8712,#8714,.T.);
#8712 = VERTEX_POINT('',#8713);
#8713 = CARTESIAN_POINT('',(14.041185039828,124.15689561939,-2.));
#8714 = SURFACE_CURVE('',#8715,(#8719,#8726),.PCURVE_S1.);
#8715 = LINE('',#8716,#8717);
#8716 = CARTESIAN_POINT('',(7.29453990153,120.33379670768,-2.));
#8717 = VECTOR('',#8718,1.);
#8718 = DIRECTION('',(0.870022185849,0.493012571981,9.659186626638E-17)
  );
#8719 = PCURVE('',#7746,#8720);
#8720 = DEFINITIONAL_REPRESENTATION('',(#8721),#8725);
#8721 = LINE('',#8722,#8723);
#8722 = CARTESIAN_POINT('',(-8.,-1.407586894574));
#8723 = VECTOR('',#8724,1.);
#8724 = DIRECTION('',(-0.,1.));
#8725 = ( GEOMETRIC_REPRESENTATION_CONTEXT(2) 
PARAMETRIC_REPRESENTATION_CONTEXT() REPRESENTATION_CONTEXT('2D SPACE',''
  ) );
#8726 = PCURVE('',#8727,#8732);
#8727 = PLANE('',#8728);
#8728 = AXIS2_PLACEMENT_3D('',#8729,#8730,#8731);
#8729 = CARTESIAN_POINT('',(4.041185039828,123.21993814588,-2.));
#8730 = DIRECTION('',(-1.110223024625E-16,-0.,1.));
#8731 = DIRECTION('',(-1.,0.,-1.110223024625E-16));
#8732 = DEFINITIONAL_REPRESENTATION('',(#8733),#8737);
#8733 = LINE('',#8734,#8735);
#8734 = CARTESIAN_POINT('',(-3.253354861702,2.886141438196));
#8735 = VECTOR('',#8736,1.);
#8736 = DIRECTION('',(-0.870022185849,-0.493012571981));
#8737 = ( GEOMETRIC_REPRESENTATION_CONTEXT(2) 
PARAMETRIC_REPRESENTATION_CONTEXT() REPRESENTATION_CONTEXT('2D SPACE',''
  ) );
#8738 = ORIENTED_EDGE('',*,*,#8739,.F.);
#8739 = EDGE_CURVE('',#7730,#8712,#8740,.T.);
#8740 = SURFACE_CURVE('',#8741,(#8745,#8752),.PCURVE_S1.);
#8741 = LINE('',#8742,#8743);
#8742 = CARTESIAN_POINT('',(14.041185039828,124.15689561939,-6.));
#8743 = VECTOR('',#8744,1.);
#8744 = DIRECTION('',(1.110223024625E-16,0.,-1.));
#8745 = PCURVE('',#7746,#8746);
#8746 = DEFINITIONAL_REPRESENTATION('',(#8747),#8751);
#8747 = LINE('',#8748,#8749);
#8748 = CARTESIAN_POINT('',(-4.,6.346979883189));
#8749 = VECTOR('',#8750,1.);
#8750 = DIRECTION('',(1.,-0.));
#8751 = ( GEOMETRIC_REPRESENTATION_CONTEXT(2) 
PARAMETRIC_REPRESENTATION_CONTEXT() REPRESENTATION_CONTEXT('2D SPACE',''
  ) );
#8752 = PCURVE('',#7921,#8753);
#8753 = DEFINITIONAL_REPRESENTATION('',(#8754),#8758);
#8754 = LINE('',#8755,#8756);
#8755 = CARTESIAN_POINT('',(4.,0.936957473507));
#8756 = VECTOR('',#8757,1.);
#8757 = DIRECTION('',(1.,-0.));
#8758 = ( GEOMETRIC_REPRESENTATION_CONTEXT(2) 
PARAMETRIC_REPRESENTATION_CONTEXT() REPRESENTATION_CONTEXT('2D SPACE',''
  ) );
#8759 = ADVANCED_FACE('',(#8760),#7921,.T.);
#8760 = FACE_BOUND('',#8761,.F.);
#8761 = EDGE_LOOP('',(#8762,#8785,#8806,#8807));
#8762 = ORIENTED_EDGE('',*,*,#8763,.F.);
#8763 = EDGE_CURVE('',#8764,#8712,#8766,.T.);
#8764 = VERTEX_POINT('',#8765);
#8765 = CARTESIAN_POINT('',(14.041185039828,123.21993814588,-2.));
#8766 = SURFACE_CURVE('',#8767,(#8771,#8778),.PCURVE_S1.);
#8767 = LINE('',#8768,#8769);
#8768 = CARTESIAN_POINT('',(14.041185039828,123.21993814588,-2.));
#8769 = VECTOR('',#8770,1.);
#8770 = DIRECTION('',(0.,1.,0.));
#8771 = PCURVE('',#7921,#8772);
#8772 = DEFINITIONAL_REPRESENTATION('',(#8773),#8777);
#8773 = LINE('',#8774,#8775);
#8774 = CARTESIAN_POINT('',(-0.,0.));
#8775 = VECTOR('',#8776,1.);
#8776 = DIRECTION('',(-0.,1.));
#8777 = ( GEOMETRIC_REPRESENTATION_CONTEXT(2) 
PARAMETRIC_REPRESENTATION_CONTEXT() REPRESENTATION_CONTEXT('2D SPACE',''
  ) );
#8778 = PCURVE('',#8727,#8779);
#8779 = DEFINITIONAL_REPRESENTATION('',(#8780),#8784);
#8780 = LINE('',#8781,#8782);
#8781 = CARTESIAN_POINT('',(-10.,0.));
#8782 = VECTOR('',#8783,1.);
#8783 = DIRECTION('',(-0.,-1.));
#8784 = ( GEOMETRIC_REPRESENTATION_CONTEXT(2) 
PARAMETRIC_REPRESENTATION_CONTEXT() REPRESENTATION_CONTEXT('2D SPACE',''
  ) );
#8785 = ORIENTED_EDGE('',*,*,#8786,.T.);
#8786 = EDGE_CURVE('',#8764,#7867,#8787,.T.);
#8787 = SURFACE_CURVE('',#8788,(#8792,#8799),.PCURVE_S1.);
#8788 = LINE('',#8789,#8790);
#8789 = CARTESIAN_POINT('',(14.041185039828,123.21993814588,-2.));
#8790 = VECTOR('',#8791,1.);
#8791 = DIRECTION('',(-1.110223024625E-16,-0.,1.));
#8792 = PCURVE('',#7921,#8793);
#8793 = DEFINITIONAL_REPRESENTATION('',(#8794),#8798);
#8794 = LINE('',#8795,#8796);
#8795 = CARTESIAN_POINT('',(-0.,0.));
#8796 = VECTOR('',#8797,1.);
#8797 = DIRECTION('',(-1.,0.));
#8798 = ( GEOMETRIC_REPRESENTATION_CONTEXT(2) 
PARAMETRIC_REPRESENTATION_CONTEXT() REPRESENTATION_CONTEXT('2D SPACE',''
  ) );
#8799 = PCURVE('',#7887,#8800);
#8800 = DEFINITIONAL_REPRESENTATION('',(#8801),#8805);
#8801 = LINE('',#8802,#8803);
#8802 = CARTESIAN_POINT('',(-10.,6.661338147751E-16));
#8803 = VECTOR('',#8804,1.);
#8804 = DIRECTION('',(-0.,1.));
#8805 = ( GEOMETRIC_REPRESENTATION_CONTEXT(2) 
PARAMETRIC_REPRESENTATION_CONTEXT() REPRESENTATION_CONTEXT('2D SPACE',''
  ) );
#8806 = ORIENTED_EDGE('',*,*,#7903,.T.);
#8807 = ORIENTED_EDGE('',*,*,#8739,.T.);
#8808 = ADVANCED_FACE('',(#8809),#7887,.F.);
#8809 = FACE_BOUND('',#8810,.T.);
#8810 = EDGE_LOOP('',(#8811,#8834,#8855,#8856));
#8811 = ORIENTED_EDGE('',*,*,#8812,.T.);
#8812 = EDGE_CURVE('',#7835,#8813,#8815,.T.);
#8813 = VERTEX_POINT('',#8814);
#8814 = CARTESIAN_POINT('',(14.,123.21993814588,-2.));
#8815 = SURFACE_CURVE('',#8816,(#8820,#8827),.PCURVE_S1.);
#8816 = LINE('',#8817,#8818);
#8817 = CARTESIAN_POINT('',(14.,123.21993814588,-4.5));
#8818 = VECTOR('',#8819,1.);
#8819 = DIRECTION('',(1.110223024625E-16,0.,-1.));
#8820 = PCURVE('',#7887,#8821);
#8821 = DEFINITIONAL_REPRESENTATION('',(#8822),#8826);
#8822 = LINE('',#8823,#8824);
#8823 = CARTESIAN_POINT('',(-9.958814960172,-2.5));
#8824 = VECTOR('',#8825,1.);
#8825 = DIRECTION('',(-0.,-1.));
#8826 = ( GEOMETRIC_REPRESENTATION_CONTEXT(2) 
PARAMETRIC_REPRESENTATION_CONTEXT() REPRESENTATION_CONTEXT('2D SPACE',''
  ) );
#8827 = PCURVE('',#7795,#8828);
#8828 = DEFINITIONAL_REPRESENTATION('',(#8829),#8833);
#8829 = LINE('',#8830,#8831);
#8830 = CARTESIAN_POINT('',(-2.5,16.219938145885));
#8831 = VECTOR('',#8832,1.);
#8832 = DIRECTION('',(1.,-0.));
#8833 = ( GEOMETRIC_REPRESENTATION_CONTEXT(2) 
PARAMETRIC_REPRESENTATION_CONTEXT() REPRESENTATION_CONTEXT('2D SPACE',''
  ) );
#8834 = ORIENTED_EDGE('',*,*,#8835,.T.);
#8835 = EDGE_CURVE('',#8813,#8764,#8836,.T.);
#8836 = SURFACE_CURVE('',#8837,(#8841,#8848),.PCURVE_S1.);
#8837 = LINE('',#8838,#8839);
#8838 = CARTESIAN_POINT('',(4.041185039828,123.21993814588,-2.));
#8839 = VECTOR('',#8840,1.);
#8840 = DIRECTION('',(1.,0.,1.110223024625E-16));
#8841 = PCURVE('',#7887,#8842);
#8842 = DEFINITIONAL_REPRESENTATION('',(#8843),#8847);
#8843 = LINE('',#8844,#8845);
#8844 = CARTESIAN_POINT('',(-0.,0.));
#8845 = VECTOR('',#8846,1.);
#8846 = DIRECTION('',(-1.,0.));
#8847 = ( GEOMETRIC_REPRESENTATION_CONTEXT(2) 
PARAMETRIC_REPRESENTATION_CONTEXT() REPRESENTATION_CONTEXT('2D SPACE',''
  ) );
#8848 = PCURVE('',#8727,#8849);
#8849 = DEFINITIONAL_REPRESENTATION('',(#8850),#8854);
#8850 = LINE('',#8851,#8852);
#8851 = CARTESIAN_POINT('',(-0.,0.));
#8852 = VECTOR('',#8853,1.);
#8853 = DIRECTION('',(-1.,0.));
#8854 = ( GEOMETRIC_REPRESENTATION_CONTEXT(2) 
PARAMETRIC_REPRESENTATION_CONTEXT() REPRESENTATION_CONTEXT('2D SPACE',''
  ) );
#8855 = ORIENTED_EDGE('',*,*,#8786,.T.);
#8856 = ORIENTED_EDGE('',*,*,#7866,.T.);
#8857 = ADVANCED_FACE('',(#8858,#8885),#7795,.T.);
#8858 = FACE_BOUND('',#8859,.F.);
#8859 = EDGE_LOOP('',(#8860,#8861,#8862,#8863,#8864));
#8860 = ORIENTED_EDGE('',*,*,#8688,.F.);
#8861 = ORIENTED_EDGE('',*,*,#7758,.T.);
#8862 = ORIENTED_EDGE('',*,*,#7834,.T.);
#8863 = ORIENTED_EDGE('',*,*,#8812,.T.);
#8864 = ORIENTED_EDGE('',*,*,#8865,.T.);
#8865 = EDGE_CURVE('',#8813,#8689,#8866,.T.);
#8866 = SURFACE_CURVE('',#8867,(#8871,#8878),.PCURVE_S1.);
#8867 = LINE('',#8868,#8869);
#8868 = CARTESIAN_POINT('',(14.,115.10996907294,-2.));
#8869 = VECTOR('',#8870,1.);
#8870 = DIRECTION('',(0.,1.,0.));
#8871 = PCURVE('',#7795,#8872);
#8872 = DEFINITIONAL_REPRESENTATION('',(#8873),#8877);
#8873 = LINE('',#8874,#8875);
#8874 = CARTESIAN_POINT('',(-5.,8.109969072942));
#8875 = VECTOR('',#8876,1.);
#8876 = DIRECTION('',(-0.,1.));
#8877 = ( GEOMETRIC_REPRESENTATION_CONTEXT(2) 
PARAMETRIC_REPRESENTATION_CONTEXT() REPRESENTATION_CONTEXT('2D SPACE',''
  ) );
#8878 = PCURVE('',#8727,#8879);
#8879 = DEFINITIONAL_REPRESENTATION('',(#8880),#8884);
#8880 = LINE('',#8881,#8882);
#8881 = CARTESIAN_POINT('',(-9.958814960172,8.109969072942));
#8882 = VECTOR('',#8883,1.);
#8883 = DIRECTION('',(-0.,-1.));
#8884 = ( GEOMETRIC_REPRESENTATION_CONTEXT(2) 
PARAMETRIC_REPRESENTATION_CONTEXT() REPRESENTATION_CONTEXT('2D SPACE',''
  ) );
#8885 = FACE_BOUND('',#8886,.F.);
#8886 = EDGE_LOOP('',(#8887));
#8887 = ORIENTED_EDGE('',*,*,#8888,.F.);
#8888 = EDGE_CURVE('',#8889,#8889,#8891,.T.);
#8889 = VERTEX_POINT('',#8890);
#8890 = CARTESIAN_POINT('',(14.,119.46908821616,-0.425));
#8891 = SURFACE_CURVE('',#8892,(#8897,#8908),.PCURVE_S1.);
#8892 = ELLIPSE('',#8893,3.194644699773,1.575);
#8893 = AXIS2_PLACEMENT_3D('',#8894,#8895,#8896);
#8894 = CARTESIAN_POINT('',(14.,119.46908821616,-2.));
#8895 = DIRECTION('',(-1.,0.,-1.110223024625E-16));
#8896 = DIRECTION('',(0.,1.,0.));
#8897 = PCURVE('',#7795,#8898);
#8898 = DEFINITIONAL_REPRESENTATION('',(#8899),#8907);
#8899 = ( BOUNDED_CURVE() B_SPLINE_CURVE(2,(#8900,#8901,#8902,#8903,
#8904,#8905,#8906),.UNSPECIFIED.,.T.,.F.) B_SPLINE_CURVE_WITH_KNOTS((1,2
    ,2,2,2,1),(-2.094395102393,0.,2.094395102393,4.188790204786,
6.28318530718,8.377580409573),.UNSPECIFIED.) CURVE() 
GEOMETRIC_REPRESENTATION_ITEM() RATIONAL_B_SPLINE_CURVE((1.,0.5,1.,0.5,
1.,0.5,1.)) REPRESENTATION_ITEM('') );
#8900 = CARTESIAN_POINT('',(-5.,15.663732915941));
#8901 = CARTESIAN_POINT('',(-2.272019978079,15.663732915941));
#8902 = CARTESIAN_POINT('',(-3.63600998904,10.871765866282));
#8903 = CARTESIAN_POINT('',(-5.,6.079798816623));
#8904 = CARTESIAN_POINT('',(-6.36399001096,10.871765866282));
#8905 = CARTESIAN_POINT('',(-7.727980021921,15.663732915941));
#8906 = CARTESIAN_POINT('',(-5.,15.663732915941));
#8907 = ( GEOMETRIC_REPRESENTATION_CONTEXT(2) 
PARAMETRIC_REPRESENTATION_CONTEXT() REPRESENTATION_CONTEXT('2D SPACE',''
  ) );
#8908 = PCURVE('',#8909,#8914);
#8909 = CYLINDRICAL_SURFACE('',#8910,1.575);
#8910 = AXIS2_PLACEMENT_3D('',#8911,#8912,#8913);
#8911 = CARTESIAN_POINT('',(16.929386191522,114.2995831723,-2.));
#8912 = DIRECTION('',(-0.493012571981,0.870022185849,-5.473539088428E-17
    ));
#8913 = DIRECTION('',(-1.110223024625E-16,-0.,1.));
#8914 = DEFINITIONAL_REPRESENTATION('',(#8915),#8946);
#8915 = B_SPLINE_CURVE_WITH_KNOTS('',8,(#8916,#8917,#8918,#8919,#8920,
    #8921,#8922,#8923,#8924,#8925,#8926,#8927,#8928,#8929,#8930,#8931,
    #8932,#8933,#8934,#8935,#8936,#8937,#8938,#8939,#8940,#8941,#8942,
    #8943,#8944,#8945),.UNSPECIFIED.,.F.,.F.,(9,7,7,7,9),(4.712388980385
    ,6.28318530718,7.461282552276,9.22842841992,10.995574287564),
  .UNSPECIFIED.);
#8916 = CARTESIAN_POINT('',(-6.28318530718,5.941808298624));
#8917 = CARTESIAN_POINT('',(-6.08683576633,6.487544522455));
#8918 = CARTESIAN_POINT('',(-5.890486225481,7.033280875858));
#8919 = CARTESIAN_POINT('',(-5.694136684634,7.546955451102));
#8920 = CARTESIAN_POINT('',(-5.497787143782,7.996512767121));
#8921 = CARTESIAN_POINT('',(-5.301437602934,8.353831986235));
#8922 = CARTESIAN_POINT('',(-5.105088062083,8.598757024187));
#8923 = CARTESIAN_POINT('',(-4.908738521234,8.721220063329));
#8924 = CARTESIAN_POINT('',(-4.565126824748,8.721220063329));
#8925 = CARTESIAN_POINT('',(-4.417864669111,8.652334422027));
#8926 = CARTESIAN_POINT('',(-4.270602513473,8.514564836375));
#8927 = CARTESIAN_POINT('',(-4.123340357836,8.311093136343));
#8928 = CARTESIAN_POINT('',(-3.976078202199,8.048301749184));
#8929 = CARTESIAN_POINT('',(-3.828816046563,7.735373391673));
#8930 = CARTESIAN_POINT('',(-3.681553890926,7.383589028208));
#8931 = CARTESIAN_POINT('',(-3.313398501833,6.438224289431));
#8932 = CARTESIAN_POINT('',(-3.092505268381,5.811692068669));
#8933 = CARTESIAN_POINT('',(-2.871612034922,5.168024754532));
#8934 = CARTESIAN_POINT('',(-2.650718801479,4.5555524678));
#8935 = CARTESIAN_POINT('',(-2.429825568012,4.022264965029));
#8936 = CARTESIAN_POINT('',(-2.208932334559,3.607369259921));
#8937 = CARTESIAN_POINT('',(-1.9880391011,3.335578489219));
#8938 = CARTESIAN_POINT('',(-1.546252634189,3.096025814022));
#8939 = CARTESIAN_POINT('',(-1.325359400734,3.128263776939));
#8940 = CARTESIAN_POINT('',(-1.104466167285,3.321419102182));
#8941 = CARTESIAN_POINT('',(-0.883572933824,3.668584568907));
#8942 = CARTESIAN_POINT('',(-0.662679700371,4.145599610255));
#8943 = CARTESIAN_POINT('',(-0.441786466912,4.713901455187));
#8944 = CARTESIAN_POINT('',(-0.220893233456,5.327855046813));
#8945 = CARTESIAN_POINT('',(-8.881784197001E-15,5.941808298624));
#8946 = ( GEOMETRIC_REPRESENTATION_CONTEXT(2) 
PARAMETRIC_REPRESENTATION_CONTEXT() REPRESENTATION_CONTEXT('2D SPACE',''
  ) );
#8947 = ADVANCED_FACE('',(#8948),#7957,.F.);
#8948 = FACE_BOUND('',#8949,.T.);
#8949 = EDGE_LOOP('',(#8950));
#8950 = ORIENTED_EDGE('',*,*,#7940,.T.);
#8951 = ADVANCED_FACE('',(#8952),#8122,.F.);
#8952 = FACE_BOUND('',#8953,.T.);
#8953 = EDGE_LOOP('',(#8954,#8955,#8976));
#8954 = ORIENTED_EDGE('',*,*,#8106,.F.);
#8955 = ORIENTED_EDGE('',*,*,#8956,.F.);
#8956 = EDGE_CURVE('',#8187,#8079,#8957,.T.);
#8957 = SURFACE_CURVE('',#8958,(#8962,#8969),.PCURVE_S1.);
#8958 = LINE('',#8959,#8960);
#8959 = CARTESIAN_POINT('',(86.566646718666,-11.66649579228,-2.));
#8960 = VECTOR('',#8961,1.);
#8961 = DIRECTION('',(-0.328520624941,-0.944496796706,-3.64731161874E-17
    ));
#8962 = PCURVE('',#8122,#8963);
#8963 = DEFINITIONAL_REPRESENTATION('',(#8964),#8968);
#8964 = LINE('',#8965,#8966);
#8965 = CARTESIAN_POINT('',(-8.111158666098,-5.812734418617));
#8966 = VECTOR('',#8967,1.);
#8967 = DIRECTION('',(0.328520624941,0.944496796706));
#8968 = ( GEOMETRIC_REPRESENTATION_CONTEXT(2) 
PARAMETRIC_REPRESENTATION_CONTEXT() REPRESENTATION_CONTEXT('2D SPACE',''
  ) );
#8969 = PCURVE('',#8094,#8970);
#8970 = DEFINITIONAL_REPRESENTATION('',(#8971),#8975);
#8971 = LINE('',#8972,#8973);
#8972 = CARTESIAN_POINT('',(-5.,8.154791952472));
#8973 = VECTOR('',#8974,1.);
#8974 = DIRECTION('',(-0.,1.));
#8975 = ( GEOMETRIC_REPRESENTATION_CONTEXT(2) 
PARAMETRIC_REPRESENTATION_CONTEXT() REPRESENTATION_CONTEXT('2D SPACE',''
  ) );
#8976 = ORIENTED_EDGE('',*,*,#8186,.F.);
#8977 = ADVANCED_FACE('',(#8978),#8094,.F.);
#8978 = FACE_BOUND('',#8979,.T.);
#8979 = EDGE_LOOP('',(#8980,#9001,#9002,#9025,#9046,#9047,#9048,#9049));
#8980 = ORIENTED_EDGE('',*,*,#8981,.T.);
#8981 = EDGE_CURVE('',#8051,#8391,#8982,.T.);
#8982 = SURFACE_CURVE('',#8983,(#8987,#8994),.PCURVE_S1.);
#8983 = LINE('',#8984,#8985);
#8984 = CARTESIAN_POINT('',(89.245664067158,-3.964320915373,3.));
#8985 = VECTOR('',#8986,1.);
#8986 = DIRECTION('',(-0.328520624941,-0.944496796706,-3.64731161874E-17
    ));
#8987 = PCURVE('',#8094,#8988);
#8988 = DEFINITIONAL_REPRESENTATION('',(#8989),#8993);
#8989 = LINE('',#8990,#8991);
#8990 = CARTESIAN_POINT('',(-10.,-3.64731161874E-16));
#8991 = VECTOR('',#8992,1.);
#8992 = DIRECTION('',(-0.,1.));
#8993 = ( GEOMETRIC_REPRESENTATION_CONTEXT(2) 
PARAMETRIC_REPRESENTATION_CONTEXT() REPRESENTATION_CONTEXT('2D SPACE',''
  ) );
#8994 = PCURVE('',#8066,#8995);
#8995 = DEFINITIONAL_REPRESENTATION('',(#8996),#9000);
#8996 = LINE('',#8997,#8998);
#8997 = CARTESIAN_POINT('',(-0.,0.));
#8998 = VECTOR('',#8999,1.);
#8999 = DIRECTION('',(7.965226789662E-18,-1.));
#9000 = ( GEOMETRIC_REPRESENTATION_CONTEXT(2) 
PARAMETRIC_REPRESENTATION_CONTEXT() REPRESENTATION_CONTEXT('2D SPACE',''
  ) );
#9001 = ORIENTED_EDGE('',*,*,#8390,.F.);
#9002 = ORIENTED_EDGE('',*,*,#9003,.F.);
#9003 = EDGE_CURVE('',#9004,#8363,#9006,.T.);
#9004 = VERTEX_POINT('',#9005);
#9005 = CARTESIAN_POINT('',(89.245664067158,-3.964320915373,-7.));
#9006 = SURFACE_CURVE('',#9007,(#9011,#9018),.PCURVE_S1.);
#9007 = LINE('',#9008,#9009);
#9008 = CARTESIAN_POINT('',(89.245664067158,-3.964320915373,-7.));
#9009 = VECTOR('',#9010,1.);
#9010 = DIRECTION('',(-0.328520624941,-0.944496796706,-3.64731161874E-17
    ));
#9011 = PCURVE('',#8094,#9012);
#9012 = DEFINITIONAL_REPRESENTATION('',(#9013),#9017);
#9013 = LINE('',#9014,#9015);
#9014 = CARTESIAN_POINT('',(-0.,-0.));
#9015 = VECTOR('',#9016,1.);
#9016 = DIRECTION('',(-0.,1.));
#9017 = ( GEOMETRIC_REPRESENTATION_CONTEXT(2) 
PARAMETRIC_REPRESENTATION_CONTEXT() REPRESENTATION_CONTEXT('2D SPACE',''
  ) );
#9018 = PCURVE('',#8378,#9019);
#9019 = DEFINITIONAL_REPRESENTATION('',(#9020),#9024);
#9020 = LINE('',#9021,#9022);
#9021 = CARTESIAN_POINT('',(-0.,0.));
#9022 = VECTOR('',#9023,1.);
#9023 = DIRECTION('',(7.965226789662E-18,-1.));
#9024 = ( GEOMETRIC_REPRESENTATION_CONTEXT(2) 
PARAMETRIC_REPRESENTATION_CONTEXT() REPRESENTATION_CONTEXT('2D SPACE',''
  ) );
#9025 = ORIENTED_EDGE('',*,*,#9026,.T.);
#9026 = EDGE_CURVE('',#9004,#8283,#9027,.T.);
#9027 = SURFACE_CURVE('',#9028,(#9032,#9039),.PCURVE_S1.);
#9028 = LINE('',#9029,#9030);
#9029 = CARTESIAN_POINT('',(89.245664067158,-3.964320915373,-7.));
#9030 = VECTOR('',#9031,1.);
#9031 = DIRECTION('',(-1.110223024625E-16,-0.,1.));
#9032 = PCURVE('',#8094,#9033);
#9033 = DEFINITIONAL_REPRESENTATION('',(#9034),#9038);
#9034 = LINE('',#9035,#9036);
#9035 = CARTESIAN_POINT('',(-0.,-0.));
#9036 = VECTOR('',#9037,1.);
#9037 = DIRECTION('',(-1.,0.));
#9038 = ( GEOMETRIC_REPRESENTATION_CONTEXT(2) 
PARAMETRIC_REPRESENTATION_CONTEXT() REPRESENTATION_CONTEXT('2D SPACE',''
  ) );
#9039 = PCURVE('',#8298,#9040);
#9040 = DEFINITIONAL_REPRESENTATION('',(#9041),#9045);
#9041 = LINE('',#9042,#9043);
#9042 = CARTESIAN_POINT('',(-0.,0.));
#9043 = VECTOR('',#9044,1.);
#9044 = DIRECTION('',(-0.,1.));
#9045 = ( GEOMETRIC_REPRESENTATION_CONTEXT(2) 
PARAMETRIC_REPRESENTATION_CONTEXT() REPRESENTATION_CONTEXT('2D SPACE',''
  ) );
#9046 = ORIENTED_EDGE('',*,*,#8310,.T.);
#9047 = ORIENTED_EDGE('',*,*,#8235,.F.);
#9048 = ORIENTED_EDGE('',*,*,#8956,.T.);
#9049 = ORIENTED_EDGE('',*,*,#8078,.T.);
#9050 = ADVANCED_FACE('',(#9051),#8066,.T.);
#9051 = FACE_BOUND('',#9052,.F.);
#9052 = EDGE_LOOP('',(#9053,#9054,#9055));
#9053 = ORIENTED_EDGE('',*,*,#8413,.F.);
#9054 = ORIENTED_EDGE('',*,*,#8050,.T.);
#9055 = ORIENTED_EDGE('',*,*,#8981,.T.);
#9056 = ADVANCED_FACE('',(#9057),#8298,.F.);
#9057 = FACE_BOUND('',#9058,.T.);
#9058 = EDGE_LOOP('',(#9059,#9060,#9061,#9082));
#9059 = ORIENTED_EDGE('',*,*,#8282,.F.);
#9060 = ORIENTED_EDGE('',*,*,#9026,.F.);
#9061 = ORIENTED_EDGE('',*,*,#9062,.T.);
#9062 = EDGE_CURVE('',#9004,#8340,#9063,.T.);
#9063 = SURFACE_CURVE('',#9064,(#9068,#9075),.PCURVE_S1.);
#9064 = LINE('',#9065,#9066);
#9065 = CARTESIAN_POINT('',(89.245664067158,-3.964320915373,-7.));
#9066 = VECTOR('',#9067,1.);
#9067 = DIRECTION('',(-0.944496796706,0.328520624941,-1.048602090388E-16
    ));
#9068 = PCURVE('',#8298,#9069);
#9069 = DEFINITIONAL_REPRESENTATION('',(#9070),#9074);
#9070 = LINE('',#9071,#9072);
#9071 = CARTESIAN_POINT('',(-0.,0.));
#9072 = VECTOR('',#9073,1.);
#9073 = DIRECTION('',(-1.,0.));
#9074 = ( GEOMETRIC_REPRESENTATION_CONTEXT(2) 
PARAMETRIC_REPRESENTATION_CONTEXT() REPRESENTATION_CONTEXT('2D SPACE',''
  ) );
#9075 = PCURVE('',#8378,#9076);
#9076 = DEFINITIONAL_REPRESENTATION('',(#9077),#9081);
#9077 = LINE('',#9078,#9079);
#9078 = CARTESIAN_POINT('',(-0.,0.));
#9079 = VECTOR('',#9080,1.);
#9080 = DIRECTION('',(-1.,7.965226789662E-18));
#9081 = ( GEOMETRIC_REPRESENTATION_CONTEXT(2) 
PARAMETRIC_REPRESENTATION_CONTEXT() REPRESENTATION_CONTEXT('2D SPACE',''
  ) );
#9082 = ORIENTED_EDGE('',*,*,#8339,.F.);
#9083 = ADVANCED_FACE('',(#9084),#8378,.F.);
#9084 = FACE_BOUND('',#9085,.T.);
#9085 = EDGE_LOOP('',(#9086,#9087,#9088));
#9086 = ORIENTED_EDGE('',*,*,#9062,.F.);
#9087 = ORIENTED_EDGE('',*,*,#9003,.T.);
#9088 = ORIENTED_EDGE('',*,*,#8362,.F.);
#9089 = ADVANCED_FACE('',(#9090),#8458,.F.);
#9090 = FACE_BOUND('',#9091,.T.);
#9091 = EDGE_LOOP('',(#9092,#9125,#9146,#9147));
#9092 = ORIENTED_EDGE('',*,*,#9093,.T.);
#9093 = EDGE_CURVE('',#9094,#9094,#9096,.T.);
#9094 = VERTEX_POINT('',#9095);
#9095 = CARTESIAN_POINT('',(85.438931325651,-12.16912352328,
    8.881784197001E-15));
#9096 = SURFACE_CURVE('',#9097,(#9102,#9109),.PCURVE_S1.);
#9097 = CIRCLE('',#9098,2.);
#9098 = AXIS2_PLACEMENT_3D('',#9099,#9100,#9101);
#9099 = CARTESIAN_POINT('',(85.438931325651,-12.16912352328,-2.));
#9100 = DIRECTION('',(0.944496796706,-0.328520624941,1.048602090388E-16)
  );
#9101 = DIRECTION('',(-1.110223024625E-16,-0.,1.));
#9102 = PCURVE('',#8458,#9103);
#9103 = DEFINITIONAL_REPRESENTATION('',(#9104),#9108);
#9104 = LINE('',#9105,#9106);
#9105 = CARTESIAN_POINT('',(-0.,0.));
#9106 = VECTOR('',#9107,1.);
#9107 = DIRECTION('',(-1.,0.));
#9108 = ( GEOMETRIC_REPRESENTATION_CONTEXT(2) 
PARAMETRIC_REPRESENTATION_CONTEXT() REPRESENTATION_CONTEXT('2D SPACE',''
  ) );
#9109 = PCURVE('',#9110,#9115);
#9110 = PLANE('',#9111);
#9111 = AXIS2_PLACEMENT_3D('',#9112,#9113,#9114);
#9112 = CARTESIAN_POINT('',(85.438931325651,-12.16912352328,-2.));
#9113 = DIRECTION('',(-0.944496796706,0.328520624941,-1.048602090388E-16
    ));
#9114 = DIRECTION('',(1.110223024625E-16,0.,-1.));
#9115 = DEFINITIONAL_REPRESENTATION('',(#9116),#9124);
#9116 = ( BOUNDED_CURVE() B_SPLINE_CURVE(2,(#9117,#9118,#9119,#9120,
#9121,#9122,#9123),.UNSPECIFIED.,.T.,.F.) B_SPLINE_CURVE_WITH_KNOTS((1,2
    ,2,2,2,1),(-2.094395102393,0.,2.094395102393,4.188790204786,
6.28318530718,8.377580409573),.UNSPECIFIED.) CURVE() 
GEOMETRIC_REPRESENTATION_ITEM() RATIONAL_B_SPLINE_CURVE((1.,0.5,1.,0.5,
1.,0.5,1.)) REPRESENTATION_ITEM('') );
#9117 = CARTESIAN_POINT('',(-2.,0.));
#9118 = CARTESIAN_POINT('',(-2.,3.464101615138));
#9119 = CARTESIAN_POINT('',(1.,1.732050807569));
#9120 = CARTESIAN_POINT('',(4.,4.898587196589E-16));
#9121 = CARTESIAN_POINT('',(1.,-1.732050807569));
#9122 = CARTESIAN_POINT('',(-2.,-3.464101615138));
#9123 = CARTESIAN_POINT('',(-2.,0.));
#9124 = ( GEOMETRIC_REPRESENTATION_CONTEXT(2) 
PARAMETRIC_REPRESENTATION_CONTEXT() REPRESENTATION_CONTEXT('2D SPACE',''
  ) );
#9125 = ORIENTED_EDGE('',*,*,#9126,.T.);
#9126 = EDGE_CURVE('',#9094,#8438,#9127,.T.);
#9127 = SEAM_CURVE('',#9128,(#9132,#9139),.PCURVE_S1.);
#9128 = LINE('',#9129,#9130);
#9129 = CARTESIAN_POINT('',(85.438931325651,-12.16912352328,
    1.42108547152E-14));
#9130 = VECTOR('',#9131,1.);
#9131 = DIRECTION('',(-0.944496796706,0.328520624941,-1.048602090388E-16
    ));
#9132 = PCURVE('',#8458,#9133);
#9133 = DEFINITIONAL_REPRESENTATION('',(#9134),#9138);
#9134 = LINE('',#9135,#9136);
#9135 = CARTESIAN_POINT('',(-0.,-0.));
#9136 = VECTOR('',#9137,1.);
#9137 = DIRECTION('',(-0.,1.));
#9138 = ( GEOMETRIC_REPRESENTATION_CONTEXT(2) 
PARAMETRIC_REPRESENTATION_CONTEXT() REPRESENTATION_CONTEXT('2D SPACE',''
  ) );
#9139 = PCURVE('',#8458,#9140);
#9140 = DEFINITIONAL_REPRESENTATION('',(#9141),#9145);
#9141 = LINE('',#9142,#9143);
#9142 = CARTESIAN_POINT('',(-6.28318530718,-0.));
#9143 = VECTOR('',#9144,1.);
#9144 = DIRECTION('',(-0.,1.));
#9145 = ( GEOMETRIC_REPRESENTATION_CONTEXT(2) 
PARAMETRIC_REPRESENTATION_CONTEXT() REPRESENTATION_CONTEXT('2D SPACE',''
  ) );
#9146 = ORIENTED_EDGE('',*,*,#8437,.T.);
#9147 = ORIENTED_EDGE('',*,*,#9126,.F.);
#9148 = ADVANCED_FACE('',(#9149),#8547,.T.);
#9149 = FACE_BOUND('',#9150,.F.);
#9150 = EDGE_LOOP('',(#9151,#9152,#9153,#9154));
#9151 = ORIENTED_EDGE('',*,*,#8663,.F.);
#9152 = ORIENTED_EDGE('',*,*,#8533,.T.);
#9153 = ORIENTED_EDGE('',*,*,#8587,.T.);
#9154 = ORIENTED_EDGE('',*,*,#8636,.F.);
#9155 = ADVANCED_FACE('',(#9156),#8727,.F.);
#9156 = FACE_BOUND('',#9157,.T.);
#9157 = EDGE_LOOP('',(#9158,#9159,#9160,#9161));
#9158 = ORIENTED_EDGE('',*,*,#8835,.F.);
#9159 = ORIENTED_EDGE('',*,*,#8865,.T.);
#9160 = ORIENTED_EDGE('',*,*,#8711,.T.);
#9161 = ORIENTED_EDGE('',*,*,#8763,.F.);
#9162 = ADVANCED_FACE('',(#9163),#8909,.F.);
#9163 = FACE_BOUND('',#9164,.T.);
#9164 = EDGE_LOOP('',(#9165,#9188,#9219,#9220));
#9165 = ORIENTED_EDGE('',*,*,#9166,.T.);
#9166 = EDGE_CURVE('',#8889,#9167,#9169,.T.);
#9167 = VERTEX_POINT('',#9168);
#9168 = CARTESIAN_POINT('',(7.562147323885,130.83000470343,-0.425));
#9169 = SEAM_CURVE('',#9170,(#9174,#9181),.PCURVE_S1.);
#9170 = LINE('',#9171,#9172);
#9171 = CARTESIAN_POINT('',(16.929386191522,114.2995831723,-0.425));
#9172 = VECTOR('',#9173,1.);
#9173 = DIRECTION('',(-0.493012571981,0.870022185849,-5.473539088428E-17
    ));
#9174 = PCURVE('',#8909,#9175);
#9175 = DEFINITIONAL_REPRESENTATION('',(#9176),#9180);
#9176 = LINE('',#9177,#9178);
#9177 = CARTESIAN_POINT('',(-6.28318530718,-0.));
#9178 = VECTOR('',#9179,1.);
#9179 = DIRECTION('',(-0.,1.));
#9180 = ( GEOMETRIC_REPRESENTATION_CONTEXT(2) 
PARAMETRIC_REPRESENTATION_CONTEXT() REPRESENTATION_CONTEXT('2D SPACE',''
  ) );
#9181 = PCURVE('',#8909,#9182);
#9182 = DEFINITIONAL_REPRESENTATION('',(#9183),#9187);
#9183 = LINE('',#9184,#9185);
#9184 = CARTESIAN_POINT('',(-0.,-0.));
#9185 = VECTOR('',#9186,1.);
#9186 = DIRECTION('',(-0.,1.));
#9187 = ( GEOMETRIC_REPRESENTATION_CONTEXT(2) 
PARAMETRIC_REPRESENTATION_CONTEXT() REPRESENTATION_CONTEXT('2D SPACE',''
  ) );
#9188 = ORIENTED_EDGE('',*,*,#9189,.F.);
#9189 = EDGE_CURVE('',#9167,#9167,#9190,.T.);
#9190 = SURFACE_CURVE('',#9191,(#9196,#9203),.PCURVE_S1.);
#9191 = CIRCLE('',#9192,1.575);
#9192 = AXIS2_PLACEMENT_3D('',#9193,#9194,#9195);
#9193 = CARTESIAN_POINT('',(7.562147323885,130.83000470343,-2.));
#9194 = DIRECTION('',(0.493012571981,-0.870022185849,5.473539088428E-17)
  );
#9195 = DIRECTION('',(-1.110223024625E-16,-0.,1.));
#9196 = PCURVE('',#8909,#9197);
#9197 = DEFINITIONAL_REPRESENTATION('',(#9198),#9202);
#9198 = LINE('',#9199,#9200);
#9199 = CARTESIAN_POINT('',(-0.,19.));
#9200 = VECTOR('',#9201,1.);
#9201 = DIRECTION('',(-1.,0.));
#9202 = ( GEOMETRIC_REPRESENTATION_CONTEXT(2) 
PARAMETRIC_REPRESENTATION_CONTEXT() REPRESENTATION_CONTEXT('2D SPACE',''
  ) );
#9203 = PCURVE('',#9204,#9209);
#9204 = PLANE('',#9205);
#9205 = AXIS2_PLACEMENT_3D('',#9206,#9207,#9208);
#9206 = CARTESIAN_POINT('',(7.562147323885,130.83000470343,-2.));
#9207 = DIRECTION('',(-0.493012571981,0.870022185849,-5.473539088428E-17
    ));
#9208 = DIRECTION('',(1.110223024625E-16,0.,-1.));
#9209 = DEFINITIONAL_REPRESENTATION('',(#9210),#9218);
#9210 = ( BOUNDED_CURVE() B_SPLINE_CURVE(2,(#9211,#9212,#9213,#9214,
#9215,#9216,#9217),.UNSPECIFIED.,.T.,.F.) B_SPLINE_CURVE_WITH_KNOTS((1,2
    ,2,2,2,1),(-2.094395102393,0.,2.094395102393,4.188790204786,
6.28318530718,8.377580409573),.UNSPECIFIED.) CURVE() 
GEOMETRIC_REPRESENTATION_ITEM() RATIONAL_B_SPLINE_CURVE((1.,0.5,1.,0.5,
1.,0.5,1.)) REPRESENTATION_ITEM('') );
#9211 = CARTESIAN_POINT('',(-1.575,0.));
#9212 = CARTESIAN_POINT('',(-1.575,2.727980021921));
#9213 = CARTESIAN_POINT('',(0.7875,1.36399001096));
#9214 = CARTESIAN_POINT('',(3.15,3.857637417314E-16));
#9215 = CARTESIAN_POINT('',(0.7875,-1.36399001096));
#9216 = CARTESIAN_POINT('',(-1.575,-2.727980021921));
#9217 = CARTESIAN_POINT('',(-1.575,0.));
#9218 = ( GEOMETRIC_REPRESENTATION_CONTEXT(2) 
PARAMETRIC_REPRESENTATION_CONTEXT() REPRESENTATION_CONTEXT('2D SPACE',''
  ) );
#9219 = ORIENTED_EDGE('',*,*,#9166,.F.);
#9220 = ORIENTED_EDGE('',*,*,#8888,.F.);
#9221 = ADVANCED_FACE('',(#9222),#9110,.T.);
#9222 = FACE_BOUND('',#9223,.T.);
#9223 = EDGE_LOOP('',(#9224));
#9224 = ORIENTED_EDGE('',*,*,#9093,.F.);
#9225 = ADVANCED_FACE('',(#9226),#9204,.F.);
#9226 = FACE_BOUND('',#9227,.T.);
#9227 = EDGE_LOOP('',(#9228));
#9228 = ORIENTED_EDGE('',*,*,#9189,.T.);
#9229 = ( GEOMETRIC_REPRESENTATION_CONTEXT(3) 
GLOBAL_UNCERTAINTY_ASSIGNED_CONTEXT((#9233)) 
GLOBAL_UNIT_ASSIGNED_CONTEXT((#9230,#9231,#9232)) REPRESENTATION_CONTEXT
('Context #1','3D Context with UNIT and UNCERTAINTY') );
#9230 = ( LENGTH_UNIT() NAMED_UNIT(*) SI_UNIT(.MILLI.,.METRE.) );
#9231 = ( NAMED_UNIT(*) PLANE_ANGLE_UNIT() SI_UNIT($,.RADIAN.) );
#9232 = ( NAMED_UNIT(*) SI_UNIT($,.STERADIAN.) SOLID_ANGLE_UNIT() );
#9233 = UNCERTAINTY_MEASURE_WITH_UNIT(LENGTH_MEASURE(1.E-07),#9230,
  'distance_accuracy_value','confusion accuracy');
#9234 = CONTEXT_DEPENDENT_SHAPE_REPRESENTATION(#9235,#9237);
#9235 = ( REPRESENTATION_RELATIONSHIP('','',#36,#10) 
REPRESENTATION_RELATIONSHIP_WITH_TRANSFORMATION(#9236) 
SHAPE_REPRESENTATION_RELATIONSHIP() );
#9236 = ITEM_DEFINED_TRANSFORMATION('','',#11,#15);
#9237 = PRODUCT_DEFINITION_SHAPE('Placement','Placement of an item',
  #9238);
#9238 = NEXT_ASSEMBLY_USAGE_OCCURRENCE('717','=>[0:1:1:2]','',#5,#31,$);
#9239 = PRODUCT_RELATED_PRODUCT_CATEGORY('part',$,(#33));
#9240 = SHAPE_DEFINITION_REPRESENTATION(#9241,#9247);
#9241 = PRODUCT_DEFINITION_SHAPE('','',#9242);
#9242 = PRODUCT_DEFINITION('design','',#9243,#9246);
#9243 = PRODUCT_DEFINITION_FORMATION('','',#9244);
#9244 = PRODUCT('side_frame_right','side_frame_right','',(#9245));
#9245 = PRODUCT_CONTEXT('',#2,'mechanical');
#9246 = PRODUCT_DEFINITION_CONTEXT('part definition',#2,'design');
#9247 = ADVANCED_BREP_SHAPE_REPRESENTATION('',(#11,#9248),#18393);
#9248 = MANIFOLD_SOLID_BREP('',#9249);
#9249 = CLOSED_SHELL('',(#9250,#9540,#9672,#9946,#10046,#10095,#10195,
    #10249,#10298,#10393,#10420,#10713,#11062,#11114,#11163,#11240,
    #11289,#11535,#11635,#11684,#11711,#11763,#11839,#11912,#11941,
    #11990,#12090,#12139,#12166,#12217,#12266,#12540,#12645,#12826,
    #12853,#12881,#12888,#12939,#13039,#13222,#13271,#13371,#13476,
    #13525,#13802,#13902,#13931,#14002,#14184,#14301,#14350,#14495,
    #14566,#14617,#14644,#14672,#14723,#14794,#14918,#14945,#14953,
    #15063,#15090,#15254,#15283,#15500,#15579,#15661,#15739,#15788,
    #15889,#15916,#15943,#15949,#15956,#15983,#16063,#16224,#16302,
    #16355,#16517,#16553,#16582,#16611,#16666,#16694,#16743,#16750,
    #16805,#16969,#17074,#17151,#17346,#17373,#17448,#17453,#17654,
    #17658,#17662,#17738,#17787,#17836,#17863,#17889,#17962,#17989,
    #17995,#18001,#18056,#18132,#18181,#18230,#18316,#18323,#18327,
    #18334,#18389));
#9250 = ADVANCED_FACE('',(#9251),#9265,.F.);
#9251 = FACE_BOUND('',#9252,.F.);
#9252 = EDGE_LOOP('',(#9253,#9288,#9316,#9344,#9372,#9405,#9433,#9461,
    #9489,#9518));
#9253 = ORIENTED_EDGE('',*,*,#9254,.T.);
#9254 = EDGE_CURVE('',#9255,#9257,#9259,.T.);
#9255 = VERTEX_POINT('',#9256);
#9256 = CARTESIAN_POINT('',(9.111020326177,55.481918292975,-12.9));
#9257 = VERTEX_POINT('',#9258);
#9258 = CARTESIAN_POINT('',(34.,11.560189456817,-12.9));
#9259 = SURFACE_CURVE('',#9260,(#9264,#9276),.PCURVE_S1.);
#9260 = LINE('',#9261,#9262);
#9261 = CARTESIAN_POINT('',(45.363161262031,-8.492448064414,-12.9));
#9262 = VECTOR('',#9263,1.);
#9263 = DIRECTION('',(0.493012571981,-0.870022185849,5.473539088428E-17)
  );
#9264 = PCURVE('',#9265,#9270);
#9265 = PLANE('',#9266);
#9266 = AXIS2_PLACEMENT_3D('',#9267,#9268,#9269);
#9267 = CARTESIAN_POINT('',(46.060629047686,-11.14311565729,-12.9));
#9268 = DIRECTION('',(1.110223024625E-16,0.,-1.));
#9269 = DIRECTION('',(0.870022185849,0.493012571981,9.659186626638E-17)
  );
#9270 = DEFINITIONAL_REPRESENTATION('',(#9271),#9275);
#9271 = LINE('',#9272,#9273);
#9272 = CARTESIAN_POINT('',(0.7,-2.65));
#9273 = VECTOR('',#9274,1.);
#9274 = DIRECTION('',(-1.277899225106E-16,1.));
#9275 = ( GEOMETRIC_REPRESENTATION_CONTEXT(2) 
PARAMETRIC_REPRESENTATION_CONTEXT() REPRESENTATION_CONTEXT('2D SPACE',''
  ) );
#9276 = PCURVE('',#9277,#9282);
#9277 = PLANE('',#9278);
#9278 = AXIS2_PLACEMENT_3D('',#9279,#9280,#9281);
#9279 = CARTESIAN_POINT('',(44.056677946281,-6.186889271915,0.5));
#9280 = DIRECTION('',(0.870022185849,0.493012571981,9.659186626638E-17)
  );
#9281 = DIRECTION('',(1.110223024625E-16,0.,-1.));
#9282 = DEFINITIONAL_REPRESENTATION('',(#9283),#9287);
#9283 = LINE('',#9284,#9285);
#9284 = CARTESIAN_POINT('',(13.4,-2.65));
#9285 = VECTOR('',#9286,1.);
#9286 = DIRECTION('',(0.,-1.));
#9287 = ( GEOMETRIC_REPRESENTATION_CONTEXT(2) 
PARAMETRIC_REPRESENTATION_CONTEXT() REPRESENTATION_CONTEXT('2D SPACE',''
  ) );
#9288 = ORIENTED_EDGE('',*,*,#9289,.T.);
#9289 = EDGE_CURVE('',#9257,#9290,#9292,.T.);
#9290 = VERTEX_POINT('',#9291);
#9291 = CARTESIAN_POINT('',(34.,10.140347368029,-12.9));
#9292 = SURFACE_CURVE('',#9293,(#9297,#9304),.PCURVE_S1.);
#9293 = LINE('',#9294,#9295);
#9294 = CARTESIAN_POINT('',(34.,-16.57155782864,-12.9));
#9295 = VECTOR('',#9296,1.);
#9296 = DIRECTION('',(0.,-1.,0.));
#9297 = PCURVE('',#9265,#9298);
#9298 = DEFINITIONAL_REPRESENTATION('',(#9299),#9303);
#9299 = LINE('',#9300,#9301);
#9300 = CARTESIAN_POINT('',(-13.16930508352,-1.223176622836));
#9301 = VECTOR('',#9302,1.);
#9302 = DIRECTION('',(-0.493012571981,0.870022185849));
#9303 = ( GEOMETRIC_REPRESENTATION_CONTEXT(2) 
PARAMETRIC_REPRESENTATION_CONTEXT() REPRESENTATION_CONTEXT('2D SPACE',''
  ) );
#9304 = PCURVE('',#9305,#9310);
#9305 = PLANE('',#9306);
#9306 = AXIS2_PLACEMENT_3D('',#9307,#9308,#9309);
#9307 = CARTESIAN_POINT('',(34.,-22.,-12.));
#9308 = DIRECTION('',(1.,0.,1.110223024625E-16));
#9309 = DIRECTION('',(1.110223024625E-16,0.,-1.));
#9310 = DEFINITIONAL_REPRESENTATION('',(#9311),#9315);
#9311 = LINE('',#9312,#9313);
#9312 = CARTESIAN_POINT('',(0.9,5.428442171351));
#9313 = VECTOR('',#9314,1.);
#9314 = DIRECTION('',(0.,-1.));
#9315 = ( GEOMETRIC_REPRESENTATION_CONTEXT(2) 
PARAMETRIC_REPRESENTATION_CONTEXT() REPRESENTATION_CONTEXT('2D SPACE',''
  ) );
#9316 = ORIENTED_EDGE('',*,*,#9317,.T.);
#9317 = EDGE_CURVE('',#9290,#9318,#9320,.T.);
#9318 = VERTEX_POINT('',#9319);
#9319 = CARTESIAN_POINT('',(6.,59.552112073912,-12.9));
#9320 = SURFACE_CURVE('',#9321,(#9325,#9332),.PCURVE_S1.);
#9321 = LINE('',#9322,#9323);
#9322 = CARTESIAN_POINT('',(46.060629047686,-11.14311565729,-12.9));
#9323 = VECTOR('',#9324,1.);
#9324 = DIRECTION('',(-0.493012571981,0.870022185849,-5.473539088428E-17
    ));
#9325 = PCURVE('',#9265,#9326);
#9326 = DEFINITIONAL_REPRESENTATION('',(#9327),#9331);
#9327 = LINE('',#9328,#9329);
#9328 = CARTESIAN_POINT('',(0.,0.));
#9329 = VECTOR('',#9330,1.);
#9330 = DIRECTION('',(2.398283814618E-17,-1.));
#9331 = ( GEOMETRIC_REPRESENTATION_CONTEXT(2) 
PARAMETRIC_REPRESENTATION_CONTEXT() REPRESENTATION_CONTEXT('2D SPACE',''
  ) );
#9332 = PCURVE('',#9333,#9338);
#9333 = PLANE('',#9334);
#9334 = AXIS2_PLACEMENT_3D('',#9335,#9336,#9337);
#9335 = CARTESIAN_POINT('',(46.060629047686,-11.14311565729,-12.9));
#9336 = DIRECTION('',(0.870022185849,0.493012571981,9.659186626638E-17)
  );
#9337 = DIRECTION('',(1.110223024625E-16,0.,-1.));
#9338 = DEFINITIONAL_REPRESENTATION('',(#9339),#9343);
#9339 = LINE('',#9340,#9341);
#9340 = CARTESIAN_POINT('',(0.,0.));
#9341 = VECTOR('',#9342,1.);
#9342 = DIRECTION('',(0.,1.));
#9343 = ( GEOMETRIC_REPRESENTATION_CONTEXT(2) 
PARAMETRIC_REPRESENTATION_CONTEXT() REPRESENTATION_CONTEXT('2D SPACE',''
  ) );
#9344 = ORIENTED_EDGE('',*,*,#9345,.F.);
#9345 = EDGE_CURVE('',#9346,#9318,#9348,.T.);
#9346 = VERTEX_POINT('',#9347);
#9347 = CARTESIAN_POINT('',(6.,67.332419858832,-12.9));
#9348 = SURFACE_CURVE('',#9349,(#9353,#9360),.PCURVE_S1.);
#9349 = LINE('',#9350,#9351);
#9350 = CARTESIAN_POINT('',(6.,-98.07155782865,-12.9));
#9351 = VECTOR('',#9352,1.);
#9352 = DIRECTION('',(0.,-1.,0.));
#9353 = PCURVE('',#9265,#9354);
#9354 = DEFINITIONAL_REPRESENTATION('',(#9355),#9359);
#9355 = LINE('',#9356,#9357);
#9356 = CARTESIAN_POINT('',(-77.71045090372,55.879279508361));
#9357 = VECTOR('',#9358,1.);
#9358 = DIRECTION('',(-0.493012571981,0.870022185849));
#9359 = ( GEOMETRIC_REPRESENTATION_CONTEXT(2) 
PARAMETRIC_REPRESENTATION_CONTEXT() REPRESENTATION_CONTEXT('2D SPACE',''
  ) );
#9360 = PCURVE('',#9361,#9366);
#9361 = PLANE('',#9362);
#9362 = AXIS2_PLACEMENT_3D('',#9363,#9364,#9365);
#9363 = CARTESIAN_POINT('',(6.,-185.,40.));
#9364 = DIRECTION('',(1.,0.,1.110223024625E-16));
#9365 = DIRECTION('',(1.110223024625E-16,0.,-1.));
#9366 = DEFINITIONAL_REPRESENTATION('',(#9367),#9371);
#9367 = LINE('',#9368,#9369);
#9368 = CARTESIAN_POINT('',(52.9,86.92844217135));
#9369 = VECTOR('',#9370,1.);
#9370 = DIRECTION('',(0.,-1.));
#9371 = ( GEOMETRIC_REPRESENTATION_CONTEXT(2) 
PARAMETRIC_REPRESENTATION_CONTEXT() REPRESENTATION_CONTEXT('2D SPACE',''
  ) );
#9372 = ORIENTED_EDGE('',*,*,#9373,.F.);
#9373 = EDGE_CURVE('',#9374,#9346,#9376,.T.);
#9374 = VERTEX_POINT('',#9375);
#9375 = CARTESIAN_POINT('',(18.939370952314,67.143115657299,-12.9));
#9376 = SURFACE_CURVE('',#9377,(#9382,#9393),.PCURVE_S1.);
#9377 = CIRCLE('',#9378,7.5);
#9378 = AXIS2_PLACEMENT_3D('',#9379,#9380,#9381);
#9379 = CARTESIAN_POINT('',(12.414204558449,63.445521367442,-12.9));
#9380 = DIRECTION('',(-1.110223024625E-16,4.919498050706E-34,1.));
#9381 = DIRECTION('',(0.870022185849,0.493012571981,9.659186626638E-17)
  );
#9382 = PCURVE('',#9265,#9383);
#9383 = DEFINITIONAL_REPRESENTATION('',(#9384),#9392);
#9384 = ( BOUNDED_CURVE() B_SPLINE_CURVE(2,(#9385,#9386,#9387,#9388,
#9389,#9390,#9391),.UNSPECIFIED.,.T.,.F.) B_SPLINE_CURVE_WITH_KNOTS((1,2
    ,2,2,2,1),(-2.094395102393,0.,2.094395102393,4.188790204786,
6.28318530718,8.377580409573),.UNSPECIFIED.) CURVE() 
GEOMETRIC_REPRESENTATION_ITEM() RATIONAL_B_SPLINE_CURVE((1.,0.5,1.,0.5,
1.,0.5,1.)) REPRESENTATION_ITEM('') );
#9385 = CARTESIAN_POINT('',(15.,-81.48187929913));
#9386 = CARTESIAN_POINT('',(15.,-94.4722603559));
#9387 = CARTESIAN_POINT('',(3.75,-87.97706982751));
#9388 = CARTESIAN_POINT('',(-7.5,-81.48187929913));
#9389 = CARTESIAN_POINT('',(3.75,-74.98668877075));
#9390 = CARTESIAN_POINT('',(15.,-68.49149824236));
#9391 = CARTESIAN_POINT('',(15.,-81.48187929913));
#9392 = ( GEOMETRIC_REPRESENTATION_CONTEXT(2) 
PARAMETRIC_REPRESENTATION_CONTEXT() REPRESENTATION_CONTEXT('2D SPACE',''
  ) );
#9393 = PCURVE('',#9394,#9399);
#9394 = CYLINDRICAL_SURFACE('',#9395,7.5);
#9395 = AXIS2_PLACEMENT_3D('',#9396,#9397,#9398);
#9396 = CARTESIAN_POINT('',(12.414204558449,63.445521367442,-12.9));
#9397 = DIRECTION('',(2.22044604925E-16,0.,-1.));
#9398 = DIRECTION('',(-1.,0.,-2.22044604925E-16));
#9399 = DEFINITIONAL_REPRESENTATION('',(#9400),#9404);
#9400 = LINE('',#9401,#9402);
#9401 = CARTESIAN_POINT('',(8.90922895331,0.));
#9402 = VECTOR('',#9403,1.);
#9403 = DIRECTION('',(-1.,-0.));
#9404 = ( GEOMETRIC_REPRESENTATION_CONTEXT(2) 
PARAMETRIC_REPRESENTATION_CONTEXT() REPRESENTATION_CONTEXT('2D SPACE',''
  ) );
#9405 = ORIENTED_EDGE('',*,*,#9406,.F.);
#9406 = EDGE_CURVE('',#9407,#9374,#9409,.T.);
#9407 = VERTEX_POINT('',#9408);
#9408 = CARTESIAN_POINT('',(36.58713649145,36.,-12.9));
#9409 = SURFACE_CURVE('',#9410,(#9414,#9421),.PCURVE_S1.);
#9410 = LINE('',#9411,#9412);
#9411 = CARTESIAN_POINT('',(59.110961835415,-3.747927077586,-12.9));
#9412 = VECTOR('',#9413,1.);
#9413 = DIRECTION('',(-0.493012571981,0.870022185849,-5.473539088428E-17
    ));
#9414 = PCURVE('',#9265,#9415);
#9415 = DEFINITIONAL_REPRESENTATION('',(#9416),#9420);
#9416 = LINE('',#9417,#9418);
#9417 = CARTESIAN_POINT('',(15.,3.163492213423E-15));
#9418 = VECTOR('',#9419,1.);
#9419 = DIRECTION('',(2.398283814618E-17,-1.));
#9420 = ( GEOMETRIC_REPRESENTATION_CONTEXT(2) 
PARAMETRIC_REPRESENTATION_CONTEXT() REPRESENTATION_CONTEXT('2D SPACE',''
  ) );
#9421 = PCURVE('',#9422,#9427);
#9422 = PLANE('',#9423);
#9423 = AXIS2_PLACEMENT_3D('',#9424,#9425,#9426);
#9424 = CARTESIAN_POINT('',(59.110961835415,-3.747927077586,-12.9));
#9425 = DIRECTION('',(0.870022185849,0.493012571981,9.659186626638E-17)
  );
#9426 = DIRECTION('',(1.110223024625E-16,0.,-1.));
#9427 = DEFINITIONAL_REPRESENTATION('',(#9428),#9432);
#9428 = LINE('',#9429,#9430);
#9429 = CARTESIAN_POINT('',(0.,0.));
#9430 = VECTOR('',#9431,1.);
#9431 = DIRECTION('',(0.,1.));
#9432 = ( GEOMETRIC_REPRESENTATION_CONTEXT(2) 
PARAMETRIC_REPRESENTATION_CONTEXT() REPRESENTATION_CONTEXT('2D SPACE',''
  ) );
#9433 = ORIENTED_EDGE('',*,*,#9434,.F.);
#9434 = EDGE_CURVE('',#9435,#9407,#9437,.T.);
#9435 = VERTEX_POINT('',#9436);
#9436 = CARTESIAN_POINT('',(35.782559307804,36.,-12.9));
#9437 = SURFACE_CURVE('',#9438,(#9442,#9449),.PCURVE_S1.);
#9438 = LINE('',#9439,#9440);
#9439 = CARTESIAN_POINT('',(40.030314523843,36.,-12.9));
#9440 = VECTOR('',#9441,1.);
#9441 = DIRECTION('',(1.,0.,1.110223024625E-16));
#9442 = PCURVE('',#9265,#9443);
#9443 = DEFINITIONAL_REPRESENTATION('',(#9444),#9448);
#9444 = LINE('',#9445,#9446);
#9445 = CARTESIAN_POINT('',(17.995641278009,-43.98857740513));
#9446 = VECTOR('',#9447,1.);
#9447 = DIRECTION('',(0.870022185849,0.493012571981));
#9448 = ( GEOMETRIC_REPRESENTATION_CONTEXT(2) 
PARAMETRIC_REPRESENTATION_CONTEXT() REPRESENTATION_CONTEXT('2D SPACE',''
  ) );
#9449 = PCURVE('',#9450,#9455);
#9450 = PLANE('',#9451);
#9451 = AXIS2_PLACEMENT_3D('',#9452,#9453,#9454);
#9452 = CARTESIAN_POINT('',(34.,36.,-12.));
#9453 = DIRECTION('',(0.,1.,0.));
#9454 = DIRECTION('',(1.,0.,1.110223024625E-16));
#9455 = DEFINITIONAL_REPRESENTATION('',(#9456),#9460);
#9456 = LINE('',#9457,#9458);
#9457 = CARTESIAN_POINT('',(6.030314523843,0.9));
#9458 = VECTOR('',#9459,1.);
#9459 = DIRECTION('',(1.,0.));
#9460 = ( GEOMETRIC_REPRESENTATION_CONTEXT(2) 
PARAMETRIC_REPRESENTATION_CONTEXT() REPRESENTATION_CONTEXT('2D SPACE',''
  ) );
#9461 = ORIENTED_EDGE('',*,*,#9462,.F.);
#9462 = EDGE_CURVE('',#9463,#9435,#9465,.T.);
#9463 = VERTEX_POINT('',#9464);
#9464 = CARTESIAN_POINT('',(20.943322053719,62.186889271915,-12.9));
#9465 = SURFACE_CURVE('',#9466,(#9470,#9477),.PCURVE_S1.);
#9466 = LINE('',#9467,#9468);
#9467 = CARTESIAN_POINT('',(57.195462989572,-1.787477085474,-12.9));
#9468 = VECTOR('',#9469,1.);
#9469 = DIRECTION('',(0.493012571981,-0.870022185849,5.473539088428E-17)
  );
#9470 = PCURVE('',#9265,#9471);
#9471 = DEFINITIONAL_REPRESENTATION('',(#9472),#9476);
#9472 = LINE('',#9473,#9474);
#9473 = CARTESIAN_POINT('',(14.3,-2.65));
#9474 = VECTOR('',#9475,1.);
#9475 = DIRECTION('',(-1.277899225106E-16,1.));
#9476 = ( GEOMETRIC_REPRESENTATION_CONTEXT(2) 
PARAMETRIC_REPRESENTATION_CONTEXT() REPRESENTATION_CONTEXT('2D SPACE',''
  ) );
#9477 = PCURVE('',#9478,#9483);
#9478 = PLANE('',#9479);
#9479 = AXIS2_PLACEMENT_3D('',#9480,#9481,#9482);
#9480 = CARTESIAN_POINT('',(55.888979673823,0.518081707025,0.5));
#9481 = DIRECTION('',(0.870022185849,0.493012571981,9.659186626638E-17)
  );
#9482 = DIRECTION('',(1.110223024625E-16,0.,-1.));
#9483 = DEFINITIONAL_REPRESENTATION('',(#9484),#9488);
#9484 = LINE('',#9485,#9486);
#9485 = CARTESIAN_POINT('',(13.4,-2.65));
#9486 = VECTOR('',#9487,1.);
#9487 = DIRECTION('',(0.,-1.));
#9488 = ( GEOMETRIC_REPRESENTATION_CONTEXT(2) 
PARAMETRIC_REPRESENTATION_CONTEXT() REPRESENTATION_CONTEXT('2D SPACE',''
  ) );
#9489 = ORIENTED_EDGE('',*,*,#9490,.F.);
#9490 = EDGE_CURVE('',#9491,#9463,#9493,.T.);
#9491 = VERTEX_POINT('',#9492);
#9492 = CARTESIAN_POINT('',(11.674685700478,64.750554646215,-12.9));
#9493 = SURFACE_CURVE('',#9494,(#9499,#9506),.PCURVE_S1.);
#9494 = CIRCLE('',#9495,6.8);
#9495 = AXIS2_PLACEMENT_3D('',#9496,#9497,#9498);
#9496 = CARTESIAN_POINT('',(15.027171189948,58.834403782445,-12.9));
#9497 = DIRECTION('',(2.22044604925E-16,0.,-1.));
#9498 = DIRECTION('',(-1.,0.,-2.22044604925E-16));
#9499 = PCURVE('',#9265,#9500);
#9500 = DEFINITIONAL_REPRESENTATION('',(#9501),#9505);
#9501 = CIRCLE('',#9502,6.8);
#9502 = AXIS2_PLACEMENT_2D('',#9503,#9504);
#9503 = CARTESIAN_POINT('',(7.5,-76.18187929913));
#9504 = DIRECTION('',(-0.870022185849,-0.493012571981));
#9505 = ( GEOMETRIC_REPRESENTATION_CONTEXT(2) 
PARAMETRIC_REPRESENTATION_CONTEXT() REPRESENTATION_CONTEXT('2D SPACE',''
  ) );
#9506 = PCURVE('',#9507,#9512);
#9507 = CYLINDRICAL_SURFACE('',#9508,6.8);
#9508 = AXIS2_PLACEMENT_3D('',#9509,#9510,#9511);
#9509 = CARTESIAN_POINT('',(15.027171189948,58.834403782445,0.5));
#9510 = DIRECTION('',(2.22044604925E-16,0.,-1.));
#9511 = DIRECTION('',(-1.,0.,-2.22044604925E-16));
#9512 = DEFINITIONAL_REPRESENTATION('',(#9513),#9517);
#9513 = LINE('',#9514,#9515);
#9514 = CARTESIAN_POINT('',(0.,13.4));
#9515 = VECTOR('',#9516,1.);
#9516 = DIRECTION('',(1.,0.));
#9517 = ( GEOMETRIC_REPRESENTATION_CONTEXT(2) 
PARAMETRIC_REPRESENTATION_CONTEXT() REPRESENTATION_CONTEXT('2D SPACE',''
  ) );
#9518 = ORIENTED_EDGE('',*,*,#9519,.F.);
#9519 = EDGE_CURVE('',#9255,#9491,#9520,.T.);
#9520 = SURFACE_CURVE('',#9521,(#9526,#9533),.PCURVE_S1.);
#9521 = CIRCLE('',#9522,6.8);
#9522 = AXIS2_PLACEMENT_3D('',#9523,#9524,#9525);
#9523 = CARTESIAN_POINT('',(15.027171189948,58.834403782445,-12.9));
#9524 = DIRECTION('',(2.22044604925E-16,0.,-1.));
#9525 = DIRECTION('',(-1.,0.,-2.22044604925E-16));
#9526 = PCURVE('',#9265,#9527);
#9527 = DEFINITIONAL_REPRESENTATION('',(#9528),#9532);
#9528 = CIRCLE('',#9529,6.8);
#9529 = AXIS2_PLACEMENT_2D('',#9530,#9531);
#9530 = CARTESIAN_POINT('',(7.5,-76.18187929913));
#9531 = DIRECTION('',(-0.870022185849,-0.493012571981));
#9532 = ( GEOMETRIC_REPRESENTATION_CONTEXT(2) 
PARAMETRIC_REPRESENTATION_CONTEXT() REPRESENTATION_CONTEXT('2D SPACE',''
  ) );
#9533 = PCURVE('',#9507,#9534);
#9534 = DEFINITIONAL_REPRESENTATION('',(#9535),#9539);
#9535 = LINE('',#9536,#9537);
#9536 = CARTESIAN_POINT('',(0.,13.4));
#9537 = VECTOR('',#9538,1.);
#9538 = DIRECTION('',(1.,0.));
#9539 = ( GEOMETRIC_REPRESENTATION_CONTEXT(2) 
PARAMETRIC_REPRESENTATION_CONTEXT() REPRESENTATION_CONTEXT('2D SPACE',''
  ) );
#9540 = ADVANCED_FACE('',(#9541),#9277,.T.);
#9541 = FACE_BOUND('',#9542,.T.);
#9542 = EDGE_LOOP('',(#9543,#9566,#9567,#9590,#9618,#9646));
#9543 = ORIENTED_EDGE('',*,*,#9544,.F.);
#9544 = EDGE_CURVE('',#9255,#9545,#9547,.T.);
#9545 = VERTEX_POINT('',#9546);
#9546 = CARTESIAN_POINT('',(9.111020326177,55.481918292975,-18.1));
#9547 = SURFACE_CURVE('',#9548,(#9552,#9559),.PCURVE_S1.);
#9548 = LINE('',#9549,#9550);
#9549 = CARTESIAN_POINT('',(9.111020326177,55.481918292975,0.5));
#9550 = VECTOR('',#9551,1.);
#9551 = DIRECTION('',(1.110223024625E-16,0.,-1.));
#9552 = PCURVE('',#9277,#9553);
#9553 = DEFINITIONAL_REPRESENTATION('',(#9554),#9558);
#9554 = LINE('',#9555,#9556);
#9555 = CARTESIAN_POINT('',(3.22567998755E-15,70.881879299133));
#9556 = VECTOR('',#9557,1.);
#9557 = DIRECTION('',(1.,0.));
#9558 = ( GEOMETRIC_REPRESENTATION_CONTEXT(2) 
PARAMETRIC_REPRESENTATION_CONTEXT() REPRESENTATION_CONTEXT('2D SPACE',''
  ) );
#9559 = PCURVE('',#9507,#9560);
#9560 = DEFINITIONAL_REPRESENTATION('',(#9561),#9565);
#9561 = LINE('',#9562,#9563);
#9562 = CARTESIAN_POINT('',(5.767636299721,-6.568246906114E-16));
#9563 = VECTOR('',#9564,1.);
#9564 = DIRECTION('',(0.,1.));
#9565 = ( GEOMETRIC_REPRESENTATION_CONTEXT(2) 
PARAMETRIC_REPRESENTATION_CONTEXT() REPRESENTATION_CONTEXT('2D SPACE',''
  ) );
#9566 = ORIENTED_EDGE('',*,*,#9254,.T.);
#9567 = ORIENTED_EDGE('',*,*,#9568,.T.);
#9568 = EDGE_CURVE('',#9257,#9569,#9571,.T.);
#9569 = VERTEX_POINT('',#9570);
#9570 = CARTESIAN_POINT('',(34.,11.560189456817,-14.));
#9571 = SURFACE_CURVE('',#9572,(#9576,#9583),.PCURVE_S1.);
#9572 = LINE('',#9573,#9574);
#9573 = CARTESIAN_POINT('',(34.,11.560189456817,-5.75));
#9574 = VECTOR('',#9575,1.);
#9575 = DIRECTION('',(1.110223024625E-16,0.,-1.));
#9576 = PCURVE('',#9277,#9577);
#9577 = DEFINITIONAL_REPRESENTATION('',(#9578),#9582);
#9578 = LINE('',#9579,#9580);
#9579 = CARTESIAN_POINT('',(6.25,20.398420887878));
#9580 = VECTOR('',#9581,1.);
#9581 = DIRECTION('',(1.,0.));
#9582 = ( GEOMETRIC_REPRESENTATION_CONTEXT(2) 
PARAMETRIC_REPRESENTATION_CONTEXT() REPRESENTATION_CONTEXT('2D SPACE',''
  ) );
#9583 = PCURVE('',#9305,#9584);
#9584 = DEFINITIONAL_REPRESENTATION('',(#9585),#9589);
#9585 = LINE('',#9586,#9587);
#9586 = CARTESIAN_POINT('',(-6.25,33.560189456817));
#9587 = VECTOR('',#9588,1.);
#9588 = DIRECTION('',(1.,0.));
#9589 = ( GEOMETRIC_REPRESENTATION_CONTEXT(2) 
PARAMETRIC_REPRESENTATION_CONTEXT() REPRESENTATION_CONTEXT('2D SPACE',''
  ) );
#9590 = ORIENTED_EDGE('',*,*,#9591,.F.);
#9591 = EDGE_CURVE('',#9592,#9569,#9594,.T.);
#9592 = VERTEX_POINT('',#9593);
#9593 = CARTESIAN_POINT('',(44.056677946281,-6.186889271915,-14.));
#9594 = SURFACE_CURVE('',#9595,(#9599,#9606),.PCURVE_S1.);
#9595 = LINE('',#9596,#9597);
#9596 = CARTESIAN_POINT('',(46.225856476495,-10.01485138405,-14.));
#9597 = VECTOR('',#9598,1.);
#9598 = DIRECTION('',(-0.493012571981,0.870022185849,-5.473539088428E-17
    ));
#9599 = PCURVE('',#9277,#9600);
#9600 = DEFINITIONAL_REPRESENTATION('',(#9601),#9605);
#9601 = LINE('',#9602,#9603);
#9602 = CARTESIAN_POINT('',(14.5,-4.399844250418));
#9603 = VECTOR('',#9604,1.);
#9604 = DIRECTION('',(0.,1.));
#9605 = ( GEOMETRIC_REPRESENTATION_CONTEXT(2) 
PARAMETRIC_REPRESENTATION_CONTEXT() REPRESENTATION_CONTEXT('2D SPACE',''
  ) );
#9606 = PCURVE('',#9607,#9612);
#9607 = PLANE('',#9608);
#9608 = AXIS2_PLACEMENT_3D('',#9609,#9610,#9611);
#9609 = CARTESIAN_POINT('',(34.,-22.,-14.));
#9610 = DIRECTION('',(1.110223024625E-16,0.,-1.));
#9611 = DIRECTION('',(1.,0.,1.110223024625E-16));
#9612 = DEFINITIONAL_REPRESENTATION('',(#9613),#9617);
#9613 = LINE('',#9614,#9615);
#9614 = CARTESIAN_POINT('',(12.225856476495,-11.98514861594));
#9615 = VECTOR('',#9616,1.);
#9616 = DIRECTION('',(-0.493012571981,-0.870022185849));
#9617 = ( GEOMETRIC_REPRESENTATION_CONTEXT(2) 
PARAMETRIC_REPRESENTATION_CONTEXT() REPRESENTATION_CONTEXT('2D SPACE',''
  ) );
#9618 = ORIENTED_EDGE('',*,*,#9619,.T.);
#9619 = EDGE_CURVE('',#9592,#9620,#9622,.T.);
#9620 = VERTEX_POINT('',#9621);
#9621 = CARTESIAN_POINT('',(44.056677946281,-6.186889271915,-18.1));
#9622 = SURFACE_CURVE('',#9623,(#9627,#9634),.PCURVE_S1.);
#9623 = LINE('',#9624,#9625);
#9624 = CARTESIAN_POINT('',(44.056677946281,-6.186889271915,0.5));
#9625 = VECTOR('',#9626,1.);
#9626 = DIRECTION('',(1.110223024625E-16,0.,-1.));
#9627 = PCURVE('',#9277,#9628);
#9628 = DEFINITIONAL_REPRESENTATION('',(#9629),#9633);
#9629 = LINE('',#9630,#9631);
#9630 = CARTESIAN_POINT('',(0.,0.));
#9631 = VECTOR('',#9632,1.);
#9632 = DIRECTION('',(1.,0.));
#9633 = ( GEOMETRIC_REPRESENTATION_CONTEXT(2) 
PARAMETRIC_REPRESENTATION_CONTEXT() REPRESENTATION_CONTEXT('2D SPACE',''
  ) );
#9634 = PCURVE('',#9635,#9640);
#9635 = CYLINDRICAL_SURFACE('',#9636,6.8);
#9636 = AXIS2_PLACEMENT_3D('',#9637,#9638,#9639);
#9637 = CARTESIAN_POINT('',(49.972828810052,-2.834403782445,0.5));
#9638 = DIRECTION('',(2.22044604925E-16,0.,-1.));
#9639 = DIRECTION('',(-1.,0.,-2.22044604925E-16));
#9640 = DEFINITIONAL_REPRESENTATION('',(#9641),#9645);
#9641 = LINE('',#9642,#9643);
#9642 = CARTESIAN_POINT('',(5.767636299721,-6.568246906114E-16));
#9643 = VECTOR('',#9644,1.);
#9644 = DIRECTION('',(0.,1.));
#9645 = ( GEOMETRIC_REPRESENTATION_CONTEXT(2) 
PARAMETRIC_REPRESENTATION_CONTEXT() REPRESENTATION_CONTEXT('2D SPACE',''
  ) );
#9646 = ORIENTED_EDGE('',*,*,#9647,.F.);
#9647 = EDGE_CURVE('',#9545,#9620,#9648,.T.);
#9648 = SURFACE_CURVE('',#9649,(#9653,#9660),.PCURVE_S1.);
#9649 = LINE('',#9650,#9651);
#9650 = CARTESIAN_POINT('',(45.363161262031,-8.492448064414,-18.1));
#9651 = VECTOR('',#9652,1.);
#9652 = DIRECTION('',(0.493012571981,-0.870022185849,5.473539088428E-17)
  );
#9653 = PCURVE('',#9277,#9654);
#9654 = DEFINITIONAL_REPRESENTATION('',(#9655),#9659);
#9655 = LINE('',#9656,#9657);
#9656 = CARTESIAN_POINT('',(18.6,-2.65));
#9657 = VECTOR('',#9658,1.);
#9658 = DIRECTION('',(0.,-1.));
#9659 = ( GEOMETRIC_REPRESENTATION_CONTEXT(2) 
PARAMETRIC_REPRESENTATION_CONTEXT() REPRESENTATION_CONTEXT('2D SPACE',''
  ) );
#9660 = PCURVE('',#9661,#9666);
#9661 = PLANE('',#9662);
#9662 = AXIS2_PLACEMENT_3D('',#9663,#9664,#9665);
#9663 = CARTESIAN_POINT('',(46.060629047686,-11.14311565729,-18.1));
#9664 = DIRECTION('',(1.110223024625E-16,0.,-1.));
#9665 = DIRECTION('',(0.870022185849,0.493012571981,9.659186626638E-17)
  );
#9666 = DEFINITIONAL_REPRESENTATION('',(#9667),#9671);
#9667 = LINE('',#9668,#9669);
#9668 = CARTESIAN_POINT('',(0.7,-2.65));
#9669 = VECTOR('',#9670,1.);
#9670 = DIRECTION('',(-1.277899225106E-16,1.));
#9671 = ( GEOMETRIC_REPRESENTATION_CONTEXT(2) 
PARAMETRIC_REPRESENTATION_CONTEXT() REPRESENTATION_CONTEXT('2D SPACE',''
  ) );
#9672 = ADVANCED_FACE('',(#9673),#9507,.F.);
#9673 = FACE_BOUND('',#9674,.F.);
#9674 = EDGE_LOOP('',(#9675,#9676,#9699,#9723,#9751,#9780,#9808,#9837,
    #9865,#9894,#9922,#9944,#9945));
#9675 = ORIENTED_EDGE('',*,*,#9490,.T.);
#9676 = ORIENTED_EDGE('',*,*,#9677,.T.);
#9677 = EDGE_CURVE('',#9463,#9678,#9680,.T.);
#9678 = VERTEX_POINT('',#9679);
#9679 = CARTESIAN_POINT('',(20.943322053719,62.186889271915,-18.1));
#9680 = SURFACE_CURVE('',#9681,(#9685,#9692),.PCURVE_S1.);
#9681 = LINE('',#9682,#9683);
#9682 = CARTESIAN_POINT('',(20.943322053719,62.186889271915,0.5));
#9683 = VECTOR('',#9684,1.);
#9684 = DIRECTION('',(1.110223024625E-16,0.,-1.));
#9685 = PCURVE('',#9507,#9686);
#9686 = DEFINITIONAL_REPRESENTATION('',(#9687),#9691);
#9687 = LINE('',#9688,#9689);
#9688 = CARTESIAN_POINT('',(8.90922895331,6.568246906114E-16));
#9689 = VECTOR('',#9690,1.);
#9690 = DIRECTION('',(0.,1.));
#9691 = ( GEOMETRIC_REPRESENTATION_CONTEXT(2) 
PARAMETRIC_REPRESENTATION_CONTEXT() REPRESENTATION_CONTEXT('2D SPACE',''
  ) );
#9692 = PCURVE('',#9478,#9693);
#9693 = DEFINITIONAL_REPRESENTATION('',(#9694),#9698);
#9694 = LINE('',#9695,#9696);
#9695 = CARTESIAN_POINT('',(-3.270336912502E-16,70.881879299133));
#9696 = VECTOR('',#9697,1.);
#9697 = DIRECTION('',(1.,0.));
#9698 = ( GEOMETRIC_REPRESENTATION_CONTEXT(2) 
PARAMETRIC_REPRESENTATION_CONTEXT() REPRESENTATION_CONTEXT('2D SPACE',''
  ) );
#9699 = ORIENTED_EDGE('',*,*,#9700,.F.);
#9700 = EDGE_CURVE('',#9701,#9678,#9703,.T.);
#9701 = VERTEX_POINT('',#9702);
#9702 = CARTESIAN_POINT('',(16.421191986468,65.489980843742,-18.1));
#9703 = SURFACE_CURVE('',#9704,(#9709,#9716),.PCURVE_S1.);
#9704 = CIRCLE('',#9705,6.8);
#9705 = AXIS2_PLACEMENT_3D('',#9706,#9707,#9708);
#9706 = CARTESIAN_POINT('',(15.027171189948,58.834403782445,-18.1));
#9707 = DIRECTION('',(2.22044604925E-16,0.,-1.));
#9708 = DIRECTION('',(-1.,0.,-2.22044604925E-16));
#9709 = PCURVE('',#9507,#9710);
#9710 = DEFINITIONAL_REPRESENTATION('',(#9711),#9715);
#9711 = LINE('',#9712,#9713);
#9712 = CARTESIAN_POINT('',(0.,18.6));
#9713 = VECTOR('',#9714,1.);
#9714 = DIRECTION('',(1.,0.));
#9715 = ( GEOMETRIC_REPRESENTATION_CONTEXT(2) 
PARAMETRIC_REPRESENTATION_CONTEXT() REPRESENTATION_CONTEXT('2D SPACE',''
  ) );
#9716 = PCURVE('',#9661,#9717);
#9717 = DEFINITIONAL_REPRESENTATION('',(#9718),#9722);
#9718 = CIRCLE('',#9719,6.8);
#9719 = AXIS2_PLACEMENT_2D('',#9720,#9721);
#9720 = CARTESIAN_POINT('',(7.5,-76.18187929913));
#9721 = DIRECTION('',(-0.870022185849,-0.493012571981));
#9722 = ( GEOMETRIC_REPRESENTATION_CONTEXT(2) 
PARAMETRIC_REPRESENTATION_CONTEXT() REPRESENTATION_CONTEXT('2D SPACE',''
  ) );
#9723 = ORIENTED_EDGE('',*,*,#9724,.T.);
#9724 = EDGE_CURVE('',#9701,#9725,#9727,.T.);
#9725 = VERTEX_POINT('',#9726);
#9726 = CARTESIAN_POINT('',(16.421191986468,65.489980843742,-22.));
#9727 = SURFACE_CURVE('',#9728,(#9732,#9739),.PCURVE_S1.);
#9728 = LINE('',#9729,#9730);
#9729 = CARTESIAN_POINT('',(16.421191986468,65.489980843742,0.5));
#9730 = VECTOR('',#9731,1.);
#9731 = DIRECTION('',(2.22044604925E-16,0.,-1.));
#9732 = PCURVE('',#9507,#9733);
#9733 = DEFINITIONAL_REPRESENTATION('',(#9734),#9738);
#9734 = LINE('',#9735,#9736);
#9735 = CARTESIAN_POINT('',(8.06044846591,1.547673985103E-16));
#9736 = VECTOR('',#9737,1.);
#9737 = DIRECTION('',(0.,1.));
#9738 = ( GEOMETRIC_REPRESENTATION_CONTEXT(2) 
PARAMETRIC_REPRESENTATION_CONTEXT() REPRESENTATION_CONTEXT('2D SPACE',''
  ) );
#9739 = PCURVE('',#9740,#9745);
#9740 = PLANE('',#9741);
#9741 = AXIS2_PLACEMENT_3D('',#9742,#9743,#9744);
#9742 = CARTESIAN_POINT('',(16.421191986468,59.815543553291,-15.5));
#9743 = DIRECTION('',(1.,0.,1.110223024625E-16));
#9744 = DIRECTION('',(1.110223024625E-16,0.,-1.));
#9745 = DEFINITIONAL_REPRESENTATION('',(#9746),#9750);
#9746 = LINE('',#9747,#9748);
#9747 = CARTESIAN_POINT('',(-16.,5.674437290451));
#9748 = VECTOR('',#9749,1.);
#9749 = DIRECTION('',(1.,0.));
#9750 = ( GEOMETRIC_REPRESENTATION_CONTEXT(2) 
PARAMETRIC_REPRESENTATION_CONTEXT() REPRESENTATION_CONTEXT('2D SPACE',''
  ) );
#9751 = ORIENTED_EDGE('',*,*,#9752,.F.);
#9752 = EDGE_CURVE('',#9753,#9725,#9755,.T.);
#9753 = VERTEX_POINT('',#9754);
#9754 = CARTESIAN_POINT('',(16.380330856604,65.498408503071,-22.));
#9755 = SURFACE_CURVE('',#9756,(#9761,#9768),.PCURVE_S1.);
#9756 = CIRCLE('',#9757,6.8);
#9757 = AXIS2_PLACEMENT_3D('',#9758,#9759,#9760);
#9758 = CARTESIAN_POINT('',(15.027171189948,58.834403782445,-22.));
#9759 = DIRECTION('',(2.22044604925E-16,0.,-1.));
#9760 = DIRECTION('',(-1.,0.,-2.22044604925E-16));
#9761 = PCURVE('',#9507,#9762);
#9762 = DEFINITIONAL_REPRESENTATION('',(#9763),#9767);
#9763 = LINE('',#9764,#9765);
#9764 = CARTESIAN_POINT('',(6.28318530718,22.5));
#9765 = VECTOR('',#9766,1.);
#9766 = DIRECTION('',(1.,0.));
#9767 = ( GEOMETRIC_REPRESENTATION_CONTEXT(2) 
PARAMETRIC_REPRESENTATION_CONTEXT() REPRESENTATION_CONTEXT('2D SPACE',''
  ) );
#9768 = PCURVE('',#9769,#9774);
#9769 = PLANE('',#9770);
#9770 = AXIS2_PLACEMENT_3D('',#9771,#9772,#9773);
#9771 = CARTESIAN_POINT('',(7.421191986468,59.815543553291,-22.));
#9772 = DIRECTION('',(1.110223024625E-16,0.,-1.));
#9773 = DIRECTION('',(1.,0.,1.110223024625E-16));
#9774 = DEFINITIONAL_REPRESENTATION('',(#9775),#9779);
#9775 = CIRCLE('',#9776,6.8);
#9776 = AXIS2_PLACEMENT_2D('',#9777,#9778);
#9777 = CARTESIAN_POINT('',(7.60597920348,0.981139770846));
#9778 = DIRECTION('',(-1.,-0.));
#9779 = ( GEOMETRIC_REPRESENTATION_CONTEXT(2) 
PARAMETRIC_REPRESENTATION_CONTEXT() REPRESENTATION_CONTEXT('2D SPACE',''
  ) );
#9780 = ORIENTED_EDGE('',*,*,#9781,.T.);
#9781 = EDGE_CURVE('',#9753,#9782,#9784,.T.);
#9782 = VERTEX_POINT('',#9783);
#9783 = CARTESIAN_POINT('',(16.380330856604,65.498408503072,-24.));
#9784 = SURFACE_CURVE('',#9785,(#9789,#9796),.PCURVE_S1.);
#9785 = LINE('',#9786,#9787);
#9786 = CARTESIAN_POINT('',(16.380330856604,65.498408503072,0.5));
#9787 = VECTOR('',#9788,1.);
#9788 = DIRECTION('',(2.22044604925E-16,0.,-1.));
#9789 = PCURVE('',#9507,#9790);
#9790 = DEFINITIONAL_REPRESENTATION('',(#9791),#9795);
#9791 = LINE('',#9792,#9793);
#9792 = CARTESIAN_POINT('',(8.054312987732,1.502309017915E-16));
#9793 = VECTOR('',#9794,1.);
#9794 = DIRECTION('',(0.,1.));
#9795 = ( GEOMETRIC_REPRESENTATION_CONTEXT(2) 
PARAMETRIC_REPRESENTATION_CONTEXT() REPRESENTATION_CONTEXT('2D SPACE',''
  ) );
#9796 = PCURVE('',#9797,#9802);
#9797 = PLANE('',#9798);
#9798 = AXIS2_PLACEMENT_3D('',#9799,#9800,#9801);
#9799 = CARTESIAN_POINT('',(14.496894336681,116.16715658744,-20.));
#9800 = DIRECTION('',(-0.999309852596,-3.714590832131E-02,
    -1.109456807087E-16));
#9801 = DIRECTION('',(1.110223024625E-16,0.,-1.));
#9802 = DEFINITIONAL_REPRESENTATION('',(#9803),#9807);
#9803 = LINE('',#9804,#9805);
#9804 = CARTESIAN_POINT('',(-20.5,50.703741139707));
#9805 = VECTOR('',#9806,1.);
#9806 = DIRECTION('',(1.,4.124024268893E-18));
#9807 = ( GEOMETRIC_REPRESENTATION_CONTEXT(2) 
PARAMETRIC_REPRESENTATION_CONTEXT() REPRESENTATION_CONTEXT('2D SPACE',''
  ) );
#9808 = ORIENTED_EDGE('',*,*,#9809,.F.);
#9809 = EDGE_CURVE('',#9810,#9782,#9812,.T.);
#9810 = VERTEX_POINT('',#9811);
#9811 = CARTESIAN_POINT('',(10.954102435727,64.279595323924,-24.));
#9812 = SURFACE_CURVE('',#9813,(#9818,#9825),.PCURVE_S1.);
#9813 = CIRCLE('',#9814,6.8);
#9814 = AXIS2_PLACEMENT_3D('',#9815,#9816,#9817);
#9815 = CARTESIAN_POINT('',(15.027171189948,58.834403782445,-24.));
#9816 = DIRECTION('',(2.22044604925E-16,0.,-1.));
#9817 = DIRECTION('',(-1.,0.,-2.22044604925E-16));
#9818 = PCURVE('',#9507,#9819);
#9819 = DEFINITIONAL_REPRESENTATION('',(#9820),#9824);
#9820 = LINE('',#9821,#9822);
#9821 = CARTESIAN_POINT('',(0.,24.5));
#9822 = VECTOR('',#9823,1.);
#9823 = DIRECTION('',(1.,0.));
#9824 = ( GEOMETRIC_REPRESENTATION_CONTEXT(2) 
PARAMETRIC_REPRESENTATION_CONTEXT() REPRESENTATION_CONTEXT('2D SPACE',''
  ) );
#9825 = PCURVE('',#9826,#9831);
#9826 = PLANE('',#9827);
#9827 = AXIS2_PLACEMENT_3D('',#9828,#9829,#9830);
#9828 = CARTESIAN_POINT('',(12.954525103328,119.39422766086,-24.));
#9829 = DIRECTION('',(1.110223024625E-16,0.,-1.));
#9830 = DIRECTION('',(-0.656561134073,-0.754272813526,
    -7.289292881217E-17));
#9831 = DEFINITIONAL_REPRESENTATION('',(#9832),#9836);
#9832 = CIRCLE('',#9833,6.8);
#9833 = AXIS2_PLACEMENT_2D('',#9834,#9835);
#9834 = CARTESIAN_POINT('',(44.317809878278,-41.32456724006));
#9835 = DIRECTION('',(0.656561134073,0.754272813526));
#9836 = ( GEOMETRIC_REPRESENTATION_CONTEXT(2) 
PARAMETRIC_REPRESENTATION_CONTEXT() REPRESENTATION_CONTEXT('2D SPACE',''
  ) );
#9837 = ORIENTED_EDGE('',*,*,#9838,.F.);
#9838 = EDGE_CURVE('',#9839,#9810,#9841,.T.);
#9839 = VERTEX_POINT('',#9840);
#9840 = CARTESIAN_POINT('',(10.954102435727,64.279595323924,-22.));
#9841 = SURFACE_CURVE('',#9842,(#9846,#9853),.PCURVE_S1.);
#9842 = LINE('',#9843,#9844);
#9843 = CARTESIAN_POINT('',(10.954102435727,64.279595323924,0.5));
#9844 = VECTOR('',#9845,1.);
#9845 = DIRECTION('',(2.22044604925E-16,0.,-1.));
#9846 = PCURVE('',#9507,#9847);
#9847 = DEFINITIONAL_REPRESENTATION('',(#9848),#9852);
#9848 = LINE('',#9849,#9850);
#9849 = CARTESIAN_POINT('',(7.211754043395,-8.11226133164E-18));
#9850 = VECTOR('',#9851,1.);
#9851 = DIRECTION('',(0.,1.));
#9852 = ( GEOMETRIC_REPRESENTATION_CONTEXT(2) 
PARAMETRIC_REPRESENTATION_CONTEXT() REPRESENTATION_CONTEXT('2D SPACE',''
  ) );
#9853 = PCURVE('',#9854,#9859);
#9854 = PLANE('',#9855);
#9855 = AXIS2_PLACEMENT_3D('',#9856,#9857,#9858);
#9856 = CARTESIAN_POINT('',(16.418086323149,64.482700140737,-20.));
#9857 = DIRECTION('',(3.714590832131E-02,-0.999309852596,
    4.124024268893E-18));
#9858 = DIRECTION('',(-0.999309852596,-3.714590832131E-02,
    -1.109456807087E-16));
#9859 = DEFINITIONAL_REPRESENTATION('',(#9860),#9864);
#9860 = LINE('',#9861,#9862);
#9861 = CARTESIAN_POINT('',(5.46775744603,-20.5));
#9862 = VECTOR('',#9863,1.);
#9863 = DIRECTION('',(-1.109456807087E-16,1.));
#9864 = ( GEOMETRIC_REPRESENTATION_CONTEXT(2) 
PARAMETRIC_REPRESENTATION_CONTEXT() REPRESENTATION_CONTEXT('2D SPACE',''
  ) );
#9865 = ORIENTED_EDGE('',*,*,#9866,.F.);
#9866 = EDGE_CURVE('',#9867,#9839,#9869,.T.);
#9867 = VERTEX_POINT('',#9868);
#9868 = CARTESIAN_POINT('',(8.298325467979,59.815543553291,-22.));
#9869 = SURFACE_CURVE('',#9870,(#9875,#9882),.PCURVE_S1.);
#9870 = CIRCLE('',#9871,6.8);
#9871 = AXIS2_PLACEMENT_3D('',#9872,#9873,#9874);
#9872 = CARTESIAN_POINT('',(15.027171189948,58.834403782445,-22.));
#9873 = DIRECTION('',(2.22044604925E-16,0.,-1.));
#9874 = DIRECTION('',(-1.,0.,-2.22044604925E-16));
#9875 = PCURVE('',#9507,#9876);
#9876 = DEFINITIONAL_REPRESENTATION('',(#9877),#9881);
#9877 = LINE('',#9878,#9879);
#9878 = CARTESIAN_POINT('',(6.28318530718,22.5));
#9879 = VECTOR('',#9880,1.);
#9880 = DIRECTION('',(1.,0.));
#9881 = ( GEOMETRIC_REPRESENTATION_CONTEXT(2) 
PARAMETRIC_REPRESENTATION_CONTEXT() REPRESENTATION_CONTEXT('2D SPACE',''
  ) );
#9882 = PCURVE('',#9883,#9888);
#9883 = PLANE('',#9884);
#9884 = AXIS2_PLACEMENT_3D('',#9885,#9886,#9887);
#9885 = CARTESIAN_POINT('',(7.421191986468,59.815543553291,-22.));
#9886 = DIRECTION('',(1.110223024625E-16,0.,-1.));
#9887 = DIRECTION('',(1.,0.,1.110223024625E-16));
#9888 = DEFINITIONAL_REPRESENTATION('',(#9889),#9893);
#9889 = CIRCLE('',#9890,6.8);
#9890 = AXIS2_PLACEMENT_2D('',#9891,#9892);
#9891 = CARTESIAN_POINT('',(7.60597920348,0.981139770846));
#9892 = DIRECTION('',(-1.,-0.));
#9893 = ( GEOMETRIC_REPRESENTATION_CONTEXT(2) 
PARAMETRIC_REPRESENTATION_CONTEXT() REPRESENTATION_CONTEXT('2D SPACE',''
  ) );
#9894 = ORIENTED_EDGE('',*,*,#9895,.F.);
#9895 = EDGE_CURVE('',#9896,#9867,#9898,.T.);
#9896 = VERTEX_POINT('',#9897);
#9897 = CARTESIAN_POINT('',(8.298325467979,59.815543553291,-18.1));
#9898 = SURFACE_CURVE('',#9899,(#9903,#9910),.PCURVE_S1.);
#9899 = LINE('',#9900,#9901);
#9900 = CARTESIAN_POINT('',(8.298325467979,59.815543553291,0.5));
#9901 = VECTOR('',#9902,1.);
#9902 = DIRECTION('',(2.22044604925E-16,0.,-1.));
#9903 = PCURVE('',#9507,#9904);
#9904 = DEFINITIONAL_REPRESENTATION('',(#9905),#9909);
#9905 = LINE('',#9906,#9907);
#9906 = CARTESIAN_POINT('',(6.427975943976,-2.540697896172E-17));
#9907 = VECTOR('',#9908,1.);
#9908 = DIRECTION('',(0.,1.));
#9909 = ( GEOMETRIC_REPRESENTATION_CONTEXT(2) 
PARAMETRIC_REPRESENTATION_CONTEXT() REPRESENTATION_CONTEXT('2D SPACE',''
  ) );
#9910 = PCURVE('',#9911,#9916);
#9911 = PLANE('',#9912);
#9912 = AXIS2_PLACEMENT_3D('',#9913,#9914,#9915);
#9913 = CARTESIAN_POINT('',(7.421191986468,59.815543553291,-15.5));
#9914 = DIRECTION('',(0.,1.,0.));
#9915 = DIRECTION('',(1.,0.,1.110223024625E-16));
#9916 = DEFINITIONAL_REPRESENTATION('',(#9917),#9921);
#9917 = LINE('',#9918,#9919);
#9918 = CARTESIAN_POINT('',(0.87713348151,-16.));
#9919 = VECTOR('',#9920,1.);
#9920 = DIRECTION('',(1.110223024625E-16,1.));
#9921 = ( GEOMETRIC_REPRESENTATION_CONTEXT(2) 
PARAMETRIC_REPRESENTATION_CONTEXT() REPRESENTATION_CONTEXT('2D SPACE',''
  ) );
#9922 = ORIENTED_EDGE('',*,*,#9923,.F.);
#9923 = EDGE_CURVE('',#9545,#9896,#9924,.T.);
#9924 = SURFACE_CURVE('',#9925,(#9930,#9937),.PCURVE_S1.);
#9925 = CIRCLE('',#9926,6.8);
#9926 = AXIS2_PLACEMENT_3D('',#9927,#9928,#9929);
#9927 = CARTESIAN_POINT('',(15.027171189948,58.834403782445,-18.1));
#9928 = DIRECTION('',(2.22044604925E-16,0.,-1.));
#9929 = DIRECTION('',(-1.,0.,-2.22044604925E-16));
#9930 = PCURVE('',#9507,#9931);
#9931 = DEFINITIONAL_REPRESENTATION('',(#9932),#9936);
#9932 = LINE('',#9933,#9934);
#9933 = CARTESIAN_POINT('',(0.,18.6));
#9934 = VECTOR('',#9935,1.);
#9935 = DIRECTION('',(1.,0.));
#9936 = ( GEOMETRIC_REPRESENTATION_CONTEXT(2) 
PARAMETRIC_REPRESENTATION_CONTEXT() REPRESENTATION_CONTEXT('2D SPACE',''
  ) );
#9937 = PCURVE('',#9661,#9938);
#9938 = DEFINITIONAL_REPRESENTATION('',(#9939),#9943);
#9939 = CIRCLE('',#9940,6.8);
#9940 = AXIS2_PLACEMENT_2D('',#9941,#9942);
#9941 = CARTESIAN_POINT('',(7.5,-76.18187929913));
#9942 = DIRECTION('',(-0.870022185849,-0.493012571981));
#9943 = ( GEOMETRIC_REPRESENTATION_CONTEXT(2) 
PARAMETRIC_REPRESENTATION_CONTEXT() REPRESENTATION_CONTEXT('2D SPACE',''
  ) );
#9944 = ORIENTED_EDGE('',*,*,#9544,.F.);
#9945 = ORIENTED_EDGE('',*,*,#9519,.T.);
#9946 = ADVANCED_FACE('',(#9947),#9478,.F.);
#9947 = FACE_BOUND('',#9948,.F.);
#9948 = EDGE_LOOP('',(#9949,#9950,#9951,#9974,#10002,#10025));
#9949 = ORIENTED_EDGE('',*,*,#9677,.F.);
#9950 = ORIENTED_EDGE('',*,*,#9462,.T.);
#9951 = ORIENTED_EDGE('',*,*,#9952,.F.);
#9952 = EDGE_CURVE('',#9953,#9435,#9955,.T.);
#9953 = VERTEX_POINT('',#9954);
#9954 = CARTESIAN_POINT('',(35.782559307804,36.,-14.));
#9955 = SURFACE_CURVE('',#9956,(#9960,#9967),.PCURVE_S1.);
#9956 = LINE('',#9957,#9958);
#9957 = CARTESIAN_POINT('',(35.782559307804,36.,-5.75));
#9958 = VECTOR('',#9959,1.);
#9959 = DIRECTION('',(-1.110223024625E-16,0.,1.));
#9960 = PCURVE('',#9478,#9961);
#9961 = DEFINITIONAL_REPRESENTATION('',(#9962),#9966);
#9962 = LINE('',#9963,#9964);
#9963 = CARTESIAN_POINT('',(6.25,40.782774129336));
#9964 = VECTOR('',#9965,1.);
#9965 = DIRECTION('',(-1.,0.));
#9966 = ( GEOMETRIC_REPRESENTATION_CONTEXT(2) 
PARAMETRIC_REPRESENTATION_CONTEXT() REPRESENTATION_CONTEXT('2D SPACE',''
  ) );
#9967 = PCURVE('',#9450,#9968);
#9968 = DEFINITIONAL_REPRESENTATION('',(#9969),#9973);
#9969 = LINE('',#9970,#9971);
#9970 = CARTESIAN_POINT('',(1.782559307804,-6.25));
#9971 = VECTOR('',#9972,1.);
#9972 = DIRECTION('',(0.,-1.));
#9973 = ( GEOMETRIC_REPRESENTATION_CONTEXT(2) 
PARAMETRIC_REPRESENTATION_CONTEXT() REPRESENTATION_CONTEXT('2D SPACE',''
  ) );
#9974 = ORIENTED_EDGE('',*,*,#9975,.F.);
#9975 = EDGE_CURVE('',#9976,#9953,#9978,.T.);
#9976 = VERTEX_POINT('',#9977);
#9977 = CARTESIAN_POINT('',(55.888979673823,0.518081707025,-14.));
#9978 = SURFACE_CURVE('',#9979,(#9983,#9990),.PCURVE_S1.);
#9979 = LINE('',#9980,#9981);
#9980 = CARTESIAN_POINT('',(58.058158204036,-3.309880405117,-14.));
#9981 = VECTOR('',#9982,1.);
#9982 = DIRECTION('',(-0.493012571981,0.870022185849,-5.473539088428E-17
    ));
#9983 = PCURVE('',#9478,#9984);
#9984 = DEFINITIONAL_REPRESENTATION('',(#9985),#9989);
#9985 = LINE('',#9986,#9987);
#9986 = CARTESIAN_POINT('',(14.5,-4.399844250418));
#9987 = VECTOR('',#9988,1.);
#9988 = DIRECTION('',(0.,1.));
#9989 = ( GEOMETRIC_REPRESENTATION_CONTEXT(2) 
PARAMETRIC_REPRESENTATION_CONTEXT() REPRESENTATION_CONTEXT('2D SPACE',''
  ) );
#9990 = PCURVE('',#9991,#9996);
#9991 = PLANE('',#9992);
#9992 = AXIS2_PLACEMENT_3D('',#9993,#9994,#9995);
#9993 = CARTESIAN_POINT('',(34.,-22.,-14.));
#9994 = DIRECTION('',(1.110223024625E-16,0.,-1.));
#9995 = DIRECTION('',(1.,0.,1.110223024625E-16));
#9996 = DEFINITIONAL_REPRESENTATION('',(#9997),#10001);
#9997 = LINE('',#9998,#9999);
#9998 = CARTESIAN_POINT('',(24.058158204036,-18.69011959488));
#9999 = VECTOR('',#10000,1.);
#10000 = DIRECTION('',(-0.493012571981,-0.870022185849));
#10001 = ( GEOMETRIC_REPRESENTATION_CONTEXT(2) 
PARAMETRIC_REPRESENTATION_CONTEXT() REPRESENTATION_CONTEXT('2D SPACE',''
  ) );
#10002 = ORIENTED_EDGE('',*,*,#10003,.T.);
#10003 = EDGE_CURVE('',#9976,#10004,#10006,.T.);
#10004 = VERTEX_POINT('',#10005);
#10005 = CARTESIAN_POINT('',(55.888979673823,0.518081707025,-18.1));
#10006 = SURFACE_CURVE('',#10007,(#10011,#10018),.PCURVE_S1.);
#10007 = LINE('',#10008,#10009);
#10008 = CARTESIAN_POINT('',(55.888979673823,0.518081707025,0.5));
#10009 = VECTOR('',#10010,1.);
#10010 = DIRECTION('',(1.110223024625E-16,0.,-1.));
#10011 = PCURVE('',#9478,#10012);
#10012 = DEFINITIONAL_REPRESENTATION('',(#10013),#10017);
#10013 = LINE('',#10014,#10015);
#10014 = CARTESIAN_POINT('',(0.,0.));
#10015 = VECTOR('',#10016,1.);
#10016 = DIRECTION('',(1.,0.));
#10017 = ( GEOMETRIC_REPRESENTATION_CONTEXT(2) 
PARAMETRIC_REPRESENTATION_CONTEXT() REPRESENTATION_CONTEXT('2D SPACE',''
  ) );
#10018 = PCURVE('',#9635,#10019);
#10019 = DEFINITIONAL_REPRESENTATION('',(#10020),#10024);
#10020 = LINE('',#10021,#10022);
#10021 = CARTESIAN_POINT('',(2.626043646131,6.568246906114E-16));
#10022 = VECTOR('',#10023,1.);
#10023 = DIRECTION('',(0.,1.));
#10024 = ( GEOMETRIC_REPRESENTATION_CONTEXT(2) 
PARAMETRIC_REPRESENTATION_CONTEXT() REPRESENTATION_CONTEXT('2D SPACE',''
  ) );
#10025 = ORIENTED_EDGE('',*,*,#10026,.F.);
#10026 = EDGE_CURVE('',#9678,#10004,#10027,.T.);
#10027 = SURFACE_CURVE('',#10028,(#10032,#10039),.PCURVE_S1.);
#10028 = LINE('',#10029,#10030);
#10029 = CARTESIAN_POINT('',(57.195462989572,-1.787477085474,-18.1));
#10030 = VECTOR('',#10031,1.);
#10031 = DIRECTION('',(0.493012571981,-0.870022185849,5.473539088428E-17
    ));
#10032 = PCURVE('',#9478,#10033);
#10033 = DEFINITIONAL_REPRESENTATION('',(#10034),#10038);
#10034 = LINE('',#10035,#10036);
#10035 = CARTESIAN_POINT('',(18.6,-2.65));
#10036 = VECTOR('',#10037,1.);
#10037 = DIRECTION('',(0.,-1.));
#10038 = ( GEOMETRIC_REPRESENTATION_CONTEXT(2) 
PARAMETRIC_REPRESENTATION_CONTEXT() REPRESENTATION_CONTEXT('2D SPACE',''
  ) );
#10039 = PCURVE('',#9661,#10040);
#10040 = DEFINITIONAL_REPRESENTATION('',(#10041),#10045);
#10041 = LINE('',#10042,#10043);
#10042 = CARTESIAN_POINT('',(14.3,-2.65));
#10043 = VECTOR('',#10044,1.);
#10044 = DIRECTION('',(-1.277899225106E-16,1.));
#10045 = ( GEOMETRIC_REPRESENTATION_CONTEXT(2) 
PARAMETRIC_REPRESENTATION_CONTEXT() REPRESENTATION_CONTEXT('2D SPACE',''
  ) );
#10046 = ADVANCED_FACE('',(#10047),#9450,.F.);
#10047 = FACE_BOUND('',#10048,.F.);
#10048 = EDGE_LOOP('',(#10049,#10072,#10073,#10074));
#10049 = ORIENTED_EDGE('',*,*,#10050,.F.);
#10050 = EDGE_CURVE('',#9953,#10051,#10053,.T.);
#10051 = VERTEX_POINT('',#10052);
#10052 = CARTESIAN_POINT('',(36.58713649145,36.,-14.));
#10053 = SURFACE_CURVE('',#10054,(#10058,#10065),.PCURVE_S1.);
#10054 = LINE('',#10055,#10056);
#10055 = CARTESIAN_POINT('',(34.,36.,-14.));
#10056 = VECTOR('',#10057,1.);
#10057 = DIRECTION('',(1.,0.,1.110223024625E-16));
#10058 = PCURVE('',#9450,#10059);
#10059 = DEFINITIONAL_REPRESENTATION('',(#10060),#10064);
#10060 = LINE('',#10061,#10062);
#10061 = CARTESIAN_POINT('',(-2.22044604925E-16,2.));
#10062 = VECTOR('',#10063,1.);
#10063 = DIRECTION('',(1.,0.));
#10064 = ( GEOMETRIC_REPRESENTATION_CONTEXT(2) 
PARAMETRIC_REPRESENTATION_CONTEXT() REPRESENTATION_CONTEXT('2D SPACE',''
  ) );
#10065 = PCURVE('',#9991,#10066);
#10066 = DEFINITIONAL_REPRESENTATION('',(#10067),#10071);
#10067 = LINE('',#10068,#10069);
#10068 = CARTESIAN_POINT('',(0.,-58.));
#10069 = VECTOR('',#10070,1.);
#10070 = DIRECTION('',(1.,0.));
#10071 = ( GEOMETRIC_REPRESENTATION_CONTEXT(2) 
PARAMETRIC_REPRESENTATION_CONTEXT() REPRESENTATION_CONTEXT('2D SPACE',''
  ) );
#10072 = ORIENTED_EDGE('',*,*,#9952,.T.);
#10073 = ORIENTED_EDGE('',*,*,#9434,.T.);
#10074 = ORIENTED_EDGE('',*,*,#10075,.F.);
#10075 = EDGE_CURVE('',#10051,#9407,#10076,.T.);
#10076 = SURFACE_CURVE('',#10077,(#10081,#10088),.PCURVE_S1.);
#10077 = LINE('',#10078,#10079);
#10078 = CARTESIAN_POINT('',(36.58713649145,36.,-12.45));
#10079 = VECTOR('',#10080,1.);
#10080 = DIRECTION('',(-1.110223024625E-16,0.,1.));
#10081 = PCURVE('',#9450,#10082);
#10082 = DEFINITIONAL_REPRESENTATION('',(#10083),#10087);
#10083 = LINE('',#10084,#10085);
#10084 = CARTESIAN_POINT('',(2.58713649145,0.45));
#10085 = VECTOR('',#10086,1.);
#10086 = DIRECTION('',(0.,-1.));
#10087 = ( GEOMETRIC_REPRESENTATION_CONTEXT(2) 
PARAMETRIC_REPRESENTATION_CONTEXT() REPRESENTATION_CONTEXT('2D SPACE',''
  ) );
#10088 = PCURVE('',#9422,#10089);
#10089 = DEFINITIONAL_REPRESENTATION('',(#10090),#10094);
#10090 = LINE('',#10091,#10092);
#10091 = CARTESIAN_POINT('',(-0.45,45.686107462669));
#10092 = VECTOR('',#10093,1.);
#10093 = DIRECTION('',(-1.,0.));
#10094 = ( GEOMETRIC_REPRESENTATION_CONTEXT(2) 
PARAMETRIC_REPRESENTATION_CONTEXT() REPRESENTATION_CONTEXT('2D SPACE',''
  ) );
#10095 = ADVANCED_FACE('',(#10096),#9422,.T.);
#10096 = FACE_BOUND('',#10097,.T.);
#10097 = EDGE_LOOP('',(#10098,#10099,#10100,#10123,#10151,#10174));
#10098 = ORIENTED_EDGE('',*,*,#9406,.F.);
#10099 = ORIENTED_EDGE('',*,*,#10075,.F.);
#10100 = ORIENTED_EDGE('',*,*,#10101,.F.);
#10101 = EDGE_CURVE('',#10102,#10051,#10104,.T.);
#10102 = VERTEX_POINT('',#10103);
#10103 = CARTESIAN_POINT('',(59.110961835415,-3.747927077586,-14.));
#10104 = SURFACE_CURVE('',#10105,(#10109,#10116),.PCURVE_S1.);
#10105 = LINE('',#10106,#10107);
#10106 = CARTESIAN_POINT('',(59.97365704988,-5.270330397229,-14.));
#10107 = VECTOR('',#10108,1.);
#10108 = DIRECTION('',(-0.493012571981,0.870022185849,
    -5.473539088428E-17));
#10109 = PCURVE('',#9422,#10110);
#10110 = DEFINITIONAL_REPRESENTATION('',(#10111),#10115);
#10111 = LINE('',#10112,#10113);
#10112 = CARTESIAN_POINT('',(1.1,-1.749844250418));
#10113 = VECTOR('',#10114,1.);
#10114 = DIRECTION('',(0.,1.));
#10115 = ( GEOMETRIC_REPRESENTATION_CONTEXT(2) 
PARAMETRIC_REPRESENTATION_CONTEXT() REPRESENTATION_CONTEXT('2D SPACE',''
  ) );
#10116 = PCURVE('',#9991,#10117);
#10117 = DEFINITIONAL_REPRESENTATION('',(#10118),#10122);
#10118 = LINE('',#10119,#10120);
#10119 = CARTESIAN_POINT('',(25.97365704988,-16.72966960277));
#10120 = VECTOR('',#10121,1.);
#10121 = DIRECTION('',(-0.493012571981,-0.870022185849));
#10122 = ( GEOMETRIC_REPRESENTATION_CONTEXT(2) 
PARAMETRIC_REPRESENTATION_CONTEXT() REPRESENTATION_CONTEXT('2D SPACE',''
  ) );
#10123 = ORIENTED_EDGE('',*,*,#10124,.T.);
#10124 = EDGE_CURVE('',#10102,#10125,#10127,.T.);
#10125 = VERTEX_POINT('',#10126);
#10126 = CARTESIAN_POINT('',(59.110961835415,-3.747927077586,-18.1));
#10127 = SURFACE_CURVE('',#10128,(#10132,#10139),.PCURVE_S1.);
#10128 = LINE('',#10129,#10130);
#10129 = CARTESIAN_POINT('',(59.110961835415,-3.747927077586,-12.9));
#10130 = VECTOR('',#10131,1.);
#10131 = DIRECTION('',(1.110223024625E-16,0.,-1.));
#10132 = PCURVE('',#9422,#10133);
#10133 = DEFINITIONAL_REPRESENTATION('',(#10134),#10138);
#10134 = LINE('',#10135,#10136);
#10135 = CARTESIAN_POINT('',(0.,0.));
#10136 = VECTOR('',#10137,1.);
#10137 = DIRECTION('',(1.,0.));
#10138 = ( GEOMETRIC_REPRESENTATION_CONTEXT(2) 
PARAMETRIC_REPRESENTATION_CONTEXT() REPRESENTATION_CONTEXT('2D SPACE',''
  ) );
#10139 = PCURVE('',#10140,#10145);
#10140 = CYLINDRICAL_SURFACE('',#10141,7.5);
#10141 = AXIS2_PLACEMENT_3D('',#10142,#10143,#10144);
#10142 = CARTESIAN_POINT('',(52.585795441551,-7.445521367442,-12.9));
#10143 = DIRECTION('',(2.22044604925E-16,0.,-1.));
#10144 = DIRECTION('',(-1.,0.,-2.22044604925E-16));
#10145 = DEFINITIONAL_REPRESENTATION('',(#10146),#10150);
#10146 = LINE('',#10147,#10148);
#10147 = CARTESIAN_POINT('',(2.626043646131,7.244389969979E-16));
#10148 = VECTOR('',#10149,1.);
#10149 = DIRECTION('',(0.,1.));
#10150 = ( GEOMETRIC_REPRESENTATION_CONTEXT(2) 
PARAMETRIC_REPRESENTATION_CONTEXT() REPRESENTATION_CONTEXT('2D SPACE',''
  ) );
#10151 = ORIENTED_EDGE('',*,*,#10152,.T.);
#10152 = EDGE_CURVE('',#10125,#10153,#10155,.T.);
#10153 = VERTEX_POINT('',#10154);
#10154 = CARTESIAN_POINT('',(18.939370952314,67.143115657299,-18.1));
#10155 = SURFACE_CURVE('',#10156,(#10160,#10167),.PCURVE_S1.);
#10156 = LINE('',#10157,#10158);
#10157 = CARTESIAN_POINT('',(59.110961835415,-3.747927077586,-18.1));
#10158 = VECTOR('',#10159,1.);
#10159 = DIRECTION('',(-0.493012571981,0.870022185849,
    -5.473539088428E-17));
#10160 = PCURVE('',#9422,#10161);
#10161 = DEFINITIONAL_REPRESENTATION('',(#10162),#10166);
#10162 = LINE('',#10163,#10164);
#10163 = CARTESIAN_POINT('',(5.2,2.846240325983E-16));
#10164 = VECTOR('',#10165,1.);
#10165 = DIRECTION('',(0.,1.));
#10166 = ( GEOMETRIC_REPRESENTATION_CONTEXT(2) 
PARAMETRIC_REPRESENTATION_CONTEXT() REPRESENTATION_CONTEXT('2D SPACE',''
  ) );
#10167 = PCURVE('',#9661,#10168);
#10168 = DEFINITIONAL_REPRESENTATION('',(#10169),#10173);
#10169 = LINE('',#10170,#10171);
#10170 = CARTESIAN_POINT('',(15.,3.163492213423E-15));
#10171 = VECTOR('',#10172,1.);
#10172 = DIRECTION('',(2.398283814618E-17,-1.));
#10173 = ( GEOMETRIC_REPRESENTATION_CONTEXT(2) 
PARAMETRIC_REPRESENTATION_CONTEXT() REPRESENTATION_CONTEXT('2D SPACE',''
  ) );
#10174 = ORIENTED_EDGE('',*,*,#10175,.F.);
#10175 = EDGE_CURVE('',#9374,#10153,#10176,.T.);
#10176 = SURFACE_CURVE('',#10177,(#10181,#10188),.PCURVE_S1.);
#10177 = LINE('',#10178,#10179);
#10178 = CARTESIAN_POINT('',(18.939370952314,67.143115657299,-12.9));
#10179 = VECTOR('',#10180,1.);
#10180 = DIRECTION('',(1.110223024625E-16,0.,-1.));
#10181 = PCURVE('',#9422,#10182);
#10182 = DEFINITIONAL_REPRESENTATION('',(#10183),#10187);
#10183 = LINE('',#10184,#10185);
#10184 = CARTESIAN_POINT('',(2.645484844177E-15,81.481879299133));
#10185 = VECTOR('',#10186,1.);
#10186 = DIRECTION('',(1.,0.));
#10187 = ( GEOMETRIC_REPRESENTATION_CONTEXT(2) 
PARAMETRIC_REPRESENTATION_CONTEXT() REPRESENTATION_CONTEXT('2D SPACE',''
  ) );
#10188 = PCURVE('',#9394,#10189);
#10189 = DEFINITIONAL_REPRESENTATION('',(#10190),#10194);
#10190 = LINE('',#10191,#10192);
#10191 = CARTESIAN_POINT('',(8.90922895331,7.244389969979E-16));
#10192 = VECTOR('',#10193,1.);
#10193 = DIRECTION('',(0.,1.));
#10194 = ( GEOMETRIC_REPRESENTATION_CONTEXT(2) 
PARAMETRIC_REPRESENTATION_CONTEXT() REPRESENTATION_CONTEXT('2D SPACE',''
  ) );
#10195 = ADVANCED_FACE('',(#10196),#9394,.T.);
#10196 = FACE_BOUND('',#10197,.T.);
#10197 = EDGE_LOOP('',(#10198,#10199,#10200,#10228));
#10198 = ORIENTED_EDGE('',*,*,#9373,.F.);
#10199 = ORIENTED_EDGE('',*,*,#10175,.T.);
#10200 = ORIENTED_EDGE('',*,*,#10201,.T.);
#10201 = EDGE_CURVE('',#10153,#10202,#10204,.T.);
#10202 = VERTEX_POINT('',#10203);
#10203 = CARTESIAN_POINT('',(6.,67.332419858832,-18.1));
#10204 = SURFACE_CURVE('',#10205,(#10210,#10217),.PCURVE_S1.);
#10205 = CIRCLE('',#10206,7.5);
#10206 = AXIS2_PLACEMENT_3D('',#10207,#10208,#10209);
#10207 = CARTESIAN_POINT('',(12.414204558449,63.445521367442,-18.1));
#10208 = DIRECTION('',(-1.110223024625E-16,4.919498050706E-34,1.));
#10209 = DIRECTION('',(0.870022185849,0.493012571981,9.659186626638E-17)
  );
#10210 = PCURVE('',#9394,#10211);
#10211 = DEFINITIONAL_REPRESENTATION('',(#10212),#10216);
#10212 = LINE('',#10213,#10214);
#10213 = CARTESIAN_POINT('',(8.90922895331,5.2));
#10214 = VECTOR('',#10215,1.);
#10215 = DIRECTION('',(-1.,-0.));
#10216 = ( GEOMETRIC_REPRESENTATION_CONTEXT(2) 
PARAMETRIC_REPRESENTATION_CONTEXT() REPRESENTATION_CONTEXT('2D SPACE',''
  ) );
#10217 = PCURVE('',#9661,#10218);
#10218 = DEFINITIONAL_REPRESENTATION('',(#10219),#10227);
#10219 = ( BOUNDED_CURVE() B_SPLINE_CURVE(2,(#10220,#10221,#10222,#10223
    ,#10224,#10225,#10226),.UNSPECIFIED.,.T.,.F.) 
B_SPLINE_CURVE_WITH_KNOTS((1,2,2,2,2,1),(-2.094395102393,0.,
    2.094395102393,4.188790204786,6.28318530718,8.377580409573),
.UNSPECIFIED.) CURVE() GEOMETRIC_REPRESENTATION_ITEM() 
RATIONAL_B_SPLINE_CURVE((1.,0.5,1.,0.5,1.,0.5,1.)) REPRESENTATION_ITEM(
  '') );
#10220 = CARTESIAN_POINT('',(15.,-81.48187929913));
#10221 = CARTESIAN_POINT('',(15.,-94.4722603559));
#10222 = CARTESIAN_POINT('',(3.75,-87.97706982751));
#10223 = CARTESIAN_POINT('',(-7.5,-81.48187929913));
#10224 = CARTESIAN_POINT('',(3.75,-74.98668877075));
#10225 = CARTESIAN_POINT('',(15.,-68.49149824236));
#10226 = CARTESIAN_POINT('',(15.,-81.48187929913));
#10227 = ( GEOMETRIC_REPRESENTATION_CONTEXT(2) 
PARAMETRIC_REPRESENTATION_CONTEXT() REPRESENTATION_CONTEXT('2D SPACE',''
  ) );
#10228 = ORIENTED_EDGE('',*,*,#10229,.F.);
#10229 = EDGE_CURVE('',#9346,#10202,#10230,.T.);
#10230 = SURFACE_CURVE('',#10231,(#10235,#10242),.PCURVE_S1.);
#10231 = LINE('',#10232,#10233);
#10232 = CARTESIAN_POINT('',(6.,67.332419858832,-12.9));
#10233 = VECTOR('',#10234,1.);
#10234 = DIRECTION('',(2.22044604925E-16,0.,-1.));
#10235 = PCURVE('',#9394,#10236);
#10236 = DEFINITIONAL_REPRESENTATION('',(#10237),#10241);
#10237 = LINE('',#10238,#10239);
#10238 = CARTESIAN_POINT('',(6.82799241347,-7.121197585446E-16));
#10239 = VECTOR('',#10240,1.);
#10240 = DIRECTION('',(0.,1.));
#10241 = ( GEOMETRIC_REPRESENTATION_CONTEXT(2) 
PARAMETRIC_REPRESENTATION_CONTEXT() REPRESENTATION_CONTEXT('2D SPACE',''
  ) );
#10242 = PCURVE('',#9361,#10243);
#10243 = DEFINITIONAL_REPRESENTATION('',(#10244),#10248);
#10244 = LINE('',#10245,#10246);
#10245 = CARTESIAN_POINT('',(52.9,252.33241985883));
#10246 = VECTOR('',#10247,1.);
#10247 = DIRECTION('',(1.,0.));
#10248 = ( GEOMETRIC_REPRESENTATION_CONTEXT(2) 
PARAMETRIC_REPRESENTATION_CONTEXT() REPRESENTATION_CONTEXT('2D SPACE',''
  ) );
#10249 = ADVANCED_FACE('',(#10250),#9361,.F.);
#10250 = FACE_BOUND('',#10251,.F.);
#10251 = EDGE_LOOP('',(#10252,#10253,#10254,#10277));
#10252 = ORIENTED_EDGE('',*,*,#10229,.F.);
#10253 = ORIENTED_EDGE('',*,*,#9345,.T.);
#10254 = ORIENTED_EDGE('',*,*,#10255,.T.);
#10255 = EDGE_CURVE('',#9318,#10256,#10258,.T.);
#10256 = VERTEX_POINT('',#10257);
#10257 = CARTESIAN_POINT('',(6.,59.552112073912,-18.1));
#10258 = SURFACE_CURVE('',#10259,(#10263,#10270),.PCURVE_S1.);
#10259 = LINE('',#10260,#10261);
#10260 = CARTESIAN_POINT('',(6.,59.552112073912,13.55));
#10261 = VECTOR('',#10262,1.);
#10262 = DIRECTION('',(1.110223024625E-16,0.,-1.));
#10263 = PCURVE('',#9361,#10264);
#10264 = DEFINITIONAL_REPRESENTATION('',(#10265),#10269);
#10265 = LINE('',#10266,#10267);
#10266 = CARTESIAN_POINT('',(26.45,244.55211207391));
#10267 = VECTOR('',#10268,1.);
#10268 = DIRECTION('',(1.,0.));
#10269 = ( GEOMETRIC_REPRESENTATION_CONTEXT(2) 
PARAMETRIC_REPRESENTATION_CONTEXT() REPRESENTATION_CONTEXT('2D SPACE',''
  ) );
#10270 = PCURVE('',#9333,#10271);
#10271 = DEFINITIONAL_REPRESENTATION('',(#10272),#10276);
#10272 = LINE('',#10273,#10274);
#10273 = CARTESIAN_POINT('',(-26.45,81.256810321745));
#10274 = VECTOR('',#10275,1.);
#10275 = DIRECTION('',(1.,0.));
#10276 = ( GEOMETRIC_REPRESENTATION_CONTEXT(2) 
PARAMETRIC_REPRESENTATION_CONTEXT() REPRESENTATION_CONTEXT('2D SPACE',''
  ) );
#10277 = ORIENTED_EDGE('',*,*,#10278,.F.);
#10278 = EDGE_CURVE('',#10202,#10256,#10279,.T.);
#10279 = SURFACE_CURVE('',#10280,(#10284,#10291),.PCURVE_S1.);
#10280 = LINE('',#10281,#10282);
#10281 = CARTESIAN_POINT('',(6.,-98.07155782865,-18.1));
#10282 = VECTOR('',#10283,1.);
#10283 = DIRECTION('',(0.,-1.,0.));
#10284 = PCURVE('',#9361,#10285);
#10285 = DEFINITIONAL_REPRESENTATION('',(#10286),#10290);
#10286 = LINE('',#10287,#10288);
#10287 = CARTESIAN_POINT('',(58.1,86.92844217135));
#10288 = VECTOR('',#10289,1.);
#10289 = DIRECTION('',(0.,-1.));
#10290 = ( GEOMETRIC_REPRESENTATION_CONTEXT(2) 
PARAMETRIC_REPRESENTATION_CONTEXT() REPRESENTATION_CONTEXT('2D SPACE',''
  ) );
#10291 = PCURVE('',#9661,#10292);
#10292 = DEFINITIONAL_REPRESENTATION('',(#10293),#10297);
#10293 = LINE('',#10294,#10295);
#10294 = CARTESIAN_POINT('',(-77.71045090372,55.879279508361));
#10295 = VECTOR('',#10296,1.);
#10296 = DIRECTION('',(-0.493012571981,0.870022185849));
#10297 = ( GEOMETRIC_REPRESENTATION_CONTEXT(2) 
PARAMETRIC_REPRESENTATION_CONTEXT() REPRESENTATION_CONTEXT('2D SPACE',''
  ) );
#10298 = ADVANCED_FACE('',(#10299),#9333,.F.);
#10299 = FACE_BOUND('',#10300,.F.);
#10300 = EDGE_LOOP('',(#10301,#10302,#10325,#10348,#10371,#10392));
#10301 = ORIENTED_EDGE('',*,*,#9317,.F.);
#10302 = ORIENTED_EDGE('',*,*,#10303,.T.);
#10303 = EDGE_CURVE('',#9290,#10304,#10306,.T.);
#10304 = VERTEX_POINT('',#10305);
#10305 = CARTESIAN_POINT('',(34.,10.140347368029,-14.));
#10306 = SURFACE_CURVE('',#10307,(#10311,#10318),.PCURVE_S1.);
#10307 = LINE('',#10308,#10309);
#10308 = CARTESIAN_POINT('',(34.,10.140347368029,-12.45));
#10309 = VECTOR('',#10310,1.);
#10310 = DIRECTION('',(1.110223024625E-16,0.,-1.));
#10311 = PCURVE('',#9333,#10312);
#10312 = DEFINITIONAL_REPRESENTATION('',(#10313),#10317);
#10313 = LINE('',#10314,#10315);
#10314 = CARTESIAN_POINT('',(-0.45,24.463126770231));
#10315 = VECTOR('',#10316,1.);
#10316 = DIRECTION('',(1.,0.));
#10317 = ( GEOMETRIC_REPRESENTATION_CONTEXT(2) 
PARAMETRIC_REPRESENTATION_CONTEXT() REPRESENTATION_CONTEXT('2D SPACE',''
  ) );
#10318 = PCURVE('',#9305,#10319);
#10319 = DEFINITIONAL_REPRESENTATION('',(#10320),#10324);
#10320 = LINE('',#10321,#10322);
#10321 = CARTESIAN_POINT('',(0.45,32.140347368029));
#10322 = VECTOR('',#10323,1.);
#10323 = DIRECTION('',(1.,0.));
#10324 = ( GEOMETRIC_REPRESENTATION_CONTEXT(2) 
PARAMETRIC_REPRESENTATION_CONTEXT() REPRESENTATION_CONTEXT('2D SPACE',''
  ) );
#10325 = ORIENTED_EDGE('',*,*,#10326,.F.);
#10326 = EDGE_CURVE('',#10327,#10304,#10329,.T.);
#10327 = VERTEX_POINT('',#10328);
#10328 = CARTESIAN_POINT('',(46.060629047686,-11.14311565729,-14.));
#10329 = SURFACE_CURVE('',#10330,(#10334,#10341),.PCURVE_S1.);
#10330 = LINE('',#10331,#10332);
#10331 = CARTESIAN_POINT('',(46.92332426215,-12.66551897694,-14.));
#10332 = VECTOR('',#10333,1.);
#10333 = DIRECTION('',(-0.493012571981,0.870022185849,
    -5.473539088428E-17));
#10334 = PCURVE('',#9333,#10335);
#10335 = DEFINITIONAL_REPRESENTATION('',(#10336),#10340);
#10336 = LINE('',#10337,#10338);
#10337 = CARTESIAN_POINT('',(1.1,-1.749844250418));
#10338 = VECTOR('',#10339,1.);
#10339 = DIRECTION('',(0.,1.));
#10340 = ( GEOMETRIC_REPRESENTATION_CONTEXT(2) 
PARAMETRIC_REPRESENTATION_CONTEXT() REPRESENTATION_CONTEXT('2D SPACE',''
  ) );
#10341 = PCURVE('',#9607,#10342);
#10342 = DEFINITIONAL_REPRESENTATION('',(#10343),#10347);
#10343 = LINE('',#10344,#10345);
#10344 = CARTESIAN_POINT('',(12.92332426215,-9.334481023058));
#10345 = VECTOR('',#10346,1.);
#10346 = DIRECTION('',(-0.493012571981,-0.870022185849));
#10347 = ( GEOMETRIC_REPRESENTATION_CONTEXT(2) 
PARAMETRIC_REPRESENTATION_CONTEXT() REPRESENTATION_CONTEXT('2D SPACE',''
  ) );
#10348 = ORIENTED_EDGE('',*,*,#10349,.T.);
#10349 = EDGE_CURVE('',#10327,#10350,#10352,.T.);
#10350 = VERTEX_POINT('',#10351);
#10351 = CARTESIAN_POINT('',(46.060629047686,-11.14311565729,-18.1));
#10352 = SURFACE_CURVE('',#10353,(#10357,#10364),.PCURVE_S1.);
#10353 = LINE('',#10354,#10355);
#10354 = CARTESIAN_POINT('',(46.060629047686,-11.14311565729,-12.9));
#10355 = VECTOR('',#10356,1.);
#10356 = DIRECTION('',(1.110223024625E-16,0.,-1.));
#10357 = PCURVE('',#9333,#10358);
#10358 = DEFINITIONAL_REPRESENTATION('',(#10359),#10363);
#10359 = LINE('',#10360,#10361);
#10360 = CARTESIAN_POINT('',(0.,0.));
#10361 = VECTOR('',#10362,1.);
#10362 = DIRECTION('',(1.,0.));
#10363 = ( GEOMETRIC_REPRESENTATION_CONTEXT(2) 
PARAMETRIC_REPRESENTATION_CONTEXT() REPRESENTATION_CONTEXT('2D SPACE',''
  ) );
#10364 = PCURVE('',#10140,#10365);
#10365 = DEFINITIONAL_REPRESENTATION('',(#10366),#10370);
#10366 = LINE('',#10367,#10368);
#10367 = CARTESIAN_POINT('',(5.767636299721,-7.244389969979E-16));
#10368 = VECTOR('',#10369,1.);
#10369 = DIRECTION('',(0.,1.));
#10370 = ( GEOMETRIC_REPRESENTATION_CONTEXT(2) 
PARAMETRIC_REPRESENTATION_CONTEXT() REPRESENTATION_CONTEXT('2D SPACE',''
  ) );
#10371 = ORIENTED_EDGE('',*,*,#10372,.T.);
#10372 = EDGE_CURVE('',#10350,#10256,#10373,.T.);
#10373 = SURFACE_CURVE('',#10374,(#10378,#10385),.PCURVE_S1.);
#10374 = LINE('',#10375,#10376);
#10375 = CARTESIAN_POINT('',(46.060629047686,-11.14311565729,-18.1));
#10376 = VECTOR('',#10377,1.);
#10377 = DIRECTION('',(-0.493012571981,0.870022185849,
    -5.473539088428E-17));
#10378 = PCURVE('',#9333,#10379);
#10379 = DEFINITIONAL_REPRESENTATION('',(#10380),#10384);
#10380 = LINE('',#10381,#10382);
#10381 = CARTESIAN_POINT('',(5.2,4.77807765131E-16));
#10382 = VECTOR('',#10383,1.);
#10383 = DIRECTION('',(0.,1.));
#10384 = ( GEOMETRIC_REPRESENTATION_CONTEXT(2) 
PARAMETRIC_REPRESENTATION_CONTEXT() REPRESENTATION_CONTEXT('2D SPACE',''
  ) );
#10385 = PCURVE('',#9661,#10386);
#10386 = DEFINITIONAL_REPRESENTATION('',(#10387),#10391);
#10387 = LINE('',#10388,#10389);
#10388 = CARTESIAN_POINT('',(0.,0.));
#10389 = VECTOR('',#10390,1.);
#10390 = DIRECTION('',(2.398283814618E-17,-1.));
#10391 = ( GEOMETRIC_REPRESENTATION_CONTEXT(2) 
PARAMETRIC_REPRESENTATION_CONTEXT() REPRESENTATION_CONTEXT('2D SPACE',''
  ) );
#10392 = ORIENTED_EDGE('',*,*,#10255,.F.);
#10393 = ADVANCED_FACE('',(#10394),#9305,.T.);
#10394 = FACE_BOUND('',#10395,.T.);
#10395 = EDGE_LOOP('',(#10396,#10417,#10418,#10419));
#10396 = ORIENTED_EDGE('',*,*,#10397,.T.);
#10397 = EDGE_CURVE('',#10304,#9569,#10398,.T.);
#10398 = SURFACE_CURVE('',#10399,(#10403,#10410),.PCURVE_S1.);
#10399 = LINE('',#10400,#10401);
#10400 = CARTESIAN_POINT('',(34.,-22.,-14.));
#10401 = VECTOR('',#10402,1.);
#10402 = DIRECTION('',(0.,1.,0.));
#10403 = PCURVE('',#9305,#10404);
#10404 = DEFINITIONAL_REPRESENTATION('',(#10405),#10409);
#10405 = LINE('',#10406,#10407);
#10406 = CARTESIAN_POINT('',(2.,0.));
#10407 = VECTOR('',#10408,1.);
#10408 = DIRECTION('',(0.,1.));
#10409 = ( GEOMETRIC_REPRESENTATION_CONTEXT(2) 
PARAMETRIC_REPRESENTATION_CONTEXT() REPRESENTATION_CONTEXT('2D SPACE',''
  ) );
#10410 = PCURVE('',#9607,#10411);
#10411 = DEFINITIONAL_REPRESENTATION('',(#10412),#10416);
#10412 = LINE('',#10413,#10414);
#10413 = CARTESIAN_POINT('',(0.,0.));
#10414 = VECTOR('',#10415,1.);
#10415 = DIRECTION('',(0.,-1.));
#10416 = ( GEOMETRIC_REPRESENTATION_CONTEXT(2) 
PARAMETRIC_REPRESENTATION_CONTEXT() REPRESENTATION_CONTEXT('2D SPACE',''
  ) );
#10417 = ORIENTED_EDGE('',*,*,#9568,.F.);
#10418 = ORIENTED_EDGE('',*,*,#9289,.T.);
#10419 = ORIENTED_EDGE('',*,*,#10303,.T.);
#10420 = ADVANCED_FACE('',(#10421,#10449),#9661,.T.);
#10421 = FACE_BOUND('',#10422,.T.);
#10422 = EDGE_LOOP('',(#10423,#10445,#10446,#10447,#10448));
#10423 = ORIENTED_EDGE('',*,*,#10424,.T.);
#10424 = EDGE_CURVE('',#10125,#10350,#10425,.T.);
#10425 = SURFACE_CURVE('',#10426,(#10431,#10438),.PCURVE_S1.);
#10426 = CIRCLE('',#10427,7.5);
#10427 = AXIS2_PLACEMENT_3D('',#10428,#10429,#10430);
#10428 = CARTESIAN_POINT('',(52.585795441551,-7.445521367442,-18.1));
#10429 = DIRECTION('',(2.22044604925E-16,0.,-1.));
#10430 = DIRECTION('',(-1.,0.,-2.22044604925E-16));
#10431 = PCURVE('',#9661,#10432);
#10432 = DEFINITIONAL_REPRESENTATION('',(#10433),#10437);
#10433 = CIRCLE('',#10434,7.5);
#10434 = AXIS2_PLACEMENT_2D('',#10435,#10436);
#10435 = CARTESIAN_POINT('',(7.5,2.494784771612E-16));
#10436 = DIRECTION('',(-0.870022185849,-0.493012571981));
#10437 = ( GEOMETRIC_REPRESENTATION_CONTEXT(2) 
PARAMETRIC_REPRESENTATION_CONTEXT() REPRESENTATION_CONTEXT('2D SPACE',''
  ) );
#10438 = PCURVE('',#10140,#10439);
#10439 = DEFINITIONAL_REPRESENTATION('',(#10440),#10444);
#10440 = LINE('',#10441,#10442);
#10441 = CARTESIAN_POINT('',(0.,5.2));
#10442 = VECTOR('',#10443,1.);
#10443 = DIRECTION('',(1.,0.));
#10444 = ( GEOMETRIC_REPRESENTATION_CONTEXT(2) 
PARAMETRIC_REPRESENTATION_CONTEXT() REPRESENTATION_CONTEXT('2D SPACE',''
  ) );
#10445 = ORIENTED_EDGE('',*,*,#10372,.T.);
#10446 = ORIENTED_EDGE('',*,*,#10278,.F.);
#10447 = ORIENTED_EDGE('',*,*,#10201,.F.);
#10448 = ORIENTED_EDGE('',*,*,#10152,.F.);
#10449 = FACE_BOUND('',#10450,.T.);
#10450 = EDGE_LOOP('',(#10451,#10474,#10475,#10476,#10500,#10528,#10556,
    #10584,#10612,#10634,#10635,#10636,#10659,#10687));
#10451 = ORIENTED_EDGE('',*,*,#10452,.T.);
#10452 = EDGE_CURVE('',#10453,#9896,#10455,.T.);
#10453 = VERTEX_POINT('',#10454);
#10454 = CARTESIAN_POINT('',(7.421191986468,59.815543553291,-18.1));
#10455 = SURFACE_CURVE('',#10456,(#10460,#10467),.PCURVE_S1.);
#10456 = LINE('',#10457,#10458);
#10457 = CARTESIAN_POINT('',(26.740910517077,59.815543553291,-18.1));
#10458 = VECTOR('',#10459,1.);
#10459 = DIRECTION('',(1.,0.,1.110223024625E-16));
#10460 = PCURVE('',#9661,#10461);
#10461 = DEFINITIONAL_REPRESENTATION('',(#10462),#10466);
#10462 = LINE('',#10463,#10464);
#10463 = CARTESIAN_POINT('',(18.174927335748,-71.260471914));
#10464 = VECTOR('',#10465,1.);
#10465 = DIRECTION('',(0.870022185849,0.493012571981));
#10466 = ( GEOMETRIC_REPRESENTATION_CONTEXT(2) 
PARAMETRIC_REPRESENTATION_CONTEXT() REPRESENTATION_CONTEXT('2D SPACE',''
  ) );
#10467 = PCURVE('',#9911,#10468);
#10468 = DEFINITIONAL_REPRESENTATION('',(#10469),#10473);
#10469 = LINE('',#10470,#10471);
#10470 = CARTESIAN_POINT('',(19.319718530609,2.6));
#10471 = VECTOR('',#10472,1.);
#10472 = DIRECTION('',(1.,0.));
#10473 = ( GEOMETRIC_REPRESENTATION_CONTEXT(2) 
PARAMETRIC_REPRESENTATION_CONTEXT() REPRESENTATION_CONTEXT('2D SPACE',''
  ) );
#10474 = ORIENTED_EDGE('',*,*,#9923,.F.);
#10475 = ORIENTED_EDGE('',*,*,#9647,.T.);
#10476 = ORIENTED_EDGE('',*,*,#10477,.F.);
#10477 = EDGE_CURVE('',#10478,#9620,#10480,.T.);
#10478 = VERTEX_POINT('',#10479);
#10479 = CARTESIAN_POINT('',(48.578808013532,-9.489980843742,-18.1));
#10480 = SURFACE_CURVE('',#10481,(#10486,#10493),.PCURVE_S1.);
#10481 = CIRCLE('',#10482,6.8);
#10482 = AXIS2_PLACEMENT_3D('',#10483,#10484,#10485);
#10483 = CARTESIAN_POINT('',(49.972828810052,-2.834403782445,-18.1));
#10484 = DIRECTION('',(2.22044604925E-16,0.,-1.));
#10485 = DIRECTION('',(-1.,0.,-2.22044604925E-16));
#10486 = PCURVE('',#9661,#10487);
#10487 = DEFINITIONAL_REPRESENTATION('',(#10488),#10492);
#10488 = CIRCLE('',#10489,6.8);
#10489 = AXIS2_PLACEMENT_2D('',#10490,#10491);
#10490 = CARTESIAN_POINT('',(7.5,-5.3));
#10491 = DIRECTION('',(-0.870022185849,-0.493012571981));
#10492 = ( GEOMETRIC_REPRESENTATION_CONTEXT(2) 
PARAMETRIC_REPRESENTATION_CONTEXT() REPRESENTATION_CONTEXT('2D SPACE',''
  ) );
#10493 = PCURVE('',#9635,#10494);
#10494 = DEFINITIONAL_REPRESENTATION('',(#10495),#10499);
#10495 = LINE('',#10496,#10497);
#10496 = CARTESIAN_POINT('',(0.,18.6));
#10497 = VECTOR('',#10498,1.);
#10498 = DIRECTION('',(1.,0.));
#10499 = ( GEOMETRIC_REPRESENTATION_CONTEXT(2) 
PARAMETRIC_REPRESENTATION_CONTEXT() REPRESENTATION_CONTEXT('2D SPACE',''
  ) );
#10500 = ORIENTED_EDGE('',*,*,#10501,.T.);
#10501 = EDGE_CURVE('',#10478,#10502,#10504,.T.);
#10502 = VERTEX_POINT('',#10503);
#10503 = CARTESIAN_POINT('',(48.578808013532,-12.81554355329,-18.1));
#10504 = SURFACE_CURVE('',#10505,(#10509,#10516),.PCURVE_S1.);
#10505 = LINE('',#10506,#10507);
#10506 = CARTESIAN_POINT('',(48.578808013532,-11.97932960529,-18.1));
#10507 = VECTOR('',#10508,1.);
#10508 = DIRECTION('',(0.,-1.,0.));
#10509 = PCURVE('',#9661,#10510);
#10510 = DEFINITIONAL_REPRESENTATION('',(#10511),#10515);
#10511 = LINE('',#10512,#10513);
#10512 = CARTESIAN_POINT('',(1.778607578995,1.969018575532));
#10513 = VECTOR('',#10514,1.);
#10514 = DIRECTION('',(-0.493012571981,0.870022185849));
#10515 = ( GEOMETRIC_REPRESENTATION_CONTEXT(2) 
PARAMETRIC_REPRESENTATION_CONTEXT() REPRESENTATION_CONTEXT('2D SPACE',''
  ) );
#10516 = PCURVE('',#10517,#10522);
#10517 = PLANE('',#10518);
#10518 = AXIS2_PLACEMENT_3D('',#10519,#10520,#10521);
#10519 = CARTESIAN_POINT('',(48.578808013532,-12.81554355329,-15.5));
#10520 = DIRECTION('',(1.,0.,1.110223024625E-16));
#10521 = DIRECTION('',(1.110223024625E-16,0.,-1.));
#10522 = DEFINITIONAL_REPRESENTATION('',(#10523),#10527);
#10523 = LINE('',#10524,#10525);
#10524 = CARTESIAN_POINT('',(2.6,0.836213947996));
#10525 = VECTOR('',#10526,1.);
#10526 = DIRECTION('',(0.,-1.));
#10527 = ( GEOMETRIC_REPRESENTATION_CONTEXT(2) 
PARAMETRIC_REPRESENTATION_CONTEXT() REPRESENTATION_CONTEXT('2D SPACE',''
  ) );
#10528 = ORIENTED_EDGE('',*,*,#10529,.T.);
#10529 = EDGE_CURVE('',#10502,#10530,#10532,.T.);
#10530 = VERTEX_POINT('',#10531);
#10531 = CARTESIAN_POINT('',(57.578808013532,-12.81554355329,-18.1));
#10532 = SURFACE_CURVE('',#10533,(#10537,#10544),.PCURVE_S1.);
#10533 = LINE('',#10534,#10535);
#10534 = CARTESIAN_POINT('',(47.319718530609,-12.81554355329,-18.1));
#10535 = VECTOR('',#10536,1.);
#10536 = DIRECTION('',(1.,0.,1.110223024625E-16));
#10537 = PCURVE('',#9661,#10538);
#10538 = DEFINITIONAL_REPRESENTATION('',(#10539),#10543);
#10539 = LINE('',#10540,#10541);
#10540 = CARTESIAN_POINT('',(0.270907805656,2.075796318075));
#10541 = VECTOR('',#10542,1.);
#10542 = DIRECTION('',(0.870022185849,0.493012571981));
#10543 = ( GEOMETRIC_REPRESENTATION_CONTEXT(2) 
PARAMETRIC_REPRESENTATION_CONTEXT() REPRESENTATION_CONTEXT('2D SPACE',''
  ) );
#10544 = PCURVE('',#10545,#10550);
#10545 = PLANE('',#10546);
#10546 = AXIS2_PLACEMENT_3D('',#10547,#10548,#10549);
#10547 = CARTESIAN_POINT('',(48.578808013532,-12.81554355329,-15.5));
#10548 = DIRECTION('',(0.,1.,0.));
#10549 = DIRECTION('',(1.,0.,1.110223024625E-16));
#10550 = DEFINITIONAL_REPRESENTATION('',(#10551),#10555);
#10551 = LINE('',#10552,#10553);
#10552 = CARTESIAN_POINT('',(-1.259089482923,2.6));
#10553 = VECTOR('',#10554,1.);
#10554 = DIRECTION('',(1.,0.));
#10555 = ( GEOMETRIC_REPRESENTATION_CONTEXT(2) 
PARAMETRIC_REPRESENTATION_CONTEXT() REPRESENTATION_CONTEXT('2D SPACE',''
  ) );
#10556 = ORIENTED_EDGE('',*,*,#10557,.F.);
#10557 = EDGE_CURVE('',#10558,#10530,#10560,.T.);
#10558 = VERTEX_POINT('',#10559);
#10559 = CARTESIAN_POINT('',(57.578808013532,-3.815543553291,-18.1));
#10560 = SURFACE_CURVE('',#10561,(#10565,#10572),.PCURVE_S1.);
#10561 = LINE('',#10562,#10563);
#10562 = CARTESIAN_POINT('',(57.578808013532,-11.97932960529,-18.1));
#10563 = VECTOR('',#10564,1.);
#10564 = DIRECTION('',(0.,-1.,0.));
#10565 = PCURVE('',#9661,#10566);
#10566 = DEFINITIONAL_REPRESENTATION('',(#10567),#10571);
#10567 = LINE('',#10568,#10569);
#10568 = CARTESIAN_POINT('',(9.608807251633,6.40613172336));
#10569 = VECTOR('',#10570,1.);
#10570 = DIRECTION('',(-0.493012571981,0.870022185849));
#10571 = ( GEOMETRIC_REPRESENTATION_CONTEXT(2) 
PARAMETRIC_REPRESENTATION_CONTEXT() REPRESENTATION_CONTEXT('2D SPACE',''
  ) );
#10572 = PCURVE('',#10573,#10578);
#10573 = PLANE('',#10574);
#10574 = AXIS2_PLACEMENT_3D('',#10575,#10576,#10577);
#10575 = CARTESIAN_POINT('',(57.578808013532,-12.81554355329,-15.5));
#10576 = DIRECTION('',(1.,0.,1.110223024625E-16));
#10577 = DIRECTION('',(1.110223024625E-16,0.,-1.));
#10578 = DEFINITIONAL_REPRESENTATION('',(#10579),#10583);
#10579 = LINE('',#10580,#10581);
#10580 = CARTESIAN_POINT('',(2.6,0.836213947996));
#10581 = VECTOR('',#10582,1.);
#10582 = DIRECTION('',(0.,-1.));
#10583 = ( GEOMETRIC_REPRESENTATION_CONTEXT(2) 
PARAMETRIC_REPRESENTATION_CONTEXT() REPRESENTATION_CONTEXT('2D SPACE',''
  ) );
#10584 = ORIENTED_EDGE('',*,*,#10585,.F.);
#10585 = EDGE_CURVE('',#10586,#10558,#10588,.T.);
#10586 = VERTEX_POINT('',#10587);
#10587 = CARTESIAN_POINT('',(56.701674532021,-3.815543553291,-18.1));
#10588 = SURFACE_CURVE('',#10589,(#10593,#10600),.PCURVE_S1.);
#10589 = LINE('',#10590,#10591);
#10590 = CARTESIAN_POINT('',(47.319718530609,-3.815543553291,-18.1));
#10591 = VECTOR('',#10592,1.);
#10592 = DIRECTION('',(1.,0.,1.110223024625E-16));
#10593 = PCURVE('',#9661,#10594);
#10594 = DEFINITIONAL_REPRESENTATION('',(#10595),#10599);
#10595 = LINE('',#10596,#10597);
#10596 = CARTESIAN_POINT('',(4.708020953484,-5.754403354563));
#10597 = VECTOR('',#10598,1.);
#10598 = DIRECTION('',(0.870022185849,0.493012571981));
#10599 = ( GEOMETRIC_REPRESENTATION_CONTEXT(2) 
PARAMETRIC_REPRESENTATION_CONTEXT() REPRESENTATION_CONTEXT('2D SPACE',''
  ) );
#10600 = PCURVE('',#10601,#10606);
#10601 = PLANE('',#10602);
#10602 = AXIS2_PLACEMENT_3D('',#10603,#10604,#10605);
#10603 = CARTESIAN_POINT('',(48.578808013532,-3.815543553291,-15.5));
#10604 = DIRECTION('',(0.,1.,0.));
#10605 = DIRECTION('',(1.,0.,1.110223024625E-16));
#10606 = DEFINITIONAL_REPRESENTATION('',(#10607),#10611);
#10607 = LINE('',#10608,#10609);
#10608 = CARTESIAN_POINT('',(-1.259089482923,2.6));
#10609 = VECTOR('',#10610,1.);
#10610 = DIRECTION('',(1.,0.));
#10611 = ( GEOMETRIC_REPRESENTATION_CONTEXT(2) 
PARAMETRIC_REPRESENTATION_CONTEXT() REPRESENTATION_CONTEXT('2D SPACE',''
  ) );
#10612 = ORIENTED_EDGE('',*,*,#10613,.F.);
#10613 = EDGE_CURVE('',#10004,#10586,#10614,.T.);
#10614 = SURFACE_CURVE('',#10615,(#10620,#10627),.PCURVE_S1.);
#10615 = CIRCLE('',#10616,6.8);
#10616 = AXIS2_PLACEMENT_3D('',#10617,#10618,#10619);
#10617 = CARTESIAN_POINT('',(49.972828810052,-2.834403782445,-18.1));
#10618 = DIRECTION('',(2.22044604925E-16,0.,-1.));
#10619 = DIRECTION('',(-1.,0.,-2.22044604925E-16));
#10620 = PCURVE('',#9661,#10621);
#10621 = DEFINITIONAL_REPRESENTATION('',(#10622),#10626);
#10622 = CIRCLE('',#10623,6.8);
#10623 = AXIS2_PLACEMENT_2D('',#10624,#10625);
#10624 = CARTESIAN_POINT('',(7.5,-5.3));
#10625 = DIRECTION('',(-0.870022185849,-0.493012571981));
#10626 = ( GEOMETRIC_REPRESENTATION_CONTEXT(2) 
PARAMETRIC_REPRESENTATION_CONTEXT() REPRESENTATION_CONTEXT('2D SPACE',''
  ) );
#10627 = PCURVE('',#9635,#10628);
#10628 = DEFINITIONAL_REPRESENTATION('',(#10629),#10633);
#10629 = LINE('',#10630,#10631);
#10630 = CARTESIAN_POINT('',(0.,18.6));
#10631 = VECTOR('',#10632,1.);
#10632 = DIRECTION('',(1.,0.));
#10633 = ( GEOMETRIC_REPRESENTATION_CONTEXT(2) 
PARAMETRIC_REPRESENTATION_CONTEXT() REPRESENTATION_CONTEXT('2D SPACE',''
  ) );
#10634 = ORIENTED_EDGE('',*,*,#10026,.F.);
#10635 = ORIENTED_EDGE('',*,*,#9700,.F.);
#10636 = ORIENTED_EDGE('',*,*,#10637,.F.);
#10637 = EDGE_CURVE('',#10638,#9701,#10640,.T.);
#10638 = VERTEX_POINT('',#10639);
#10639 = CARTESIAN_POINT('',(16.421191986468,68.815543553291,-18.1));
#10640 = SURFACE_CURVE('',#10641,(#10645,#10652),.PCURVE_S1.);
#10641 = LINE('',#10642,#10643);
#10642 = CARTESIAN_POINT('',(16.421191986468,24.336213947996,-18.1));
#10643 = VECTOR('',#10644,1.);
#10644 = DIRECTION('',(0.,-1.,0.));
#10645 = PCURVE('',#9661,#10646);
#10646 = DEFINITIONAL_REPRESENTATION('',(#10647),#10651);
#10647 = LINE('',#10648,#10649);
#10648 = CARTESIAN_POINT('',(-8.295212278459,-45.48041899325));
#10649 = VECTOR('',#10650,1.);
#10650 = DIRECTION('',(-0.493012571981,0.870022185849));
#10651 = ( GEOMETRIC_REPRESENTATION_CONTEXT(2) 
PARAMETRIC_REPRESENTATION_CONTEXT() REPRESENTATION_CONTEXT('2D SPACE',''
  ) );
#10652 = PCURVE('',#9740,#10653);
#10653 = DEFINITIONAL_REPRESENTATION('',(#10654),#10658);
#10654 = LINE('',#10655,#10656);
#10655 = CARTESIAN_POINT('',(2.6,-35.47932960529));
#10656 = VECTOR('',#10657,1.);
#10657 = DIRECTION('',(0.,-1.));
#10658 = ( GEOMETRIC_REPRESENTATION_CONTEXT(2) 
PARAMETRIC_REPRESENTATION_CONTEXT() REPRESENTATION_CONTEXT('2D SPACE',''
  ) );
#10659 = ORIENTED_EDGE('',*,*,#10660,.F.);
#10660 = EDGE_CURVE('',#10661,#10638,#10663,.T.);
#10661 = VERTEX_POINT('',#10662);
#10662 = CARTESIAN_POINT('',(7.421191986468,68.815543553291,-18.1));
#10663 = SURFACE_CURVE('',#10664,(#10668,#10675),.PCURVE_S1.);
#10664 = LINE('',#10665,#10666);
#10665 = CARTESIAN_POINT('',(26.740910517077,68.815543553291,-18.1));
#10666 = VECTOR('',#10667,1.);
#10667 = DIRECTION('',(1.,0.,1.110223024625E-16));
#10668 = PCURVE('',#9661,#10669);
#10669 = DEFINITIONAL_REPRESENTATION('',(#10670),#10674);
#10670 = LINE('',#10671,#10672);
#10671 = CARTESIAN_POINT('',(22.612040483575,-79.09067158664));
#10672 = VECTOR('',#10673,1.);
#10673 = DIRECTION('',(0.870022185849,0.493012571981));
#10674 = ( GEOMETRIC_REPRESENTATION_CONTEXT(2) 
PARAMETRIC_REPRESENTATION_CONTEXT() REPRESENTATION_CONTEXT('2D SPACE',''
  ) );
#10675 = PCURVE('',#10676,#10681);
#10676 = PLANE('',#10677);
#10677 = AXIS2_PLACEMENT_3D('',#10678,#10679,#10680);
#10678 = CARTESIAN_POINT('',(7.421191986468,68.815543553291,-15.5));
#10679 = DIRECTION('',(0.,1.,0.));
#10680 = DIRECTION('',(1.,0.,1.110223024625E-16));
#10681 = DEFINITIONAL_REPRESENTATION('',(#10682),#10686);
#10682 = LINE('',#10683,#10684);
#10683 = CARTESIAN_POINT('',(19.319718530609,2.6));
#10684 = VECTOR('',#10685,1.);
#10685 = DIRECTION('',(1.,0.));
#10686 = ( GEOMETRIC_REPRESENTATION_CONTEXT(2) 
PARAMETRIC_REPRESENTATION_CONTEXT() REPRESENTATION_CONTEXT('2D SPACE',''
  ) );
#10687 = ORIENTED_EDGE('',*,*,#10688,.T.);
#10688 = EDGE_CURVE('',#10661,#10453,#10689,.T.);
#10689 = SURFACE_CURVE('',#10690,(#10694,#10701),.PCURVE_S1.);
#10690 = LINE('',#10691,#10692);
#10691 = CARTESIAN_POINT('',(7.421191986468,24.336213947996,-18.1));
#10692 = VECTOR('',#10693,1.);
#10693 = DIRECTION('',(0.,-1.,0.));
#10694 = PCURVE('',#9661,#10695);
#10695 = DEFINITIONAL_REPRESENTATION('',(#10696),#10700);
#10696 = LINE('',#10697,#10698);
#10697 = CARTESIAN_POINT('',(-16.12541195109,-49.91753214108));
#10698 = VECTOR('',#10699,1.);
#10699 = DIRECTION('',(-0.493012571981,0.870022185849));
#10700 = ( GEOMETRIC_REPRESENTATION_CONTEXT(2) 
PARAMETRIC_REPRESENTATION_CONTEXT() REPRESENTATION_CONTEXT('2D SPACE',''
  ) );
#10701 = PCURVE('',#10702,#10707);
#10702 = PLANE('',#10703);
#10703 = AXIS2_PLACEMENT_3D('',#10704,#10705,#10706);
#10704 = CARTESIAN_POINT('',(7.421191986468,59.815543553291,-15.5));
#10705 = DIRECTION('',(1.,0.,1.110223024625E-16));
#10706 = DIRECTION('',(1.110223024625E-16,0.,-1.));
#10707 = DEFINITIONAL_REPRESENTATION('',(#10708),#10712);
#10708 = LINE('',#10709,#10710);
#10709 = CARTESIAN_POINT('',(2.6,-35.47932960529));
#10710 = VECTOR('',#10711,1.);
#10711 = DIRECTION('',(0.,-1.));
#10712 = ( GEOMETRIC_REPRESENTATION_CONTEXT(2) 
PARAMETRIC_REPRESENTATION_CONTEXT() REPRESENTATION_CONTEXT('2D SPACE',''
  ) );
#10713 = ADVANCED_FACE('',(#10714),#9635,.F.);
#10714 = FACE_BOUND('',#10715,.F.);
#10715 = EDGE_LOOP('',(#10716,#10717,#10718,#10742,#10770,#10799,#10823,
    #10851,#10873,#10874,#10875,#10898,#10927,#10955,#10984,#11012,
    #11041));
#10716 = ORIENTED_EDGE('',*,*,#10613,.F.);
#10717 = ORIENTED_EDGE('',*,*,#10003,.F.);
#10718 = ORIENTED_EDGE('',*,*,#10719,.T.);
#10719 = EDGE_CURVE('',#9976,#10720,#10722,.T.);
#10720 = VERTEX_POINT('',#10721);
#10721 = CARTESIAN_POINT('',(56.743853934183,-3.46147536399,-14.));
#10722 = SURFACE_CURVE('',#10723,(#10728,#10735),.PCURVE_S1.);
#10723 = CIRCLE('',#10724,6.8);
#10724 = AXIS2_PLACEMENT_3D('',#10725,#10726,#10727);
#10725 = CARTESIAN_POINT('',(49.972828810052,-2.834403782445,-14.));
#10726 = DIRECTION('',(2.22044604925E-16,0.,-1.));
#10727 = DIRECTION('',(-1.,0.,-2.22044604925E-16));
#10728 = PCURVE('',#9635,#10729);
#10729 = DEFINITIONAL_REPRESENTATION('',(#10730),#10734);
#10730 = LINE('',#10731,#10732);
#10731 = CARTESIAN_POINT('',(0.,14.5));
#10732 = VECTOR('',#10733,1.);
#10733 = DIRECTION('',(1.,0.));
#10734 = ( GEOMETRIC_REPRESENTATION_CONTEXT(2) 
PARAMETRIC_REPRESENTATION_CONTEXT() REPRESENTATION_CONTEXT('2D SPACE',''
  ) );
#10735 = PCURVE('',#9991,#10736);
#10736 = DEFINITIONAL_REPRESENTATION('',(#10737),#10741);
#10737 = CIRCLE('',#10738,6.8);
#10738 = AXIS2_PLACEMENT_2D('',#10739,#10740);
#10739 = CARTESIAN_POINT('',(15.972828810052,-19.16559621755));
#10740 = DIRECTION('',(-1.,-0.));
#10741 = ( GEOMETRIC_REPRESENTATION_CONTEXT(2) 
PARAMETRIC_REPRESENTATION_CONTEXT() REPRESENTATION_CONTEXT('2D SPACE',''
  ) );
#10742 = ORIENTED_EDGE('',*,*,#10743,.T.);
#10743 = EDGE_CURVE('',#10720,#10744,#10746,.T.);
#10744 = VERTEX_POINT('',#10745);
#10745 = CARTESIAN_POINT('',(56.743853934183,-3.46147536399,-15.));
#10746 = SURFACE_CURVE('',#10747,(#10751,#10758),.PCURVE_S1.);
#10747 = LINE('',#10748,#10749);
#10748 = CARTESIAN_POINT('',(56.743853934183,-3.46147536399,0.5));
#10749 = VECTOR('',#10750,1.);
#10750 = DIRECTION('',(2.22044604925E-16,0.,-1.));
#10751 = PCURVE('',#9635,#10752);
#10752 = DEFINITIONAL_REPRESENTATION('',(#10753),#10757);
#10753 = LINE('',#10754,#10755);
#10754 = CARTESIAN_POINT('',(3.233940264672,5.296901943876E-16));
#10755 = VECTOR('',#10756,1.);
#10756 = DIRECTION('',(0.,1.));
#10757 = ( GEOMETRIC_REPRESENTATION_CONTEXT(2) 
PARAMETRIC_REPRESENTATION_CONTEXT() REPRESENTATION_CONTEXT('2D SPACE',''
  ) );
#10758 = PCURVE('',#10759,#10764);
#10759 = PLANE('',#10760);
#10760 = AXIS2_PLACEMENT_3D('',#10761,#10762,#10763);
#10761 = CARTESIAN_POINT('',(61.757410144827,-12.30892750041,3.));
#10762 = DIRECTION('',(0.870022185849,0.493012571981,9.659186626638E-17)
  );
#10763 = DIRECTION('',(1.110223024625E-16,0.,-1.));
#10764 = DEFINITIONAL_REPRESENTATION('',(#10765),#10769);
#10765 = LINE('',#10766,#10767);
#10766 = CARTESIAN_POINT('',(2.5,10.169225889107));
#10767 = VECTOR('',#10768,1.);
#10768 = DIRECTION('',(1.,-5.473539088428E-17));
#10769 = ( GEOMETRIC_REPRESENTATION_CONTEXT(2) 
PARAMETRIC_REPRESENTATION_CONTEXT() REPRESENTATION_CONTEXT('2D SPACE',''
  ) );
#10770 = ORIENTED_EDGE('',*,*,#10771,.T.);
#10771 = EDGE_CURVE('',#10744,#10772,#10774,.T.);
#10772 = VERTEX_POINT('',#10773);
#10773 = CARTESIAN_POINT('',(53.325314299522,-8.750554646215,-15.));
#10774 = SURFACE_CURVE('',#10775,(#10780,#10787),.PCURVE_S1.);
#10775 = CIRCLE('',#10776,6.8);
#10776 = AXIS2_PLACEMENT_3D('',#10777,#10778,#10779);
#10777 = CARTESIAN_POINT('',(49.972828810052,-2.834403782445,-15.));
#10778 = DIRECTION('',(2.22044604925E-16,0.,-1.));
#10779 = DIRECTION('',(-1.,0.,-2.22044604925E-16));
#10780 = PCURVE('',#9635,#10781);
#10781 = DEFINITIONAL_REPRESENTATION('',(#10782),#10786);
#10782 = LINE('',#10783,#10784);
#10783 = CARTESIAN_POINT('',(0.,15.5));
#10784 = VECTOR('',#10785,1.);
#10785 = DIRECTION('',(1.,0.));
#10786 = ( GEOMETRIC_REPRESENTATION_CONTEXT(2) 
PARAMETRIC_REPRESENTATION_CONTEXT() REPRESENTATION_CONTEXT('2D SPACE',''
  ) );
#10787 = PCURVE('',#10788,#10793);
#10788 = PLANE('',#10789);
#10789 = AXIS2_PLACEMENT_3D('',#10790,#10791,#10792);
#10790 = CARTESIAN_POINT('',(56.015263718226,-15.56281047549,-15.));
#10791 = DIRECTION('',(1.110223024625E-16,0.,-1.));
#10792 = DIRECTION('',(0.870022185849,0.493012571981,9.659186626638E-17)
  );
#10793 = DEFINITIONAL_REPRESENTATION('',(#10794),#10798);
#10794 = CIRCLE('',#10795,6.8);
#10795 = AXIS2_PLACEMENT_2D('',#10796,#10797);
#10796 = CARTESIAN_POINT('',(1.018212094301,-14.05299258856));
#10797 = DIRECTION('',(-0.870022185849,-0.493012571981));
#10798 = ( GEOMETRIC_REPRESENTATION_CONTEXT(2) 
PARAMETRIC_REPRESENTATION_CONTEXT() REPRESENTATION_CONTEXT('2D SPACE',''
  ) );
#10799 = ORIENTED_EDGE('',*,*,#10800,.T.);
#10800 = EDGE_CURVE('',#10772,#10801,#10803,.T.);
#10801 = VERTEX_POINT('',#10802);
#10802 = CARTESIAN_POINT('',(52.401650767714,-9.185846445177,-15.));
#10803 = SURFACE_CURVE('',#10804,(#10809,#10816),.PCURVE_S1.);
#10804 = CIRCLE('',#10805,6.8);
#10805 = AXIS2_PLACEMENT_3D('',#10806,#10807,#10808);
#10806 = CARTESIAN_POINT('',(49.972828810052,-2.834403782445,-15.));
#10807 = DIRECTION('',(2.22044604925E-16,0.,-1.));
#10808 = DIRECTION('',(-1.,0.,-2.22044604925E-16));
#10809 = PCURVE('',#9635,#10810);
#10810 = DEFINITIONAL_REPRESENTATION('',(#10811),#10815);
#10811 = LINE('',#10812,#10813);
#10812 = CARTESIAN_POINT('',(0.,15.5));
#10813 = VECTOR('',#10814,1.);
#10814 = DIRECTION('',(1.,0.));
#10815 = ( GEOMETRIC_REPRESENTATION_CONTEXT(2) 
PARAMETRIC_REPRESENTATION_CONTEXT() REPRESENTATION_CONTEXT('2D SPACE',''
  ) );
#10816 = PCURVE('',#10788,#10817);
#10817 = DEFINITIONAL_REPRESENTATION('',(#10818),#10822);
#10818 = CIRCLE('',#10819,6.8);
#10819 = AXIS2_PLACEMENT_2D('',#10820,#10821);
#10820 = CARTESIAN_POINT('',(1.018212094301,-14.05299258856));
#10821 = DIRECTION('',(-0.870022185849,-0.493012571981));
#10822 = ( GEOMETRIC_REPRESENTATION_CONTEXT(2) 
PARAMETRIC_REPRESENTATION_CONTEXT() REPRESENTATION_CONTEXT('2D SPACE',''
  ) );
#10823 = ORIENTED_EDGE('',*,*,#10824,.F.);
#10824 = EDGE_CURVE('',#10825,#10801,#10827,.T.);
#10825 = VERTEX_POINT('',#10826);
#10826 = CARTESIAN_POINT('',(52.401650767714,-9.185846445177,-14.));
#10827 = SURFACE_CURVE('',#10828,(#10832,#10839),.PCURVE_S1.);
#10828 = LINE('',#10829,#10830);
#10829 = CARTESIAN_POINT('',(52.401650767714,-9.185846445177,0.5));
#10830 = VECTOR('',#10831,1.);
#10831 = DIRECTION('',(2.22044604925E-16,0.,-1.));
#10832 = PCURVE('',#9635,#10833);
#10833 = DEFINITIONAL_REPRESENTATION('',(#10834),#10838);
#10834 = LINE('',#10835,#10836);
#10835 = CARTESIAN_POINT('',(4.347142314953,-6.341350137645E-17));
#10836 = VECTOR('',#10837,1.);
#10837 = DIRECTION('',(0.,1.));
#10838 = ( GEOMETRIC_REPRESENTATION_CONTEXT(2) 
PARAMETRIC_REPRESENTATION_CONTEXT() REPRESENTATION_CONTEXT('2D SPACE',''
  ) );
#10839 = PCURVE('',#10840,#10845);
#10840 = PLANE('',#10841);
#10841 = AXIS2_PLACEMENT_3D('',#10842,#10843,#10844);
#10842 = CARTESIAN_POINT('',(56.015263718226,-15.56281047549,3.));
#10843 = DIRECTION('',(0.870022185849,0.493012571981,9.659186626638E-17)
  );
#10844 = DIRECTION('',(1.110223024625E-16,0.,-1.));
#10845 = DEFINITIONAL_REPRESENTATION('',(#10846),#10850);
#10846 = LINE('',#10847,#10848);
#10847 = CARTESIAN_POINT('',(2.5,7.329656799609));
#10848 = VECTOR('',#10849,1.);
#10849 = DIRECTION('',(1.,-5.473539088428E-17));
#10850 = ( GEOMETRIC_REPRESENTATION_CONTEXT(2) 
PARAMETRIC_REPRESENTATION_CONTEXT() REPRESENTATION_CONTEXT('2D SPACE',''
  ) );
#10851 = ORIENTED_EDGE('',*,*,#10852,.T.);
#10852 = EDGE_CURVE('',#10825,#9592,#10853,.T.);
#10853 = SURFACE_CURVE('',#10854,(#10859,#10866),.PCURVE_S1.);
#10854 = CIRCLE('',#10855,6.8);
#10855 = AXIS2_PLACEMENT_3D('',#10856,#10857,#10858);
#10856 = CARTESIAN_POINT('',(49.972828810052,-2.834403782445,-14.));
#10857 = DIRECTION('',(2.22044604925E-16,0.,-1.));
#10858 = DIRECTION('',(-1.,0.,-2.22044604925E-16));
#10859 = PCURVE('',#9635,#10860);
#10860 = DEFINITIONAL_REPRESENTATION('',(#10861),#10865);
#10861 = LINE('',#10862,#10863);
#10862 = CARTESIAN_POINT('',(0.,14.5));
#10863 = VECTOR('',#10864,1.);
#10864 = DIRECTION('',(1.,0.));
#10865 = ( GEOMETRIC_REPRESENTATION_CONTEXT(2) 
PARAMETRIC_REPRESENTATION_CONTEXT() REPRESENTATION_CONTEXT('2D SPACE',''
  ) );
#10866 = PCURVE('',#9607,#10867);
#10867 = DEFINITIONAL_REPRESENTATION('',(#10868),#10872);
#10868 = CIRCLE('',#10869,6.8);
#10869 = AXIS2_PLACEMENT_2D('',#10870,#10871);
#10870 = CARTESIAN_POINT('',(15.972828810052,-19.16559621755));
#10871 = DIRECTION('',(-1.,-0.));
#10872 = ( GEOMETRIC_REPRESENTATION_CONTEXT(2) 
PARAMETRIC_REPRESENTATION_CONTEXT() REPRESENTATION_CONTEXT('2D SPACE',''
  ) );
#10873 = ORIENTED_EDGE('',*,*,#9619,.T.);
#10874 = ORIENTED_EDGE('',*,*,#10477,.F.);
#10875 = ORIENTED_EDGE('',*,*,#10876,.T.);
#10876 = EDGE_CURVE('',#10478,#10877,#10879,.T.);
#10877 = VERTEX_POINT('',#10878);
#10878 = CARTESIAN_POINT('',(48.578808013532,-9.489980843742,-20.));
#10879 = SURFACE_CURVE('',#10880,(#10884,#10891),.PCURVE_S1.);
#10880 = LINE('',#10881,#10882);
#10881 = CARTESIAN_POINT('',(48.578808013532,-9.489980843742,0.5));
#10882 = VECTOR('',#10883,1.);
#10883 = DIRECTION('',(2.22044604925E-16,0.,-1.));
#10884 = PCURVE('',#9635,#10885);
#10885 = DEFINITIONAL_REPRESENTATION('',(#10886),#10890);
#10886 = LINE('',#10887,#10888);
#10887 = CARTESIAN_POINT('',(4.91885581232,-1.547673985103E-16));
#10888 = VECTOR('',#10889,1.);
#10889 = DIRECTION('',(0.,1.));
#10890 = ( GEOMETRIC_REPRESENTATION_CONTEXT(2) 
PARAMETRIC_REPRESENTATION_CONTEXT() REPRESENTATION_CONTEXT('2D SPACE',''
  ) );
#10891 = PCURVE('',#10517,#10892);
#10892 = DEFINITIONAL_REPRESENTATION('',(#10893),#10897);
#10893 = LINE('',#10894,#10895);
#10894 = CARTESIAN_POINT('',(-16.,3.325562709549));
#10895 = VECTOR('',#10896,1.);
#10896 = DIRECTION('',(1.,0.));
#10897 = ( GEOMETRIC_REPRESENTATION_CONTEXT(2) 
PARAMETRIC_REPRESENTATION_CONTEXT() REPRESENTATION_CONTEXT('2D SPACE',''
  ) );
#10898 = ORIENTED_EDGE('',*,*,#10899,.T.);
#10899 = EDGE_CURVE('',#10877,#10900,#10902,.T.);
#10900 = VERTEX_POINT('',#10901);
#10901 = CARTESIAN_POINT('',(47.110277013799,-9.002531311425,-20.));
#10902 = SURFACE_CURVE('',#10903,(#10908,#10915),.PCURVE_S1.);
#10903 = CIRCLE('',#10904,6.8);
#10904 = AXIS2_PLACEMENT_3D('',#10905,#10906,#10907);
#10905 = CARTESIAN_POINT('',(49.972828810052,-2.834403782445,-20.));
#10906 = DIRECTION('',(2.22044604925E-16,0.,-1.));
#10907 = DIRECTION('',(-1.,0.,-2.22044604925E-16));
#10908 = PCURVE('',#9635,#10909);
#10909 = DEFINITIONAL_REPRESENTATION('',(#10910),#10914);
#10910 = LINE('',#10911,#10912);
#10911 = CARTESIAN_POINT('',(0.,20.5));
#10912 = VECTOR('',#10913,1.);
#10913 = DIRECTION('',(1.,0.));
#10914 = ( GEOMETRIC_REPRESENTATION_CONTEXT(2) 
PARAMETRIC_REPRESENTATION_CONTEXT() REPRESENTATION_CONTEXT('2D SPACE',''
  ) );
#10915 = PCURVE('',#10916,#10921);
#10916 = PLANE('',#10917);
#10917 = AXIS2_PLACEMENT_3D('',#10918,#10919,#10920);
#10918 = CARTESIAN_POINT('',(14.181748794971,-68.33777949243,-20.));
#10919 = DIRECTION('',(1.110223024625E-16,0.,-1.));
#10920 = DIRECTION('',(-0.929277509994,-0.369382335014,
    -1.031705287861E-16));
#10921 = DEFINITIONAL_REPRESENTATION('',(#10922),#10926);
#10922 = CIRCLE('',#10923,6.8);
#10923 = AXIS2_PLACEMENT_2D('',#10924,#10925);
#10924 = CARTESIAN_POINT('',(-57.45563558743,47.650221167314));
#10925 = DIRECTION('',(0.929277509994,0.369382335014));
#10926 = ( GEOMETRIC_REPRESENTATION_CONTEXT(2) 
PARAMETRIC_REPRESENTATION_CONTEXT() REPRESENTATION_CONTEXT('2D SPACE',''
  ) );
#10927 = ORIENTED_EDGE('',*,*,#10928,.T.);
#10928 = EDGE_CURVE('',#10900,#10929,#10931,.T.);
#10929 = VERTEX_POINT('',#10930);
#10930 = CARTESIAN_POINT('',(47.110277013799,-9.002531311425,-24.));
#10931 = SURFACE_CURVE('',#10932,(#10936,#10943),.PCURVE_S1.);
#10932 = LINE('',#10933,#10934);
#10933 = CARTESIAN_POINT('',(47.110277013799,-9.002531311425,0.5));
#10934 = VECTOR('',#10935,1.);
#10935 = DIRECTION('',(2.22044604925E-16,0.,-1.));
#10936 = PCURVE('',#9635,#10937);
#10937 = DEFINITIONAL_REPRESENTATION('',(#10938),#10942);
#10938 = LINE('',#10939,#10940);
#10939 = CARTESIAN_POINT('',(5.146896240789,1.262821185118E-16));
#10940 = VECTOR('',#10941,1.);
#10941 = DIRECTION('',(0.,1.));
#10942 = ( GEOMETRIC_REPRESENTATION_CONTEXT(2) 
PARAMETRIC_REPRESENTATION_CONTEXT() REPRESENTATION_CONTEXT('2D SPACE',''
  ) );
#10943 = PCURVE('',#10944,#10949);
#10944 = PLANE('',#10945);
#10945 = AXIS2_PLACEMENT_3D('',#10946,#10947,#10948);
#10946 = CARTESIAN_POINT('',(6.310639928483,-67.4234476014,-20.));
#10947 = DIRECTION('',(0.81985779367,-0.572567199687,9.102249994513E-17)
  );
#10948 = DIRECTION('',(1.110223024625E-16,0.,-1.));
#10949 = DEFINITIONAL_REPRESENTATION('',(#10950),#10954);
#10950 = LINE('',#10951,#10952);
#10951 = CARTESIAN_POINT('',(-20.5,71.25737748791));
#10952 = VECTOR('',#10953,1.);
#10953 = DIRECTION('',(1.,6.35677288238E-17));
#10954 = ( GEOMETRIC_REPRESENTATION_CONTEXT(2) 
PARAMETRIC_REPRESENTATION_CONTEXT() REPRESENTATION_CONTEXT('2D SPACE',''
  ) );
#10955 = ORIENTED_EDGE('',*,*,#10956,.F.);
#10956 = EDGE_CURVE('',#10957,#10929,#10959,.T.);
#10957 = VERTEX_POINT('',#10958);
#10958 = CARTESIAN_POINT('',(53.529351052572,-8.630191005805,-24.));
#10959 = SURFACE_CURVE('',#10960,(#10965,#10972),.PCURVE_S1.);
#10960 = CIRCLE('',#10961,6.8);
#10961 = AXIS2_PLACEMENT_3D('',#10962,#10963,#10964);
#10962 = CARTESIAN_POINT('',(49.972828810052,-2.834403782445,-24.));
#10963 = DIRECTION('',(2.22044604925E-16,0.,-1.));
#10964 = DIRECTION('',(-1.,0.,-2.22044604925E-16));
#10965 = PCURVE('',#9635,#10966);
#10966 = DEFINITIONAL_REPRESENTATION('',(#10967),#10971);
#10967 = LINE('',#10968,#10969);
#10968 = CARTESIAN_POINT('',(0.,24.5));
#10969 = VECTOR('',#10970,1.);
#10970 = DIRECTION('',(1.,0.));
#10971 = ( GEOMETRIC_REPRESENTATION_CONTEXT(2) 
PARAMETRIC_REPRESENTATION_CONTEXT() REPRESENTATION_CONTEXT('2D SPACE',''
  ) );
#10972 = PCURVE('',#10973,#10978);
#10973 = PLANE('',#10974);
#10974 = AXIS2_PLACEMENT_3D('',#10975,#10976,#10977);
#10975 = CARTESIAN_POINT('',(14.181748794971,-68.33777949243,-24.));
#10976 = DIRECTION('',(1.110223024625E-16,0.,-1.));
#10977 = DIRECTION('',(-0.929277509994,-0.369382335014,
    -1.031705287861E-16));
#10978 = DEFINITIONAL_REPRESENTATION('',(#10979),#10983);
#10979 = CIRCLE('',#10980,6.8);
#10980 = AXIS2_PLACEMENT_2D('',#10981,#10982);
#10981 = CARTESIAN_POINT('',(-57.45563558743,47.650221167314));
#10982 = DIRECTION('',(0.929277509994,0.369382335014));
#10983 = ( GEOMETRIC_REPRESENTATION_CONTEXT(2) 
PARAMETRIC_REPRESENTATION_CONTEXT() REPRESENTATION_CONTEXT('2D SPACE',''
  ) );
#10984 = ORIENTED_EDGE('',*,*,#10985,.F.);
#10985 = EDGE_CURVE('',#10986,#10957,#10988,.T.);
#10986 = VERTEX_POINT('',#10987);
#10987 = CARTESIAN_POINT('',(53.529351052572,-8.630191005805,-22.));
#10988 = SURFACE_CURVE('',#10989,(#10993,#11000),.PCURVE_S1.);
#10989 = LINE('',#10990,#10991);
#10990 = CARTESIAN_POINT('',(53.529351052572,-8.630191005805,0.5));
#10991 = VECTOR('',#10992,1.);
#10992 = DIRECTION('',(2.22044604925E-16,0.,-1.));
#10993 = PCURVE('',#9635,#10994);
#10994 = DEFINITIONAL_REPRESENTATION('',(#10995),#10999);
#10995 = LINE('',#10996,#10997);
#10996 = CARTESIAN_POINT('',(4.162000971294,-1.602582241889E-16));
#10997 = VECTOR('',#10998,1.);
#10998 = DIRECTION('',(0.,1.));
#10999 = ( GEOMETRIC_REPRESENTATION_CONTEXT(2) 
PARAMETRIC_REPRESENTATION_CONTEXT() REPRESENTATION_CONTEXT('2D SPACE',''
  ) );
#11000 = PCURVE('',#11001,#11006);
#11001 = PLANE('',#11002);
#11002 = AXIS2_PLACEMENT_3D('',#11003,#11004,#11005);
#11003 = CARTESIAN_POINT('',(49.389447942014,-5.738991154698,-20.));
#11004 = DIRECTION('',(0.572567199687,0.81985779367,6.35677288238E-17));
#11005 = DIRECTION('',(0.81985779367,-0.572567199687,9.102249994513E-17)
  );
#11006 = DEFINITIONAL_REPRESENTATION('',(#11007),#11011);
#11007 = LINE('',#11008,#11009);
#11008 = CARTESIAN_POINT('',(5.049538032716,-20.5));
#11009 = VECTOR('',#11010,1.);
#11010 = DIRECTION('',(9.102249994513E-17,1.));
#11011 = ( GEOMETRIC_REPRESENTATION_CONTEXT(2) 
PARAMETRIC_REPRESENTATION_CONTEXT() REPRESENTATION_CONTEXT('2D SPACE',''
  ) );
#11012 = ORIENTED_EDGE('',*,*,#11013,.F.);
#11013 = EDGE_CURVE('',#11014,#10986,#11016,.T.);
#11014 = VERTEX_POINT('',#11015);
#11015 = CARTESIAN_POINT('',(56.701674532021,-3.815543553291,-22.));
#11016 = SURFACE_CURVE('',#11017,(#11022,#11029),.PCURVE_S1.);
#11017 = CIRCLE('',#11018,6.8);
#11018 = AXIS2_PLACEMENT_3D('',#11019,#11020,#11021);
#11019 = CARTESIAN_POINT('',(49.972828810052,-2.834403782445,-22.));
#11020 = DIRECTION('',(2.22044604925E-16,0.,-1.));
#11021 = DIRECTION('',(-1.,0.,-2.22044604925E-16));
#11022 = PCURVE('',#9635,#11023);
#11023 = DEFINITIONAL_REPRESENTATION('',(#11024),#11028);
#11024 = LINE('',#11025,#11026);
#11025 = CARTESIAN_POINT('',(0.,22.5));
#11026 = VECTOR('',#11027,1.);
#11027 = DIRECTION('',(1.,0.));
#11028 = ( GEOMETRIC_REPRESENTATION_CONTEXT(2) 
PARAMETRIC_REPRESENTATION_CONTEXT() REPRESENTATION_CONTEXT('2D SPACE',''
  ) );
#11029 = PCURVE('',#11030,#11035);
#11030 = PLANE('',#11031);
#11031 = AXIS2_PLACEMENT_3D('',#11032,#11033,#11034);
#11032 = CARTESIAN_POINT('',(48.578808013532,-12.81554355329,-22.));
#11033 = DIRECTION('',(1.110223024625E-16,0.,-1.));
#11034 = DIRECTION('',(1.,0.,1.110223024625E-16));
#11035 = DEFINITIONAL_REPRESENTATION('',(#11036),#11040);
#11036 = CIRCLE('',#11037,6.8);
#11037 = AXIS2_PLACEMENT_2D('',#11038,#11039);
#11038 = CARTESIAN_POINT('',(1.39402079652,-9.981139770846));
#11039 = DIRECTION('',(-1.,-0.));
#11040 = ( GEOMETRIC_REPRESENTATION_CONTEXT(2) 
PARAMETRIC_REPRESENTATION_CONTEXT() REPRESENTATION_CONTEXT('2D SPACE',''
  ) );
#11041 = ORIENTED_EDGE('',*,*,#11042,.F.);
#11042 = EDGE_CURVE('',#10586,#11014,#11043,.T.);
#11043 = SURFACE_CURVE('',#11044,(#11048,#11055),.PCURVE_S1.);
#11044 = LINE('',#11045,#11046);
#11045 = CARTESIAN_POINT('',(56.701674532021,-3.815543553291,0.5));
#11046 = VECTOR('',#11047,1.);
#11047 = DIRECTION('',(2.22044604925E-16,0.,-1.));
#11048 = PCURVE('',#9635,#11049);
#11049 = DEFINITIONAL_REPRESENTATION('',(#11050),#11054);
#11050 = LINE('',#11051,#11052);
#11051 = CARTESIAN_POINT('',(3.286383290386,-3.010417226954E-17));
#11052 = VECTOR('',#11053,1.);
#11053 = DIRECTION('',(0.,1.));
#11054 = ( GEOMETRIC_REPRESENTATION_CONTEXT(2) 
PARAMETRIC_REPRESENTATION_CONTEXT() REPRESENTATION_CONTEXT('2D SPACE',''
  ) );
#11055 = PCURVE('',#10601,#11056);
#11056 = DEFINITIONAL_REPRESENTATION('',(#11057),#11061);
#11057 = LINE('',#11058,#11059);
#11058 = CARTESIAN_POINT('',(8.12286651849,-16.));
#11059 = VECTOR('',#11060,1.);
#11060 = DIRECTION('',(1.110223024625E-16,1.));
#11061 = ( GEOMETRIC_REPRESENTATION_CONTEXT(2) 
PARAMETRIC_REPRESENTATION_CONTEXT() REPRESENTATION_CONTEXT('2D SPACE',''
  ) );
#11062 = ADVANCED_FACE('',(#11063),#9607,.F.);
#11063 = FACE_BOUND('',#11064,.F.);
#11064 = EDGE_LOOP('',(#11065,#11066,#11067,#11068,#11069,#11092));
#11065 = ORIENTED_EDGE('',*,*,#10326,.T.);
#11066 = ORIENTED_EDGE('',*,*,#10397,.T.);
#11067 = ORIENTED_EDGE('',*,*,#9591,.F.);
#11068 = ORIENTED_EDGE('',*,*,#10852,.F.);
#11069 = ORIENTED_EDGE('',*,*,#11070,.F.);
#11070 = EDGE_CURVE('',#11071,#10825,#11073,.T.);
#11071 = VERTEX_POINT('',#11072);
#11072 = CARTESIAN_POINT('',(55.363288563523,-14.41226608484,-14.));
#11073 = SURFACE_CURVE('',#11074,(#11078,#11085),.PCURVE_S1.);
#11074 = LINE('',#11075,#11076);
#11075 = CARTESIAN_POINT('',(54.720291238382,-13.27756492282,-14.));
#11076 = VECTOR('',#11077,1.);
#11077 = DIRECTION('',(-0.493012571981,0.870022185849,
    -5.473539088428E-17));
#11078 = PCURVE('',#9607,#11079);
#11079 = DEFINITIONAL_REPRESENTATION('',(#11080),#11084);
#11080 = LINE('',#11081,#11082);
#11081 = CARTESIAN_POINT('',(20.720291238382,-8.722435077173));
#11082 = VECTOR('',#11083,1.);
#11083 = DIRECTION('',(-0.493012571981,-0.870022185849));
#11084 = ( GEOMETRIC_REPRESENTATION_CONTEXT(2) 
PARAMETRIC_REPRESENTATION_CONTEXT() REPRESENTATION_CONTEXT('2D SPACE',''
  ) );
#11085 = PCURVE('',#10840,#11086);
#11086 = DEFINITIONAL_REPRESENTATION('',(#11087),#11091);
#11087 = LINE('',#11088,#11089);
#11088 = CARTESIAN_POINT('',(17.,2.626652043863));
#11089 = VECTOR('',#11090,1.);
#11090 = DIRECTION('',(0.,1.));
#11091 = ( GEOMETRIC_REPRESENTATION_CONTEXT(2) 
PARAMETRIC_REPRESENTATION_CONTEXT() REPRESENTATION_CONTEXT('2D SPACE',''
  ) );
#11092 = ORIENTED_EDGE('',*,*,#11093,.T.);
#11093 = EDGE_CURVE('',#11071,#10327,#11094,.T.);
#11094 = SURFACE_CURVE('',#11095,(#11100,#11107),.PCURVE_S1.);
#11095 = CIRCLE('',#11096,7.5);
#11096 = AXIS2_PLACEMENT_3D('',#11097,#11098,#11099);
#11097 = CARTESIAN_POINT('',(52.585795441551,-7.445521367442,-14.));
#11098 = DIRECTION('',(2.22044604925E-16,0.,-1.));
#11099 = DIRECTION('',(-1.,0.,-2.22044604925E-16));
#11100 = PCURVE('',#9607,#11101);
#11101 = DEFINITIONAL_REPRESENTATION('',(#11102),#11106);
#11102 = CIRCLE('',#11103,7.5);
#11103 = AXIS2_PLACEMENT_2D('',#11104,#11105);
#11104 = CARTESIAN_POINT('',(18.585795441551,-14.55447863255));
#11105 = DIRECTION('',(-1.,-0.));
#11106 = ( GEOMETRIC_REPRESENTATION_CONTEXT(2) 
PARAMETRIC_REPRESENTATION_CONTEXT() REPRESENTATION_CONTEXT('2D SPACE',''
  ) );
#11107 = PCURVE('',#10140,#11108);
#11108 = DEFINITIONAL_REPRESENTATION('',(#11109),#11113);
#11109 = LINE('',#11110,#11111);
#11110 = CARTESIAN_POINT('',(0.,1.1));
#11111 = VECTOR('',#11112,1.);
#11112 = DIRECTION('',(1.,0.));
#11113 = ( GEOMETRIC_REPRESENTATION_CONTEXT(2) 
PARAMETRIC_REPRESENTATION_CONTEXT() REPRESENTATION_CONTEXT('2D SPACE',''
  ) );
#11114 = ADVANCED_FACE('',(#11115),#9911,.F.);
#11115 = FACE_BOUND('',#11116,.F.);
#11116 = EDGE_LOOP('',(#11117,#11140,#11141,#11142));
#11117 = ORIENTED_EDGE('',*,*,#11118,.F.);
#11118 = EDGE_CURVE('',#10453,#11119,#11121,.T.);
#11119 = VERTEX_POINT('',#11120);
#11120 = CARTESIAN_POINT('',(7.421191986468,59.815543553291,-22.));
#11121 = SURFACE_CURVE('',#11122,(#11126,#11133),.PCURVE_S1.);
#11122 = LINE('',#11123,#11124);
#11123 = CARTESIAN_POINT('',(7.421191986468,59.815543553291,-15.5));
#11124 = VECTOR('',#11125,1.);
#11125 = DIRECTION('',(1.110223024625E-16,0.,-1.));
#11126 = PCURVE('',#9911,#11127);
#11127 = DEFINITIONAL_REPRESENTATION('',(#11128),#11132);
#11128 = LINE('',#11129,#11130);
#11129 = CARTESIAN_POINT('',(0.,0.));
#11130 = VECTOR('',#11131,1.);
#11131 = DIRECTION('',(0.,1.));
#11132 = ( GEOMETRIC_REPRESENTATION_CONTEXT(2) 
PARAMETRIC_REPRESENTATION_CONTEXT() REPRESENTATION_CONTEXT('2D SPACE',''
  ) );
#11133 = PCURVE('',#10702,#11134);
#11134 = DEFINITIONAL_REPRESENTATION('',(#11135),#11139);
#11135 = LINE('',#11136,#11137);
#11136 = CARTESIAN_POINT('',(0.,0.));
#11137 = VECTOR('',#11138,1.);
#11138 = DIRECTION('',(1.,0.));
#11139 = ( GEOMETRIC_REPRESENTATION_CONTEXT(2) 
PARAMETRIC_REPRESENTATION_CONTEXT() REPRESENTATION_CONTEXT('2D SPACE',''
  ) );
#11140 = ORIENTED_EDGE('',*,*,#10452,.T.);
#11141 = ORIENTED_EDGE('',*,*,#9895,.T.);
#11142 = ORIENTED_EDGE('',*,*,#11143,.F.);
#11143 = EDGE_CURVE('',#11119,#9867,#11144,.T.);
#11144 = SURFACE_CURVE('',#11145,(#11149,#11156),.PCURVE_S1.);
#11145 = LINE('',#11146,#11147);
#11146 = CARTESIAN_POINT('',(7.421191986468,59.815543553291,-22.));
#11147 = VECTOR('',#11148,1.);
#11148 = DIRECTION('',(1.,0.,1.110223024625E-16));
#11149 = PCURVE('',#9911,#11150);
#11150 = DEFINITIONAL_REPRESENTATION('',(#11151),#11155);
#11151 = LINE('',#11152,#11153);
#11152 = CARTESIAN_POINT('',(-7.216449660064E-16,6.5));
#11153 = VECTOR('',#11154,1.);
#11154 = DIRECTION('',(1.,0.));
#11155 = ( GEOMETRIC_REPRESENTATION_CONTEXT(2) 
PARAMETRIC_REPRESENTATION_CONTEXT() REPRESENTATION_CONTEXT('2D SPACE',''
  ) );
#11156 = PCURVE('',#9883,#11157);
#11157 = DEFINITIONAL_REPRESENTATION('',(#11158),#11162);
#11158 = LINE('',#11159,#11160);
#11159 = CARTESIAN_POINT('',(0.,0.));
#11160 = VECTOR('',#11161,1.);
#11161 = DIRECTION('',(1.,0.));
#11162 = ( GEOMETRIC_REPRESENTATION_CONTEXT(2) 
PARAMETRIC_REPRESENTATION_CONTEXT() REPRESENTATION_CONTEXT('2D SPACE',''
  ) );
#11163 = ADVANCED_FACE('',(#11164),#9883,.T.);
#11164 = FACE_BOUND('',#11165,.T.);
#11165 = EDGE_LOOP('',(#11166,#11167,#11168,#11191,#11219));
#11166 = ORIENTED_EDGE('',*,*,#9866,.F.);
#11167 = ORIENTED_EDGE('',*,*,#11143,.F.);
#11168 = ORIENTED_EDGE('',*,*,#11169,.T.);
#11169 = EDGE_CURVE('',#11119,#11170,#11172,.T.);
#11170 = VERTEX_POINT('',#11171);
#11171 = CARTESIAN_POINT('',(7.421191986468,64.231936408941,-22.));
#11172 = SURFACE_CURVE('',#11173,(#11177,#11184),.PCURVE_S1.);
#11173 = LINE('',#11174,#11175);
#11174 = CARTESIAN_POINT('',(7.421191986468,59.815543553291,-22.));
#11175 = VECTOR('',#11176,1.);
#11176 = DIRECTION('',(0.,1.,0.));
#11177 = PCURVE('',#9883,#11178);
#11178 = DEFINITIONAL_REPRESENTATION('',(#11179),#11183);
#11179 = LINE('',#11180,#11181);
#11180 = CARTESIAN_POINT('',(0.,0.));
#11181 = VECTOR('',#11182,1.);
#11182 = DIRECTION('',(0.,-1.));
#11183 = ( GEOMETRIC_REPRESENTATION_CONTEXT(2) 
PARAMETRIC_REPRESENTATION_CONTEXT() REPRESENTATION_CONTEXT('2D SPACE',''
  ) );
#11184 = PCURVE('',#10702,#11185);
#11185 = DEFINITIONAL_REPRESENTATION('',(#11186),#11190);
#11186 = LINE('',#11187,#11188);
#11187 = CARTESIAN_POINT('',(6.5,0.));
#11188 = VECTOR('',#11189,1.);
#11189 = DIRECTION('',(0.,1.));
#11190 = ( GEOMETRIC_REPRESENTATION_CONTEXT(2) 
PARAMETRIC_REPRESENTATION_CONTEXT() REPRESENTATION_CONTEXT('2D SPACE',''
  ) );
#11191 = ORIENTED_EDGE('',*,*,#11192,.T.);
#11192 = EDGE_CURVE('',#11170,#11193,#11195,.T.);
#11193 = VERTEX_POINT('',#11194);
#11194 = CARTESIAN_POINT('',(7.424297649787,64.148386965845,-22.));
#11195 = SURFACE_CURVE('',#11196,(#11200,#11207),.PCURVE_S1.);
#11196 = LINE('',#11197,#11198);
#11197 = CARTESIAN_POINT('',(6.544117677297,87.827240393216,-22.));
#11198 = VECTOR('',#11199,1.);
#11199 = DIRECTION('',(3.714590832131E-02,-0.999309852596,
    4.124024268893E-18));
#11200 = PCURVE('',#9883,#11201);
#11201 = DEFINITIONAL_REPRESENTATION('',(#11202),#11206);
#11202 = LINE('',#11203,#11204);
#11203 = CARTESIAN_POINT('',(-0.877074309171,-28.01169683992));
#11204 = VECTOR('',#11205,1.);
#11205 = DIRECTION('',(3.714590832131E-02,0.999309852596));
#11206 = ( GEOMETRIC_REPRESENTATION_CONTEXT(2) 
PARAMETRIC_REPRESENTATION_CONTEXT() REPRESENTATION_CONTEXT('2D SPACE',''
  ) );
#11207 = PCURVE('',#11208,#11213);
#11208 = PLANE('',#11209);
#11209 = AXIS2_PLACEMENT_3D('',#11210,#11211,#11212);
#11210 = CARTESIAN_POINT('',(5.503105663319,115.83284341255,-20.));
#11211 = DIRECTION('',(-0.999309852596,-3.714590832131E-02,
    -1.109456807087E-16));
#11212 = DIRECTION('',(1.110223024625E-16,0.,-1.));
#11213 = DEFINITIONAL_REPRESENTATION('',(#11214),#11218);
#11214 = LINE('',#11215,#11216);
#11215 = CARTESIAN_POINT('',(2.,28.024944361943));
#11216 = VECTOR('',#11217,1.);
#11217 = DIRECTION('',(0.,1.));
#11218 = ( GEOMETRIC_REPRESENTATION_CONTEXT(2) 
PARAMETRIC_REPRESENTATION_CONTEXT() REPRESENTATION_CONTEXT('2D SPACE',''
  ) );
#11219 = ORIENTED_EDGE('',*,*,#11220,.T.);
#11220 = EDGE_CURVE('',#11193,#9839,#11221,.T.);
#11221 = SURFACE_CURVE('',#11222,(#11226,#11233),.PCURVE_S1.);
#11222 = LINE('',#11223,#11224);
#11223 = CARTESIAN_POINT('',(11.839223134065,64.312496642997,-22.));
#11224 = VECTOR('',#11225,1.);
#11225 = DIRECTION('',(0.999309852596,3.714590832131E-02,
    1.109456807087E-16));
#11226 = PCURVE('',#9883,#11227);
#11227 = DEFINITIONAL_REPRESENTATION('',(#11228),#11232);
#11228 = LINE('',#11229,#11230);
#11229 = CARTESIAN_POINT('',(4.418031147596,-4.496953089706));
#11230 = VECTOR('',#11231,1.);
#11231 = DIRECTION('',(0.999309852596,-3.714590832131E-02));
#11232 = ( GEOMETRIC_REPRESENTATION_CONTEXT(2) 
PARAMETRIC_REPRESENTATION_CONTEXT() REPRESENTATION_CONTEXT('2D SPACE',''
  ) );
#11233 = PCURVE('',#9854,#11234);
#11234 = DEFINITIONAL_REPRESENTATION('',(#11235),#11239);
#11235 = LINE('',#11236,#11237);
#11236 = CARTESIAN_POINT('',(4.582025462063,2.));
#11237 = VECTOR('',#11238,1.);
#11238 = DIRECTION('',(-1.,0.));
#11239 = ( GEOMETRIC_REPRESENTATION_CONTEXT(2) 
PARAMETRIC_REPRESENTATION_CONTEXT() REPRESENTATION_CONTEXT('2D SPACE',''
  ) );
#11240 = ADVANCED_FACE('',(#11241),#9854,.T.);
#11241 = FACE_BOUND('',#11242,.T.);
#11242 = EDGE_LOOP('',(#11243,#11244,#11245,#11268));
#11243 = ORIENTED_EDGE('',*,*,#9838,.F.);
#11244 = ORIENTED_EDGE('',*,*,#11220,.F.);
#11245 = ORIENTED_EDGE('',*,*,#11246,.T.);
#11246 = EDGE_CURVE('',#11193,#11247,#11249,.T.);
#11247 = VERTEX_POINT('',#11248);
#11248 = CARTESIAN_POINT('',(7.424297649787,64.148386965845,-24.));
#11249 = SURFACE_CURVE('',#11250,(#11254,#11261),.PCURVE_S1.);
#11250 = LINE('',#11251,#11252);
#11251 = CARTESIAN_POINT('',(7.424297649787,64.148386965845,-20.));
#11252 = VECTOR('',#11253,1.);
#11253 = DIRECTION('',(1.110223024625E-16,0.,-1.));
#11254 = PCURVE('',#9854,#11255);
#11255 = DEFINITIONAL_REPRESENTATION('',(#11256),#11260);
#11256 = LINE('',#11257,#11258);
#11257 = CARTESIAN_POINT('',(9.,-9.985111263779E-16));
#11258 = VECTOR('',#11259,1.);
#11259 = DIRECTION('',(0.,1.));
#11260 = ( GEOMETRIC_REPRESENTATION_CONTEXT(2) 
PARAMETRIC_REPRESENTATION_CONTEXT() REPRESENTATION_CONTEXT('2D SPACE',''
  ) );
#11261 = PCURVE('',#11208,#11262);
#11262 = DEFINITIONAL_REPRESENTATION('',(#11263),#11267);
#11263 = LINE('',#11264,#11265);
#11264 = CARTESIAN_POINT('',(2.132951578103E-16,51.72015097465));
#11265 = VECTOR('',#11266,1.);
#11266 = DIRECTION('',(1.,0.));
#11267 = ( GEOMETRIC_REPRESENTATION_CONTEXT(2) 
PARAMETRIC_REPRESENTATION_CONTEXT() REPRESENTATION_CONTEXT('2D SPACE',''
  ) );
#11268 = ORIENTED_EDGE('',*,*,#11269,.F.);
#11269 = EDGE_CURVE('',#9810,#11247,#11270,.T.);
#11270 = SURFACE_CURVE('',#11271,(#11275,#11282),.PCURVE_S1.);
#11271 = LINE('',#11272,#11273);
#11272 = CARTESIAN_POINT('',(16.418086323149,64.482700140737,-24.));
#11273 = VECTOR('',#11274,1.);
#11274 = DIRECTION('',(-0.999309852596,-3.714590832131E-02,
    -1.109456807087E-16));
#11275 = PCURVE('',#9854,#11276);
#11276 = DEFINITIONAL_REPRESENTATION('',(#11277),#11281);
#11277 = LINE('',#11278,#11279);
#11278 = CARTESIAN_POINT('',(4.448137289019E-16,4.));
#11279 = VECTOR('',#11280,1.);
#11280 = DIRECTION('',(1.,0.));
#11281 = ( GEOMETRIC_REPRESENTATION_CONTEXT(2) 
PARAMETRIC_REPRESENTATION_CONTEXT() REPRESENTATION_CONTEXT('2D SPACE',''
  ) );
#11282 = PCURVE('',#9826,#11283);
#11283 = DEFINITIONAL_REPRESENTATION('',(#11284),#11288);
#11284 = LINE('',#11285,#11286);
#11285 = CARTESIAN_POINT('',(39.144232675224,-38.66524484838));
#11286 = VECTOR('',#11287,1.);
#11287 = DIRECTION('',(0.684126158891,0.729363694408));
#11288 = ( GEOMETRIC_REPRESENTATION_CONTEXT(2) 
PARAMETRIC_REPRESENTATION_CONTEXT() REPRESENTATION_CONTEXT('2D SPACE',''
  ) );
#11289 = ADVANCED_FACE('',(#11290),#9826,.T.);
#11290 = FACE_BOUND('',#11291,.T.);
#11291 = EDGE_LOOP('',(#11292,#11315,#11343,#11371,#11399,#11427,#11455,
    #11484,#11512,#11533,#11534));
#11292 = ORIENTED_EDGE('',*,*,#11293,.F.);
#11293 = EDGE_CURVE('',#11294,#11247,#11296,.T.);
#11294 = VERTEX_POINT('',#11295);
#11295 = CARTESIAN_POINT('',(6.,102.46524981249,-24.));
#11296 = SURFACE_CURVE('',#11297,(#11301,#11308),.PCURVE_S1.);
#11297 = LINE('',#11298,#11299);
#11298 = CARTESIAN_POINT('',(5.503105663319,115.83284341255,-24.));
#11299 = VECTOR('',#11300,1.);
#11300 = DIRECTION('',(3.714590832131E-02,-0.999309852596,
    4.124024268893E-18));
#11301 = PCURVE('',#9826,#11302);
#11302 = DEFINITIONAL_REPRESENTATION('',(#11303),#11307);
#11303 = LINE('',#11304,#11305);
#11304 = CARTESIAN_POINT('',(7.578567715009,3.282136624838));
#11305 = VECTOR('',#11306,1.);
#11306 = DIRECTION('',(0.729363694408,-0.684126158891));
#11307 = ( GEOMETRIC_REPRESENTATION_CONTEXT(2) 
PARAMETRIC_REPRESENTATION_CONTEXT() REPRESENTATION_CONTEXT('2D SPACE',''
  ) );
#11308 = PCURVE('',#11208,#11309);
#11309 = DEFINITIONAL_REPRESENTATION('',(#11310),#11314);
#11310 = LINE('',#11311,#11312);
#11311 = CARTESIAN_POINT('',(4.,-1.649609707557E-17));
#11312 = VECTOR('',#11313,1.);
#11313 = DIRECTION('',(0.,1.));
#11314 = ( GEOMETRIC_REPRESENTATION_CONTEXT(2) 
PARAMETRIC_REPRESENTATION_CONTEXT() REPRESENTATION_CONTEXT('2D SPACE',''
  ) );
#11315 = ORIENTED_EDGE('',*,*,#11316,.F.);
#11316 = EDGE_CURVE('',#11317,#11294,#11319,.T.);
#11317 = VERTEX_POINT('',#11318);
#11318 = CARTESIAN_POINT('',(6.,127.98131715795,-24.));
#11319 = SURFACE_CURVE('',#11320,(#11324,#11331),.PCURVE_S1.);
#11320 = LINE('',#11321,#11322);
#11321 = CARTESIAN_POINT('',(6.,-32.80288616956,-24.));
#11322 = VECTOR('',#11323,1.);
#11323 = DIRECTION('',(0.,-1.,0.));
#11324 = PCURVE('',#9826,#11325);
#11325 = DEFINITIONAL_REPRESENTATION('',(#11326),#11330);
#11326 = LINE('',#11327,#11328);
#11327 = CARTESIAN_POINT('',(119.36421614825,-94.68110044269));
#11328 = VECTOR('',#11329,1.);
#11329 = DIRECTION('',(0.754272813526,-0.656561134073));
#11330 = ( GEOMETRIC_REPRESENTATION_CONTEXT(2) 
PARAMETRIC_REPRESENTATION_CONTEXT() REPRESENTATION_CONTEXT('2D SPACE',''
  ) );
#11331 = PCURVE('',#11332,#11337);
#11332 = PLANE('',#11333);
#11333 = AXIS2_PLACEMENT_3D('',#11334,#11335,#11336);
#11334 = CARTESIAN_POINT('',(6.,-185.,40.));
#11335 = DIRECTION('',(1.,0.,1.110223024625E-16));
#11336 = DIRECTION('',(1.110223024625E-16,0.,-1.));
#11337 = DEFINITIONAL_REPRESENTATION('',(#11338),#11342);
#11338 = LINE('',#11339,#11340);
#11339 = CARTESIAN_POINT('',(64.,152.19711383043));
#11340 = VECTOR('',#11341,1.);
#11341 = DIRECTION('',(0.,-1.));
#11342 = ( GEOMETRIC_REPRESENTATION_CONTEXT(2) 
PARAMETRIC_REPRESENTATION_CONTEXT() REPRESENTATION_CONTEXT('2D SPACE',''
  ) );
#11343 = ORIENTED_EDGE('',*,*,#11344,.T.);
#11344 = EDGE_CURVE('',#11317,#11345,#11347,.T.);
#11345 = VERTEX_POINT('',#11346);
#11346 = CARTESIAN_POINT('',(13.527396621454,128.57194048236,-24.));
#11347 = SURFACE_CURVE('',#11348,(#11352,#11359),.PCURVE_S1.);
#11348 = LINE('',#11349,#11350);
#11349 = CARTESIAN_POINT('',(4.554973458202,127.8679358094,-24.));
#11350 = VECTOR('',#11351,1.);
#11351 = DIRECTION('',(0.996935907028,7.822274143943E-02,
    1.106821198058E-16));
#11352 = PCURVE('',#9826,#11353);
#11353 = DEFINITIONAL_REPRESENTATION('',(#11354),#11358);
#11354 = LINE('',#11355,#11356);
#11355 = CARTESIAN_POINT('',(-0.876668532372,11.899060883536));
#11356 = VECTOR('',#11357,1.);
#11357 = DIRECTION('',(-0.713550656983,-0.70060363967));
#11358 = ( GEOMETRIC_REPRESENTATION_CONTEXT(2) 
PARAMETRIC_REPRESENTATION_CONTEXT() REPRESENTATION_CONTEXT('2D SPACE',''
  ) );
#11359 = PCURVE('',#11360,#11365);
#11360 = PLANE('',#11361);
#11361 = AXIS2_PLACEMENT_3D('',#11362,#11363,#11364);
#11362 = CARTESIAN_POINT('',(4.554973458202,127.8679358094,-20.));
#11363 = DIRECTION('',(-7.822274143943E-02,0.996935907028,
    -8.684468859536E-18));
#11364 = DIRECTION('',(0.996935907028,7.822274143943E-02,
    1.106821198058E-16));
#11365 = DEFINITIONAL_REPRESENTATION('',(#11366),#11370);
#11366 = LINE('',#11367,#11368);
#11367 = CARTESIAN_POINT('',(-4.427284792232E-16,4.));
#11368 = VECTOR('',#11369,1.);
#11369 = DIRECTION('',(1.,0.));
#11370 = ( GEOMETRIC_REPRESENTATION_CONTEXT(2) 
PARAMETRIC_REPRESENTATION_CONTEXT() REPRESENTATION_CONTEXT('2D SPACE',''
  ) );
#11371 = ORIENTED_EDGE('',*,*,#11372,.F.);
#11372 = EDGE_CURVE('',#11373,#11345,#11375,.T.);
#11373 = VERTEX_POINT('',#11374);
#11374 = CARTESIAN_POINT('',(14.342291635575,118.18623825451,-24.));
#11375 = SURFACE_CURVE('',#11376,(#11380,#11387),.PCURVE_S1.);
#11376 = LINE('',#11377,#11378);
#11377 = CARTESIAN_POINT('',(14.486211581626,116.35200233647,-24.));
#11378 = VECTOR('',#11379,1.);
#11379 = DIRECTION('',(-7.822274143943E-02,0.996935907028,
    -8.684468859536E-18));
#11380 = PCURVE('',#9826,#11381);
#11381 = DEFINITIONAL_REPRESENTATION('',(#11382),#11386);
#11382 = LINE('',#11383,#11384);
#11383 = CARTESIAN_POINT('',(1.289022043574,-3.152716378514));
#11384 = VECTOR('',#11385,1.);
#11385 = DIRECTION('',(-0.70060363967,0.713550656983));
#11386 = ( GEOMETRIC_REPRESENTATION_CONTEXT(2) 
PARAMETRIC_REPRESENTATION_CONTEXT() REPRESENTATION_CONTEXT('2D SPACE',''
  ) );
#11387 = PCURVE('',#11388,#11393);
#11388 = PLANE('',#11389);
#11389 = AXIS2_PLACEMENT_3D('',#11390,#11391,#11392);
#11390 = CARTESIAN_POINT('',(14.486211581626,116.35200233647,-20.));
#11391 = DIRECTION('',(0.996935907028,7.822274143943E-02,
    1.106821198058E-16));
#11392 = DIRECTION('',(1.110223024625E-16,0.,-1.));
#11393 = DEFINITIONAL_REPRESENTATION('',(#11394),#11398);
#11394 = LINE('',#11395,#11396);
#11395 = CARTESIAN_POINT('',(4.,9.007893534105E-17));
#11396 = VECTOR('',#11397,1.);
#11397 = DIRECTION('',(0.,1.));
#11398 = ( GEOMETRIC_REPRESENTATION_CONTEXT(2) 
PARAMETRIC_REPRESENTATION_CONTEXT() REPRESENTATION_CONTEXT('2D SPACE',''
  ) );
#11399 = ORIENTED_EDGE('',*,*,#11400,.T.);
#11400 = EDGE_CURVE('',#11373,#11401,#11403,.T.);
#11401 = VERTEX_POINT('',#11402);
#11402 = CARTESIAN_POINT('',(92.317362914154,50.312386366994,-24.));
#11403 = SURFACE_CURVE('',#11404,(#11408,#11415),.PCURVE_S1.);
#11404 = LINE('',#11405,#11406);
#11405 = CARTESIAN_POINT('',(12.954525103328,119.39422766086,-24.));
#11406 = VECTOR('',#11407,1.);
#11407 = DIRECTION('',(0.754272813526,-0.656561134073,8.374110444258E-17
    ));
#11408 = PCURVE('',#9826,#11409);
#11409 = DEFINITIONAL_REPRESENTATION('',(#11410),#11414);
#11410 = LINE('',#11411,#11412);
#11411 = CARTESIAN_POINT('',(2.332573721989E-15,2.679715342163E-15));
#11412 = VECTOR('',#11413,1.);
#11413 = DIRECTION('',(7.988307251492E-19,-1.));
#11414 = ( GEOMETRIC_REPRESENTATION_CONTEXT(2) 
PARAMETRIC_REPRESENTATION_CONTEXT() REPRESENTATION_CONTEXT('2D SPACE',''
  ) );
#11415 = PCURVE('',#11416,#11421);
#11416 = PLANE('',#11417);
#11417 = AXIS2_PLACEMENT_3D('',#11418,#11419,#11420);
#11418 = CARTESIAN_POINT('',(12.954525103328,119.39422766086,-20.));
#11419 = DIRECTION('',(-0.656561134073,-0.754272813526,
    -7.289292881217E-17));
#11420 = DIRECTION('',(1.110223024625E-16,0.,-1.));
#11421 = DEFINITIONAL_REPRESENTATION('',(#11422),#11426);
#11422 = LINE('',#11423,#11424);
#11423 = CARTESIAN_POINT('',(4.,-3.349644177703E-16));
#11424 = VECTOR('',#11425,1.);
#11425 = DIRECTION('',(0.,1.));
#11426 = ( GEOMETRIC_REPRESENTATION_CONTEXT(2) 
PARAMETRIC_REPRESENTATION_CONTEXT() REPRESENTATION_CONTEXT('2D SPACE',''
  ) );
#11427 = ORIENTED_EDGE('',*,*,#11428,.T.);
#11428 = EDGE_CURVE('',#11401,#11429,#11431,.T.);
#11429 = VERTEX_POINT('',#11430);
#11430 = CARTESIAN_POINT('',(89.714480624877,47.322134209618,-24.));
#11431 = SURFACE_CURVE('',#11432,(#11436,#11443),.PCURVE_S1.);
#11432 = LINE('',#11433,#11434);
#11433 = CARTESIAN_POINT('',(92.317362914154,50.312386366994,-24.));
#11434 = VECTOR('',#11435,1.);
#11435 = DIRECTION('',(-0.656561134073,-0.754272813526,
    -7.289292881217E-17));
#11436 = PCURVE('',#9826,#11437);
#11437 = DEFINITIONAL_REPRESENTATION('',(#11438),#11442);
#11438 = LINE('',#11439,#11440);
#11439 = CARTESIAN_POINT('',(5.341645114081E-15,-105.2176830287));
#11440 = VECTOR('',#11441,1.);
#11441 = DIRECTION('',(1.,-7.988307251492E-19));
#11442 = ( GEOMETRIC_REPRESENTATION_CONTEXT(2) 
PARAMETRIC_REPRESENTATION_CONTEXT() REPRESENTATION_CONTEXT('2D SPACE',''
  ) );
#11443 = PCURVE('',#11444,#11449);
#11444 = PLANE('',#11445);
#11445 = AXIS2_PLACEMENT_3D('',#11446,#11447,#11448);
#11446 = CARTESIAN_POINT('',(92.317362914154,50.312386366994,-20.));
#11447 = DIRECTION('',(0.754272813526,-0.656561134073,8.374110444258E-17
    ));
#11448 = DIRECTION('',(-0.656561134073,-0.754272813526,
    -7.289292881217E-17));
#11449 = DEFINITIONAL_REPRESENTATION('',(#11450),#11454);
#11450 = LINE('',#11451,#11452);
#11451 = CARTESIAN_POINT('',(2.915717152487E-16,4.));
#11452 = VECTOR('',#11453,1.);
#11453 = DIRECTION('',(1.,0.));
#11454 = ( GEOMETRIC_REPRESENTATION_CONTEXT(2) 
PARAMETRIC_REPRESENTATION_CONTEXT() REPRESENTATION_CONTEXT('2D SPACE',''
  ) );
#11455 = ORIENTED_EDGE('',*,*,#11456,.F.);
#11456 = EDGE_CURVE('',#11457,#11429,#11459,.T.);
#11457 = VERTEX_POINT('',#11458);
#11458 = CARTESIAN_POINT('',(83.150162086302,46.360007102184,-24.));
#11459 = SURFACE_CURVE('',#11460,(#11465,#11472),.PCURVE_S1.);
#11460 = CIRCLE('',#11461,6.8);
#11461 = AXIS2_PLACEMENT_3D('',#11462,#11463,#11464);
#11462 = CARTESIAN_POINT('',(87.293157873696,40.967828886877,-24.));
#11463 = DIRECTION('',(2.22044604925E-16,0.,-1.));
#11464 = DIRECTION('',(-1.,0.,-2.22044604925E-16));
#11465 = PCURVE('',#9826,#11466);
#11466 = DEFINITIONAL_REPRESENTATION('',(#11467),#11471);
#11467 = CIRCLE('',#11468,6.8);
#11468 = AXIS2_PLACEMENT_2D('',#11469,#11470);
#11469 = CARTESIAN_POINT('',(10.347043420865,-107.5633350137));
#11470 = DIRECTION('',(0.656561134073,0.754272813526));
#11471 = ( GEOMETRIC_REPRESENTATION_CONTEXT(2) 
PARAMETRIC_REPRESENTATION_CONTEXT() REPRESENTATION_CONTEXT('2D SPACE',''
  ) );
#11472 = PCURVE('',#11473,#11478);
#11473 = CYLINDRICAL_SURFACE('',#11474,6.8);
#11474 = AXIS2_PLACEMENT_3D('',#11475,#11476,#11477);
#11475 = CARTESIAN_POINT('',(87.293157873696,40.967828886877,-3.5));
#11476 = DIRECTION('',(2.22044604925E-16,0.,-1.));
#11477 = DIRECTION('',(-1.,0.,-2.22044604925E-16));
#11478 = DEFINITIONAL_REPRESENTATION('',(#11479),#11483);
#11479 = LINE('',#11480,#11481);
#11480 = CARTESIAN_POINT('',(0.,20.5));
#11481 = VECTOR('',#11482,1.);
#11482 = DIRECTION('',(1.,0.));
#11483 = ( GEOMETRIC_REPRESENTATION_CONTEXT(2) 
PARAMETRIC_REPRESENTATION_CONTEXT() REPRESENTATION_CONTEXT('2D SPACE',''
  ) );
#11484 = ORIENTED_EDGE('',*,*,#11485,.F.);
#11485 = EDGE_CURVE('',#11486,#11457,#11488,.T.);
#11486 = VERTEX_POINT('',#11487);
#11487 = CARTESIAN_POINT('',(14.882864715666,105.78367103115,-24.));
#11488 = SURFACE_CURVE('',#11489,(#11493,#11500),.PCURVE_S1.);
#11489 = LINE('',#11490,#11491);
#11490 = CARTESIAN_POINT('',(7.045474896672,112.60577233913,-24.));
#11491 = VECTOR('',#11492,1.);
#11492 = DIRECTION('',(0.754272813526,-0.656561134073,8.374110444258E-17
    ));
#11493 = PCURVE('',#9826,#11494);
#11494 = DEFINITIONAL_REPRESENTATION('',(#11495),#11499);
#11495 = LINE('',#11496,#11497);
#11496 = CARTESIAN_POINT('',(9.,5.555310708896E-15));
#11497 = VECTOR('',#11498,1.);
#11498 = DIRECTION('',(7.988307251492E-19,-1.));
#11499 = ( GEOMETRIC_REPRESENTATION_CONTEXT(2) 
PARAMETRIC_REPRESENTATION_CONTEXT() REPRESENTATION_CONTEXT('2D SPACE',''
  ) );
#11500 = PCURVE('',#11501,#11506);
#11501 = PLANE('',#11502);
#11502 = AXIS2_PLACEMENT_3D('',#11503,#11504,#11505);
#11503 = CARTESIAN_POINT('',(7.045474896672,112.60577233913,-20.));
#11504 = DIRECTION('',(-0.656561134073,-0.754272813526,
    -7.289292881217E-17));
#11505 = DIRECTION('',(1.110223024625E-16,0.,-1.));
#11506 = DEFINITIONAL_REPRESENTATION('',(#11507),#11511);
#11507 = LINE('',#11508,#11509);
#11508 = CARTESIAN_POINT('',(4.,-3.349644177703E-16));
#11509 = VECTOR('',#11510,1.);
#11510 = DIRECTION('',(0.,1.));
#11511 = ( GEOMETRIC_REPRESENTATION_CONTEXT(2) 
PARAMETRIC_REPRESENTATION_CONTEXT() REPRESENTATION_CONTEXT('2D SPACE',''
  ) );
#11512 = ORIENTED_EDGE('',*,*,#11513,.T.);
#11513 = EDGE_CURVE('',#11486,#9782,#11514,.T.);
#11514 = SURFACE_CURVE('',#11515,(#11519,#11526),.PCURVE_S1.);
#11515 = LINE('',#11516,#11517);
#11516 = CARTESIAN_POINT('',(14.496894336681,116.16715658744,-24.));
#11517 = VECTOR('',#11518,1.);
#11518 = DIRECTION('',(3.714590832131E-02,-0.999309852596,
    4.124024268893E-18));
#11519 = PCURVE('',#9826,#11520);
#11520 = DEFINITIONAL_REPRESENTATION('',(#11521),#11525);
#11521 = LINE('',#11522,#11523);
#11522 = CARTESIAN_POINT('',(1.421432284991,-3.282136624838));
#11523 = VECTOR('',#11524,1.);
#11524 = DIRECTION('',(0.729363694408,-0.684126158891));
#11525 = ( GEOMETRIC_REPRESENTATION_CONTEXT(2) 
PARAMETRIC_REPRESENTATION_CONTEXT() REPRESENTATION_CONTEXT('2D SPACE',''
  ) );
#11526 = PCURVE('',#9797,#11527);
#11527 = DEFINITIONAL_REPRESENTATION('',(#11528),#11532);
#11528 = LINE('',#11529,#11530);
#11529 = CARTESIAN_POINT('',(4.,-1.649609707557E-17));
#11530 = VECTOR('',#11531,1.);
#11531 = DIRECTION('',(0.,1.));
#11532 = ( GEOMETRIC_REPRESENTATION_CONTEXT(2) 
PARAMETRIC_REPRESENTATION_CONTEXT() REPRESENTATION_CONTEXT('2D SPACE',''
  ) );
#11533 = ORIENTED_EDGE('',*,*,#9809,.F.);
#11534 = ORIENTED_EDGE('',*,*,#11269,.T.);
#11535 = ADVANCED_FACE('',(#11536),#9797,.F.);
#11536 = FACE_BOUND('',#11537,.F.);
#11537 = EDGE_LOOP('',(#11538,#11568,#11589,#11590,#11591,#11614));
#11538 = ORIENTED_EDGE('',*,*,#11539,.F.);
#11539 = EDGE_CURVE('',#11540,#11542,#11544,.T.);
#11540 = VERTEX_POINT('',#11541);
#11541 = CARTESIAN_POINT('',(14.882864715666,105.78367103115,-20.));
#11542 = VERTEX_POINT('',#11543);
#11543 = CARTESIAN_POINT('',(16.25702776483,68.815543553291,-20.));
#11544 = SURFACE_CURVE('',#11545,(#11549,#11556),.PCURVE_S1.);
#11545 = LINE('',#11546,#11547);
#11546 = CARTESIAN_POINT('',(14.496894336681,116.16715658744,-20.));
#11547 = VECTOR('',#11548,1.);
#11548 = DIRECTION('',(3.714590832131E-02,-0.999309852596,
    4.124024268893E-18));
#11549 = PCURVE('',#9797,#11550);
#11550 = DEFINITIONAL_REPRESENTATION('',(#11551),#11555);
#11551 = LINE('',#11552,#11553);
#11552 = CARTESIAN_POINT('',(0.,0.));
#11553 = VECTOR('',#11554,1.);
#11554 = DIRECTION('',(0.,1.));
#11555 = ( GEOMETRIC_REPRESENTATION_CONTEXT(2) 
PARAMETRIC_REPRESENTATION_CONTEXT() REPRESENTATION_CONTEXT('2D SPACE',''
  ) );
#11556 = PCURVE('',#11557,#11562);
#11557 = PLANE('',#11558);
#11558 = AXIS2_PLACEMENT_3D('',#11559,#11560,#11561);
#11559 = CARTESIAN_POINT('',(14.496894336681,116.16715658744,-20.));
#11560 = DIRECTION('',(1.110223024625E-16,0.,-1.));
#11561 = DIRECTION('',(-0.999309852596,-3.714590832131E-02,
    -1.109456807087E-16));
#11562 = DEFINITIONAL_REPRESENTATION('',(#11563),#11567);
#11563 = LINE('',#11564,#11565);
#11564 = CARTESIAN_POINT('',(-0.,0.));
#11565 = VECTOR('',#11566,1.);
#11566 = DIRECTION('',(2.765846940253E-18,-1.));
#11567 = ( GEOMETRIC_REPRESENTATION_CONTEXT(2) 
PARAMETRIC_REPRESENTATION_CONTEXT() REPRESENTATION_CONTEXT('2D SPACE',''
  ) );
#11568 = ORIENTED_EDGE('',*,*,#11569,.F.);
#11569 = EDGE_CURVE('',#11486,#11540,#11570,.T.);
#11570 = SURFACE_CURVE('',#11571,(#11575,#11582),.PCURVE_S1.);
#11571 = LINE('',#11572,#11573);
#11572 = CARTESIAN_POINT('',(14.882864715666,105.78367103115,-20.));
#11573 = VECTOR('',#11574,1.);
#11574 = DIRECTION('',(-1.110223024625E-16,0.,1.));
#11575 = PCURVE('',#9797,#11576);
#11576 = DEFINITIONAL_REPRESENTATION('',(#11577),#11581);
#11577 = LINE('',#11578,#11579);
#11578 = CARTESIAN_POINT('',(4.285132015722E-17,10.390656641));
#11579 = VECTOR('',#11580,1.);
#11580 = DIRECTION('',(-1.,0.));
#11581 = ( GEOMETRIC_REPRESENTATION_CONTEXT(2) 
PARAMETRIC_REPRESENTATION_CONTEXT() REPRESENTATION_CONTEXT('2D SPACE',''
  ) );
#11582 = PCURVE('',#11501,#11583);
#11583 = DEFINITIONAL_REPRESENTATION('',(#11584),#11588);
#11584 = LINE('',#11585,#11586);
#11585 = CARTESIAN_POINT('',(8.701250630009E-16,10.390656641));
#11586 = VECTOR('',#11587,1.);
#11587 = DIRECTION('',(-1.,0.));
#11588 = ( GEOMETRIC_REPRESENTATION_CONTEXT(2) 
PARAMETRIC_REPRESENTATION_CONTEXT() REPRESENTATION_CONTEXT('2D SPACE',''
  ) );
#11589 = ORIENTED_EDGE('',*,*,#11513,.T.);
#11590 = ORIENTED_EDGE('',*,*,#9781,.F.);
#11591 = ORIENTED_EDGE('',*,*,#11592,.F.);
#11592 = EDGE_CURVE('',#11593,#9753,#11595,.T.);
#11593 = VERTEX_POINT('',#11594);
#11594 = CARTESIAN_POINT('',(16.25702776483,68.815543553291,-22.));
#11595 = SURFACE_CURVE('',#11596,(#11600,#11607),.PCURVE_S1.);
#11596 = LINE('',#11597,#11598);
#11597 = CARTESIAN_POINT('',(15.537906350659,88.161553568108,-22.));
#11598 = VECTOR('',#11599,1.);
#11599 = DIRECTION('',(3.714590832131E-02,-0.999309852596,
    4.124024268893E-18));
#11600 = PCURVE('',#9797,#11601);
#11601 = DEFINITIONAL_REPRESENTATION('',(#11602),#11606);
#11602 = LINE('',#11603,#11604);
#11603 = CARTESIAN_POINT('',(2.,28.024944361943));
#11604 = VECTOR('',#11605,1.);
#11605 = DIRECTION('',(0.,1.));
#11606 = ( GEOMETRIC_REPRESENTATION_CONTEXT(2) 
PARAMETRIC_REPRESENTATION_CONTEXT() REPRESENTATION_CONTEXT('2D SPACE',''
  ) );
#11607 = PCURVE('',#9769,#11608);
#11608 = DEFINITIONAL_REPRESENTATION('',(#11609),#11613);
#11609 = LINE('',#11610,#11611);
#11610 = CARTESIAN_POINT('',(8.116714364191,-28.34601001481));
#11611 = VECTOR('',#11612,1.);
#11612 = DIRECTION('',(3.714590832131E-02,0.999309852596));
#11613 = ( GEOMETRIC_REPRESENTATION_CONTEXT(2) 
PARAMETRIC_REPRESENTATION_CONTEXT() REPRESENTATION_CONTEXT('2D SPACE',''
  ) );
#11614 = ORIENTED_EDGE('',*,*,#11615,.F.);
#11615 = EDGE_CURVE('',#11542,#11593,#11616,.T.);
#11616 = SURFACE_CURVE('',#11617,(#11621,#11628),.PCURVE_S1.);
#11617 = LINE('',#11618,#11619);
#11618 = CARTESIAN_POINT('',(16.25702776483,68.815543553291,-17.75));
#11619 = VECTOR('',#11620,1.);
#11620 = DIRECTION('',(1.110223024625E-16,0.,-1.));
#11621 = PCURVE('',#9797,#11622);
#11622 = DEFINITIONAL_REPRESENTATION('',(#11623),#11627);
#11623 = LINE('',#11624,#11625);
#11624 = CARTESIAN_POINT('',(-2.25,47.384315196289));
#11625 = VECTOR('',#11626,1.);
#11626 = DIRECTION('',(1.,0.));
#11627 = ( GEOMETRIC_REPRESENTATION_CONTEXT(2) 
PARAMETRIC_REPRESENTATION_CONTEXT() REPRESENTATION_CONTEXT('2D SPACE',''
  ) );
#11628 = PCURVE('',#10676,#11629);
#11629 = DEFINITIONAL_REPRESENTATION('',(#11630),#11634);
#11630 = LINE('',#11631,#11632);
#11631 = CARTESIAN_POINT('',(8.835835778362,2.25));
#11632 = VECTOR('',#11633,1.);
#11633 = DIRECTION('',(0.,1.));
#11634 = ( GEOMETRIC_REPRESENTATION_CONTEXT(2) 
PARAMETRIC_REPRESENTATION_CONTEXT() REPRESENTATION_CONTEXT('2D SPACE',''
  ) );
#11635 = ADVANCED_FACE('',(#11636),#9769,.T.);
#11636 = FACE_BOUND('',#11637,.T.);
#11637 = EDGE_LOOP('',(#11638,#11661,#11662,#11663));
#11638 = ORIENTED_EDGE('',*,*,#11639,.F.);
#11639 = EDGE_CURVE('',#9725,#11640,#11642,.T.);
#11640 = VERTEX_POINT('',#11641);
#11641 = CARTESIAN_POINT('',(16.421191986468,68.815543553291,-22.));
#11642 = SURFACE_CURVE('',#11643,(#11647,#11654),.PCURVE_S1.);
#11643 = LINE('',#11644,#11645);
#11644 = CARTESIAN_POINT('',(16.421191986468,59.815543553291,-22.));
#11645 = VECTOR('',#11646,1.);
#11646 = DIRECTION('',(0.,1.,0.));
#11647 = PCURVE('',#9769,#11648);
#11648 = DEFINITIONAL_REPRESENTATION('',(#11649),#11653);
#11649 = LINE('',#11650,#11651);
#11650 = CARTESIAN_POINT('',(9.,0.));
#11651 = VECTOR('',#11652,1.);
#11652 = DIRECTION('',(0.,-1.));
#11653 = ( GEOMETRIC_REPRESENTATION_CONTEXT(2) 
PARAMETRIC_REPRESENTATION_CONTEXT() REPRESENTATION_CONTEXT('2D SPACE',''
  ) );
#11654 = PCURVE('',#9740,#11655);
#11655 = DEFINITIONAL_REPRESENTATION('',(#11656),#11660);
#11656 = LINE('',#11657,#11658);
#11657 = CARTESIAN_POINT('',(6.5,0.));
#11658 = VECTOR('',#11659,1.);
#11659 = DIRECTION('',(0.,1.));
#11660 = ( GEOMETRIC_REPRESENTATION_CONTEXT(2) 
PARAMETRIC_REPRESENTATION_CONTEXT() REPRESENTATION_CONTEXT('2D SPACE',''
  ) );
#11661 = ORIENTED_EDGE('',*,*,#9752,.F.);
#11662 = ORIENTED_EDGE('',*,*,#11592,.F.);
#11663 = ORIENTED_EDGE('',*,*,#11664,.T.);
#11664 = EDGE_CURVE('',#11593,#11640,#11665,.T.);
#11665 = SURFACE_CURVE('',#11666,(#11670,#11677),.PCURVE_S1.);
#11666 = LINE('',#11667,#11668);
#11667 = CARTESIAN_POINT('',(7.421191986468,68.815543553291,-22.));
#11668 = VECTOR('',#11669,1.);
#11669 = DIRECTION('',(1.,0.,1.110223024625E-16));
#11670 = PCURVE('',#9769,#11671);
#11671 = DEFINITIONAL_REPRESENTATION('',(#11672),#11676);
#11672 = LINE('',#11673,#11674);
#11673 = CARTESIAN_POINT('',(0.,-9.));
#11674 = VECTOR('',#11675,1.);
#11675 = DIRECTION('',(1.,0.));
#11676 = ( GEOMETRIC_REPRESENTATION_CONTEXT(2) 
PARAMETRIC_REPRESENTATION_CONTEXT() REPRESENTATION_CONTEXT('2D SPACE',''
  ) );
#11677 = PCURVE('',#10676,#11678);
#11678 = DEFINITIONAL_REPRESENTATION('',(#11679),#11683);
#11679 = LINE('',#11680,#11681);
#11680 = CARTESIAN_POINT('',(-7.216449660064E-16,6.5));
#11681 = VECTOR('',#11682,1.);
#11682 = DIRECTION('',(1.,0.));
#11683 = ( GEOMETRIC_REPRESENTATION_CONTEXT(2) 
PARAMETRIC_REPRESENTATION_CONTEXT() REPRESENTATION_CONTEXT('2D SPACE',''
  ) );
#11684 = ADVANCED_FACE('',(#11685),#9740,.T.);
#11685 = FACE_BOUND('',#11686,.T.);
#11686 = EDGE_LOOP('',(#11687,#11688,#11689,#11710));
#11687 = ORIENTED_EDGE('',*,*,#9724,.T.);
#11688 = ORIENTED_EDGE('',*,*,#11639,.T.);
#11689 = ORIENTED_EDGE('',*,*,#11690,.F.);
#11690 = EDGE_CURVE('',#10638,#11640,#11691,.T.);
#11691 = SURFACE_CURVE('',#11692,(#11696,#11703),.PCURVE_S1.);
#11692 = LINE('',#11693,#11694);
#11693 = CARTESIAN_POINT('',(16.421191986468,68.815543553291,-15.5));
#11694 = VECTOR('',#11695,1.);
#11695 = DIRECTION('',(1.110223024625E-16,0.,-1.));
#11696 = PCURVE('',#9740,#11697);
#11697 = DEFINITIONAL_REPRESENTATION('',(#11698),#11702);
#11698 = LINE('',#11699,#11700);
#11699 = CARTESIAN_POINT('',(0.,9.));
#11700 = VECTOR('',#11701,1.);
#11701 = DIRECTION('',(1.,0.));
#11702 = ( GEOMETRIC_REPRESENTATION_CONTEXT(2) 
PARAMETRIC_REPRESENTATION_CONTEXT() REPRESENTATION_CONTEXT('2D SPACE',''
  ) );
#11703 = PCURVE('',#10676,#11704);
#11704 = DEFINITIONAL_REPRESENTATION('',(#11705),#11709);
#11705 = LINE('',#11706,#11707);
#11706 = CARTESIAN_POINT('',(9.,9.992007221626E-16));
#11707 = VECTOR('',#11708,1.);
#11708 = DIRECTION('',(0.,1.));
#11709 = ( GEOMETRIC_REPRESENTATION_CONTEXT(2) 
PARAMETRIC_REPRESENTATION_CONTEXT() REPRESENTATION_CONTEXT('2D SPACE',''
  ) );
#11710 = ORIENTED_EDGE('',*,*,#10637,.T.);
#11711 = ADVANCED_FACE('',(#11712),#9991,.F.);
#11712 = FACE_BOUND('',#11713,.F.);
#11713 = EDGE_LOOP('',(#11714,#11715,#11716,#11740,#11761,#11762));
#11714 = ORIENTED_EDGE('',*,*,#10050,.T.);
#11715 = ORIENTED_EDGE('',*,*,#10101,.F.);
#11716 = ORIENTED_EDGE('',*,*,#11717,.T.);
#11717 = EDGE_CURVE('',#10102,#11718,#11720,.T.);
#11718 = VERTEX_POINT('',#11719);
#11719 = CARTESIAN_POINT('',(59.911750056764,-9.05188028619,-14.));
#11720 = SURFACE_CURVE('',#11721,(#11726,#11733),.PCURVE_S1.);
#11721 = CIRCLE('',#11722,7.5);
#11722 = AXIS2_PLACEMENT_3D('',#11723,#11724,#11725);
#11723 = CARTESIAN_POINT('',(52.585795441551,-7.445521367442,-14.));
#11724 = DIRECTION('',(2.22044604925E-16,0.,-1.));
#11725 = DIRECTION('',(-1.,0.,-2.22044604925E-16));
#11726 = PCURVE('',#9991,#11727);
#11727 = DEFINITIONAL_REPRESENTATION('',(#11728),#11732);
#11728 = CIRCLE('',#11729,7.5);
#11729 = AXIS2_PLACEMENT_2D('',#11730,#11731);
#11730 = CARTESIAN_POINT('',(18.585795441551,-14.55447863255));
#11731 = DIRECTION('',(-1.,-0.));
#11732 = ( GEOMETRIC_REPRESENTATION_CONTEXT(2) 
PARAMETRIC_REPRESENTATION_CONTEXT() REPRESENTATION_CONTEXT('2D SPACE',''
  ) );
#11733 = PCURVE('',#10140,#11734);
#11734 = DEFINITIONAL_REPRESENTATION('',(#11735),#11739);
#11735 = LINE('',#11736,#11737);
#11736 = CARTESIAN_POINT('',(0.,1.1));
#11737 = VECTOR('',#11738,1.);
#11738 = DIRECTION('',(1.,0.));
#11739 = ( GEOMETRIC_REPRESENTATION_CONTEXT(2) 
PARAMETRIC_REPRESENTATION_CONTEXT() REPRESENTATION_CONTEXT('2D SPACE',''
  ) );
#11740 = ORIENTED_EDGE('',*,*,#11741,.T.);
#11741 = EDGE_CURVE('',#11718,#10720,#11742,.T.);
#11742 = SURFACE_CURVE('',#11743,(#11747,#11754),.PCURVE_S1.);
#11743 = LINE('',#11744,#11745);
#11744 = CARTESIAN_POINT('',(60.462437664983,-10.02368194775,-14.));
#11745 = VECTOR('',#11746,1.);
#11746 = DIRECTION('',(-0.493012571981,0.870022185849,
    -5.473539088428E-17));
#11747 = PCURVE('',#9991,#11748);
#11748 = DEFINITIONAL_REPRESENTATION('',(#11749),#11753);
#11749 = LINE('',#11750,#11751);
#11750 = CARTESIAN_POINT('',(26.462437664983,-11.97631805224));
#11751 = VECTOR('',#11752,1.);
#11752 = DIRECTION('',(-0.493012571981,-0.870022185849));
#11753 = ( GEOMETRIC_REPRESENTATION_CONTEXT(2) 
PARAMETRIC_REPRESENTATION_CONTEXT() REPRESENTATION_CONTEXT('2D SPACE',''
  ) );
#11754 = PCURVE('',#10759,#11755);
#11755 = DEFINITIONAL_REPRESENTATION('',(#11756),#11760);
#11756 = LINE('',#11757,#11758);
#11757 = CARTESIAN_POINT('',(17.,2.626652043863));
#11758 = VECTOR('',#11759,1.);
#11759 = DIRECTION('',(0.,1.));
#11760 = ( GEOMETRIC_REPRESENTATION_CONTEXT(2) 
PARAMETRIC_REPRESENTATION_CONTEXT() REPRESENTATION_CONTEXT('2D SPACE',''
  ) );
#11761 = ORIENTED_EDGE('',*,*,#10719,.F.);
#11762 = ORIENTED_EDGE('',*,*,#9975,.T.);
#11763 = ADVANCED_FACE('',(#11764),#10140,.T.);
#11764 = FACE_BOUND('',#11765,.T.);
#11765 = EDGE_LOOP('',(#11766,#11767,#11768,#11769,#11792,#11816,#11837,
    #11838));
#11766 = ORIENTED_EDGE('',*,*,#10424,.F.);
#11767 = ORIENTED_EDGE('',*,*,#10124,.F.);
#11768 = ORIENTED_EDGE('',*,*,#11717,.T.);
#11769 = ORIENTED_EDGE('',*,*,#11770,.T.);
#11770 = EDGE_CURVE('',#11718,#11771,#11773,.T.);
#11771 = VERTEX_POINT('',#11772);
#11772 = CARTESIAN_POINT('',(59.911750056764,-9.05188028619,-15.));
#11773 = SURFACE_CURVE('',#11774,(#11778,#11785),.PCURVE_S1.);
#11774 = LINE('',#11775,#11776);
#11775 = CARTESIAN_POINT('',(59.911750056764,-9.05188028619,-12.9));
#11776 = VECTOR('',#11777,1.);
#11777 = DIRECTION('',(2.22044604925E-16,0.,-1.));
#11778 = PCURVE('',#10140,#11779);
#11779 = DEFINITIONAL_REPRESENTATION('',(#11780),#11784);
#11780 = LINE('',#11781,#11782);
#11781 = CARTESIAN_POINT('',(3.357446142658,8.133443491168E-16));
#11782 = VECTOR('',#11783,1.);
#11783 = DIRECTION('',(0.,1.));
#11784 = ( GEOMETRIC_REPRESENTATION_CONTEXT(2) 
PARAMETRIC_REPRESENTATION_CONTEXT() REPRESENTATION_CONTEXT('2D SPACE',''
  ) );
#11785 = PCURVE('',#10759,#11786);
#11786 = DEFINITIONAL_REPRESENTATION('',(#11787),#11791);
#11787 = LINE('',#11788,#11789);
#11788 = CARTESIAN_POINT('',(15.9,3.743636963754));
#11789 = VECTOR('',#11790,1.);
#11790 = DIRECTION('',(1.,-5.473539088428E-17));
#11791 = ( GEOMETRIC_REPRESENTATION_CONTEXT(2) 
PARAMETRIC_REPRESENTATION_CONTEXT() REPRESENTATION_CONTEXT('2D SPACE',''
  ) );
#11792 = ORIENTED_EDGE('',*,*,#11793,.T.);
#11793 = EDGE_CURVE('',#11771,#11794,#11796,.T.);
#11794 = VERTEX_POINT('',#11795);
#11795 = CARTESIAN_POINT('',(55.363288563523,-14.41226608484,-15.));
#11796 = SURFACE_CURVE('',#11797,(#11802,#11809),.PCURVE_S1.);
#11797 = CIRCLE('',#11798,7.5);
#11798 = AXIS2_PLACEMENT_3D('',#11799,#11800,#11801);
#11799 = CARTESIAN_POINT('',(52.585795441551,-7.445521367442,-15.));
#11800 = DIRECTION('',(2.22044604925E-16,0.,-1.));
#11801 = DIRECTION('',(-1.,0.,-2.22044604925E-16));
#11802 = PCURVE('',#10140,#11803);
#11803 = DEFINITIONAL_REPRESENTATION('',(#11804),#11808);
#11804 = LINE('',#11805,#11806);
#11805 = CARTESIAN_POINT('',(0.,2.1));
#11806 = VECTOR('',#11807,1.);
#11807 = DIRECTION('',(1.,0.));
#11808 = ( GEOMETRIC_REPRESENTATION_CONTEXT(2) 
PARAMETRIC_REPRESENTATION_CONTEXT() REPRESENTATION_CONTEXT('2D SPACE',''
  ) );
#11809 = PCURVE('',#10788,#11810);
#11810 = DEFINITIONAL_REPRESENTATION('',(#11811),#11815);
#11811 = CIRCLE('',#11812,7.5);
#11812 = AXIS2_PLACEMENT_2D('',#11813,#11814);
#11813 = CARTESIAN_POINT('',(1.018212094301,-8.752992588562));
#11814 = DIRECTION('',(-0.870022185849,-0.493012571981));
#11815 = ( GEOMETRIC_REPRESENTATION_CONTEXT(2) 
PARAMETRIC_REPRESENTATION_CONTEXT() REPRESENTATION_CONTEXT('2D SPACE',''
  ) );
#11816 = ORIENTED_EDGE('',*,*,#11817,.F.);
#11817 = EDGE_CURVE('',#11071,#11794,#11818,.T.);
#11818 = SURFACE_CURVE('',#11819,(#11823,#11830),.PCURVE_S1.);
#11819 = LINE('',#11820,#11821);
#11820 = CARTESIAN_POINT('',(55.363288563523,-14.41226608484,-12.9));
#11821 = VECTOR('',#11822,1.);
#11822 = DIRECTION('',(2.22044604925E-16,0.,-1.));
#11823 = PCURVE('',#10140,#11824);
#11824 = DEFINITIONAL_REPRESENTATION('',(#11825),#11829);
#11825 = LINE('',#11826,#11827);
#11826 = CARTESIAN_POINT('',(4.333022124817,3.083636814751E-16));
#11827 = VECTOR('',#11828,1.);
#11828 = DIRECTION('',(0.,1.));
#11829 = ( GEOMETRIC_REPRESENTATION_CONTEXT(2) 
PARAMETRIC_REPRESENTATION_CONTEXT() REPRESENTATION_CONTEXT('2D SPACE',''
  ) );
#11830 = PCURVE('',#10840,#11831);
#11831 = DEFINITIONAL_REPRESENTATION('',(#11832),#11836);
#11832 = LINE('',#11833,#11834);
#11833 = CARTESIAN_POINT('',(15.9,1.322431093559));
#11834 = VECTOR('',#11835,1.);
#11835 = DIRECTION('',(1.,-5.473539088428E-17));
#11836 = ( GEOMETRIC_REPRESENTATION_CONTEXT(2) 
PARAMETRIC_REPRESENTATION_CONTEXT() REPRESENTATION_CONTEXT('2D SPACE',''
  ) );
#11837 = ORIENTED_EDGE('',*,*,#11093,.T.);
#11838 = ORIENTED_EDGE('',*,*,#10349,.T.);
#11839 = ADVANCED_FACE('',(#11840),#10702,.F.);
#11840 = FACE_BOUND('',#11841,.F.);
#11841 = EDGE_LOOP('',(#11842,#11865,#11866,#11867,#11868,#11891));
#11842 = ORIENTED_EDGE('',*,*,#11843,.F.);
#11843 = EDGE_CURVE('',#10661,#11844,#11846,.T.);
#11844 = VERTEX_POINT('',#11845);
#11845 = CARTESIAN_POINT('',(7.421191986468,68.815543553291,-20.));
#11846 = SURFACE_CURVE('',#11847,(#11851,#11858),.PCURVE_S1.);
#11847 = LINE('',#11848,#11849);
#11848 = CARTESIAN_POINT('',(7.421191986468,68.815543553291,-15.5));
#11849 = VECTOR('',#11850,1.);
#11850 = DIRECTION('',(1.110223024625E-16,0.,-1.));
#11851 = PCURVE('',#10702,#11852);
#11852 = DEFINITIONAL_REPRESENTATION('',(#11853),#11857);
#11853 = LINE('',#11854,#11855);
#11854 = CARTESIAN_POINT('',(0.,9.));
#11855 = VECTOR('',#11856,1.);
#11856 = DIRECTION('',(1.,0.));
#11857 = ( GEOMETRIC_REPRESENTATION_CONTEXT(2) 
PARAMETRIC_REPRESENTATION_CONTEXT() REPRESENTATION_CONTEXT('2D SPACE',''
  ) );
#11858 = PCURVE('',#10676,#11859);
#11859 = DEFINITIONAL_REPRESENTATION('',(#11860),#11864);
#11860 = LINE('',#11861,#11862);
#11861 = CARTESIAN_POINT('',(0.,0.));
#11862 = VECTOR('',#11863,1.);
#11863 = DIRECTION('',(0.,1.));
#11864 = ( GEOMETRIC_REPRESENTATION_CONTEXT(2) 
PARAMETRIC_REPRESENTATION_CONTEXT() REPRESENTATION_CONTEXT('2D SPACE',''
  ) );
#11865 = ORIENTED_EDGE('',*,*,#10688,.T.);
#11866 = ORIENTED_EDGE('',*,*,#11118,.T.);
#11867 = ORIENTED_EDGE('',*,*,#11169,.T.);
#11868 = ORIENTED_EDGE('',*,*,#11869,.T.);
#11869 = EDGE_CURVE('',#11170,#11870,#11872,.T.);
#11870 = VERTEX_POINT('',#11871);
#11871 = CARTESIAN_POINT('',(7.421191986468,64.231936408941,-20.));
#11872 = SURFACE_CURVE('',#11873,(#11877,#11884),.PCURVE_S1.);
#11873 = LINE('',#11874,#11875);
#11874 = CARTESIAN_POINT('',(7.421191986469,64.231936408939,-17.75));
#11875 = VECTOR('',#11876,1.);
#11876 = DIRECTION('',(-1.110223024625E-16,0.,1.));
#11877 = PCURVE('',#10702,#11878);
#11878 = DEFINITIONAL_REPRESENTATION('',(#11879),#11883);
#11879 = LINE('',#11880,#11881);
#11880 = CARTESIAN_POINT('',(2.25,4.416392855648));
#11881 = VECTOR('',#11882,1.);
#11882 = DIRECTION('',(-1.,0.));
#11883 = ( GEOMETRIC_REPRESENTATION_CONTEXT(2) 
PARAMETRIC_REPRESENTATION_CONTEXT() REPRESENTATION_CONTEXT('2D SPACE',''
  ) );
#11884 = PCURVE('',#11208,#11885);
#11885 = DEFINITIONAL_REPRESENTATION('',(#11886),#11890);
#11886 = LINE('',#11887,#11888);
#11887 = CARTESIAN_POINT('',(-2.25,51.636543830303));
#11888 = VECTOR('',#11889,1.);
#11889 = DIRECTION('',(-1.,0.));
#11890 = ( GEOMETRIC_REPRESENTATION_CONTEXT(2) 
PARAMETRIC_REPRESENTATION_CONTEXT() REPRESENTATION_CONTEXT('2D SPACE',''
  ) );
#11891 = ORIENTED_EDGE('',*,*,#11892,.F.);
#11892 = EDGE_CURVE('',#11844,#11870,#11893,.T.);
#11893 = SURFACE_CURVE('',#11894,(#11898,#11905),.PCURVE_S1.);
#11894 = LINE('',#11895,#11896);
#11895 = CARTESIAN_POINT('',(7.421191986468,87.991350070368,-20.));
#11896 = VECTOR('',#11897,1.);
#11897 = DIRECTION('',(0.,-1.,0.));
#11898 = PCURVE('',#10702,#11899);
#11899 = DEFINITIONAL_REPRESENTATION('',(#11900),#11904);
#11900 = LINE('',#11901,#11902);
#11901 = CARTESIAN_POINT('',(4.5,28.175806517077));
#11902 = VECTOR('',#11903,1.);
#11903 = DIRECTION('',(0.,-1.));
#11904 = ( GEOMETRIC_REPRESENTATION_CONTEXT(2) 
PARAMETRIC_REPRESENTATION_CONTEXT() REPRESENTATION_CONTEXT('2D SPACE',''
  ) );
#11905 = PCURVE('',#11557,#11906);
#11906 = DEFINITIONAL_REPRESENTATION('',(#11907),#11911);
#11907 = LINE('',#11908,#11909);
#11908 = CARTESIAN_POINT('',(8.117434998365,-27.89352766653));
#11909 = VECTOR('',#11910,1.);
#11910 = DIRECTION('',(3.714590832131E-02,-0.999309852596));
#11911 = ( GEOMETRIC_REPRESENTATION_CONTEXT(2) 
PARAMETRIC_REPRESENTATION_CONTEXT() REPRESENTATION_CONTEXT('2D SPACE',''
  ) );
#11912 = ADVANCED_FACE('',(#11913),#10676,.T.);
#11913 = FACE_BOUND('',#11914,.T.);
#11914 = EDGE_LOOP('',(#11915,#11916,#11917,#11918,#11919,#11920));
#11915 = ORIENTED_EDGE('',*,*,#11843,.F.);
#11916 = ORIENTED_EDGE('',*,*,#10660,.T.);
#11917 = ORIENTED_EDGE('',*,*,#11690,.T.);
#11918 = ORIENTED_EDGE('',*,*,#11664,.F.);
#11919 = ORIENTED_EDGE('',*,*,#11615,.F.);
#11920 = ORIENTED_EDGE('',*,*,#11921,.F.);
#11921 = EDGE_CURVE('',#11844,#11542,#11922,.T.);
#11922 = SURFACE_CURVE('',#11923,(#11927,#11934),.PCURVE_S1.);
#11923 = LINE('',#11924,#11925);
#11924 = CARTESIAN_POINT('',(10.959043161575,68.815543553291,-20.));
#11925 = VECTOR('',#11926,1.);
#11926 = DIRECTION('',(1.,0.,1.110223024625E-16));
#11927 = PCURVE('',#10676,#11928);
#11928 = DEFINITIONAL_REPRESENTATION('',(#11929),#11933);
#11929 = LINE('',#11930,#11931);
#11930 = CARTESIAN_POINT('',(3.537851175106,4.5));
#11931 = VECTOR('',#11932,1.);
#11932 = DIRECTION('',(1.,0.));
#11933 = ( GEOMETRIC_REPRESENTATION_CONTEXT(2) 
PARAMETRIC_REPRESENTATION_CONTEXT() REPRESENTATION_CONTEXT('2D SPACE',''
  ) );
#11934 = PCURVE('',#11557,#11935);
#11935 = DEFINITIONAL_REPRESENTATION('',(#11936),#11940);
#11936 = LINE('',#11937,#11938);
#11937 = CARTESIAN_POINT('',(5.294328212934,-47.18751674592));
#11938 = VECTOR('',#11939,1.);
#11939 = DIRECTION('',(-0.999309852596,-3.714590832131E-02));
#11940 = ( GEOMETRIC_REPRESENTATION_CONTEXT(2) 
PARAMETRIC_REPRESENTATION_CONTEXT() REPRESENTATION_CONTEXT('2D SPACE',''
  ) );
#11941 = ADVANCED_FACE('',(#11942),#10517,.F.);
#11942 = FACE_BOUND('',#11943,.F.);
#11943 = EDGE_LOOP('',(#11944,#11967,#11968,#11969));
#11944 = ORIENTED_EDGE('',*,*,#11945,.F.);
#11945 = EDGE_CURVE('',#10877,#11946,#11948,.T.);
#11946 = VERTEX_POINT('',#11947);
#11947 = CARTESIAN_POINT('',(48.578808013532,-12.81554355329,-20.));
#11948 = SURFACE_CURVE('',#11949,(#11953,#11960),.PCURVE_S1.);
#11949 = LINE('',#11950,#11951);
#11950 = CARTESIAN_POINT('',(48.578808013532,-40.57666152286,-20.));
#11951 = VECTOR('',#11952,1.);
#11952 = DIRECTION('',(0.,-1.,0.));
#11953 = PCURVE('',#10517,#11954);
#11954 = DEFINITIONAL_REPRESENTATION('',(#11955),#11959);
#11955 = LINE('',#11956,#11957);
#11956 = CARTESIAN_POINT('',(4.5,-27.76111796957));
#11957 = VECTOR('',#11958,1.);
#11958 = DIRECTION('',(0.,-1.));
#11959 = ( GEOMETRIC_REPRESENTATION_CONTEXT(2) 
PARAMETRIC_REPRESENTATION_CONTEXT() REPRESENTATION_CONTEXT('2D SPACE',''
  ) );
#11960 = PCURVE('',#10916,#11961);
#11961 = DEFINITIONAL_REPRESENTATION('',(#11962),#11966);
#11962 = LINE('',#11963,#11964);
#11963 = CARTESIAN_POINT('',(-42.21888011991,13.09211652964));
#11964 = VECTOR('',#11965,1.);
#11965 = DIRECTION('',(0.369382335014,-0.929277509994));
#11966 = ( GEOMETRIC_REPRESENTATION_CONTEXT(2) 
PARAMETRIC_REPRESENTATION_CONTEXT() REPRESENTATION_CONTEXT('2D SPACE',''
  ) );
#11967 = ORIENTED_EDGE('',*,*,#10876,.F.);
#11968 = ORIENTED_EDGE('',*,*,#10501,.T.);
#11969 = ORIENTED_EDGE('',*,*,#11970,.T.);
#11970 = EDGE_CURVE('',#10502,#11946,#11971,.T.);
#11971 = SURFACE_CURVE('',#11972,(#11976,#11983),.PCURVE_S1.);
#11972 = LINE('',#11973,#11974);
#11973 = CARTESIAN_POINT('',(48.578808013532,-12.81554355329,-15.5));
#11974 = VECTOR('',#11975,1.);
#11975 = DIRECTION('',(1.110223024625E-16,0.,-1.));
#11976 = PCURVE('',#10517,#11977);
#11977 = DEFINITIONAL_REPRESENTATION('',(#11978),#11982);
#11978 = LINE('',#11979,#11980);
#11979 = CARTESIAN_POINT('',(0.,0.));
#11980 = VECTOR('',#11981,1.);
#11981 = DIRECTION('',(1.,0.));
#11982 = ( GEOMETRIC_REPRESENTATION_CONTEXT(2) 
PARAMETRIC_REPRESENTATION_CONTEXT() REPRESENTATION_CONTEXT('2D SPACE',''
  ) );
#11983 = PCURVE('',#10545,#11984);
#11984 = DEFINITIONAL_REPRESENTATION('',(#11985),#11989);
#11985 = LINE('',#11986,#11987);
#11986 = CARTESIAN_POINT('',(0.,0.));
#11987 = VECTOR('',#11988,1.);
#11988 = DIRECTION('',(0.,1.));
#11989 = ( GEOMETRIC_REPRESENTATION_CONTEXT(2) 
PARAMETRIC_REPRESENTATION_CONTEXT() REPRESENTATION_CONTEXT('2D SPACE',''
  ) );
#11990 = ADVANCED_FACE('',(#11991),#10545,.F.);
#11991 = FACE_BOUND('',#11992,.F.);
#11992 = EDGE_LOOP('',(#11993,#11994,#11995,#12018,#12041,#12069));
#11993 = ORIENTED_EDGE('',*,*,#11970,.F.);
#11994 = ORIENTED_EDGE('',*,*,#10529,.T.);
#11995 = ORIENTED_EDGE('',*,*,#11996,.T.);
#11996 = EDGE_CURVE('',#10530,#11997,#11999,.T.);
#11997 = VERTEX_POINT('',#11998);
#11998 = CARTESIAN_POINT('',(57.578808013532,-12.81554355329,-22.));
#11999 = SURFACE_CURVE('',#12000,(#12004,#12011),.PCURVE_S1.);
#12000 = LINE('',#12001,#12002);
#12001 = CARTESIAN_POINT('',(57.578808013532,-12.81554355329,-15.5));
#12002 = VECTOR('',#12003,1.);
#12003 = DIRECTION('',(1.110223024625E-16,0.,-1.));
#12004 = PCURVE('',#10545,#12005);
#12005 = DEFINITIONAL_REPRESENTATION('',(#12006),#12010);
#12006 = LINE('',#12007,#12008);
#12007 = CARTESIAN_POINT('',(9.,9.992007221626E-16));
#12008 = VECTOR('',#12009,1.);
#12009 = DIRECTION('',(0.,1.));
#12010 = ( GEOMETRIC_REPRESENTATION_CONTEXT(2) 
PARAMETRIC_REPRESENTATION_CONTEXT() REPRESENTATION_CONTEXT('2D SPACE',''
  ) );
#12011 = PCURVE('',#10573,#12012);
#12012 = DEFINITIONAL_REPRESENTATION('',(#12013),#12017);
#12013 = LINE('',#12014,#12015);
#12014 = CARTESIAN_POINT('',(0.,0.));
#12015 = VECTOR('',#12016,1.);
#12016 = DIRECTION('',(1.,0.));
#12017 = ( GEOMETRIC_REPRESENTATION_CONTEXT(2) 
PARAMETRIC_REPRESENTATION_CONTEXT() REPRESENTATION_CONTEXT('2D SPACE',''
  ) );
#12018 = ORIENTED_EDGE('',*,*,#12019,.F.);
#12019 = EDGE_CURVE('',#12020,#11997,#12022,.T.);
#12020 = VERTEX_POINT('',#12021);
#12021 = CARTESIAN_POINT('',(55.424882681915,-12.81554355329,-22.));
#12022 = SURFACE_CURVE('',#12023,(#12027,#12034),.PCURVE_S1.);
#12023 = LINE('',#12024,#12025);
#12024 = CARTESIAN_POINT('',(48.578808013532,-12.81554355329,-22.));
#12025 = VECTOR('',#12026,1.);
#12026 = DIRECTION('',(1.,0.,1.110223024625E-16));
#12027 = PCURVE('',#10545,#12028);
#12028 = DEFINITIONAL_REPRESENTATION('',(#12029),#12033);
#12029 = LINE('',#12030,#12031);
#12030 = CARTESIAN_POINT('',(-7.216449660064E-16,6.5));
#12031 = VECTOR('',#12032,1.);
#12032 = DIRECTION('',(1.,0.));
#12033 = ( GEOMETRIC_REPRESENTATION_CONTEXT(2) 
PARAMETRIC_REPRESENTATION_CONTEXT() REPRESENTATION_CONTEXT('2D SPACE',''
  ) );
#12034 = PCURVE('',#11030,#12035);
#12035 = DEFINITIONAL_REPRESENTATION('',(#12036),#12040);
#12036 = LINE('',#12037,#12038);
#12037 = CARTESIAN_POINT('',(0.,0.));
#12038 = VECTOR('',#12039,1.);
#12039 = DIRECTION('',(1.,0.));
#12040 = ( GEOMETRIC_REPRESENTATION_CONTEXT(2) 
PARAMETRIC_REPRESENTATION_CONTEXT() REPRESENTATION_CONTEXT('2D SPACE',''
  ) );
#12041 = ORIENTED_EDGE('',*,*,#12042,.T.);
#12042 = EDGE_CURVE('',#12020,#12043,#12045,.T.);
#12043 = VERTEX_POINT('',#12044);
#12044 = CARTESIAN_POINT('',(55.424882681915,-12.81554355329,-20.));
#12045 = SURFACE_CURVE('',#12046,(#12050,#12057),.PCURVE_S1.);
#12046 = LINE('',#12047,#12048);
#12047 = CARTESIAN_POINT('',(55.424882681915,-12.81554355329,-17.75));
#12048 = VECTOR('',#12049,1.);
#12049 = DIRECTION('',(-1.110223024625E-16,0.,1.));
#12050 = PCURVE('',#10545,#12051);
#12051 = DEFINITIONAL_REPRESENTATION('',(#12052),#12056);
#12052 = LINE('',#12053,#12054);
#12053 = CARTESIAN_POINT('',(6.846074668383,2.25));
#12054 = VECTOR('',#12055,1.);
#12055 = DIRECTION('',(0.,-1.));
#12056 = ( GEOMETRIC_REPRESENTATION_CONTEXT(2) 
PARAMETRIC_REPRESENTATION_CONTEXT() REPRESENTATION_CONTEXT('2D SPACE',''
  ) );
#12057 = PCURVE('',#12058,#12063);
#12058 = PLANE('',#12059);
#12059 = AXIS2_PLACEMENT_3D('',#12060,#12061,#12062);
#12060 = CARTESIAN_POINT('',(13.689360071517,-72.57655239859,-20.));
#12061 = DIRECTION('',(0.81985779367,-0.572567199687,9.102249994513E-17)
  );
#12062 = DIRECTION('',(1.110223024625E-16,0.,-1.));
#12063 = DEFINITIONAL_REPRESENTATION('',(#12064),#12068);
#12064 = LINE('',#12065,#12066);
#12065 = CARTESIAN_POINT('',(-2.25,72.891920167953));
#12066 = VECTOR('',#12067,1.);
#12067 = DIRECTION('',(-1.,0.));
#12068 = ( GEOMETRIC_REPRESENTATION_CONTEXT(2) 
PARAMETRIC_REPRESENTATION_CONTEXT() REPRESENTATION_CONTEXT('2D SPACE',''
  ) );
#12069 = ORIENTED_EDGE('',*,*,#12070,.F.);
#12070 = EDGE_CURVE('',#11946,#12043,#12071,.T.);
#12071 = SURFACE_CURVE('',#12072,(#12076,#12083),.PCURVE_S1.);
#12072 = LINE('',#12073,#12074);
#12073 = CARTESIAN_POINT('',(31.380278404251,-12.81554355329,-20.));
#12074 = VECTOR('',#12075,1.);
#12075 = DIRECTION('',(1.,0.,1.110223024625E-16));
#12076 = PCURVE('',#10545,#12077);
#12077 = DEFINITIONAL_REPRESENTATION('',(#12078),#12082);
#12078 = LINE('',#12079,#12080);
#12079 = CARTESIAN_POINT('',(-17.19852960928,4.5));
#12080 = VECTOR('',#12081,1.);
#12081 = DIRECTION('',(1.,0.));
#12082 = ( GEOMETRIC_REPRESENTATION_CONTEXT(2) 
PARAMETRIC_REPRESENTATION_CONTEXT() REPRESENTATION_CONTEXT('2D SPACE',''
  ) );
#12083 = PCURVE('',#10916,#12084);
#12084 = DEFINITIONAL_REPRESENTATION('',(#12085),#12089);
#12085 = LINE('',#12086,#12087);
#12086 = CARTESIAN_POINT('',(-36.49113992725,45.242732136922));
#12087 = VECTOR('',#12088,1.);
#12088 = DIRECTION('',(-0.929277509994,-0.369382335014));
#12089 = ( GEOMETRIC_REPRESENTATION_CONTEXT(2) 
PARAMETRIC_REPRESENTATION_CONTEXT() REPRESENTATION_CONTEXT('2D SPACE',''
  ) );
#12090 = ADVANCED_FACE('',(#12091),#10573,.T.);
#12091 = FACE_BOUND('',#12092,.T.);
#12092 = EDGE_LOOP('',(#12093,#12116,#12117,#12118));
#12093 = ORIENTED_EDGE('',*,*,#12094,.F.);
#12094 = EDGE_CURVE('',#10558,#12095,#12097,.T.);
#12095 = VERTEX_POINT('',#12096);
#12096 = CARTESIAN_POINT('',(57.578808013532,-3.815543553291,-22.));
#12097 = SURFACE_CURVE('',#12098,(#12102,#12109),.PCURVE_S1.);
#12098 = LINE('',#12099,#12100);
#12099 = CARTESIAN_POINT('',(57.578808013532,-3.815543553291,-15.5));
#12100 = VECTOR('',#12101,1.);
#12101 = DIRECTION('',(1.110223024625E-16,0.,-1.));
#12102 = PCURVE('',#10573,#12103);
#12103 = DEFINITIONAL_REPRESENTATION('',(#12104),#12108);
#12104 = LINE('',#12105,#12106);
#12105 = CARTESIAN_POINT('',(0.,9.));
#12106 = VECTOR('',#12107,1.);
#12107 = DIRECTION('',(1.,0.));
#12108 = ( GEOMETRIC_REPRESENTATION_CONTEXT(2) 
PARAMETRIC_REPRESENTATION_CONTEXT() REPRESENTATION_CONTEXT('2D SPACE',''
  ) );
#12109 = PCURVE('',#10601,#12110);
#12110 = DEFINITIONAL_REPRESENTATION('',(#12111),#12115);
#12111 = LINE('',#12112,#12113);
#12112 = CARTESIAN_POINT('',(9.,9.992007221626E-16));
#12113 = VECTOR('',#12114,1.);
#12114 = DIRECTION('',(0.,1.));
#12115 = ( GEOMETRIC_REPRESENTATION_CONTEXT(2) 
PARAMETRIC_REPRESENTATION_CONTEXT() REPRESENTATION_CONTEXT('2D SPACE',''
  ) );
#12116 = ORIENTED_EDGE('',*,*,#10557,.T.);
#12117 = ORIENTED_EDGE('',*,*,#11996,.T.);
#12118 = ORIENTED_EDGE('',*,*,#12119,.T.);
#12119 = EDGE_CURVE('',#11997,#12095,#12120,.T.);
#12120 = SURFACE_CURVE('',#12121,(#12125,#12132),.PCURVE_S1.);
#12121 = LINE('',#12122,#12123);
#12122 = CARTESIAN_POINT('',(57.578808013532,-12.81554355329,-22.));
#12123 = VECTOR('',#12124,1.);
#12124 = DIRECTION('',(0.,1.,0.));
#12125 = PCURVE('',#10573,#12126);
#12126 = DEFINITIONAL_REPRESENTATION('',(#12127),#12131);
#12127 = LINE('',#12128,#12129);
#12128 = CARTESIAN_POINT('',(6.5,0.));
#12129 = VECTOR('',#12130,1.);
#12130 = DIRECTION('',(0.,1.));
#12131 = ( GEOMETRIC_REPRESENTATION_CONTEXT(2) 
PARAMETRIC_REPRESENTATION_CONTEXT() REPRESENTATION_CONTEXT('2D SPACE',''
  ) );
#12132 = PCURVE('',#11030,#12133);
#12133 = DEFINITIONAL_REPRESENTATION('',(#12134),#12138);
#12134 = LINE('',#12135,#12136);
#12135 = CARTESIAN_POINT('',(9.,0.));
#12136 = VECTOR('',#12137,1.);
#12137 = DIRECTION('',(0.,-1.));
#12138 = ( GEOMETRIC_REPRESENTATION_CONTEXT(2) 
PARAMETRIC_REPRESENTATION_CONTEXT() REPRESENTATION_CONTEXT('2D SPACE',''
  ) );
#12139 = ADVANCED_FACE('',(#12140),#10601,.T.);
#12140 = FACE_BOUND('',#12141,.T.);
#12141 = EDGE_LOOP('',(#12142,#12163,#12164,#12165));
#12142 = ORIENTED_EDGE('',*,*,#12143,.F.);
#12143 = EDGE_CURVE('',#11014,#12095,#12144,.T.);
#12144 = SURFACE_CURVE('',#12145,(#12149,#12156),.PCURVE_S1.);
#12145 = LINE('',#12146,#12147);
#12146 = CARTESIAN_POINT('',(48.578808013532,-3.815543553291,-22.));
#12147 = VECTOR('',#12148,1.);
#12148 = DIRECTION('',(1.,0.,1.110223024625E-16));
#12149 = PCURVE('',#10601,#12150);
#12150 = DEFINITIONAL_REPRESENTATION('',(#12151),#12155);
#12151 = LINE('',#12152,#12153);
#12152 = CARTESIAN_POINT('',(-7.216449660064E-16,6.5));
#12153 = VECTOR('',#12154,1.);
#12154 = DIRECTION('',(1.,0.));
#12155 = ( GEOMETRIC_REPRESENTATION_CONTEXT(2) 
PARAMETRIC_REPRESENTATION_CONTEXT() REPRESENTATION_CONTEXT('2D SPACE',''
  ) );
#12156 = PCURVE('',#11030,#12157);
#12157 = DEFINITIONAL_REPRESENTATION('',(#12158),#12162);
#12158 = LINE('',#12159,#12160);
#12159 = CARTESIAN_POINT('',(0.,-9.));
#12160 = VECTOR('',#12161,1.);
#12161 = DIRECTION('',(1.,0.));
#12162 = ( GEOMETRIC_REPRESENTATION_CONTEXT(2) 
PARAMETRIC_REPRESENTATION_CONTEXT() REPRESENTATION_CONTEXT('2D SPACE',''
  ) );
#12163 = ORIENTED_EDGE('',*,*,#11042,.F.);
#12164 = ORIENTED_EDGE('',*,*,#10585,.T.);
#12165 = ORIENTED_EDGE('',*,*,#12094,.T.);
#12166 = ADVANCED_FACE('',(#12167),#11030,.T.);
#12167 = FACE_BOUND('',#12168,.T.);
#12168 = EDGE_LOOP('',(#12169,#12170,#12193,#12214,#12215,#12216));
#12169 = ORIENTED_EDGE('',*,*,#12019,.F.);
#12170 = ORIENTED_EDGE('',*,*,#12171,.T.);
#12171 = EDGE_CURVE('',#12020,#12172,#12174,.T.);
#12172 = VERTEX_POINT('',#12173);
#12173 = CARTESIAN_POINT('',(56.768168085049,-10.89209595188,-22.));
#12174 = SURFACE_CURVE('',#12175,(#12179,#12186),.PCURVE_S1.);
#12175 = LINE('',#12176,#12177);
#12176 = CARTESIAN_POINT('',(33.434936100034,-44.30290276177,-22.));
#12177 = VECTOR('',#12178,1.);
#12178 = DIRECTION('',(0.572567199687,0.81985779367,6.35677288238E-17));
#12179 = PCURVE('',#11030,#12180);
#12180 = DEFINITIONAL_REPRESENTATION('',(#12181),#12185);
#12181 = LINE('',#12182,#12183);
#12182 = CARTESIAN_POINT('',(-15.14387191349,31.487359208486));
#12183 = VECTOR('',#12184,1.);
#12184 = DIRECTION('',(0.572567199687,-0.81985779367));
#12185 = ( GEOMETRIC_REPRESENTATION_CONTEXT(2) 
PARAMETRIC_REPRESENTATION_CONTEXT() REPRESENTATION_CONTEXT('2D SPACE',''
  ) );
#12186 = PCURVE('',#12058,#12187);
#12187 = DEFINITIONAL_REPRESENTATION('',(#12188),#12192);
#12188 = LINE('',#12189,#12190);
#12189 = CARTESIAN_POINT('',(2.,34.486041183113));
#12190 = VECTOR('',#12191,1.);
#12191 = DIRECTION('',(0.,1.));
#12192 = ( GEOMETRIC_REPRESENTATION_CONTEXT(2) 
PARAMETRIC_REPRESENTATION_CONTEXT() REPRESENTATION_CONTEXT('2D SPACE',''
  ) );
#12193 = ORIENTED_EDGE('',*,*,#12194,.T.);
#12194 = EDGE_CURVE('',#12172,#10986,#12195,.T.);
#12195 = SURFACE_CURVE('',#12196,(#12200,#12207),.PCURVE_S1.);
#12196 = LINE('',#12197,#12198);
#12197 = CARTESIAN_POINT('',(50.777955956021,-6.708688767456,-22.));
#12198 = VECTOR('',#12199,1.);
#12199 = DIRECTION('',(-0.81985779367,0.572567199687,-9.102249994513E-17
    ));
#12200 = PCURVE('',#11030,#12201);
#12201 = DEFINITIONAL_REPRESENTATION('',(#12202),#12206);
#12202 = LINE('',#12203,#12204);
#12203 = CARTESIAN_POINT('',(2.19914794249,-6.106854785835));
#12204 = VECTOR('',#12205,1.);
#12205 = DIRECTION('',(-0.81985779367,-0.572567199687));
#12206 = ( GEOMETRIC_REPRESENTATION_CONTEXT(2) 
PARAMETRIC_REPRESENTATION_CONTEXT() REPRESENTATION_CONTEXT('2D SPACE',''
  ) );
#12207 = PCURVE('',#11001,#12208);
#12208 = DEFINITIONAL_REPRESENTATION('',(#12209),#12213);
#12209 = LINE('',#12210,#12211);
#12210 = CARTESIAN_POINT('',(1.693596163538,2.));
#12211 = VECTOR('',#12212,1.);
#12212 = DIRECTION('',(-1.,0.));
#12213 = ( GEOMETRIC_REPRESENTATION_CONTEXT(2) 
PARAMETRIC_REPRESENTATION_CONTEXT() REPRESENTATION_CONTEXT('2D SPACE',''
  ) );
#12214 = ORIENTED_EDGE('',*,*,#11013,.F.);
#12215 = ORIENTED_EDGE('',*,*,#12143,.T.);
#12216 = ORIENTED_EDGE('',*,*,#12119,.F.);
#12217 = ADVANCED_FACE('',(#12218),#11001,.T.);
#12218 = FACE_BOUND('',#12219,.T.);
#12219 = EDGE_LOOP('',(#12220,#12221,#12222,#12245));
#12220 = ORIENTED_EDGE('',*,*,#10985,.F.);
#12221 = ORIENTED_EDGE('',*,*,#12194,.F.);
#12222 = ORIENTED_EDGE('',*,*,#12223,.T.);
#12223 = EDGE_CURVE('',#12172,#12224,#12226,.T.);
#12224 = VERTEX_POINT('',#12225);
#12225 = CARTESIAN_POINT('',(56.768168085049,-10.89209595188,-24.));
#12226 = SURFACE_CURVE('',#12227,(#12231,#12238),.PCURVE_S1.);
#12227 = LINE('',#12228,#12229);
#12228 = CARTESIAN_POINT('',(56.768168085049,-10.89209595188,-20.));
#12229 = VECTOR('',#12230,1.);
#12230 = DIRECTION('',(1.110223024625E-16,0.,-1.));
#12231 = PCURVE('',#11001,#12232);
#12232 = DEFINITIONAL_REPRESENTATION('',(#12233),#12237);
#12233 = LINE('',#12234,#12235);
#12234 = CARTESIAN_POINT('',(9.,8.192024995062E-16));
#12235 = VECTOR('',#12236,1.);
#12236 = DIRECTION('',(0.,1.));
#12237 = ( GEOMETRIC_REPRESENTATION_CONTEXT(2) 
PARAMETRIC_REPRESENTATION_CONTEXT() REPRESENTATION_CONTEXT('2D SPACE',''
  ) );
#12238 = PCURVE('',#12058,#12239);
#12239 = DEFINITIONAL_REPRESENTATION('',(#12240),#12244);
#12240 = LINE('',#12241,#12242);
#12241 = CARTESIAN_POINT('',(4.782708453003E-15,75.237994836337));
#12242 = VECTOR('',#12243,1.);
#12243 = DIRECTION('',(1.,0.));
#12244 = ( GEOMETRIC_REPRESENTATION_CONTEXT(2) 
PARAMETRIC_REPRESENTATION_CONTEXT() REPRESENTATION_CONTEXT('2D SPACE',''
  ) );
#12245 = ORIENTED_EDGE('',*,*,#12246,.F.);
#12246 = EDGE_CURVE('',#10957,#12224,#12247,.T.);
#12247 = SURFACE_CURVE('',#12248,(#12252,#12259),.PCURVE_S1.);
#12248 = LINE('',#12249,#12250);
#12249 = CARTESIAN_POINT('',(49.389447942014,-5.738991154698,-24.));
#12250 = VECTOR('',#12251,1.);
#12251 = DIRECTION('',(0.81985779367,-0.572567199687,9.102249994513E-17)
  );
#12252 = PCURVE('',#11001,#12253);
#12253 = DEFINITIONAL_REPRESENTATION('',(#12254),#12258);
#12254 = LINE('',#12255,#12256);
#12255 = CARTESIAN_POINT('',(-3.640899997805E-16,4.));
#12256 = VECTOR('',#12257,1.);
#12257 = DIRECTION('',(1.,0.));
#12258 = ( GEOMETRIC_REPRESENTATION_CONTEXT(2) 
PARAMETRIC_REPRESENTATION_CONTEXT() REPRESENTATION_CONTEXT('2D SPACE',''
  ) );
#12259 = PCURVE('',#10973,#12260);
#12260 = DEFINITIONAL_REPRESENTATION('',(#12261),#12265);
#12261 = LINE('',#12262,#12263);
#12262 = CARTESIAN_POINT('',(-55.84060960119,45.166544033706));
#12263 = VECTOR('',#12264,1.);
#12264 = DIRECTION('',(-0.550379199878,-0.834914807835));
#12265 = ( GEOMETRIC_REPRESENTATION_CONTEXT(2) 
PARAMETRIC_REPRESENTATION_CONTEXT() REPRESENTATION_CONTEXT('2D SPACE',''
  ) );
#12266 = ADVANCED_FACE('',(#12267),#10973,.T.);
#12267 = FACE_BOUND('',#12268,.T.);
#12268 = EDGE_LOOP('',(#12269,#12299,#12327,#12348,#12349,#12350,#12373,
    #12401,#12429,#12458,#12486,#12514));
#12269 = ORIENTED_EDGE('',*,*,#12270,.F.);
#12270 = EDGE_CURVE('',#12271,#12273,#12275,.T.);
#12271 = VERTEX_POINT('',#12272);
#12272 = CARTESIAN_POINT('',(10.,-70.,-24.));
#12273 = VERTEX_POINT('',#12274);
#12274 = CARTESIAN_POINT('',(6.,-71.5899764324,-24.));
#12275 = SURFACE_CURVE('',#12276,(#12280,#12287),.PCURVE_S1.);
#12276 = LINE('',#12277,#12278);
#12277 = CARTESIAN_POINT('',(14.181748794971,-68.33777949243,-24.));
#12278 = VECTOR('',#12279,1.);
#12279 = DIRECTION('',(-0.929277509994,-0.369382335014,
    -1.031705287861E-16));
#12280 = PCURVE('',#10973,#12281);
#12281 = DEFINITIONAL_REPRESENTATION('',(#12282),#12286);
#12282 = LINE('',#12283,#12284);
#12283 = CARTESIAN_POINT('',(-0.,0.));
#12284 = VECTOR('',#12285,1.);
#12285 = DIRECTION('',(1.,1.22087999104E-17));
#12286 = ( GEOMETRIC_REPRESENTATION_CONTEXT(2) 
PARAMETRIC_REPRESENTATION_CONTEXT() REPRESENTATION_CONTEXT('2D SPACE',''
  ) );
#12287 = PCURVE('',#12288,#12293);
#12288 = PLANE('',#12289);
#12289 = AXIS2_PLACEMENT_3D('',#12290,#12291,#12292);
#12290 = CARTESIAN_POINT('',(14.181748794971,-68.33777949243,-20.));
#12291 = DIRECTION('',(0.369382335014,-0.929277509994,4.100967732222E-17
    ));
#12292 = DIRECTION('',(-0.929277509994,-0.369382335014,
    -1.031705287861E-16));
#12293 = DEFINITIONAL_REPRESENTATION('',(#12294),#12298);
#12294 = LINE('',#12295,#12296);
#12295 = CARTESIAN_POINT('',(-4.126821151444E-16,4.));
#12296 = VECTOR('',#12297,1.);
#12297 = DIRECTION('',(1.,0.));
#12298 = ( GEOMETRIC_REPRESENTATION_CONTEXT(2) 
PARAMETRIC_REPRESENTATION_CONTEXT() REPRESENTATION_CONTEXT('2D SPACE',''
  ) );
#12299 = ORIENTED_EDGE('',*,*,#12300,.F.);
#12300 = EDGE_CURVE('',#12301,#12271,#12303,.T.);
#12301 = VERTEX_POINT('',#12302);
#12302 = CARTESIAN_POINT('',(6.310639928483,-67.4234476014,-24.));
#12303 = SURFACE_CURVE('',#12304,(#12308,#12315),.PCURVE_S1.);
#12304 = LINE('',#12305,#12306);
#12305 = CARTESIAN_POINT('',(6.310639928483,-67.4234476014,-24.));
#12306 = VECTOR('',#12307,1.);
#12307 = DIRECTION('',(0.81985779367,-0.572567199687,9.102249994513E-17)
  );
#12308 = PCURVE('',#10973,#12309);
#12309 = DEFINITIONAL_REPRESENTATION('',(#12310),#12314);
#12310 = LINE('',#12311,#12312);
#12311 = CARTESIAN_POINT('',(6.976706399451,3.757116635256));
#12312 = VECTOR('',#12313,1.);
#12313 = DIRECTION('',(-0.550379199878,-0.834914807835));
#12314 = ( GEOMETRIC_REPRESENTATION_CONTEXT(2) 
PARAMETRIC_REPRESENTATION_CONTEXT() REPRESENTATION_CONTEXT('2D SPACE',''
  ) );
#12315 = PCURVE('',#12316,#12321);
#12316 = PLANE('',#12317);
#12317 = AXIS2_PLACEMENT_3D('',#12318,#12319,#12320);
#12318 = CARTESIAN_POINT('',(6.310639928483,-67.4234476014,-20.));
#12319 = DIRECTION('',(0.572567199687,0.81985779367,6.35677288238E-17));
#12320 = DIRECTION('',(0.81985779367,-0.572567199687,9.102249994513E-17)
  );
#12321 = DEFINITIONAL_REPRESENTATION('',(#12322),#12326);
#12322 = LINE('',#12323,#12324);
#12323 = CARTESIAN_POINT('',(-3.640899997805E-16,4.));
#12324 = VECTOR('',#12325,1.);
#12325 = DIRECTION('',(1.,0.));
#12326 = ( GEOMETRIC_REPRESENTATION_CONTEXT(2) 
PARAMETRIC_REPRESENTATION_CONTEXT() REPRESENTATION_CONTEXT('2D SPACE',''
  ) );
#12327 = ORIENTED_EDGE('',*,*,#12328,.T.);
#12328 = EDGE_CURVE('',#12301,#10929,#12329,.T.);
#12329 = SURFACE_CURVE('',#12330,(#12334,#12341),.PCURVE_S1.);
#12330 = LINE('',#12331,#12332);
#12331 = CARTESIAN_POINT('',(6.310639928483,-67.4234476014,-24.));
#12332 = VECTOR('',#12333,1.);
#12333 = DIRECTION('',(0.572567199687,0.81985779367,6.35677288238E-17));
#12334 = PCURVE('',#10973,#12335);
#12335 = DEFINITIONAL_REPRESENTATION('',(#12336),#12340);
#12336 = LINE('',#12337,#12338);
#12337 = CARTESIAN_POINT('',(6.976706399451,3.757116635256));
#12338 = VECTOR('',#12339,1.);
#12339 = DIRECTION('',(-0.834914807835,0.550379199878));
#12340 = ( GEOMETRIC_REPRESENTATION_CONTEXT(2) 
PARAMETRIC_REPRESENTATION_CONTEXT() REPRESENTATION_CONTEXT('2D SPACE',''
  ) );
#12341 = PCURVE('',#10944,#12342);
#12342 = DEFINITIONAL_REPRESENTATION('',(#12343),#12347);
#12343 = LINE('',#12344,#12345);
#12344 = CARTESIAN_POINT('',(4.,-2.542709152952E-16));
#12345 = VECTOR('',#12346,1.);
#12346 = DIRECTION('',(0.,1.));
#12347 = ( GEOMETRIC_REPRESENTATION_CONTEXT(2) 
PARAMETRIC_REPRESENTATION_CONTEXT() REPRESENTATION_CONTEXT('2D SPACE',''
  ) );
#12348 = ORIENTED_EDGE('',*,*,#10956,.F.);
#12349 = ORIENTED_EDGE('',*,*,#12246,.T.);
#12350 = ORIENTED_EDGE('',*,*,#12351,.F.);
#12351 = EDGE_CURVE('',#12352,#12224,#12354,.T.);
#12352 = VERTEX_POINT('',#12353);
#12353 = CARTESIAN_POINT('',(15.076892715735,-70.58974726383,-24.));
#12354 = SURFACE_CURVE('',#12355,(#12359,#12366),.PCURVE_S1.);
#12355 = LINE('',#12356,#12357);
#12356 = CARTESIAN_POINT('',(13.689360071517,-72.57655239859,-24.));
#12357 = VECTOR('',#12358,1.);
#12358 = DIRECTION('',(0.572567199687,0.81985779367,6.35677288238E-17));
#12359 = PCURVE('',#10973,#12360);
#12360 = DEFINITIONAL_REPRESENTATION('',(#12361),#12365);
#12361 = LINE('',#12362,#12363);
#12362 = CARTESIAN_POINT('',(2.023293600549,-3.757116635256));
#12363 = VECTOR('',#12364,1.);
#12364 = DIRECTION('',(-0.834914807835,0.550379199878));
#12365 = ( GEOMETRIC_REPRESENTATION_CONTEXT(2) 
PARAMETRIC_REPRESENTATION_CONTEXT() REPRESENTATION_CONTEXT('2D SPACE',''
  ) );
#12366 = PCURVE('',#12058,#12367);
#12367 = DEFINITIONAL_REPRESENTATION('',(#12368),#12372);
#12368 = LINE('',#12369,#12370);
#12369 = CARTESIAN_POINT('',(4.,-2.542709152952E-16));
#12370 = VECTOR('',#12371,1.);
#12371 = DIRECTION('',(0.,1.));
#12372 = ( GEOMETRIC_REPRESENTATION_CONTEXT(2) 
PARAMETRIC_REPRESENTATION_CONTEXT() REPRESENTATION_CONTEXT('2D SPACE',''
  ) );
#12373 = ORIENTED_EDGE('',*,*,#12374,.T.);
#12374 = EDGE_CURVE('',#12352,#12375,#12377,.T.);
#12375 = VERTEX_POINT('',#12376);
#12376 = CARTESIAN_POINT('',(29.057356643637,-105.7612470243,-24.));
#12377 = SURFACE_CURVE('',#12378,(#12382,#12389),.PCURVE_S1.);
#12378 = LINE('',#12379,#12380);
#12379 = CARTESIAN_POINT('',(14.181748794971,-68.33777949243,-24.));
#12380 = VECTOR('',#12381,1.);
#12381 = DIRECTION('',(0.369382335014,-0.929277509994,4.100967732222E-17
    ));
#12382 = PCURVE('',#10973,#12383);
#12383 = DEFINITIONAL_REPRESENTATION('',(#12384),#12388);
#12384 = LINE('',#12385,#12386);
#12385 = CARTESIAN_POINT('',(-0.,0.));
#12386 = VECTOR('',#12387,1.);
#12387 = DIRECTION('',(-1.22087999104E-17,-1.));
#12388 = ( GEOMETRIC_REPRESENTATION_CONTEXT(2) 
PARAMETRIC_REPRESENTATION_CONTEXT() REPRESENTATION_CONTEXT('2D SPACE',''
  ) );
#12389 = PCURVE('',#12390,#12395);
#12390 = PLANE('',#12391);
#12391 = AXIS2_PLACEMENT_3D('',#12392,#12393,#12394);
#12392 = CARTESIAN_POINT('',(14.181748794971,-68.33777949243,-20.));
#12393 = DIRECTION('',(-0.929277509994,-0.369382335014,
    -1.031705287861E-16));
#12394 = DIRECTION('',(1.110223024625E-16,0.,-1.));
#12395 = DEFINITIONAL_REPRESENTATION('',(#12396),#12400);
#12396 = LINE('',#12397,#12398);
#12397 = CARTESIAN_POINT('',(4.,1.640387092889E-16));
#12398 = VECTOR('',#12399,1.);
#12399 = DIRECTION('',(0.,1.));
#12400 = ( GEOMETRIC_REPRESENTATION_CONTEXT(2) 
PARAMETRIC_REPRESENTATION_CONTEXT() REPRESENTATION_CONTEXT('2D SPACE',''
  ) );
#12401 = ORIENTED_EDGE('',*,*,#12402,.F.);
#12402 = EDGE_CURVE('',#12403,#12375,#12405,.T.);
#12403 = VERTEX_POINT('',#12404);
#12404 = CARTESIAN_POINT('',(26.284263908702,-113.7338886372,-24.));
#12405 = SURFACE_CURVE('',#12406,(#12410,#12417),.PCURVE_S1.);
#12406 = LINE('',#12407,#12408);
#12407 = CARTESIAN_POINT('',(59.967238911716,-16.8953355036,-24.));
#12408 = VECTOR('',#12409,1.);
#12409 = DIRECTION('',(0.328520624941,0.944496796706,3.64731161874E-17)
  );
#12410 = PCURVE('',#10973,#12411);
#12411 = DEFINITIONAL_REPRESENTATION('',(#12412),#12416);
#12412 = LINE('',#12413,#12414);
#12413 = CARTESIAN_POINT('',(-61.54935632893,30.891955008842));
#12414 = VECTOR('',#12415,1.);
#12415 = DIRECTION('',(-0.654167260507,0.756349915899));
#12416 = ( GEOMETRIC_REPRESENTATION_CONTEXT(2) 
PARAMETRIC_REPRESENTATION_CONTEXT() REPRESENTATION_CONTEXT('2D SPACE',''
  ) );
#12417 = PCURVE('',#12418,#12423);
#12418 = PLANE('',#12419);
#12419 = AXIS2_PLACEMENT_3D('',#12420,#12421,#12422);
#12420 = CARTESIAN_POINT('',(80.870579656094,43.201769136477,-3.5));
#12421 = DIRECTION('',(-0.944496796706,0.328520624941,
    -1.048602090388E-16));
#12422 = DIRECTION('',(1.110223024625E-16,0.,-1.));
#12423 = DEFINITIONAL_REPRESENTATION('',(#12424),#12428);
#12424 = LINE('',#12425,#12426);
#12425 = CARTESIAN_POINT('',(20.5,63.62870138858));
#12426 = VECTOR('',#12427,1.);
#12427 = DIRECTION('',(0.,-1.));
#12428 = ( GEOMETRIC_REPRESENTATION_CONTEXT(2) 
PARAMETRIC_REPRESENTATION_CONTEXT() REPRESENTATION_CONTEXT('2D SPACE',''
  ) );
#12429 = ORIENTED_EDGE('',*,*,#12430,.F.);
#12430 = EDGE_CURVE('',#12431,#12403,#12433,.T.);
#12431 = VERTEX_POINT('',#12432);
#12432 = CARTESIAN_POINT('',(29.958782946753,-122.187810458,-24.));
#12433 = SURFACE_CURVE('',#12434,(#12439,#12446),.PCURVE_S1.);
#12434 = CIRCLE('',#12435,6.8);
#12435 = AXIS2_PLACEMENT_3D('',#12436,#12437,#12438);
#12436 = CARTESIAN_POINT('',(32.706842126304,-115.9678288868,-24.));
#12437 = DIRECTION('',(2.22044604925E-16,0.,-1.));
#12438 = DIRECTION('',(-1.,0.,-2.22044604925E-16));
#12439 = PCURVE('',#10973,#12440);
#12440 = DEFINITIONAL_REPRESENTATION('',(#12441),#12445);
#12441 = CIRCLE('',#12442,6.8);
#12442 = AXIS2_PLACEMENT_2D('',#12443,#12444);
#12443 = CARTESIAN_POINT('',(0.378746258804,-51.1043759332));
#12444 = DIRECTION('',(0.929277509994,0.369382335014));
#12445 = ( GEOMETRIC_REPRESENTATION_CONTEXT(2) 
PARAMETRIC_REPRESENTATION_CONTEXT() REPRESENTATION_CONTEXT('2D SPACE',''
  ) );
#12446 = PCURVE('',#12447,#12452);
#12447 = CYLINDRICAL_SURFACE('',#12448,6.8);
#12448 = AXIS2_PLACEMENT_3D('',#12449,#12450,#12451);
#12449 = CARTESIAN_POINT('',(32.706842126304,-115.9678288868,-3.5));
#12450 = DIRECTION('',(2.22044604925E-16,0.,-1.));
#12451 = DIRECTION('',(-1.,0.,-2.22044604925E-16));
#12452 = DEFINITIONAL_REPRESENTATION('',(#12453),#12457);
#12453 = LINE('',#12454,#12455);
#12454 = CARTESIAN_POINT('',(0.,20.5));
#12455 = VECTOR('',#12456,1.);
#12456 = DIRECTION('',(1.,0.));
#12457 = ( GEOMETRIC_REPRESENTATION_CONTEXT(2) 
PARAMETRIC_REPRESENTATION_CONTEXT() REPRESENTATION_CONTEXT('2D SPACE',''
  ) );
#12458 = ORIENTED_EDGE('',*,*,#12459,.T.);
#12459 = EDGE_CURVE('',#12431,#12460,#12462,.T.);
#12460 = VERTEX_POINT('',#12461);
#12461 = CARTESIAN_POINT('',(26.455413394203,-123.5803792136,-24.));
#12462 = SURFACE_CURVE('',#12463,(#12467,#12474),.PCURVE_S1.);
#12463 = LINE('',#12464,#12465);
#12464 = CARTESIAN_POINT('',(34.818910984145,-120.2559381985,-24.));
#12465 = VECTOR('',#12466,1.);
#12466 = DIRECTION('',(-0.929277509994,-0.369382335014,
    -1.031705287861E-16));
#12467 = PCURVE('',#10973,#12468);
#12468 = DEFINITIONAL_REPRESENTATION('',(#12469),#12473);
#12469 = LINE('',#12470,#12471);
#12470 = CARTESIAN_POINT('',(-6.658239238246E-16,-55.86938040337));
#12471 = VECTOR('',#12472,1.);
#12472 = DIRECTION('',(1.,1.22087999104E-17));
#12473 = ( GEOMETRIC_REPRESENTATION_CONTEXT(2) 
PARAMETRIC_REPRESENTATION_CONTEXT() REPRESENTATION_CONTEXT('2D SPACE',''
  ) );
#12474 = PCURVE('',#12475,#12480);
#12475 = PLANE('',#12476);
#12476 = AXIS2_PLACEMENT_3D('',#12477,#12478,#12479);
#12477 = CARTESIAN_POINT('',(34.818910984145,-120.2559381985,-20.));
#12478 = DIRECTION('',(0.369382335014,-0.929277509994,4.100967732222E-17
    ));
#12479 = DIRECTION('',(-0.929277509994,-0.369382335014,
    -1.031705287861E-16));
#12480 = DEFINITIONAL_REPRESENTATION('',(#12481),#12485);
#12481 = LINE('',#12482,#12483);
#12482 = CARTESIAN_POINT('',(4.126821151444E-16,4.));
#12483 = VECTOR('',#12484,1.);
#12484 = DIRECTION('',(1.,0.));
#12485 = ( GEOMETRIC_REPRESENTATION_CONTEXT(2) 
PARAMETRIC_REPRESENTATION_CONTEXT() REPRESENTATION_CONTEXT('2D SPACE',''
  ) );
#12486 = ORIENTED_EDGE('',*,*,#12487,.F.);
#12487 = EDGE_CURVE('',#12488,#12460,#12490,.T.);
#12488 = VERTEX_POINT('',#12489);
#12489 = CARTESIAN_POINT('',(6.,-72.11945695778,-24.));
#12490 = SURFACE_CURVE('',#12491,(#12495,#12502),.PCURVE_S1.);
#12491 = LINE('',#12492,#12493);
#12492 = CARTESIAN_POINT('',(5.818251205029,-71.66222050756,-24.));
#12493 = VECTOR('',#12494,1.);
#12494 = DIRECTION('',(0.369382335014,-0.929277509994,4.100967732222E-17
    ));
#12495 = PCURVE('',#10973,#12496);
#12496 = DEFINITIONAL_REPRESENTATION('',(#12497),#12501);
#12497 = LINE('',#12498,#12499);
#12498 = CARTESIAN_POINT('',(9.,2.785984454913E-17));
#12499 = VECTOR('',#12500,1.);
#12500 = DIRECTION('',(-1.22087999104E-17,-1.));
#12501 = ( GEOMETRIC_REPRESENTATION_CONTEXT(2) 
PARAMETRIC_REPRESENTATION_CONTEXT() REPRESENTATION_CONTEXT('2D SPACE',''
  ) );
#12502 = PCURVE('',#12503,#12508);
#12503 = PLANE('',#12504);
#12504 = AXIS2_PLACEMENT_3D('',#12505,#12506,#12507);
#12505 = CARTESIAN_POINT('',(5.818251205029,-71.66222050756,-20.));
#12506 = DIRECTION('',(-0.929277509994,-0.369382335014,
    -1.031705287861E-16));
#12507 = DIRECTION('',(1.110223024625E-16,0.,-1.));
#12508 = DEFINITIONAL_REPRESENTATION('',(#12509),#12513);
#12509 = LINE('',#12510,#12511);
#12510 = CARTESIAN_POINT('',(4.,-1.640387092889E-16));
#12511 = VECTOR('',#12512,1.);
#12512 = DIRECTION('',(0.,1.));
#12513 = ( GEOMETRIC_REPRESENTATION_CONTEXT(2) 
PARAMETRIC_REPRESENTATION_CONTEXT() REPRESENTATION_CONTEXT('2D SPACE',''
  ) );
#12514 = ORIENTED_EDGE('',*,*,#12515,.F.);
#12515 = EDGE_CURVE('',#12273,#12488,#12516,.T.);
#12516 = SURFACE_CURVE('',#12517,(#12521,#12528),.PCURVE_S1.);
#12517 = LINE('',#12518,#12519);
#12518 = CARTESIAN_POINT('',(6.,-126.6688897462,-24.));
#12519 = VECTOR('',#12520,1.);
#12520 = DIRECTION('',(0.,-1.,0.));
#12521 = PCURVE('',#10973,#12522);
#12522 = DEFINITIONAL_REPRESENTATION('',(#12523),#12527);
#12523 = LINE('',#12524,#12525);
#12524 = CARTESIAN_POINT('',(29.149596857074,-51.1835954174));
#12525 = VECTOR('',#12526,1.);
#12526 = DIRECTION('',(0.369382335014,-0.929277509994));
#12527 = ( GEOMETRIC_REPRESENTATION_CONTEXT(2) 
PARAMETRIC_REPRESENTATION_CONTEXT() REPRESENTATION_CONTEXT('2D SPACE',''
  ) );
#12528 = PCURVE('',#12529,#12534);
#12529 = PLANE('',#12530);
#12530 = AXIS2_PLACEMENT_3D('',#12531,#12532,#12533);
#12531 = CARTESIAN_POINT('',(6.,-185.,40.));
#12532 = DIRECTION('',(1.,0.,1.110223024625E-16));
#12533 = DIRECTION('',(1.110223024625E-16,0.,-1.));
#12534 = DEFINITIONAL_REPRESENTATION('',(#12535),#12539);
#12535 = LINE('',#12536,#12537);
#12536 = CARTESIAN_POINT('',(64.,58.331110253781));
#12537 = VECTOR('',#12538,1.);
#12538 = DIRECTION('',(0.,-1.));
#12539 = ( GEOMETRIC_REPRESENTATION_CONTEXT(2) 
PARAMETRIC_REPRESENTATION_CONTEXT() REPRESENTATION_CONTEXT('2D SPACE',''
  ) );
#12540 = ADVANCED_FACE('',(#12541),#10944,.F.);
#12541 = FACE_BOUND('',#12542,.F.);
#12542 = EDGE_LOOP('',(#12543,#12566,#12594,#12622,#12643,#12644));
#12543 = ORIENTED_EDGE('',*,*,#12544,.F.);
#12544 = EDGE_CURVE('',#12545,#10900,#12547,.T.);
#12545 = VERTEX_POINT('',#12546);
#12546 = CARTESIAN_POINT('',(10.796607414393,-61.,-20.));
#12547 = SURFACE_CURVE('',#12548,(#12552,#12559),.PCURVE_S1.);
#12548 = LINE('',#12549,#12550);
#12549 = CARTESIAN_POINT('',(6.310639928483,-67.4234476014,-20.));
#12550 = VECTOR('',#12551,1.);
#12551 = DIRECTION('',(0.572567199687,0.81985779367,6.35677288238E-17));
#12552 = PCURVE('',#10944,#12553);
#12553 = DEFINITIONAL_REPRESENTATION('',(#12554),#12558);
#12554 = LINE('',#12555,#12556);
#12555 = CARTESIAN_POINT('',(0.,0.));
#12556 = VECTOR('',#12557,1.);
#12557 = DIRECTION('',(0.,1.));
#12558 = ( GEOMETRIC_REPRESENTATION_CONTEXT(2) 
PARAMETRIC_REPRESENTATION_CONTEXT() REPRESENTATION_CONTEXT('2D SPACE',''
  ) );
#12559 = PCURVE('',#10916,#12560);
#12560 = DEFINITIONAL_REPRESENTATION('',(#12561),#12565);
#12561 = LINE('',#12562,#12563);
#12562 = CARTESIAN_POINT('',(6.976706399451,3.757116635256));
#12563 = VECTOR('',#12564,1.);
#12564 = DIRECTION('',(-0.834914807835,0.550379199878));
#12565 = ( GEOMETRIC_REPRESENTATION_CONTEXT(2) 
PARAMETRIC_REPRESENTATION_CONTEXT() REPRESENTATION_CONTEXT('2D SPACE',''
  ) );
#12566 = ORIENTED_EDGE('',*,*,#12567,.T.);
#12567 = EDGE_CURVE('',#12545,#12568,#12570,.T.);
#12568 = VERTEX_POINT('',#12569);
#12569 = CARTESIAN_POINT('',(10.796607414393,-61.,-22.));
#12570 = SURFACE_CURVE('',#12571,(#12575,#12582),.PCURVE_S1.);
#12571 = LINE('',#12572,#12573);
#12572 = CARTESIAN_POINT('',(10.796607414393,-61.,-6.5));
#12573 = VECTOR('',#12574,1.);
#12574 = DIRECTION('',(1.110223024625E-16,0.,-1.));
#12575 = PCURVE('',#10944,#12576);
#12576 = DEFINITIONAL_REPRESENTATION('',(#12577),#12581);
#12577 = LINE('',#12578,#12579);
#12578 = CARTESIAN_POINT('',(-13.5,7.834831419544));
#12579 = VECTOR('',#12580,1.);
#12580 = DIRECTION('',(1.,0.));
#12581 = ( GEOMETRIC_REPRESENTATION_CONTEXT(2) 
PARAMETRIC_REPRESENTATION_CONTEXT() REPRESENTATION_CONTEXT('2D SPACE',''
  ) );
#12582 = PCURVE('',#12583,#12588);
#12583 = PLANE('',#12584);
#12584 = AXIS2_PLACEMENT_3D('',#12585,#12586,#12587);
#12585 = CARTESIAN_POINT('',(6.,-61.,7.));
#12586 = DIRECTION('',(0.,1.,0.));
#12587 = DIRECTION('',(1.,0.,1.110223024625E-16));
#12588 = DEFINITIONAL_REPRESENTATION('',(#12589),#12593);
#12589 = LINE('',#12590,#12591);
#12590 = CARTESIAN_POINT('',(4.796607414393,13.5));
#12591 = VECTOR('',#12592,1.);
#12592 = DIRECTION('',(0.,1.));
#12593 = ( GEOMETRIC_REPRESENTATION_CONTEXT(2) 
PARAMETRIC_REPRESENTATION_CONTEXT() REPRESENTATION_CONTEXT('2D SPACE',''
  ) );
#12594 = ORIENTED_EDGE('',*,*,#12595,.T.);
#12595 = EDGE_CURVE('',#12568,#12596,#12598,.T.);
#12596 = VERTEX_POINT('',#12597);
#12597 = CARTESIAN_POINT('',(6.310639928483,-67.4234476014,-22.));
#12598 = SURFACE_CURVE('',#12599,(#12603,#12610),.PCURVE_S1.);
#12599 = LINE('',#12600,#12601);
#12600 = CARTESIAN_POINT('',(3.542566967381,-71.38704557182,-22.));
#12601 = VECTOR('',#12602,1.);
#12602 = DIRECTION('',(-0.572567199687,-0.81985779367,-6.35677288238E-17
    ));
#12603 = PCURVE('',#10944,#12604);
#12604 = DEFINITIONAL_REPRESENTATION('',(#12605),#12609);
#12605 = LINE('',#12606,#12607);
#12606 = CARTESIAN_POINT('',(2.,-4.834494470892));
#12607 = VECTOR('',#12608,1.);
#12608 = DIRECTION('',(0.,-1.));
#12609 = ( GEOMETRIC_REPRESENTATION_CONTEXT(2) 
PARAMETRIC_REPRESENTATION_CONTEXT() REPRESENTATION_CONTEXT('2D SPACE',''
  ) );
#12610 = PCURVE('',#12611,#12616);
#12611 = PLANE('',#12612);
#12612 = AXIS2_PLACEMENT_3D('',#12613,#12614,#12615);
#12613 = CARTESIAN_POINT('',(6.,-79.,-22.));
#12614 = DIRECTION('',(1.110223024625E-16,0.,-1.));
#12615 = DIRECTION('',(1.,0.,1.110223024625E-16));
#12616 = DEFINITIONAL_REPRESENTATION('',(#12617),#12621);
#12617 = LINE('',#12618,#12619);
#12618 = CARTESIAN_POINT('',(-2.457433032619,-7.612954428176));
#12619 = VECTOR('',#12620,1.);
#12620 = DIRECTION('',(-0.572567199687,0.81985779367));
#12621 = ( GEOMETRIC_REPRESENTATION_CONTEXT(2) 
PARAMETRIC_REPRESENTATION_CONTEXT() REPRESENTATION_CONTEXT('2D SPACE',''
  ) );
#12622 = ORIENTED_EDGE('',*,*,#12623,.T.);
#12623 = EDGE_CURVE('',#12596,#12301,#12624,.T.);
#12624 = SURFACE_CURVE('',#12625,(#12629,#12636),.PCURVE_S1.);
#12625 = LINE('',#12626,#12627);
#12626 = CARTESIAN_POINT('',(6.310639928483,-67.4234476014,-20.));
#12627 = VECTOR('',#12628,1.);
#12628 = DIRECTION('',(1.110223024625E-16,0.,-1.));
#12629 = PCURVE('',#10944,#12630);
#12630 = DEFINITIONAL_REPRESENTATION('',(#12631),#12635);
#12631 = LINE('',#12632,#12633);
#12632 = CARTESIAN_POINT('',(0.,0.));
#12633 = VECTOR('',#12634,1.);
#12634 = DIRECTION('',(1.,0.));
#12635 = ( GEOMETRIC_REPRESENTATION_CONTEXT(2) 
PARAMETRIC_REPRESENTATION_CONTEXT() REPRESENTATION_CONTEXT('2D SPACE',''
  ) );
#12636 = PCURVE('',#12316,#12637);
#12637 = DEFINITIONAL_REPRESENTATION('',(#12638),#12642);
#12638 = LINE('',#12639,#12640);
#12639 = CARTESIAN_POINT('',(0.,0.));
#12640 = VECTOR('',#12641,1.);
#12641 = DIRECTION('',(0.,1.));
#12642 = ( GEOMETRIC_REPRESENTATION_CONTEXT(2) 
PARAMETRIC_REPRESENTATION_CONTEXT() REPRESENTATION_CONTEXT('2D SPACE',''
  ) );
#12643 = ORIENTED_EDGE('',*,*,#12328,.T.);
#12644 = ORIENTED_EDGE('',*,*,#10928,.F.);
#12645 = ADVANCED_FACE('',(#12646),#10916,.F.);
#12646 = FACE_BOUND('',#12647,.F.);
#12647 = EDGE_LOOP('',(#12648,#12678,#12706,#12727,#12728,#12729,#12730,
    #12731,#12754,#12777,#12805));
#12648 = ORIENTED_EDGE('',*,*,#12649,.F.);
#12649 = EDGE_CURVE('',#12650,#12652,#12654,.T.);
#12650 = VERTEX_POINT('',#12651);
#12651 = CARTESIAN_POINT('',(14.,-79.,-20.));
#12652 = VERTEX_POINT('',#12653);
#12653 = CARTESIAN_POINT('',(8.734975319823,-79.,-20.));
#12654 = SURFACE_CURVE('',#12655,(#12659,#12666),.PCURVE_S1.);
#12655 = LINE('',#12656,#12657);
#12656 = CARTESIAN_POINT('',(10.090874397485,-79.,-20.));
#12657 = VECTOR('',#12658,1.);
#12658 = DIRECTION('',(-1.,0.,-1.110223024625E-16));
#12659 = PCURVE('',#10916,#12660);
#12660 = DEFINITIONAL_REPRESENTATION('',(#12661),#12665);
#12661 = LINE('',#12662,#12663);
#12662 = CARTESIAN_POINT('',(7.739993481307,-8.397064987078));
#12663 = VECTOR('',#12664,1.);
#12664 = DIRECTION('',(0.929277509994,0.369382335014));
#12665 = ( GEOMETRIC_REPRESENTATION_CONTEXT(2) 
PARAMETRIC_REPRESENTATION_CONTEXT() REPRESENTATION_CONTEXT('2D SPACE',''
  ) );
#12666 = PCURVE('',#12667,#12672);
#12667 = PLANE('',#12668);
#12668 = AXIS2_PLACEMENT_3D('',#12669,#12670,#12671);
#12669 = CARTESIAN_POINT('',(6.,-79.,7.));
#12670 = DIRECTION('',(0.,1.,0.));
#12671 = DIRECTION('',(1.,0.,1.110223024625E-16));
#12672 = DEFINITIONAL_REPRESENTATION('',(#12673),#12677);
#12673 = LINE('',#12674,#12675);
#12674 = CARTESIAN_POINT('',(4.090874397485,27.));
#12675 = VECTOR('',#12676,1.);
#12676 = DIRECTION('',(-1.,0.));
#12677 = ( GEOMETRIC_REPRESENTATION_CONTEXT(2) 
PARAMETRIC_REPRESENTATION_CONTEXT() REPRESENTATION_CONTEXT('2D SPACE',''
  ) );
#12678 = ORIENTED_EDGE('',*,*,#12679,.T.);
#12679 = EDGE_CURVE('',#12650,#12680,#12682,.T.);
#12680 = VERTEX_POINT('',#12681);
#12681 = CARTESIAN_POINT('',(14.,-61.,-20.));
#12682 = SURFACE_CURVE('',#12683,(#12687,#12694),.PCURVE_S1.);
#12683 = LINE('',#12684,#12685);
#12684 = CARTESIAN_POINT('',(14.,-79.,-20.));
#12685 = VECTOR('',#12686,1.);
#12686 = DIRECTION('',(0.,1.,0.));
#12687 = PCURVE('',#10916,#12688);
#12688 = DEFINITIONAL_REPRESENTATION('',(#12689),#12693);
#12689 = LINE('',#12690,#12691);
#12690 = CARTESIAN_POINT('',(4.10733097515,-9.841026929997));
#12691 = VECTOR('',#12692,1.);
#12692 = DIRECTION('',(-0.369382335014,0.929277509994));
#12693 = ( GEOMETRIC_REPRESENTATION_CONTEXT(2) 
PARAMETRIC_REPRESENTATION_CONTEXT() REPRESENTATION_CONTEXT('2D SPACE',''
  ) );
#12694 = PCURVE('',#12695,#12700);
#12695 = PLANE('',#12696);
#12696 = AXIS2_PLACEMENT_3D('',#12697,#12698,#12699);
#12697 = CARTESIAN_POINT('',(14.,-79.,7.));
#12698 = DIRECTION('',(1.,0.,1.110223024625E-16));
#12699 = DIRECTION('',(1.110223024625E-16,0.,-1.));
#12700 = DEFINITIONAL_REPRESENTATION('',(#12701),#12705);
#12701 = LINE('',#12702,#12703);
#12702 = CARTESIAN_POINT('',(27.,0.));
#12703 = VECTOR('',#12704,1.);
#12704 = DIRECTION('',(0.,1.));
#12705 = ( GEOMETRIC_REPRESENTATION_CONTEXT(2) 
PARAMETRIC_REPRESENTATION_CONTEXT() REPRESENTATION_CONTEXT('2D SPACE',''
  ) );
#12706 = ORIENTED_EDGE('',*,*,#12707,.T.);
#12707 = EDGE_CURVE('',#12680,#12545,#12708,.T.);
#12708 = SURFACE_CURVE('',#12709,(#12713,#12720),.PCURVE_S1.);
#12709 = LINE('',#12710,#12711);
#12710 = CARTESIAN_POINT('',(6.155319964241,-61.,-20.));
#12711 = VECTOR('',#12712,1.);
#12712 = DIRECTION('',(-1.,0.,-1.110223024625E-16));
#12713 = PCURVE('',#10916,#12714);
#12714 = DEFINITIONAL_REPRESENTATION('',(#12715),#12719);
#12715 = LINE('',#12716,#12717);
#12716 = CARTESIAN_POINT('',(4.748333675227,9.783654478931));
#12717 = VECTOR('',#12718,1.);
#12718 = DIRECTION('',(0.929277509994,0.369382335014));
#12719 = ( GEOMETRIC_REPRESENTATION_CONTEXT(2) 
PARAMETRIC_REPRESENTATION_CONTEXT() REPRESENTATION_CONTEXT('2D SPACE',''
  ) );
#12720 = PCURVE('',#12583,#12721);
#12721 = DEFINITIONAL_REPRESENTATION('',(#12722),#12726);
#12722 = LINE('',#12723,#12724);
#12723 = CARTESIAN_POINT('',(0.155319964241,27.));
#12724 = VECTOR('',#12725,1.);
#12725 = DIRECTION('',(-1.,0.));
#12726 = ( GEOMETRIC_REPRESENTATION_CONTEXT(2) 
PARAMETRIC_REPRESENTATION_CONTEXT() REPRESENTATION_CONTEXT('2D SPACE',''
  ) );
#12727 = ORIENTED_EDGE('',*,*,#12544,.T.);
#12728 = ORIENTED_EDGE('',*,*,#10899,.F.);
#12729 = ORIENTED_EDGE('',*,*,#11945,.T.);
#12730 = ORIENTED_EDGE('',*,*,#12070,.T.);
#12731 = ORIENTED_EDGE('',*,*,#12732,.F.);
#12732 = EDGE_CURVE('',#12733,#12043,#12735,.T.);
#12733 = VERTEX_POINT('',#12734);
#12734 = CARTESIAN_POINT('',(15.076892715735,-70.58974726383,-20.));
#12735 = SURFACE_CURVE('',#12736,(#12740,#12747),.PCURVE_S1.);
#12736 = LINE('',#12737,#12738);
#12737 = CARTESIAN_POINT('',(13.689360071517,-72.57655239859,-20.));
#12738 = VECTOR('',#12739,1.);
#12739 = DIRECTION('',(0.572567199687,0.81985779367,6.35677288238E-17));
#12740 = PCURVE('',#10916,#12741);
#12741 = DEFINITIONAL_REPRESENTATION('',(#12742),#12746);
#12742 = LINE('',#12743,#12744);
#12743 = CARTESIAN_POINT('',(2.023293600549,-3.757116635256));
#12744 = VECTOR('',#12745,1.);
#12745 = DIRECTION('',(-0.834914807835,0.550379199878));
#12746 = ( GEOMETRIC_REPRESENTATION_CONTEXT(2) 
PARAMETRIC_REPRESENTATION_CONTEXT() REPRESENTATION_CONTEXT('2D SPACE',''
  ) );
#12747 = PCURVE('',#12058,#12748);
#12748 = DEFINITIONAL_REPRESENTATION('',(#12749),#12753);
#12749 = LINE('',#12750,#12751);
#12750 = CARTESIAN_POINT('',(0.,0.));
#12751 = VECTOR('',#12752,1.);
#12752 = DIRECTION('',(0.,1.));
#12753 = ( GEOMETRIC_REPRESENTATION_CONTEXT(2) 
PARAMETRIC_REPRESENTATION_CONTEXT() REPRESENTATION_CONTEXT('2D SPACE',''
  ) );
#12754 = ORIENTED_EDGE('',*,*,#12755,.T.);
#12755 = EDGE_CURVE('',#12733,#12756,#12758,.T.);
#12756 = VERTEX_POINT('',#12757);
#12757 = CARTESIAN_POINT('',(28.662094376446,-104.7668618016,-20.));
#12758 = SURFACE_CURVE('',#12759,(#12763,#12770),.PCURVE_S1.);
#12759 = LINE('',#12760,#12761);
#12760 = CARTESIAN_POINT('',(14.181748794971,-68.33777949243,-20.));
#12761 = VECTOR('',#12762,1.);
#12762 = DIRECTION('',(0.369382335014,-0.929277509994,4.100967732222E-17
    ));
#12763 = PCURVE('',#10916,#12764);
#12764 = DEFINITIONAL_REPRESENTATION('',(#12765),#12769);
#12765 = LINE('',#12766,#12767);
#12766 = CARTESIAN_POINT('',(-1.650728460578E-15,-6.561548371555E-16));
#12767 = VECTOR('',#12768,1.);
#12768 = DIRECTION('',(-1.22087999104E-17,-1.));
#12769 = ( GEOMETRIC_REPRESENTATION_CONTEXT(2) 
PARAMETRIC_REPRESENTATION_CONTEXT() REPRESENTATION_CONTEXT('2D SPACE',''
  ) );
#12770 = PCURVE('',#12390,#12771);
#12771 = DEFINITIONAL_REPRESENTATION('',(#12772),#12776);
#12772 = LINE('',#12773,#12774);
#12773 = CARTESIAN_POINT('',(0.,0.));
#12774 = VECTOR('',#12775,1.);
#12775 = DIRECTION('',(0.,1.));
#12776 = ( GEOMETRIC_REPRESENTATION_CONTEXT(2) 
PARAMETRIC_REPRESENTATION_CONTEXT() REPRESENTATION_CONTEXT('2D SPACE',''
  ) );
#12777 = ORIENTED_EDGE('',*,*,#12778,.T.);
#12778 = EDGE_CURVE('',#12756,#12779,#12781,.T.);
#12779 = VERTEX_POINT('',#12780);
#12780 = CARTESIAN_POINT('',(24.142324276398,-117.7612008393,-20.));
#12781 = SURFACE_CURVE('',#12782,(#12786,#12793),.PCURVE_S1.);
#12782 = LINE('',#12783,#12784);
#12783 = CARTESIAN_POINT('',(60.176670810116,-14.16245455487,-20.));
#12784 = VECTOR('',#12785,1.);
#12785 = DIRECTION('',(-0.328520624941,-0.944496796706,
    -3.64731161874E-17));
#12786 = PCURVE('',#10916,#12787);
#12787 = DEFINITIONAL_REPRESENTATION('',(#12788),#12792);
#12788 = LINE('',#12789,#12790);
#12789 = CARTESIAN_POINT('',(-62.75345462814,33.35419936833));
#12790 = VECTOR('',#12791,1.);
#12791 = DIRECTION('',(0.654167260507,-0.756349915899));
#12792 = ( GEOMETRIC_REPRESENTATION_CONTEXT(2) 
PARAMETRIC_REPRESENTATION_CONTEXT() REPRESENTATION_CONTEXT('2D SPACE',''
  ) );
#12793 = PCURVE('',#12794,#12799);
#12794 = PLANE('',#12795);
#12795 = AXIS2_PLACEMENT_3D('',#12796,#12797,#12798);
#12796 = CARTESIAN_POINT('',(81.950591210589,48.437566596479,-16.9));
#12797 = DIRECTION('',(-0.944496796706,0.328520624941,
    -1.048602090388E-16));
#12798 = DIRECTION('',(1.110223024625E-16,0.,-1.));
#12799 = DEFINITIONAL_REPRESENTATION('',(#12800),#12804);
#12800 = LINE('',#12801,#12802);
#12801 = CARTESIAN_POINT('',(3.1,66.27870138858));
#12802 = VECTOR('',#12803,1.);
#12803 = DIRECTION('',(0.,1.));
#12804 = ( GEOMETRIC_REPRESENTATION_CONTEXT(2) 
PARAMETRIC_REPRESENTATION_CONTEXT() REPRESENTATION_CONTEXT('2D SPACE',''
  ) );
#12805 = ORIENTED_EDGE('',*,*,#12806,.F.);
#12806 = EDGE_CURVE('',#12652,#12779,#12807,.T.);
#12807 = SURFACE_CURVE('',#12808,(#12812,#12819),.PCURVE_S1.);
#12808 = LINE('',#12809,#12810);
#12809 = CARTESIAN_POINT('',(5.818251205029,-71.66222050756,-20.));
#12810 = VECTOR('',#12811,1.);
#12811 = DIRECTION('',(0.369382335014,-0.929277509994,4.100967732222E-17
    ));
#12812 = PCURVE('',#10916,#12813);
#12813 = DEFINITIONAL_REPRESENTATION('',(#12814),#12818);
#12814 = LINE('',#12815,#12816);
#12815 = CARTESIAN_POINT('',(9.,-6.282949926063E-16));
#12816 = VECTOR('',#12817,1.);
#12817 = DIRECTION('',(-1.22087999104E-17,-1.));
#12818 = ( GEOMETRIC_REPRESENTATION_CONTEXT(2) 
PARAMETRIC_REPRESENTATION_CONTEXT() REPRESENTATION_CONTEXT('2D SPACE',''
  ) );
#12819 = PCURVE('',#12503,#12820);
#12820 = DEFINITIONAL_REPRESENTATION('',(#12821),#12825);
#12821 = LINE('',#12822,#12823);
#12822 = CARTESIAN_POINT('',(0.,0.));
#12823 = VECTOR('',#12824,1.);
#12824 = DIRECTION('',(0.,1.));
#12825 = ( GEOMETRIC_REPRESENTATION_CONTEXT(2) 
PARAMETRIC_REPRESENTATION_CONTEXT() REPRESENTATION_CONTEXT('2D SPACE',''
  ) );
#12826 = ADVANCED_FACE('',(#12827),#10840,.T.);
#12827 = FACE_BOUND('',#12828,.T.);
#12828 = EDGE_LOOP('',(#12829,#12830,#12851,#12852));
#12829 = ORIENTED_EDGE('',*,*,#11817,.T.);
#12830 = ORIENTED_EDGE('',*,*,#12831,.T.);
#12831 = EDGE_CURVE('',#11794,#10801,#12832,.T.);
#12832 = SURFACE_CURVE('',#12833,(#12837,#12844),.PCURVE_S1.);
#12833 = LINE('',#12834,#12835);
#12834 = CARTESIAN_POINT('',(56.015263718226,-15.56281047549,-15.));
#12835 = VECTOR('',#12836,1.);
#12836 = DIRECTION('',(-0.493012571981,0.870022185849,
    -5.473539088428E-17));
#12837 = PCURVE('',#10840,#12838);
#12838 = DEFINITIONAL_REPRESENTATION('',(#12839),#12843);
#12839 = LINE('',#12840,#12841);
#12840 = CARTESIAN_POINT('',(18.,1.757971966048E-15));
#12841 = VECTOR('',#12842,1.);
#12842 = DIRECTION('',(0.,1.));
#12843 = ( GEOMETRIC_REPRESENTATION_CONTEXT(2) 
PARAMETRIC_REPRESENTATION_CONTEXT() REPRESENTATION_CONTEXT('2D SPACE',''
  ) );
#12844 = PCURVE('',#10788,#12845);
#12845 = DEFINITIONAL_REPRESENTATION('',(#12846),#12850);
#12846 = LINE('',#12847,#12848);
#12847 = CARTESIAN_POINT('',(0.,0.));
#12848 = VECTOR('',#12849,1.);
#12849 = DIRECTION('',(1.032816229702E-17,-1.));
#12850 = ( GEOMETRIC_REPRESENTATION_CONTEXT(2) 
PARAMETRIC_REPRESENTATION_CONTEXT() REPRESENTATION_CONTEXT('2D SPACE',''
  ) );
#12851 = ORIENTED_EDGE('',*,*,#10824,.F.);
#12852 = ORIENTED_EDGE('',*,*,#11070,.F.);
#12853 = ADVANCED_FACE('',(#12854),#10788,.F.);
#12854 = FACE_BOUND('',#12855,.F.);
#12855 = EDGE_LOOP('',(#12856,#12857,#12858,#12859,#12860));
#12856 = ORIENTED_EDGE('',*,*,#11793,.T.);
#12857 = ORIENTED_EDGE('',*,*,#12831,.T.);
#12858 = ORIENTED_EDGE('',*,*,#10800,.F.);
#12859 = ORIENTED_EDGE('',*,*,#10771,.F.);
#12860 = ORIENTED_EDGE('',*,*,#12861,.F.);
#12861 = EDGE_CURVE('',#11771,#10744,#12862,.T.);
#12862 = SURFACE_CURVE('',#12863,(#12867,#12874),.PCURVE_S1.);
#12863 = LINE('',#12864,#12865);
#12864 = CARTESIAN_POINT('',(61.757410144827,-12.30892750041,-15.));
#12865 = VECTOR('',#12866,1.);
#12866 = DIRECTION('',(-0.493012571981,0.870022185849,
    -5.473539088428E-17));
#12867 = PCURVE('',#10788,#12868);
#12868 = DEFINITIONAL_REPRESENTATION('',(#12869),#12873);
#12869 = LINE('',#12870,#12871);
#12870 = CARTESIAN_POINT('',(6.6,-8.737502462353E-16));
#12871 = VECTOR('',#12872,1.);
#12872 = DIRECTION('',(1.032816229702E-17,-1.));
#12873 = ( GEOMETRIC_REPRESENTATION_CONTEXT(2) 
PARAMETRIC_REPRESENTATION_CONTEXT() REPRESENTATION_CONTEXT('2D SPACE',''
  ) );
#12874 = PCURVE('',#10759,#12875);
#12875 = DEFINITIONAL_REPRESENTATION('',(#12876),#12880);
#12876 = LINE('',#12877,#12878);
#12877 = CARTESIAN_POINT('',(18.,1.757971966048E-15));
#12878 = VECTOR('',#12879,1.);
#12879 = DIRECTION('',(0.,1.));
#12880 = ( GEOMETRIC_REPRESENTATION_CONTEXT(2) 
PARAMETRIC_REPRESENTATION_CONTEXT() REPRESENTATION_CONTEXT('2D SPACE',''
  ) );
#12881 = ADVANCED_FACE('',(#12882),#10759,.F.);
#12882 = FACE_BOUND('',#12883,.F.);
#12883 = EDGE_LOOP('',(#12884,#12885,#12886,#12887));
#12884 = ORIENTED_EDGE('',*,*,#11770,.T.);
#12885 = ORIENTED_EDGE('',*,*,#12861,.T.);
#12886 = ORIENTED_EDGE('',*,*,#10743,.F.);
#12887 = ORIENTED_EDGE('',*,*,#11741,.F.);
#12888 = ADVANCED_FACE('',(#12889),#11208,.T.);
#12889 = FACE_BOUND('',#12890,.T.);
#12890 = EDGE_LOOP('',(#12891,#12914,#12935,#12936,#12937,#12938));
#12891 = ORIENTED_EDGE('',*,*,#12892,.F.);
#12892 = EDGE_CURVE('',#12893,#11870,#12895,.T.);
#12893 = VERTEX_POINT('',#12894);
#12894 = CARTESIAN_POINT('',(6.,102.46524981249,-20.));
#12895 = SURFACE_CURVE('',#12896,(#12900,#12907),.PCURVE_S1.);
#12896 = LINE('',#12897,#12898);
#12897 = CARTESIAN_POINT('',(5.503105663319,115.83284341255,-20.));
#12898 = VECTOR('',#12899,1.);
#12899 = DIRECTION('',(3.714590832131E-02,-0.999309852596,
    4.124024268893E-18));
#12900 = PCURVE('',#11208,#12901);
#12901 = DEFINITIONAL_REPRESENTATION('',(#12902),#12906);
#12902 = LINE('',#12903,#12904);
#12903 = CARTESIAN_POINT('',(0.,0.));
#12904 = VECTOR('',#12905,1.);
#12905 = DIRECTION('',(0.,1.));
#12906 = ( GEOMETRIC_REPRESENTATION_CONTEXT(2) 
PARAMETRIC_REPRESENTATION_CONTEXT() REPRESENTATION_CONTEXT('2D SPACE',''
  ) );
#12907 = PCURVE('',#11557,#12908);
#12908 = DEFINITIONAL_REPRESENTATION('',(#12909),#12913);
#12909 = LINE('',#12910,#12911);
#12910 = CARTESIAN_POINT('',(9.,-9.321854485057E-16));
#12911 = VECTOR('',#12912,1.);
#12912 = DIRECTION('',(2.765846940253E-18,-1.));
#12913 = ( GEOMETRIC_REPRESENTATION_CONTEXT(2) 
PARAMETRIC_REPRESENTATION_CONTEXT() REPRESENTATION_CONTEXT('2D SPACE',''
  ) );
#12914 = ORIENTED_EDGE('',*,*,#12915,.F.);
#12915 = EDGE_CURVE('',#11294,#12893,#12916,.T.);
#12916 = SURFACE_CURVE('',#12917,(#12921,#12928),.PCURVE_S1.);
#12917 = LINE('',#12918,#12919);
#12918 = CARTESIAN_POINT('',(6.,102.4652498125,10.));
#12919 = VECTOR('',#12920,1.);
#12920 = DIRECTION('',(-1.110223024625E-16,0.,1.));
#12921 = PCURVE('',#11208,#12922);
#12922 = DEFINITIONAL_REPRESENTATION('',(#12923),#12927);
#12923 = LINE('',#12924,#12925);
#12924 = CARTESIAN_POINT('',(-30.,13.3768255815));
#12925 = VECTOR('',#12926,1.);
#12926 = DIRECTION('',(-1.,0.));
#12927 = ( GEOMETRIC_REPRESENTATION_CONTEXT(2) 
PARAMETRIC_REPRESENTATION_CONTEXT() REPRESENTATION_CONTEXT('2D SPACE',''
  ) );
#12928 = PCURVE('',#11332,#12929);
#12929 = DEFINITIONAL_REPRESENTATION('',(#12930),#12934);
#12930 = LINE('',#12931,#12932);
#12931 = CARTESIAN_POINT('',(30.,287.4652498125));
#12932 = VECTOR('',#12933,1.);
#12933 = DIRECTION('',(-1.,0.));
#12934 = ( GEOMETRIC_REPRESENTATION_CONTEXT(2) 
PARAMETRIC_REPRESENTATION_CONTEXT() REPRESENTATION_CONTEXT('2D SPACE',''
  ) );
#12935 = ORIENTED_EDGE('',*,*,#11293,.T.);
#12936 = ORIENTED_EDGE('',*,*,#11246,.F.);
#12937 = ORIENTED_EDGE('',*,*,#11192,.F.);
#12938 = ORIENTED_EDGE('',*,*,#11869,.T.);
#12939 = ADVANCED_FACE('',(#12940),#11501,.T.);
#12940 = FACE_BOUND('',#12941,.T.);
#12941 = EDGE_LOOP('',(#12942,#12965,#12966,#12967,#12990,#13018));
#12942 = ORIENTED_EDGE('',*,*,#12943,.F.);
#12943 = EDGE_CURVE('',#11540,#12944,#12946,.T.);
#12944 = VERTEX_POINT('',#12945);
#12945 = CARTESIAN_POINT('',(81.674687249844,47.644342709338,-20.));
#12946 = SURFACE_CURVE('',#12947,(#12951,#12958),.PCURVE_S1.);
#12947 = LINE('',#12948,#12949);
#12948 = CARTESIAN_POINT('',(7.045474896672,112.60577233913,-20.));
#12949 = VECTOR('',#12950,1.);
#12950 = DIRECTION('',(0.754272813526,-0.656561134073,8.374110444258E-17
    ));
#12951 = PCURVE('',#11501,#12952);
#12952 = DEFINITIONAL_REPRESENTATION('',(#12953),#12957);
#12953 = LINE('',#12954,#12955);
#12954 = CARTESIAN_POINT('',(0.,0.));
#12955 = VECTOR('',#12956,1.);
#12956 = DIRECTION('',(0.,1.));
#12957 = ( GEOMETRIC_REPRESENTATION_CONTEXT(2) 
PARAMETRIC_REPRESENTATION_CONTEXT() REPRESENTATION_CONTEXT('2D SPACE',''
  ) );
#12958 = PCURVE('',#11557,#12959);
#12959 = DEFINITIONAL_REPRESENTATION('',(#12960),#12964);
#12960 = LINE('',#12961,#12962);
#12961 = CARTESIAN_POINT('',(7.578567715009,-3.282136624838));
#12962 = VECTOR('',#12963,1.);
#12963 = DIRECTION('',(-0.729363694408,-0.684126158891));
#12964 = ( GEOMETRIC_REPRESENTATION_CONTEXT(2) 
PARAMETRIC_REPRESENTATION_CONTEXT() REPRESENTATION_CONTEXT('2D SPACE',''
  ) );
#12965 = ORIENTED_EDGE('',*,*,#11569,.F.);
#12966 = ORIENTED_EDGE('',*,*,#11485,.T.);
#12967 = ORIENTED_EDGE('',*,*,#12968,.F.);
#12968 = EDGE_CURVE('',#12969,#11457,#12971,.T.);
#12969 = VERTEX_POINT('',#12970);
#12970 = CARTESIAN_POINT('',(83.150162086302,46.360007102184,-22.1));
#12971 = SURFACE_CURVE('',#12972,(#12976,#12983),.PCURVE_S1.);
#12972 = LINE('',#12973,#12974);
#12973 = CARTESIAN_POINT('',(83.150162086302,46.360007102184,-3.5));
#12974 = VECTOR('',#12975,1.);
#12975 = DIRECTION('',(2.22044604925E-16,0.,-1.));
#12976 = PCURVE('',#11501,#12977);
#12977 = DEFINITIONAL_REPRESENTATION('',(#12978),#12982);
#12978 = LINE('',#12979,#12980);
#12979 = CARTESIAN_POINT('',(-16.5,100.89809128055));
#12980 = VECTOR('',#12981,1.);
#12981 = DIRECTION('',(1.,8.374110444258E-17));
#12982 = ( GEOMETRIC_REPRESENTATION_CONTEXT(2) 
PARAMETRIC_REPRESENTATION_CONTEXT() REPRESENTATION_CONTEXT('2D SPACE',''
  ) );
#12983 = PCURVE('',#11473,#12984);
#12984 = DEFINITIONAL_REPRESENTATION('',(#12985),#12989);
#12985 = LINE('',#12986,#12987);
#12986 = CARTESIAN_POINT('',(0.915664117413,-1.587572155898E-17));
#12987 = VECTOR('',#12988,1.);
#12988 = DIRECTION('',(0.,1.));
#12989 = ( GEOMETRIC_REPRESENTATION_CONTEXT(2) 
PARAMETRIC_REPRESENTATION_CONTEXT() REPRESENTATION_CONTEXT('2D SPACE',''
  ) );
#12990 = ORIENTED_EDGE('',*,*,#12991,.T.);
#12991 = EDGE_CURVE('',#12969,#12992,#12994,.T.);
#12992 = VERTEX_POINT('',#12993);
#12993 = CARTESIAN_POINT('',(81.674687249844,47.644342709338,-22.1));
#12994 = SURFACE_CURVE('',#12995,(#12999,#13006),.PCURVE_S1.);
#12995 = LINE('',#12996,#12997);
#12996 = CARTESIAN_POINT('',(49.492469652184,75.657540194361,-22.1));
#12997 = VECTOR('',#12998,1.);
#12998 = DIRECTION('',(-0.754272813526,0.656561134073,
    -8.374110444258E-17));
#12999 = PCURVE('',#11501,#13000);
#13000 = DEFINITIONAL_REPRESENTATION('',(#13001),#13005);
#13001 = LINE('',#13002,#13003);
#13002 = CARTESIAN_POINT('',(2.1,56.275387358936));
#13003 = VECTOR('',#13004,1.);
#13004 = DIRECTION('',(0.,-1.));
#13005 = ( GEOMETRIC_REPRESENTATION_CONTEXT(2) 
PARAMETRIC_REPRESENTATION_CONTEXT() REPRESENTATION_CONTEXT('2D SPACE',''
  ) );
#13006 = PCURVE('',#13007,#13012);
#13007 = PLANE('',#13008);
#13008 = AXIS2_PLACEMENT_3D('',#13009,#13010,#13011);
#13009 = CARTESIAN_POINT('',(96.118043161181,43.50975722236,-22.1));
#13010 = DIRECTION('',(1.110223024625E-16,0.,-1.));
#13011 = DIRECTION('',(-0.944496796706,0.328520624941,
    -1.048602090388E-16));
#13012 = DEFINITIONAL_REPRESENTATION('',(#13013),#13017);
#13013 = LINE('',#13014,#13015);
#13014 = CARTESIAN_POINT('',(54.598914576273,15.046015490839));
#13015 = VECTOR('',#13016,1.);
#13016 = DIRECTION('',(0.928102130296,0.372325711898));
#13017 = ( GEOMETRIC_REPRESENTATION_CONTEXT(2) 
PARAMETRIC_REPRESENTATION_CONTEXT() REPRESENTATION_CONTEXT('2D SPACE',''
  ) );
#13018 = ORIENTED_EDGE('',*,*,#13019,.T.);
#13019 = EDGE_CURVE('',#12992,#12944,#13020,.T.);
#13020 = SURFACE_CURVE('',#13021,(#13025,#13032),.PCURVE_S1.);
#13021 = LINE('',#13022,#13023);
#13022 = CARTESIAN_POINT('',(81.674687249844,47.644342709338,-18.45));
#13023 = VECTOR('',#13024,1.);
#13024 = DIRECTION('',(-1.110223024625E-16,0.,1.));
#13025 = PCURVE('',#11501,#13026);
#13026 = DEFINITIONAL_REPRESENTATION('',(#13027),#13031);
#13027 = LINE('',#13028,#13029);
#13028 = CARTESIAN_POINT('',(-1.55,98.941935881614));
#13029 = VECTOR('',#13030,1.);
#13030 = DIRECTION('',(-1.,0.));
#13031 = ( GEOMETRIC_REPRESENTATION_CONTEXT(2) 
PARAMETRIC_REPRESENTATION_CONTEXT() REPRESENTATION_CONTEXT('2D SPACE',''
  ) );
#13032 = PCURVE('',#12794,#13033);
#13033 = DEFINITIONAL_REPRESENTATION('',(#13034),#13038);
#13034 = LINE('',#13035,#13036);
#13035 = CARTESIAN_POINT('',(1.55,0.839837562083));
#13036 = VECTOR('',#13037,1.);
#13037 = DIRECTION('',(-1.,0.));
#13038 = ( GEOMETRIC_REPRESENTATION_CONTEXT(2) 
PARAMETRIC_REPRESENTATION_CONTEXT() REPRESENTATION_CONTEXT('2D SPACE',''
  ) );
#13039 = ADVANCED_FACE('',(#13040),#11473,.F.);
#13040 = FACE_BOUND('',#13041,.F.);
#13041 = EDGE_LOOP('',(#13042,#13066,#13089,#13118,#13142,#13170,#13199,
    #13220,#13221));
#13042 = ORIENTED_EDGE('',*,*,#13043,.F.);
#13043 = EDGE_CURVE('',#13044,#12969,#13046,.T.);
#13044 = VERTEX_POINT('',#13045);
#13045 = CARTESIAN_POINT('',(80.870579656094,43.201769136477,-22.1));
#13046 = SURFACE_CURVE('',#13047,(#13052,#13059),.PCURVE_S1.);
#13047 = CIRCLE('',#13048,6.8);
#13048 = AXIS2_PLACEMENT_3D('',#13049,#13050,#13051);
#13049 = CARTESIAN_POINT('',(87.293157873696,40.967828886877,-22.1));
#13050 = DIRECTION('',(2.22044604925E-16,0.,-1.));
#13051 = DIRECTION('',(-1.,0.,-2.22044604925E-16));
#13052 = PCURVE('',#11473,#13053);
#13053 = DEFINITIONAL_REPRESENTATION('',(#13054),#13058);
#13054 = LINE('',#13055,#13056);
#13055 = CARTESIAN_POINT('',(0.,18.6));
#13056 = VECTOR('',#13057,1.);
#13057 = DIRECTION('',(1.,0.));
#13058 = ( GEOMETRIC_REPRESENTATION_CONTEXT(2) 
PARAMETRIC_REPRESENTATION_CONTEXT() REPRESENTATION_CONTEXT('2D SPACE',''
  ) );
#13059 = PCURVE('',#13007,#13060);
#13060 = DEFINITIONAL_REPRESENTATION('',(#13061),#13065);
#13061 = CIRCLE('',#13062,6.8);
#13062 = AXIS2_PLACEMENT_2D('',#13063,#13064);
#13063 = CARTESIAN_POINT('',(7.5,-5.3));
#13064 = DIRECTION('',(0.944496796706,-0.328520624941));
#13065 = ( GEOMETRIC_REPRESENTATION_CONTEXT(2) 
PARAMETRIC_REPRESENTATION_CONTEXT() REPRESENTATION_CONTEXT('2D SPACE',''
  ) );
#13066 = ORIENTED_EDGE('',*,*,#13067,.F.);
#13067 = EDGE_CURVE('',#13068,#13044,#13070,.T.);
#13068 = VERTEX_POINT('',#13069);
#13069 = CARTESIAN_POINT('',(80.870579656094,43.201769136477,-16.9));
#13070 = SURFACE_CURVE('',#13071,(#13075,#13082),.PCURVE_S1.);
#13071 = LINE('',#13072,#13073);
#13072 = CARTESIAN_POINT('',(80.870579656094,43.201769136477,-3.5));
#13073 = VECTOR('',#13074,1.);
#13074 = DIRECTION('',(1.110223024625E-16,0.,-1.));
#13075 = PCURVE('',#11473,#13076);
#13076 = DEFINITIONAL_REPRESENTATION('',(#13077),#13081);
#13077 = LINE('',#13078,#13079);
#13078 = CARTESIAN_POINT('',(0.334736837317,-7.130494214638E-16));
#13079 = VECTOR('',#13080,1.);
#13080 = DIRECTION('',(0.,1.));
#13081 = ( GEOMETRIC_REPRESENTATION_CONTEXT(2) 
PARAMETRIC_REPRESENTATION_CONTEXT() REPRESENTATION_CONTEXT('2D SPACE',''
  ) );
#13082 = PCURVE('',#12418,#13083);
#13083 = DEFINITIONAL_REPRESENTATION('',(#13084),#13088);
#13084 = LINE('',#13085,#13086);
#13085 = CARTESIAN_POINT('',(0.,-0.));
#13086 = VECTOR('',#13087,1.);
#13087 = DIRECTION('',(1.,0.));
#13088 = ( GEOMETRIC_REPRESENTATION_CONTEXT(2) 
PARAMETRIC_REPRESENTATION_CONTEXT() REPRESENTATION_CONTEXT('2D SPACE',''
  ) );
#13089 = ORIENTED_EDGE('',*,*,#13090,.T.);
#13090 = EDGE_CURVE('',#13068,#13091,#13093,.T.);
#13091 = VERTEX_POINT('',#13092);
#13092 = CARTESIAN_POINT('',(89.527093259187,47.390408796341,-16.9));
#13093 = SURFACE_CURVE('',#13094,(#13099,#13106),.PCURVE_S1.);
#13094 = CIRCLE('',#13095,6.8);
#13095 = AXIS2_PLACEMENT_3D('',#13096,#13097,#13098);
#13096 = CARTESIAN_POINT('',(87.293157873696,40.967828886877,-16.9));
#13097 = DIRECTION('',(2.22044604925E-16,0.,-1.));
#13098 = DIRECTION('',(-1.,0.,-2.22044604925E-16));
#13099 = PCURVE('',#11473,#13100);
#13100 = DEFINITIONAL_REPRESENTATION('',(#13101),#13105);
#13101 = LINE('',#13102,#13103);
#13102 = CARTESIAN_POINT('',(0.,13.4));
#13103 = VECTOR('',#13104,1.);
#13104 = DIRECTION('',(1.,0.));
#13105 = ( GEOMETRIC_REPRESENTATION_CONTEXT(2) 
PARAMETRIC_REPRESENTATION_CONTEXT() REPRESENTATION_CONTEXT('2D SPACE',''
  ) );
#13106 = PCURVE('',#13107,#13112);
#13107 = PLANE('',#13108);
#13108 = AXIS2_PLACEMENT_3D('',#13109,#13110,#13111);
#13109 = CARTESIAN_POINT('',(96.118043161181,43.50975722236,-16.9));
#13110 = DIRECTION('',(1.110223024625E-16,0.,-1.));
#13111 = DIRECTION('',(-0.944496796706,0.328520624941,
    -1.048602090388E-16));
#13112 = DEFINITIONAL_REPRESENTATION('',(#13113),#13117);
#13113 = CIRCLE('',#13114,6.8);
#13114 = AXIS2_PLACEMENT_2D('',#13115,#13116);
#13115 = CARTESIAN_POINT('',(7.5,-5.3));
#13116 = DIRECTION('',(0.944496796706,-0.328520624941));
#13117 = ( GEOMETRIC_REPRESENTATION_CONTEXT(2) 
PARAMETRIC_REPRESENTATION_CONTEXT() REPRESENTATION_CONTEXT('2D SPACE',''
  ) );
#13118 = ORIENTED_EDGE('',*,*,#13119,.T.);
#13119 = EDGE_CURVE('',#13091,#13120,#13122,.T.);
#13120 = VERTEX_POINT('',#13121);
#13121 = CARTESIAN_POINT('',(93.715736091298,38.733888637276,-16.9));
#13122 = SURFACE_CURVE('',#13123,(#13128,#13135),.PCURVE_S1.);
#13123 = CIRCLE('',#13124,6.8);
#13124 = AXIS2_PLACEMENT_3D('',#13125,#13126,#13127);
#13125 = CARTESIAN_POINT('',(87.293157873696,40.967828886877,-16.9));
#13126 = DIRECTION('',(2.22044604925E-16,0.,-1.));
#13127 = DIRECTION('',(-1.,0.,-2.22044604925E-16));
#13128 = PCURVE('',#11473,#13129);
#13129 = DEFINITIONAL_REPRESENTATION('',(#13130),#13134);
#13130 = LINE('',#13131,#13132);
#13131 = CARTESIAN_POINT('',(0.,13.4));
#13132 = VECTOR('',#13133,1.);
#13133 = DIRECTION('',(1.,0.));
#13134 = ( GEOMETRIC_REPRESENTATION_CONTEXT(2) 
PARAMETRIC_REPRESENTATION_CONTEXT() REPRESENTATION_CONTEXT('2D SPACE',''
  ) );
#13135 = PCURVE('',#13107,#13136);
#13136 = DEFINITIONAL_REPRESENTATION('',(#13137),#13141);
#13137 = CIRCLE('',#13138,6.8);
#13138 = AXIS2_PLACEMENT_2D('',#13139,#13140);
#13139 = CARTESIAN_POINT('',(7.5,-5.3));
#13140 = DIRECTION('',(0.944496796706,-0.328520624941));
#13141 = ( GEOMETRIC_REPRESENTATION_CONTEXT(2) 
PARAMETRIC_REPRESENTATION_CONTEXT() REPRESENTATION_CONTEXT('2D SPACE',''
  ) );
#13142 = ORIENTED_EDGE('',*,*,#13143,.T.);
#13143 = EDGE_CURVE('',#13120,#13144,#13146,.T.);
#13144 = VERTEX_POINT('',#13145);
#13145 = CARTESIAN_POINT('',(93.715736091298,38.733888637276,-22.1));
#13146 = SURFACE_CURVE('',#13147,(#13151,#13158),.PCURVE_S1.);
#13147 = LINE('',#13148,#13149);
#13148 = CARTESIAN_POINT('',(93.715736091298,38.733888637276,-3.5));
#13149 = VECTOR('',#13150,1.);
#13150 = DIRECTION('',(1.110223024625E-16,0.,-1.));
#13151 = PCURVE('',#11473,#13152);
#13152 = DEFINITIONAL_REPRESENTATION('',(#13153),#13157);
#13153 = LINE('',#13154,#13155);
#13154 = CARTESIAN_POINT('',(3.476329490907,7.130494214638E-16));
#13155 = VECTOR('',#13156,1.);
#13156 = DIRECTION('',(0.,1.));
#13157 = ( GEOMETRIC_REPRESENTATION_CONTEXT(2) 
PARAMETRIC_REPRESENTATION_CONTEXT() REPRESENTATION_CONTEXT('2D SPACE',''
  ) );
#13158 = PCURVE('',#13159,#13164);
#13159 = PLANE('',#13160);
#13160 = AXIS2_PLACEMENT_3D('',#13161,#13162,#13163);
#13161 = CARTESIAN_POINT('',(93.715736091298,38.733888637276,-3.5));
#13162 = DIRECTION('',(-0.944496796706,0.328520624941,
    -1.048602090388E-16));
#13163 = DIRECTION('',(1.110223024625E-16,0.,-1.));
#13164 = DEFINITIONAL_REPRESENTATION('',(#13165),#13169);
#13165 = LINE('',#13166,#13167);
#13166 = CARTESIAN_POINT('',(0.,-0.));
#13167 = VECTOR('',#13168,1.);
#13168 = DIRECTION('',(1.,0.));
#13169 = ( GEOMETRIC_REPRESENTATION_CONTEXT(2) 
PARAMETRIC_REPRESENTATION_CONTEXT() REPRESENTATION_CONTEXT('2D SPACE',''
  ) );
#13170 = ORIENTED_EDGE('',*,*,#13171,.F.);
#13171 = EDGE_CURVE('',#13172,#13144,#13174,.T.);
#13172 = VERTEX_POINT('',#13173);
#13173 = CARTESIAN_POINT('',(89.714480624877,47.322134209618,-22.1));
#13174 = SURFACE_CURVE('',#13175,(#13180,#13187),.PCURVE_S1.);
#13175 = CIRCLE('',#13176,6.8);
#13176 = AXIS2_PLACEMENT_3D('',#13177,#13178,#13179);
#13177 = CARTESIAN_POINT('',(87.293157873696,40.967828886877,-22.1));
#13178 = DIRECTION('',(2.22044604925E-16,0.,-1.));
#13179 = DIRECTION('',(-1.,0.,-2.22044604925E-16));
#13180 = PCURVE('',#11473,#13181);
#13181 = DEFINITIONAL_REPRESENTATION('',(#13182),#13186);
#13182 = LINE('',#13183,#13184);
#13183 = CARTESIAN_POINT('',(0.,18.6));
#13184 = VECTOR('',#13185,1.);
#13185 = DIRECTION('',(1.,0.));
#13186 = ( GEOMETRIC_REPRESENTATION_CONTEXT(2) 
PARAMETRIC_REPRESENTATION_CONTEXT() REPRESENTATION_CONTEXT('2D SPACE',''
  ) );
#13187 = PCURVE('',#13188,#13193);
#13188 = PLANE('',#13189);
#13189 = AXIS2_PLACEMENT_3D('',#13190,#13191,#13192);
#13190 = CARTESIAN_POINT('',(96.118043161181,43.50975722236,-22.1));
#13191 = DIRECTION('',(1.110223024625E-16,0.,-1.));
#13192 = DIRECTION('',(-0.944496796706,0.328520624941,
    -1.048602090388E-16));
#13193 = DEFINITIONAL_REPRESENTATION('',(#13194),#13198);
#13194 = CIRCLE('',#13195,6.8);
#13195 = AXIS2_PLACEMENT_2D('',#13196,#13197);
#13196 = CARTESIAN_POINT('',(7.5,-5.3));
#13197 = DIRECTION('',(0.944496796706,-0.328520624941));
#13198 = ( GEOMETRIC_REPRESENTATION_CONTEXT(2) 
PARAMETRIC_REPRESENTATION_CONTEXT() REPRESENTATION_CONTEXT('2D SPACE',''
  ) );
#13199 = ORIENTED_EDGE('',*,*,#13200,.T.);
#13200 = EDGE_CURVE('',#13172,#11429,#13201,.T.);
#13201 = SURFACE_CURVE('',#13202,(#13206,#13213),.PCURVE_S1.);
#13202 = LINE('',#13203,#13204);
#13203 = CARTESIAN_POINT('',(89.714480624877,47.322134209618,-3.5));
#13204 = VECTOR('',#13205,1.);
#13205 = DIRECTION('',(2.22044604925E-16,0.,-1.));
#13206 = PCURVE('',#11473,#13207);
#13207 = DEFINITIONAL_REPRESENTATION('',(#13208),#13212);
#13208 = LINE('',#13209,#13210);
#13209 = CARTESIAN_POINT('',(1.93486254923,-1.752683830091E-16));
#13210 = VECTOR('',#13211,1.);
#13211 = DIRECTION('',(0.,1.));
#13212 = ( GEOMETRIC_REPRESENTATION_CONTEXT(2) 
PARAMETRIC_REPRESENTATION_CONTEXT() REPRESENTATION_CONTEXT('2D SPACE',''
  ) );
#13213 = PCURVE('',#11444,#13214);
#13214 = DEFINITIONAL_REPRESENTATION('',(#13215),#13219);
#13215 = LINE('',#13216,#13217);
#13216 = CARTESIAN_POINT('',(3.964417255603,-16.5));
#13217 = VECTOR('',#13218,1.);
#13218 = DIRECTION('',(-7.289292881217E-17,1.));
#13219 = ( GEOMETRIC_REPRESENTATION_CONTEXT(2) 
PARAMETRIC_REPRESENTATION_CONTEXT() REPRESENTATION_CONTEXT('2D SPACE',''
  ) );
#13220 = ORIENTED_EDGE('',*,*,#11456,.F.);
#13221 = ORIENTED_EDGE('',*,*,#12968,.F.);
#13222 = ADVANCED_FACE('',(#13223),#11444,.T.);
#13223 = FACE_BOUND('',#13224,.T.);
#13224 = EDGE_LOOP('',(#13225,#13248,#13269,#13270));
#13225 = ORIENTED_EDGE('',*,*,#13226,.F.);
#13226 = EDGE_CURVE('',#13227,#11401,#13229,.T.);
#13227 = VERTEX_POINT('',#13228);
#13228 = CARTESIAN_POINT('',(92.317362914154,50.312386366994,-22.1));
#13229 = SURFACE_CURVE('',#13230,(#13234,#13241),.PCURVE_S1.);
#13230 = LINE('',#13231,#13232);
#13231 = CARTESIAN_POINT('',(92.317362914154,50.312386366994,-20.));
#13232 = VECTOR('',#13233,1.);
#13233 = DIRECTION('',(1.110223024625E-16,0.,-1.));
#13234 = PCURVE('',#11444,#13235);
#13235 = DEFINITIONAL_REPRESENTATION('',(#13236),#13240);
#13236 = LINE('',#13237,#13238);
#13237 = CARTESIAN_POINT('',(-0.,0.));
#13238 = VECTOR('',#13239,1.);
#13239 = DIRECTION('',(0.,1.));
#13240 = ( GEOMETRIC_REPRESENTATION_CONTEXT(2) 
PARAMETRIC_REPRESENTATION_CONTEXT() REPRESENTATION_CONTEXT('2D SPACE',''
  ) );
#13241 = PCURVE('',#11416,#13242);
#13242 = DEFINITIONAL_REPRESENTATION('',(#13243),#13247);
#13243 = LINE('',#13244,#13245);
#13244 = CARTESIAN_POINT('',(8.811044983717E-15,105.21768302875));
#13245 = VECTOR('',#13246,1.);
#13246 = DIRECTION('',(1.,0.));
#13247 = ( GEOMETRIC_REPRESENTATION_CONTEXT(2) 
PARAMETRIC_REPRESENTATION_CONTEXT() REPRESENTATION_CONTEXT('2D SPACE',''
  ) );
#13248 = ORIENTED_EDGE('',*,*,#13249,.T.);
#13249 = EDGE_CURVE('',#13227,#13172,#13250,.T.);
#13250 = SURFACE_CURVE('',#13251,(#13255,#13262),.PCURVE_S1.);
#13251 = LINE('',#13252,#13253);
#13252 = CARTESIAN_POINT('',(91.452127187569,49.318383292511,-22.1));
#13253 = VECTOR('',#13254,1.);
#13254 = DIRECTION('',(-0.656561134073,-0.754272813526,
    -7.289292881217E-17));
#13255 = PCURVE('',#11444,#13256);
#13256 = DEFINITIONAL_REPRESENTATION('',(#13257),#13261);
#13257 = LINE('',#13258,#13259);
#13258 = CARTESIAN_POINT('',(1.317829645532,2.1));
#13259 = VECTOR('',#13260,1.);
#13260 = DIRECTION('',(1.,0.));
#13261 = ( GEOMETRIC_REPRESENTATION_CONTEXT(2) 
PARAMETRIC_REPRESENTATION_CONTEXT() REPRESENTATION_CONTEXT('2D SPACE',''
  ) );
#13262 = PCURVE('',#13188,#13263);
#13263 = DEFINITIONAL_REPRESENTATION('',(#13264),#13268);
#13264 = LINE('',#13265,#13266);
#13265 = CARTESIAN_POINT('',(6.315196157393,3.953379084947));
#13266 = VECTOR('',#13267,1.);
#13267 = DIRECTION('',(0.372325711898,-0.928102130296));
#13268 = ( GEOMETRIC_REPRESENTATION_CONTEXT(2) 
PARAMETRIC_REPRESENTATION_CONTEXT() REPRESENTATION_CONTEXT('2D SPACE',''
  ) );
#13269 = ORIENTED_EDGE('',*,*,#13200,.T.);
#13270 = ORIENTED_EDGE('',*,*,#11428,.F.);
#13271 = ADVANCED_FACE('',(#13272),#11416,.F.);
#13272 = FACE_BOUND('',#13273,.F.);
#13273 = EDGE_LOOP('',(#13274,#13299,#13320,#13321,#13322,#13345));
#13274 = ORIENTED_EDGE('',*,*,#13275,.F.);
#13275 = EDGE_CURVE('',#13276,#13278,#13280,.T.);
#13276 = VERTEX_POINT('',#13277);
#13277 = CARTESIAN_POINT('',(14.342291635575,118.18623825451,-20.));
#13278 = VERTEX_POINT('',#13279);
#13279 = CARTESIAN_POINT('',(88.694465905931,53.4659580266,-20.));
#13280 = SURFACE_CURVE('',#13281,(#13285,#13292),.PCURVE_S1.);
#13281 = LINE('',#13282,#13283);
#13282 = CARTESIAN_POINT('',(12.954525103328,119.39422766086,-20.));
#13283 = VECTOR('',#13284,1.);
#13284 = DIRECTION('',(0.754272813526,-0.656561134073,8.374110444258E-17
    ));
#13285 = PCURVE('',#11416,#13286);
#13286 = DEFINITIONAL_REPRESENTATION('',(#13287),#13291);
#13287 = LINE('',#13288,#13289);
#13288 = CARTESIAN_POINT('',(0.,0.));
#13289 = VECTOR('',#13290,1.);
#13290 = DIRECTION('',(0.,1.));
#13291 = ( GEOMETRIC_REPRESENTATION_CONTEXT(2) 
PARAMETRIC_REPRESENTATION_CONTEXT() REPRESENTATION_CONTEXT('2D SPACE',''
  ) );
#13292 = PCURVE('',#11557,#13293);
#13293 = DEFINITIONAL_REPRESENTATION('',(#13294),#13298);
#13294 = LINE('',#13295,#13296);
#13295 = CARTESIAN_POINT('',(1.421432284991,3.282136624838));
#13296 = VECTOR('',#13297,1.);
#13297 = DIRECTION('',(-0.729363694408,-0.684126158891));
#13298 = ( GEOMETRIC_REPRESENTATION_CONTEXT(2) 
PARAMETRIC_REPRESENTATION_CONTEXT() REPRESENTATION_CONTEXT('2D SPACE',''
  ) );
#13299 = ORIENTED_EDGE('',*,*,#13300,.F.);
#13300 = EDGE_CURVE('',#11373,#13276,#13301,.T.);
#13301 = SURFACE_CURVE('',#13302,(#13306,#13313),.PCURVE_S1.);
#13302 = LINE('',#13303,#13304);
#13303 = CARTESIAN_POINT('',(14.342291635575,118.18623825451,-20.));
#13304 = VECTOR('',#13305,1.);
#13305 = DIRECTION('',(-1.110223024625E-16,0.,1.));
#13306 = PCURVE('',#11416,#13307);
#13307 = DEFINITIONAL_REPRESENTATION('',(#13308),#13312);
#13308 = LINE('',#13309,#13310);
#13309 = CARTESIAN_POINT('',(1.540730356905E-16,1.83987346138));
#13310 = VECTOR('',#13311,1.);
#13311 = DIRECTION('',(-1.,0.));
#13312 = ( GEOMETRIC_REPRESENTATION_CONTEXT(2) 
PARAMETRIC_REPRESENTATION_CONTEXT() REPRESENTATION_CONTEXT('2D SPACE',''
  ) );
#13313 = PCURVE('',#11388,#13314);
#13314 = DEFINITIONAL_REPRESENTATION('',(#13315),#13319);
#13315 = LINE('',#13316,#13317);
#13316 = CARTESIAN_POINT('',(-1.597832378084E-17,1.83987346138));
#13317 = VECTOR('',#13318,1.);
#13318 = DIRECTION('',(-1.,0.));
#13319 = ( GEOMETRIC_REPRESENTATION_CONTEXT(2) 
PARAMETRIC_REPRESENTATION_CONTEXT() REPRESENTATION_CONTEXT('2D SPACE',''
  ) );
#13320 = ORIENTED_EDGE('',*,*,#11400,.T.);
#13321 = ORIENTED_EDGE('',*,*,#13226,.F.);
#13322 = ORIENTED_EDGE('',*,*,#13323,.T.);
#13323 = EDGE_CURVE('',#13227,#13324,#13326,.T.);
#13324 = VERTEX_POINT('',#13325);
#13325 = CARTESIAN_POINT('',(88.694465905932,53.4659580266,-22.1));
#13326 = SURFACE_CURVE('',#13327,(#13331,#13338),.PCURVE_S1.);
#13327 = LINE('',#13328,#13329);
#13328 = CARTESIAN_POINT('',(55.40151985884,82.445995516098,-22.1));
#13329 = VECTOR('',#13330,1.);
#13330 = DIRECTION('',(-0.754272813526,0.656561134073,
    -8.374110444258E-17));
#13331 = PCURVE('',#11416,#13332);
#13332 = DEFINITIONAL_REPRESENTATION('',(#13333),#13337);
#13333 = LINE('',#13334,#13335);
#13334 = CARTESIAN_POINT('',(2.1,56.275387358936));
#13335 = VECTOR('',#13336,1.);
#13336 = DIRECTION('',(0.,-1.));
#13337 = ( GEOMETRIC_REPRESENTATION_CONTEXT(2) 
PARAMETRIC_REPRESENTATION_CONTEXT() REPRESENTATION_CONTEXT('2D SPACE',''
  ) );
#13338 = PCURVE('',#13188,#13339);
#13339 = DEFINITIONAL_REPRESENTATION('',(#13340),#13344);
#13340 = LINE('',#13341,#13342);
#13341 = CARTESIAN_POINT('',(51.247983169194,23.398934663502));
#13342 = VECTOR('',#13343,1.);
#13343 = DIRECTION('',(0.928102130296,0.372325711898));
#13344 = ( GEOMETRIC_REPRESENTATION_CONTEXT(2) 
PARAMETRIC_REPRESENTATION_CONTEXT() REPRESENTATION_CONTEXT('2D SPACE',''
  ) );
#13345 = ORIENTED_EDGE('',*,*,#13346,.F.);
#13346 = EDGE_CURVE('',#13278,#13324,#13347,.T.);
#13347 = SURFACE_CURVE('',#13348,(#13352,#13359),.PCURVE_S1.);
#13348 = LINE('',#13349,#13350);
#13349 = CARTESIAN_POINT('',(88.694465905932,53.4659580266,-16.9));
#13350 = VECTOR('',#13351,1.);
#13351 = DIRECTION('',(2.22044604925E-16,0.,-1.));
#13352 = PCURVE('',#11416,#13353);
#13353 = DEFINITIONAL_REPRESENTATION('',(#13354),#13358);
#13354 = LINE('',#13355,#13356);
#13355 = CARTESIAN_POINT('',(-3.1,100.41451772403));
#13356 = VECTOR('',#13357,1.);
#13357 = DIRECTION('',(1.,8.374110444258E-17));
#13358 = ( GEOMETRIC_REPRESENTATION_CONTEXT(2) 
PARAMETRIC_REPRESENTATION_CONTEXT() REPRESENTATION_CONTEXT('2D SPACE',''
  ) );
#13359 = PCURVE('',#13360,#13365);
#13360 = CYLINDRICAL_SURFACE('',#13361,7.5);
#13361 = AXIS2_PLACEMENT_3D('',#13362,#13363,#13364);
#13362 = CARTESIAN_POINT('',(89.034317185885,45.973661909419,-16.9));
#13363 = DIRECTION('',(2.22044604925E-16,0.,-1.));
#13364 = DIRECTION('',(-1.,0.,-2.22044604925E-16));
#13365 = DEFINITIONAL_REPRESENTATION('',(#13366),#13370);
#13366 = LINE('',#13367,#13368);
#13367 = CARTESIAN_POINT('',(1.525467301316,-3.773107159527E-17));
#13368 = VECTOR('',#13369,1.);
#13369 = DIRECTION('',(0.,1.));
#13370 = ( GEOMETRIC_REPRESENTATION_CONTEXT(2) 
PARAMETRIC_REPRESENTATION_CONTEXT() REPRESENTATION_CONTEXT('2D SPACE',''
  ) );
#13371 = ADVANCED_FACE('',(#13372),#11388,.T.);
#13372 = FACE_BOUND('',#13373,.T.);
#13373 = EDGE_LOOP('',(#13374,#13397,#13398,#13399,#13422,#13450));
#13374 = ORIENTED_EDGE('',*,*,#13375,.F.);
#13375 = EDGE_CURVE('',#13276,#13376,#13378,.T.);
#13376 = VERTEX_POINT('',#13377);
#13377 = CARTESIAN_POINT('',(14.,122.54868855861,-20.));
#13378 = SURFACE_CURVE('',#13379,(#13383,#13390),.PCURVE_S1.);
#13379 = LINE('',#13380,#13381);
#13380 = CARTESIAN_POINT('',(14.486211581626,116.35200233647,-20.));
#13381 = VECTOR('',#13382,1.);
#13382 = DIRECTION('',(-7.822274143943E-02,0.996935907028,
    -8.684468859536E-18));
#13383 = PCURVE('',#11388,#13384);
#13384 = DEFINITIONAL_REPRESENTATION('',(#13385),#13389);
#13385 = LINE('',#13386,#13387);
#13386 = CARTESIAN_POINT('',(0.,0.));
#13387 = VECTOR('',#13388,1.);
#13388 = DIRECTION('',(0.,1.));
#13389 = ( GEOMETRIC_REPRESENTATION_CONTEXT(2) 
PARAMETRIC_REPRESENTATION_CONTEXT() REPRESENTATION_CONTEXT('2D SPACE',''
  ) );
#13390 = PCURVE('',#11557,#13391);
#13391 = DEFINITIONAL_REPRESENTATION('',(#13392),#13396);
#13392 = LINE('',#13393,#13394);
#13393 = CARTESIAN_POINT('',(3.809119132298E-03,0.185114998858));
#13394 = VECTOR('',#13395,1.);
#13395 = DIRECTION('',(4.11366664128E-02,0.999153529082));
#13396 = ( GEOMETRIC_REPRESENTATION_CONTEXT(2) 
PARAMETRIC_REPRESENTATION_CONTEXT() REPRESENTATION_CONTEXT('2D SPACE',''
  ) );
#13397 = ORIENTED_EDGE('',*,*,#13300,.F.);
#13398 = ORIENTED_EDGE('',*,*,#11372,.T.);
#13399 = ORIENTED_EDGE('',*,*,#13400,.F.);
#13400 = EDGE_CURVE('',#13401,#11345,#13403,.T.);
#13401 = VERTEX_POINT('',#13402);
#13402 = CARTESIAN_POINT('',(13.527396621454,128.57194048236,-22.));
#13403 = SURFACE_CURVE('',#13404,(#13408,#13415),.PCURVE_S1.);
#13404 = LINE('',#13405,#13406);
#13405 = CARTESIAN_POINT('',(13.527396621454,128.57194048236,-20.));
#13406 = VECTOR('',#13407,1.);
#13407 = DIRECTION('',(1.110223024625E-16,0.,-1.));
#13408 = PCURVE('',#11388,#13409);
#13409 = DEFINITIONAL_REPRESENTATION('',(#13410),#13414);
#13410 = LINE('',#13411,#13412);
#13411 = CARTESIAN_POINT('',(-1.064498445138E-16,12.257496254011));
#13412 = VECTOR('',#13413,1.);
#13413 = DIRECTION('',(1.,0.));
#13414 = ( GEOMETRIC_REPRESENTATION_CONTEXT(2) 
PARAMETRIC_REPRESENTATION_CONTEXT() REPRESENTATION_CONTEXT('2D SPACE',''
  ) );
#13415 = PCURVE('',#11360,#13416);
#13416 = DEFINITIONAL_REPRESENTATION('',(#13417),#13421);
#13417 = LINE('',#13418,#13419);
#13418 = CARTESIAN_POINT('',(9.,9.961390782522E-16));
#13419 = VECTOR('',#13420,1.);
#13420 = DIRECTION('',(0.,1.));
#13421 = ( GEOMETRIC_REPRESENTATION_CONTEXT(2) 
PARAMETRIC_REPRESENTATION_CONTEXT() REPRESENTATION_CONTEXT('2D SPACE',''
  ) );
#13422 = ORIENTED_EDGE('',*,*,#13423,.T.);
#13423 = EDGE_CURVE('',#13401,#13424,#13426,.T.);
#13424 = VERTEX_POINT('',#13425);
#13425 = CARTESIAN_POINT('',(14.,122.54868855861,-22.));
#13426 = SURFACE_CURVE('',#13427,(#13431,#13438),.PCURVE_S1.);
#13427 = LINE('',#13428,#13429);
#13428 = CARTESIAN_POINT('',(14.824897755661,112.0355030436,-22.));
#13429 = VECTOR('',#13430,1.);
#13430 = DIRECTION('',(7.822274143943E-02,-0.996935907028,
    8.684468859536E-18));
#13431 = PCURVE('',#11388,#13432);
#13432 = DEFINITIONAL_REPRESENTATION('',(#13433),#13437);
#13433 = LINE('',#13434,#13435);
#13434 = CARTESIAN_POINT('',(2.,-4.329766098747));
#13435 = VECTOR('',#13436,1.);
#13436 = DIRECTION('',(0.,-1.));
#13437 = ( GEOMETRIC_REPRESENTATION_CONTEXT(2) 
PARAMETRIC_REPRESENTATION_CONTEXT() REPRESENTATION_CONTEXT('2D SPACE',''
  ) );
#13438 = PCURVE('',#13439,#13444);
#13439 = PLANE('',#13440);
#13440 = AXIS2_PLACEMENT_3D('',#13441,#13442,#13443);
#13441 = CARTESIAN_POINT('',(6.,107.,-22.));
#13442 = DIRECTION('',(1.110223024625E-16,0.,-1.));
#13443 = DIRECTION('',(1.,0.,1.110223024625E-16));
#13444 = DEFINITIONAL_REPRESENTATION('',(#13445),#13449);
#13445 = LINE('',#13446,#13447);
#13446 = CARTESIAN_POINT('',(8.824897755661,-5.035503043604));
#13447 = VECTOR('',#13448,1.);
#13448 = DIRECTION('',(7.822274143943E-02,0.996935907028));
#13449 = ( GEOMETRIC_REPRESENTATION_CONTEXT(2) 
PARAMETRIC_REPRESENTATION_CONTEXT() REPRESENTATION_CONTEXT('2D SPACE',''
  ) );
#13450 = ORIENTED_EDGE('',*,*,#13451,.T.);
#13451 = EDGE_CURVE('',#13424,#13376,#13452,.T.);
#13452 = SURFACE_CURVE('',#13453,(#13457,#13464),.PCURVE_S1.);
#13453 = LINE('',#13454,#13455);
#13454 = CARTESIAN_POINT('',(14.,122.54868855861,-6.5));
#13455 = VECTOR('',#13456,1.);
#13456 = DIRECTION('',(-1.110223024625E-16,0.,1.));
#13457 = PCURVE('',#11388,#13458);
#13458 = DEFINITIONAL_REPRESENTATION('',(#13459),#13463);
#13459 = LINE('',#13460,#13461);
#13460 = CARTESIAN_POINT('',(-13.5,6.215731802271));
#13461 = VECTOR('',#13462,1.);
#13462 = DIRECTION('',(-1.,0.));
#13463 = ( GEOMETRIC_REPRESENTATION_CONTEXT(2) 
PARAMETRIC_REPRESENTATION_CONTEXT() REPRESENTATION_CONTEXT('2D SPACE',''
  ) );
#13464 = PCURVE('',#13465,#13470);
#13465 = PLANE('',#13466);
#13466 = AXIS2_PLACEMENT_3D('',#13467,#13468,#13469);
#13467 = CARTESIAN_POINT('',(14.,107.,7.));
#13468 = DIRECTION('',(1.,0.,1.110223024625E-16));
#13469 = DIRECTION('',(1.110223024625E-16,0.,-1.));
#13470 = DEFINITIONAL_REPRESENTATION('',(#13471),#13475);
#13471 = LINE('',#13472,#13473);
#13472 = CARTESIAN_POINT('',(13.5,15.548688558617));
#13473 = VECTOR('',#13474,1.);
#13474 = DIRECTION('',(-1.,0.));
#13475 = ( GEOMETRIC_REPRESENTATION_CONTEXT(2) 
PARAMETRIC_REPRESENTATION_CONTEXT() REPRESENTATION_CONTEXT('2D SPACE',''
  ) );
#13476 = ADVANCED_FACE('',(#13477),#11360,.T.);
#13477 = FACE_BOUND('',#13478,.T.);
#13478 = EDGE_LOOP('',(#13479,#13502,#13523,#13524));
#13479 = ORIENTED_EDGE('',*,*,#13480,.F.);
#13480 = EDGE_CURVE('',#13481,#11317,#13483,.T.);
#13481 = VERTEX_POINT('',#13482);
#13482 = CARTESIAN_POINT('',(6.,127.98131715795,-22.));
#13483 = SURFACE_CURVE('',#13484,(#13488,#13495),.PCURVE_S1.);
#13484 = LINE('',#13485,#13486);
#13485 = CARTESIAN_POINT('',(6.,127.98131715795,10.));
#13486 = VECTOR('',#13487,1.);
#13487 = DIRECTION('',(1.110223024625E-16,0.,-1.));
#13488 = PCURVE('',#11360,#13489);
#13489 = DEFINITIONAL_REPRESENTATION('',(#13490),#13494);
#13490 = LINE('',#13491,#13492);
#13491 = CARTESIAN_POINT('',(1.449467846038,-30.));
#13492 = VECTOR('',#13493,1.);
#13493 = DIRECTION('',(0.,1.));
#13494 = ( GEOMETRIC_REPRESENTATION_CONTEXT(2) 
PARAMETRIC_REPRESENTATION_CONTEXT() REPRESENTATION_CONTEXT('2D SPACE',''
  ) );
#13495 = PCURVE('',#11332,#13496);
#13496 = DEFINITIONAL_REPRESENTATION('',(#13497),#13501);
#13497 = LINE('',#13498,#13499);
#13498 = CARTESIAN_POINT('',(30.,312.98131715795));
#13499 = VECTOR('',#13500,1.);
#13500 = DIRECTION('',(1.,0.));
#13501 = ( GEOMETRIC_REPRESENTATION_CONTEXT(2) 
PARAMETRIC_REPRESENTATION_CONTEXT() REPRESENTATION_CONTEXT('2D SPACE',''
  ) );
#13502 = ORIENTED_EDGE('',*,*,#13503,.T.);
#13503 = EDGE_CURVE('',#13481,#13401,#13504,.T.);
#13504 = SURFACE_CURVE('',#13505,(#13509,#13516),.PCURVE_S1.);
#13505 = LINE('',#13506,#13507);
#13506 = CARTESIAN_POINT('',(4.459393074979,127.86043627051,-22.));
#13507 = VECTOR('',#13508,1.);
#13508 = DIRECTION('',(0.996935907028,7.822274143943E-02,
    1.106821198058E-16));
#13509 = PCURVE('',#11360,#13510);
#13510 = DEFINITIONAL_REPRESENTATION('',(#13511),#13515);
#13511 = LINE('',#13512,#13513);
#13512 = CARTESIAN_POINT('',(-9.587415053341E-02,2.));
#13513 = VECTOR('',#13514,1.);
#13514 = DIRECTION('',(1.,0.));
#13515 = ( GEOMETRIC_REPRESENTATION_CONTEXT(2) 
PARAMETRIC_REPRESENTATION_CONTEXT() REPRESENTATION_CONTEXT('2D SPACE',''
  ) );
#13516 = PCURVE('',#13439,#13517);
#13517 = DEFINITIONAL_REPRESENTATION('',(#13518),#13522);
#13518 = LINE('',#13519,#13520);
#13519 = CARTESIAN_POINT('',(-1.540606925021,-20.86043627051));
#13520 = VECTOR('',#13521,1.);
#13521 = DIRECTION('',(0.996935907028,-7.822274143943E-02));
#13522 = ( GEOMETRIC_REPRESENTATION_CONTEXT(2) 
PARAMETRIC_REPRESENTATION_CONTEXT() REPRESENTATION_CONTEXT('2D SPACE',''
  ) );
#13523 = ORIENTED_EDGE('',*,*,#13400,.T.);
#13524 = ORIENTED_EDGE('',*,*,#11344,.F.);
#13525 = ADVANCED_FACE('',(#13526,#13771),#11332,.F.);
#13526 = FACE_BOUND('',#13527,.F.);
#13527 = EDGE_LOOP('',(#13528,#13558,#13586,#13614,#13635,#13636,#13637,
    #13638,#13661,#13689,#13717,#13745));
#13528 = ORIENTED_EDGE('',*,*,#13529,.T.);
#13529 = EDGE_CURVE('',#13530,#13532,#13534,.T.);
#13530 = VERTEX_POINT('',#13531);
#13531 = CARTESIAN_POINT('',(6.,120.26396242903,10.));
#13532 = VERTEX_POINT('',#13533);
#13533 = CARTESIAN_POINT('',(6.,120.26396242903,7.));
#13534 = SURFACE_CURVE('',#13535,(#13539,#13546),.PCURVE_S1.);
#13535 = LINE('',#13536,#13537);
#13536 = CARTESIAN_POINT('',(6.,120.26396242903,10.));
#13537 = VECTOR('',#13538,1.);
#13538 = DIRECTION('',(2.22044604925E-16,0.,-1.));
#13539 = PCURVE('',#11332,#13540);
#13540 = DEFINITIONAL_REPRESENTATION('',(#13541),#13545);
#13541 = LINE('',#13542,#13543);
#13542 = CARTESIAN_POINT('',(30.,305.26396242903));
#13543 = VECTOR('',#13544,1.);
#13544 = DIRECTION('',(1.,0.));
#13545 = ( GEOMETRIC_REPRESENTATION_CONTEXT(2) 
PARAMETRIC_REPRESENTATION_CONTEXT() REPRESENTATION_CONTEXT('2D SPACE',''
  ) );
#13546 = PCURVE('',#13547,#13552);
#13547 = CYLINDRICAL_SURFACE('',#13548,6.);
#13548 = AXIS2_PLACEMENT_3D('',#13549,#13550,#13551);
#13549 = CARTESIAN_POINT('',(5.561096296433,126.24788785796,10.));
#13550 = DIRECTION('',(2.22044604925E-16,0.,-1.));
#13551 = DIRECTION('',(-1.,0.,-2.22044604925E-16));
#13552 = DEFINITIONAL_REPRESENTATION('',(#13553),#13557);
#13553 = LINE('',#13554,#13555);
#13554 = CARTESIAN_POINT('',(4.639172967215,4.872809972931E-17));
#13555 = VECTOR('',#13556,1.);
#13556 = DIRECTION('',(0.,1.));
#13557 = ( GEOMETRIC_REPRESENTATION_CONTEXT(2) 
PARAMETRIC_REPRESENTATION_CONTEXT() REPRESENTATION_CONTEXT('2D SPACE',''
  ) );
#13558 = ORIENTED_EDGE('',*,*,#13559,.F.);
#13559 = EDGE_CURVE('',#13560,#13532,#13562,.T.);
#13560 = VERTEX_POINT('',#13561);
#13561 = CARTESIAN_POINT('',(6.,107.,7.));
#13562 = SURFACE_CURVE('',#13563,(#13567,#13574),.PCURVE_S1.);
#13563 = LINE('',#13564,#13565);
#13564 = CARTESIAN_POINT('',(6.,107.,7.));
#13565 = VECTOR('',#13566,1.);
#13566 = DIRECTION('',(0.,1.,0.));
#13567 = PCURVE('',#11332,#13568);
#13568 = DEFINITIONAL_REPRESENTATION('',(#13569),#13573);
#13569 = LINE('',#13570,#13571);
#13570 = CARTESIAN_POINT('',(33.,292.));
#13571 = VECTOR('',#13572,1.);
#13572 = DIRECTION('',(0.,1.));
#13573 = ( GEOMETRIC_REPRESENTATION_CONTEXT(2) 
PARAMETRIC_REPRESENTATION_CONTEXT() REPRESENTATION_CONTEXT('2D SPACE',''
  ) );
#13574 = PCURVE('',#13575,#13580);
#13575 = PLANE('',#13576);
#13576 = AXIS2_PLACEMENT_3D('',#13577,#13578,#13579);
#13577 = CARTESIAN_POINT('',(6.,107.,7.));
#13578 = DIRECTION('',(1.110223024625E-16,0.,-1.));
#13579 = DIRECTION('',(1.,0.,1.110223024625E-16));
#13580 = DEFINITIONAL_REPRESENTATION('',(#13581),#13585);
#13581 = LINE('',#13582,#13583);
#13582 = CARTESIAN_POINT('',(0.,0.));
#13583 = VECTOR('',#13584,1.);
#13584 = DIRECTION('',(0.,-1.));
#13585 = ( GEOMETRIC_REPRESENTATION_CONTEXT(2) 
PARAMETRIC_REPRESENTATION_CONTEXT() REPRESENTATION_CONTEXT('2D SPACE',''
  ) );
#13586 = ORIENTED_EDGE('',*,*,#13587,.T.);
#13587 = EDGE_CURVE('',#13560,#13588,#13590,.T.);
#13588 = VERTEX_POINT('',#13589);
#13589 = CARTESIAN_POINT('',(6.,107.,-20.));
#13590 = SURFACE_CURVE('',#13591,(#13595,#13602),.PCURVE_S1.);
#13591 = LINE('',#13592,#13593);
#13592 = CARTESIAN_POINT('',(6.,107.,7.));
#13593 = VECTOR('',#13594,1.);
#13594 = DIRECTION('',(1.110223024625E-16,0.,-1.));
#13595 = PCURVE('',#11332,#13596);
#13596 = DEFINITIONAL_REPRESENTATION('',(#13597),#13601);
#13597 = LINE('',#13598,#13599);
#13598 = CARTESIAN_POINT('',(33.,292.));
#13599 = VECTOR('',#13600,1.);
#13600 = DIRECTION('',(1.,0.));
#13601 = ( GEOMETRIC_REPRESENTATION_CONTEXT(2) 
PARAMETRIC_REPRESENTATION_CONTEXT() REPRESENTATION_CONTEXT('2D SPACE',''
  ) );
#13602 = PCURVE('',#13603,#13608);
#13603 = PLANE('',#13604);
#13604 = AXIS2_PLACEMENT_3D('',#13605,#13606,#13607);
#13605 = CARTESIAN_POINT('',(6.,107.,7.));
#13606 = DIRECTION('',(0.,1.,0.));
#13607 = DIRECTION('',(1.,0.,1.110223024625E-16));
#13608 = DEFINITIONAL_REPRESENTATION('',(#13609),#13613);
#13609 = LINE('',#13610,#13611);
#13610 = CARTESIAN_POINT('',(0.,0.));
#13611 = VECTOR('',#13612,1.);
#13612 = DIRECTION('',(0.,1.));
#13613 = ( GEOMETRIC_REPRESENTATION_CONTEXT(2) 
PARAMETRIC_REPRESENTATION_CONTEXT() REPRESENTATION_CONTEXT('2D SPACE',''
  ) );
#13614 = ORIENTED_EDGE('',*,*,#13615,.T.);
#13615 = EDGE_CURVE('',#13588,#12893,#13616,.T.);
#13616 = SURFACE_CURVE('',#13617,(#13621,#13628),.PCURVE_S1.);
#13617 = LINE('',#13618,#13619);
#13618 = CARTESIAN_POINT('',(6.,-34.41642170627,-20.));
#13619 = VECTOR('',#13620,1.);
#13620 = DIRECTION('',(0.,-1.,0.));
#13621 = PCURVE('',#11332,#13622);
#13622 = DEFINITIONAL_REPRESENTATION('',(#13623),#13627);
#13623 = LINE('',#13624,#13625);
#13624 = CARTESIAN_POINT('',(60.,150.58357829372));
#13625 = VECTOR('',#13626,1.);
#13626 = DIRECTION('',(0.,-1.));
#13627 = ( GEOMETRIC_REPRESENTATION_CONTEXT(2) 
PARAMETRIC_REPRESENTATION_CONTEXT() REPRESENTATION_CONTEXT('2D SPACE',''
  ) );
#13628 = PCURVE('',#11557,#13629);
#13629 = DEFINITIONAL_REPRESENTATION('',(#13630),#13634);
#13630 = LINE('',#13631,#13632);
#13631 = CARTESIAN_POINT('',(14.084594021103,-150.1640285699));
#13632 = VECTOR('',#13633,1.);
#13633 = DIRECTION('',(3.714590832131E-02,-0.999309852596));
#13634 = ( GEOMETRIC_REPRESENTATION_CONTEXT(2) 
PARAMETRIC_REPRESENTATION_CONTEXT() REPRESENTATION_CONTEXT('2D SPACE',''
  ) );
#13635 = ORIENTED_EDGE('',*,*,#12915,.F.);
#13636 = ORIENTED_EDGE('',*,*,#11316,.F.);
#13637 = ORIENTED_EDGE('',*,*,#13480,.F.);
#13638 = ORIENTED_EDGE('',*,*,#13639,.F.);
#13639 = EDGE_CURVE('',#13640,#13481,#13642,.T.);
#13640 = VERTEX_POINT('',#13641);
#13641 = CARTESIAN_POINT('',(6.,133.21993814588,-22.));
#13642 = SURFACE_CURVE('',#13643,(#13647,#13654),.PCURVE_S1.);
#13643 = LINE('',#13644,#13645);
#13644 = CARTESIAN_POINT('',(6.,-39.,-22.));
#13645 = VECTOR('',#13646,1.);
#13646 = DIRECTION('',(0.,-1.,0.));
#13647 = PCURVE('',#11332,#13648);
#13648 = DEFINITIONAL_REPRESENTATION('',(#13649),#13653);
#13649 = LINE('',#13650,#13651);
#13650 = CARTESIAN_POINT('',(62.,146.));
#13651 = VECTOR('',#13652,1.);
#13652 = DIRECTION('',(0.,-1.));
#13653 = ( GEOMETRIC_REPRESENTATION_CONTEXT(2) 
PARAMETRIC_REPRESENTATION_CONTEXT() REPRESENTATION_CONTEXT('2D SPACE',''
  ) );
#13654 = PCURVE('',#13439,#13655);
#13655 = DEFINITIONAL_REPRESENTATION('',(#13656),#13660);
#13656 = LINE('',#13657,#13658);
#13657 = CARTESIAN_POINT('',(0.,146.));
#13658 = VECTOR('',#13659,1.);
#13659 = DIRECTION('',(0.,1.));
#13660 = ( GEOMETRIC_REPRESENTATION_CONTEXT(2) 
PARAMETRIC_REPRESENTATION_CONTEXT() REPRESENTATION_CONTEXT('2D SPACE',''
  ) );
#13661 = ORIENTED_EDGE('',*,*,#13662,.F.);
#13662 = EDGE_CURVE('',#13663,#13640,#13665,.T.);
#13663 = VERTEX_POINT('',#13664);
#13664 = CARTESIAN_POINT('',(6.,133.21993814588,-6.));
#13665 = SURFACE_CURVE('',#13666,(#13670,#13677),.PCURVE_S1.);
#13666 = LINE('',#13667,#13668);
#13667 = CARTESIAN_POINT('',(6.,133.21993814588,21.));
#13668 = VECTOR('',#13669,1.);
#13669 = DIRECTION('',(1.110223024625E-16,0.,-1.));
#13670 = PCURVE('',#11332,#13671);
#13671 = DEFINITIONAL_REPRESENTATION('',(#13672),#13676);
#13672 = LINE('',#13673,#13674);
#13673 = CARTESIAN_POINT('',(19.,318.21993814588));
#13674 = VECTOR('',#13675,1.);
#13675 = DIRECTION('',(1.,0.));
#13676 = ( GEOMETRIC_REPRESENTATION_CONTEXT(2) 
PARAMETRIC_REPRESENTATION_CONTEXT() REPRESENTATION_CONTEXT('2D SPACE',''
  ) );
#13677 = PCURVE('',#13678,#13683);
#13678 = PLANE('',#13679);
#13679 = AXIS2_PLACEMENT_3D('',#13680,#13681,#13682);
#13680 = CARTESIAN_POINT('',(4.041185039828,133.21993814588,2.));
#13681 = DIRECTION('',(0.,1.,0.));
#13682 = DIRECTION('',(1.,0.,1.110223024625E-16));
#13683 = DEFINITIONAL_REPRESENTATION('',(#13684),#13688);
#13684 = LINE('',#13685,#13686);
#13685 = CARTESIAN_POINT('',(1.958814960172,-19.));
#13686 = VECTOR('',#13687,1.);
#13687 = DIRECTION('',(0.,1.));
#13688 = ( GEOMETRIC_REPRESENTATION_CONTEXT(2) 
PARAMETRIC_REPRESENTATION_CONTEXT() REPRESENTATION_CONTEXT('2D SPACE',''
  ) );
#13689 = ORIENTED_EDGE('',*,*,#13690,.F.);
#13690 = EDGE_CURVE('',#13691,#13663,#13693,.T.);
#13691 = VERTEX_POINT('',#13692);
#13692 = CARTESIAN_POINT('',(6.,133.39297581647,-6.));
#13693 = SURFACE_CURVE('',#13694,(#13698,#13705),.PCURVE_S1.);
#13694 = LINE('',#13695,#13696);
#13695 = CARTESIAN_POINT('',(6.,-26.76598951347,-6.));
#13696 = VECTOR('',#13697,1.);
#13697 = DIRECTION('',(0.,-1.,0.));
#13698 = PCURVE('',#11332,#13699);
#13699 = DEFINITIONAL_REPRESENTATION('',(#13700),#13704);
#13700 = LINE('',#13701,#13702);
#13701 = CARTESIAN_POINT('',(46.,158.23401048652));
#13702 = VECTOR('',#13703,1.);
#13703 = DIRECTION('',(0.,-1.));
#13704 = ( GEOMETRIC_REPRESENTATION_CONTEXT(2) 
PARAMETRIC_REPRESENTATION_CONTEXT() REPRESENTATION_CONTEXT('2D SPACE',''
  ) );
#13705 = PCURVE('',#13706,#13711);
#13706 = PLANE('',#13707);
#13707 = AXIS2_PLACEMENT_3D('',#13708,#13709,#13710);
#13708 = CARTESIAN_POINT('',(2.603020864548,131.46802097305,-6.));
#13709 = DIRECTION('',(1.110223024625E-16,0.,-1.));
#13710 = DIRECTION('',(0.493012571981,-0.870022185849,5.473539088428E-17
    ));
#13711 = DEFINITIONAL_REPRESENTATION('',(#13712),#13716);
#13712 = LINE('',#13713,#13714);
#13713 = CARTESIAN_POINT('',(139.34185309961,75.055909272104));
#13714 = VECTOR('',#13715,1.);
#13715 = DIRECTION('',(0.870022185849,0.493012571981));
#13716 = ( GEOMETRIC_REPRESENTATION_CONTEXT(2) 
PARAMETRIC_REPRESENTATION_CONTEXT() REPRESENTATION_CONTEXT('2D SPACE',''
  ) );
#13717 = ORIENTED_EDGE('',*,*,#13718,.T.);
#13718 = EDGE_CURVE('',#13691,#13719,#13721,.T.);
#13719 = VERTEX_POINT('',#13720);
#13720 = CARTESIAN_POINT('',(6.,133.39297581647,10.));
#13721 = SURFACE_CURVE('',#13722,(#13726,#13733),.PCURVE_S1.);
#13722 = LINE('',#13723,#13724);
#13723 = CARTESIAN_POINT('',(6.,133.39297581647,25.));
#13724 = VECTOR('',#13725,1.);
#13725 = DIRECTION('',(-1.110223024625E-16,0.,1.));
#13726 = PCURVE('',#11332,#13727);
#13727 = DEFINITIONAL_REPRESENTATION('',(#13728),#13732);
#13728 = LINE('',#13729,#13730);
#13729 = CARTESIAN_POINT('',(15.,318.39297581647));
#13730 = VECTOR('',#13731,1.);
#13731 = DIRECTION('',(-1.,0.));
#13732 = ( GEOMETRIC_REPRESENTATION_CONTEXT(2) 
PARAMETRIC_REPRESENTATION_CONTEXT() REPRESENTATION_CONTEXT('2D SPACE',''
  ) );
#13733 = PCURVE('',#13734,#13739);
#13734 = PLANE('',#13735);
#13735 = AXIS2_PLACEMENT_3D('',#13736,#13737,#13738);
#13736 = CARTESIAN_POINT('',(2.603020864548,131.46802097305,10.));
#13737 = DIRECTION('',(0.493012571981,-0.870022185849,5.473539088428E-17
    ));
#13738 = DIRECTION('',(1.110223024625E-16,0.,-1.));
#13739 = DEFINITIONAL_REPRESENTATION('',(#13740),#13744);
#13740 = LINE('',#13741,#13742);
#13741 = CARTESIAN_POINT('',(-15.,3.904474151011));
#13742 = VECTOR('',#13743,1.);
#13743 = DIRECTION('',(-1.,0.));
#13744 = ( GEOMETRIC_REPRESENTATION_CONTEXT(2) 
PARAMETRIC_REPRESENTATION_CONTEXT() REPRESENTATION_CONTEXT('2D SPACE',''
  ) );
#13745 = ORIENTED_EDGE('',*,*,#13746,.T.);
#13746 = EDGE_CURVE('',#13719,#13530,#13747,.T.);
#13747 = SURFACE_CURVE('',#13748,(#13752,#13759),.PCURVE_S1.);
#13748 = LINE('',#13749,#13750);
#13749 = CARTESIAN_POINT('',(6.,-26.76598951347,10.));
#13750 = VECTOR('',#13751,1.);
#13751 = DIRECTION('',(0.,-1.,0.));
#13752 = PCURVE('',#11332,#13753);
#13753 = DEFINITIONAL_REPRESENTATION('',(#13754),#13758);
#13754 = LINE('',#13755,#13756);
#13755 = CARTESIAN_POINT('',(30.,158.23401048652));
#13756 = VECTOR('',#13757,1.);
#13757 = DIRECTION('',(0.,-1.));
#13758 = ( GEOMETRIC_REPRESENTATION_CONTEXT(2) 
PARAMETRIC_REPRESENTATION_CONTEXT() REPRESENTATION_CONTEXT('2D SPACE',''
  ) );
#13759 = PCURVE('',#13760,#13765);
#13760 = PLANE('',#13761);
#13761 = AXIS2_PLACEMENT_3D('',#13762,#13763,#13764);
#13762 = CARTESIAN_POINT('',(2.603020864548,131.46802097305,10.));
#13763 = DIRECTION('',(1.110223024625E-16,0.,-1.));
#13764 = DIRECTION('',(0.493012571981,-0.870022185849,5.473539088428E-17
    ));
#13765 = DEFINITIONAL_REPRESENTATION('',(#13766),#13770);
#13766 = LINE('',#13767,#13768);
#13767 = CARTESIAN_POINT('',(139.34185309961,75.055909272104));
#13768 = VECTOR('',#13769,1.);
#13769 = DIRECTION('',(0.870022185849,0.493012571981));
#13770 = ( GEOMETRIC_REPRESENTATION_CONTEXT(2) 
PARAMETRIC_REPRESENTATION_CONTEXT() REPRESENTATION_CONTEXT('2D SPACE',''
  ) );
#13771 = FACE_BOUND('',#13772,.F.);
#13772 = EDGE_LOOP('',(#13773));
#13773 = ORIENTED_EDGE('',*,*,#13774,.F.);
#13774 = EDGE_CURVE('',#13775,#13775,#13777,.T.);
#13775 = VERTEX_POINT('',#13776);
#13776 = CARTESIAN_POINT('',(6.,116.,0.3));
#13777 = SURFACE_CURVE('',#13778,(#13783,#13790),.PCURVE_S1.);
#13778 = CIRCLE('',#13779,2.7);
#13779 = AXIS2_PLACEMENT_3D('',#13780,#13781,#13782);
#13780 = CARTESIAN_POINT('',(6.,116.,3.));
#13781 = DIRECTION('',(1.,-0.,1.110223024625E-16));
#13782 = DIRECTION('',(1.110223024625E-16,0.,-1.));
#13783 = PCURVE('',#11332,#13784);
#13784 = DEFINITIONAL_REPRESENTATION('',(#13785),#13789);
#13785 = CIRCLE('',#13786,2.7);
#13786 = AXIS2_PLACEMENT_2D('',#13787,#13788);
#13787 = CARTESIAN_POINT('',(37.,301.));
#13788 = DIRECTION('',(1.,0.));
#13789 = ( GEOMETRIC_REPRESENTATION_CONTEXT(2) 
PARAMETRIC_REPRESENTATION_CONTEXT() REPRESENTATION_CONTEXT('2D SPACE',''
  ) );
#13790 = PCURVE('',#13791,#13796);
#13791 = CYLINDRICAL_SURFACE('',#13792,2.7);
#13792 = AXIS2_PLACEMENT_3D('',#13793,#13794,#13795);
#13793 = CARTESIAN_POINT('',(6.,116.,3.));
#13794 = DIRECTION('',(1.,0.,1.110223024625E-16));
#13795 = DIRECTION('',(1.110223024625E-16,0.,-1.));
#13796 = DEFINITIONAL_REPRESENTATION('',(#13797),#13801);
#13797 = LINE('',#13798,#13799);
#13798 = CARTESIAN_POINT('',(0.,0.));
#13799 = VECTOR('',#13800,1.);
#13800 = DIRECTION('',(1.,0.));
#13801 = ( GEOMETRIC_REPRESENTATION_CONTEXT(2) 
PARAMETRIC_REPRESENTATION_CONTEXT() REPRESENTATION_CONTEXT('2D SPACE',''
  ) );
#13802 = ADVANCED_FACE('',(#13803),#11557,.F.);
#13803 = FACE_BOUND('',#13804,.F.);
#13804 = EDGE_LOOP('',(#13805,#13806,#13829,#13850,#13851,#13852,#13876,
    #13897,#13898,#13899,#13900,#13901));
#13805 = ORIENTED_EDGE('',*,*,#13615,.F.);
#13806 = ORIENTED_EDGE('',*,*,#13807,.T.);
#13807 = EDGE_CURVE('',#13588,#13808,#13810,.T.);
#13808 = VERTEX_POINT('',#13809);
#13809 = CARTESIAN_POINT('',(14.,107.,-20.));
#13810 = SURFACE_CURVE('',#13811,(#13815,#13822),.PCURVE_S1.);
#13811 = LINE('',#13812,#13813);
#13812 = CARTESIAN_POINT('',(6.,107.,-20.));
#13813 = VECTOR('',#13814,1.);
#13814 = DIRECTION('',(1.,0.,1.110223024625E-16));
#13815 = PCURVE('',#11557,#13816);
#13816 = DEFINITIONAL_REPRESENTATION('',(#13817),#13821);
#13817 = LINE('',#13818,#13819);
#13818 = CARTESIAN_POINT('',(8.831552585275,-8.845205040077));
#13819 = VECTOR('',#13820,1.);
#13820 = DIRECTION('',(-0.999309852596,-3.714590832131E-02));
#13821 = ( GEOMETRIC_REPRESENTATION_CONTEXT(2) 
PARAMETRIC_REPRESENTATION_CONTEXT() REPRESENTATION_CONTEXT('2D SPACE',''
  ) );
#13822 = PCURVE('',#13603,#13823);
#13823 = DEFINITIONAL_REPRESENTATION('',(#13824),#13828);
#13824 = LINE('',#13825,#13826);
#13825 = CARTESIAN_POINT('',(-3.330669073875E-16,27.));
#13826 = VECTOR('',#13827,1.);
#13827 = DIRECTION('',(1.,0.));
#13828 = ( GEOMETRIC_REPRESENTATION_CONTEXT(2) 
PARAMETRIC_REPRESENTATION_CONTEXT() REPRESENTATION_CONTEXT('2D SPACE',''
  ) );
#13829 = ORIENTED_EDGE('',*,*,#13830,.F.);
#13830 = EDGE_CURVE('',#13376,#13808,#13831,.T.);
#13831 = SURFACE_CURVE('',#13832,(#13836,#13843),.PCURVE_S1.);
#13832 = LINE('',#13833,#13834);
#13833 = CARTESIAN_POINT('',(14.,122.54868855861,-20.));
#13834 = VECTOR('',#13835,1.);
#13835 = DIRECTION('',(0.,-1.,0.));
#13836 = PCURVE('',#11557,#13837);
#13837 = DEFINITIONAL_REPRESENTATION('',(#13838),#13842);
#13838 = LINE('',#13839,#13840);
#13839 = CARTESIAN_POINT('',(0.259503604794,6.395585364922));
#13840 = VECTOR('',#13841,1.);
#13841 = DIRECTION('',(3.714590832131E-02,-0.999309852596));
#13842 = ( GEOMETRIC_REPRESENTATION_CONTEXT(2) 
PARAMETRIC_REPRESENTATION_CONTEXT() REPRESENTATION_CONTEXT('2D SPACE',''
  ) );
#13843 = PCURVE('',#13465,#13844);
#13844 = DEFINITIONAL_REPRESENTATION('',(#13845),#13849);
#13845 = LINE('',#13846,#13847);
#13846 = CARTESIAN_POINT('',(27.,15.548688558617));
#13847 = VECTOR('',#13848,1.);
#13848 = DIRECTION('',(0.,-1.));
#13849 = ( GEOMETRIC_REPRESENTATION_CONTEXT(2) 
PARAMETRIC_REPRESENTATION_CONTEXT() REPRESENTATION_CONTEXT('2D SPACE',''
  ) );
#13850 = ORIENTED_EDGE('',*,*,#13375,.F.);
#13851 = ORIENTED_EDGE('',*,*,#13275,.T.);
#13852 = ORIENTED_EDGE('',*,*,#13853,.F.);
#13853 = EDGE_CURVE('',#13854,#13278,#13856,.T.);
#13854 = VERTEX_POINT('',#13855);
#13855 = CARTESIAN_POINT('',(81.950591210589,48.437566596479,-20.));
#13856 = SURFACE_CURVE('',#13857,(#13862,#13869),.PCURVE_S1.);
#13857 = CIRCLE('',#13858,7.5);
#13858 = AXIS2_PLACEMENT_3D('',#13859,#13860,#13861);
#13859 = CARTESIAN_POINT('',(89.034317185885,45.973661909419,-20.));
#13860 = DIRECTION('',(2.22044604925E-16,0.,-1.));
#13861 = DIRECTION('',(-1.,0.,-2.22044604925E-16));
#13862 = PCURVE('',#11557,#13863);
#13863 = DEFINITIONAL_REPRESENTATION('',(#13864),#13868);
#13864 = CIRCLE('',#13865,7.5);
#13865 = AXIS2_PLACEMENT_2D('',#13866,#13867);
#13866 = CARTESIAN_POINT('',(-71.87857992224,-72.91381109554));
#13867 = DIRECTION('',(0.999309852596,3.714590832131E-02));
#13868 = ( GEOMETRIC_REPRESENTATION_CONTEXT(2) 
PARAMETRIC_REPRESENTATION_CONTEXT() REPRESENTATION_CONTEXT('2D SPACE',''
  ) );
#13869 = PCURVE('',#13360,#13870);
#13870 = DEFINITIONAL_REPRESENTATION('',(#13871),#13875);
#13871 = LINE('',#13872,#13873);
#13872 = CARTESIAN_POINT('',(0.,3.1));
#13873 = VECTOR('',#13874,1.);
#13874 = DIRECTION('',(1.,0.));
#13875 = ( GEOMETRIC_REPRESENTATION_CONTEXT(2) 
PARAMETRIC_REPRESENTATION_CONTEXT() REPRESENTATION_CONTEXT('2D SPACE',''
  ) );
#13876 = ORIENTED_EDGE('',*,*,#13877,.T.);
#13877 = EDGE_CURVE('',#13854,#12944,#13878,.T.);
#13878 = SURFACE_CURVE('',#13879,(#13883,#13890),.PCURVE_S1.);
#13879 = LINE('',#13880,#13881);
#13880 = CARTESIAN_POINT('',(88.818388814643,68.182484708134,-20.));
#13881 = VECTOR('',#13882,1.);
#13882 = DIRECTION('',(-0.328520624941,-0.944496796706,
    -3.64731161874E-17));
#13883 = PCURVE('',#11557,#13884);
#13884 = DEFINITIONAL_REPRESENTATION('',(#13885),#13889);
#13885 = LINE('',#13886,#13887);
#13886 = CARTESIAN_POINT('',(-72.48776746901,-50.71229480275));
#13887 = VECTOR('',#13888,1.);
#13888 = DIRECTION('',(0.363378088705,-0.931641757678));
#13889 = ( GEOMETRIC_REPRESENTATION_CONTEXT(2) 
PARAMETRIC_REPRESENTATION_CONTEXT() REPRESENTATION_CONTEXT('2D SPACE',''
  ) );
#13890 = PCURVE('',#12794,#13891);
#13891 = DEFINITIONAL_REPRESENTATION('',(#13892),#13896);
#13892 = LINE('',#13893,#13894);
#13893 = CARTESIAN_POINT('',(3.1,-20.90522506853));
#13894 = VECTOR('',#13895,1.);
#13895 = DIRECTION('',(0.,1.));
#13896 = ( GEOMETRIC_REPRESENTATION_CONTEXT(2) 
PARAMETRIC_REPRESENTATION_CONTEXT() REPRESENTATION_CONTEXT('2D SPACE',''
  ) );
#13897 = ORIENTED_EDGE('',*,*,#12943,.F.);
#13898 = ORIENTED_EDGE('',*,*,#11539,.T.);
#13899 = ORIENTED_EDGE('',*,*,#11921,.F.);
#13900 = ORIENTED_EDGE('',*,*,#11892,.T.);
#13901 = ORIENTED_EDGE('',*,*,#12892,.F.);
#13902 = ADVANCED_FACE('',(#13903),#12058,.T.);
#13903 = FACE_BOUND('',#13904,.T.);
#13904 = EDGE_LOOP('',(#13905,#13906,#13927,#13928,#13929,#13930));
#13905 = ORIENTED_EDGE('',*,*,#12732,.F.);
#13906 = ORIENTED_EDGE('',*,*,#13907,.T.);
#13907 = EDGE_CURVE('',#12733,#12352,#13908,.T.);
#13908 = SURFACE_CURVE('',#13909,(#13913,#13920),.PCURVE_S1.);
#13909 = LINE('',#13910,#13911);
#13910 = CARTESIAN_POINT('',(15.076892715735,-70.58974726383,-20.));
#13911 = VECTOR('',#13912,1.);
#13912 = DIRECTION('',(1.110223024625E-16,0.,-1.));
#13913 = PCURVE('',#12058,#13914);
#13914 = DEFINITIONAL_REPRESENTATION('',(#13915),#13919);
#13915 = LINE('',#13916,#13917);
#13916 = CARTESIAN_POINT('',(1.54047068903E-16,2.423353354813));
#13917 = VECTOR('',#13918,1.);
#13918 = DIRECTION('',(1.,0.));
#13919 = ( GEOMETRIC_REPRESENTATION_CONTEXT(2) 
PARAMETRIC_REPRESENTATION_CONTEXT() REPRESENTATION_CONTEXT('2D SPACE',''
  ) );
#13920 = PCURVE('',#12390,#13921);
#13921 = DEFINITIONAL_REPRESENTATION('',(#13922),#13926);
#13922 = LINE('',#13923,#13924);
#13923 = CARTESIAN_POINT('',(9.938093911858E-17,2.423353354813));
#13924 = VECTOR('',#13925,1.);
#13925 = DIRECTION('',(1.,0.));
#13926 = ( GEOMETRIC_REPRESENTATION_CONTEXT(2) 
PARAMETRIC_REPRESENTATION_CONTEXT() REPRESENTATION_CONTEXT('2D SPACE',''
  ) );
#13927 = ORIENTED_EDGE('',*,*,#12351,.T.);
#13928 = ORIENTED_EDGE('',*,*,#12223,.F.);
#13929 = ORIENTED_EDGE('',*,*,#12171,.F.);
#13930 = ORIENTED_EDGE('',*,*,#12042,.T.);
#13931 = ADVANCED_FACE('',(#13932),#12288,.F.);
#13932 = FACE_BOUND('',#13933,.F.);
#13933 = EDGE_LOOP('',(#13934,#13935,#13958,#13981));
#13934 = ORIENTED_EDGE('',*,*,#12270,.F.);
#13935 = ORIENTED_EDGE('',*,*,#13936,.F.);
#13936 = EDGE_CURVE('',#13937,#12271,#13939,.T.);
#13937 = VERTEX_POINT('',#13938);
#13938 = CARTESIAN_POINT('',(10.,-70.,-22.));
#13939 = SURFACE_CURVE('',#13940,(#13944,#13951),.PCURVE_S1.);
#13940 = LINE('',#13941,#13942);
#13941 = CARTESIAN_POINT('',(10.,-70.,-20.));
#13942 = VECTOR('',#13943,1.);
#13943 = DIRECTION('',(1.110223024625E-16,0.,-1.));
#13944 = PCURVE('',#12288,#13945);
#13945 = DEFINITIONAL_REPRESENTATION('',(#13946),#13950);
#13946 = LINE('',#13947,#13948);
#13947 = CARTESIAN_POINT('',(4.5,-4.642673795375E-16));
#13948 = VECTOR('',#13949,1.);
#13949 = DIRECTION('',(0.,1.));
#13950 = ( GEOMETRIC_REPRESENTATION_CONTEXT(2) 
PARAMETRIC_REPRESENTATION_CONTEXT() REPRESENTATION_CONTEXT('2D SPACE',''
  ) );
#13951 = PCURVE('',#12316,#13952);
#13952 = DEFINITIONAL_REPRESENTATION('',(#13953),#13957);
#13953 = LINE('',#13954,#13955);
#13954 = CARTESIAN_POINT('',(4.5,4.096012497531E-16));
#13955 = VECTOR('',#13956,1.);
#13956 = DIRECTION('',(0.,1.));
#13957 = ( GEOMETRIC_REPRESENTATION_CONTEXT(2) 
PARAMETRIC_REPRESENTATION_CONTEXT() REPRESENTATION_CONTEXT('2D SPACE',''
  ) );
#13958 = ORIENTED_EDGE('',*,*,#13959,.T.);
#13959 = EDGE_CURVE('',#13937,#13960,#13962,.T.);
#13960 = VERTEX_POINT('',#13961);
#13961 = CARTESIAN_POINT('',(6.,-71.5899764324,-22.));
#13962 = SURFACE_CURVE('',#13963,(#13967,#13974),.PCURVE_S1.);
#13963 = LINE('',#13964,#13965);
#13964 = CARTESIAN_POINT('',(8.819096881998,-70.46940203164,-22.));
#13965 = VECTOR('',#13966,1.);
#13966 = DIRECTION('',(-0.929277509994,-0.369382335014,
    -1.031705287861E-16));
#13967 = PCURVE('',#12288,#13968);
#13968 = DEFINITIONAL_REPRESENTATION('',(#13969),#13973);
#13969 = LINE('',#13970,#13971);
#13970 = CARTESIAN_POINT('',(5.770775527549,2.));
#13971 = VECTOR('',#13972,1.);
#13972 = DIRECTION('',(1.,0.));
#13973 = ( GEOMETRIC_REPRESENTATION_CONTEXT(2) 
PARAMETRIC_REPRESENTATION_CONTEXT() REPRESENTATION_CONTEXT('2D SPACE',''
  ) );
#13974 = PCURVE('',#12611,#13975);
#13975 = DEFINITIONAL_REPRESENTATION('',(#13976),#13980);
#13976 = LINE('',#13977,#13978);
#13977 = CARTESIAN_POINT('',(2.819096881998,-8.530597968355));
#13978 = VECTOR('',#13979,1.);
#13979 = DIRECTION('',(-0.929277509994,0.369382335014));
#13980 = ( GEOMETRIC_REPRESENTATION_CONTEXT(2) 
PARAMETRIC_REPRESENTATION_CONTEXT() REPRESENTATION_CONTEXT('2D SPACE',''
  ) );
#13981 = ORIENTED_EDGE('',*,*,#13982,.F.);
#13982 = EDGE_CURVE('',#12273,#13960,#13983,.T.);
#13983 = SURFACE_CURVE('',#13984,(#13988,#13995),.PCURVE_S1.);
#13984 = LINE('',#13985,#13986);
#13985 = CARTESIAN_POINT('',(6.,-71.5899764324,10.));
#13986 = VECTOR('',#13987,1.);
#13987 = DIRECTION('',(-1.110223024625E-16,0.,1.));
#13988 = PCURVE('',#12288,#13989);
#13989 = DEFINITIONAL_REPRESENTATION('',(#13990),#13994);
#13990 = LINE('',#13991,#13992);
#13991 = CARTESIAN_POINT('',(8.804419247193,-30.));
#13992 = VECTOR('',#13993,1.);
#13993 = DIRECTION('',(0.,-1.));
#13994 = ( GEOMETRIC_REPRESENTATION_CONTEXT(2) 
PARAMETRIC_REPRESENTATION_CONTEXT() REPRESENTATION_CONTEXT('2D SPACE',''
  ) );
#13995 = PCURVE('',#12529,#13996);
#13996 = DEFINITIONAL_REPRESENTATION('',(#13997),#14001);
#13997 = LINE('',#13998,#13999);
#13998 = CARTESIAN_POINT('',(30.,113.41002356759));
#13999 = VECTOR('',#14000,1.);
#14000 = DIRECTION('',(-1.,0.));
#14001 = ( GEOMETRIC_REPRESENTATION_CONTEXT(2) 
PARAMETRIC_REPRESENTATION_CONTEXT() REPRESENTATION_CONTEXT('2D SPACE',''
  ) );
#14002 = ADVANCED_FACE('',(#14003,#14153),#12529,.F.);
#14003 = FACE_BOUND('',#14004,.F.);
#14004 = EDGE_LOOP('',(#14005,#14006,#14029,#14052,#14080,#14103,#14131,
    #14152));
#14005 = ORIENTED_EDGE('',*,*,#13982,.T.);
#14006 = ORIENTED_EDGE('',*,*,#14007,.T.);
#14007 = EDGE_CURVE('',#13960,#14008,#14010,.T.);
#14008 = VERTEX_POINT('',#14009);
#14009 = CARTESIAN_POINT('',(6.,-61.,-22.));
#14010 = SURFACE_CURVE('',#14011,(#14015,#14022),.PCURVE_S1.);
#14011 = LINE('',#14012,#14013);
#14012 = CARTESIAN_POINT('',(6.,-79.,-22.));
#14013 = VECTOR('',#14014,1.);
#14014 = DIRECTION('',(0.,1.,0.));
#14015 = PCURVE('',#12529,#14016);
#14016 = DEFINITIONAL_REPRESENTATION('',(#14017),#14021);
#14017 = LINE('',#14018,#14019);
#14018 = CARTESIAN_POINT('',(62.,106.));
#14019 = VECTOR('',#14020,1.);
#14020 = DIRECTION('',(0.,1.));
#14021 = ( GEOMETRIC_REPRESENTATION_CONTEXT(2) 
PARAMETRIC_REPRESENTATION_CONTEXT() REPRESENTATION_CONTEXT('2D SPACE',''
  ) );
#14022 = PCURVE('',#12611,#14023);
#14023 = DEFINITIONAL_REPRESENTATION('',(#14024),#14028);
#14024 = LINE('',#14025,#14026);
#14025 = CARTESIAN_POINT('',(0.,0.));
#14026 = VECTOR('',#14027,1.);
#14027 = DIRECTION('',(0.,-1.));
#14028 = ( GEOMETRIC_REPRESENTATION_CONTEXT(2) 
PARAMETRIC_REPRESENTATION_CONTEXT() REPRESENTATION_CONTEXT('2D SPACE',''
  ) );
#14029 = ORIENTED_EDGE('',*,*,#14030,.T.);
#14030 = EDGE_CURVE('',#14008,#14031,#14033,.T.);
#14031 = VERTEX_POINT('',#14032);
#14032 = CARTESIAN_POINT('',(6.,-61.,6.));
#14033 = SURFACE_CURVE('',#14034,(#14038,#14045),.PCURVE_S1.);
#14034 = LINE('',#14035,#14036);
#14035 = CARTESIAN_POINT('',(6.,-61.,-22.));
#14036 = VECTOR('',#14037,1.);
#14037 = DIRECTION('',(-1.110223024625E-16,0.,1.));
#14038 = PCURVE('',#12529,#14039);
#14039 = DEFINITIONAL_REPRESENTATION('',(#14040),#14044);
#14040 = LINE('',#14041,#14042);
#14041 = CARTESIAN_POINT('',(62.,124.));
#14042 = VECTOR('',#14043,1.);
#14043 = DIRECTION('',(-1.,0.));
#14044 = ( GEOMETRIC_REPRESENTATION_CONTEXT(2) 
PARAMETRIC_REPRESENTATION_CONTEXT() REPRESENTATION_CONTEXT('2D SPACE',''
  ) );
#14045 = PCURVE('',#12583,#14046);
#14046 = DEFINITIONAL_REPRESENTATION('',(#14047),#14051);
#14047 = LINE('',#14048,#14049);
#14048 = CARTESIAN_POINT('',(3.330669073875E-16,29.));
#14049 = VECTOR('',#14050,1.);
#14050 = DIRECTION('',(0.,-1.));
#14051 = ( GEOMETRIC_REPRESENTATION_CONTEXT(2) 
PARAMETRIC_REPRESENTATION_CONTEXT() REPRESENTATION_CONTEXT('2D SPACE',''
  ) );
#14052 = ORIENTED_EDGE('',*,*,#14053,.F.);
#14053 = EDGE_CURVE('',#14054,#14031,#14056,.T.);
#14054 = VERTEX_POINT('',#14055);
#14055 = CARTESIAN_POINT('',(6.,-79.,6.));
#14056 = SURFACE_CURVE('',#14057,(#14061,#14068),.PCURVE_S1.);
#14057 = LINE('',#14058,#14059);
#14058 = CARTESIAN_POINT('',(6.,-89.,6.));
#14059 = VECTOR('',#14060,1.);
#14060 = DIRECTION('',(0.,1.,0.));
#14061 = PCURVE('',#12529,#14062);
#14062 = DEFINITIONAL_REPRESENTATION('',(#14063),#14067);
#14063 = LINE('',#14064,#14065);
#14064 = CARTESIAN_POINT('',(34.,96.));
#14065 = VECTOR('',#14066,1.);
#14066 = DIRECTION('',(0.,1.));
#14067 = ( GEOMETRIC_REPRESENTATION_CONTEXT(2) 
PARAMETRIC_REPRESENTATION_CONTEXT() REPRESENTATION_CONTEXT('2D SPACE',''
  ) );
#14068 = PCURVE('',#14069,#14074);
#14069 = PLANE('',#14070);
#14070 = AXIS2_PLACEMENT_3D('',#14071,#14072,#14073);
#14071 = CARTESIAN_POINT('',(5.,-99.,6.));
#14072 = DIRECTION('',(1.110223024625E-16,0.,-1.));
#14073 = DIRECTION('',(1.,0.,1.110223024625E-16));
#14074 = DEFINITIONAL_REPRESENTATION('',(#14075),#14079);
#14075 = LINE('',#14076,#14077);
#14076 = CARTESIAN_POINT('',(1.,-10.));
#14077 = VECTOR('',#14078,1.);
#14078 = DIRECTION('',(0.,-1.));
#14079 = ( GEOMETRIC_REPRESENTATION_CONTEXT(2) 
PARAMETRIC_REPRESENTATION_CONTEXT() REPRESENTATION_CONTEXT('2D SPACE',''
  ) );
#14080 = ORIENTED_EDGE('',*,*,#14081,.T.);
#14081 = EDGE_CURVE('',#14054,#14082,#14084,.T.);
#14082 = VERTEX_POINT('',#14083);
#14083 = CARTESIAN_POINT('',(6.,-79.,-22.));
#14084 = SURFACE_CURVE('',#14085,(#14089,#14096),.PCURVE_S1.);
#14085 = LINE('',#14086,#14087);
#14086 = CARTESIAN_POINT('',(6.,-79.,7.));
#14087 = VECTOR('',#14088,1.);
#14088 = DIRECTION('',(1.110223024625E-16,0.,-1.));
#14089 = PCURVE('',#12529,#14090);
#14090 = DEFINITIONAL_REPRESENTATION('',(#14091),#14095);
#14091 = LINE('',#14092,#14093);
#14092 = CARTESIAN_POINT('',(33.,106.));
#14093 = VECTOR('',#14094,1.);
#14094 = DIRECTION('',(1.,0.));
#14095 = ( GEOMETRIC_REPRESENTATION_CONTEXT(2) 
PARAMETRIC_REPRESENTATION_CONTEXT() REPRESENTATION_CONTEXT('2D SPACE',''
  ) );
#14096 = PCURVE('',#12667,#14097);
#14097 = DEFINITIONAL_REPRESENTATION('',(#14098),#14102);
#14098 = LINE('',#14099,#14100);
#14099 = CARTESIAN_POINT('',(0.,0.));
#14100 = VECTOR('',#14101,1.);
#14101 = DIRECTION('',(0.,1.));
#14102 = ( GEOMETRIC_REPRESENTATION_CONTEXT(2) 
PARAMETRIC_REPRESENTATION_CONTEXT() REPRESENTATION_CONTEXT('2D SPACE',''
  ) );
#14103 = ORIENTED_EDGE('',*,*,#14104,.T.);
#14104 = EDGE_CURVE('',#14082,#14105,#14107,.T.);
#14105 = VERTEX_POINT('',#14106);
#14106 = CARTESIAN_POINT('',(6.,-72.11945695778,-22.));
#14107 = SURFACE_CURVE('',#14108,(#14112,#14119),.PCURVE_S1.);
#14108 = LINE('',#14109,#14110);
#14109 = CARTESIAN_POINT('',(6.,-79.,-22.));
#14110 = VECTOR('',#14111,1.);
#14111 = DIRECTION('',(0.,1.,0.));
#14112 = PCURVE('',#12529,#14113);
#14113 = DEFINITIONAL_REPRESENTATION('',(#14114),#14118);
#14114 = LINE('',#14115,#14116);
#14115 = CARTESIAN_POINT('',(62.,106.));
#14116 = VECTOR('',#14117,1.);
#14117 = DIRECTION('',(0.,1.));
#14118 = ( GEOMETRIC_REPRESENTATION_CONTEXT(2) 
PARAMETRIC_REPRESENTATION_CONTEXT() REPRESENTATION_CONTEXT('2D SPACE',''
  ) );
#14119 = PCURVE('',#14120,#14125);
#14120 = PLANE('',#14121);
#14121 = AXIS2_PLACEMENT_3D('',#14122,#14123,#14124);
#14122 = CARTESIAN_POINT('',(6.,-79.,-22.));
#14123 = DIRECTION('',(1.110223024625E-16,0.,-1.));
#14124 = DIRECTION('',(1.,0.,1.110223024625E-16));
#14125 = DEFINITIONAL_REPRESENTATION('',(#14126),#14130);
#14126 = LINE('',#14127,#14128);
#14127 = CARTESIAN_POINT('',(0.,0.));
#14128 = VECTOR('',#14129,1.);
#14129 = DIRECTION('',(0.,-1.));
#14130 = ( GEOMETRIC_REPRESENTATION_CONTEXT(2) 
PARAMETRIC_REPRESENTATION_CONTEXT() REPRESENTATION_CONTEXT('2D SPACE',''
  ) );
#14131 = ORIENTED_EDGE('',*,*,#14132,.F.);
#14132 = EDGE_CURVE('',#12488,#14105,#14133,.T.);
#14133 = SURFACE_CURVE('',#14134,(#14138,#14145),.PCURVE_S1.);
#14134 = LINE('',#14135,#14136);
#14135 = CARTESIAN_POINT('',(6.,-72.11945695778,10.));
#14136 = VECTOR('',#14137,1.);
#14137 = DIRECTION('',(-1.110223024625E-16,0.,1.));
#14138 = PCURVE('',#12529,#14139);
#14139 = DEFINITIONAL_REPRESENTATION('',(#14140),#14144);
#14140 = LINE('',#14141,#14142);
#14141 = CARTESIAN_POINT('',(30.,112.88054304222));
#14142 = VECTOR('',#14143,1.);
#14143 = DIRECTION('',(-1.,0.));
#14144 = ( GEOMETRIC_REPRESENTATION_CONTEXT(2) 
PARAMETRIC_REPRESENTATION_CONTEXT() REPRESENTATION_CONTEXT('2D SPACE',''
  ) );
#14145 = PCURVE('',#12503,#14146);
#14146 = DEFINITIONAL_REPRESENTATION('',(#14147),#14151);
#14147 = LINE('',#14148,#14149);
#14148 = CARTESIAN_POINT('',(-30.,0.492034344209));
#14149 = VECTOR('',#14150,1.);
#14150 = DIRECTION('',(-1.,0.));
#14151 = ( GEOMETRIC_REPRESENTATION_CONTEXT(2) 
PARAMETRIC_REPRESENTATION_CONTEXT() REPRESENTATION_CONTEXT('2D SPACE',''
  ) );
#14152 = ORIENTED_EDGE('',*,*,#12515,.F.);
#14153 = FACE_BOUND('',#14154,.F.);
#14154 = EDGE_LOOP('',(#14155));
#14155 = ORIENTED_EDGE('',*,*,#14156,.F.);
#14156 = EDGE_CURVE('',#14157,#14157,#14159,.T.);
#14157 = VERTEX_POINT('',#14158);
#14158 = CARTESIAN_POINT('',(6.,-70.,0.3));
#14159 = SURFACE_CURVE('',#14160,(#14165,#14172),.PCURVE_S1.);
#14160 = CIRCLE('',#14161,2.7);
#14161 = AXIS2_PLACEMENT_3D('',#14162,#14163,#14164);
#14162 = CARTESIAN_POINT('',(6.,-70.,3.));
#14163 = DIRECTION('',(1.,-0.,1.110223024625E-16));
#14164 = DIRECTION('',(1.110223024625E-16,0.,-1.));
#14165 = PCURVE('',#12529,#14166);
#14166 = DEFINITIONAL_REPRESENTATION('',(#14167),#14171);
#14167 = CIRCLE('',#14168,2.7);
#14168 = AXIS2_PLACEMENT_2D('',#14169,#14170);
#14169 = CARTESIAN_POINT('',(37.,115.));
#14170 = DIRECTION('',(1.,0.));
#14171 = ( GEOMETRIC_REPRESENTATION_CONTEXT(2) 
PARAMETRIC_REPRESENTATION_CONTEXT() REPRESENTATION_CONTEXT('2D SPACE',''
  ) );
#14172 = PCURVE('',#14173,#14178);
#14173 = CYLINDRICAL_SURFACE('',#14174,2.7);
#14174 = AXIS2_PLACEMENT_3D('',#14175,#14176,#14177);
#14175 = CARTESIAN_POINT('',(6.,-70.,3.));
#14176 = DIRECTION('',(1.,0.,1.110223024625E-16));
#14177 = DIRECTION('',(1.110223024625E-16,0.,-1.));
#14178 = DEFINITIONAL_REPRESENTATION('',(#14179),#14183);
#14179 = LINE('',#14180,#14181);
#14180 = CARTESIAN_POINT('',(0.,0.));
#14181 = VECTOR('',#14182,1.);
#14182 = DIRECTION('',(1.,0.));
#14183 = ( GEOMETRIC_REPRESENTATION_CONTEXT(2) 
PARAMETRIC_REPRESENTATION_CONTEXT() REPRESENTATION_CONTEXT('2D SPACE',''
  ) );
#14184 = ADVANCED_FACE('',(#14185),#12503,.T.);
#14185 = FACE_BOUND('',#14186,.T.);
#14186 = EDGE_LOOP('',(#14187,#14210,#14211,#14212,#14235,#14258,#14279,
    #14280));
#14187 = ORIENTED_EDGE('',*,*,#14188,.T.);
#14188 = EDGE_CURVE('',#14189,#14105,#14191,.T.);
#14189 = VERTEX_POINT('',#14190);
#14190 = CARTESIAN_POINT('',(8.734975319823,-79.,-22.));
#14191 = SURFACE_CURVE('',#14192,(#14196,#14203),.PCURVE_S1.);
#14192 = LINE('',#14193,#14194);
#14193 = CARTESIAN_POINT('',(7.090028720516,-74.86170822213,-22.));
#14194 = VECTOR('',#14195,1.);
#14195 = DIRECTION('',(-0.369382335014,0.929277509994,
    -4.100967732222E-17));
#14196 = PCURVE('',#12503,#14197);
#14197 = DEFINITIONAL_REPRESENTATION('',(#14198),#14202);
#14198 = LINE('',#14199,#14200);
#14199 = CARTESIAN_POINT('',(2.,3.442984124943));
#14200 = VECTOR('',#14201,1.);
#14201 = DIRECTION('',(0.,-1.));
#14202 = ( GEOMETRIC_REPRESENTATION_CONTEXT(2) 
PARAMETRIC_REPRESENTATION_CONTEXT() REPRESENTATION_CONTEXT('2D SPACE',''
  ) );
#14203 = PCURVE('',#14120,#14204);
#14204 = DEFINITIONAL_REPRESENTATION('',(#14205),#14209);
#14205 = LINE('',#14206,#14207);
#14206 = CARTESIAN_POINT('',(1.090028720516,-4.138291777863));
#14207 = VECTOR('',#14208,1.);
#14208 = DIRECTION('',(-0.369382335014,-0.929277509994));
#14209 = ( GEOMETRIC_REPRESENTATION_CONTEXT(2) 
PARAMETRIC_REPRESENTATION_CONTEXT() REPRESENTATION_CONTEXT('2D SPACE',''
  ) );
#14210 = ORIENTED_EDGE('',*,*,#14132,.F.);
#14211 = ORIENTED_EDGE('',*,*,#12487,.T.);
#14212 = ORIENTED_EDGE('',*,*,#14213,.F.);
#14213 = EDGE_CURVE('',#14214,#12460,#14216,.T.);
#14214 = VERTEX_POINT('',#14215);
#14215 = CARTESIAN_POINT('',(26.455413394203,-123.5803792136,-22.1));
#14216 = SURFACE_CURVE('',#14217,(#14221,#14228),.PCURVE_S1.);
#14217 = LINE('',#14218,#14219);
#14218 = CARTESIAN_POINT('',(26.455413394203,-123.5803792136,-20.));
#14219 = VECTOR('',#14220,1.);
#14220 = DIRECTION('',(1.110223024625E-16,0.,-1.));
#14221 = PCURVE('',#12503,#14222);
#14222 = DEFINITIONAL_REPRESENTATION('',(#14223),#14227);
#14223 = LINE('',#14224,#14225);
#14224 = CARTESIAN_POINT('',(2.291185262534E-15,55.869380403372));
#14225 = VECTOR('',#14226,1.);
#14226 = DIRECTION('',(1.,0.));
#14227 = ( GEOMETRIC_REPRESENTATION_CONTEXT(2) 
PARAMETRIC_REPRESENTATION_CONTEXT() REPRESENTATION_CONTEXT('2D SPACE',''
  ) );
#14228 = PCURVE('',#12475,#14229);
#14229 = DEFINITIONAL_REPRESENTATION('',(#14230),#14234);
#14230 = LINE('',#14231,#14232);
#14231 = CARTESIAN_POINT('',(9.,-9.28534759075E-16));
#14232 = VECTOR('',#14233,1.);
#14233 = DIRECTION('',(0.,1.));
#14234 = ( GEOMETRIC_REPRESENTATION_CONTEXT(2) 
PARAMETRIC_REPRESENTATION_CONTEXT() REPRESENTATION_CONTEXT('2D SPACE',''
  ) );
#14235 = ORIENTED_EDGE('',*,*,#14236,.T.);
#14236 = EDGE_CURVE('',#14214,#14237,#14239,.T.);
#14237 = VERTEX_POINT('',#14238);
#14238 = CARTESIAN_POINT('',(24.142324276398,-117.7612008393,-22.1));
#14239 = SURFACE_CURVE('',#14240,(#14244,#14251),.PCURVE_S1.);
#14240 = LINE('',#14241,#14242);
#14241 = CARTESIAN_POINT('',(-7.788239043184,-37.43154898089,-22.1));
#14242 = VECTOR('',#14243,1.);
#14243 = DIRECTION('',(-0.369382335014,0.929277509994,
    -4.100967732222E-17));
#14244 = PCURVE('',#12503,#14245);
#14245 = DEFINITIONAL_REPRESENTATION('',(#14246),#14250);
#14246 = LINE('',#14247,#14248);
#14247 = CARTESIAN_POINT('',(2.1,-36.83579034093));
#14248 = VECTOR('',#14249,1.);
#14249 = DIRECTION('',(0.,-1.));
#14250 = ( GEOMETRIC_REPRESENTATION_CONTEXT(2) 
PARAMETRIC_REPRESENTATION_CONTEXT() REPRESENTATION_CONTEXT('2D SPACE',''
  ) );
#14251 = PCURVE('',#13188,#14252);
#14252 = DEFINITIONAL_REPRESENTATION('',(#14253),#14257);
#14253 = LINE('',#14254,#14255);
#14254 = CARTESIAN_POINT('',(71.548262202212,-110.5841611952));
#14255 = VECTOR('',#14256,1.);
#14256 = DIRECTION('',(0.654167260507,0.756349915899));
#14257 = ( GEOMETRIC_REPRESENTATION_CONTEXT(2) 
PARAMETRIC_REPRESENTATION_CONTEXT() REPRESENTATION_CONTEXT('2D SPACE',''
  ) );
#14258 = ORIENTED_EDGE('',*,*,#14259,.T.);
#14259 = EDGE_CURVE('',#14237,#12779,#14260,.T.);
#14260 = SURFACE_CURVE('',#14261,(#14265,#14272),.PCURVE_S1.);
#14261 = LINE('',#14262,#14263);
#14262 = CARTESIAN_POINT('',(24.142324276398,-117.7612008393,-18.45));
#14263 = VECTOR('',#14264,1.);
#14264 = DIRECTION('',(-1.110223024625E-16,0.,1.));
#14265 = PCURVE('',#12503,#14266);
#14266 = DEFINITIONAL_REPRESENTATION('',(#14267),#14271);
#14267 = LINE('',#14268,#14269);
#14268 = CARTESIAN_POINT('',(-1.55,49.607334554001));
#14269 = VECTOR('',#14270,1.);
#14270 = DIRECTION('',(-1.,0.));
#14271 = ( GEOMETRIC_REPRESENTATION_CONTEXT(2) 
PARAMETRIC_REPRESENTATION_CONTEXT() REPRESENTATION_CONTEXT('2D SPACE',''
  ) );
#14272 = PCURVE('',#12794,#14273);
#14273 = DEFINITIONAL_REPRESENTATION('',(#14274),#14278);
#14274 = LINE('',#14275,#14276);
#14275 = CARTESIAN_POINT('',(1.55,175.96541143961));
#14276 = VECTOR('',#14277,1.);
#14277 = DIRECTION('',(-1.,0.));
#14278 = ( GEOMETRIC_REPRESENTATION_CONTEXT(2) 
PARAMETRIC_REPRESENTATION_CONTEXT() REPRESENTATION_CONTEXT('2D SPACE',''
  ) );
#14279 = ORIENTED_EDGE('',*,*,#12806,.F.);
#14280 = ORIENTED_EDGE('',*,*,#14281,.F.);
#14281 = EDGE_CURVE('',#14189,#12652,#14282,.T.);
#14282 = SURFACE_CURVE('',#14283,(#14287,#14294),.PCURVE_S1.);
#14283 = LINE('',#14284,#14285);
#14284 = CARTESIAN_POINT('',(8.734975319823,-79.,-6.5));
#14285 = VECTOR('',#14286,1.);
#14286 = DIRECTION('',(-1.110223024625E-16,0.,1.));
#14287 = PCURVE('',#12503,#14288);
#14288 = DEFINITIONAL_REPRESENTATION('',(#14289),#14293);
#14289 = LINE('',#14290,#14291);
#14290 = CARTESIAN_POINT('',(-13.5,7.896219819728));
#14291 = VECTOR('',#14292,1.);
#14292 = DIRECTION('',(-1.,0.));
#14293 = ( GEOMETRIC_REPRESENTATION_CONTEXT(2) 
PARAMETRIC_REPRESENTATION_CONTEXT() REPRESENTATION_CONTEXT('2D SPACE',''
  ) );
#14294 = PCURVE('',#12667,#14295);
#14295 = DEFINITIONAL_REPRESENTATION('',(#14296),#14300);
#14296 = LINE('',#14297,#14298);
#14297 = CARTESIAN_POINT('',(2.734975319823,13.5));
#14298 = VECTOR('',#14299,1.);
#14299 = DIRECTION('',(0.,-1.));
#14300 = ( GEOMETRIC_REPRESENTATION_CONTEXT(2) 
PARAMETRIC_REPRESENTATION_CONTEXT() REPRESENTATION_CONTEXT('2D SPACE',''
  ) );
#14301 = ADVANCED_FACE('',(#14302),#12475,.T.);
#14302 = FACE_BOUND('',#14303,.T.);
#14303 = EDGE_LOOP('',(#14304,#14305,#14328,#14349));
#14304 = ORIENTED_EDGE('',*,*,#12459,.F.);
#14305 = ORIENTED_EDGE('',*,*,#14306,.F.);
#14306 = EDGE_CURVE('',#14307,#12431,#14309,.T.);
#14307 = VERTEX_POINT('',#14308);
#14308 = CARTESIAN_POINT('',(29.958782946753,-122.187810458,-22.1));
#14309 = SURFACE_CURVE('',#14310,(#14314,#14321),.PCURVE_S1.);
#14310 = LINE('',#14311,#14312);
#14311 = CARTESIAN_POINT('',(29.958782946753,-122.187810458,-3.5));
#14312 = VECTOR('',#14313,1.);
#14313 = DIRECTION('',(2.22044604925E-16,0.,-1.));
#14314 = PCURVE('',#12475,#14315);
#14315 = DEFINITIONAL_REPRESENTATION('',(#14316),#14320);
#14316 = LINE('',#14317,#14318);
#14317 = CARTESIAN_POINT('',(5.230007166993,-16.5));
#14318 = VECTOR('',#14319,1.);
#14319 = DIRECTION('',(-1.031705287861E-16,1.));
#14320 = ( GEOMETRIC_REPRESENTATION_CONTEXT(2) 
PARAMETRIC_REPRESENTATION_CONTEXT() REPRESENTATION_CONTEXT('2D SPACE',''
  ) );
#14321 = PCURVE('',#12447,#14322);
#14322 = DEFINITIONAL_REPRESENTATION('',(#14323),#14327);
#14323 = LINE('',#14324,#14325);
#14324 = CARTESIAN_POINT('',(5.128412490595,1.389933524331E-16));
#14325 = VECTOR('',#14326,1.);
#14326 = DIRECTION('',(0.,1.));
#14327 = ( GEOMETRIC_REPRESENTATION_CONTEXT(2) 
PARAMETRIC_REPRESENTATION_CONTEXT() REPRESENTATION_CONTEXT('2D SPACE',''
  ) );
#14328 = ORIENTED_EDGE('',*,*,#14329,.T.);
#14329 = EDGE_CURVE('',#14307,#14214,#14330,.T.);
#14330 = SURFACE_CURVE('',#14331,(#14335,#14342),.PCURVE_S1.);
#14331 = LINE('',#14332,#14333);
#14332 = CARTESIAN_POINT('',(89.393548415463,-98.56284136782,-22.1));
#14333 = VECTOR('',#14334,1.);
#14334 = DIRECTION('',(-0.929277509994,-0.369382335014,
    -1.031705287861E-16));
#14335 = PCURVE('',#12475,#14336);
#14336 = DEFINITIONAL_REPRESENTATION('',(#14337),#14341);
#14337 = LINE('',#14338,#14339);
#14338 = CARTESIAN_POINT('',(-58.72802994199,2.1));
#14339 = VECTOR('',#14340,1.);
#14340 = DIRECTION('',(1.,0.));
#14341 = ( GEOMETRIC_REPRESENTATION_CONTEXT(2) 
PARAMETRIC_REPRESENTATION_CONTEXT() REPRESENTATION_CONTEXT('2D SPACE',''
  ) );
#14342 = PCURVE('',#13188,#14343);
#14343 = DEFINITIONAL_REPRESENTATION('',(#14344),#14348);
#14344 = LINE('',#14345,#14346);
#14345 = CARTESIAN_POINT('',(-40.32251512908,-136.3962494844));
#14346 = VECTOR('',#14347,1.);
#14347 = DIRECTION('',(0.756349915899,-0.654167260507));
#14348 = ( GEOMETRIC_REPRESENTATION_CONTEXT(2) 
PARAMETRIC_REPRESENTATION_CONTEXT() REPRESENTATION_CONTEXT('2D SPACE',''
  ) );
#14349 = ORIENTED_EDGE('',*,*,#14213,.T.);
#14350 = ADVANCED_FACE('',(#14351),#12447,.F.);
#14351 = FACE_BOUND('',#14352,.F.);
#14352 = EDGE_LOOP('',(#14353,#14379,#14400,#14401,#14402,#14426,#14450,
    #14473));
#14353 = ORIENTED_EDGE('',*,*,#14354,.T.);
#14354 = EDGE_CURVE('',#14355,#14357,#14359,.T.);
#14355 = VERTEX_POINT('',#14356);
#14356 = CARTESIAN_POINT('',(30.472906792509,-122.3904088143,-16.9));
#14357 = VERTEX_POINT('',#14358);
#14358 = CARTESIAN_POINT('',(26.284263908702,-113.7338886372,-16.9));
#14359 = SURFACE_CURVE('',#14360,(#14365,#14372),.PCURVE_S1.);
#14360 = CIRCLE('',#14361,6.8);
#14361 = AXIS2_PLACEMENT_3D('',#14362,#14363,#14364);
#14362 = CARTESIAN_POINT('',(32.706842126304,-115.9678288868,-16.9));
#14363 = DIRECTION('',(2.22044604925E-16,0.,-1.));
#14364 = DIRECTION('',(-1.,0.,-2.22044604925E-16));
#14365 = PCURVE('',#12447,#14366);
#14366 = DEFINITIONAL_REPRESENTATION('',(#14367),#14371);
#14367 = LINE('',#14368,#14369);
#14368 = CARTESIAN_POINT('',(0.,13.4));
#14369 = VECTOR('',#14370,1.);
#14370 = DIRECTION('',(1.,0.));
#14371 = ( GEOMETRIC_REPRESENTATION_CONTEXT(2) 
PARAMETRIC_REPRESENTATION_CONTEXT() REPRESENTATION_CONTEXT('2D SPACE',''
  ) );
#14372 = PCURVE('',#13107,#14373);
#14373 = DEFINITIONAL_REPRESENTATION('',(#14374),#14378);
#14374 = CIRCLE('',#14375,6.8);
#14375 = AXIS2_PLACEMENT_2D('',#14376,#14377);
#14376 = CARTESIAN_POINT('',(7.5,-171.4579566188));
#14377 = DIRECTION('',(0.944496796706,-0.328520624941));
#14378 = ( GEOMETRIC_REPRESENTATION_CONTEXT(2) 
PARAMETRIC_REPRESENTATION_CONTEXT() REPRESENTATION_CONTEXT('2D SPACE',''
  ) );
#14379 = ORIENTED_EDGE('',*,*,#14380,.T.);
#14380 = EDGE_CURVE('',#14357,#12403,#14381,.T.);
#14381 = SURFACE_CURVE('',#14382,(#14386,#14393),.PCURVE_S1.);
#14382 = LINE('',#14383,#14384);
#14383 = CARTESIAN_POINT('',(26.284263908702,-113.7338886372,-3.5));
#14384 = VECTOR('',#14385,1.);
#14385 = DIRECTION('',(1.110223024625E-16,0.,-1.));
#14386 = PCURVE('',#12447,#14387);
#14387 = DEFINITIONAL_REPRESENTATION('',(#14388),#14392);
#14388 = LINE('',#14389,#14390);
#14389 = CARTESIAN_POINT('',(6.617922144496,-7.130494214638E-16));
#14390 = VECTOR('',#14391,1.);
#14391 = DIRECTION('',(0.,1.));
#14392 = ( GEOMETRIC_REPRESENTATION_CONTEXT(2) 
PARAMETRIC_REPRESENTATION_CONTEXT() REPRESENTATION_CONTEXT('2D SPACE',''
  ) );
#14393 = PCURVE('',#12418,#14394);
#14394 = DEFINITIONAL_REPRESENTATION('',(#14395),#14399);
#14395 = LINE('',#14396,#14397);
#14396 = CARTESIAN_POINT('',(-6.060298457221E-15,166.15795661885));
#14397 = VECTOR('',#14398,1.);
#14398 = DIRECTION('',(1.,0.));
#14399 = ( GEOMETRIC_REPRESENTATION_CONTEXT(2) 
PARAMETRIC_REPRESENTATION_CONTEXT() REPRESENTATION_CONTEXT('2D SPACE',''
  ) );
#14400 = ORIENTED_EDGE('',*,*,#12430,.F.);
#14401 = ORIENTED_EDGE('',*,*,#14306,.F.);
#14402 = ORIENTED_EDGE('',*,*,#14403,.F.);
#14403 = EDGE_CURVE('',#14404,#14307,#14406,.T.);
#14404 = VERTEX_POINT('',#14405);
#14405 = CARTESIAN_POINT('',(30.472906794887,-122.3904088151,-22.1));
#14406 = SURFACE_CURVE('',#14407,(#14412,#14419),.PCURVE_S1.);
#14407 = CIRCLE('',#14408,6.8);
#14408 = AXIS2_PLACEMENT_3D('',#14409,#14410,#14411);
#14409 = CARTESIAN_POINT('',(32.706842126304,-115.9678288868,-22.1));
#14410 = DIRECTION('',(2.22044604925E-16,0.,-1.));
#14411 = DIRECTION('',(-1.,0.,-2.22044604925E-16));
#14412 = PCURVE('',#12447,#14413);
#14413 = DEFINITIONAL_REPRESENTATION('',(#14414),#14418);
#14414 = LINE('',#14415,#14416);
#14415 = CARTESIAN_POINT('',(0.,18.6));
#14416 = VECTOR('',#14417,1.);
#14417 = DIRECTION('',(1.,0.));
#14418 = ( GEOMETRIC_REPRESENTATION_CONTEXT(2) 
PARAMETRIC_REPRESENTATION_CONTEXT() REPRESENTATION_CONTEXT('2D SPACE',''
  ) );
#14419 = PCURVE('',#13188,#14420);
#14420 = DEFINITIONAL_REPRESENTATION('',(#14421),#14425);
#14421 = CIRCLE('',#14422,6.8);
#14422 = AXIS2_PLACEMENT_2D('',#14423,#14424);
#14423 = CARTESIAN_POINT('',(7.5,-171.4579566188));
#14424 = DIRECTION('',(0.944496796706,-0.328520624941));
#14425 = ( GEOMETRIC_REPRESENTATION_CONTEXT(2) 
PARAMETRIC_REPRESENTATION_CONTEXT() REPRESENTATION_CONTEXT('2D SPACE',''
  ) );
#14426 = ORIENTED_EDGE('',*,*,#14427,.F.);
#14427 = EDGE_CURVE('',#14428,#14404,#14430,.T.);
#14428 = VERTEX_POINT('',#14429);
#14429 = CARTESIAN_POINT('',(39.129420343906,-118.2017691364,-22.1));
#14430 = SURFACE_CURVE('',#14431,(#14436,#14443),.PCURVE_S1.);
#14431 = CIRCLE('',#14432,6.8);
#14432 = AXIS2_PLACEMENT_3D('',#14433,#14434,#14435);
#14433 = CARTESIAN_POINT('',(32.706842126304,-115.9678288868,-22.1));
#14434 = DIRECTION('',(2.22044604925E-16,0.,-1.));
#14435 = DIRECTION('',(-1.,0.,-2.22044604925E-16));
#14436 = PCURVE('',#12447,#14437);
#14437 = DEFINITIONAL_REPRESENTATION('',(#14438),#14442);
#14438 = LINE('',#14439,#14440);
#14439 = CARTESIAN_POINT('',(0.,18.6));
#14440 = VECTOR('',#14441,1.);
#14441 = DIRECTION('',(1.,0.));
#14442 = ( GEOMETRIC_REPRESENTATION_CONTEXT(2) 
PARAMETRIC_REPRESENTATION_CONTEXT() REPRESENTATION_CONTEXT('2D SPACE',''
  ) );
#14443 = PCURVE('',#13188,#14444);
#14444 = DEFINITIONAL_REPRESENTATION('',(#14445),#14449);
#14445 = CIRCLE('',#14446,6.8);
#14446 = AXIS2_PLACEMENT_2D('',#14447,#14448);
#14447 = CARTESIAN_POINT('',(7.5,-171.4579566188));
#14448 = DIRECTION('',(0.944496796706,-0.328520624941));
#14449 = ( GEOMETRIC_REPRESENTATION_CONTEXT(2) 
PARAMETRIC_REPRESENTATION_CONTEXT() REPRESENTATION_CONTEXT('2D SPACE',''
  ) );
#14450 = ORIENTED_EDGE('',*,*,#14451,.F.);
#14451 = EDGE_CURVE('',#14452,#14428,#14454,.T.);
#14452 = VERTEX_POINT('',#14453);
#14453 = CARTESIAN_POINT('',(39.129420343906,-118.2017691364,-16.9));
#14454 = SURFACE_CURVE('',#14455,(#14459,#14466),.PCURVE_S1.);
#14455 = LINE('',#14456,#14457);
#14456 = CARTESIAN_POINT('',(39.129420343906,-118.2017691364,-3.5));
#14457 = VECTOR('',#14458,1.);
#14458 = DIRECTION('',(1.110223024625E-16,0.,-1.));
#14459 = PCURVE('',#12447,#14460);
#14460 = DEFINITIONAL_REPRESENTATION('',(#14461),#14465);
#14461 = LINE('',#14462,#14463);
#14462 = CARTESIAN_POINT('',(3.476329490907,7.130494214638E-16));
#14463 = VECTOR('',#14464,1.);
#14464 = DIRECTION('',(0.,1.));
#14465 = ( GEOMETRIC_REPRESENTATION_CONTEXT(2) 
PARAMETRIC_REPRESENTATION_CONTEXT() REPRESENTATION_CONTEXT('2D SPACE',''
  ) );
#14466 = PCURVE('',#13159,#14467);
#14467 = DEFINITIONAL_REPRESENTATION('',(#14468),#14472);
#14468 = LINE('',#14469,#14470);
#14469 = CARTESIAN_POINT('',(1.04512890038E-15,166.15795661885));
#14470 = VECTOR('',#14471,1.);
#14471 = DIRECTION('',(1.,0.));
#14472 = ( GEOMETRIC_REPRESENTATION_CONTEXT(2) 
PARAMETRIC_REPRESENTATION_CONTEXT() REPRESENTATION_CONTEXT('2D SPACE',''
  ) );
#14473 = ORIENTED_EDGE('',*,*,#14474,.T.);
#14474 = EDGE_CURVE('',#14452,#14355,#14475,.T.);
#14475 = SURFACE_CURVE('',#14476,(#14481,#14488),.PCURVE_S1.);
#14476 = CIRCLE('',#14477,6.8);
#14477 = AXIS2_PLACEMENT_3D('',#14478,#14479,#14480);
#14478 = CARTESIAN_POINT('',(32.706842126304,-115.9678288868,-16.9));
#14479 = DIRECTION('',(2.22044604925E-16,0.,-1.));
#14480 = DIRECTION('',(-1.,0.,-2.22044604925E-16));
#14481 = PCURVE('',#12447,#14482);
#14482 = DEFINITIONAL_REPRESENTATION('',(#14483),#14487);
#14483 = LINE('',#14484,#14485);
#14484 = CARTESIAN_POINT('',(0.,13.4));
#14485 = VECTOR('',#14486,1.);
#14486 = DIRECTION('',(1.,0.));
#14487 = ( GEOMETRIC_REPRESENTATION_CONTEXT(2) 
PARAMETRIC_REPRESENTATION_CONTEXT() REPRESENTATION_CONTEXT('2D SPACE',''
  ) );
#14488 = PCURVE('',#13107,#14489);
#14489 = DEFINITIONAL_REPRESENTATION('',(#14490),#14494);
#14490 = CIRCLE('',#14491,6.8);
#14491 = AXIS2_PLACEMENT_2D('',#14492,#14493);
#14492 = CARTESIAN_POINT('',(7.5,-171.4579566188));
#14493 = DIRECTION('',(0.944496796706,-0.328520624941));
#14494 = ( GEOMETRIC_REPRESENTATION_CONTEXT(2) 
PARAMETRIC_REPRESENTATION_CONTEXT() REPRESENTATION_CONTEXT('2D SPACE',''
  ) );
#14495 = ADVANCED_FACE('',(#14496),#12418,.F.);
#14496 = FACE_BOUND('',#14497,.F.);
#14497 = EDGE_LOOP('',(#14498,#14499,#14520,#14521,#14544,#14565));
#14498 = ORIENTED_EDGE('',*,*,#14380,.F.);
#14499 = ORIENTED_EDGE('',*,*,#14500,.T.);
#14500 = EDGE_CURVE('',#14357,#13068,#14501,.T.);
#14501 = SURFACE_CURVE('',#14502,(#14506,#14513),.PCURVE_S1.);
#14502 = LINE('',#14503,#14504);
#14503 = CARTESIAN_POINT('',(81.741159312189,45.704685647749,-16.9));
#14504 = VECTOR('',#14505,1.);
#14505 = DIRECTION('',(0.328520624941,0.944496796706,3.64731161874E-17)
  );
#14506 = PCURVE('',#12418,#14507);
#14507 = DEFINITIONAL_REPRESENTATION('',(#14508),#14512);
#14508 = LINE('',#14509,#14510);
#14509 = CARTESIAN_POINT('',(13.4,-2.65));
#14510 = VECTOR('',#14511,1.);
#14511 = DIRECTION('',(0.,-1.));
#14512 = ( GEOMETRIC_REPRESENTATION_CONTEXT(2) 
PARAMETRIC_REPRESENTATION_CONTEXT() REPRESENTATION_CONTEXT('2D SPACE',''
  ) );
#14513 = PCURVE('',#13107,#14514);
#14514 = DEFINITIONAL_REPRESENTATION('',(#14515),#14519);
#14515 = LINE('',#14516,#14517);
#14516 = CARTESIAN_POINT('',(14.3,-2.65));
#14517 = VECTOR('',#14518,1.);
#14518 = DIRECTION('',(7.965226789662E-18,1.));
#14519 = ( GEOMETRIC_REPRESENTATION_CONTEXT(2) 
PARAMETRIC_REPRESENTATION_CONTEXT() REPRESENTATION_CONTEXT('2D SPACE',''
  ) );
#14520 = ORIENTED_EDGE('',*,*,#13067,.T.);
#14521 = ORIENTED_EDGE('',*,*,#14522,.F.);
#14522 = EDGE_CURVE('',#14523,#13044,#14525,.T.);
#14523 = VERTEX_POINT('',#14524);
#14524 = CARTESIAN_POINT('',(29.057356643637,-105.7612470243,-22.1));
#14525 = SURFACE_CURVE('',#14526,(#14530,#14537),.PCURVE_S1.);
#14526 = LINE('',#14527,#14528);
#14527 = CARTESIAN_POINT('',(81.741159312189,45.704685647749,-22.1));
#14528 = VECTOR('',#14529,1.);
#14529 = DIRECTION('',(0.328520624941,0.944496796706,3.64731161874E-17)
  );
#14530 = PCURVE('',#12418,#14531);
#14531 = DEFINITIONAL_REPRESENTATION('',(#14532),#14536);
#14532 = LINE('',#14533,#14534);
#14533 = CARTESIAN_POINT('',(18.6,-2.65));
#14534 = VECTOR('',#14535,1.);
#14535 = DIRECTION('',(0.,-1.));
#14536 = ( GEOMETRIC_REPRESENTATION_CONTEXT(2) 
PARAMETRIC_REPRESENTATION_CONTEXT() REPRESENTATION_CONTEXT('2D SPACE',''
  ) );
#14537 = PCURVE('',#13007,#14538);
#14538 = DEFINITIONAL_REPRESENTATION('',(#14539),#14543);
#14539 = LINE('',#14540,#14541);
#14540 = CARTESIAN_POINT('',(14.3,-2.65));
#14541 = VECTOR('',#14542,1.);
#14542 = DIRECTION('',(7.965226789662E-18,1.));
#14543 = ( GEOMETRIC_REPRESENTATION_CONTEXT(2) 
PARAMETRIC_REPRESENTATION_CONTEXT() REPRESENTATION_CONTEXT('2D SPACE',''
  ) );
#14544 = ORIENTED_EDGE('',*,*,#14545,.T.);
#14545 = EDGE_CURVE('',#14523,#12375,#14546,.T.);
#14546 = SURFACE_CURVE('',#14547,(#14551,#14558),.PCURVE_S1.);
#14547 = LINE('',#14548,#14549);
#14548 = CARTESIAN_POINT('',(29.057356643637,-105.7612470243,-11.75));
#14549 = VECTOR('',#14550,1.);
#14550 = DIRECTION('',(1.110223024625E-16,0.,-1.));
#14551 = PCURVE('',#12418,#14552);
#14552 = DEFINITIONAL_REPRESENTATION('',(#14553),#14557);
#14553 = LINE('',#14554,#14555);
#14554 = CARTESIAN_POINT('',(8.25,157.71680399585));
#14555 = VECTOR('',#14556,1.);
#14556 = DIRECTION('',(1.,0.));
#14557 = ( GEOMETRIC_REPRESENTATION_CONTEXT(2) 
PARAMETRIC_REPRESENTATION_CONTEXT() REPRESENTATION_CONTEXT('2D SPACE',''
  ) );
#14558 = PCURVE('',#12390,#14559);
#14559 = DEFINITIONAL_REPRESENTATION('',(#14560),#14564);
#14560 = LINE('',#14561,#14562);
#14561 = CARTESIAN_POINT('',(-8.25,40.271573485258));
#14562 = VECTOR('',#14563,1.);
#14563 = DIRECTION('',(1.,0.));
#14564 = ( GEOMETRIC_REPRESENTATION_CONTEXT(2) 
PARAMETRIC_REPRESENTATION_CONTEXT() REPRESENTATION_CONTEXT('2D SPACE',''
  ) );
#14565 = ORIENTED_EDGE('',*,*,#12402,.F.);
#14566 = ADVANCED_FACE('',(#14567),#12390,.F.);
#14567 = FACE_BOUND('',#14568,.F.);
#14568 = EDGE_LOOP('',(#14569,#14570,#14571,#14572,#14573,#14596));
#14569 = ORIENTED_EDGE('',*,*,#12755,.F.);
#14570 = ORIENTED_EDGE('',*,*,#13907,.T.);
#14571 = ORIENTED_EDGE('',*,*,#12374,.T.);
#14572 = ORIENTED_EDGE('',*,*,#14545,.F.);
#14573 = ORIENTED_EDGE('',*,*,#14574,.T.);
#14574 = EDGE_CURVE('',#14523,#14575,#14577,.T.);
#14575 = VERTEX_POINT('',#14576);
#14576 = CARTESIAN_POINT('',(28.662094376446,-104.7668618016,-22.1));
#14577 = SURFACE_CURVE('',#14578,(#14582,#14589),.PCURVE_S1.);
#14578 = LINE('',#14579,#14580);
#14579 = CARTESIAN_POINT('',(0.575258546758,-34.10710796577,-22.1));
#14580 = VECTOR('',#14581,1.);
#14581 = DIRECTION('',(-0.369382335014,0.929277509994,
    -4.100967732222E-17));
#14582 = PCURVE('',#12390,#14583);
#14583 = DEFINITIONAL_REPRESENTATION('',(#14584),#14588);
#14584 = LINE('',#14585,#14586);
#14585 = CARTESIAN_POINT('',(2.1,-36.83579034093));
#14586 = VECTOR('',#14587,1.);
#14587 = DIRECTION('',(0.,-1.));
#14588 = ( GEOMETRIC_REPRESENTATION_CONTEXT(2) 
PARAMETRIC_REPRESENTATION_CONTEXT() REPRESENTATION_CONTEXT('2D SPACE',''
  ) );
#14589 = PCURVE('',#13007,#14590);
#14590 = DEFINITIONAL_REPRESENTATION('',(#14591),#14595);
#14591 = LINE('',#14592,#14593);
#14592 = CARTESIAN_POINT('',(64.741112959121,-104.6966558507));
#14593 = VECTOR('',#14594,1.);
#14594 = DIRECTION('',(0.654167260507,0.756349915899));
#14595 = ( GEOMETRIC_REPRESENTATION_CONTEXT(2) 
PARAMETRIC_REPRESENTATION_CONTEXT() REPRESENTATION_CONTEXT('2D SPACE',''
  ) );
#14596 = ORIENTED_EDGE('',*,*,#14597,.T.);
#14597 = EDGE_CURVE('',#14575,#12756,#14598,.T.);
#14598 = SURFACE_CURVE('',#14599,(#14603,#14610),.PCURVE_S1.);
#14599 = LINE('',#14600,#14601);
#14600 = CARTESIAN_POINT('',(28.662094376446,-104.7668618016,-18.45));
#14601 = VECTOR('',#14602,1.);
#14602 = DIRECTION('',(-1.110223024625E-16,0.,1.));
#14603 = PCURVE('',#12390,#14604);
#14604 = DEFINITIONAL_REPRESENTATION('',(#14605),#14609);
#14605 = LINE('',#14606,#14607);
#14606 = CARTESIAN_POINT('',(-1.55,39.201510762374));
#14607 = VECTOR('',#14608,1.);
#14608 = DIRECTION('',(-1.,0.));
#14609 = ( GEOMETRIC_REPRESENTATION_CONTEXT(2) 
PARAMETRIC_REPRESENTATION_CONTEXT() REPRESENTATION_CONTEXT('2D SPACE',''
  ) );
#14610 = PCURVE('',#12794,#14611);
#14611 = DEFINITIONAL_REPRESENTATION('',(#14612),#14616);
#14612 = LINE('',#14613,#14614);
#14613 = CARTESIAN_POINT('',(1.55,162.20746214539));
#14614 = VECTOR('',#14615,1.);
#14615 = DIRECTION('',(-1.,0.));
#14616 = ( GEOMETRIC_REPRESENTATION_CONTEXT(2) 
PARAMETRIC_REPRESENTATION_CONTEXT() REPRESENTATION_CONTEXT('2D SPACE',''
  ) );
#14617 = ADVANCED_FACE('',(#14618),#12316,.F.);
#14618 = FACE_BOUND('',#14619,.F.);
#14619 = EDGE_LOOP('',(#14620,#14621,#14642,#14643));
#14620 = ORIENTED_EDGE('',*,*,#12623,.F.);
#14621 = ORIENTED_EDGE('',*,*,#14622,.T.);
#14622 = EDGE_CURVE('',#12596,#13937,#14623,.T.);
#14623 = SURFACE_CURVE('',#14624,(#14628,#14635),.PCURVE_S1.);
#14624 = LINE('',#14625,#14626);
#14625 = CARTESIAN_POINT('',(8.923392925344,-69.24812583028,-22.));
#14626 = VECTOR('',#14627,1.);
#14627 = DIRECTION('',(0.81985779367,-0.572567199687,9.102249994513E-17)
  );
#14628 = PCURVE('',#12316,#14629);
#14629 = DEFINITIONAL_REPRESENTATION('',(#14630),#14634);
#14630 = LINE('',#14631,#14632);
#14631 = CARTESIAN_POINT('',(3.186836811252,2.));
#14632 = VECTOR('',#14633,1.);
#14633 = DIRECTION('',(1.,0.));
#14634 = ( GEOMETRIC_REPRESENTATION_CONTEXT(2) 
PARAMETRIC_REPRESENTATION_CONTEXT() REPRESENTATION_CONTEXT('2D SPACE',''
  ) );
#14635 = PCURVE('',#12611,#14636);
#14636 = DEFINITIONAL_REPRESENTATION('',(#14637),#14641);
#14637 = LINE('',#14638,#14639);
#14638 = CARTESIAN_POINT('',(2.923392925344,-9.751874169714));
#14639 = VECTOR('',#14640,1.);
#14640 = DIRECTION('',(0.81985779367,0.572567199687));
#14641 = ( GEOMETRIC_REPRESENTATION_CONTEXT(2) 
PARAMETRIC_REPRESENTATION_CONTEXT() REPRESENTATION_CONTEXT('2D SPACE',''
  ) );
#14642 = ORIENTED_EDGE('',*,*,#13936,.T.);
#14643 = ORIENTED_EDGE('',*,*,#12300,.F.);
#14644 = ADVANCED_FACE('',(#14645),#12611,.T.);
#14645 = FACE_BOUND('',#14646,.T.);
#14646 = EDGE_LOOP('',(#14647,#14648,#14649,#14650,#14671));
#14647 = ORIENTED_EDGE('',*,*,#14622,.T.);
#14648 = ORIENTED_EDGE('',*,*,#13959,.T.);
#14649 = ORIENTED_EDGE('',*,*,#14007,.T.);
#14650 = ORIENTED_EDGE('',*,*,#14651,.T.);
#14651 = EDGE_CURVE('',#14008,#12568,#14652,.T.);
#14652 = SURFACE_CURVE('',#14653,(#14657,#14664),.PCURVE_S1.);
#14653 = LINE('',#14654,#14655);
#14654 = CARTESIAN_POINT('',(6.,-61.,-22.));
#14655 = VECTOR('',#14656,1.);
#14656 = DIRECTION('',(1.,0.,1.110223024625E-16));
#14657 = PCURVE('',#12611,#14658);
#14658 = DEFINITIONAL_REPRESENTATION('',(#14659),#14663);
#14659 = LINE('',#14660,#14661);
#14660 = CARTESIAN_POINT('',(0.,-18.));
#14661 = VECTOR('',#14662,1.);
#14662 = DIRECTION('',(1.,0.));
#14663 = ( GEOMETRIC_REPRESENTATION_CONTEXT(2) 
PARAMETRIC_REPRESENTATION_CONTEXT() REPRESENTATION_CONTEXT('2D SPACE',''
  ) );
#14664 = PCURVE('',#12583,#14665);
#14665 = DEFINITIONAL_REPRESENTATION('',(#14666),#14670);
#14666 = LINE('',#14667,#14668);
#14667 = CARTESIAN_POINT('',(-5.551115123126E-16,29.));
#14668 = VECTOR('',#14669,1.);
#14669 = DIRECTION('',(1.,0.));
#14670 = ( GEOMETRIC_REPRESENTATION_CONTEXT(2) 
PARAMETRIC_REPRESENTATION_CONTEXT() REPRESENTATION_CONTEXT('2D SPACE',''
  ) );
#14671 = ORIENTED_EDGE('',*,*,#12595,.T.);
#14672 = ADVANCED_FACE('',(#14673),#12583,.T.);
#14673 = FACE_BOUND('',#14674,.T.);
#14674 = EDGE_LOOP('',(#14675,#14698,#14719,#14720,#14721,#14722));
#14675 = ORIENTED_EDGE('',*,*,#14676,.F.);
#14676 = EDGE_CURVE('',#14677,#14031,#14679,.T.);
#14677 = VERTEX_POINT('',#14678);
#14678 = CARTESIAN_POINT('',(14.,-61.,6.));
#14679 = SURFACE_CURVE('',#14680,(#14684,#14691),.PCURVE_S1.);
#14680 = LINE('',#14681,#14682);
#14681 = CARTESIAN_POINT('',(5.5,-61.,6.));
#14682 = VECTOR('',#14683,1.);
#14683 = DIRECTION('',(-1.,0.,-1.110223024625E-16));
#14684 = PCURVE('',#12583,#14685);
#14685 = DEFINITIONAL_REPRESENTATION('',(#14686),#14690);
#14686 = LINE('',#14687,#14688);
#14687 = CARTESIAN_POINT('',(-0.5,1.));
#14688 = VECTOR('',#14689,1.);
#14689 = DIRECTION('',(-1.,0.));
#14690 = ( GEOMETRIC_REPRESENTATION_CONTEXT(2) 
PARAMETRIC_REPRESENTATION_CONTEXT() REPRESENTATION_CONTEXT('2D SPACE',''
  ) );
#14691 = PCURVE('',#14069,#14692);
#14692 = DEFINITIONAL_REPRESENTATION('',(#14693),#14697);
#14693 = LINE('',#14694,#14695);
#14694 = CARTESIAN_POINT('',(0.5,-38.));
#14695 = VECTOR('',#14696,1.);
#14696 = DIRECTION('',(-1.,-0.));
#14697 = ( GEOMETRIC_REPRESENTATION_CONTEXT(2) 
PARAMETRIC_REPRESENTATION_CONTEXT() REPRESENTATION_CONTEXT('2D SPACE',''
  ) );
#14698 = ORIENTED_EDGE('',*,*,#14699,.F.);
#14699 = EDGE_CURVE('',#12680,#14677,#14700,.T.);
#14700 = SURFACE_CURVE('',#14701,(#14705,#14712),.PCURVE_S1.);
#14701 = LINE('',#14702,#14703);
#14702 = CARTESIAN_POINT('',(14.,-61.,-22.));
#14703 = VECTOR('',#14704,1.);
#14704 = DIRECTION('',(-1.110223024625E-16,0.,1.));
#14705 = PCURVE('',#12583,#14706);
#14706 = DEFINITIONAL_REPRESENTATION('',(#14707),#14711);
#14707 = LINE('',#14708,#14709);
#14708 = CARTESIAN_POINT('',(8.,29.));
#14709 = VECTOR('',#14710,1.);
#14710 = DIRECTION('',(0.,-1.));
#14711 = ( GEOMETRIC_REPRESENTATION_CONTEXT(2) 
PARAMETRIC_REPRESENTATION_CONTEXT() REPRESENTATION_CONTEXT('2D SPACE',''
  ) );
#14712 = PCURVE('',#12695,#14713);
#14713 = DEFINITIONAL_REPRESENTATION('',(#14714),#14718);
#14714 = LINE('',#14715,#14716);
#14715 = CARTESIAN_POINT('',(29.,18.));
#14716 = VECTOR('',#14717,1.);
#14717 = DIRECTION('',(-1.,0.));
#14718 = ( GEOMETRIC_REPRESENTATION_CONTEXT(2) 
PARAMETRIC_REPRESENTATION_CONTEXT() REPRESENTATION_CONTEXT('2D SPACE',''
  ) );
#14719 = ORIENTED_EDGE('',*,*,#12707,.T.);
#14720 = ORIENTED_EDGE('',*,*,#12567,.T.);
#14721 = ORIENTED_EDGE('',*,*,#14651,.F.);
#14722 = ORIENTED_EDGE('',*,*,#14030,.T.);
#14723 = ADVANCED_FACE('',(#14724),#12667,.F.);
#14724 = FACE_BOUND('',#14725,.F.);
#14725 = EDGE_LOOP('',(#14726,#14727,#14750,#14771,#14772,#14773));
#14726 = ORIENTED_EDGE('',*,*,#14081,.F.);
#14727 = ORIENTED_EDGE('',*,*,#14728,.F.);
#14728 = EDGE_CURVE('',#14729,#14054,#14731,.T.);
#14729 = VERTEX_POINT('',#14730);
#14730 = CARTESIAN_POINT('',(14.,-79.,6.));
#14731 = SURFACE_CURVE('',#14732,(#14736,#14743),.PCURVE_S1.);
#14732 = LINE('',#14733,#14734);
#14733 = CARTESIAN_POINT('',(5.5,-79.,6.));
#14734 = VECTOR('',#14735,1.);
#14735 = DIRECTION('',(-1.,0.,-1.110223024625E-16));
#14736 = PCURVE('',#12667,#14737);
#14737 = DEFINITIONAL_REPRESENTATION('',(#14738),#14742);
#14738 = LINE('',#14739,#14740);
#14739 = CARTESIAN_POINT('',(-0.5,1.));
#14740 = VECTOR('',#14741,1.);
#14741 = DIRECTION('',(-1.,0.));
#14742 = ( GEOMETRIC_REPRESENTATION_CONTEXT(2) 
PARAMETRIC_REPRESENTATION_CONTEXT() REPRESENTATION_CONTEXT('2D SPACE',''
  ) );
#14743 = PCURVE('',#14069,#14744);
#14744 = DEFINITIONAL_REPRESENTATION('',(#14745),#14749);
#14745 = LINE('',#14746,#14747);
#14746 = CARTESIAN_POINT('',(0.5,-20.));
#14747 = VECTOR('',#14748,1.);
#14748 = DIRECTION('',(-1.,-0.));
#14749 = ( GEOMETRIC_REPRESENTATION_CONTEXT(2) 
PARAMETRIC_REPRESENTATION_CONTEXT() REPRESENTATION_CONTEXT('2D SPACE',''
  ) );
#14750 = ORIENTED_EDGE('',*,*,#14751,.F.);
#14751 = EDGE_CURVE('',#12650,#14729,#14752,.T.);
#14752 = SURFACE_CURVE('',#14753,(#14757,#14764),.PCURVE_S1.);
#14753 = LINE('',#14754,#14755);
#14754 = CARTESIAN_POINT('',(14.,-79.,-22.));
#14755 = VECTOR('',#14756,1.);
#14756 = DIRECTION('',(-1.110223024625E-16,0.,1.));
#14757 = PCURVE('',#12667,#14758);
#14758 = DEFINITIONAL_REPRESENTATION('',(#14759),#14763);
#14759 = LINE('',#14760,#14761);
#14760 = CARTESIAN_POINT('',(8.,29.));
#14761 = VECTOR('',#14762,1.);
#14762 = DIRECTION('',(0.,-1.));
#14763 = ( GEOMETRIC_REPRESENTATION_CONTEXT(2) 
PARAMETRIC_REPRESENTATION_CONTEXT() REPRESENTATION_CONTEXT('2D SPACE',''
  ) );
#14764 = PCURVE('',#12695,#14765);
#14765 = DEFINITIONAL_REPRESENTATION('',(#14766),#14770);
#14766 = LINE('',#14767,#14768);
#14767 = CARTESIAN_POINT('',(29.,0.));
#14768 = VECTOR('',#14769,1.);
#14769 = DIRECTION('',(-1.,0.));
#14770 = ( GEOMETRIC_REPRESENTATION_CONTEXT(2) 
PARAMETRIC_REPRESENTATION_CONTEXT() REPRESENTATION_CONTEXT('2D SPACE',''
  ) );
#14771 = ORIENTED_EDGE('',*,*,#12649,.T.);
#14772 = ORIENTED_EDGE('',*,*,#14281,.F.);
#14773 = ORIENTED_EDGE('',*,*,#14774,.F.);
#14774 = EDGE_CURVE('',#14082,#14189,#14775,.T.);
#14775 = SURFACE_CURVE('',#14776,(#14780,#14787),.PCURVE_S1.);
#14776 = LINE('',#14777,#14778);
#14777 = CARTESIAN_POINT('',(6.,-79.,-22.));
#14778 = VECTOR('',#14779,1.);
#14779 = DIRECTION('',(1.,0.,1.110223024625E-16));
#14780 = PCURVE('',#12667,#14781);
#14781 = DEFINITIONAL_REPRESENTATION('',(#14782),#14786);
#14782 = LINE('',#14783,#14784);
#14783 = CARTESIAN_POINT('',(-5.551115123126E-16,29.));
#14784 = VECTOR('',#14785,1.);
#14785 = DIRECTION('',(1.,0.));
#14786 = ( GEOMETRIC_REPRESENTATION_CONTEXT(2) 
PARAMETRIC_REPRESENTATION_CONTEXT() REPRESENTATION_CONTEXT('2D SPACE',''
  ) );
#14787 = PCURVE('',#14120,#14788);
#14788 = DEFINITIONAL_REPRESENTATION('',(#14789),#14793);
#14789 = LINE('',#14790,#14791);
#14790 = CARTESIAN_POINT('',(0.,0.));
#14791 = VECTOR('',#14792,1.);
#14792 = DIRECTION('',(1.,0.));
#14793 = ( GEOMETRIC_REPRESENTATION_CONTEXT(2) 
PARAMETRIC_REPRESENTATION_CONTEXT() REPRESENTATION_CONTEXT('2D SPACE',''
  ) );
#14794 = ADVANCED_FACE('',(#14795),#12794,.T.);
#14795 = FACE_BOUND('',#14796,.T.);
#14796 = EDGE_LOOP('',(#14797,#14827,#14850,#14871,#14872,#14873,#14894,
    #14895,#14896,#14897));
#14797 = ORIENTED_EDGE('',*,*,#14798,.F.);
#14798 = EDGE_CURVE('',#14799,#14801,#14803,.T.);
#14799 = VERTEX_POINT('',#14800);
#14800 = CARTESIAN_POINT('',(23.881956838819,-118.5097572223,-16.9));
#14801 = VERTEX_POINT('',#14802);
#14802 = CARTESIAN_POINT('',(23.881956838819,-118.5097572223,-22.1));
#14803 = SURFACE_CURVE('',#14804,(#14808,#14815),.PCURVE_S1.);
#14804 = LINE('',#14805,#14806);
#14805 = CARTESIAN_POINT('',(23.881956838819,-118.5097572223,-16.9));
#14806 = VECTOR('',#14807,1.);
#14807 = DIRECTION('',(1.110223024625E-16,0.,-1.));
#14808 = PCURVE('',#12794,#14809);
#14809 = DEFINITIONAL_REPRESENTATION('',(#14810),#14814);
#14810 = LINE('',#14811,#14812);
#14811 = CARTESIAN_POINT('',(-6.446913488808E-15,176.75795661885));
#14812 = VECTOR('',#14813,1.);
#14813 = DIRECTION('',(1.,0.));
#14814 = ( GEOMETRIC_REPRESENTATION_CONTEXT(2) 
PARAMETRIC_REPRESENTATION_CONTEXT() REPRESENTATION_CONTEXT('2D SPACE',''
  ) );
#14815 = PCURVE('',#14816,#14821);
#14816 = CYLINDRICAL_SURFACE('',#14817,7.5);
#14817 = AXIS2_PLACEMENT_3D('',#14818,#14819,#14820);
#14818 = CARTESIAN_POINT('',(30.965682814115,-120.9736619094,-16.9));
#14819 = DIRECTION('',(2.22044604925E-16,0.,-1.));
#14820 = DIRECTION('',(-1.,0.,-2.22044604925E-16));
#14821 = DEFINITIONAL_REPRESENTATION('',(#14822),#14826);
#14822 = LINE('',#14823,#14824);
#14823 = CARTESIAN_POINT('',(6.617922144496,-7.864515677909E-16));
#14824 = VECTOR('',#14825,1.);
#14825 = DIRECTION('',(0.,1.));
#14826 = ( GEOMETRIC_REPRESENTATION_CONTEXT(2) 
PARAMETRIC_REPRESENTATION_CONTEXT() REPRESENTATION_CONTEXT('2D SPACE',''
  ) );
#14827 = ORIENTED_EDGE('',*,*,#14828,.F.);
#14828 = EDGE_CURVE('',#14829,#14799,#14831,.T.);
#14829 = VERTEX_POINT('',#14830);
#14830 = CARTESIAN_POINT('',(81.950591210589,48.437566596479,-16.9));
#14831 = SURFACE_CURVE('',#14832,(#14836,#14843),.PCURVE_S1.);
#14832 = LINE('',#14833,#14834);
#14833 = CARTESIAN_POINT('',(81.950591210589,48.437566596479,-16.9));
#14834 = VECTOR('',#14835,1.);
#14835 = DIRECTION('',(-0.328520624941,-0.944496796706,
    -3.64731161874E-17));
#14836 = PCURVE('',#12794,#14837);
#14837 = DEFINITIONAL_REPRESENTATION('',(#14838),#14842);
#14838 = LINE('',#14839,#14840);
#14839 = CARTESIAN_POINT('',(0.,-0.));
#14840 = VECTOR('',#14841,1.);
#14841 = DIRECTION('',(0.,1.));
#14842 = ( GEOMETRIC_REPRESENTATION_CONTEXT(2) 
PARAMETRIC_REPRESENTATION_CONTEXT() REPRESENTATION_CONTEXT('2D SPACE',''
  ) );
#14843 = PCURVE('',#13107,#14844);
#14844 = DEFINITIONAL_REPRESENTATION('',(#14845),#14849);
#14845 = LINE('',#14846,#14847);
#14846 = CARTESIAN_POINT('',(15.,-7.363898572352E-15));
#14847 = VECTOR('',#14848,1.);
#14848 = DIRECTION('',(-7.965226789662E-18,-1.));
#14849 = ( GEOMETRIC_REPRESENTATION_CONTEXT(2) 
PARAMETRIC_REPRESENTATION_CONTEXT() REPRESENTATION_CONTEXT('2D SPACE',''
  ) );
#14850 = ORIENTED_EDGE('',*,*,#14851,.T.);
#14851 = EDGE_CURVE('',#14829,#13854,#14852,.T.);
#14852 = SURFACE_CURVE('',#14853,(#14857,#14864),.PCURVE_S1.);
#14853 = LINE('',#14854,#14855);
#14854 = CARTESIAN_POINT('',(81.950591210589,48.437566596479,-16.9));
#14855 = VECTOR('',#14856,1.);
#14856 = DIRECTION('',(1.110223024625E-16,0.,-1.));
#14857 = PCURVE('',#12794,#14858);
#14858 = DEFINITIONAL_REPRESENTATION('',(#14859),#14863);
#14859 = LINE('',#14860,#14861);
#14860 = CARTESIAN_POINT('',(0.,-0.));
#14861 = VECTOR('',#14862,1.);
#14862 = DIRECTION('',(1.,0.));
#14863 = ( GEOMETRIC_REPRESENTATION_CONTEXT(2) 
PARAMETRIC_REPRESENTATION_CONTEXT() REPRESENTATION_CONTEXT('2D SPACE',''
  ) );
#14864 = PCURVE('',#13360,#14865);
#14865 = DEFINITIONAL_REPRESENTATION('',(#14866),#14870);
#14866 = LINE('',#14867,#14868);
#14867 = CARTESIAN_POINT('',(0.334736837317,-7.864515677909E-16));
#14868 = VECTOR('',#14869,1.);
#14869 = DIRECTION('',(0.,1.));
#14870 = ( GEOMETRIC_REPRESENTATION_CONTEXT(2) 
PARAMETRIC_REPRESENTATION_CONTEXT() REPRESENTATION_CONTEXT('2D SPACE',''
  ) );
#14871 = ORIENTED_EDGE('',*,*,#13877,.T.);
#14872 = ORIENTED_EDGE('',*,*,#13019,.F.);
#14873 = ORIENTED_EDGE('',*,*,#14874,.T.);
#14874 = EDGE_CURVE('',#12992,#14575,#14875,.T.);
#14875 = SURFACE_CURVE('',#14876,(#14880,#14887),.PCURVE_S1.);
#14876 = LINE('',#14877,#14878);
#14877 = CARTESIAN_POINT('',(81.950591210589,48.437566596479,-22.1));
#14878 = VECTOR('',#14879,1.);
#14879 = DIRECTION('',(-0.328520624941,-0.944496796706,
    -3.64731161874E-17));
#14880 = PCURVE('',#12794,#14881);
#14881 = DEFINITIONAL_REPRESENTATION('',(#14882),#14886);
#14882 = LINE('',#14883,#14884);
#14883 = CARTESIAN_POINT('',(5.2,1.896602041745E-16));
#14884 = VECTOR('',#14885,1.);
#14885 = DIRECTION('',(0.,1.));
#14886 = ( GEOMETRIC_REPRESENTATION_CONTEXT(2) 
PARAMETRIC_REPRESENTATION_CONTEXT() REPRESENTATION_CONTEXT('2D SPACE',''
  ) );
#14887 = PCURVE('',#13007,#14888);
#14888 = DEFINITIONAL_REPRESENTATION('',(#14889),#14893);
#14889 = LINE('',#14890,#14891);
#14890 = CARTESIAN_POINT('',(15.,-7.363898572352E-15));
#14891 = VECTOR('',#14892,1.);
#14892 = DIRECTION('',(-7.965226789662E-18,-1.));
#14893 = ( GEOMETRIC_REPRESENTATION_CONTEXT(2) 
PARAMETRIC_REPRESENTATION_CONTEXT() REPRESENTATION_CONTEXT('2D SPACE',''
  ) );
#14894 = ORIENTED_EDGE('',*,*,#14597,.T.);
#14895 = ORIENTED_EDGE('',*,*,#12778,.T.);
#14896 = ORIENTED_EDGE('',*,*,#14259,.F.);
#14897 = ORIENTED_EDGE('',*,*,#14898,.T.);
#14898 = EDGE_CURVE('',#14237,#14801,#14899,.T.);
#14899 = SURFACE_CURVE('',#14900,(#14904,#14911),.PCURVE_S1.);
#14900 = LINE('',#14901,#14902);
#14901 = CARTESIAN_POINT('',(81.950591210589,48.437566596479,-22.1));
#14902 = VECTOR('',#14903,1.);
#14903 = DIRECTION('',(-0.328520624941,-0.944496796706,
    -3.64731161874E-17));
#14904 = PCURVE('',#12794,#14905);
#14905 = DEFINITIONAL_REPRESENTATION('',(#14906),#14910);
#14906 = LINE('',#14907,#14908);
#14907 = CARTESIAN_POINT('',(5.2,1.896602041745E-16));
#14908 = VECTOR('',#14909,1.);
#14909 = DIRECTION('',(0.,1.));
#14910 = ( GEOMETRIC_REPRESENTATION_CONTEXT(2) 
PARAMETRIC_REPRESENTATION_CONTEXT() REPRESENTATION_CONTEXT('2D SPACE',''
  ) );
#14911 = PCURVE('',#13188,#14912);
#14912 = DEFINITIONAL_REPRESENTATION('',(#14913),#14917);
#14913 = LINE('',#14914,#14915);
#14914 = CARTESIAN_POINT('',(15.,-7.363898572352E-15));
#14915 = VECTOR('',#14916,1.);
#14916 = DIRECTION('',(-7.965226789662E-18,-1.));
#14917 = ( GEOMETRIC_REPRESENTATION_CONTEXT(2) 
PARAMETRIC_REPRESENTATION_CONTEXT() REPRESENTATION_CONTEXT('2D SPACE',''
  ) );
#14918 = ADVANCED_FACE('',(#14919),#12695,.T.);
#14919 = FACE_BOUND('',#14920,.T.);
#14920 = EDGE_LOOP('',(#14921,#14922,#14923,#14924));
#14921 = ORIENTED_EDGE('',*,*,#14751,.F.);
#14922 = ORIENTED_EDGE('',*,*,#12679,.T.);
#14923 = ORIENTED_EDGE('',*,*,#14699,.T.);
#14924 = ORIENTED_EDGE('',*,*,#14925,.F.);
#14925 = EDGE_CURVE('',#14729,#14677,#14926,.T.);
#14926 = SURFACE_CURVE('',#14927,(#14931,#14938),.PCURVE_S1.);
#14927 = LINE('',#14928,#14929);
#14928 = CARTESIAN_POINT('',(14.,-89.,6.));
#14929 = VECTOR('',#14930,1.);
#14930 = DIRECTION('',(0.,1.,0.));
#14931 = PCURVE('',#12695,#14932);
#14932 = DEFINITIONAL_REPRESENTATION('',(#14933),#14937);
#14933 = LINE('',#14934,#14935);
#14934 = CARTESIAN_POINT('',(1.,-10.));
#14935 = VECTOR('',#14936,1.);
#14936 = DIRECTION('',(0.,1.));
#14937 = ( GEOMETRIC_REPRESENTATION_CONTEXT(2) 
PARAMETRIC_REPRESENTATION_CONTEXT() REPRESENTATION_CONTEXT('2D SPACE',''
  ) );
#14938 = PCURVE('',#14069,#14939);
#14939 = DEFINITIONAL_REPRESENTATION('',(#14940),#14944);
#14940 = LINE('',#14941,#14942);
#14941 = CARTESIAN_POINT('',(9.,-10.));
#14942 = VECTOR('',#14943,1.);
#14943 = DIRECTION('',(0.,-1.));
#14944 = ( GEOMETRIC_REPRESENTATION_CONTEXT(2) 
PARAMETRIC_REPRESENTATION_CONTEXT() REPRESENTATION_CONTEXT('2D SPACE',''
  ) );
#14945 = ADVANCED_FACE('',(#14946),#13007,.T.);
#14946 = FACE_BOUND('',#14947,.T.);
#14947 = EDGE_LOOP('',(#14948,#14949,#14950,#14951,#14952));
#14948 = ORIENTED_EDGE('',*,*,#14522,.F.);
#14949 = ORIENTED_EDGE('',*,*,#14574,.T.);
#14950 = ORIENTED_EDGE('',*,*,#14874,.F.);
#14951 = ORIENTED_EDGE('',*,*,#12991,.F.);
#14952 = ORIENTED_EDGE('',*,*,#13043,.F.);
#14953 = ADVANCED_FACE('',(#14954),#13188,.T.);
#14954 = FACE_BOUND('',#14955,.T.);
#14955 = EDGE_LOOP('',(#14956,#14986,#15012,#15013,#15014,#15015,#15016,
    #15017,#15038,#15039,#15040,#15041));
#14956 = ORIENTED_EDGE('',*,*,#14957,.T.);
#14957 = EDGE_CURVE('',#14958,#14960,#14962,.T.);
#14958 = VERTEX_POINT('',#14959);
#14959 = CARTESIAN_POINT('',(96.118043161181,43.50975722236,-22.1));
#14960 = VERTEX_POINT('',#14961);
#14961 = CARTESIAN_POINT('',(38.049408789411,-123.4375665964,-22.1));
#14962 = SURFACE_CURVE('',#14963,(#14967,#14974),.PCURVE_S1.);
#14963 = LINE('',#14964,#14965);
#14964 = CARTESIAN_POINT('',(96.118043161181,43.50975722236,-22.1));
#14965 = VECTOR('',#14966,1.);
#14966 = DIRECTION('',(-0.328520624941,-0.944496796706,
    -3.64731161874E-17));
#14967 = PCURVE('',#13188,#14968);
#14968 = DEFINITIONAL_REPRESENTATION('',(#14969),#14973);
#14969 = LINE('',#14970,#14971);
#14970 = CARTESIAN_POINT('',(0.,0.));
#14971 = VECTOR('',#14972,1.);
#14972 = DIRECTION('',(-7.965226789662E-18,-1.));
#14973 = ( GEOMETRIC_REPRESENTATION_CONTEXT(2) 
PARAMETRIC_REPRESENTATION_CONTEXT() REPRESENTATION_CONTEXT('2D SPACE',''
  ) );
#14974 = PCURVE('',#14975,#14980);
#14975 = PLANE('',#14976);
#14976 = AXIS2_PLACEMENT_3D('',#14977,#14978,#14979);
#14977 = CARTESIAN_POINT('',(96.118043161181,43.50975722236,-16.9));
#14978 = DIRECTION('',(-0.944496796706,0.328520624941,
    -1.048602090388E-16));
#14979 = DIRECTION('',(1.110223024625E-16,0.,-1.));
#14980 = DEFINITIONAL_REPRESENTATION('',(#14981),#14985);
#14981 = LINE('',#14982,#14983);
#14982 = CARTESIAN_POINT('',(5.2,1.896602041745E-16));
#14983 = VECTOR('',#14984,1.);
#14984 = DIRECTION('',(0.,1.));
#14985 = ( GEOMETRIC_REPRESENTATION_CONTEXT(2) 
PARAMETRIC_REPRESENTATION_CONTEXT() REPRESENTATION_CONTEXT('2D SPACE',''
  ) );
#14986 = ORIENTED_EDGE('',*,*,#14987,.F.);
#14987 = EDGE_CURVE('',#14801,#14960,#14988,.T.);
#14988 = SURFACE_CURVE('',#14989,(#14994,#15005),.PCURVE_S1.);
#14989 = CIRCLE('',#14990,7.5);
#14990 = AXIS2_PLACEMENT_3D('',#14991,#14992,#14993);
#14991 = CARTESIAN_POINT('',(30.965682814115,-120.9736619094,-22.1));
#14992 = DIRECTION('',(-1.110223024625E-16,8.005290703095E-34,1.));
#14993 = DIRECTION('',(-0.944496796706,0.328520624941,
    -1.048602090388E-16));
#14994 = PCURVE('',#13188,#14995);
#14995 = DEFINITIONAL_REPRESENTATION('',(#14996),#15004);
#14996 = ( BOUNDED_CURVE() B_SPLINE_CURVE(2,(#14997,#14998,#14999,#15000
    ,#15001,#15002,#15003),.UNSPECIFIED.,.T.,.F.) 
B_SPLINE_CURVE_WITH_KNOTS((1,2,2,2,2,1),(-2.094395102393,0.,
    2.094395102393,4.188790204786,6.28318530718,8.377580409573),
.UNSPECIFIED.) CURVE() GEOMETRIC_REPRESENTATION_ITEM() 
RATIONAL_B_SPLINE_CURVE((1.,0.5,1.,0.5,1.,0.5,1.)) REPRESENTATION_ITEM(
  '') );
#14997 = CARTESIAN_POINT('',(15.,-176.7579566188));
#14998 = CARTESIAN_POINT('',(15.,-189.7483376756));
#14999 = CARTESIAN_POINT('',(3.75,-183.2531471472));
#15000 = CARTESIAN_POINT('',(-7.5,-176.7579566188));
#15001 = CARTESIAN_POINT('',(3.75,-170.2627660904));
#15002 = CARTESIAN_POINT('',(15.,-163.767575562));
#15003 = CARTESIAN_POINT('',(15.,-176.7579566188));
#15004 = ( GEOMETRIC_REPRESENTATION_CONTEXT(2) 
PARAMETRIC_REPRESENTATION_CONTEXT() REPRESENTATION_CONTEXT('2D SPACE',''
  ) );
#15005 = PCURVE('',#14816,#15006);
#15006 = DEFINITIONAL_REPRESENTATION('',(#15007),#15011);
#15007 = LINE('',#15008,#15009);
#15008 = CARTESIAN_POINT('',(6.617922144496,5.2));
#15009 = VECTOR('',#15010,1.);
#15010 = DIRECTION('',(-1.,-0.));
#15011 = ( GEOMETRIC_REPRESENTATION_CONTEXT(2) 
PARAMETRIC_REPRESENTATION_CONTEXT() REPRESENTATION_CONTEXT('2D SPACE',''
  ) );
#15012 = ORIENTED_EDGE('',*,*,#14898,.F.);
#15013 = ORIENTED_EDGE('',*,*,#14236,.F.);
#15014 = ORIENTED_EDGE('',*,*,#14329,.F.);
#15015 = ORIENTED_EDGE('',*,*,#14403,.F.);
#15016 = ORIENTED_EDGE('',*,*,#14427,.F.);
#15017 = ORIENTED_EDGE('',*,*,#15018,.T.);
#15018 = EDGE_CURVE('',#14428,#13144,#15019,.T.);
#15019 = SURFACE_CURVE('',#15020,(#15024,#15031),.PCURVE_S1.);
#15020 = LINE('',#15021,#15022);
#15021 = CARTESIAN_POINT('',(94.586315747393,41.236805148547,-22.1));
#15022 = VECTOR('',#15023,1.);
#15023 = DIRECTION('',(0.328520624941,0.944496796706,3.64731161874E-17)
  );
#15024 = PCURVE('',#13188,#15025);
#15025 = DEFINITIONAL_REPRESENTATION('',(#15026),#15030);
#15026 = LINE('',#15027,#15028);
#15027 = CARTESIAN_POINT('',(0.7,-2.65));
#15028 = VECTOR('',#15029,1.);
#15029 = DIRECTION('',(7.965226789662E-18,1.));
#15030 = ( GEOMETRIC_REPRESENTATION_CONTEXT(2) 
PARAMETRIC_REPRESENTATION_CONTEXT() REPRESENTATION_CONTEXT('2D SPACE',''
  ) );
#15031 = PCURVE('',#13159,#15032);
#15032 = DEFINITIONAL_REPRESENTATION('',(#15033),#15037);
#15033 = LINE('',#15034,#15035);
#15034 = CARTESIAN_POINT('',(18.6,-2.65));
#15035 = VECTOR('',#15036,1.);
#15036 = DIRECTION('',(0.,-1.));
#15037 = ( GEOMETRIC_REPRESENTATION_CONTEXT(2) 
PARAMETRIC_REPRESENTATION_CONTEXT() REPRESENTATION_CONTEXT('2D SPACE',''
  ) );
#15038 = ORIENTED_EDGE('',*,*,#13171,.F.);
#15039 = ORIENTED_EDGE('',*,*,#13249,.F.);
#15040 = ORIENTED_EDGE('',*,*,#13323,.T.);
#15041 = ORIENTED_EDGE('',*,*,#15042,.T.);
#15042 = EDGE_CURVE('',#13324,#14958,#15043,.T.);
#15043 = SURFACE_CURVE('',#15044,(#15049,#15056),.PCURVE_S1.);
#15044 = CIRCLE('',#15045,7.5);
#15045 = AXIS2_PLACEMENT_3D('',#15046,#15047,#15048);
#15046 = CARTESIAN_POINT('',(89.034317185885,45.973661909419,-22.1));
#15047 = DIRECTION('',(2.22044604925E-16,0.,-1.));
#15048 = DIRECTION('',(-1.,0.,-2.22044604925E-16));
#15049 = PCURVE('',#13188,#15050);
#15050 = DEFINITIONAL_REPRESENTATION('',(#15051),#15055);
#15051 = CIRCLE('',#15052,7.5);
#15052 = AXIS2_PLACEMENT_2D('',#15053,#15054);
#15053 = CARTESIAN_POINT('',(7.5,-1.700462558168E-14));
#15054 = DIRECTION('',(0.944496796706,-0.328520624941));
#15055 = ( GEOMETRIC_REPRESENTATION_CONTEXT(2) 
PARAMETRIC_REPRESENTATION_CONTEXT() REPRESENTATION_CONTEXT('2D SPACE',''
  ) );
#15056 = PCURVE('',#13360,#15057);
#15057 = DEFINITIONAL_REPRESENTATION('',(#15058),#15062);
#15058 = LINE('',#15059,#15060);
#15059 = CARTESIAN_POINT('',(0.,5.2));
#15060 = VECTOR('',#15061,1.);
#15061 = DIRECTION('',(1.,0.));
#15062 = ( GEOMETRIC_REPRESENTATION_CONTEXT(2) 
PARAMETRIC_REPRESENTATION_CONTEXT() REPRESENTATION_CONTEXT('2D SPACE',''
  ) );
#15063 = ADVANCED_FACE('',(#15064),#13159,.T.);
#15064 = FACE_BOUND('',#15065,.T.);
#15065 = EDGE_LOOP('',(#15066,#15067,#15088,#15089));
#15066 = ORIENTED_EDGE('',*,*,#14451,.F.);
#15067 = ORIENTED_EDGE('',*,*,#15068,.T.);
#15068 = EDGE_CURVE('',#14452,#13120,#15069,.T.);
#15069 = SURFACE_CURVE('',#15070,(#15074,#15081),.PCURVE_S1.);
#15070 = LINE('',#15071,#15072);
#15071 = CARTESIAN_POINT('',(94.586315747393,41.236805148547,-16.9));
#15072 = VECTOR('',#15073,1.);
#15073 = DIRECTION('',(0.328520624941,0.944496796706,3.64731161874E-17)
  );
#15074 = PCURVE('',#13159,#15075);
#15075 = DEFINITIONAL_REPRESENTATION('',(#15076),#15080);
#15076 = LINE('',#15077,#15078);
#15077 = CARTESIAN_POINT('',(13.4,-2.65));
#15078 = VECTOR('',#15079,1.);
#15079 = DIRECTION('',(0.,-1.));
#15080 = ( GEOMETRIC_REPRESENTATION_CONTEXT(2) 
PARAMETRIC_REPRESENTATION_CONTEXT() REPRESENTATION_CONTEXT('2D SPACE',''
  ) );
#15081 = PCURVE('',#13107,#15082);
#15082 = DEFINITIONAL_REPRESENTATION('',(#15083),#15087);
#15083 = LINE('',#15084,#15085);
#15084 = CARTESIAN_POINT('',(0.7,-2.65));
#15085 = VECTOR('',#15086,1.);
#15086 = DIRECTION('',(7.965226789662E-18,1.));
#15087 = ( GEOMETRIC_REPRESENTATION_CONTEXT(2) 
PARAMETRIC_REPRESENTATION_CONTEXT() REPRESENTATION_CONTEXT('2D SPACE',''
  ) );
#15088 = ORIENTED_EDGE('',*,*,#13143,.T.);
#15089 = ORIENTED_EDGE('',*,*,#15018,.F.);
#15090 = ADVANCED_FACE('',(#15091,#15246),#13107,.F.);
#15091 = FACE_BOUND('',#15092,.F.);
#15092 = EDGE_LOOP('',(#15093,#15117,#15140,#15168,#15196,#15219,#15245)
  );
#15093 = ORIENTED_EDGE('',*,*,#15094,.T.);
#15094 = EDGE_CURVE('',#14829,#15095,#15097,.T.);
#15095 = VERTEX_POINT('',#15096);
#15096 = CARTESIAN_POINT('',(96.118043161181,43.50975722236,-16.9));
#15097 = SURFACE_CURVE('',#15098,(#15103,#15110),.PCURVE_S1.);
#15098 = CIRCLE('',#15099,7.5);
#15099 = AXIS2_PLACEMENT_3D('',#15100,#15101,#15102);
#15100 = CARTESIAN_POINT('',(89.034317185885,45.973661909419,-16.9));
#15101 = DIRECTION('',(2.22044604925E-16,0.,-1.));
#15102 = DIRECTION('',(-1.,0.,-2.22044604925E-16));
#15103 = PCURVE('',#13107,#15104);
#15104 = DEFINITIONAL_REPRESENTATION('',(#15105),#15109);
#15105 = CIRCLE('',#15106,7.5);
#15106 = AXIS2_PLACEMENT_2D('',#15107,#15108);
#15107 = CARTESIAN_POINT('',(7.5,-1.700462558168E-14));
#15108 = DIRECTION('',(0.944496796706,-0.328520624941));
#15109 = ( GEOMETRIC_REPRESENTATION_CONTEXT(2) 
PARAMETRIC_REPRESENTATION_CONTEXT() REPRESENTATION_CONTEXT('2D SPACE',''
  ) );
#15110 = PCURVE('',#13360,#15111);
#15111 = DEFINITIONAL_REPRESENTATION('',(#15112),#15116);
#15112 = LINE('',#15113,#15114);
#15113 = CARTESIAN_POINT('',(0.,0.));
#15114 = VECTOR('',#15115,1.);
#15115 = DIRECTION('',(1.,0.));
#15116 = ( GEOMETRIC_REPRESENTATION_CONTEXT(2) 
PARAMETRIC_REPRESENTATION_CONTEXT() REPRESENTATION_CONTEXT('2D SPACE',''
  ) );
#15117 = ORIENTED_EDGE('',*,*,#15118,.T.);
#15118 = EDGE_CURVE('',#15095,#15119,#15121,.T.);
#15119 = VERTEX_POINT('',#15120);
#15120 = CARTESIAN_POINT('',(79.078395358306,-5.479230210905,-16.9));
#15121 = SURFACE_CURVE('',#15122,(#15126,#15133),.PCURVE_S1.);
#15122 = LINE('',#15123,#15124);
#15123 = CARTESIAN_POINT('',(96.118043161181,43.50975722236,-16.9));
#15124 = VECTOR('',#15125,1.);
#15125 = DIRECTION('',(-0.328520624941,-0.944496796706,
    -3.64731161874E-17));
#15126 = PCURVE('',#13107,#15127);
#15127 = DEFINITIONAL_REPRESENTATION('',(#15128),#15132);
#15128 = LINE('',#15129,#15130);
#15129 = CARTESIAN_POINT('',(0.,0.));
#15130 = VECTOR('',#15131,1.);
#15131 = DIRECTION('',(-7.965226789662E-18,-1.));
#15132 = ( GEOMETRIC_REPRESENTATION_CONTEXT(2) 
PARAMETRIC_REPRESENTATION_CONTEXT() REPRESENTATION_CONTEXT('2D SPACE',''
  ) );
#15133 = PCURVE('',#14975,#15134);
#15134 = DEFINITIONAL_REPRESENTATION('',(#15135),#15139);
#15135 = LINE('',#15136,#15137);
#15136 = CARTESIAN_POINT('',(0.,-0.));
#15137 = VECTOR('',#15138,1.);
#15138 = DIRECTION('',(0.,1.));
#15139 = ( GEOMETRIC_REPRESENTATION_CONTEXT(2) 
PARAMETRIC_REPRESENTATION_CONTEXT() REPRESENTATION_CONTEXT('2D SPACE',''
  ) );
#15140 = ORIENTED_EDGE('',*,*,#15141,.F.);
#15141 = EDGE_CURVE('',#15142,#15119,#15144,.T.);
#15142 = VERTEX_POINT('',#15143);
#15143 = CARTESIAN_POINT('',(78.455488052568,-5.479230210905,-16.9));
#15144 = SURFACE_CURVE('',#15145,(#15149,#15156),.PCURVE_S1.);
#15145 = LINE('',#15146,#15147);
#15146 = CARTESIAN_POINT('',(87.286765606875,-5.479230210905,-16.9));
#15147 = VECTOR('',#15148,1.);
#15148 = DIRECTION('',(1.,0.,1.110223024625E-16));
#15149 = PCURVE('',#13107,#15150);
#15150 = DEFINITIONAL_REPRESENTATION('',(#15151),#15155);
#15151 = LINE('',#15152,#15153);
#15152 = CARTESIAN_POINT('',(-7.752779405951,-49.17119852576));
#15153 = VECTOR('',#15154,1.);
#15154 = DIRECTION('',(-0.944496796706,0.328520624941));
#15155 = ( GEOMETRIC_REPRESENTATION_CONTEXT(2) 
PARAMETRIC_REPRESENTATION_CONTEXT() REPRESENTATION_CONTEXT('2D SPACE',''
  ) );
#15156 = PCURVE('',#15157,#15162);
#15157 = PLANE('',#15158);
#15158 = AXIS2_PLACEMENT_3D('',#15159,#15160,#15161);
#15159 = CARTESIAN_POINT('',(78.455488052568,-5.479230210905,2.));
#15160 = DIRECTION('',(0.,1.,0.));
#15161 = DIRECTION('',(1.,0.,1.110223024625E-16));
#15162 = DEFINITIONAL_REPRESENTATION('',(#15163),#15167);
#15163 = LINE('',#15164,#15165);
#15164 = CARTESIAN_POINT('',(8.831277554307,18.9));
#15165 = VECTOR('',#15166,1.);
#15166 = DIRECTION('',(1.,0.));
#15167 = ( GEOMETRIC_REPRESENTATION_CONTEXT(2) 
PARAMETRIC_REPRESENTATION_CONTEXT() REPRESENTATION_CONTEXT('2D SPACE',''
  ) );
#15168 = ORIENTED_EDGE('',*,*,#15169,.T.);
#15169 = EDGE_CURVE('',#15142,#15170,#15172,.T.);
#15170 = VERTEX_POINT('',#15171);
#15171 = CARTESIAN_POINT('',(78.455488052568,-7.270088714903,-16.9));
#15172 = SURFACE_CURVE('',#15173,(#15177,#15184),.PCURVE_S1.);
#15173 = LINE('',#15174,#15175);
#15174 = CARTESIAN_POINT('',(78.455488052568,13.015263505727,-16.9));
#15175 = VECTOR('',#15176,1.);
#15176 = DIRECTION('',(0.,-1.,0.));
#15177 = PCURVE('',#13107,#15178);
#15178 = DEFINITIONAL_REPRESENTATION('',(#15179),#15183);
#15179 = LINE('',#15180,#15181);
#15180 = CARTESIAN_POINT('',(6.664156588675,-34.60446527487));
#15181 = VECTOR('',#15182,1.);
#15182 = DIRECTION('',(-0.328520624941,-0.944496796706));
#15183 = ( GEOMETRIC_REPRESENTATION_CONTEXT(2) 
PARAMETRIC_REPRESENTATION_CONTEXT() REPRESENTATION_CONTEXT('2D SPACE',''
  ) );
#15184 = PCURVE('',#15185,#15190);
#15185 = PLANE('',#15186);
#15186 = AXIS2_PLACEMENT_3D('',#15187,#15188,#15189);
#15187 = CARTESIAN_POINT('',(78.455488052568,-17.4792302109,2.));
#15188 = DIRECTION('',(1.,0.,1.110223024625E-16));
#15189 = DIRECTION('',(1.110223024625E-16,0.,-1.));
#15190 = DEFINITIONAL_REPRESENTATION('',(#15191),#15195);
#15191 = LINE('',#15192,#15193);
#15192 = CARTESIAN_POINT('',(18.9,30.494493716632));
#15193 = VECTOR('',#15194,1.);
#15194 = DIRECTION('',(0.,-1.));
#15195 = ( GEOMETRIC_REPRESENTATION_CONTEXT(2) 
PARAMETRIC_REPRESENTATION_CONTEXT() REPRESENTATION_CONTEXT('2D SPACE',''
  ) );
#15196 = ORIENTED_EDGE('',*,*,#15197,.T.);
#15197 = EDGE_CURVE('',#15170,#15198,#15200,.T.);
#15198 = VERTEX_POINT('',#15199);
#15199 = CARTESIAN_POINT('',(38.049408789411,-123.4375665964,-16.9));
#15200 = SURFACE_CURVE('',#15201,(#15205,#15212),.PCURVE_S1.);
#15201 = LINE('',#15202,#15203);
#15202 = CARTESIAN_POINT('',(96.118043161181,43.50975722236,-16.9));
#15203 = VECTOR('',#15204,1.);
#15204 = DIRECTION('',(-0.328520624941,-0.944496796706,
    -3.64731161874E-17));
#15205 = PCURVE('',#13107,#15206);
#15206 = DEFINITIONAL_REPRESENTATION('',(#15207),#15211);
#15207 = LINE('',#15208,#15209);
#15208 = CARTESIAN_POINT('',(0.,0.));
#15209 = VECTOR('',#15210,1.);
#15210 = DIRECTION('',(-7.965226789662E-18,-1.));
#15211 = ( GEOMETRIC_REPRESENTATION_CONTEXT(2) 
PARAMETRIC_REPRESENTATION_CONTEXT() REPRESENTATION_CONTEXT('2D SPACE',''
  ) );
#15212 = PCURVE('',#14975,#15213);
#15213 = DEFINITIONAL_REPRESENTATION('',(#15214),#15218);
#15214 = LINE('',#15215,#15216);
#15215 = CARTESIAN_POINT('',(0.,-0.));
#15216 = VECTOR('',#15217,1.);
#15217 = DIRECTION('',(0.,1.));
#15218 = ( GEOMETRIC_REPRESENTATION_CONTEXT(2) 
PARAMETRIC_REPRESENTATION_CONTEXT() REPRESENTATION_CONTEXT('2D SPACE',''
  ) );
#15219 = ORIENTED_EDGE('',*,*,#15220,.F.);
#15220 = EDGE_CURVE('',#14799,#15198,#15221,.T.);
#15221 = SURFACE_CURVE('',#15222,(#15227,#15238),.PCURVE_S1.);
#15222 = CIRCLE('',#15223,7.5);
#15223 = AXIS2_PLACEMENT_3D('',#15224,#15225,#15226);
#15224 = CARTESIAN_POINT('',(30.965682814115,-120.9736619094,-16.9));
#15225 = DIRECTION('',(-5.847174596359E-16,-1.361873576874E-15,1.));
#15226 = DIRECTION('',(-0.944496796706,0.328520624941,
    -1.048602090388E-16));
#15227 = PCURVE('',#13107,#15228);
#15228 = DEFINITIONAL_REPRESENTATION('',(#15229),#15237);
#15229 = ( BOUNDED_CURVE() B_SPLINE_CURVE(2,(#15230,#15231,#15232,#15233
    ,#15234,#15235,#15236),.UNSPECIFIED.,.T.,.F.) 
B_SPLINE_CURVE_WITH_KNOTS((1,2,2,2,2,1),(-2.094395102393,0.,
    2.094395102393,4.188790204786,6.28318530718,8.377580409573),
.UNSPECIFIED.) CURVE() GEOMETRIC_REPRESENTATION_ITEM() 
RATIONAL_B_SPLINE_CURVE((1.,0.5,1.,0.5,1.,0.5,1.)) REPRESENTATION_ITEM(
  '') );
#15230 = CARTESIAN_POINT('',(15.,-176.7579566188));
#15231 = CARTESIAN_POINT('',(15.,-189.7483376756));
#15232 = CARTESIAN_POINT('',(3.75,-183.2531471472));
#15233 = CARTESIAN_POINT('',(-7.5,-176.7579566188));
#15234 = CARTESIAN_POINT('',(3.75,-170.2627660904));
#15235 = CARTESIAN_POINT('',(15.,-163.767575562));
#15236 = CARTESIAN_POINT('',(15.,-176.7579566188));
#15237 = ( GEOMETRIC_REPRESENTATION_CONTEXT(2) 
PARAMETRIC_REPRESENTATION_CONTEXT() REPRESENTATION_CONTEXT('2D SPACE',''
  ) );
#15238 = PCURVE('',#14816,#15239);
#15239 = DEFINITIONAL_REPRESENTATION('',(#15240),#15244);
#15240 = LINE('',#15241,#15242);
#15241 = CARTESIAN_POINT('',(6.617922144496,0.));
#15242 = VECTOR('',#15243,1.);
#15243 = DIRECTION('',(-1.,-0.));
#15244 = ( GEOMETRIC_REPRESENTATION_CONTEXT(2) 
PARAMETRIC_REPRESENTATION_CONTEXT() REPRESENTATION_CONTEXT('2D SPACE',''
  ) );
#15245 = ORIENTED_EDGE('',*,*,#14828,.F.);
#15246 = FACE_BOUND('',#15247,.F.);
#15247 = EDGE_LOOP('',(#15248,#15249,#15250,#15251,#15252,#15253));
#15248 = ORIENTED_EDGE('',*,*,#14354,.F.);
#15249 = ORIENTED_EDGE('',*,*,#14474,.F.);
#15250 = ORIENTED_EDGE('',*,*,#15068,.T.);
#15251 = ORIENTED_EDGE('',*,*,#13119,.F.);
#15252 = ORIENTED_EDGE('',*,*,#13090,.F.);
#15253 = ORIENTED_EDGE('',*,*,#14500,.F.);
#15254 = ADVANCED_FACE('',(#15255),#13360,.T.);
#15255 = FACE_BOUND('',#15256,.T.);
#15256 = EDGE_LOOP('',(#15257,#15258,#15259,#15260,#15261,#15262));
#15257 = ORIENTED_EDGE('',*,*,#15042,.F.);
#15258 = ORIENTED_EDGE('',*,*,#13346,.F.);
#15259 = ORIENTED_EDGE('',*,*,#13853,.F.);
#15260 = ORIENTED_EDGE('',*,*,#14851,.F.);
#15261 = ORIENTED_EDGE('',*,*,#15094,.T.);
#15262 = ORIENTED_EDGE('',*,*,#15263,.T.);
#15263 = EDGE_CURVE('',#15095,#14958,#15264,.T.);
#15264 = SURFACE_CURVE('',#15265,(#15269,#15276),.PCURVE_S1.);
#15265 = LINE('',#15266,#15267);
#15266 = CARTESIAN_POINT('',(96.118043161181,43.50975722236,-16.9));
#15267 = VECTOR('',#15268,1.);
#15268 = DIRECTION('',(1.110223024625E-16,0.,-1.));
#15269 = PCURVE('',#13360,#15270);
#15270 = DEFINITIONAL_REPRESENTATION('',(#15271),#15275);
#15271 = LINE('',#15272,#15273);
#15272 = CARTESIAN_POINT('',(3.476329490907,7.864515677909E-16));
#15273 = VECTOR('',#15274,1.);
#15274 = DIRECTION('',(0.,1.));
#15275 = ( GEOMETRIC_REPRESENTATION_CONTEXT(2) 
PARAMETRIC_REPRESENTATION_CONTEXT() REPRESENTATION_CONTEXT('2D SPACE',''
  ) );
#15276 = PCURVE('',#14975,#15277);
#15277 = DEFINITIONAL_REPRESENTATION('',(#15278),#15282);
#15278 = LINE('',#15279,#15280);
#15279 = CARTESIAN_POINT('',(0.,-0.));
#15280 = VECTOR('',#15281,1.);
#15281 = DIRECTION('',(1.,0.));
#15282 = ( GEOMETRIC_REPRESENTATION_CONTEXT(2) 
PARAMETRIC_REPRESENTATION_CONTEXT() REPRESENTATION_CONTEXT('2D SPACE',''
  ) );
#15283 = ADVANCED_FACE('',(#15284),#13465,.T.);
#15284 = FACE_BOUND('',#15285,.T.);
#15285 = EDGE_LOOP('',(#15286,#15309,#15310,#15311,#15334,#15362,#15394,
    #15422,#15450,#15479));
#15286 = ORIENTED_EDGE('',*,*,#15287,.F.);
#15287 = EDGE_CURVE('',#13808,#15288,#15290,.T.);
#15288 = VERTEX_POINT('',#15289);
#15289 = CARTESIAN_POINT('',(14.,107.,7.));
#15290 = SURFACE_CURVE('',#15291,(#15295,#15302),.PCURVE_S1.);
#15291 = LINE('',#15292,#15293);
#15292 = CARTESIAN_POINT('',(14.,107.,-22.));
#15293 = VECTOR('',#15294,1.);
#15294 = DIRECTION('',(-1.110223024625E-16,0.,1.));
#15295 = PCURVE('',#13465,#15296);
#15296 = DEFINITIONAL_REPRESENTATION('',(#15297),#15301);
#15297 = LINE('',#15298,#15299);
#15298 = CARTESIAN_POINT('',(29.,0.));
#15299 = VECTOR('',#15300,1.);
#15300 = DIRECTION('',(-1.,0.));
#15301 = ( GEOMETRIC_REPRESENTATION_CONTEXT(2) 
PARAMETRIC_REPRESENTATION_CONTEXT() REPRESENTATION_CONTEXT('2D SPACE',''
  ) );
#15302 = PCURVE('',#13603,#15303);
#15303 = DEFINITIONAL_REPRESENTATION('',(#15304),#15308);
#15304 = LINE('',#15305,#15306);
#15305 = CARTESIAN_POINT('',(8.,29.));
#15306 = VECTOR('',#15307,1.);
#15307 = DIRECTION('',(0.,-1.));
#15308 = ( GEOMETRIC_REPRESENTATION_CONTEXT(2) 
PARAMETRIC_REPRESENTATION_CONTEXT() REPRESENTATION_CONTEXT('2D SPACE',''
  ) );
#15309 = ORIENTED_EDGE('',*,*,#13830,.F.);
#15310 = ORIENTED_EDGE('',*,*,#13451,.F.);
#15311 = ORIENTED_EDGE('',*,*,#15312,.T.);
#15312 = EDGE_CURVE('',#13424,#15313,#15315,.T.);
#15313 = VERTEX_POINT('',#15314);
#15314 = CARTESIAN_POINT('',(14.,123.21993814588,-22.));
#15315 = SURFACE_CURVE('',#15316,(#15320,#15327),.PCURVE_S1.);
#15316 = LINE('',#15317,#15318);
#15317 = CARTESIAN_POINT('',(14.,107.,-22.));
#15318 = VECTOR('',#15319,1.);
#15319 = DIRECTION('',(0.,1.,0.));
#15320 = PCURVE('',#13465,#15321);
#15321 = DEFINITIONAL_REPRESENTATION('',(#15322),#15326);
#15322 = LINE('',#15323,#15324);
#15323 = CARTESIAN_POINT('',(29.,0.));
#15324 = VECTOR('',#15325,1.);
#15325 = DIRECTION('',(0.,1.));
#15326 = ( GEOMETRIC_REPRESENTATION_CONTEXT(2) 
PARAMETRIC_REPRESENTATION_CONTEXT() REPRESENTATION_CONTEXT('2D SPACE',''
  ) );
#15327 = PCURVE('',#13439,#15328);
#15328 = DEFINITIONAL_REPRESENTATION('',(#15329),#15333);
#15329 = LINE('',#15330,#15331);
#15330 = CARTESIAN_POINT('',(8.,0.));
#15331 = VECTOR('',#15332,1.);
#15332 = DIRECTION('',(0.,-1.));
#15333 = ( GEOMETRIC_REPRESENTATION_CONTEXT(2) 
PARAMETRIC_REPRESENTATION_CONTEXT() REPRESENTATION_CONTEXT('2D SPACE',''
  ) );
#15334 = ORIENTED_EDGE('',*,*,#15335,.T.);
#15335 = EDGE_CURVE('',#15313,#15336,#15338,.T.);
#15336 = VERTEX_POINT('',#15337);
#15337 = CARTESIAN_POINT('',(14.,123.21993814588,-3.285867909156));
#15338 = SURFACE_CURVE('',#15339,(#15343,#15350),.PCURVE_S1.);
#15339 = LINE('',#15340,#15341);
#15340 = CARTESIAN_POINT('',(14.,123.21993814588,4.5));
#15341 = VECTOR('',#15342,1.);
#15342 = DIRECTION('',(-1.110223024625E-16,0.,1.));
#15343 = PCURVE('',#13465,#15344);
#15344 = DEFINITIONAL_REPRESENTATION('',(#15345),#15349);
#15345 = LINE('',#15346,#15347);
#15346 = CARTESIAN_POINT('',(2.5,16.219938145885));
#15347 = VECTOR('',#15348,1.);
#15348 = DIRECTION('',(-1.,0.));
#15349 = ( GEOMETRIC_REPRESENTATION_CONTEXT(2) 
PARAMETRIC_REPRESENTATION_CONTEXT() REPRESENTATION_CONTEXT('2D SPACE',''
  ) );
#15350 = PCURVE('',#15351,#15356);
#15351 = PLANE('',#15352);
#15352 = AXIS2_PLACEMENT_3D('',#15353,#15354,#15355);
#15353 = CARTESIAN_POINT('',(4.041185039828,123.21993814588,2.));
#15354 = DIRECTION('',(0.,1.,0.));
#15355 = DIRECTION('',(1.,0.,1.110223024625E-16));
#15356 = DEFINITIONAL_REPRESENTATION('',(#15357),#15361);
#15357 = LINE('',#15358,#15359);
#15358 = CARTESIAN_POINT('',(9.958814960172,-2.5));
#15359 = VECTOR('',#15360,1.);
#15360 = DIRECTION('',(0.,-1.));
#15361 = ( GEOMETRIC_REPRESENTATION_CONTEXT(2) 
PARAMETRIC_REPRESENTATION_CONTEXT() REPRESENTATION_CONTEXT('2D SPACE',''
  ) );
#15362 = ORIENTED_EDGE('',*,*,#15363,.F.);
#15363 = EDGE_CURVE('',#15364,#15336,#15366,.T.);
#15364 = VERTEX_POINT('',#15365);
#15365 = CARTESIAN_POINT('',(14.,119.46908821616,-3.6));
#15366 = SURFACE_CURVE('',#15367,(#15372,#15379),.PCURVE_S1.);
#15367 = ELLIPSE('',#15368,11.358736710303,5.6);
#15368 = AXIS2_PLACEMENT_3D('',#15369,#15370,#15371);
#15369 = CARTESIAN_POINT('',(14.,119.46908821616,2.));
#15370 = DIRECTION('',(1.,-0.,1.110223024625E-16));
#15371 = DIRECTION('',(0.,1.,0.));
#15372 = PCURVE('',#13465,#15373);
#15373 = DEFINITIONAL_REPRESENTATION('',(#15374),#15378);
#15374 = ELLIPSE('',#15375,11.358736710303,5.6);
#15375 = AXIS2_PLACEMENT_2D('',#15376,#15377);
#15376 = CARTESIAN_POINT('',(5.,12.469088216169));
#15377 = DIRECTION('',(0.,1.));
#15378 = ( GEOMETRIC_REPRESENTATION_CONTEXT(2) 
PARAMETRIC_REPRESENTATION_CONTEXT() REPRESENTATION_CONTEXT('2D SPACE',''
  ) );
#15379 = PCURVE('',#15380,#15385);
#15380 = CYLINDRICAL_SURFACE('',#15381,5.6);
#15381 = AXIS2_PLACEMENT_3D('',#15382,#15383,#15384);
#15382 = CARTESIAN_POINT('',(16.929386191522,114.2995831723,2.));
#15383 = DIRECTION('',(-0.493012571981,0.870022185849,
    -5.473539088428E-17));
#15384 = DIRECTION('',(1.110223024625E-16,0.,-1.));
#15385 = DEFINITIONAL_REPRESENTATION('',(#15386),#15393);
#15386 = B_SPLINE_CURVE_WITH_KNOTS('',5,(#15387,#15388,#15389,#15390,
    #15391,#15392),.UNSPECIFIED.,.F.,.F.,(6,6),(4.712388980385,
    5.13555626054),.PIECEWISE_BEZIER_KNOTS.);
#15387 = CARTESIAN_POINT('',(6.28318530718,5.941808298624));
#15388 = CARTESIAN_POINT('',(6.198551851149,6.778185981754));
#15389 = CARTESIAN_POINT('',(6.113918395117,7.61456398627));
#15390 = CARTESIAN_POINT('',(6.029284939086,8.438459447861));
#15391 = CARTESIAN_POINT('',(5.944651483055,9.237397391072));
#15392 = CARTESIAN_POINT('',(5.860018027024,10.0000006));
#15393 = ( GEOMETRIC_REPRESENTATION_CONTEXT(2) 
PARAMETRIC_REPRESENTATION_CONTEXT() REPRESENTATION_CONTEXT('2D SPACE',''
  ) );
#15394 = ORIENTED_EDGE('',*,*,#15395,.F.);
#15395 = EDGE_CURVE('',#15396,#15364,#15398,.T.);
#15396 = VERTEX_POINT('',#15397);
#15397 = CARTESIAN_POINT('',(14.,112.63959766377,-2.474722857608));
#15398 = SURFACE_CURVE('',#15399,(#15404,#15411),.PCURVE_S1.);
#15399 = ELLIPSE('',#15400,11.358736710303,5.6);
#15400 = AXIS2_PLACEMENT_3D('',#15401,#15402,#15403);
#15401 = CARTESIAN_POINT('',(14.,119.46908821616,2.));
#15402 = DIRECTION('',(1.,-0.,1.110223024625E-16));
#15403 = DIRECTION('',(0.,1.,0.));
#15404 = PCURVE('',#13465,#15405);
#15405 = DEFINITIONAL_REPRESENTATION('',(#15406),#15410);
#15406 = ELLIPSE('',#15407,11.358736710303,5.6);
#15407 = AXIS2_PLACEMENT_2D('',#15408,#15409);
#15408 = CARTESIAN_POINT('',(5.,12.469088216169));
#15409 = DIRECTION('',(0.,1.));
#15410 = ( GEOMETRIC_REPRESENTATION_CONTEXT(2) 
PARAMETRIC_REPRESENTATION_CONTEXT() REPRESENTATION_CONTEXT('2D SPACE',''
  ) );
#15411 = PCURVE('',#15380,#15412);
#15412 = DEFINITIONAL_REPRESENTATION('',(#15413),#15421);
#15413 = B_SPLINE_CURVE_WITH_KNOTS('',6,(#15414,#15415,#15416,#15417,
    #15418,#15419,#15420),.UNSPECIFIED.,.F.,.F.,(7,7),(4.067318857916,
    4.712388980385),.PIECEWISE_BEZIER_KNOTS.);
#15414 = CARTESIAN_POINT('',(6.928255429649,-5.999999928008E-07));
#15415 = CARTESIAN_POINT('',(6.82074374257,0.848972887277));
#15416 = CARTESIAN_POINT('',(6.713232055492,1.78036183283));
#15417 = CARTESIAN_POINT('',(6.605720368414,2.776506280954));
#15418 = CARTESIAN_POINT('',(6.498208681336,3.816871928122));
#15419 = CARTESIAN_POINT('',(6.390696994258,4.879339861616));
#15420 = CARTESIAN_POINT('',(6.28318530718,5.941808298624));
#15421 = ( GEOMETRIC_REPRESENTATION_CONTEXT(2) 
PARAMETRIC_REPRESENTATION_CONTEXT() REPRESENTATION_CONTEXT('2D SPACE',''
  ) );
#15422 = ORIENTED_EDGE('',*,*,#15423,.T.);
#15423 = EDGE_CURVE('',#15396,#15424,#15426,.T.);
#15424 = VERTEX_POINT('',#15425);
#15425 = CARTESIAN_POINT('',(14.,112.63959766377,6.474722857608));
#15426 = SURFACE_CURVE('',#15427,(#15431,#15438),.PCURVE_S1.);
#15427 = LINE('',#15428,#15429);
#15428 = CARTESIAN_POINT('',(14.,112.63959766377,4.5));
#15429 = VECTOR('',#15430,1.);
#15430 = DIRECTION('',(-1.110223024625E-16,0.,1.));
#15431 = PCURVE('',#13465,#15432);
#15432 = DEFINITIONAL_REPRESENTATION('',(#15433),#15437);
#15433 = LINE('',#15434,#15435);
#15434 = CARTESIAN_POINT('',(2.5,5.639597663778));
#15435 = VECTOR('',#15436,1.);
#15436 = DIRECTION('',(-1.,0.));
#15437 = ( GEOMETRIC_REPRESENTATION_CONTEXT(2) 
PARAMETRIC_REPRESENTATION_CONTEXT() REPRESENTATION_CONTEXT('2D SPACE',''
  ) );
#15438 = PCURVE('',#15439,#15444);
#15439 = PLANE('',#15440);
#15440 = AXIS2_PLACEMENT_3D('',#15441,#15442,#15443);
#15441 = CARTESIAN_POINT('',(16.929386191522,114.2995831723,2.));
#15442 = DIRECTION('',(-0.493012571981,0.870022185849,
    -5.473539088428E-17));
#15443 = DIRECTION('',(1.110223024625E-16,0.,-1.));
#15444 = DEFINITIONAL_REPRESENTATION('',(#15445),#15449);
#15445 = LINE('',#15446,#15447);
#15446 = CARTESIAN_POINT('',(-2.5,3.367024702553));
#15447 = VECTOR('',#15448,1.);
#15448 = DIRECTION('',(-1.,0.));
#15449 = ( GEOMETRIC_REPRESENTATION_CONTEXT(2) 
PARAMETRIC_REPRESENTATION_CONTEXT() REPRESENTATION_CONTEXT('2D SPACE',''
  ) );
#15450 = ORIENTED_EDGE('',*,*,#15451,.F.);
#15451 = EDGE_CURVE('',#15452,#15424,#15454,.T.);
#15452 = VERTEX_POINT('',#15453);
#15453 = CARTESIAN_POINT('',(14.,114.35379463967,7.));
#15454 = SURFACE_CURVE('',#15455,(#15460,#15467),.PCURVE_S1.);
#15455 = ELLIPSE('',#15456,11.358736710303,5.6);
#15456 = AXIS2_PLACEMENT_3D('',#15457,#15458,#15459);
#15457 = CARTESIAN_POINT('',(14.,119.46908821616,2.));
#15458 = DIRECTION('',(1.,-0.,1.110223024625E-16));
#15459 = DIRECTION('',(0.,1.,0.));
#15460 = PCURVE('',#13465,#15461);
#15461 = DEFINITIONAL_REPRESENTATION('',(#15462),#15466);
#15462 = ELLIPSE('',#15463,11.358736710303,5.6);
#15463 = AXIS2_PLACEMENT_2D('',#15464,#15465);
#15464 = CARTESIAN_POINT('',(5.,12.469088216169));
#15465 = DIRECTION('',(0.,1.));
#15466 = ( GEOMETRIC_REPRESENTATION_CONTEXT(2) 
PARAMETRIC_REPRESENTATION_CONTEXT() REPRESENTATION_CONTEXT('2D SPACE',''
  ) );
#15467 = PCURVE('',#15380,#15468);
#15468 = DEFINITIONAL_REPRESENTATION('',(#15469),#15478);
#15469 = B_SPLINE_CURVE_WITH_KNOTS('',7,(#15470,#15471,#15472,#15473,
    #15474,#15475,#15476,#15477),.UNSPECIFIED.,.F.,.F.,(8,8),(
    1.14762904664,2.215866449264),.PIECEWISE_BEZIER_KNOTS.);
#15470 = CARTESIAN_POINT('',(3.564759933745,10.0000006));
#15471 = CARTESIAN_POINT('',(3.412154590513,8.624925896615));
#15472 = CARTESIAN_POINT('',(3.259549247281,7.139591007794));
#15473 = CARTESIAN_POINT('',(3.10694390405,5.596300331299));
#15474 = CARTESIAN_POINT('',(2.954338560816,4.053650264795));
#15475 = CARTESIAN_POINT('',(2.801733217585,2.57155452632));
#15476 = CARTESIAN_POINT('',(2.649127874353,1.205058067962));
#15477 = CARTESIAN_POINT('',(2.496522531121,-5.999999928008E-07));
#15478 = ( GEOMETRIC_REPRESENTATION_CONTEXT(2) 
PARAMETRIC_REPRESENTATION_CONTEXT() REPRESENTATION_CONTEXT('2D SPACE',''
  ) );
#15479 = ORIENTED_EDGE('',*,*,#15480,.F.);
#15480 = EDGE_CURVE('',#15288,#15452,#15481,.T.);
#15481 = SURFACE_CURVE('',#15482,(#15486,#15493),.PCURVE_S1.);
#15482 = LINE('',#15483,#15484);
#15483 = CARTESIAN_POINT('',(14.,107.,7.));
#15484 = VECTOR('',#15485,1.);
#15485 = DIRECTION('',(0.,1.,0.));
#15486 = PCURVE('',#13465,#15487);
#15487 = DEFINITIONAL_REPRESENTATION('',(#15488),#15492);
#15488 = LINE('',#15489,#15490);
#15489 = CARTESIAN_POINT('',(0.,0.));
#15490 = VECTOR('',#15491,1.);
#15491 = DIRECTION('',(0.,1.));
#15492 = ( GEOMETRIC_REPRESENTATION_CONTEXT(2) 
PARAMETRIC_REPRESENTATION_CONTEXT() REPRESENTATION_CONTEXT('2D SPACE',''
  ) );
#15493 = PCURVE('',#13575,#15494);
#15494 = DEFINITIONAL_REPRESENTATION('',(#15495),#15499);
#15495 = LINE('',#15496,#15497);
#15496 = CARTESIAN_POINT('',(8.,0.));
#15497 = VECTOR('',#15498,1.);
#15498 = DIRECTION('',(0.,-1.));
#15499 = ( GEOMETRIC_REPRESENTATION_CONTEXT(2) 
PARAMETRIC_REPRESENTATION_CONTEXT() REPRESENTATION_CONTEXT('2D SPACE',''
  ) );
#15500 = ADVANCED_FACE('',(#15501),#13439,.T.);
#15501 = FACE_BOUND('',#15502,.T.);
#15502 = EDGE_LOOP('',(#15503,#15504,#15505,#15506,#15507,#15530,#15558)
  );
#15503 = ORIENTED_EDGE('',*,*,#15312,.F.);
#15504 = ORIENTED_EDGE('',*,*,#13423,.F.);
#15505 = ORIENTED_EDGE('',*,*,#13503,.F.);
#15506 = ORIENTED_EDGE('',*,*,#13639,.F.);
#15507 = ORIENTED_EDGE('',*,*,#15508,.T.);
#15508 = EDGE_CURVE('',#13640,#15509,#15511,.T.);
#15509 = VERTEX_POINT('',#15510);
#15510 = CARTESIAN_POINT('',(14.041185039828,133.21993814588,-22.));
#15511 = SURFACE_CURVE('',#15512,(#15516,#15523),.PCURVE_S1.);
#15512 = LINE('',#15513,#15514);
#15513 = CARTESIAN_POINT('',(4.041185039828,133.21993814588,-22.));
#15514 = VECTOR('',#15515,1.);
#15515 = DIRECTION('',(1.,0.,1.110223024625E-16));
#15516 = PCURVE('',#13439,#15517);
#15517 = DEFINITIONAL_REPRESENTATION('',(#15518),#15522);
#15518 = LINE('',#15519,#15520);
#15519 = CARTESIAN_POINT('',(-1.958814960172,-26.21993814588));
#15520 = VECTOR('',#15521,1.);
#15521 = DIRECTION('',(1.,0.));
#15522 = ( GEOMETRIC_REPRESENTATION_CONTEXT(2) 
PARAMETRIC_REPRESENTATION_CONTEXT() REPRESENTATION_CONTEXT('2D SPACE',''
  ) );
#15523 = PCURVE('',#13678,#15524);
#15524 = DEFINITIONAL_REPRESENTATION('',(#15525),#15529);
#15525 = LINE('',#15526,#15527);
#15526 = CARTESIAN_POINT('',(0.,24.));
#15527 = VECTOR('',#15528,1.);
#15528 = DIRECTION('',(1.,0.));
#15529 = ( GEOMETRIC_REPRESENTATION_CONTEXT(2) 
PARAMETRIC_REPRESENTATION_CONTEXT() REPRESENTATION_CONTEXT('2D SPACE',''
  ) );
#15530 = ORIENTED_EDGE('',*,*,#15531,.F.);
#15531 = EDGE_CURVE('',#15532,#15509,#15534,.T.);
#15532 = VERTEX_POINT('',#15533);
#15533 = CARTESIAN_POINT('',(14.041185039828,123.21993814588,-22.));
#15534 = SURFACE_CURVE('',#15535,(#15539,#15546),.PCURVE_S1.);
#15535 = LINE('',#15536,#15537);
#15536 = CARTESIAN_POINT('',(14.041185039828,123.21993814588,-22.));
#15537 = VECTOR('',#15538,1.);
#15538 = DIRECTION('',(0.,1.,0.));
#15539 = PCURVE('',#13439,#15540);
#15540 = DEFINITIONAL_REPRESENTATION('',(#15541),#15545);
#15541 = LINE('',#15542,#15543);
#15542 = CARTESIAN_POINT('',(8.041185039828,-16.21993814588));
#15543 = VECTOR('',#15544,1.);
#15544 = DIRECTION('',(0.,-1.));
#15545 = ( GEOMETRIC_REPRESENTATION_CONTEXT(2) 
PARAMETRIC_REPRESENTATION_CONTEXT() REPRESENTATION_CONTEXT('2D SPACE',''
  ) );
#15546 = PCURVE('',#15547,#15552);
#15547 = PLANE('',#15548);
#15548 = AXIS2_PLACEMENT_3D('',#15549,#15550,#15551);
#15549 = CARTESIAN_POINT('',(14.041185039828,123.21993814588,2.));
#15550 = DIRECTION('',(1.,0.,1.110223024625E-16));
#15551 = DIRECTION('',(1.110223024625E-16,0.,-1.));
#15552 = DEFINITIONAL_REPRESENTATION('',(#15553),#15557);
#15553 = LINE('',#15554,#15555);
#15554 = CARTESIAN_POINT('',(24.,0.));
#15555 = VECTOR('',#15556,1.);
#15556 = DIRECTION('',(0.,1.));
#15557 = ( GEOMETRIC_REPRESENTATION_CONTEXT(2) 
PARAMETRIC_REPRESENTATION_CONTEXT() REPRESENTATION_CONTEXT('2D SPACE',''
  ) );
#15558 = ORIENTED_EDGE('',*,*,#15559,.F.);
#15559 = EDGE_CURVE('',#15313,#15532,#15560,.T.);
#15560 = SURFACE_CURVE('',#15561,(#15565,#15572),.PCURVE_S1.);
#15561 = LINE('',#15562,#15563);
#15562 = CARTESIAN_POINT('',(4.041185039828,123.21993814588,-22.));
#15563 = VECTOR('',#15564,1.);
#15564 = DIRECTION('',(1.,0.,1.110223024625E-16));
#15565 = PCURVE('',#13439,#15566);
#15566 = DEFINITIONAL_REPRESENTATION('',(#15567),#15571);
#15567 = LINE('',#15568,#15569);
#15568 = CARTESIAN_POINT('',(-1.958814960172,-16.21993814588));
#15569 = VECTOR('',#15570,1.);
#15570 = DIRECTION('',(1.,0.));
#15571 = ( GEOMETRIC_REPRESENTATION_CONTEXT(2) 
PARAMETRIC_REPRESENTATION_CONTEXT() REPRESENTATION_CONTEXT('2D SPACE',''
  ) );
#15572 = PCURVE('',#15351,#15573);
#15573 = DEFINITIONAL_REPRESENTATION('',(#15574),#15578);
#15574 = LINE('',#15575,#15576);
#15575 = CARTESIAN_POINT('',(0.,24.));
#15576 = VECTOR('',#15577,1.);
#15577 = DIRECTION('',(1.,0.));
#15578 = ( GEOMETRIC_REPRESENTATION_CONTEXT(2) 
PARAMETRIC_REPRESENTATION_CONTEXT() REPRESENTATION_CONTEXT('2D SPACE',''
  ) );
#15579 = ADVANCED_FACE('',(#15580),#13547,.T.);
#15580 = FACE_BOUND('',#15581,.T.);
#15581 = EDGE_LOOP('',(#15582,#15610,#15611,#15635));
#15582 = ORIENTED_EDGE('',*,*,#15583,.F.);
#15583 = EDGE_CURVE('',#13530,#15584,#15586,.T.);
#15584 = VERTEX_POINT('',#15585);
#15585 = CARTESIAN_POINT('',(8.519171728318,121.02775474286,10.));
#15586 = SURFACE_CURVE('',#15587,(#15592,#15599),.PCURVE_S1.);
#15587 = CIRCLE('',#15588,6.);
#15588 = AXIS2_PLACEMENT_3D('',#15589,#15590,#15591);
#15589 = CARTESIAN_POINT('',(5.561096296433,126.24788785796,10.));
#15590 = DIRECTION('',(-1.110223024625E-16,5.888325527284E-34,1.));
#15591 = DIRECTION('',(-0.493012571981,0.870022185849,
    -5.473539088428E-17));
#15592 = PCURVE('',#13547,#15593);
#15593 = DEFINITIONAL_REPRESENTATION('',(#15594),#15598);
#15594 = LINE('',#15595,#15596);
#15595 = CARTESIAN_POINT('',(7.338432626516,0.));
#15596 = VECTOR('',#15597,1.);
#15597 = DIRECTION('',(-1.,-0.));
#15598 = ( GEOMETRIC_REPRESENTATION_CONTEXT(2) 
PARAMETRIC_REPRESENTATION_CONTEXT() REPRESENTATION_CONTEXT('2D SPACE',''
  ) );
#15599 = PCURVE('',#13760,#15600);
#15600 = DEFINITIONAL_REPRESENTATION('',(#15601),#15609);
#15601 = ( BOUNDED_CURVE() B_SPLINE_CURVE(2,(#15602,#15603,#15604,#15605
    ,#15606,#15607,#15608),.UNSPECIFIED.,.T.,.F.) 
B_SPLINE_CURVE_WITH_KNOTS((1,2,2,2,2,1),(-2.094395102393,0.,
    2.094395102393,4.188790204786,6.28318530718,8.377580409573),
.UNSPECIFIED.) CURVE() GEOMETRIC_REPRESENTATION_ITEM() 
RATIONAL_B_SPLINE_CURVE((1.,0.5,1.,0.5,1.,0.5,1.)) REPRESENTATION_ITEM(
  '') );
#15602 = CARTESIAN_POINT('',(1.7763568394E-15,1.387162999783E-16));
#15603 = CARTESIAN_POINT('',(-2.6645352591E-15,10.392304845413));
#15604 = CARTESIAN_POINT('',(9.,5.196152422707));
#15605 = CARTESIAN_POINT('',(18.,9.478503685423E-15));
#15606 = CARTESIAN_POINT('',(9.,-5.196152422707));
#15607 = CARTESIAN_POINT('',(1.59872115546E-14,-10.39230484541));
#15608 = CARTESIAN_POINT('',(1.7763568394E-15,1.387162999783E-16));
#15609 = ( GEOMETRIC_REPRESENTATION_CONTEXT(2) 
PARAMETRIC_REPRESENTATION_CONTEXT() REPRESENTATION_CONTEXT('2D SPACE',''
  ) );
#15610 = ORIENTED_EDGE('',*,*,#13529,.T.);
#15611 = ORIENTED_EDGE('',*,*,#15612,.F.);
#15612 = EDGE_CURVE('',#15613,#13532,#15615,.T.);
#15613 = VERTEX_POINT('',#15614);
#15614 = CARTESIAN_POINT('',(8.519171728318,121.02775474286,7.));
#15615 = SURFACE_CURVE('',#15616,(#15621,#15628),.PCURVE_S1.);
#15616 = CIRCLE('',#15617,6.);
#15617 = AXIS2_PLACEMENT_3D('',#15618,#15619,#15620);
#15618 = CARTESIAN_POINT('',(5.561096296433,126.24788785796,7.));
#15619 = DIRECTION('',(2.22044604925E-16,0.,-1.));
#15620 = DIRECTION('',(-1.,0.,-2.22044604925E-16));
#15621 = PCURVE('',#13547,#15622);
#15622 = DEFINITIONAL_REPRESENTATION('',(#15623),#15627);
#15623 = LINE('',#15624,#15625);
#15624 = CARTESIAN_POINT('',(0.,3.));
#15625 = VECTOR('',#15626,1.);
#15626 = DIRECTION('',(1.,0.));
#15627 = ( GEOMETRIC_REPRESENTATION_CONTEXT(2) 
PARAMETRIC_REPRESENTATION_CONTEXT() REPRESENTATION_CONTEXT('2D SPACE',''
  ) );
#15628 = PCURVE('',#13575,#15629);
#15629 = DEFINITIONAL_REPRESENTATION('',(#15630),#15634);
#15630 = CIRCLE('',#15631,6.);
#15631 = AXIS2_PLACEMENT_2D('',#15632,#15633);
#15632 = CARTESIAN_POINT('',(-0.438903703567,-19.24788785796));
#15633 = DIRECTION('',(-1.,-0.));
#15634 = ( GEOMETRIC_REPRESENTATION_CONTEXT(2) 
PARAMETRIC_REPRESENTATION_CONTEXT() REPRESENTATION_CONTEXT('2D SPACE',''
  ) );
#15635 = ORIENTED_EDGE('',*,*,#15636,.F.);
#15636 = EDGE_CURVE('',#15584,#15613,#15637,.T.);
#15637 = SURFACE_CURVE('',#15638,(#15642,#15649),.PCURVE_S1.);
#15638 = LINE('',#15639,#15640);
#15639 = CARTESIAN_POINT('',(8.519171728318,121.02775474286,10.));
#15640 = VECTOR('',#15641,1.);
#15641 = DIRECTION('',(1.110223024625E-16,0.,-1.));
#15642 = PCURVE('',#13547,#15643);
#15643 = DEFINITIONAL_REPRESENTATION('',(#15644),#15648);
#15644 = LINE('',#15645,#15646);
#15645 = CARTESIAN_POINT('',(4.196839972926,3.284123453057E-16));
#15646 = VECTOR('',#15647,1.);
#15647 = DIRECTION('',(0.,1.));
#15648 = ( GEOMETRIC_REPRESENTATION_CONTEXT(2) 
PARAMETRIC_REPRESENTATION_CONTEXT() REPRESENTATION_CONTEXT('2D SPACE',''
  ) );
#15649 = PCURVE('',#15650,#15655);
#15650 = PLANE('',#15651);
#15651 = AXIS2_PLACEMENT_3D('',#15652,#15653,#15654);
#15652 = CARTESIAN_POINT('',(8.519171728318,121.02775474286,10.));
#15653 = DIRECTION('',(0.493012571981,-0.870022185849,5.473539088428E-17
    ));
#15654 = DIRECTION('',(1.110223024625E-16,0.,-1.));
#15655 = DEFINITIONAL_REPRESENTATION('',(#15656),#15660);
#15656 = LINE('',#15657,#15658);
#15657 = CARTESIAN_POINT('',(0.,0.));
#15658 = VECTOR('',#15659,1.);
#15659 = DIRECTION('',(1.,0.));
#15660 = ( GEOMETRIC_REPRESENTATION_CONTEXT(2) 
PARAMETRIC_REPRESENTATION_CONTEXT() REPRESENTATION_CONTEXT('2D SPACE',''
  ) );
#15661 = ADVANCED_FACE('',(#15662),#13760,.F.);
#15662 = FACE_BOUND('',#15663,.F.);
#15663 = EDGE_LOOP('',(#15664,#15665,#15688,#15717,#15738));
#15664 = ORIENTED_EDGE('',*,*,#13746,.F.);
#15665 = ORIENTED_EDGE('',*,*,#15666,.T.);
#15666 = EDGE_CURVE('',#13719,#15667,#15669,.T.);
#15667 = VERTEX_POINT('',#15668);
#15668 = CARTESIAN_POINT('',(9.563198351337,135.4121215489,10.));
#15669 = SURFACE_CURVE('',#15670,(#15674,#15681),.PCURVE_S1.);
#15670 = LINE('',#15671,#15672);
#15671 = CARTESIAN_POINT('',(2.603020864548,131.46802097305,10.));
#15672 = VECTOR('',#15673,1.);
#15673 = DIRECTION('',(0.870022185849,0.493012571981,9.659186626638E-17)
  );
#15674 = PCURVE('',#13760,#15675);
#15675 = DEFINITIONAL_REPRESENTATION('',(#15676),#15680);
#15676 = LINE('',#15677,#15678);
#15677 = CARTESIAN_POINT('',(4.378831270743E-16,-7.727349301311E-16));
#15678 = VECTOR('',#15679,1.);
#15679 = DIRECTION('',(1.185987736885E-17,-1.));
#15680 = ( GEOMETRIC_REPRESENTATION_CONTEXT(2) 
PARAMETRIC_REPRESENTATION_CONTEXT() REPRESENTATION_CONTEXT('2D SPACE',''
  ) );
#15681 = PCURVE('',#13734,#15682);
#15682 = DEFINITIONAL_REPRESENTATION('',(#15683),#15687);
#15683 = LINE('',#15684,#15685);
#15684 = CARTESIAN_POINT('',(0.,0.));
#15685 = VECTOR('',#15686,1.);
#15686 = DIRECTION('',(0.,1.));
#15687 = ( GEOMETRIC_REPRESENTATION_CONTEXT(2) 
PARAMETRIC_REPRESENTATION_CONTEXT() REPRESENTATION_CONTEXT('2D SPACE',''
  ) );
#15688 = ORIENTED_EDGE('',*,*,#15689,.T.);
#15689 = EDGE_CURVE('',#15667,#15690,#15692,.T.);
#15690 = VERTEX_POINT('',#15691);
#15691 = CARTESIAN_POINT('',(15.479349215107,124.97185531871,10.));
#15692 = SURFACE_CURVE('',#15693,(#15698,#15705),.PCURVE_S1.);
#15693 = CIRCLE('',#15694,6.);
#15694 = AXIS2_PLACEMENT_3D('',#15695,#15696,#15697);
#15695 = CARTESIAN_POINT('',(12.521273783222,130.1919884338,10.));
#15696 = DIRECTION('',(2.22044604925E-16,0.,-1.));
#15697 = DIRECTION('',(-1.,0.,-2.22044604925E-16));
#15698 = PCURVE('',#13760,#15699);
#15699 = DEFINITIONAL_REPRESENTATION('',(#15700),#15704);
#15700 = CIRCLE('',#15701,6.);
#15701 = AXIS2_PLACEMENT_2D('',#15702,#15703);
#15702 = CARTESIAN_POINT('',(6.,-8.));
#15703 = DIRECTION('',(-0.493012571981,0.870022185849));
#15704 = ( GEOMETRIC_REPRESENTATION_CONTEXT(2) 
PARAMETRIC_REPRESENTATION_CONTEXT() REPRESENTATION_CONTEXT('2D SPACE',''
  ) );
#15705 = PCURVE('',#15706,#15711);
#15706 = CYLINDRICAL_SURFACE('',#15707,6.);
#15707 = AXIS2_PLACEMENT_3D('',#15708,#15709,#15710);
#15708 = CARTESIAN_POINT('',(12.521273783222,130.1919884338,10.));
#15709 = DIRECTION('',(2.22044604925E-16,0.,-1.));
#15710 = DIRECTION('',(-1.,0.,-2.22044604925E-16));
#15711 = DEFINITIONAL_REPRESENTATION('',(#15712),#15716);
#15712 = LINE('',#15713,#15714);
#15713 = CARTESIAN_POINT('',(0.,0.));
#15714 = VECTOR('',#15715,1.);
#15715 = DIRECTION('',(1.,0.));
#15716 = ( GEOMETRIC_REPRESENTATION_CONTEXT(2) 
PARAMETRIC_REPRESENTATION_CONTEXT() REPRESENTATION_CONTEXT('2D SPACE',''
  ) );
#15717 = ORIENTED_EDGE('',*,*,#15718,.F.);
#15718 = EDGE_CURVE('',#15584,#15690,#15719,.T.);
#15719 = SURFACE_CURVE('',#15720,(#15724,#15731),.PCURVE_S1.);
#15720 = LINE('',#15721,#15722);
#15721 = CARTESIAN_POINT('',(8.519171728318,121.02775474286,10.));
#15722 = VECTOR('',#15723,1.);
#15723 = DIRECTION('',(0.870022185849,0.493012571981,9.659186626638E-17)
  );
#15724 = PCURVE('',#13760,#15725);
#15725 = DEFINITIONAL_REPRESENTATION('',(#15726),#15730);
#15726 = LINE('',#15727,#15728);
#15727 = CARTESIAN_POINT('',(12.,-8.084523432013E-16));
#15728 = VECTOR('',#15729,1.);
#15729 = DIRECTION('',(1.185987736885E-17,-1.));
#15730 = ( GEOMETRIC_REPRESENTATION_CONTEXT(2) 
PARAMETRIC_REPRESENTATION_CONTEXT() REPRESENTATION_CONTEXT('2D SPACE',''
  ) );
#15731 = PCURVE('',#15650,#15732);
#15732 = DEFINITIONAL_REPRESENTATION('',(#15733),#15737);
#15733 = LINE('',#15734,#15735);
#15734 = CARTESIAN_POINT('',(0.,0.));
#15735 = VECTOR('',#15736,1.);
#15736 = DIRECTION('',(0.,1.));
#15737 = ( GEOMETRIC_REPRESENTATION_CONTEXT(2) 
PARAMETRIC_REPRESENTATION_CONTEXT() REPRESENTATION_CONTEXT('2D SPACE',''
  ) );
#15738 = ORIENTED_EDGE('',*,*,#15583,.F.);
#15739 = ADVANCED_FACE('',(#15740),#13734,.F.);
#15740 = FACE_BOUND('',#15741,.F.);
#15741 = EDGE_LOOP('',(#15742,#15765,#15786,#15787));
#15742 = ORIENTED_EDGE('',*,*,#15743,.T.);
#15743 = EDGE_CURVE('',#13691,#15744,#15746,.T.);
#15744 = VERTEX_POINT('',#15745);
#15745 = CARTESIAN_POINT('',(9.563198351337,135.4121215489,-6.));
#15746 = SURFACE_CURVE('',#15747,(#15751,#15758),.PCURVE_S1.);
#15747 = LINE('',#15748,#15749);
#15748 = CARTESIAN_POINT('',(2.603020864548,131.46802097305,-6.));
#15749 = VECTOR('',#15750,1.);
#15750 = DIRECTION('',(0.870022185849,0.493012571981,9.659186626638E-17)
  );
#15751 = PCURVE('',#13734,#15752);
#15752 = DEFINITIONAL_REPRESENTATION('',(#15753),#15757);
#15753 = LINE('',#15754,#15755);
#15754 = CARTESIAN_POINT('',(16.,0.));
#15755 = VECTOR('',#15756,1.);
#15756 = DIRECTION('',(0.,1.));
#15757 = ( GEOMETRIC_REPRESENTATION_CONTEXT(2) 
PARAMETRIC_REPRESENTATION_CONTEXT() REPRESENTATION_CONTEXT('2D SPACE',''
  ) );
#15758 = PCURVE('',#13706,#15759);
#15759 = DEFINITIONAL_REPRESENTATION('',(#15760),#15764);
#15760 = LINE('',#15761,#15762);
#15761 = CARTESIAN_POINT('',(4.378831270743E-16,-7.727349301311E-16));
#15762 = VECTOR('',#15763,1.);
#15763 = DIRECTION('',(1.185987736885E-17,-1.));
#15764 = ( GEOMETRIC_REPRESENTATION_CONTEXT(2) 
PARAMETRIC_REPRESENTATION_CONTEXT() REPRESENTATION_CONTEXT('2D SPACE',''
  ) );
#15765 = ORIENTED_EDGE('',*,*,#15766,.F.);
#15766 = EDGE_CURVE('',#15667,#15744,#15767,.T.);
#15767 = SURFACE_CURVE('',#15768,(#15772,#15779),.PCURVE_S1.);
#15768 = LINE('',#15769,#15770);
#15769 = CARTESIAN_POINT('',(9.563198351337,135.4121215489,10.));
#15770 = VECTOR('',#15771,1.);
#15771 = DIRECTION('',(1.110223024625E-16,0.,-1.));
#15772 = PCURVE('',#13734,#15773);
#15773 = DEFINITIONAL_REPRESENTATION('',(#15774),#15778);
#15774 = LINE('',#15775,#15776);
#15775 = CARTESIAN_POINT('',(-1.154434895691E-16,8.));
#15776 = VECTOR('',#15777,1.);
#15777 = DIRECTION('',(1.,0.));
#15778 = ( GEOMETRIC_REPRESENTATION_CONTEXT(2) 
PARAMETRIC_REPRESENTATION_CONTEXT() REPRESENTATION_CONTEXT('2D SPACE',''
  ) );
#15779 = PCURVE('',#15706,#15780);
#15780 = DEFINITIONAL_REPRESENTATION('',(#15781),#15785);
#15781 = LINE('',#15782,#15783);
#15782 = CARTESIAN_POINT('',(1.055247319336,-3.284123453057E-16));
#15783 = VECTOR('',#15784,1.);
#15784 = DIRECTION('',(0.,1.));
#15785 = ( GEOMETRIC_REPRESENTATION_CONTEXT(2) 
PARAMETRIC_REPRESENTATION_CONTEXT() REPRESENTATION_CONTEXT('2D SPACE',''
  ) );
#15786 = ORIENTED_EDGE('',*,*,#15666,.F.);
#15787 = ORIENTED_EDGE('',*,*,#13718,.F.);
#15788 = ADVANCED_FACE('',(#15789),#13706,.T.);
#15789 = FACE_BOUND('',#15790,.T.);
#15790 = EDGE_LOOP('',(#15791,#15814,#15815,#15816,#15840,#15868));
#15791 = ORIENTED_EDGE('',*,*,#15792,.F.);
#15792 = EDGE_CURVE('',#13663,#15793,#15795,.T.);
#15793 = VERTEX_POINT('',#15794);
#15794 = CARTESIAN_POINT('',(14.041185039828,133.21993814588,-6.));
#15795 = SURFACE_CURVE('',#15796,(#15800,#15807),.PCURVE_S1.);
#15796 = LINE('',#15797,#15798);
#15797 = CARTESIAN_POINT('',(3.322102952188,133.21993814588,-6.));
#15798 = VECTOR('',#15799,1.);
#15799 = DIRECTION('',(1.,0.,1.110223024625E-16));
#15800 = PCURVE('',#13706,#15801);
#15801 = DEFINITIONAL_REPRESENTATION('',(#15802),#15806);
#15802 = LINE('',#15803,#15804);
#15803 = CARTESIAN_POINT('',(-1.16969029864,-1.489334560968));
#15804 = VECTOR('',#15805,1.);
#15805 = DIRECTION('',(0.493012571981,-0.870022185849));
#15806 = ( GEOMETRIC_REPRESENTATION_CONTEXT(2) 
PARAMETRIC_REPRESENTATION_CONTEXT() REPRESENTATION_CONTEXT('2D SPACE',''
  ) );
#15807 = PCURVE('',#13678,#15808);
#15808 = DEFINITIONAL_REPRESENTATION('',(#15809),#15813);
#15809 = LINE('',#15810,#15811);
#15810 = CARTESIAN_POINT('',(-0.71908208764,8.));
#15811 = VECTOR('',#15812,1.);
#15812 = DIRECTION('',(1.,0.));
#15813 = ( GEOMETRIC_REPRESENTATION_CONTEXT(2) 
PARAMETRIC_REPRESENTATION_CONTEXT() REPRESENTATION_CONTEXT('2D SPACE',''
  ) );
#15814 = ORIENTED_EDGE('',*,*,#13690,.F.);
#15815 = ORIENTED_EDGE('',*,*,#15743,.T.);
#15816 = ORIENTED_EDGE('',*,*,#15817,.T.);
#15817 = EDGE_CURVE('',#15744,#15818,#15820,.T.);
#15818 = VERTEX_POINT('',#15819);
#15819 = CARTESIAN_POINT('',(15.479349215107,124.97185531871,-6.));
#15820 = SURFACE_CURVE('',#15821,(#15826,#15833),.PCURVE_S1.);
#15821 = CIRCLE('',#15822,6.);
#15822 = AXIS2_PLACEMENT_3D('',#15823,#15824,#15825);
#15823 = CARTESIAN_POINT('',(12.521273783222,130.1919884338,-6.));
#15824 = DIRECTION('',(2.22044604925E-16,0.,-1.));
#15825 = DIRECTION('',(-1.,0.,-2.22044604925E-16));
#15826 = PCURVE('',#13706,#15827);
#15827 = DEFINITIONAL_REPRESENTATION('',(#15828),#15832);
#15828 = CIRCLE('',#15829,6.);
#15829 = AXIS2_PLACEMENT_2D('',#15830,#15831);
#15830 = CARTESIAN_POINT('',(6.,-8.));
#15831 = DIRECTION('',(-0.493012571981,0.870022185849));
#15832 = ( GEOMETRIC_REPRESENTATION_CONTEXT(2) 
PARAMETRIC_REPRESENTATION_CONTEXT() REPRESENTATION_CONTEXT('2D SPACE',''
  ) );
#15833 = PCURVE('',#15706,#15834);
#15834 = DEFINITIONAL_REPRESENTATION('',(#15835),#15839);
#15835 = LINE('',#15836,#15837);
#15836 = CARTESIAN_POINT('',(0.,16.));
#15837 = VECTOR('',#15838,1.);
#15838 = DIRECTION('',(1.,0.));
#15839 = ( GEOMETRIC_REPRESENTATION_CONTEXT(2) 
PARAMETRIC_REPRESENTATION_CONTEXT() REPRESENTATION_CONTEXT('2D SPACE',''
  ) );
#15840 = ORIENTED_EDGE('',*,*,#15841,.F.);
#15841 = EDGE_CURVE('',#15842,#15818,#15844,.T.);
#15842 = VERTEX_POINT('',#15843);
#15843 = CARTESIAN_POINT('',(14.041185039828,124.15689561939,-6.));
#15844 = SURFACE_CURVE('',#15845,(#15849,#15856),.PCURVE_S1.);
#15845 = LINE('',#15846,#15847);
#15846 = CARTESIAN_POINT('',(8.519171728318,121.02775474286,-6.));
#15847 = VECTOR('',#15848,1.);
#15848 = DIRECTION('',(0.870022185849,0.493012571981,9.659186626638E-17)
  );
#15849 = PCURVE('',#13706,#15850);
#15850 = DEFINITIONAL_REPRESENTATION('',(#15851),#15855);
#15851 = LINE('',#15852,#15853);
#15852 = CARTESIAN_POINT('',(12.,-2.353922203463E-15));
#15853 = VECTOR('',#15854,1.);
#15854 = DIRECTION('',(1.185987736885E-17,-1.));
#15855 = ( GEOMETRIC_REPRESENTATION_CONTEXT(2) 
PARAMETRIC_REPRESENTATION_CONTEXT() REPRESENTATION_CONTEXT('2D SPACE',''
  ) );
#15856 = PCURVE('',#15857,#15862);
#15857 = PLANE('',#15858);
#15858 = AXIS2_PLACEMENT_3D('',#15859,#15860,#15861);
#15859 = CARTESIAN_POINT('',(8.519171728318,121.02775474286,10.));
#15860 = DIRECTION('',(0.493012571981,-0.870022185849,5.473539088428E-17
    ));
#15861 = DIRECTION('',(1.110223024625E-16,0.,-1.));
#15862 = DEFINITIONAL_REPRESENTATION('',(#15863),#15867);
#15863 = LINE('',#15864,#15865);
#15864 = CARTESIAN_POINT('',(16.,1.983352987336E-15));
#15865 = VECTOR('',#15866,1.);
#15866 = DIRECTION('',(0.,1.));
#15867 = ( GEOMETRIC_REPRESENTATION_CONTEXT(2) 
PARAMETRIC_REPRESENTATION_CONTEXT() REPRESENTATION_CONTEXT('2D SPACE',''
  ) );
#15868 = ORIENTED_EDGE('',*,*,#15869,.F.);
#15869 = EDGE_CURVE('',#15793,#15842,#15870,.T.);
#15870 = SURFACE_CURVE('',#15871,(#15875,#15882),.PCURVE_S1.);
#15871 = LINE('',#15872,#15873);
#15872 = CARTESIAN_POINT('',(14.041185039828,127.34397955946,-6.));
#15873 = VECTOR('',#15874,1.);
#15874 = DIRECTION('',(0.,-1.,0.));
#15875 = PCURVE('',#13706,#15876);
#15876 = DEFINITIONAL_REPRESENTATION('',(#15877),#15881);
#15877 = LINE('',#15878,#15879);
#15878 = CARTESIAN_POINT('',(9.227166263971,-7.918252333605));
#15879 = VECTOR('',#15880,1.);
#15880 = DIRECTION('',(0.870022185849,0.493012571981));
#15881 = ( GEOMETRIC_REPRESENTATION_CONTEXT(2) 
PARAMETRIC_REPRESENTATION_CONTEXT() REPRESENTATION_CONTEXT('2D SPACE',''
  ) );
#15882 = PCURVE('',#15547,#15883);
#15883 = DEFINITIONAL_REPRESENTATION('',(#15884),#15888);
#15884 = LINE('',#15885,#15886);
#15885 = CARTESIAN_POINT('',(8.,4.124041413584));
#15886 = VECTOR('',#15887,1.);
#15887 = DIRECTION('',(0.,-1.));
#15888 = ( GEOMETRIC_REPRESENTATION_CONTEXT(2) 
PARAMETRIC_REPRESENTATION_CONTEXT() REPRESENTATION_CONTEXT('2D SPACE',''
  ) );
#15889 = ADVANCED_FACE('',(#15890),#13678,.T.);
#15890 = FACE_BOUND('',#15891,.T.);
#15891 = EDGE_LOOP('',(#15892,#15893,#15894,#15895));
#15892 = ORIENTED_EDGE('',*,*,#15508,.F.);
#15893 = ORIENTED_EDGE('',*,*,#13662,.F.);
#15894 = ORIENTED_EDGE('',*,*,#15792,.T.);
#15895 = ORIENTED_EDGE('',*,*,#15896,.T.);
#15896 = EDGE_CURVE('',#15793,#15509,#15897,.T.);
#15897 = SURFACE_CURVE('',#15898,(#15902,#15909),.PCURVE_S1.);
#15898 = LINE('',#15899,#15900);
#15899 = CARTESIAN_POINT('',(14.041185039828,133.21993814588,2.));
#15900 = VECTOR('',#15901,1.);
#15901 = DIRECTION('',(1.110223024625E-16,0.,-1.));
#15902 = PCURVE('',#13678,#15903);
#15903 = DEFINITIONAL_REPRESENTATION('',(#15904),#15908);
#15904 = LINE('',#15905,#15906);
#15905 = CARTESIAN_POINT('',(10.,-2.22044604925E-16));
#15906 = VECTOR('',#15907,1.);
#15907 = DIRECTION('',(0.,1.));
#15908 = ( GEOMETRIC_REPRESENTATION_CONTEXT(2) 
PARAMETRIC_REPRESENTATION_CONTEXT() REPRESENTATION_CONTEXT('2D SPACE',''
  ) );
#15909 = PCURVE('',#15547,#15910);
#15910 = DEFINITIONAL_REPRESENTATION('',(#15911),#15915);
#15911 = LINE('',#15912,#15913);
#15912 = CARTESIAN_POINT('',(0.,10.));
#15913 = VECTOR('',#15914,1.);
#15914 = DIRECTION('',(1.,0.));
#15915 = ( GEOMETRIC_REPRESENTATION_CONTEXT(2) 
PARAMETRIC_REPRESENTATION_CONTEXT() REPRESENTATION_CONTEXT('2D SPACE',''
  ) );
#15916 = ADVANCED_FACE('',(#15917),#13603,.F.);
#15917 = FACE_BOUND('',#15918,.F.);
#15918 = EDGE_LOOP('',(#15919,#15920,#15941,#15942));
#15919 = ORIENTED_EDGE('',*,*,#13587,.F.);
#15920 = ORIENTED_EDGE('',*,*,#15921,.T.);
#15921 = EDGE_CURVE('',#13560,#15288,#15922,.T.);
#15922 = SURFACE_CURVE('',#15923,(#15927,#15934),.PCURVE_S1.);
#15923 = LINE('',#15924,#15925);
#15924 = CARTESIAN_POINT('',(6.,107.,7.));
#15925 = VECTOR('',#15926,1.);
#15926 = DIRECTION('',(1.,0.,1.110223024625E-16));
#15927 = PCURVE('',#13603,#15928);
#15928 = DEFINITIONAL_REPRESENTATION('',(#15929),#15933);
#15929 = LINE('',#15930,#15931);
#15930 = CARTESIAN_POINT('',(8.881784197001E-16,9.860761315263E-32));
#15931 = VECTOR('',#15932,1.);
#15932 = DIRECTION('',(1.,0.));
#15933 = ( GEOMETRIC_REPRESENTATION_CONTEXT(2) 
PARAMETRIC_REPRESENTATION_CONTEXT() REPRESENTATION_CONTEXT('2D SPACE',''
  ) );
#15934 = PCURVE('',#13575,#15935);
#15935 = DEFINITIONAL_REPRESENTATION('',(#15936),#15940);
#15936 = LINE('',#15937,#15938);
#15937 = CARTESIAN_POINT('',(0.,0.));
#15938 = VECTOR('',#15939,1.);
#15939 = DIRECTION('',(1.,0.));
#15940 = ( GEOMETRIC_REPRESENTATION_CONTEXT(2) 
PARAMETRIC_REPRESENTATION_CONTEXT() REPRESENTATION_CONTEXT('2D SPACE',''
  ) );
#15941 = ORIENTED_EDGE('',*,*,#15287,.F.);
#15942 = ORIENTED_EDGE('',*,*,#13807,.F.);
#15943 = ADVANCED_FACE('',(#15944),#14120,.T.);
#15944 = FACE_BOUND('',#15945,.T.);
#15945 = EDGE_LOOP('',(#15946,#15947,#15948));
#15946 = ORIENTED_EDGE('',*,*,#14188,.F.);
#15947 = ORIENTED_EDGE('',*,*,#14774,.F.);
#15948 = ORIENTED_EDGE('',*,*,#14104,.T.);
#15949 = ADVANCED_FACE('',(#15950),#14069,.F.);
#15950 = FACE_BOUND('',#15951,.F.);
#15951 = EDGE_LOOP('',(#15952,#15953,#15954,#15955));
#15952 = ORIENTED_EDGE('',*,*,#14676,.F.);
#15953 = ORIENTED_EDGE('',*,*,#14925,.F.);
#15954 = ORIENTED_EDGE('',*,*,#14728,.T.);
#15955 = ORIENTED_EDGE('',*,*,#14053,.T.);
#15956 = ADVANCED_FACE('',(#15957),#14816,.T.);
#15957 = FACE_BOUND('',#15958,.T.);
#15958 = EDGE_LOOP('',(#15959,#15960,#15961,#15962));
#15959 = ORIENTED_EDGE('',*,*,#15220,.F.);
#15960 = ORIENTED_EDGE('',*,*,#14798,.T.);
#15961 = ORIENTED_EDGE('',*,*,#14987,.T.);
#15962 = ORIENTED_EDGE('',*,*,#15963,.F.);
#15963 = EDGE_CURVE('',#15198,#14960,#15964,.T.);
#15964 = SURFACE_CURVE('',#15965,(#15969,#15976),.PCURVE_S1.);
#15965 = LINE('',#15966,#15967);
#15966 = CARTESIAN_POINT('',(38.049408789411,-123.4375665964,-16.9));
#15967 = VECTOR('',#15968,1.);
#15968 = DIRECTION('',(1.110223024625E-16,0.,-1.));
#15969 = PCURVE('',#14816,#15970);
#15970 = DEFINITIONAL_REPRESENTATION('',(#15971),#15975);
#15971 = LINE('',#15972,#15973);
#15972 = CARTESIAN_POINT('',(3.476329490907,7.864515677909E-16));
#15973 = VECTOR('',#15974,1.);
#15974 = DIRECTION('',(0.,1.));
#15975 = ( GEOMETRIC_REPRESENTATION_CONTEXT(2) 
PARAMETRIC_REPRESENTATION_CONTEXT() REPRESENTATION_CONTEXT('2D SPACE',''
  ) );
#15976 = PCURVE('',#14975,#15977);
#15977 = DEFINITIONAL_REPRESENTATION('',(#15978),#15982);
#15978 = LINE('',#15979,#15980);
#15979 = CARTESIAN_POINT('',(-6.446913488808E-15,176.75795661885));
#15980 = VECTOR('',#15981,1.);
#15981 = DIRECTION('',(1.,0.));
#15982 = ( GEOMETRIC_REPRESENTATION_CONTEXT(2) 
PARAMETRIC_REPRESENTATION_CONTEXT() REPRESENTATION_CONTEXT('2D SPACE',''
  ) );
#15983 = ADVANCED_FACE('',(#15984),#14975,.F.);
#15984 = FACE_BOUND('',#15985,.F.);
#15985 = EDGE_LOOP('',(#15986,#15987,#15988,#15989,#15990,#15991,#16014,
    #16042));
#15986 = ORIENTED_EDGE('',*,*,#15118,.F.);
#15987 = ORIENTED_EDGE('',*,*,#15263,.T.);
#15988 = ORIENTED_EDGE('',*,*,#14957,.T.);
#15989 = ORIENTED_EDGE('',*,*,#15963,.F.);
#15990 = ORIENTED_EDGE('',*,*,#15197,.F.);
#15991 = ORIENTED_EDGE('',*,*,#15992,.T.);
#15992 = EDGE_CURVE('',#15170,#15993,#15995,.T.);
#15993 = VERTEX_POINT('',#15994);
#15994 = CARTESIAN_POINT('',(78.455488052568,-7.270088714903,-22.));
#15995 = SURFACE_CURVE('',#15996,(#16000,#16007),.PCURVE_S1.);
#15996 = LINE('',#15997,#15998);
#15997 = CARTESIAN_POINT('',(78.455488052568,-7.270088714903,-7.45));
#15998 = VECTOR('',#15999,1.);
#15999 = DIRECTION('',(1.110223024625E-16,0.,-1.));
#16000 = PCURVE('',#14975,#16001);
#16001 = DEFINITIONAL_REPRESENTATION('',(#16002),#16006);
#16002 = LINE('',#16003,#16004);
#16003 = CARTESIAN_POINT('',(-9.45,53.763915467318));
#16004 = VECTOR('',#16005,1.);
#16005 = DIRECTION('',(1.,0.));
#16006 = ( GEOMETRIC_REPRESENTATION_CONTEXT(2) 
PARAMETRIC_REPRESENTATION_CONTEXT() REPRESENTATION_CONTEXT('2D SPACE',''
  ) );
#16007 = PCURVE('',#15185,#16008);
#16008 = DEFINITIONAL_REPRESENTATION('',(#16009),#16013);
#16009 = LINE('',#16010,#16011);
#16010 = CARTESIAN_POINT('',(9.45,10.209141496002));
#16011 = VECTOR('',#16012,1.);
#16012 = DIRECTION('',(1.,0.));
#16013 = ( GEOMETRIC_REPRESENTATION_CONTEXT(2) 
PARAMETRIC_REPRESENTATION_CONTEXT() REPRESENTATION_CONTEXT('2D SPACE',''
  ) );
#16014 = ORIENTED_EDGE('',*,*,#16015,.F.);
#16015 = EDGE_CURVE('',#16016,#15993,#16018,.T.);
#16016 = VERTEX_POINT('',#16017);
#16017 = CARTESIAN_POINT('',(79.078395358306,-5.479230210905,-22.));
#16018 = SURFACE_CURVE('',#16019,(#16023,#16030),.PCURVE_S1.);
#16019 = LINE('',#16020,#16021);
#16020 = CARTESIAN_POINT('',(85.702885307326,13.566178392527,-22.));
#16021 = VECTOR('',#16022,1.);
#16022 = DIRECTION('',(-0.328520624941,-0.944496796706,
    -3.64731161874E-17));
#16023 = PCURVE('',#14975,#16024);
#16024 = DEFINITIONAL_REPRESENTATION('',(#16025),#16029);
#16025 = LINE('',#16026,#16027);
#16026 = CARTESIAN_POINT('',(5.1,31.703208453706));
#16027 = VECTOR('',#16028,1.);
#16028 = DIRECTION('',(0.,1.));
#16029 = ( GEOMETRIC_REPRESENTATION_CONTEXT(2) 
PARAMETRIC_REPRESENTATION_CONTEXT() REPRESENTATION_CONTEXT('2D SPACE',''
  ) );
#16030 = PCURVE('',#16031,#16036);
#16031 = PLANE('',#16032);
#16032 = AXIS2_PLACEMENT_3D('',#16033,#16034,#16035);
#16033 = CARTESIAN_POINT('',(78.455488052568,-17.4792302109,-22.));
#16034 = DIRECTION('',(1.110223024625E-16,0.,-1.));
#16035 = DIRECTION('',(1.,0.,1.110223024625E-16));
#16036 = DEFINITIONAL_REPRESENTATION('',(#16037),#16041);
#16037 = LINE('',#16038,#16039);
#16038 = CARTESIAN_POINT('',(7.247397254758,-31.04540860343));
#16039 = VECTOR('',#16040,1.);
#16040 = DIRECTION('',(-0.328520624941,0.944496796706));
#16041 = ( GEOMETRIC_REPRESENTATION_CONTEXT(2) 
PARAMETRIC_REPRESENTATION_CONTEXT() REPRESENTATION_CONTEXT('2D SPACE',''
  ) );
#16042 = ORIENTED_EDGE('',*,*,#16043,.F.);
#16043 = EDGE_CURVE('',#15119,#16016,#16044,.T.);
#16044 = SURFACE_CURVE('',#16045,(#16049,#16056),.PCURVE_S1.);
#16045 = LINE('',#16046,#16047);
#16046 = CARTESIAN_POINT('',(79.078395358306,-5.479230210905,-7.45));
#16047 = VECTOR('',#16048,1.);
#16048 = DIRECTION('',(1.110223024625E-16,0.,-1.));
#16049 = PCURVE('',#14975,#16050);
#16050 = DEFINITIONAL_REPRESENTATION('',(#16051),#16055);
#16051 = LINE('',#16052,#16053);
#16052 = CARTESIAN_POINT('',(-9.45,51.867817449576));
#16053 = VECTOR('',#16054,1.);
#16054 = DIRECTION('',(1.,0.));
#16055 = ( GEOMETRIC_REPRESENTATION_CONTEXT(2) 
PARAMETRIC_REPRESENTATION_CONTEXT() REPRESENTATION_CONTEXT('2D SPACE',''
  ) );
#16056 = PCURVE('',#15157,#16057);
#16057 = DEFINITIONAL_REPRESENTATION('',(#16058),#16062);
#16058 = LINE('',#16059,#16060);
#16059 = CARTESIAN_POINT('',(0.622907305738,9.45));
#16060 = VECTOR('',#16061,1.);
#16061 = DIRECTION('',(0.,1.));
#16062 = ( GEOMETRIC_REPRESENTATION_CONTEXT(2) 
PARAMETRIC_REPRESENTATION_CONTEXT() REPRESENTATION_CONTEXT('2D SPACE',''
  ) );
#16063 = ADVANCED_FACE('',(#16064),#15157,.T.);
#16064 = FACE_BOUND('',#16065,.T.);
#16065 = EDGE_LOOP('',(#16066,#16089,#16117,#16145,#16173,#16201,#16222,
    #16223));
#16066 = ORIENTED_EDGE('',*,*,#16067,.F.);
#16067 = EDGE_CURVE('',#16068,#15142,#16070,.T.);
#16068 = VERTEX_POINT('',#16069);
#16069 = CARTESIAN_POINT('',(78.455488052568,-5.479230210905,-13.));
#16070 = SURFACE_CURVE('',#16071,(#16075,#16082),.PCURVE_S1.);
#16071 = LINE('',#16072,#16073);
#16072 = CARTESIAN_POINT('',(78.455488052568,-5.479230210905,2.));
#16073 = VECTOR('',#16074,1.);
#16074 = DIRECTION('',(1.110223024625E-16,0.,-1.));
#16075 = PCURVE('',#15157,#16076);
#16076 = DEFINITIONAL_REPRESENTATION('',(#16077),#16081);
#16077 = LINE('',#16078,#16079);
#16078 = CARTESIAN_POINT('',(0.,0.));
#16079 = VECTOR('',#16080,1.);
#16080 = DIRECTION('',(0.,1.));
#16081 = ( GEOMETRIC_REPRESENTATION_CONTEXT(2) 
PARAMETRIC_REPRESENTATION_CONTEXT() REPRESENTATION_CONTEXT('2D SPACE',''
  ) );
#16082 = PCURVE('',#15185,#16083);
#16083 = DEFINITIONAL_REPRESENTATION('',(#16084),#16088);
#16084 = LINE('',#16085,#16086);
#16085 = CARTESIAN_POINT('',(0.,12.));
#16086 = VECTOR('',#16087,1.);
#16087 = DIRECTION('',(1.,0.));
#16088 = ( GEOMETRIC_REPRESENTATION_CONTEXT(2) 
PARAMETRIC_REPRESENTATION_CONTEXT() REPRESENTATION_CONTEXT('2D SPACE',''
  ) );
#16089 = ORIENTED_EDGE('',*,*,#16090,.F.);
#16090 = EDGE_CURVE('',#16091,#16068,#16093,.T.);
#16091 = VERTEX_POINT('',#16092);
#16092 = CARTESIAN_POINT('',(84.5,-5.479230210905,-13.));
#16093 = SURFACE_CURVE('',#16094,(#16098,#16105),.PCURVE_S1.);
#16094 = LINE('',#16095,#16096);
#16095 = CARTESIAN_POINT('',(76.477744026284,-5.479230210905,-13.));
#16096 = VECTOR('',#16097,1.);
#16097 = DIRECTION('',(-1.,0.,-1.110223024625E-16));
#16098 = PCURVE('',#15157,#16099);
#16099 = DEFINITIONAL_REPRESENTATION('',(#16100),#16104);
#16100 = LINE('',#16101,#16102);
#16101 = CARTESIAN_POINT('',(-1.977744026284,15.));
#16102 = VECTOR('',#16103,1.);
#16103 = DIRECTION('',(-1.,0.));
#16104 = ( GEOMETRIC_REPRESENTATION_CONTEXT(2) 
PARAMETRIC_REPRESENTATION_CONTEXT() REPRESENTATION_CONTEXT('2D SPACE',''
  ) );
#16105 = PCURVE('',#16106,#16111);
#16106 = PLANE('',#16107);
#16107 = AXIS2_PLACEMENT_3D('',#16108,#16109,#16110);
#16108 = CARTESIAN_POINT('',(74.5,-36.,-13.));
#16109 = DIRECTION('',(1.110223024625E-16,0.,-1.));
#16110 = DIRECTION('',(1.,0.,1.110223024625E-16));
#16111 = DEFINITIONAL_REPRESENTATION('',(#16112),#16116);
#16112 = LINE('',#16113,#16114);
#16113 = CARTESIAN_POINT('',(1.977744026284,-30.52076978909));
#16114 = VECTOR('',#16115,1.);
#16115 = DIRECTION('',(-1.,-0.));
#16116 = ( GEOMETRIC_REPRESENTATION_CONTEXT(2) 
PARAMETRIC_REPRESENTATION_CONTEXT() REPRESENTATION_CONTEXT('2D SPACE',''
  ) );
#16117 = ORIENTED_EDGE('',*,*,#16118,.F.);
#16118 = EDGE_CURVE('',#16119,#16091,#16121,.T.);
#16119 = VERTEX_POINT('',#16120);
#16120 = CARTESIAN_POINT('',(84.5,-5.479230210905,-3.));
#16121 = SURFACE_CURVE('',#16122,(#16126,#16133),.PCURVE_S1.);
#16122 = LINE('',#16123,#16124);
#16123 = CARTESIAN_POINT('',(84.5,-5.479230210905,7.5));
#16124 = VECTOR('',#16125,1.);
#16125 = DIRECTION('',(1.110223024625E-16,0.,-1.));
#16126 = PCURVE('',#15157,#16127);
#16127 = DEFINITIONAL_REPRESENTATION('',(#16128),#16132);
#16128 = LINE('',#16129,#16130);
#16129 = CARTESIAN_POINT('',(6.044511947432,-5.5));
#16130 = VECTOR('',#16131,1.);
#16131 = DIRECTION('',(0.,1.));
#16132 = ( GEOMETRIC_REPRESENTATION_CONTEXT(2) 
PARAMETRIC_REPRESENTATION_CONTEXT() REPRESENTATION_CONTEXT('2D SPACE',''
  ) );
#16133 = PCURVE('',#16134,#16139);
#16134 = PLANE('',#16135);
#16135 = AXIS2_PLACEMENT_3D('',#16136,#16137,#16138);
#16136 = CARTESIAN_POINT('',(84.5,-36.,13.));
#16137 = DIRECTION('',(1.,0.,1.110223024625E-16));
#16138 = DIRECTION('',(1.110223024625E-16,0.,-1.));
#16139 = DEFINITIONAL_REPRESENTATION('',(#16140),#16144);
#16140 = LINE('',#16141,#16142);
#16141 = CARTESIAN_POINT('',(5.5,30.520769789095));
#16142 = VECTOR('',#16143,1.);
#16143 = DIRECTION('',(1.,0.));
#16144 = ( GEOMETRIC_REPRESENTATION_CONTEXT(2) 
PARAMETRIC_REPRESENTATION_CONTEXT() REPRESENTATION_CONTEXT('2D SPACE',''
  ) );
#16145 = ORIENTED_EDGE('',*,*,#16146,.T.);
#16146 = EDGE_CURVE('',#16119,#16147,#16149,.T.);
#16147 = VERTEX_POINT('',#16148);
#16148 = CARTESIAN_POINT('',(88.455488052568,-5.479230210905,-3.));
#16149 = SURFACE_CURVE('',#16150,(#16154,#16161),.PCURVE_S1.);
#16150 = LINE('',#16151,#16152);
#16151 = CARTESIAN_POINT('',(83.850576059863,-5.479230210905,-3.));
#16152 = VECTOR('',#16153,1.);
#16153 = DIRECTION('',(1.,0.,1.110223024625E-16));
#16154 = PCURVE('',#15157,#16155);
#16155 = DEFINITIONAL_REPRESENTATION('',(#16156),#16160);
#16156 = LINE('',#16157,#16158);
#16157 = CARTESIAN_POINT('',(5.395088007295,5.));
#16158 = VECTOR('',#16159,1.);
#16159 = DIRECTION('',(1.,0.));
#16160 = ( GEOMETRIC_REPRESENTATION_CONTEXT(2) 
PARAMETRIC_REPRESENTATION_CONTEXT() REPRESENTATION_CONTEXT('2D SPACE',''
  ) );
#16161 = PCURVE('',#16162,#16167);
#16162 = PLANE('',#16163);
#16163 = AXIS2_PLACEMENT_3D('',#16164,#16165,#16166);
#16164 = CARTESIAN_POINT('',(89.245664067158,-3.964320915373,-3.));
#16165 = DIRECTION('',(1.110223024625E-16,0.,-1.));
#16166 = DIRECTION('',(-0.944496796706,0.328520624941,
    -1.048602090388E-16));
#16167 = DEFINITIONAL_REPRESENTATION('',(#16168),#16172);
#16168 = LINE('',#16169,#16170);
#16169 = CARTESIAN_POINT('',(4.597964392341,-3.2032246607));
#16170 = VECTOR('',#16171,1.);
#16171 = DIRECTION('',(-0.944496796706,0.328520624941));
#16172 = ( GEOMETRIC_REPRESENTATION_CONTEXT(2) 
PARAMETRIC_REPRESENTATION_CONTEXT() REPRESENTATION_CONTEXT('2D SPACE',''
  ) );
#16173 = ORIENTED_EDGE('',*,*,#16174,.T.);
#16174 = EDGE_CURVE('',#16147,#16175,#16177,.T.);
#16175 = VERTEX_POINT('',#16176);
#16176 = CARTESIAN_POINT('',(88.455488052568,-5.479230210905,-22.));
#16177 = SURFACE_CURVE('',#16178,(#16182,#16189),.PCURVE_S1.);
#16178 = LINE('',#16179,#16180);
#16179 = CARTESIAN_POINT('',(88.455488052568,-5.479230210905,2.));
#16180 = VECTOR('',#16181,1.);
#16181 = DIRECTION('',(1.110223024625E-16,0.,-1.));
#16182 = PCURVE('',#15157,#16183);
#16183 = DEFINITIONAL_REPRESENTATION('',(#16184),#16188);
#16184 = LINE('',#16185,#16186);
#16185 = CARTESIAN_POINT('',(10.,1.110223024625E-15));
#16186 = VECTOR('',#16187,1.);
#16187 = DIRECTION('',(0.,1.));
#16188 = ( GEOMETRIC_REPRESENTATION_CONTEXT(2) 
PARAMETRIC_REPRESENTATION_CONTEXT() REPRESENTATION_CONTEXT('2D SPACE',''
  ) );
#16189 = PCURVE('',#16190,#16195);
#16190 = PLANE('',#16191);
#16191 = AXIS2_PLACEMENT_3D('',#16192,#16193,#16194);
#16192 = CARTESIAN_POINT('',(88.455488052568,-17.4792302109,2.));
#16193 = DIRECTION('',(1.,0.,1.110223024625E-16));
#16194 = DIRECTION('',(1.110223024625E-16,0.,-1.));
#16195 = DEFINITIONAL_REPRESENTATION('',(#16196),#16200);
#16196 = LINE('',#16197,#16198);
#16197 = CARTESIAN_POINT('',(0.,12.));
#16198 = VECTOR('',#16199,1.);
#16199 = DIRECTION('',(1.,0.));
#16200 = ( GEOMETRIC_REPRESENTATION_CONTEXT(2) 
PARAMETRIC_REPRESENTATION_CONTEXT() REPRESENTATION_CONTEXT('2D SPACE',''
  ) );
#16201 = ORIENTED_EDGE('',*,*,#16202,.F.);
#16202 = EDGE_CURVE('',#16016,#16175,#16203,.T.);
#16203 = SURFACE_CURVE('',#16204,(#16208,#16215),.PCURVE_S1.);
#16204 = LINE('',#16205,#16206);
#16205 = CARTESIAN_POINT('',(78.455488052568,-5.479230210905,-22.));
#16206 = VECTOR('',#16207,1.);
#16207 = DIRECTION('',(1.,0.,1.110223024625E-16));
#16208 = PCURVE('',#15157,#16209);
#16209 = DEFINITIONAL_REPRESENTATION('',(#16210),#16214);
#16210 = LINE('',#16211,#16212);
#16211 = CARTESIAN_POINT('',(-2.6645352591E-15,24.));
#16212 = VECTOR('',#16213,1.);
#16213 = DIRECTION('',(1.,0.));
#16214 = ( GEOMETRIC_REPRESENTATION_CONTEXT(2) 
PARAMETRIC_REPRESENTATION_CONTEXT() REPRESENTATION_CONTEXT('2D SPACE',''
  ) );
#16215 = PCURVE('',#16031,#16216);
#16216 = DEFINITIONAL_REPRESENTATION('',(#16217),#16221);
#16217 = LINE('',#16218,#16219);
#16218 = CARTESIAN_POINT('',(0.,-12.));
#16219 = VECTOR('',#16220,1.);
#16220 = DIRECTION('',(1.,0.));
#16221 = ( GEOMETRIC_REPRESENTATION_CONTEXT(2) 
PARAMETRIC_REPRESENTATION_CONTEXT() REPRESENTATION_CONTEXT('2D SPACE',''
  ) );
#16222 = ORIENTED_EDGE('',*,*,#16043,.F.);
#16223 = ORIENTED_EDGE('',*,*,#15141,.F.);
#16224 = ADVANCED_FACE('',(#16225),#15185,.F.);
#16225 = FACE_BOUND('',#16226,.F.);
#16226 = EDGE_LOOP('',(#16227,#16228,#16251,#16279,#16300,#16301));
#16227 = ORIENTED_EDGE('',*,*,#16067,.F.);
#16228 = ORIENTED_EDGE('',*,*,#16229,.F.);
#16229 = EDGE_CURVE('',#16230,#16068,#16232,.T.);
#16230 = VERTEX_POINT('',#16231);
#16231 = CARTESIAN_POINT('',(78.455488052568,-17.4792302109,-13.));
#16232 = SURFACE_CURVE('',#16233,(#16237,#16244),.PCURVE_S1.);
#16233 = LINE('',#16234,#16235);
#16234 = CARTESIAN_POINT('',(78.455488052568,-26.73961510545,-13.));
#16235 = VECTOR('',#16236,1.);
#16236 = DIRECTION('',(0.,1.,0.));
#16237 = PCURVE('',#15185,#16238);
#16238 = DEFINITIONAL_REPRESENTATION('',(#16239),#16243);
#16239 = LINE('',#16240,#16241);
#16240 = CARTESIAN_POINT('',(15.,-9.260384894548));
#16241 = VECTOR('',#16242,1.);
#16242 = DIRECTION('',(0.,1.));
#16243 = ( GEOMETRIC_REPRESENTATION_CONTEXT(2) 
PARAMETRIC_REPRESENTATION_CONTEXT() REPRESENTATION_CONTEXT('2D SPACE',''
  ) );
#16244 = PCURVE('',#16106,#16245);
#16245 = DEFINITIONAL_REPRESENTATION('',(#16246),#16250);
#16246 = LINE('',#16247,#16248);
#16247 = CARTESIAN_POINT('',(3.955488052568,-9.260384894548));
#16248 = VECTOR('',#16249,1.);
#16249 = DIRECTION('',(0.,-1.));
#16250 = ( GEOMETRIC_REPRESENTATION_CONTEXT(2) 
PARAMETRIC_REPRESENTATION_CONTEXT() REPRESENTATION_CONTEXT('2D SPACE',''
  ) );
#16251 = ORIENTED_EDGE('',*,*,#16252,.T.);
#16252 = EDGE_CURVE('',#16230,#16253,#16255,.T.);
#16253 = VERTEX_POINT('',#16254);
#16254 = CARTESIAN_POINT('',(78.455488052568,-17.4792302109,-22.));
#16255 = SURFACE_CURVE('',#16256,(#16260,#16267),.PCURVE_S1.);
#16256 = LINE('',#16257,#16258);
#16257 = CARTESIAN_POINT('',(78.455488052568,-17.4792302109,2.));
#16258 = VECTOR('',#16259,1.);
#16259 = DIRECTION('',(1.110223024625E-16,0.,-1.));
#16260 = PCURVE('',#15185,#16261);
#16261 = DEFINITIONAL_REPRESENTATION('',(#16262),#16266);
#16262 = LINE('',#16263,#16264);
#16263 = CARTESIAN_POINT('',(0.,0.));
#16264 = VECTOR('',#16265,1.);
#16265 = DIRECTION('',(1.,0.));
#16266 = ( GEOMETRIC_REPRESENTATION_CONTEXT(2) 
PARAMETRIC_REPRESENTATION_CONTEXT() REPRESENTATION_CONTEXT('2D SPACE',''
  ) );
#16267 = PCURVE('',#16268,#16273);
#16268 = PLANE('',#16269);
#16269 = AXIS2_PLACEMENT_3D('',#16270,#16271,#16272);
#16270 = CARTESIAN_POINT('',(78.455488052568,-17.4792302109,2.));
#16271 = DIRECTION('',(0.,1.,0.));
#16272 = DIRECTION('',(1.,0.,1.110223024625E-16));
#16273 = DEFINITIONAL_REPRESENTATION('',(#16274),#16278);
#16274 = LINE('',#16275,#16276);
#16275 = CARTESIAN_POINT('',(0.,0.));
#16276 = VECTOR('',#16277,1.);
#16277 = DIRECTION('',(0.,1.));
#16278 = ( GEOMETRIC_REPRESENTATION_CONTEXT(2) 
PARAMETRIC_REPRESENTATION_CONTEXT() REPRESENTATION_CONTEXT('2D SPACE',''
  ) );
#16279 = ORIENTED_EDGE('',*,*,#16280,.T.);
#16280 = EDGE_CURVE('',#16253,#15993,#16281,.T.);
#16281 = SURFACE_CURVE('',#16282,(#16286,#16293),.PCURVE_S1.);
#16282 = LINE('',#16283,#16284);
#16283 = CARTESIAN_POINT('',(78.455488052568,-17.4792302109,-22.));
#16284 = VECTOR('',#16285,1.);
#16285 = DIRECTION('',(0.,1.,0.));
#16286 = PCURVE('',#15185,#16287);
#16287 = DEFINITIONAL_REPRESENTATION('',(#16288),#16292);
#16288 = LINE('',#16289,#16290);
#16289 = CARTESIAN_POINT('',(24.,0.));
#16290 = VECTOR('',#16291,1.);
#16291 = DIRECTION('',(0.,1.));
#16292 = ( GEOMETRIC_REPRESENTATION_CONTEXT(2) 
PARAMETRIC_REPRESENTATION_CONTEXT() REPRESENTATION_CONTEXT('2D SPACE',''
  ) );
#16293 = PCURVE('',#16031,#16294);
#16294 = DEFINITIONAL_REPRESENTATION('',(#16295),#16299);
#16295 = LINE('',#16296,#16297);
#16296 = CARTESIAN_POINT('',(0.,0.));
#16297 = VECTOR('',#16298,1.);
#16298 = DIRECTION('',(0.,-1.));
#16299 = ( GEOMETRIC_REPRESENTATION_CONTEXT(2) 
PARAMETRIC_REPRESENTATION_CONTEXT() REPRESENTATION_CONTEXT('2D SPACE',''
  ) );
#16300 = ORIENTED_EDGE('',*,*,#15992,.F.);
#16301 = ORIENTED_EDGE('',*,*,#15169,.F.);
#16302 = ADVANCED_FACE('',(#16303),#15351,.F.);
#16303 = FACE_BOUND('',#16304,.F.);
#16304 = EDGE_LOOP('',(#16305,#16306,#16307,#16334));
#16305 = ORIENTED_EDGE('',*,*,#15559,.F.);
#16306 = ORIENTED_EDGE('',*,*,#15335,.T.);
#16307 = ORIENTED_EDGE('',*,*,#16308,.F.);
#16308 = EDGE_CURVE('',#16309,#15336,#16311,.T.);
#16309 = VERTEX_POINT('',#16310);
#16310 = CARTESIAN_POINT('',(14.041185039828,123.21993814588,
    -3.273195783989));
#16311 = SURFACE_CURVE('',#16312,(#16317,#16324),.PCURVE_S1.);
#16312 = ELLIPSE('',#16313,6.436617469172,5.6);
#16313 = AXIS2_PLACEMENT_3D('',#16314,#16315,#16316);
#16314 = CARTESIAN_POINT('',(11.874518373161,123.21993814588,2.));
#16315 = DIRECTION('',(0.,1.,0.));
#16316 = DIRECTION('',(-1.,0.,-1.110223024625E-16));
#16317 = PCURVE('',#15351,#16318);
#16318 = DEFINITIONAL_REPRESENTATION('',(#16319),#16323);
#16319 = ELLIPSE('',#16320,6.436617469172,5.6);
#16320 = AXIS2_PLACEMENT_2D('',#16321,#16322);
#16321 = CARTESIAN_POINT('',(7.833333333333,-1.850371707709E-17));
#16322 = DIRECTION('',(-1.,0.));
#16323 = ( GEOMETRIC_REPRESENTATION_CONTEXT(2) 
PARAMETRIC_REPRESENTATION_CONTEXT() REPRESENTATION_CONTEXT('2D SPACE',''
  ) );
#16324 = PCURVE('',#15380,#16325);
#16325 = DEFINITIONAL_REPRESENTATION('',(#16326),#16333);
#16326 = B_SPLINE_CURVE_WITH_KNOTS('',5,(#16327,#16328,#16329,#16330,
    #16331,#16332),.UNSPECIFIED.,.F.,.F.,(6,6),(4.198030048118,
    4.632571214855),.PIECEWISE_BEZIER_KNOTS.);
#16327 = CARTESIAN_POINT('',(5.768826374913,8.691813638872));
#16328 = CARTESIAN_POINT('',(5.85573460826,8.931917649516));
#16329 = CARTESIAN_POINT('',(5.942642841608,9.186761276077));
#16330 = CARTESIAN_POINT('',(6.029551074955,9.452567754833));
#16331 = CARTESIAN_POINT('',(6.116459308303,9.725089847933));
#16332 = CARTESIAN_POINT('',(6.20336754165,10.0000006));
#16333 = ( GEOMETRIC_REPRESENTATION_CONTEXT(2) 
PARAMETRIC_REPRESENTATION_CONTEXT() REPRESENTATION_CONTEXT('2D SPACE',''
  ) );
#16334 = ORIENTED_EDGE('',*,*,#16335,.T.);
#16335 = EDGE_CURVE('',#16309,#15532,#16336,.T.);
#16336 = SURFACE_CURVE('',#16337,(#16341,#16348),.PCURVE_S1.);
#16337 = LINE('',#16338,#16339);
#16338 = CARTESIAN_POINT('',(14.041185039828,123.21993814588,2.));
#16339 = VECTOR('',#16340,1.);
#16340 = DIRECTION('',(1.110223024625E-16,0.,-1.));
#16341 = PCURVE('',#15351,#16342);
#16342 = DEFINITIONAL_REPRESENTATION('',(#16343),#16347);
#16343 = LINE('',#16344,#16345);
#16344 = CARTESIAN_POINT('',(10.,-2.22044604925E-16));
#16345 = VECTOR('',#16346,1.);
#16346 = DIRECTION('',(0.,1.));
#16347 = ( GEOMETRIC_REPRESENTATION_CONTEXT(2) 
PARAMETRIC_REPRESENTATION_CONTEXT() REPRESENTATION_CONTEXT('2D SPACE',''
  ) );
#16348 = PCURVE('',#15547,#16349);
#16349 = DEFINITIONAL_REPRESENTATION('',(#16350),#16354);
#16350 = LINE('',#16351,#16352);
#16351 = CARTESIAN_POINT('',(0.,0.));
#16352 = VECTOR('',#16353,1.);
#16353 = DIRECTION('',(1.,0.));
#16354 = ( GEOMETRIC_REPRESENTATION_CONTEXT(2) 
PARAMETRIC_REPRESENTATION_CONTEXT() REPRESENTATION_CONTEXT('2D SPACE',''
  ) );
#16355 = ADVANCED_FACE('',(#16356),#15380,.T.);
#16356 = FACE_BOUND('',#16357,.T.);
#16357 = EDGE_LOOP('',(#16358,#16388,#16409,#16410,#16432,#16433,#16434,
    #16435,#16462,#16490));
#16358 = ORIENTED_EDGE('',*,*,#16359,.F.);
#16359 = EDGE_CURVE('',#16360,#16362,#16364,.T.);
#16360 = VERTEX_POINT('',#16361);
#16361 = CARTESIAN_POINT('',(9.805148004083,121.75647463247,7.));
#16362 = VERTEX_POINT('',#16363);
#16363 = CARTESIAN_POINT('',(15.479349215107,124.97185531871,
    5.919183588453));
#16364 = SURFACE_CURVE('',#16365,(#16370,#16377),.PCURVE_S1.);
#16365 = CIRCLE('',#16366,5.6);
#16366 = AXIS2_PLACEMENT_3D('',#16367,#16368,#16369);
#16367 = CARTESIAN_POINT('',(11.999260471713,122.99980503079,2.));
#16368 = DIRECTION('',(-0.493012571981,0.870022185849,
    -5.473539088428E-17));
#16369 = DIRECTION('',(1.110223024625E-16,0.,-1.));
#16370 = PCURVE('',#15380,#16371);
#16371 = DEFINITIONAL_REPRESENTATION('',(#16372),#16376);
#16372 = LINE('',#16373,#16374);
#16373 = CARTESIAN_POINT('',(0.,10.));
#16374 = VECTOR('',#16375,1.);
#16375 = DIRECTION('',(1.,0.));
#16376 = ( GEOMETRIC_REPRESENTATION_CONTEXT(2) 
PARAMETRIC_REPRESENTATION_CONTEXT() REPRESENTATION_CONTEXT('2D SPACE',''
  ) );
#16377 = PCURVE('',#15650,#16378);
#16378 = DEFINITIONAL_REPRESENTATION('',(#16379),#16387);
#16379 = ( BOUNDED_CURVE() B_SPLINE_CURVE(2,(#16380,#16381,#16382,#16383
    ,#16384,#16385,#16386),.UNSPECIFIED.,.T.,.F.) 
B_SPLINE_CURVE_WITH_KNOTS((1,2,2,2,2,1),(-2.094395102393,0.,
    2.094395102393,4.188790204786,6.28318530718,8.377580409573),
.UNSPECIFIED.) CURVE() GEOMETRIC_REPRESENTATION_ITEM() 
RATIONAL_B_SPLINE_CURVE((1.,0.5,1.,0.5,1.,0.5,1.)) REPRESENTATION_ITEM(
  '') );
#16380 = CARTESIAN_POINT('',(13.6,4.));
#16381 = CARTESIAN_POINT('',(13.6,-5.699484522386));
#16382 = CARTESIAN_POINT('',(5.2,-0.849742261193));
#16383 = CARTESIAN_POINT('',(-3.2,4.));
#16384 = CARTESIAN_POINT('',(5.2,8.849742261193));
#16385 = CARTESIAN_POINT('',(13.6,13.699484522386));
#16386 = CARTESIAN_POINT('',(13.6,4.));
#16387 = ( GEOMETRIC_REPRESENTATION_CONTEXT(2) 
PARAMETRIC_REPRESENTATION_CONTEXT() REPRESENTATION_CONTEXT('2D SPACE',''
  ) );
#16388 = ORIENTED_EDGE('',*,*,#16389,.F.);
#16389 = EDGE_CURVE('',#15452,#16360,#16390,.T.);
#16390 = SURFACE_CURVE('',#16391,(#16395,#16402),.PCURVE_S1.);
#16391 = LINE('',#16392,#16393);
#16392 = CARTESIAN_POINT('',(14.735273723893,113.05625277398,7.));
#16393 = VECTOR('',#16394,1.);
#16394 = DIRECTION('',(-0.493012571981,0.870022185849,
    -5.473539088428E-17));
#16395 = PCURVE('',#15380,#16396);
#16396 = DEFINITIONAL_REPRESENTATION('',(#16397),#16401);
#16397 = LINE('',#16398,#16399);
#16398 = CARTESIAN_POINT('',(2.674446542581,1.459546059283E-15));
#16399 = VECTOR('',#16400,1.);
#16400 = DIRECTION('',(0.,1.));
#16401 = ( GEOMETRIC_REPRESENTATION_CONTEXT(2) 
PARAMETRIC_REPRESENTATION_CONTEXT() REPRESENTATION_CONTEXT('2D SPACE',''
  ) );
#16402 = PCURVE('',#13575,#16403);
#16403 = DEFINITIONAL_REPRESENTATION('',(#16404),#16408);
#16404 = LINE('',#16405,#16406);
#16405 = CARTESIAN_POINT('',(8.735273723893,-6.056252773984));
#16406 = VECTOR('',#16407,1.);
#16407 = DIRECTION('',(-0.493012571981,-0.870022185849));
#16408 = ( GEOMETRIC_REPRESENTATION_CONTEXT(2) 
PARAMETRIC_REPRESENTATION_CONTEXT() REPRESENTATION_CONTEXT('2D SPACE',''
  ) );
#16409 = ORIENTED_EDGE('',*,*,#15451,.T.);
#16410 = ORIENTED_EDGE('',*,*,#16411,.T.);
#16411 = EDGE_CURVE('',#15424,#15396,#16412,.T.);
#16412 = SURFACE_CURVE('',#16413,(#16418,#16425),.PCURVE_S1.);
#16413 = CIRCLE('',#16414,5.6);
#16414 = AXIS2_PLACEMENT_3D('',#16415,#16416,#16417);
#16415 = CARTESIAN_POINT('',(16.929386191522,114.2995831723,2.));
#16416 = DIRECTION('',(-0.493012571981,0.870022185849,6.756689266612E-16
    ));
#16417 = DIRECTION('',(-0.523104677057,-0.296425983666,0.799057653144));
#16418 = PCURVE('',#15380,#16419);
#16419 = DEFINITIONAL_REPRESENTATION('',(#16420),#16424);
#16420 = LINE('',#16421,#16422);
#16421 = CARTESIAN_POINT('',(2.496522607103,0.));
#16422 = VECTOR('',#16423,1.);
#16423 = DIRECTION('',(1.,0.));
#16424 = ( GEOMETRIC_REPRESENTATION_CONTEXT(2) 
PARAMETRIC_REPRESENTATION_CONTEXT() REPRESENTATION_CONTEXT('2D SPACE',''
  ) );
#16425 = PCURVE('',#15439,#16426);
#16426 = DEFINITIONAL_REPRESENTATION('',(#16427),#16431);
#16427 = CIRCLE('',#16428,5.6);
#16428 = AXIS2_PLACEMENT_2D('',#16429,#16430);
#16429 = CARTESIAN_POINT('',(0.,0.));
#16430 = DIRECTION('',(-0.799057653144,0.60125441117));
#16431 = ( GEOMETRIC_REPRESENTATION_CONTEXT(2) 
PARAMETRIC_REPRESENTATION_CONTEXT() REPRESENTATION_CONTEXT('2D SPACE',''
  ) );
#16432 = ORIENTED_EDGE('',*,*,#15395,.T.);
#16433 = ORIENTED_EDGE('',*,*,#15363,.T.);
#16434 = ORIENTED_EDGE('',*,*,#16308,.F.);
#16435 = ORIENTED_EDGE('',*,*,#16436,.T.);
#16436 = EDGE_CURVE('',#16309,#16437,#16439,.T.);
#16437 = VERTEX_POINT('',#16438);
#16438 = CARTESIAN_POINT('',(14.041185039828,124.15689561939,
    -3.084455273469));
#16439 = SURFACE_CURVE('',#16440,(#16445,#16455),.PCURVE_S1.);
#16440 = ELLIPSE('',#16441,11.358736710303,5.6);
#16441 = AXIS2_PLACEMENT_3D('',#16442,#16443,#16444);
#16442 = CARTESIAN_POINT('',(14.041185039828,119.39640873412,2.));
#16443 = DIRECTION('',(1.,-0.,1.110223024625E-16));
#16444 = DIRECTION('',(0.,1.,0.));
#16445 = PCURVE('',#15380,#16446);
#16446 = DEFINITIONAL_REPRESENTATION('',(#16447),#16454);
#16447 = B_SPLINE_CURVE_WITH_KNOTS('',5,(#16448,#16449,#16450,#16451,
    #16452,#16453),.UNSPECIFIED.,.F.,.F.,(6,6),(4.963600637909,
    5.14484679602),.PIECEWISE_BEZIER_KNOTS.);
#16448 = CARTESIAN_POINT('',(6.031973649655,8.314804025004));
#16449 = CARTESIAN_POINT('',(5.995724418033,8.661787653777));
#16450 = CARTESIAN_POINT('',(5.95947518641,9.004736409327));
#16451 = CARTESIAN_POINT('',(5.923225954788,9.34270039662));
#16452 = CARTESIAN_POINT('',(5.886976723166,9.674751909662));
#16453 = CARTESIAN_POINT('',(5.850727491544,10.0000006));
#16454 = ( GEOMETRIC_REPRESENTATION_CONTEXT(2) 
PARAMETRIC_REPRESENTATION_CONTEXT() REPRESENTATION_CONTEXT('2D SPACE',''
  ) );
#16455 = PCURVE('',#15547,#16456);
#16456 = DEFINITIONAL_REPRESENTATION('',(#16457),#16461);
#16457 = ELLIPSE('',#16458,11.358736710303,5.6);
#16458 = AXIS2_PLACEMENT_2D('',#16459,#16460);
#16459 = CARTESIAN_POINT('',(0.,-3.823529411765));
#16460 = DIRECTION('',(0.,1.));
#16461 = ( GEOMETRIC_REPRESENTATION_CONTEXT(2) 
PARAMETRIC_REPRESENTATION_CONTEXT() REPRESENTATION_CONTEXT('2D SPACE',''
  ) );
#16462 = ORIENTED_EDGE('',*,*,#16463,.F.);
#16463 = EDGE_CURVE('',#16464,#16437,#16466,.T.);
#16464 = VERTEX_POINT('',#16465);
#16465 = CARTESIAN_POINT('',(15.479349215107,124.97185531871,
    -1.919183588453));
#16466 = SURFACE_CURVE('',#16467,(#16472,#16479),.PCURVE_S1.);
#16467 = CIRCLE('',#16468,5.6);
#16468 = AXIS2_PLACEMENT_3D('',#16469,#16470,#16471);
#16469 = CARTESIAN_POINT('',(11.999260471713,122.99980503079,2.));
#16470 = DIRECTION('',(-0.493012571981,0.870022185849,
    -5.473539088428E-17));
#16471 = DIRECTION('',(1.110223024625E-16,0.,-1.));
#16472 = PCURVE('',#15380,#16473);
#16473 = DEFINITIONAL_REPRESENTATION('',(#16474),#16478);
#16474 = LINE('',#16475,#16476);
#16475 = CARTESIAN_POINT('',(0.,10.));
#16476 = VECTOR('',#16477,1.);
#16477 = DIRECTION('',(1.,0.));
#16478 = ( GEOMETRIC_REPRESENTATION_CONTEXT(2) 
PARAMETRIC_REPRESENTATION_CONTEXT() REPRESENTATION_CONTEXT('2D SPACE',''
  ) );
#16479 = PCURVE('',#15857,#16480);
#16480 = DEFINITIONAL_REPRESENTATION('',(#16481),#16489);
#16481 = ( BOUNDED_CURVE() B_SPLINE_CURVE(2,(#16482,#16483,#16484,#16485
    ,#16486,#16487,#16488),.UNSPECIFIED.,.T.,.F.) 
B_SPLINE_CURVE_WITH_KNOTS((1,2,2,2,2,1),(-2.094395102393,0.,
    2.094395102393,4.188790204786,6.28318530718,8.377580409573),
.UNSPECIFIED.) CURVE() GEOMETRIC_REPRESENTATION_ITEM() 
RATIONAL_B_SPLINE_CURVE((1.,0.5,1.,0.5,1.,0.5,1.)) REPRESENTATION_ITEM(
  '') );
#16482 = CARTESIAN_POINT('',(13.6,4.));
#16483 = CARTESIAN_POINT('',(13.6,-5.699484522386));
#16484 = CARTESIAN_POINT('',(5.2,-0.849742261193));
#16485 = CARTESIAN_POINT('',(-3.2,4.));
#16486 = CARTESIAN_POINT('',(5.2,8.849742261193));
#16487 = CARTESIAN_POINT('',(13.6,13.699484522386));
#16488 = CARTESIAN_POINT('',(13.6,4.));
#16489 = ( GEOMETRIC_REPRESENTATION_CONTEXT(2) 
PARAMETRIC_REPRESENTATION_CONTEXT() REPRESENTATION_CONTEXT('2D SPACE',''
  ) );
#16490 = ORIENTED_EDGE('',*,*,#16491,.F.);
#16491 = EDGE_CURVE('',#16362,#16464,#16492,.T.);
#16492 = SURFACE_CURVE('',#16493,(#16498,#16505),.PCURVE_S1.);
#16493 = CIRCLE('',#16494,5.6);
#16494 = AXIS2_PLACEMENT_3D('',#16495,#16496,#16497);
#16495 = CARTESIAN_POINT('',(11.999260471713,122.99980503079,2.));
#16496 = DIRECTION('',(-0.493012571981,0.870022185849,
    -5.473539088428E-17));
#16497 = DIRECTION('',(1.110223024625E-16,0.,-1.));
#16498 = PCURVE('',#15380,#16499);
#16499 = DEFINITIONAL_REPRESENTATION('',(#16500),#16504);
#16500 = LINE('',#16501,#16502);
#16501 = CARTESIAN_POINT('',(0.,10.));
#16502 = VECTOR('',#16503,1.);
#16503 = DIRECTION('',(1.,0.));
#16504 = ( GEOMETRIC_REPRESENTATION_CONTEXT(2) 
PARAMETRIC_REPRESENTATION_CONTEXT() REPRESENTATION_CONTEXT('2D SPACE',''
  ) );
#16505 = PCURVE('',#16506,#16511);
#16506 = PLANE('',#16507);
#16507 = AXIS2_PLACEMENT_3D('',#16508,#16509,#16510);
#16508 = CARTESIAN_POINT('',(11.999260471713,122.99980503079,2.));
#16509 = DIRECTION('',(-0.493012571981,0.870022185849,
    -5.473539088428E-17));
#16510 = DIRECTION('',(1.110223024625E-16,0.,-1.));
#16511 = DEFINITIONAL_REPRESENTATION('',(#16512),#16516);
#16512 = CIRCLE('',#16513,5.6);
#16513 = AXIS2_PLACEMENT_2D('',#16514,#16515);
#16514 = CARTESIAN_POINT('',(0.,0.));
#16515 = DIRECTION('',(1.,0.));
#16516 = ( GEOMETRIC_REPRESENTATION_CONTEXT(2) 
PARAMETRIC_REPRESENTATION_CONTEXT() REPRESENTATION_CONTEXT('2D SPACE',''
  ) );
#16517 = ADVANCED_FACE('',(#16518,#16522),#15439,.F.);
#16518 = FACE_BOUND('',#16519,.F.);
#16519 = EDGE_LOOP('',(#16520,#16521));
#16520 = ORIENTED_EDGE('',*,*,#16411,.T.);
#16521 = ORIENTED_EDGE('',*,*,#15423,.T.);
#16522 = FACE_BOUND('',#16523,.F.);
#16523 = EDGE_LOOP('',(#16524));
#16524 = ORIENTED_EDGE('',*,*,#16525,.F.);
#16525 = EDGE_CURVE('',#16526,#16526,#16528,.T.);
#16526 = VERTEX_POINT('',#16527);
#16527 = CARTESIAN_POINT('',(16.929386191522,114.2995831723,-1.2));
#16528 = SURFACE_CURVE('',#16529,(#16534,#16541),.PCURVE_S1.);
#16529 = CIRCLE('',#16530,3.2);
#16530 = AXIS2_PLACEMENT_3D('',#16531,#16532,#16533);
#16531 = CARTESIAN_POINT('',(16.929386191522,114.2995831723,2.));
#16532 = DIRECTION('',(-0.493012571981,0.870022185849,
    -5.473539088428E-17));
#16533 = DIRECTION('',(1.110223024625E-16,0.,-1.));
#16534 = PCURVE('',#15439,#16535);
#16535 = DEFINITIONAL_REPRESENTATION('',(#16536),#16540);
#16536 = CIRCLE('',#16537,3.2);
#16537 = AXIS2_PLACEMENT_2D('',#16538,#16539);
#16538 = CARTESIAN_POINT('',(3.944304526105E-31,-3.966705974673E-15));
#16539 = DIRECTION('',(1.,0.));
#16540 = ( GEOMETRIC_REPRESENTATION_CONTEXT(2) 
PARAMETRIC_REPRESENTATION_CONTEXT() REPRESENTATION_CONTEXT('2D SPACE',''
  ) );
#16541 = PCURVE('',#16542,#16547);
#16542 = CYLINDRICAL_SURFACE('',#16543,3.2);
#16543 = AXIS2_PLACEMENT_3D('',#16544,#16545,#16546);
#16544 = CARTESIAN_POINT('',(17.422398763503,113.42956098645,2.));
#16545 = DIRECTION('',(-0.493012571981,0.870022185849,
    -5.473539088428E-17));
#16546 = DIRECTION('',(1.110223024625E-16,0.,-1.));
#16547 = DEFINITIONAL_REPRESENTATION('',(#16548),#16552);
#16548 = LINE('',#16549,#16550);
#16549 = CARTESIAN_POINT('',(0.,1.));
#16550 = VECTOR('',#16551,1.);
#16551 = DIRECTION('',(1.,0.));
#16552 = ( GEOMETRIC_REPRESENTATION_CONTEXT(2) 
PARAMETRIC_REPRESENTATION_CONTEXT() REPRESENTATION_CONTEXT('2D SPACE',''
  ) );
#16553 = ADVANCED_FACE('',(#16554),#13575,.F.);
#16554 = FACE_BOUND('',#16555,.F.);
#16555 = EDGE_LOOP('',(#16556,#16557,#16558,#16559,#16560,#16581));
#16556 = ORIENTED_EDGE('',*,*,#15480,.F.);
#16557 = ORIENTED_EDGE('',*,*,#15921,.F.);
#16558 = ORIENTED_EDGE('',*,*,#13559,.T.);
#16559 = ORIENTED_EDGE('',*,*,#15612,.F.);
#16560 = ORIENTED_EDGE('',*,*,#16561,.F.);
#16561 = EDGE_CURVE('',#16360,#15613,#16562,.T.);
#16562 = SURFACE_CURVE('',#16563,(#16567,#16574),.PCURVE_S1.);
#16563 = LINE('',#16564,#16565);
#16564 = CARTESIAN_POINT('',(4.557266987213,118.78267538957,7.));
#16565 = VECTOR('',#16566,1.);
#16566 = DIRECTION('',(-0.870022185849,-0.493012571981,
    -9.659186626638E-17));
#16567 = PCURVE('',#13575,#16568);
#16568 = DEFINITIONAL_REPRESENTATION('',(#16569),#16573);
#16569 = LINE('',#16570,#16571);
#16570 = CARTESIAN_POINT('',(-1.442733012787,-11.78267538957));
#16571 = VECTOR('',#16572,1.);
#16572 = DIRECTION('',(-0.870022185849,0.493012571981));
#16573 = ( GEOMETRIC_REPRESENTATION_CONTEXT(2) 
PARAMETRIC_REPRESENTATION_CONTEXT() REPRESENTATION_CONTEXT('2D SPACE',''
  ) );
#16574 = PCURVE('',#15650,#16575);
#16575 = DEFINITIONAL_REPRESENTATION('',(#16576),#16580);
#16576 = LINE('',#16577,#16578);
#16577 = CARTESIAN_POINT('',(3.,-4.553797369249));
#16578 = VECTOR('',#16579,1.);
#16579 = DIRECTION('',(0.,-1.));
#16580 = ( GEOMETRIC_REPRESENTATION_CONTEXT(2) 
PARAMETRIC_REPRESENTATION_CONTEXT() REPRESENTATION_CONTEXT('2D SPACE',''
  ) );
#16581 = ORIENTED_EDGE('',*,*,#16389,.F.);
#16582 = ADVANCED_FACE('',(#16583),#15547,.T.);
#16583 = FACE_BOUND('',#16584,.T.);
#16584 = EDGE_LOOP('',(#16585,#16586,#16587,#16588,#16589,#16590));
#16585 = ORIENTED_EDGE('',*,*,#16436,.F.);
#16586 = ORIENTED_EDGE('',*,*,#16335,.T.);
#16587 = ORIENTED_EDGE('',*,*,#15531,.T.);
#16588 = ORIENTED_EDGE('',*,*,#15896,.F.);
#16589 = ORIENTED_EDGE('',*,*,#15869,.T.);
#16590 = ORIENTED_EDGE('',*,*,#16591,.T.);
#16591 = EDGE_CURVE('',#15842,#16437,#16592,.T.);
#16592 = SURFACE_CURVE('',#16593,(#16597,#16604),.PCURVE_S1.);
#16593 = LINE('',#16594,#16595);
#16594 = CARTESIAN_POINT('',(14.041185039828,124.15689561939,6.));
#16595 = VECTOR('',#16596,1.);
#16596 = DIRECTION('',(-1.110223024625E-16,0.,1.));
#16597 = PCURVE('',#15547,#16598);
#16598 = DEFINITIONAL_REPRESENTATION('',(#16599),#16603);
#16599 = LINE('',#16600,#16601);
#16600 = CARTESIAN_POINT('',(-4.,0.936957473507));
#16601 = VECTOR('',#16602,1.);
#16602 = DIRECTION('',(-1.,0.));
#16603 = ( GEOMETRIC_REPRESENTATION_CONTEXT(2) 
PARAMETRIC_REPRESENTATION_CONTEXT() REPRESENTATION_CONTEXT('2D SPACE',''
  ) );
#16604 = PCURVE('',#15857,#16605);
#16605 = DEFINITIONAL_REPRESENTATION('',(#16606),#16610);
#16606 = LINE('',#16607,#16608);
#16607 = CARTESIAN_POINT('',(4.,6.346979883189));
#16608 = VECTOR('',#16609,1.);
#16609 = DIRECTION('',(-1.,0.));
#16610 = ( GEOMETRIC_REPRESENTATION_CONTEXT(2) 
PARAMETRIC_REPRESENTATION_CONTEXT() REPRESENTATION_CONTEXT('2D SPACE',''
  ) );
#16611 = ADVANCED_FACE('',(#16612),#13791,.F.);
#16612 = FACE_BOUND('',#16613,.F.);
#16613 = EDGE_LOOP('',(#16614,#16643,#16664,#16665));
#16614 = ORIENTED_EDGE('',*,*,#16615,.F.);
#16615 = EDGE_CURVE('',#16616,#16616,#16618,.T.);
#16616 = VERTEX_POINT('',#16617);
#16617 = CARTESIAN_POINT('',(11.2,116.,0.3));
#16618 = SURFACE_CURVE('',#16619,(#16624,#16631),.PCURVE_S1.);
#16619 = CIRCLE('',#16620,2.7);
#16620 = AXIS2_PLACEMENT_3D('',#16621,#16622,#16623);
#16621 = CARTESIAN_POINT('',(11.2,116.,3.));
#16622 = DIRECTION('',(1.,-0.,1.110223024625E-16));
#16623 = DIRECTION('',(1.110223024625E-16,0.,-1.));
#16624 = PCURVE('',#13791,#16625);
#16625 = DEFINITIONAL_REPRESENTATION('',(#16626),#16630);
#16626 = LINE('',#16627,#16628);
#16627 = CARTESIAN_POINT('',(0.,5.2));
#16628 = VECTOR('',#16629,1.);
#16629 = DIRECTION('',(1.,0.));
#16630 = ( GEOMETRIC_REPRESENTATION_CONTEXT(2) 
PARAMETRIC_REPRESENTATION_CONTEXT() REPRESENTATION_CONTEXT('2D SPACE',''
  ) );
#16631 = PCURVE('',#16632,#16637);
#16632 = PLANE('',#16633);
#16633 = AXIS2_PLACEMENT_3D('',#16634,#16635,#16636);
#16634 = CARTESIAN_POINT('',(11.2,116.,3.));
#16635 = DIRECTION('',(1.,0.,1.110223024625E-16));
#16636 = DIRECTION('',(1.110223024625E-16,0.,-1.));
#16637 = DEFINITIONAL_REPRESENTATION('',(#16638),#16642);
#16638 = CIRCLE('',#16639,2.7);
#16639 = AXIS2_PLACEMENT_2D('',#16640,#16641);
#16640 = CARTESIAN_POINT('',(0.,0.));
#16641 = DIRECTION('',(1.,0.));
#16642 = ( GEOMETRIC_REPRESENTATION_CONTEXT(2) 
PARAMETRIC_REPRESENTATION_CONTEXT() REPRESENTATION_CONTEXT('2D SPACE',''
  ) );
#16643 = ORIENTED_EDGE('',*,*,#16644,.F.);
#16644 = EDGE_CURVE('',#13775,#16616,#16645,.T.);
#16645 = SEAM_CURVE('',#16646,(#16650,#16657),.PCURVE_S1.);
#16646 = LINE('',#16647,#16648);
#16647 = CARTESIAN_POINT('',(6.,116.,0.3));
#16648 = VECTOR('',#16649,1.);
#16649 = DIRECTION('',(1.,0.,1.110223024625E-16));
#16650 = PCURVE('',#13791,#16651);
#16651 = DEFINITIONAL_REPRESENTATION('',(#16652),#16656);
#16652 = LINE('',#16653,#16654);
#16653 = CARTESIAN_POINT('',(6.28318530718,-0.));
#16654 = VECTOR('',#16655,1.);
#16655 = DIRECTION('',(0.,1.));
#16656 = ( GEOMETRIC_REPRESENTATION_CONTEXT(2) 
PARAMETRIC_REPRESENTATION_CONTEXT() REPRESENTATION_CONTEXT('2D SPACE',''
  ) );
#16657 = PCURVE('',#13791,#16658);
#16658 = DEFINITIONAL_REPRESENTATION('',(#16659),#16663);
#16659 = LINE('',#16660,#16661);
#16660 = CARTESIAN_POINT('',(0.,-0.));
#16661 = VECTOR('',#16662,1.);
#16662 = DIRECTION('',(0.,1.));
#16663 = ( GEOMETRIC_REPRESENTATION_CONTEXT(2) 
PARAMETRIC_REPRESENTATION_CONTEXT() REPRESENTATION_CONTEXT('2D SPACE',''
  ) );
#16664 = ORIENTED_EDGE('',*,*,#13774,.T.);
#16665 = ORIENTED_EDGE('',*,*,#16644,.T.);
#16666 = ADVANCED_FACE('',(#16667),#15650,.T.);
#16667 = FACE_BOUND('',#16668,.T.);
#16668 = EDGE_LOOP('',(#16669,#16690,#16691,#16692,#16693));
#16669 = ORIENTED_EDGE('',*,*,#16670,.F.);
#16670 = EDGE_CURVE('',#15690,#16362,#16671,.T.);
#16671 = SURFACE_CURVE('',#16672,(#16676,#16683),.PCURVE_S1.);
#16672 = LINE('',#16673,#16674);
#16673 = CARTESIAN_POINT('',(15.479349215107,124.97185531871,10.));
#16674 = VECTOR('',#16675,1.);
#16675 = DIRECTION('',(1.110223024625E-16,0.,-1.));
#16676 = PCURVE('',#15650,#16677);
#16677 = DEFINITIONAL_REPRESENTATION('',(#16678),#16682);
#16678 = LINE('',#16679,#16680);
#16679 = CARTESIAN_POINT('',(-1.154434895691E-16,8.));
#16680 = VECTOR('',#16681,1.);
#16681 = DIRECTION('',(1.,0.));
#16682 = ( GEOMETRIC_REPRESENTATION_CONTEXT(2) 
PARAMETRIC_REPRESENTATION_CONTEXT() REPRESENTATION_CONTEXT('2D SPACE',''
  ) );
#16683 = PCURVE('',#15706,#16684);
#16684 = DEFINITIONAL_REPRESENTATION('',(#16685),#16689);
#16685 = LINE('',#16686,#16687);
#16686 = CARTESIAN_POINT('',(4.196839972926,3.284123453057E-16));
#16687 = VECTOR('',#16688,1.);
#16688 = DIRECTION('',(0.,1.));
#16689 = ( GEOMETRIC_REPRESENTATION_CONTEXT(2) 
PARAMETRIC_REPRESENTATION_CONTEXT() REPRESENTATION_CONTEXT('2D SPACE',''
  ) );
#16690 = ORIENTED_EDGE('',*,*,#15718,.F.);
#16691 = ORIENTED_EDGE('',*,*,#15636,.T.);
#16692 = ORIENTED_EDGE('',*,*,#16561,.F.);
#16693 = ORIENTED_EDGE('',*,*,#16359,.T.);
#16694 = ADVANCED_FACE('',(#16695),#15706,.T.);
#16695 = FACE_BOUND('',#16696,.T.);
#16696 = EDGE_LOOP('',(#16697,#16698,#16699,#16700,#16701,#16722));
#16697 = ORIENTED_EDGE('',*,*,#15817,.F.);
#16698 = ORIENTED_EDGE('',*,*,#15766,.F.);
#16699 = ORIENTED_EDGE('',*,*,#15689,.T.);
#16700 = ORIENTED_EDGE('',*,*,#16670,.T.);
#16701 = ORIENTED_EDGE('',*,*,#16702,.T.);
#16702 = EDGE_CURVE('',#16362,#16464,#16703,.T.);
#16703 = SURFACE_CURVE('',#16704,(#16708,#16715),.PCURVE_S1.);
#16704 = LINE('',#16705,#16706);
#16705 = CARTESIAN_POINT('',(15.479349215107,124.97185531871,10.));
#16706 = VECTOR('',#16707,1.);
#16707 = DIRECTION('',(1.110223024625E-16,0.,-1.));
#16708 = PCURVE('',#15706,#16709);
#16709 = DEFINITIONAL_REPRESENTATION('',(#16710),#16714);
#16710 = LINE('',#16711,#16712);
#16711 = CARTESIAN_POINT('',(4.196839972926,3.284123453057E-16));
#16712 = VECTOR('',#16713,1.);
#16713 = DIRECTION('',(0.,1.));
#16714 = ( GEOMETRIC_REPRESENTATION_CONTEXT(2) 
PARAMETRIC_REPRESENTATION_CONTEXT() REPRESENTATION_CONTEXT('2D SPACE',''
  ) );
#16715 = PCURVE('',#16506,#16716);
#16716 = DEFINITIONAL_REPRESENTATION('',(#16717),#16721);
#16717 = LINE('',#16718,#16719);
#16718 = CARTESIAN_POINT('',(-8.,-4.));
#16719 = VECTOR('',#16720,1.);
#16720 = DIRECTION('',(1.,0.));
#16721 = ( GEOMETRIC_REPRESENTATION_CONTEXT(2) 
PARAMETRIC_REPRESENTATION_CONTEXT() REPRESENTATION_CONTEXT('2D SPACE',''
  ) );
#16722 = ORIENTED_EDGE('',*,*,#16723,.T.);
#16723 = EDGE_CURVE('',#16464,#15818,#16724,.T.);
#16724 = SURFACE_CURVE('',#16725,(#16729,#16736),.PCURVE_S1.);
#16725 = LINE('',#16726,#16727);
#16726 = CARTESIAN_POINT('',(15.479349215107,124.97185531871,10.));
#16727 = VECTOR('',#16728,1.);
#16728 = DIRECTION('',(1.110223024625E-16,0.,-1.));
#16729 = PCURVE('',#15706,#16730);
#16730 = DEFINITIONAL_REPRESENTATION('',(#16731),#16735);
#16731 = LINE('',#16732,#16733);
#16732 = CARTESIAN_POINT('',(4.196839972926,3.284123453057E-16));
#16733 = VECTOR('',#16734,1.);
#16734 = DIRECTION('',(0.,1.));
#16735 = ( GEOMETRIC_REPRESENTATION_CONTEXT(2) 
PARAMETRIC_REPRESENTATION_CONTEXT() REPRESENTATION_CONTEXT('2D SPACE',''
  ) );
#16736 = PCURVE('',#15857,#16737);
#16737 = DEFINITIONAL_REPRESENTATION('',(#16738),#16742);
#16738 = LINE('',#16739,#16740);
#16739 = CARTESIAN_POINT('',(-1.154434895691E-16,8.));
#16740 = VECTOR('',#16741,1.);
#16741 = DIRECTION('',(1.,0.));
#16742 = ( GEOMETRIC_REPRESENTATION_CONTEXT(2) 
PARAMETRIC_REPRESENTATION_CONTEXT() REPRESENTATION_CONTEXT('2D SPACE',''
  ) );
#16743 = ADVANCED_FACE('',(#16744),#15857,.T.);
#16744 = FACE_BOUND('',#16745,.T.);
#16745 = EDGE_LOOP('',(#16746,#16747,#16748,#16749));
#16746 = ORIENTED_EDGE('',*,*,#16723,.F.);
#16747 = ORIENTED_EDGE('',*,*,#16463,.T.);
#16748 = ORIENTED_EDGE('',*,*,#16591,.F.);
#16749 = ORIENTED_EDGE('',*,*,#15841,.T.);
#16750 = ADVANCED_FACE('',(#16751),#14173,.F.);
#16751 = FACE_BOUND('',#16752,.F.);
#16752 = EDGE_LOOP('',(#16753,#16782,#16803,#16804));
#16753 = ORIENTED_EDGE('',*,*,#16754,.F.);
#16754 = EDGE_CURVE('',#16755,#16755,#16757,.T.);
#16755 = VERTEX_POINT('',#16756);
#16756 = CARTESIAN_POINT('',(11.2,-70.,0.3));
#16757 = SURFACE_CURVE('',#16758,(#16763,#16770),.PCURVE_S1.);
#16758 = CIRCLE('',#16759,2.7);
#16759 = AXIS2_PLACEMENT_3D('',#16760,#16761,#16762);
#16760 = CARTESIAN_POINT('',(11.2,-70.,3.));
#16761 = DIRECTION('',(1.,-0.,1.110223024625E-16));
#16762 = DIRECTION('',(1.110223024625E-16,0.,-1.));
#16763 = PCURVE('',#14173,#16764);
#16764 = DEFINITIONAL_REPRESENTATION('',(#16765),#16769);
#16765 = LINE('',#16766,#16767);
#16766 = CARTESIAN_POINT('',(0.,5.2));
#16767 = VECTOR('',#16768,1.);
#16768 = DIRECTION('',(1.,0.));
#16769 = ( GEOMETRIC_REPRESENTATION_CONTEXT(2) 
PARAMETRIC_REPRESENTATION_CONTEXT() REPRESENTATION_CONTEXT('2D SPACE',''
  ) );
#16770 = PCURVE('',#16771,#16776);
#16771 = PLANE('',#16772);
#16772 = AXIS2_PLACEMENT_3D('',#16773,#16774,#16775);
#16773 = CARTESIAN_POINT('',(11.2,-70.,3.));
#16774 = DIRECTION('',(1.,0.,1.110223024625E-16));
#16775 = DIRECTION('',(1.110223024625E-16,0.,-1.));
#16776 = DEFINITIONAL_REPRESENTATION('',(#16777),#16781);
#16777 = CIRCLE('',#16778,2.7);
#16778 = AXIS2_PLACEMENT_2D('',#16779,#16780);
#16779 = CARTESIAN_POINT('',(0.,0.));
#16780 = DIRECTION('',(1.,0.));
#16781 = ( GEOMETRIC_REPRESENTATION_CONTEXT(2) 
PARAMETRIC_REPRESENTATION_CONTEXT() REPRESENTATION_CONTEXT('2D SPACE',''
  ) );
#16782 = ORIENTED_EDGE('',*,*,#16783,.F.);
#16783 = EDGE_CURVE('',#14157,#16755,#16784,.T.);
#16784 = SEAM_CURVE('',#16785,(#16789,#16796),.PCURVE_S1.);
#16785 = LINE('',#16786,#16787);
#16786 = CARTESIAN_POINT('',(6.,-70.,0.3));
#16787 = VECTOR('',#16788,1.);
#16788 = DIRECTION('',(1.,0.,1.110223024625E-16));
#16789 = PCURVE('',#14173,#16790);
#16790 = DEFINITIONAL_REPRESENTATION('',(#16791),#16795);
#16791 = LINE('',#16792,#16793);
#16792 = CARTESIAN_POINT('',(6.28318530718,-0.));
#16793 = VECTOR('',#16794,1.);
#16794 = DIRECTION('',(0.,1.));
#16795 = ( GEOMETRIC_REPRESENTATION_CONTEXT(2) 
PARAMETRIC_REPRESENTATION_CONTEXT() REPRESENTATION_CONTEXT('2D SPACE',''
  ) );
#16796 = PCURVE('',#14173,#16797);
#16797 = DEFINITIONAL_REPRESENTATION('',(#16798),#16802);
#16798 = LINE('',#16799,#16800);
#16799 = CARTESIAN_POINT('',(0.,-0.));
#16800 = VECTOR('',#16801,1.);
#16801 = DIRECTION('',(0.,1.));
#16802 = ( GEOMETRIC_REPRESENTATION_CONTEXT(2) 
PARAMETRIC_REPRESENTATION_CONTEXT() REPRESENTATION_CONTEXT('2D SPACE',''
  ) );
#16803 = ORIENTED_EDGE('',*,*,#14156,.T.);
#16804 = ORIENTED_EDGE('',*,*,#16783,.T.);
#16805 = ADVANCED_FACE('',(#16806,#16855),#16031,.T.);
#16806 = FACE_BOUND('',#16807,.T.);
#16807 = EDGE_LOOP('',(#16808,#16831,#16852,#16853,#16854));
#16808 = ORIENTED_EDGE('',*,*,#16809,.F.);
#16809 = EDGE_CURVE('',#16810,#16175,#16812,.T.);
#16810 = VERTEX_POINT('',#16811);
#16811 = CARTESIAN_POINT('',(88.455488052568,-17.4792302109,-22.));
#16812 = SURFACE_CURVE('',#16813,(#16817,#16824),.PCURVE_S1.);
#16813 = LINE('',#16814,#16815);
#16814 = CARTESIAN_POINT('',(88.455488052568,-17.4792302109,-22.));
#16815 = VECTOR('',#16816,1.);
#16816 = DIRECTION('',(0.,1.,0.));
#16817 = PCURVE('',#16031,#16818);
#16818 = DEFINITIONAL_REPRESENTATION('',(#16819),#16823);
#16819 = LINE('',#16820,#16821);
#16820 = CARTESIAN_POINT('',(10.,0.));
#16821 = VECTOR('',#16822,1.);
#16822 = DIRECTION('',(0.,-1.));
#16823 = ( GEOMETRIC_REPRESENTATION_CONTEXT(2) 
PARAMETRIC_REPRESENTATION_CONTEXT() REPRESENTATION_CONTEXT('2D SPACE',''
  ) );
#16824 = PCURVE('',#16190,#16825);
#16825 = DEFINITIONAL_REPRESENTATION('',(#16826),#16830);
#16826 = LINE('',#16827,#16828);
#16827 = CARTESIAN_POINT('',(24.,0.));
#16828 = VECTOR('',#16829,1.);
#16829 = DIRECTION('',(0.,1.));
#16830 = ( GEOMETRIC_REPRESENTATION_CONTEXT(2) 
PARAMETRIC_REPRESENTATION_CONTEXT() REPRESENTATION_CONTEXT('2D SPACE',''
  ) );
#16831 = ORIENTED_EDGE('',*,*,#16832,.F.);
#16832 = EDGE_CURVE('',#16253,#16810,#16833,.T.);
#16833 = SURFACE_CURVE('',#16834,(#16838,#16845),.PCURVE_S1.);
#16834 = LINE('',#16835,#16836);
#16835 = CARTESIAN_POINT('',(78.455488052568,-17.4792302109,-22.));
#16836 = VECTOR('',#16837,1.);
#16837 = DIRECTION('',(1.,0.,1.110223024625E-16));
#16838 = PCURVE('',#16031,#16839);
#16839 = DEFINITIONAL_REPRESENTATION('',(#16840),#16844);
#16840 = LINE('',#16841,#16842);
#16841 = CARTESIAN_POINT('',(0.,0.));
#16842 = VECTOR('',#16843,1.);
#16843 = DIRECTION('',(1.,0.));
#16844 = ( GEOMETRIC_REPRESENTATION_CONTEXT(2) 
PARAMETRIC_REPRESENTATION_CONTEXT() REPRESENTATION_CONTEXT('2D SPACE',''
  ) );
#16845 = PCURVE('',#16268,#16846);
#16846 = DEFINITIONAL_REPRESENTATION('',(#16847),#16851);
#16847 = LINE('',#16848,#16849);
#16848 = CARTESIAN_POINT('',(-2.6645352591E-15,24.));
#16849 = VECTOR('',#16850,1.);
#16850 = DIRECTION('',(1.,0.));
#16851 = ( GEOMETRIC_REPRESENTATION_CONTEXT(2) 
PARAMETRIC_REPRESENTATION_CONTEXT() REPRESENTATION_CONTEXT('2D SPACE',''
  ) );
#16852 = ORIENTED_EDGE('',*,*,#16280,.T.);
#16853 = ORIENTED_EDGE('',*,*,#16015,.F.);
#16854 = ORIENTED_EDGE('',*,*,#16202,.T.);
#16855 = FACE_BOUND('',#16856,.T.);
#16856 = EDGE_LOOP('',(#16857,#16887,#16915,#16943));
#16857 = ORIENTED_EDGE('',*,*,#16858,.T.);
#16858 = EDGE_CURVE('',#16859,#16861,#16863,.T.);
#16859 = VERTEX_POINT('',#16860);
#16860 = CARTESIAN_POINT('',(80.962837810826,-15.90604563198,-22.));
#16861 = VERTEX_POINT('',#16862);
#16862 = CARTESIAN_POINT('',(81.812884927862,-16.20171419443,-22.));
#16863 = SURFACE_CURVE('',#16864,(#16868,#16875),.PCURVE_S1.);
#16864 = LINE('',#16865,#16866);
#16865 = CARTESIAN_POINT('',(80.513559464118,-15.74977490269,-22.));
#16866 = VECTOR('',#16867,1.);
#16867 = DIRECTION('',(0.944496796706,-0.328520624941,1.048602090388E-16
    ));
#16868 = PCURVE('',#16031,#16869);
#16869 = DEFINITIONAL_REPRESENTATION('',(#16870),#16874);
#16870 = LINE('',#16871,#16872);
#16871 = CARTESIAN_POINT('',(2.05807141155,-1.729455308206));
#16872 = VECTOR('',#16873,1.);
#16873 = DIRECTION('',(0.944496796706,0.328520624941));
#16874 = ( GEOMETRIC_REPRESENTATION_CONTEXT(2) 
PARAMETRIC_REPRESENTATION_CONTEXT() REPRESENTATION_CONTEXT('2D SPACE',''
  ) );
#16875 = PCURVE('',#16876,#16881);
#16876 = PLANE('',#16877);
#16877 = AXIS2_PLACEMENT_3D('',#16878,#16879,#16880);
#16878 = CARTESIAN_POINT('',(81.812884927862,-16.20171419443,-20.));
#16879 = DIRECTION('',(0.328520624941,0.944496796706,3.64731161874E-17)
  );
#16880 = DIRECTION('',(1.110223024625E-16,0.,-1.));
#16881 = DEFINITIONAL_REPRESENTATION('',(#16882),#16886);
#16882 = LINE('',#16883,#16884);
#16883 = CARTESIAN_POINT('',(2.,1.375680116942));
#16884 = VECTOR('',#16885,1.);
#16885 = DIRECTION('',(0.,-1.));
#16886 = ( GEOMETRIC_REPRESENTATION_CONTEXT(2) 
PARAMETRIC_REPRESENTATION_CONTEXT() REPRESENTATION_CONTEXT('2D SPACE',''
  ) );
#16887 = ORIENTED_EDGE('',*,*,#16888,.T.);
#16888 = EDGE_CURVE('',#16861,#16889,#16891,.T.);
#16889 = VERTEX_POINT('',#16890);
#16890 = CARTESIAN_POINT('',(85.098091177275,-6.756746227374,-22.));
#16891 = SURFACE_CURVE('',#16892,(#16896,#16903),.PCURVE_S1.);
#16892 = LINE('',#16893,#16894);
#16893 = CARTESIAN_POINT('',(81.433511953959,-17.2924114944,-22.));
#16894 = VECTOR('',#16895,1.);
#16895 = DIRECTION('',(0.328520624941,0.944496796706,3.64731161874E-17)
  );
#16896 = PCURVE('',#16031,#16897);
#16897 = DEFINITIONAL_REPRESENTATION('',(#16898),#16902);
#16898 = LINE('',#16899,#16900);
#16899 = CARTESIAN_POINT('',(2.97802390139,-0.186818716498));
#16900 = VECTOR('',#16901,1.);
#16901 = DIRECTION('',(0.328520624941,-0.944496796706));
#16902 = ( GEOMETRIC_REPRESENTATION_CONTEXT(2) 
PARAMETRIC_REPRESENTATION_CONTEXT() REPRESENTATION_CONTEXT('2D SPACE',''
  ) );
#16903 = PCURVE('',#16904,#16909);
#16904 = PLANE('',#16905);
#16905 = AXIS2_PLACEMENT_3D('',#16906,#16907,#16908);
#16906 = CARTESIAN_POINT('',(81.812884927862,-16.20171419443,-20.));
#16907 = DIRECTION('',(-0.944496796706,0.328520624941,
    -1.048602090388E-16));
#16908 = DIRECTION('',(0.328520624941,0.944496796706,3.64731161874E-17)
  );
#16909 = DEFINITIONAL_REPRESENTATION('',(#16910),#16914);
#16910 = LINE('',#16911,#16912);
#16911 = CARTESIAN_POINT('',(-1.154791952472,2.));
#16912 = VECTOR('',#16913,1.);
#16913 = DIRECTION('',(1.,0.));
#16914 = ( GEOMETRIC_REPRESENTATION_CONTEXT(2) 
PARAMETRIC_REPRESENTATION_CONTEXT() REPRESENTATION_CONTEXT('2D SPACE',''
  ) );
#16915 = ORIENTED_EDGE('',*,*,#16916,.F.);
#16916 = EDGE_CURVE('',#16917,#16889,#16919,.T.);
#16917 = VERTEX_POINT('',#16918);
#16918 = CARTESIAN_POINT('',(84.248044060239,-6.461077664927,-22.));
#16919 = SURFACE_CURVE('',#16920,(#16924,#16931),.PCURVE_S1.);
#16920 = LINE('',#16921,#16922);
#16921 = CARTESIAN_POINT('',(83.798765713531,-6.304806935637,-22.));
#16922 = VECTOR('',#16923,1.);
#16923 = DIRECTION('',(0.944496796706,-0.328520624941,1.048602090388E-16
    ));
#16924 = PCURVE('',#16031,#16925);
#16925 = DEFINITIONAL_REPRESENTATION('',(#16926),#16930);
#16926 = LINE('',#16927,#16928);
#16927 = CARTESIAN_POINT('',(5.343277660963,-11.17442327526));
#16928 = VECTOR('',#16929,1.);
#16929 = DIRECTION('',(0.944496796706,0.328520624941));
#16930 = ( GEOMETRIC_REPRESENTATION_CONTEXT(2) 
PARAMETRIC_REPRESENTATION_CONTEXT() REPRESENTATION_CONTEXT('2D SPACE',''
  ) );
#16931 = PCURVE('',#16932,#16937);
#16932 = PLANE('',#16933);
#16933 = AXIS2_PLACEMENT_3D('',#16934,#16935,#16936);
#16934 = CARTESIAN_POINT('',(85.098091177275,-6.756746227374,-20.));
#16935 = DIRECTION('',(0.328520624941,0.944496796706,3.64731161874E-17)
  );
#16936 = DIRECTION('',(1.110223024625E-16,0.,-1.));
#16937 = DEFINITIONAL_REPRESENTATION('',(#16938),#16942);
#16938 = LINE('',#16939,#16940);
#16939 = CARTESIAN_POINT('',(2.,1.375680116942));
#16940 = VECTOR('',#16941,1.);
#16941 = DIRECTION('',(0.,-1.));
#16942 = ( GEOMETRIC_REPRESENTATION_CONTEXT(2) 
PARAMETRIC_REPRESENTATION_CONTEXT() REPRESENTATION_CONTEXT('2D SPACE',''
  ) );
#16943 = ORIENTED_EDGE('',*,*,#16944,.F.);
#16944 = EDGE_CURVE('',#16859,#16917,#16945,.T.);
#16945 = SURFACE_CURVE('',#16946,(#16950,#16957),.PCURVE_S1.);
#16946 = LINE('',#16947,#16948);
#16947 = CARTESIAN_POINT('',(80.583464836923,-16.99674293196,-22.));
#16948 = VECTOR('',#16949,1.);
#16949 = DIRECTION('',(0.328520624941,0.944496796706,3.64731161874E-17)
  );
#16950 = PCURVE('',#16031,#16951);
#16951 = DEFINITIONAL_REPRESENTATION('',(#16952),#16956);
#16952 = LINE('',#16953,#16954);
#16953 = CARTESIAN_POINT('',(2.127976784355,-0.482487278945));
#16954 = VECTOR('',#16955,1.);
#16955 = DIRECTION('',(0.328520624941,-0.944496796706));
#16956 = ( GEOMETRIC_REPRESENTATION_CONTEXT(2) 
PARAMETRIC_REPRESENTATION_CONTEXT() REPRESENTATION_CONTEXT('2D SPACE',''
  ) );
#16957 = PCURVE('',#16958,#16963);
#16958 = PLANE('',#16959);
#16959 = AXIS2_PLACEMENT_3D('',#16960,#16961,#16962);
#16960 = CARTESIAN_POINT('',(80.962837810826,-15.90604563198,-20.));
#16961 = DIRECTION('',(-0.944496796706,0.328520624941,
    -1.048602090388E-16));
#16962 = DIRECTION('',(0.328520624941,0.944496796706,3.64731161874E-17)
  );
#16963 = DEFINITIONAL_REPRESENTATION('',(#16964),#16968);
#16964 = LINE('',#16965,#16966);
#16965 = CARTESIAN_POINT('',(-1.154791952472,2.));
#16966 = VECTOR('',#16967,1.);
#16967 = DIRECTION('',(1.,0.));
#16968 = ( GEOMETRIC_REPRESENTATION_CONTEXT(2) 
PARAMETRIC_REPRESENTATION_CONTEXT() REPRESENTATION_CONTEXT('2D SPACE',''
  ) );
#16969 = ADVANCED_FACE('',(#16970),#16190,.T.);
#16970 = FACE_BOUND('',#16971,.T.);
#16971 = EDGE_LOOP('',(#16972,#17002,#17023,#17024,#17025,#17048));
#16972 = ORIENTED_EDGE('',*,*,#16973,.F.);
#16973 = EDGE_CURVE('',#16974,#16976,#16978,.T.);
#16974 = VERTEX_POINT('',#16975);
#16975 = CARTESIAN_POINT('',(88.455488052568,-17.4792302109,2.));
#16976 = VERTEX_POINT('',#16977);
#16977 = CARTESIAN_POINT('',(88.455488052568,-6.236076957319,2.));
#16978 = SURFACE_CURVE('',#16979,(#16983,#16990),.PCURVE_S1.);
#16979 = LINE('',#16980,#16981);
#16980 = CARTESIAN_POINT('',(88.455488052568,-17.4792302109,2.));
#16981 = VECTOR('',#16982,1.);
#16982 = DIRECTION('',(0.,1.,0.));
#16983 = PCURVE('',#16190,#16984);
#16984 = DEFINITIONAL_REPRESENTATION('',(#16985),#16989);
#16985 = LINE('',#16986,#16987);
#16986 = CARTESIAN_POINT('',(0.,0.));
#16987 = VECTOR('',#16988,1.);
#16988 = DIRECTION('',(0.,1.));
#16989 = ( GEOMETRIC_REPRESENTATION_CONTEXT(2) 
PARAMETRIC_REPRESENTATION_CONTEXT() REPRESENTATION_CONTEXT('2D SPACE',''
  ) );
#16990 = PCURVE('',#16991,#16996);
#16991 = PLANE('',#16992);
#16992 = AXIS2_PLACEMENT_3D('',#16993,#16994,#16995);
#16993 = CARTESIAN_POINT('',(78.455488052568,-17.4792302109,2.));
#16994 = DIRECTION('',(1.110223024625E-16,0.,-1.));
#16995 = DIRECTION('',(1.,0.,1.110223024625E-16));
#16996 = DEFINITIONAL_REPRESENTATION('',(#16997),#17001);
#16997 = LINE('',#16998,#16999);
#16998 = CARTESIAN_POINT('',(10.,0.));
#16999 = VECTOR('',#17000,1.);
#17000 = DIRECTION('',(0.,-1.));
#17001 = ( GEOMETRIC_REPRESENTATION_CONTEXT(2) 
PARAMETRIC_REPRESENTATION_CONTEXT() REPRESENTATION_CONTEXT('2D SPACE',''
  ) );
#17002 = ORIENTED_EDGE('',*,*,#17003,.T.);
#17003 = EDGE_CURVE('',#16974,#16810,#17004,.T.);
#17004 = SURFACE_CURVE('',#17005,(#17009,#17016),.PCURVE_S1.);
#17005 = LINE('',#17006,#17007);
#17006 = CARTESIAN_POINT('',(88.455488052568,-17.4792302109,2.));
#17007 = VECTOR('',#17008,1.);
#17008 = DIRECTION('',(1.110223024625E-16,0.,-1.));
#17009 = PCURVE('',#16190,#17010);
#17010 = DEFINITIONAL_REPRESENTATION('',(#17011),#17015);
#17011 = LINE('',#17012,#17013);
#17012 = CARTESIAN_POINT('',(0.,0.));
#17013 = VECTOR('',#17014,1.);
#17014 = DIRECTION('',(1.,0.));
#17015 = ( GEOMETRIC_REPRESENTATION_CONTEXT(2) 
PARAMETRIC_REPRESENTATION_CONTEXT() REPRESENTATION_CONTEXT('2D SPACE',''
  ) );
#17016 = PCURVE('',#16268,#17017);
#17017 = DEFINITIONAL_REPRESENTATION('',(#17018),#17022);
#17018 = LINE('',#17019,#17020);
#17019 = CARTESIAN_POINT('',(10.,1.110223024625E-15));
#17020 = VECTOR('',#17021,1.);
#17021 = DIRECTION('',(0.,1.));
#17022 = ( GEOMETRIC_REPRESENTATION_CONTEXT(2) 
PARAMETRIC_REPRESENTATION_CONTEXT() REPRESENTATION_CONTEXT('2D SPACE',''
  ) );
#17023 = ORIENTED_EDGE('',*,*,#16809,.T.);
#17024 = ORIENTED_EDGE('',*,*,#16174,.F.);
#17025 = ORIENTED_EDGE('',*,*,#17026,.T.);
#17026 = EDGE_CURVE('',#16147,#17027,#17029,.T.);
#17027 = VERTEX_POINT('',#17028);
#17028 = CARTESIAN_POINT('',(88.455488052568,-6.236076957319,-3.));
#17029 = SURFACE_CURVE('',#17030,(#17034,#17041),.PCURVE_S1.);
#17030 = LINE('',#17031,#17032);
#17031 = CARTESIAN_POINT('',(88.455488052568,-10.72177556313,-3.));
#17032 = VECTOR('',#17033,1.);
#17033 = DIRECTION('',(0.,-1.,0.));
#17034 = PCURVE('',#16190,#17035);
#17035 = DEFINITIONAL_REPRESENTATION('',(#17036),#17040);
#17036 = LINE('',#17037,#17038);
#17037 = CARTESIAN_POINT('',(5.,6.757454647766));
#17038 = VECTOR('',#17039,1.);
#17039 = DIRECTION('',(0.,-1.));
#17040 = ( GEOMETRIC_REPRESENTATION_CONTEXT(2) 
PARAMETRIC_REPRESENTATION_CONTEXT() REPRESENTATION_CONTEXT('2D SPACE',''
  ) );
#17041 = PCURVE('',#16162,#17042);
#17042 = DEFINITIONAL_REPRESENTATION('',(#17043),#17047);
#17043 = LINE('',#17044,#17045);
#17044 = CARTESIAN_POINT('',(-1.473644509282,-6.641983386829));
#17045 = VECTOR('',#17046,1.);
#17046 = DIRECTION('',(-0.328520624941,-0.944496796706));
#17047 = ( GEOMETRIC_REPRESENTATION_CONTEXT(2) 
PARAMETRIC_REPRESENTATION_CONTEXT() REPRESENTATION_CONTEXT('2D SPACE',''
  ) );
#17048 = ORIENTED_EDGE('',*,*,#17049,.F.);
#17049 = EDGE_CURVE('',#16976,#17027,#17050,.T.);
#17050 = SURFACE_CURVE('',#17051,(#17055,#17062),.PCURVE_S1.);
#17051 = LINE('',#17052,#17053);
#17052 = CARTESIAN_POINT('',(88.455488052568,-6.236076957319,4.5));
#17053 = VECTOR('',#17054,1.);
#17054 = DIRECTION('',(1.110223024625E-16,0.,-1.));
#17055 = PCURVE('',#16190,#17056);
#17056 = DEFINITIONAL_REPRESENTATION('',(#17057),#17061);
#17057 = LINE('',#17058,#17059);
#17058 = CARTESIAN_POINT('',(-2.5,11.243153253586));
#17059 = VECTOR('',#17060,1.);
#17060 = DIRECTION('',(1.,0.));
#17061 = ( GEOMETRIC_REPRESENTATION_CONTEXT(2) 
PARAMETRIC_REPRESENTATION_CONTEXT() REPRESENTATION_CONTEXT('2D SPACE',''
  ) );
#17062 = PCURVE('',#17063,#17068);
#17063 = PLANE('',#17064);
#17064 = AXIS2_PLACEMENT_3D('',#17065,#17066,#17067);
#17065 = CARTESIAN_POINT('',(89.245664067158,-3.964320915373,7.));
#17066 = DIRECTION('',(-0.944496796706,0.328520624941,
    -1.048602090388E-16));
#17067 = DIRECTION('',(1.110223024625E-16,0.,-1.));
#17068 = DEFINITIONAL_REPRESENTATION('',(#17069),#17073);
#17069 = LINE('',#17070,#17071);
#17070 = CARTESIAN_POINT('',(2.5,2.405255422643));
#17071 = VECTOR('',#17072,1.);
#17072 = DIRECTION('',(1.,0.));
#17073 = ( GEOMETRIC_REPRESENTATION_CONTEXT(2) 
PARAMETRIC_REPRESENTATION_CONTEXT() REPRESENTATION_CONTEXT('2D SPACE',''
  ) );
#17074 = ADVANCED_FACE('',(#17075),#16162,.T.);
#17075 = FACE_BOUND('',#17076,.T.);
#17076 = EDGE_LOOP('',(#17077,#17100,#17128,#17149,#17150));
#17077 = ORIENTED_EDGE('',*,*,#17078,.F.);
#17078 = EDGE_CURVE('',#17079,#16119,#17081,.T.);
#17079 = VERTEX_POINT('',#17080);
#17080 = CARTESIAN_POINT('',(84.5,-2.313655152884,-3.));
#17081 = SURFACE_CURVE('',#17082,(#17086,#17093),.PCURVE_S1.);
#17082 = LINE('',#17083,#17084);
#17083 = CARTESIAN_POINT('',(84.5,-19.98216045768,-3.));
#17084 = VECTOR('',#17085,1.);
#17085 = DIRECTION('',(0.,-1.,0.));
#17086 = PCURVE('',#16162,#17087);
#17087 = DEFINITIONAL_REPRESENTATION('',(#17088),#17092);
#17088 = LINE('',#17089,#17090);
#17089 = CARTESIAN_POINT('',(-0.779926146975,-16.68784666297));
#17090 = VECTOR('',#17091,1.);
#17091 = DIRECTION('',(-0.328520624941,-0.944496796706));
#17092 = ( GEOMETRIC_REPRESENTATION_CONTEXT(2) 
PARAMETRIC_REPRESENTATION_CONTEXT() REPRESENTATION_CONTEXT('2D SPACE',''
  ) );
#17093 = PCURVE('',#16134,#17094);
#17094 = DEFINITIONAL_REPRESENTATION('',(#17095),#17099);
#17095 = LINE('',#17096,#17097);
#17096 = CARTESIAN_POINT('',(16.,16.017839542313));
#17097 = VECTOR('',#17098,1.);
#17098 = DIRECTION('',(0.,-1.));
#17099 = ( GEOMETRIC_REPRESENTATION_CONTEXT(2) 
PARAMETRIC_REPRESENTATION_CONTEXT() REPRESENTATION_CONTEXT('2D SPACE',''
  ) );
#17100 = ORIENTED_EDGE('',*,*,#17101,.F.);
#17101 = EDGE_CURVE('',#17102,#17079,#17104,.T.);
#17102 = VERTEX_POINT('',#17103);
#17103 = CARTESIAN_POINT('',(89.245664067158,-3.964320915373,-3.));
#17104 = SURFACE_CURVE('',#17105,(#17109,#17116),.PCURVE_S1.);
#17105 = LINE('',#17106,#17107);
#17106 = CARTESIAN_POINT('',(89.245664067158,-3.964320915373,-3.));
#17107 = VECTOR('',#17108,1.);
#17108 = DIRECTION('',(-0.944496796706,0.328520624941,
    -1.048602090388E-16));
#17109 = PCURVE('',#16162,#17110);
#17110 = DEFINITIONAL_REPRESENTATION('',(#17111),#17115);
#17111 = LINE('',#17112,#17113);
#17112 = CARTESIAN_POINT('',(0.,0.));
#17113 = VECTOR('',#17114,1.);
#17114 = DIRECTION('',(1.,7.965226789662E-18));
#17115 = ( GEOMETRIC_REPRESENTATION_CONTEXT(2) 
PARAMETRIC_REPRESENTATION_CONTEXT() REPRESENTATION_CONTEXT('2D SPACE',''
  ) );
#17116 = PCURVE('',#17117,#17122);
#17117 = PLANE('',#17118);
#17118 = AXIS2_PLACEMENT_3D('',#17119,#17120,#17121);
#17119 = CARTESIAN_POINT('',(89.245664067158,-3.964320915373,7.));
#17120 = DIRECTION('',(-0.328520624941,-0.944496796706,
    -3.64731161874E-17));
#17121 = DIRECTION('',(-0.944496796706,0.328520624941,
    -1.048602090388E-16));
#17122 = DEFINITIONAL_REPRESENTATION('',(#17123),#17127);
#17123 = LINE('',#17124,#17125);
#17124 = CARTESIAN_POINT('',(1.048602090388E-15,10.));
#17125 = VECTOR('',#17126,1.);
#17126 = DIRECTION('',(1.,0.));
#17127 = ( GEOMETRIC_REPRESENTATION_CONTEXT(2) 
PARAMETRIC_REPRESENTATION_CONTEXT() REPRESENTATION_CONTEXT('2D SPACE',''
  ) );
#17128 = ORIENTED_EDGE('',*,*,#17129,.T.);
#17129 = EDGE_CURVE('',#17102,#17027,#17130,.T.);
#17130 = SURFACE_CURVE('',#17131,(#17135,#17142),.PCURVE_S1.);
#17131 = LINE('',#17132,#17133);
#17132 = CARTESIAN_POINT('',(89.245664067158,-3.964320915373,-3.));
#17133 = VECTOR('',#17134,1.);
#17134 = DIRECTION('',(-0.328520624941,-0.944496796706,
    -3.64731161874E-17));
#17135 = PCURVE('',#16162,#17136);
#17136 = DEFINITIONAL_REPRESENTATION('',(#17137),#17141);
#17137 = LINE('',#17138,#17139);
#17138 = CARTESIAN_POINT('',(0.,0.));
#17139 = VECTOR('',#17140,1.);
#17140 = DIRECTION('',(-7.965226789662E-18,-1.));
#17141 = ( GEOMETRIC_REPRESENTATION_CONTEXT(2) 
PARAMETRIC_REPRESENTATION_CONTEXT() REPRESENTATION_CONTEXT('2D SPACE',''
  ) );
#17142 = PCURVE('',#17063,#17143);
#17143 = DEFINITIONAL_REPRESENTATION('',(#17144),#17148);
#17144 = LINE('',#17145,#17146);
#17145 = CARTESIAN_POINT('',(10.,3.64731161874E-16));
#17146 = VECTOR('',#17147,1.);
#17147 = DIRECTION('',(0.,1.));
#17148 = ( GEOMETRIC_REPRESENTATION_CONTEXT(2) 
PARAMETRIC_REPRESENTATION_CONTEXT() REPRESENTATION_CONTEXT('2D SPACE',''
  ) );
#17149 = ORIENTED_EDGE('',*,*,#17026,.F.);
#17150 = ORIENTED_EDGE('',*,*,#16146,.F.);
#17151 = ADVANCED_FACE('',(#17152,#17302),#16134,.F.);
#17152 = FACE_BOUND('',#17153,.F.);
#17153 = EDGE_LOOP('',(#17154,#17177,#17178,#17179,#17202,#17230,#17253,
    #17281));
#17154 = ORIENTED_EDGE('',*,*,#17155,.T.);
#17155 = EDGE_CURVE('',#17156,#16091,#17158,.T.);
#17156 = VERTEX_POINT('',#17157);
#17157 = CARTESIAN_POINT('',(84.5,-17.4792302109,-13.));
#17158 = SURFACE_CURVE('',#17159,(#17163,#17170),.PCURVE_S1.);
#17159 = LINE('',#17160,#17161);
#17160 = CARTESIAN_POINT('',(84.5,-36.,-13.));
#17161 = VECTOR('',#17162,1.);
#17162 = DIRECTION('',(0.,1.,0.));
#17163 = PCURVE('',#16134,#17164);
#17164 = DEFINITIONAL_REPRESENTATION('',(#17165),#17169);
#17165 = LINE('',#17166,#17167);
#17166 = CARTESIAN_POINT('',(26.,0.));
#17167 = VECTOR('',#17168,1.);
#17168 = DIRECTION('',(0.,1.));
#17169 = ( GEOMETRIC_REPRESENTATION_CONTEXT(2) 
PARAMETRIC_REPRESENTATION_CONTEXT() REPRESENTATION_CONTEXT('2D SPACE',''
  ) );
#17170 = PCURVE('',#16106,#17171);
#17171 = DEFINITIONAL_REPRESENTATION('',(#17172),#17176);
#17172 = LINE('',#17173,#17174);
#17173 = CARTESIAN_POINT('',(10.,0.));
#17174 = VECTOR('',#17175,1.);
#17175 = DIRECTION('',(0.,-1.));
#17176 = ( GEOMETRIC_REPRESENTATION_CONTEXT(2) 
PARAMETRIC_REPRESENTATION_CONTEXT() REPRESENTATION_CONTEXT('2D SPACE',''
  ) );
#17177 = ORIENTED_EDGE('',*,*,#16118,.F.);
#17178 = ORIENTED_EDGE('',*,*,#17078,.F.);
#17179 = ORIENTED_EDGE('',*,*,#17180,.T.);
#17180 = EDGE_CURVE('',#17079,#17181,#17183,.T.);
#17181 = VERTEX_POINT('',#17182);
#17182 = CARTESIAN_POINT('',(84.5,-2.313655152884,7.));
#17183 = SURFACE_CURVE('',#17184,(#17188,#17195),.PCURVE_S1.);
#17184 = LINE('',#17185,#17186);
#17185 = CARTESIAN_POINT('',(84.5,-2.313655152883,10.));
#17186 = VECTOR('',#17187,1.);
#17187 = DIRECTION('',(-1.110223024625E-16,0.,1.));
#17188 = PCURVE('',#16134,#17189);
#17189 = DEFINITIONAL_REPRESENTATION('',(#17190),#17194);
#17190 = LINE('',#17191,#17192);
#17191 = CARTESIAN_POINT('',(3.,33.686344847117));
#17192 = VECTOR('',#17193,1.);
#17193 = DIRECTION('',(-1.,0.));
#17194 = ( GEOMETRIC_REPRESENTATION_CONTEXT(2) 
PARAMETRIC_REPRESENTATION_CONTEXT() REPRESENTATION_CONTEXT('2D SPACE',''
  ) );
#17195 = PCURVE('',#17117,#17196);
#17196 = DEFINITIONAL_REPRESENTATION('',(#17197),#17201);
#17197 = LINE('',#17198,#17199);
#17198 = CARTESIAN_POINT('',(5.024542257537,-3.));
#17199 = VECTOR('',#17200,1.);
#17200 = DIRECTION('',(0.,-1.));
#17201 = ( GEOMETRIC_REPRESENTATION_CONTEXT(2) 
PARAMETRIC_REPRESENTATION_CONTEXT() REPRESENTATION_CONTEXT('2D SPACE',''
  ) );
#17202 = ORIENTED_EDGE('',*,*,#17203,.T.);
#17203 = EDGE_CURVE('',#17181,#17204,#17206,.T.);
#17204 = VERTEX_POINT('',#17205);
#17205 = CARTESIAN_POINT('',(84.5,-17.60810510845,7.));
#17206 = SURFACE_CURVE('',#17207,(#17211,#17218),.PCURVE_S1.);
#17207 = LINE('',#17208,#17209);
#17208 = CARTESIAN_POINT('',(84.5,-19.98216045768,7.));
#17209 = VECTOR('',#17210,1.);
#17210 = DIRECTION('',(0.,-1.,0.));
#17211 = PCURVE('',#16134,#17212);
#17212 = DEFINITIONAL_REPRESENTATION('',(#17213),#17217);
#17213 = LINE('',#17214,#17215);
#17214 = CARTESIAN_POINT('',(6.,16.017839542313));
#17215 = VECTOR('',#17216,1.);
#17216 = DIRECTION('',(0.,-1.));
#17217 = ( GEOMETRIC_REPRESENTATION_CONTEXT(2) 
PARAMETRIC_REPRESENTATION_CONTEXT() REPRESENTATION_CONTEXT('2D SPACE',''
  ) );
#17218 = PCURVE('',#17219,#17224);
#17219 = PLANE('',#17220);
#17220 = AXIS2_PLACEMENT_3D('',#17221,#17222,#17223);
#17221 = CARTESIAN_POINT('',(89.245664067158,-3.964320915373,7.));
#17222 = DIRECTION('',(1.110223024625E-16,0.,-1.));
#17223 = DIRECTION('',(-0.944496796706,0.328520624941,
    -1.048602090388E-16));
#17224 = DEFINITIONAL_REPRESENTATION('',(#17225),#17229);
#17225 = LINE('',#17226,#17227);
#17226 = CARTESIAN_POINT('',(-0.779926146975,-16.68784666297));
#17227 = VECTOR('',#17228,1.);
#17228 = DIRECTION('',(-0.328520624941,-0.944496796706));
#17229 = ( GEOMETRIC_REPRESENTATION_CONTEXT(2) 
PARAMETRIC_REPRESENTATION_CONTEXT() REPRESENTATION_CONTEXT('2D SPACE',''
  ) );
#17230 = ORIENTED_EDGE('',*,*,#17231,.T.);
#17231 = EDGE_CURVE('',#17204,#17232,#17234,.T.);
#17232 = VERTEX_POINT('',#17233);
#17233 = CARTESIAN_POINT('',(84.5,-17.60810510845,-3.));
#17234 = SURFACE_CURVE('',#17235,(#17239,#17246),.PCURVE_S1.);
#17235 = LINE('',#17236,#17237);
#17236 = CARTESIAN_POINT('',(84.5,-17.60810510845,10.));
#17237 = VECTOR('',#17238,1.);
#17238 = DIRECTION('',(1.110223024625E-16,0.,-1.));
#17239 = PCURVE('',#16134,#17240);
#17240 = DEFINITIONAL_REPRESENTATION('',(#17241),#17245);
#17241 = LINE('',#17242,#17243);
#17242 = CARTESIAN_POINT('',(3.,18.391894891547));
#17243 = VECTOR('',#17244,1.);
#17244 = DIRECTION('',(1.,0.));
#17245 = ( GEOMETRIC_REPRESENTATION_CONTEXT(2) 
PARAMETRIC_REPRESENTATION_CONTEXT() REPRESENTATION_CONTEXT('2D SPACE',''
  ) );
#17246 = PCURVE('',#17063,#17247);
#17247 = DEFINITIONAL_REPRESENTATION('',(#17248),#17252);
#17248 = LINE('',#17249,#17250);
#17249 = CARTESIAN_POINT('',(-3.,14.445558990418));
#17250 = VECTOR('',#17251,1.);
#17251 = DIRECTION('',(1.,0.));
#17252 = ( GEOMETRIC_REPRESENTATION_CONTEXT(2) 
PARAMETRIC_REPRESENTATION_CONTEXT() REPRESENTATION_CONTEXT('2D SPACE',''
  ) );
#17253 = ORIENTED_EDGE('',*,*,#17254,.F.);
#17254 = EDGE_CURVE('',#17255,#17232,#17257,.T.);
#17255 = VERTEX_POINT('',#17256);
#17256 = CARTESIAN_POINT('',(84.5,-17.4792302109,-3.));
#17257 = SURFACE_CURVE('',#17258,(#17262,#17269),.PCURVE_S1.);
#17258 = LINE('',#17259,#17260);
#17259 = CARTESIAN_POINT('',(84.5,-19.98216045768,-3.));
#17260 = VECTOR('',#17261,1.);
#17261 = DIRECTION('',(0.,-1.,0.));
#17262 = PCURVE('',#16134,#17263);
#17263 = DEFINITIONAL_REPRESENTATION('',(#17264),#17268);
#17264 = LINE('',#17265,#17266);
#17265 = CARTESIAN_POINT('',(16.,16.017839542313));
#17266 = VECTOR('',#17267,1.);
#17267 = DIRECTION('',(0.,-1.));
#17268 = ( GEOMETRIC_REPRESENTATION_CONTEXT(2) 
PARAMETRIC_REPRESENTATION_CONTEXT() REPRESENTATION_CONTEXT('2D SPACE',''
  ) );
#17269 = PCURVE('',#17270,#17275);
#17270 = PLANE('',#17271);
#17271 = AXIS2_PLACEMENT_3D('',#17272,#17273,#17274);
#17272 = CARTESIAN_POINT('',(89.245664067158,-3.964320915373,-3.));
#17273 = DIRECTION('',(1.110223024625E-16,0.,-1.));
#17274 = DIRECTION('',(-0.944496796706,0.328520624941,
    -1.048602090388E-16));
#17275 = DEFINITIONAL_REPRESENTATION('',(#17276),#17280);
#17276 = LINE('',#17277,#17278);
#17277 = CARTESIAN_POINT('',(-0.779926146975,-16.68784666297));
#17278 = VECTOR('',#17279,1.);
#17279 = DIRECTION('',(-0.328520624941,-0.944496796706));
#17280 = ( GEOMETRIC_REPRESENTATION_CONTEXT(2) 
PARAMETRIC_REPRESENTATION_CONTEXT() REPRESENTATION_CONTEXT('2D SPACE',''
  ) );
#17281 = ORIENTED_EDGE('',*,*,#17282,.T.);
#17282 = EDGE_CURVE('',#17255,#17156,#17283,.T.);
#17283 = SURFACE_CURVE('',#17284,(#17288,#17295),.PCURVE_S1.);
#17284 = LINE('',#17285,#17286);
#17285 = CARTESIAN_POINT('',(84.5,-17.4792302109,7.5));
#17286 = VECTOR('',#17287,1.);
#17287 = DIRECTION('',(1.110223024625E-16,0.,-1.));
#17288 = PCURVE('',#16134,#17289);
#17289 = DEFINITIONAL_REPRESENTATION('',(#17290),#17294);
#17290 = LINE('',#17291,#17292);
#17291 = CARTESIAN_POINT('',(5.5,18.520769789095));
#17292 = VECTOR('',#17293,1.);
#17293 = DIRECTION('',(1.,0.));
#17294 = ( GEOMETRIC_REPRESENTATION_CONTEXT(2) 
PARAMETRIC_REPRESENTATION_CONTEXT() REPRESENTATION_CONTEXT('2D SPACE',''
  ) );
#17295 = PCURVE('',#16268,#17296);
#17296 = DEFINITIONAL_REPRESENTATION('',(#17297),#17301);
#17297 = LINE('',#17298,#17299);
#17298 = CARTESIAN_POINT('',(6.044511947432,-5.5));
#17299 = VECTOR('',#17300,1.);
#17300 = DIRECTION('',(0.,1.));
#17301 = ( GEOMETRIC_REPRESENTATION_CONTEXT(2) 
PARAMETRIC_REPRESENTATION_CONTEXT() REPRESENTATION_CONTEXT('2D SPACE',''
  ) );
#17302 = FACE_BOUND('',#17303,.F.);
#17303 = EDGE_LOOP('',(#17304));
#17304 = ORIENTED_EDGE('',*,*,#17305,.F.);
#17305 = EDGE_CURVE('',#17306,#17306,#17308,.T.);
#17306 = VERTEX_POINT('',#17307);
#17307 = CARTESIAN_POINT('',(84.5,-11.84253871435,1.06581410364E-14));
#17308 = SURFACE_CURVE('',#17309,(#17314,#17321),.PCURVE_S1.);
#17309 = ELLIPSE('',#17310,2.117529680328,2.);
#17310 = AXIS2_PLACEMENT_3D('',#17311,#17312,#17313);
#17311 = CARTESIAN_POINT('',(84.5,-11.84253871435,2.));
#17312 = DIRECTION('',(1.,-0.,1.110223024625E-16));
#17313 = DIRECTION('',(0.,1.,0.));
#17314 = PCURVE('',#16134,#17315);
#17315 = DEFINITIONAL_REPRESENTATION('',(#17316),#17320);
#17316 = ELLIPSE('',#17317,2.117529680328,2.);
#17317 = AXIS2_PLACEMENT_2D('',#17318,#17319);
#17318 = CARTESIAN_POINT('',(11.,24.157461285641));
#17319 = DIRECTION('',(0.,1.));
#17320 = ( GEOMETRIC_REPRESENTATION_CONTEXT(2) 
PARAMETRIC_REPRESENTATION_CONTEXT() REPRESENTATION_CONTEXT('2D SPACE',''
  ) );
#17321 = PCURVE('',#17322,#17327);
#17322 = CYLINDRICAL_SURFACE('',#17323,2.);
#17323 = AXIS2_PLACEMENT_3D('',#17324,#17325,#17326);
#17324 = CARTESIAN_POINT('',(85.438931325651,-12.16912352328,2.));
#17325 = DIRECTION('',(-0.944496796706,0.328520624941,
    -1.048602090388E-16));
#17326 = DIRECTION('',(1.110223024625E-16,0.,-1.));
#17327 = DEFINITIONAL_REPRESENTATION('',(#17328),#17345);
#17328 = B_SPLINE_CURVE_WITH_KNOTS('',8,(#17329,#17330,#17331,#17332,
    #17333,#17334,#17335,#17336,#17337,#17338,#17339,#17340,#17341,
    #17342,#17343,#17344),.UNSPECIFIED.,.F.,.F.,(9,7,9),(4.712388980385,
    7.853981633974,10.995574287564),.UNSPECIFIED.);
#17329 = CARTESIAN_POINT('',(6.28318530718,0.994107474928));
#17330 = CARTESIAN_POINT('',(5.890486225481,1.267289444805));
#17331 = CARTESIAN_POINT('',(5.497787143782,1.540473592903));
#17332 = CARTESIAN_POINT('',(5.105088062087,1.749439180588));
#17333 = CARTESIAN_POINT('',(4.712388980386,1.830141246269));
#17334 = CARTESIAN_POINT('',(4.319689898689,1.749439180588));
#17335 = CARTESIAN_POINT('',(3.926990816987,1.540473592904));
#17336 = CARTESIAN_POINT('',(3.534291735289,1.267289444805));
#17337 = CARTESIAN_POINT('',(2.748893571891,0.720925505051));
#17338 = CARTESIAN_POINT('',(2.356194490196,0.447741356953));
#17339 = CARTESIAN_POINT('',(1.963495408499,0.238775769262));
#17340 = CARTESIAN_POINT('',(1.570796326808,0.158073703588));
#17341 = CARTESIAN_POINT('',(1.178097245095,0.238775769262));
#17342 = CARTESIAN_POINT('',(0.785398163399,0.447741356953));
#17343 = CARTESIAN_POINT('',(0.392699081699,0.720925505051));
#17344 = CARTESIAN_POINT('',(1.59872115546E-14,0.994107474928));
#17345 = ( GEOMETRIC_REPRESENTATION_CONTEXT(2) 
PARAMETRIC_REPRESENTATION_CONTEXT() REPRESENTATION_CONTEXT('2D SPACE',''
  ) );
#17346 = ADVANCED_FACE('',(#17347),#16106,.F.);
#17347 = FACE_BOUND('',#17348,.F.);
#17348 = EDGE_LOOP('',(#17349,#17350,#17371,#17372));
#17349 = ORIENTED_EDGE('',*,*,#17155,.F.);
#17350 = ORIENTED_EDGE('',*,*,#17351,.T.);
#17351 = EDGE_CURVE('',#17156,#16230,#17352,.T.);
#17352 = SURFACE_CURVE('',#17353,(#17357,#17364),.PCURVE_S1.);
#17353 = LINE('',#17354,#17355);
#17354 = CARTESIAN_POINT('',(76.477744026284,-17.4792302109,-13.));
#17355 = VECTOR('',#17356,1.);
#17356 = DIRECTION('',(-1.,0.,-1.110223024625E-16));
#17357 = PCURVE('',#16106,#17358);
#17358 = DEFINITIONAL_REPRESENTATION('',(#17359),#17363);
#17359 = LINE('',#17360,#17361);
#17360 = CARTESIAN_POINT('',(1.977744026284,-18.52076978909));
#17361 = VECTOR('',#17362,1.);
#17362 = DIRECTION('',(-1.,-0.));
#17363 = ( GEOMETRIC_REPRESENTATION_CONTEXT(2) 
PARAMETRIC_REPRESENTATION_CONTEXT() REPRESENTATION_CONTEXT('2D SPACE',''
  ) );
#17364 = PCURVE('',#16268,#17365);
#17365 = DEFINITIONAL_REPRESENTATION('',(#17366),#17370);
#17366 = LINE('',#17367,#17368);
#17367 = CARTESIAN_POINT('',(-1.977744026284,15.));
#17368 = VECTOR('',#17369,1.);
#17369 = DIRECTION('',(-1.,0.));
#17370 = ( GEOMETRIC_REPRESENTATION_CONTEXT(2) 
PARAMETRIC_REPRESENTATION_CONTEXT() REPRESENTATION_CONTEXT('2D SPACE',''
  ) );
#17371 = ORIENTED_EDGE('',*,*,#16229,.T.);
#17372 = ORIENTED_EDGE('',*,*,#16090,.F.);
#17373 = ADVANCED_FACE('',(#17374),#16268,.F.);
#17374 = FACE_BOUND('',#17375,.F.);
#17375 = EDGE_LOOP('',(#17376,#17377,#17378,#17379,#17402,#17425,#17446,
    #17447));
#17376 = ORIENTED_EDGE('',*,*,#16252,.F.);
#17377 = ORIENTED_EDGE('',*,*,#17351,.F.);
#17378 = ORIENTED_EDGE('',*,*,#17282,.F.);
#17379 = ORIENTED_EDGE('',*,*,#17380,.T.);
#17380 = EDGE_CURVE('',#17255,#17381,#17383,.T.);
#17381 = VERTEX_POINT('',#17382);
#17382 = CARTESIAN_POINT('',(84.544826051321,-17.4792302109,-3.));
#17383 = SURFACE_CURVE('',#17384,(#17388,#17395),.PCURVE_S1.);
#17384 = LINE('',#17385,#17386);
#17385 = CARTESIAN_POINT('',(83.850576059863,-17.4792302109,-3.));
#17386 = VECTOR('',#17387,1.);
#17387 = DIRECTION('',(1.,0.,1.110223024625E-16));
#17388 = PCURVE('',#16268,#17389);
#17389 = DEFINITIONAL_REPRESENTATION('',(#17390),#17394);
#17390 = LINE('',#17391,#17392);
#17391 = CARTESIAN_POINT('',(5.395088007295,5.));
#17392 = VECTOR('',#17393,1.);
#17393 = DIRECTION('',(1.,0.));
#17394 = ( GEOMETRIC_REPRESENTATION_CONTEXT(2) 
PARAMETRIC_REPRESENTATION_CONTEXT() REPRESENTATION_CONTEXT('2D SPACE',''
  ) );
#17395 = PCURVE('',#17270,#17396);
#17396 = DEFINITIONAL_REPRESENTATION('',(#17397),#17401);
#17397 = LINE('',#17398,#17399);
#17398 = CARTESIAN_POINT('',(0.655716893045,-14.53718622117));
#17399 = VECTOR('',#17400,1.);
#17400 = DIRECTION('',(-0.944496796706,0.328520624941));
#17401 = ( GEOMETRIC_REPRESENTATION_CONTEXT(2) 
PARAMETRIC_REPRESENTATION_CONTEXT() REPRESENTATION_CONTEXT('2D SPACE',''
  ) );
#17402 = ORIENTED_EDGE('',*,*,#17403,.F.);
#17403 = EDGE_CURVE('',#17404,#17381,#17406,.T.);
#17404 = VERTEX_POINT('',#17405);
#17405 = CARTESIAN_POINT('',(84.544826051321,-17.4792302109,2.));
#17406 = SURFACE_CURVE('',#17407,(#17411,#17418),.PCURVE_S1.);
#17407 = LINE('',#17408,#17409);
#17408 = CARTESIAN_POINT('',(84.544826051321,-17.4792302109,4.5));
#17409 = VECTOR('',#17410,1.);
#17410 = DIRECTION('',(1.110223024625E-16,0.,-1.));
#17411 = PCURVE('',#16268,#17412);
#17412 = DEFINITIONAL_REPRESENTATION('',(#17413),#17417);
#17413 = LINE('',#17414,#17415);
#17414 = CARTESIAN_POINT('',(6.089337998753,-2.5));
#17415 = VECTOR('',#17416,1.);
#17416 = DIRECTION('',(0.,1.));
#17417 = ( GEOMETRIC_REPRESENTATION_CONTEXT(2) 
PARAMETRIC_REPRESENTATION_CONTEXT() REPRESENTATION_CONTEXT('2D SPACE',''
  ) );
#17418 = PCURVE('',#17063,#17419);
#17419 = DEFINITIONAL_REPRESENTATION('',(#17420),#17424);
#17420 = LINE('',#17421,#17422);
#17421 = CARTESIAN_POINT('',(2.5,14.309110780114));
#17422 = VECTOR('',#17423,1.);
#17423 = DIRECTION('',(1.,0.));
#17424 = ( GEOMETRIC_REPRESENTATION_CONTEXT(2) 
PARAMETRIC_REPRESENTATION_CONTEXT() REPRESENTATION_CONTEXT('2D SPACE',''
  ) );
#17425 = ORIENTED_EDGE('',*,*,#17426,.T.);
#17426 = EDGE_CURVE('',#17404,#16974,#17427,.T.);
#17427 = SURFACE_CURVE('',#17428,(#17432,#17439),.PCURVE_S1.);
#17428 = LINE('',#17429,#17430);
#17429 = CARTESIAN_POINT('',(78.455488052568,-17.4792302109,2.));
#17430 = VECTOR('',#17431,1.);
#17431 = DIRECTION('',(1.,0.,1.110223024625E-16));
#17432 = PCURVE('',#16268,#17433);
#17433 = DEFINITIONAL_REPRESENTATION('',(#17434),#17438);
#17434 = LINE('',#17435,#17436);
#17435 = CARTESIAN_POINT('',(0.,0.));
#17436 = VECTOR('',#17437,1.);
#17437 = DIRECTION('',(1.,0.));
#17438 = ( GEOMETRIC_REPRESENTATION_CONTEXT(2) 
PARAMETRIC_REPRESENTATION_CONTEXT() REPRESENTATION_CONTEXT('2D SPACE',''
  ) );
#17439 = PCURVE('',#16991,#17440);
#17440 = DEFINITIONAL_REPRESENTATION('',(#17441),#17445);
#17441 = LINE('',#17442,#17443);
#17442 = CARTESIAN_POINT('',(0.,0.));
#17443 = VECTOR('',#17444,1.);
#17444 = DIRECTION('',(1.,0.));
#17445 = ( GEOMETRIC_REPRESENTATION_CONTEXT(2) 
PARAMETRIC_REPRESENTATION_CONTEXT() REPRESENTATION_CONTEXT('2D SPACE',''
  ) );
#17446 = ORIENTED_EDGE('',*,*,#17003,.T.);
#17447 = ORIENTED_EDGE('',*,*,#16832,.F.);
#17448 = ADVANCED_FACE('',(#17449),#16506,.T.);
#17449 = FACE_BOUND('',#17450,.T.);
#17450 = EDGE_LOOP('',(#17451,#17452));
#17451 = ORIENTED_EDGE('',*,*,#16702,.F.);
#17452 = ORIENTED_EDGE('',*,*,#16491,.T.);
#17453 = ADVANCED_FACE('',(#17454),#16542,.F.);
#17454 = FACE_BOUND('',#17455,.F.);
#17455 = EDGE_LOOP('',(#17456,#17491,#17540,#17561,#17562,#17563,#17591,
    #17624));
#17456 = ORIENTED_EDGE('',*,*,#17457,.F.);
#17457 = EDGE_CURVE('',#17458,#17460,#17462,.T.);
#17458 = VERTEX_POINT('',#17459);
#17459 = CARTESIAN_POINT('',(14.,124.13355743015,4.225229614419));
#17460 = VERTEX_POINT('',#17461);
#17461 = CARTESIAN_POINT('',(14.041185039828,124.15689561939,
    -0.17524376287));
#17462 = SURFACE_CURVE('',#17463,(#17468,#17475),.PCURVE_S1.);
#17463 = CIRCLE('',#17464,3.2);
#17464 = AXIS2_PLACEMENT_3D('',#17465,#17466,#17467);
#17465 = CARTESIAN_POINT('',(11.999260471713,122.99980503079,2.));
#17466 = DIRECTION('',(-0.493012571981,0.870022185849,
    -5.473539088428E-17));
#17467 = DIRECTION('',(1.110223024625E-16,0.,-1.));
#17468 = PCURVE('',#16542,#17469);
#17469 = DEFINITIONAL_REPRESENTATION('',(#17470),#17474);
#17470 = LINE('',#17471,#17472);
#17471 = CARTESIAN_POINT('',(0.,11.));
#17472 = VECTOR('',#17473,1.);
#17473 = DIRECTION('',(1.,0.));
#17474 = ( GEOMETRIC_REPRESENTATION_CONTEXT(2) 
PARAMETRIC_REPRESENTATION_CONTEXT() REPRESENTATION_CONTEXT('2D SPACE',''
  ) );
#17475 = PCURVE('',#17476,#17481);
#17476 = PLANE('',#17477);
#17477 = AXIS2_PLACEMENT_3D('',#17478,#17479,#17480);
#17478 = CARTESIAN_POINT('',(8.519171728318,121.02775474286,10.));
#17479 = DIRECTION('',(0.493012571981,-0.870022185849,5.473539088428E-17
    ));
#17480 = DIRECTION('',(1.110223024625E-16,0.,-1.));
#17481 = DEFINITIONAL_REPRESENTATION('',(#17482),#17490);
#17482 = ( BOUNDED_CURVE() B_SPLINE_CURVE(2,(#17483,#17484,#17485,#17486
    ,#17487,#17488,#17489),.UNSPECIFIED.,.T.,.F.) 
B_SPLINE_CURVE_WITH_KNOTS((1,2,2,2,2,1),(-2.094395102393,0.,
    2.094395102393,4.188790204786,6.28318530718,8.377580409573),
.UNSPECIFIED.) CURVE() GEOMETRIC_REPRESENTATION_ITEM() 
RATIONAL_B_SPLINE_CURVE((1.,0.5,1.,0.5,1.,0.5,1.)) REPRESENTATION_ITEM(
  '') );
#17483 = CARTESIAN_POINT('',(11.2,4.));
#17484 = CARTESIAN_POINT('',(11.2,-1.54256258422));
#17485 = CARTESIAN_POINT('',(6.4,1.22871870789));
#17486 = CARTESIAN_POINT('',(1.6,4.));
#17487 = CARTESIAN_POINT('',(6.4,6.77128129211));
#17488 = CARTESIAN_POINT('',(11.2,9.54256258422));
#17489 = CARTESIAN_POINT('',(11.2,4.));
#17490 = ( GEOMETRIC_REPRESENTATION_CONTEXT(2) 
PARAMETRIC_REPRESENTATION_CONTEXT() REPRESENTATION_CONTEXT('2D SPACE',''
  ) );
#17491 = ORIENTED_EDGE('',*,*,#17492,.T.);
#17492 = EDGE_CURVE('',#17458,#17493,#17495,.T.);
#17493 = VERTEX_POINT('',#17494);
#17494 = CARTESIAN_POINT('',(14.,119.46908821616,-1.2));
#17495 = SURFACE_CURVE('',#17496,(#17501,#17528),.PCURVE_S1.);
#17496 = ELLIPSE('',#17497,6.490706691602,3.2);
#17497 = AXIS2_PLACEMENT_3D('',#17498,#17499,#17500);
#17498 = CARTESIAN_POINT('',(14.,119.46908821616,2.));
#17499 = DIRECTION('',(1.,-0.,1.110223024625E-16));
#17500 = DIRECTION('',(0.,1.,0.));
#17501 = PCURVE('',#16542,#17502);
#17502 = DEFINITIONAL_REPRESENTATION('',(#17503),#17527);
#17503 = B_SPLINE_CURVE_WITH_KNOTS('',8,(#17504,#17505,#17506,#17507,
    #17508,#17509,#17510,#17511,#17512,#17513,#17514,#17515,#17516,
    #17517,#17518,#17519,#17520,#17521,#17522,#17523,#17524,#17525,
    #17526),.UNSPECIFIED.,.F.,.F.,(9,7,7,9),(0.768954307979,
    1.75481297608,3.233600978233,4.712388980385),.UNSPECIFIED.);
#17504 = CARTESIAN_POINT('',(3.943434672406,11.0000006));
#17505 = CARTESIAN_POINT('',(3.820202338893,10.516082609377));
#17506 = CARTESIAN_POINT('',(3.696970005381,9.961731939166));
#17507 = CARTESIAN_POINT('',(3.573737671868,9.34814722057));
#17508 = CARTESIAN_POINT('',(3.450505338355,8.688807509294));
#17509 = CARTESIAN_POINT('',(3.327273004842,7.998932534275));
#17510 = CARTESIAN_POINT('',(3.20404067133,7.294745958653));
#17511 = CARTESIAN_POINT('',(3.080808337817,6.592661303948));
#17512 = CARTESIAN_POINT('',(2.772727504035,4.882283515108));
#17513 = CARTESIAN_POINT('',(2.587879003766,3.896407258208));
#17514 = CARTESIAN_POINT('',(2.403030503493,3.004315179742));
#17515 = CARTESIAN_POINT('',(2.218182003227,2.256493122547));
#17516 = CARTESIAN_POINT('',(2.033333502954,1.694664736888));
#17517 = CARTESIAN_POINT('',(1.84848500269,1.346406777778));
#17518 = CARTESIAN_POINT('',(1.663636502421,1.22272782491));
#17519 = CARTESIAN_POINT('',(1.293939501883,1.414542766048));
#17520 = CARTESIAN_POINT('',(1.109091001614,1.730036689281));
#17521 = CARTESIAN_POINT('',(0.924242501345,2.26012215178));
#17522 = CARTESIAN_POINT('',(0.739394001074,2.983804521454));
#17523 = CARTESIAN_POINT('',(0.554545500807,3.864608371039));
#17524 = CARTESIAN_POINT('',(0.369697000537,4.854107430653));
#17525 = CARTESIAN_POINT('',(0.184848500269,5.897957944163));
#17526 = CARTESIAN_POINT('',(-4.440892098501E-15,6.941808298624));
#17527 = ( GEOMETRIC_REPRESENTATION_CONTEXT(2) 
PARAMETRIC_REPRESENTATION_CONTEXT() REPRESENTATION_CONTEXT('2D SPACE',''
  ) );
#17528 = PCURVE('',#17529,#17534);
#17529 = PLANE('',#17530);
#17530 = AXIS2_PLACEMENT_3D('',#17531,#17532,#17533);
#17531 = CARTESIAN_POINT('',(14.,107.,7.));
#17532 = DIRECTION('',(1.,0.,1.110223024625E-16));
#17533 = DIRECTION('',(1.110223024625E-16,0.,-1.));
#17534 = DEFINITIONAL_REPRESENTATION('',(#17535),#17539);
#17535 = ELLIPSE('',#17536,6.490706691602,3.2);
#17536 = AXIS2_PLACEMENT_2D('',#17537,#17538);
#17537 = CARTESIAN_POINT('',(5.,12.469088216169));
#17538 = DIRECTION('',(0.,1.));
#17539 = ( GEOMETRIC_REPRESENTATION_CONTEXT(2) 
PARAMETRIC_REPRESENTATION_CONTEXT() REPRESENTATION_CONTEXT('2D SPACE',''
  ) );
#17540 = ORIENTED_EDGE('',*,*,#17541,.F.);
#17541 = EDGE_CURVE('',#16526,#17493,#17542,.T.);
#17542 = SEAM_CURVE('',#17543,(#17547,#17554),.PCURVE_S1.);
#17543 = LINE('',#17544,#17545);
#17544 = CARTESIAN_POINT('',(17.422398763503,113.42956098645,-1.2));
#17545 = VECTOR('',#17546,1.);
#17546 = DIRECTION('',(-0.493012571981,0.870022185849,
    -5.473539088428E-17));
#17547 = PCURVE('',#16542,#17548);
#17548 = DEFINITIONAL_REPRESENTATION('',(#17549),#17553);
#17549 = LINE('',#17550,#17551);
#17550 = CARTESIAN_POINT('',(6.28318530718,-0.));
#17551 = VECTOR('',#17552,1.);
#17552 = DIRECTION('',(0.,1.));
#17553 = ( GEOMETRIC_REPRESENTATION_CONTEXT(2) 
PARAMETRIC_REPRESENTATION_CONTEXT() REPRESENTATION_CONTEXT('2D SPACE',''
  ) );
#17554 = PCURVE('',#16542,#17555);
#17555 = DEFINITIONAL_REPRESENTATION('',(#17556),#17560);
#17556 = LINE('',#17557,#17558);
#17557 = CARTESIAN_POINT('',(0.,-0.));
#17558 = VECTOR('',#17559,1.);
#17559 = DIRECTION('',(0.,1.));
#17560 = ( GEOMETRIC_REPRESENTATION_CONTEXT(2) 
PARAMETRIC_REPRESENTATION_CONTEXT() REPRESENTATION_CONTEXT('2D SPACE',''
  ) );
#17561 = ORIENTED_EDGE('',*,*,#16525,.T.);
#17562 = ORIENTED_EDGE('',*,*,#17541,.T.);
#17563 = ORIENTED_EDGE('',*,*,#17564,.T.);
#17564 = EDGE_CURVE('',#17493,#17565,#17567,.T.);
#17565 = VERTEX_POINT('',#17566);
#17566 = CARTESIAN_POINT('',(14.,123.21993814588,-0.611589468704));
#17567 = SURFACE_CURVE('',#17568,(#17573,#17584),.PCURVE_S1.);
#17568 = ELLIPSE('',#17569,6.490706691602,3.2);
#17569 = AXIS2_PLACEMENT_3D('',#17570,#17571,#17572);
#17570 = CARTESIAN_POINT('',(14.,119.46908821616,2.));
#17571 = DIRECTION('',(1.,-0.,1.110223024625E-16));
#17572 = DIRECTION('',(0.,1.,0.));
#17573 = PCURVE('',#16542,#17574);
#17574 = DEFINITIONAL_REPRESENTATION('',(#17575),#17583);
#17575 = B_SPLINE_CURVE_WITH_KNOTS('',6,(#17576,#17577,#17578,#17579,
    #17580,#17581,#17582),.UNSPECIFIED.,.F.,.F.,(7,7),(4.712388980385,
    5.514230999201),.PIECEWISE_BEZIER_KNOTS.);
#17576 = CARTESIAN_POINT('',(6.28318530718,6.941808298624));
#17577 = CARTESIAN_POINT('',(6.14954497071,7.696483139862));
#17578 = CARTESIAN_POINT('',(6.015904634241,8.451156696489));
#17579 = CARTESIAN_POINT('',(5.882264297772,9.181577478893));
#17580 = CARTESIAN_POINT('',(5.748623961302,9.863450098508));
#17581 = CARTESIAN_POINT('',(5.614983624833,10.475211680996));
#17582 = CARTESIAN_POINT('',(5.481343288364,11.0000006));
#17583 = ( GEOMETRIC_REPRESENTATION_CONTEXT(2) 
PARAMETRIC_REPRESENTATION_CONTEXT() REPRESENTATION_CONTEXT('2D SPACE',''
  ) );
#17584 = PCURVE('',#17529,#17585);
#17585 = DEFINITIONAL_REPRESENTATION('',(#17586),#17590);
#17586 = ELLIPSE('',#17587,6.490706691602,3.2);
#17587 = AXIS2_PLACEMENT_2D('',#17588,#17589);
#17588 = CARTESIAN_POINT('',(5.,12.469088216169));
#17589 = DIRECTION('',(0.,1.));
#17590 = ( GEOMETRIC_REPRESENTATION_CONTEXT(2) 
PARAMETRIC_REPRESENTATION_CONTEXT() REPRESENTATION_CONTEXT('2D SPACE',''
  ) );
#17591 = ORIENTED_EDGE('',*,*,#17592,.F.);
#17592 = EDGE_CURVE('',#17593,#17565,#17595,.T.);
#17593 = VERTEX_POINT('',#17594);
#17594 = CARTESIAN_POINT('',(14.041185039828,123.21993814588,
    -0.585844886354));
#17595 = SURFACE_CURVE('',#17596,(#17601,#17612),.PCURVE_S1.);
#17596 = ELLIPSE('',#17597,3.678067125241,3.2);
#17597 = AXIS2_PLACEMENT_3D('',#17598,#17599,#17600);
#17598 = CARTESIAN_POINT('',(11.874518373161,123.21993814588,2.));
#17599 = DIRECTION('',(0.,1.,0.));
#17600 = DIRECTION('',(-1.,0.,-1.110223024625E-16));
#17601 = PCURVE('',#16542,#17602);
#17602 = DEFINITIONAL_REPRESENTATION('',(#17603),#17611);
#17603 = B_SPLINE_CURVE_WITH_KNOTS('',6,(#17604,#17605,#17606,#17607,
    #17608,#17609,#17610),.UNSPECIFIED.,.F.,.F.,(7,7),(3.675236118597,
    4.572399374951),.PIECEWISE_BEZIER_KNOTS.);
#17604 = CARTESIAN_POINT('',(5.246032445392,9.691813638872));
#17605 = CARTESIAN_POINT('',(5.395559654784,9.829736754731));
#17606 = CARTESIAN_POINT('',(5.545086864176,10.00954635753));
#17607 = CARTESIAN_POINT('',(5.694614073568,10.225697366794));
#17608 = CARTESIAN_POINT('',(5.844141282961,10.469809545019));
#17609 = CARTESIAN_POINT('',(5.993668492354,10.731510394633));
#17610 = CARTESIAN_POINT('',(6.143195701746,11.0000006));
#17611 = ( GEOMETRIC_REPRESENTATION_CONTEXT(2) 
PARAMETRIC_REPRESENTATION_CONTEXT() REPRESENTATION_CONTEXT('2D SPACE',''
  ) );
#17612 = PCURVE('',#17613,#17618);
#17613 = PLANE('',#17614);
#17614 = AXIS2_PLACEMENT_3D('',#17615,#17616,#17617);
#17615 = CARTESIAN_POINT('',(4.041185039828,123.21993814588,2.));
#17616 = DIRECTION('',(0.,1.,0.));
#17617 = DIRECTION('',(1.,0.,1.110223024625E-16));
#17618 = DEFINITIONAL_REPRESENTATION('',(#17619),#17623);
#17619 = ELLIPSE('',#17620,3.678067125241,3.2);
#17620 = AXIS2_PLACEMENT_2D('',#17621,#17622);
#17621 = CARTESIAN_POINT('',(7.833333333333,-1.850371707709E-17));
#17622 = DIRECTION('',(-1.,0.));
#17623 = ( GEOMETRIC_REPRESENTATION_CONTEXT(2) 
PARAMETRIC_REPRESENTATION_CONTEXT() REPRESENTATION_CONTEXT('2D SPACE',''
  ) );
#17624 = ORIENTED_EDGE('',*,*,#17625,.T.);
#17625 = EDGE_CURVE('',#17593,#17460,#17626,.T.);
#17626 = SURFACE_CURVE('',#17627,(#17632,#17642),.PCURVE_S1.);
#17627 = ELLIPSE('',#17628,6.490706691602,3.2);
#17628 = AXIS2_PLACEMENT_3D('',#17629,#17630,#17631);
#17629 = CARTESIAN_POINT('',(14.041185039828,119.39640873412,2.));
#17630 = DIRECTION('',(1.,-0.,1.110223024625E-16));
#17631 = DIRECTION('',(0.,1.,0.));
#17632 = PCURVE('',#16542,#17633);
#17633 = DEFINITIONAL_REPRESENTATION('',(#17634),#17641);
#17634 = B_SPLINE_CURVE_WITH_KNOTS('',5,(#17635,#17636,#17637,#17638,
    #17639,#17640),.UNSPECIFIED.,.F.,.F.,(6,6),(5.162439576771,
    5.535745094091),.PIECEWISE_BEZIER_KNOTS.);
#17635 = CARTESIAN_POINT('',(5.833134710793,9.314804025004));
#17636 = CARTESIAN_POINT('',(5.758473607329,9.694437329861));
#17637 = CARTESIAN_POINT('',(5.683812503865,10.056954146416));
#17638 = CARTESIAN_POINT('',(5.609151400401,10.397944027561));
#17639 = CARTESIAN_POINT('',(5.534490296938,10.713401648971));
#17640 = CARTESIAN_POINT('',(5.459829193474,11.0000006));
#17641 = ( GEOMETRIC_REPRESENTATION_CONTEXT(2) 
PARAMETRIC_REPRESENTATION_CONTEXT() REPRESENTATION_CONTEXT('2D SPACE',''
  ) );
#17642 = PCURVE('',#17643,#17648);
#17643 = PLANE('',#17644);
#17644 = AXIS2_PLACEMENT_3D('',#17645,#17646,#17647);
#17645 = CARTESIAN_POINT('',(14.041185039828,123.21993814588,2.));
#17646 = DIRECTION('',(1.,0.,1.110223024625E-16));
#17647 = DIRECTION('',(1.110223024625E-16,0.,-1.));
#17648 = DEFINITIONAL_REPRESENTATION('',(#17649),#17653);
#17649 = ELLIPSE('',#17650,6.490706691602,3.2);
#17650 = AXIS2_PLACEMENT_2D('',#17651,#17652);
#17651 = CARTESIAN_POINT('',(0.,-3.823529411765));
#17652 = DIRECTION('',(0.,1.));
#17653 = ( GEOMETRIC_REPRESENTATION_CONTEXT(2) 
PARAMETRIC_REPRESENTATION_CONTEXT() REPRESENTATION_CONTEXT('2D SPACE',''
  ) );
#17654 = ADVANCED_FACE('',(#17655),#16632,.F.);
#17655 = FACE_BOUND('',#17656,.F.);
#17656 = EDGE_LOOP('',(#17657));
#17657 = ORIENTED_EDGE('',*,*,#16615,.T.);
#17658 = ADVANCED_FACE('',(#17659),#16771,.F.);
#17659 = FACE_BOUND('',#17660,.F.);
#17660 = EDGE_LOOP('',(#17661));
#17661 = ORIENTED_EDGE('',*,*,#16754,.T.);
#17662 = ADVANCED_FACE('',(#17663),#16876,.F.);
#17663 = FACE_BOUND('',#17664,.F.);
#17664 = EDGE_LOOP('',(#17665,#17688,#17689,#17712));
#17665 = ORIENTED_EDGE('',*,*,#17666,.F.);
#17666 = EDGE_CURVE('',#16859,#17667,#17669,.T.);
#17667 = VERTEX_POINT('',#17668);
#17668 = CARTESIAN_POINT('',(80.962837810826,-15.90604563198,-24.));
#17669 = SURFACE_CURVE('',#17670,(#17674,#17681),.PCURVE_S1.);
#17670 = LINE('',#17671,#17672);
#17671 = CARTESIAN_POINT('',(80.962837810826,-15.90604563198,-20.));
#17672 = VECTOR('',#17673,1.);
#17673 = DIRECTION('',(1.110223024625E-16,0.,-1.));
#17674 = PCURVE('',#16876,#17675);
#17675 = DEFINITIONAL_REPRESENTATION('',(#17676),#17680);
#17676 = LINE('',#17677,#17678);
#17677 = CARTESIAN_POINT('',(-9.437418813491E-17,0.9));
#17678 = VECTOR('',#17679,1.);
#17679 = DIRECTION('',(1.,0.));
#17680 = ( GEOMETRIC_REPRESENTATION_CONTEXT(2) 
PARAMETRIC_REPRESENTATION_CONTEXT() REPRESENTATION_CONTEXT('2D SPACE',''
  ) );
#17681 = PCURVE('',#16958,#17682);
#17682 = DEFINITIONAL_REPRESENTATION('',(#17683),#17687);
#17683 = LINE('',#17684,#17685);
#17684 = CARTESIAN_POINT('',(0.,0.));
#17685 = VECTOR('',#17686,1.);
#17686 = DIRECTION('',(0.,1.));
#17687 = ( GEOMETRIC_REPRESENTATION_CONTEXT(2) 
PARAMETRIC_REPRESENTATION_CONTEXT() REPRESENTATION_CONTEXT('2D SPACE',''
  ) );
#17688 = ORIENTED_EDGE('',*,*,#16858,.T.);
#17689 = ORIENTED_EDGE('',*,*,#17690,.T.);
#17690 = EDGE_CURVE('',#16861,#17691,#17693,.T.);
#17691 = VERTEX_POINT('',#17692);
#17692 = CARTESIAN_POINT('',(81.812884927862,-16.20171419443,-24.));
#17693 = SURFACE_CURVE('',#17694,(#17698,#17705),.PCURVE_S1.);
#17694 = LINE('',#17695,#17696);
#17695 = CARTESIAN_POINT('',(81.812884927862,-16.20171419443,-20.));
#17696 = VECTOR('',#17697,1.);
#17697 = DIRECTION('',(1.110223024625E-16,0.,-1.));
#17698 = PCURVE('',#16876,#17699);
#17699 = DEFINITIONAL_REPRESENTATION('',(#17700),#17704);
#17700 = LINE('',#17701,#17702);
#17701 = CARTESIAN_POINT('',(0.,0.));
#17702 = VECTOR('',#17703,1.);
#17703 = DIRECTION('',(1.,0.));
#17704 = ( GEOMETRIC_REPRESENTATION_CONTEXT(2) 
PARAMETRIC_REPRESENTATION_CONTEXT() REPRESENTATION_CONTEXT('2D SPACE',''
  ) );
#17705 = PCURVE('',#16904,#17706);
#17706 = DEFINITIONAL_REPRESENTATION('',(#17707),#17711);
#17707 = LINE('',#17708,#17709);
#17708 = CARTESIAN_POINT('',(0.,0.));
#17709 = VECTOR('',#17710,1.);
#17710 = DIRECTION('',(0.,1.));
#17711 = ( GEOMETRIC_REPRESENTATION_CONTEXT(2) 
PARAMETRIC_REPRESENTATION_CONTEXT() REPRESENTATION_CONTEXT('2D SPACE',''
  ) );
#17712 = ORIENTED_EDGE('',*,*,#17713,.T.);
#17713 = EDGE_CURVE('',#17691,#17667,#17714,.T.);
#17714 = SURFACE_CURVE('',#17715,(#17719,#17726),.PCURVE_S1.);
#17715 = LINE('',#17716,#17717);
#17716 = CARTESIAN_POINT('',(81.812884927862,-16.20171419443,-24.));
#17717 = VECTOR('',#17718,1.);
#17718 = DIRECTION('',(-0.944496796706,0.328520624941,
    -1.048602090388E-16));
#17719 = PCURVE('',#16876,#17720);
#17720 = DEFINITIONAL_REPRESENTATION('',(#17721),#17725);
#17721 = LINE('',#17722,#17723);
#17722 = CARTESIAN_POINT('',(4.,4.194408361552E-16));
#17723 = VECTOR('',#17724,1.);
#17724 = DIRECTION('',(0.,1.));
#17725 = ( GEOMETRIC_REPRESENTATION_CONTEXT(2) 
PARAMETRIC_REPRESENTATION_CONTEXT() REPRESENTATION_CONTEXT('2D SPACE',''
  ) );
#17726 = PCURVE('',#17727,#17732);
#17727 = PLANE('',#17728);
#17728 = AXIS2_PLACEMENT_3D('',#17729,#17730,#17731);
#17729 = CARTESIAN_POINT('',(81.812884927862,-16.20171419443,-24.));
#17730 = DIRECTION('',(1.110223024625E-16,0.,-1.));
#17731 = DIRECTION('',(0.328520624941,0.944496796706,3.64731161874E-17)
  );
#17732 = DEFINITIONAL_REPRESENTATION('',(#17733),#17737);
#17733 = LINE('',#17734,#17735);
#17734 = CARTESIAN_POINT('',(0.,0.));
#17735 = VECTOR('',#17736,1.);
#17736 = DIRECTION('',(-1.107280825419E-17,-1.));
#17737 = ( GEOMETRIC_REPRESENTATION_CONTEXT(2) 
PARAMETRIC_REPRESENTATION_CONTEXT() REPRESENTATION_CONTEXT('2D SPACE',''
  ) );
#17738 = ADVANCED_FACE('',(#17739),#16958,.T.);
#17739 = FACE_BOUND('',#17740,.T.);
#17740 = EDGE_LOOP('',(#17741,#17742,#17743,#17766));
#17741 = ORIENTED_EDGE('',*,*,#17666,.F.);
#17742 = ORIENTED_EDGE('',*,*,#16944,.T.);
#17743 = ORIENTED_EDGE('',*,*,#17744,.T.);
#17744 = EDGE_CURVE('',#16917,#17745,#17747,.T.);
#17745 = VERTEX_POINT('',#17746);
#17746 = CARTESIAN_POINT('',(84.248044060239,-6.461077664927,-24.));
#17747 = SURFACE_CURVE('',#17748,(#17752,#17759),.PCURVE_S1.);
#17748 = LINE('',#17749,#17750);
#17749 = CARTESIAN_POINT('',(84.248044060239,-6.461077664927,-20.));
#17750 = VECTOR('',#17751,1.);
#17751 = DIRECTION('',(1.110223024625E-16,0.,-1.));
#17752 = PCURVE('',#16958,#17753);
#17753 = DEFINITIONAL_REPRESENTATION('',(#17754),#17758);
#17754 = LINE('',#17755,#17756);
#17755 = CARTESIAN_POINT('',(10.,3.64731161874E-16));
#17756 = VECTOR('',#17757,1.);
#17757 = DIRECTION('',(0.,1.));
#17758 = ( GEOMETRIC_REPRESENTATION_CONTEXT(2) 
PARAMETRIC_REPRESENTATION_CONTEXT() REPRESENTATION_CONTEXT('2D SPACE',''
  ) );
#17759 = PCURVE('',#16932,#17760);
#17760 = DEFINITIONAL_REPRESENTATION('',(#17761),#17765);
#17761 = LINE('',#17762,#17763);
#17762 = CARTESIAN_POINT('',(-9.437418813491E-17,0.9));
#17763 = VECTOR('',#17764,1.);
#17764 = DIRECTION('',(1.,0.));
#17765 = ( GEOMETRIC_REPRESENTATION_CONTEXT(2) 
PARAMETRIC_REPRESENTATION_CONTEXT() REPRESENTATION_CONTEXT('2D SPACE',''
  ) );
#17766 = ORIENTED_EDGE('',*,*,#17767,.F.);
#17767 = EDGE_CURVE('',#17667,#17745,#17768,.T.);
#17768 = SURFACE_CURVE('',#17769,(#17773,#17780),.PCURVE_S1.);
#17769 = LINE('',#17770,#17771);
#17770 = CARTESIAN_POINT('',(80.962837810826,-15.90604563198,-24.));
#17771 = VECTOR('',#17772,1.);
#17772 = DIRECTION('',(0.328520624941,0.944496796706,3.64731161874E-17)
  );
#17773 = PCURVE('',#16958,#17774);
#17774 = DEFINITIONAL_REPRESENTATION('',(#17775),#17779);
#17775 = LINE('',#17776,#17777);
#17776 = CARTESIAN_POINT('',(-1.458924647496E-16,4.));
#17777 = VECTOR('',#17778,1.);
#17778 = DIRECTION('',(1.,0.));
#17779 = ( GEOMETRIC_REPRESENTATION_CONTEXT(2) 
PARAMETRIC_REPRESENTATION_CONTEXT() REPRESENTATION_CONTEXT('2D SPACE',''
  ) );
#17780 = PCURVE('',#17727,#17781);
#17781 = DEFINITIONAL_REPRESENTATION('',(#17782),#17786);
#17782 = LINE('',#17783,#17784);
#17783 = CARTESIAN_POINT('',(1.6167763757E-16,-0.9));
#17784 = VECTOR('',#17785,1.);
#17785 = DIRECTION('',(1.,1.107280825419E-17));
#17786 = ( GEOMETRIC_REPRESENTATION_CONTEXT(2) 
PARAMETRIC_REPRESENTATION_CONTEXT() REPRESENTATION_CONTEXT('2D SPACE',''
  ) );
#17787 = ADVANCED_FACE('',(#17788),#16932,.T.);
#17788 = FACE_BOUND('',#17789,.T.);
#17789 = EDGE_LOOP('',(#17790,#17791,#17792,#17815));
#17790 = ORIENTED_EDGE('',*,*,#17744,.F.);
#17791 = ORIENTED_EDGE('',*,*,#16916,.T.);
#17792 = ORIENTED_EDGE('',*,*,#17793,.T.);
#17793 = EDGE_CURVE('',#16889,#17794,#17796,.T.);
#17794 = VERTEX_POINT('',#17795);
#17795 = CARTESIAN_POINT('',(85.098091177275,-6.756746227374,-24.));
#17796 = SURFACE_CURVE('',#17797,(#17801,#17808),.PCURVE_S1.);
#17797 = LINE('',#17798,#17799);
#17798 = CARTESIAN_POINT('',(85.098091177275,-6.756746227374,-20.));
#17799 = VECTOR('',#17800,1.);
#17800 = DIRECTION('',(1.110223024625E-16,0.,-1.));
#17801 = PCURVE('',#16932,#17802);
#17802 = DEFINITIONAL_REPRESENTATION('',(#17803),#17807);
#17803 = LINE('',#17804,#17805);
#17804 = CARTESIAN_POINT('',(0.,0.));
#17805 = VECTOR('',#17806,1.);
#17806 = DIRECTION('',(1.,0.));
#17807 = ( GEOMETRIC_REPRESENTATION_CONTEXT(2) 
PARAMETRIC_REPRESENTATION_CONTEXT() REPRESENTATION_CONTEXT('2D SPACE',''
  ) );
#17808 = PCURVE('',#16904,#17809);
#17809 = DEFINITIONAL_REPRESENTATION('',(#17810),#17814);
#17810 = LINE('',#17811,#17812);
#17811 = CARTESIAN_POINT('',(10.,3.64731161874E-16));
#17812 = VECTOR('',#17813,1.);
#17813 = DIRECTION('',(0.,1.));
#17814 = ( GEOMETRIC_REPRESENTATION_CONTEXT(2) 
PARAMETRIC_REPRESENTATION_CONTEXT() REPRESENTATION_CONTEXT('2D SPACE',''
  ) );
#17815 = ORIENTED_EDGE('',*,*,#17816,.T.);
#17816 = EDGE_CURVE('',#17794,#17745,#17817,.T.);
#17817 = SURFACE_CURVE('',#17818,(#17822,#17829),.PCURVE_S1.);
#17818 = LINE('',#17819,#17820);
#17819 = CARTESIAN_POINT('',(85.098091177275,-6.756746227374,-24.));
#17820 = VECTOR('',#17821,1.);
#17821 = DIRECTION('',(-0.944496796706,0.328520624941,
    -1.048602090388E-16));
#17822 = PCURVE('',#16932,#17823);
#17823 = DEFINITIONAL_REPRESENTATION('',(#17824),#17828);
#17824 = LINE('',#17825,#17826);
#17825 = CARTESIAN_POINT('',(4.,4.194408361552E-16));
#17826 = VECTOR('',#17827,1.);
#17827 = DIRECTION('',(0.,1.));
#17828 = ( GEOMETRIC_REPRESENTATION_CONTEXT(2) 
PARAMETRIC_REPRESENTATION_CONTEXT() REPRESENTATION_CONTEXT('2D SPACE',''
  ) );
#17829 = PCURVE('',#17727,#17830);
#17830 = DEFINITIONAL_REPRESENTATION('',(#17831),#17835);
#17831 = LINE('',#17832,#17833);
#17832 = CARTESIAN_POINT('',(10.,-2.738983841777E-15));
#17833 = VECTOR('',#17834,1.);
#17834 = DIRECTION('',(-1.107280825419E-17,-1.));
#17835 = ( GEOMETRIC_REPRESENTATION_CONTEXT(2) 
PARAMETRIC_REPRESENTATION_CONTEXT() REPRESENTATION_CONTEXT('2D SPACE',''
  ) );
#17836 = ADVANCED_FACE('',(#17837),#16904,.F.);
#17837 = FACE_BOUND('',#17838,.F.);
#17838 = EDGE_LOOP('',(#17839,#17840,#17841,#17842));
#17839 = ORIENTED_EDGE('',*,*,#17690,.F.);
#17840 = ORIENTED_EDGE('',*,*,#16888,.T.);
#17841 = ORIENTED_EDGE('',*,*,#17793,.T.);
#17842 = ORIENTED_EDGE('',*,*,#17843,.F.);
#17843 = EDGE_CURVE('',#17691,#17794,#17844,.T.);
#17844 = SURFACE_CURVE('',#17845,(#17849,#17856),.PCURVE_S1.);
#17845 = LINE('',#17846,#17847);
#17846 = CARTESIAN_POINT('',(81.812884927862,-16.20171419443,-24.));
#17847 = VECTOR('',#17848,1.);
#17848 = DIRECTION('',(0.328520624941,0.944496796706,3.64731161874E-17)
  );
#17849 = PCURVE('',#16904,#17850);
#17850 = DEFINITIONAL_REPRESENTATION('',(#17851),#17855);
#17851 = LINE('',#17852,#17853);
#17852 = CARTESIAN_POINT('',(-1.458924647496E-16,4.));
#17853 = VECTOR('',#17854,1.);
#17854 = DIRECTION('',(1.,0.));
#17855 = ( GEOMETRIC_REPRESENTATION_CONTEXT(2) 
PARAMETRIC_REPRESENTATION_CONTEXT() REPRESENTATION_CONTEXT('2D SPACE',''
  ) );
#17856 = PCURVE('',#17727,#17857);
#17857 = DEFINITIONAL_REPRESENTATION('',(#17858),#17862);
#17858 = LINE('',#17859,#17860);
#17859 = CARTESIAN_POINT('',(0.,0.));
#17860 = VECTOR('',#17861,1.);
#17861 = DIRECTION('',(1.,1.107280825419E-17));
#17862 = ( GEOMETRIC_REPRESENTATION_CONTEXT(2) 
PARAMETRIC_REPRESENTATION_CONTEXT() REPRESENTATION_CONTEXT('2D SPACE',''
  ) );
#17863 = ADVANCED_FACE('',(#17864),#16991,.F.);
#17864 = FACE_BOUND('',#17865,.F.);
#17865 = EDGE_LOOP('',(#17866,#17867,#17888));
#17866 = ORIENTED_EDGE('',*,*,#17426,.F.);
#17867 = ORIENTED_EDGE('',*,*,#17868,.F.);
#17868 = EDGE_CURVE('',#16976,#17404,#17869,.T.);
#17869 = SURFACE_CURVE('',#17870,(#17874,#17881),.PCURVE_S1.);
#17870 = LINE('',#17871,#17872);
#17871 = CARTESIAN_POINT('',(86.566646718666,-11.66649579228,2.));
#17872 = VECTOR('',#17873,1.);
#17873 = DIRECTION('',(-0.328520624941,-0.944496796706,
    -3.64731161874E-17));
#17874 = PCURVE('',#16991,#17875);
#17875 = DEFINITIONAL_REPRESENTATION('',(#17876),#17880);
#17876 = LINE('',#17877,#17878);
#17877 = CARTESIAN_POINT('',(8.111158666098,-5.812734418617));
#17878 = VECTOR('',#17879,1.);
#17879 = DIRECTION('',(-0.328520624941,0.944496796706));
#17880 = ( GEOMETRIC_REPRESENTATION_CONTEXT(2) 
PARAMETRIC_REPRESENTATION_CONTEXT() REPRESENTATION_CONTEXT('2D SPACE',''
  ) );
#17881 = PCURVE('',#17063,#17882);
#17882 = DEFINITIONAL_REPRESENTATION('',(#17883),#17887);
#17883 = LINE('',#17884,#17885);
#17884 = CARTESIAN_POINT('',(5.,8.154791952472));
#17885 = VECTOR('',#17886,1.);
#17886 = DIRECTION('',(0.,1.));
#17887 = ( GEOMETRIC_REPRESENTATION_CONTEXT(2) 
PARAMETRIC_REPRESENTATION_CONTEXT() REPRESENTATION_CONTEXT('2D SPACE',''
  ) );
#17888 = ORIENTED_EDGE('',*,*,#16973,.F.);
#17889 = ADVANCED_FACE('',(#17890),#17063,.F.);
#17890 = FACE_BOUND('',#17891,.F.);
#17891 = EDGE_LOOP('',(#17892,#17913,#17914,#17937,#17958,#17959,#17960,
    #17961));
#17892 = ORIENTED_EDGE('',*,*,#17893,.T.);
#17893 = EDGE_CURVE('',#17381,#17232,#17894,.T.);
#17894 = SURFACE_CURVE('',#17895,(#17899,#17906),.PCURVE_S1.);
#17895 = LINE('',#17896,#17897);
#17896 = CARTESIAN_POINT('',(89.245664067158,-3.964320915373,-3.));
#17897 = VECTOR('',#17898,1.);
#17898 = DIRECTION('',(-0.328520624941,-0.944496796706,
    -3.64731161874E-17));
#17899 = PCURVE('',#17063,#17900);
#17900 = DEFINITIONAL_REPRESENTATION('',(#17901),#17905);
#17901 = LINE('',#17902,#17903);
#17902 = CARTESIAN_POINT('',(10.,3.64731161874E-16));
#17903 = VECTOR('',#17904,1.);
#17904 = DIRECTION('',(0.,1.));
#17905 = ( GEOMETRIC_REPRESENTATION_CONTEXT(2) 
PARAMETRIC_REPRESENTATION_CONTEXT() REPRESENTATION_CONTEXT('2D SPACE',''
  ) );
#17906 = PCURVE('',#17270,#17907);
#17907 = DEFINITIONAL_REPRESENTATION('',(#17908),#17912);
#17908 = LINE('',#17909,#17910);
#17909 = CARTESIAN_POINT('',(0.,0.));
#17910 = VECTOR('',#17911,1.);
#17911 = DIRECTION('',(-7.965226789662E-18,-1.));
#17912 = ( GEOMETRIC_REPRESENTATION_CONTEXT(2) 
PARAMETRIC_REPRESENTATION_CONTEXT() REPRESENTATION_CONTEXT('2D SPACE',''
  ) );
#17913 = ORIENTED_EDGE('',*,*,#17231,.F.);
#17914 = ORIENTED_EDGE('',*,*,#17915,.F.);
#17915 = EDGE_CURVE('',#17916,#17204,#17918,.T.);
#17916 = VERTEX_POINT('',#17917);
#17917 = CARTESIAN_POINT('',(89.245664067158,-3.964320915373,7.));
#17918 = SURFACE_CURVE('',#17919,(#17923,#17930),.PCURVE_S1.);
#17919 = LINE('',#17920,#17921);
#17920 = CARTESIAN_POINT('',(89.245664067158,-3.964320915373,7.));
#17921 = VECTOR('',#17922,1.);
#17922 = DIRECTION('',(-0.328520624941,-0.944496796706,
    -3.64731161874E-17));
#17923 = PCURVE('',#17063,#17924);
#17924 = DEFINITIONAL_REPRESENTATION('',(#17925),#17929);
#17925 = LINE('',#17926,#17927);
#17926 = CARTESIAN_POINT('',(0.,-0.));
#17927 = VECTOR('',#17928,1.);
#17928 = DIRECTION('',(0.,1.));
#17929 = ( GEOMETRIC_REPRESENTATION_CONTEXT(2) 
PARAMETRIC_REPRESENTATION_CONTEXT() REPRESENTATION_CONTEXT('2D SPACE',''
  ) );
#17930 = PCURVE('',#17219,#17931);
#17931 = DEFINITIONAL_REPRESENTATION('',(#17932),#17936);
#17932 = LINE('',#17933,#17934);
#17933 = CARTESIAN_POINT('',(0.,0.));
#17934 = VECTOR('',#17935,1.);
#17935 = DIRECTION('',(-7.965226789662E-18,-1.));
#17936 = ( GEOMETRIC_REPRESENTATION_CONTEXT(2) 
PARAMETRIC_REPRESENTATION_CONTEXT() REPRESENTATION_CONTEXT('2D SPACE',''
  ) );
#17937 = ORIENTED_EDGE('',*,*,#17938,.T.);
#17938 = EDGE_CURVE('',#17916,#17102,#17939,.T.);
#17939 = SURFACE_CURVE('',#17940,(#17944,#17951),.PCURVE_S1.);
#17940 = LINE('',#17941,#17942);
#17941 = CARTESIAN_POINT('',(89.245664067158,-3.964320915373,7.));
#17942 = VECTOR('',#17943,1.);
#17943 = DIRECTION('',(1.110223024625E-16,0.,-1.));
#17944 = PCURVE('',#17063,#17945);
#17945 = DEFINITIONAL_REPRESENTATION('',(#17946),#17950);
#17946 = LINE('',#17947,#17948);
#17947 = CARTESIAN_POINT('',(0.,-0.));
#17948 = VECTOR('',#17949,1.);
#17949 = DIRECTION('',(1.,0.));
#17950 = ( GEOMETRIC_REPRESENTATION_CONTEXT(2) 
PARAMETRIC_REPRESENTATION_CONTEXT() REPRESENTATION_CONTEXT('2D SPACE',''
  ) );
#17951 = PCURVE('',#17117,#17952);
#17952 = DEFINITIONAL_REPRESENTATION('',(#17953),#17957);
#17953 = LINE('',#17954,#17955);
#17954 = CARTESIAN_POINT('',(0.,0.));
#17955 = VECTOR('',#17956,1.);
#17956 = DIRECTION('',(0.,1.));
#17957 = ( GEOMETRIC_REPRESENTATION_CONTEXT(2) 
PARAMETRIC_REPRESENTATION_CONTEXT() REPRESENTATION_CONTEXT('2D SPACE',''
  ) );
#17958 = ORIENTED_EDGE('',*,*,#17129,.T.);
#17959 = ORIENTED_EDGE('',*,*,#17049,.F.);
#17960 = ORIENTED_EDGE('',*,*,#17868,.T.);
#17961 = ORIENTED_EDGE('',*,*,#17403,.T.);
#17962 = ADVANCED_FACE('',(#17963),#17117,.F.);
#17963 = FACE_BOUND('',#17964,.F.);
#17964 = EDGE_LOOP('',(#17965,#17966,#17967,#17988));
#17965 = ORIENTED_EDGE('',*,*,#17101,.F.);
#17966 = ORIENTED_EDGE('',*,*,#17938,.F.);
#17967 = ORIENTED_EDGE('',*,*,#17968,.T.);
#17968 = EDGE_CURVE('',#17916,#17181,#17969,.T.);
#17969 = SURFACE_CURVE('',#17970,(#17974,#17981),.PCURVE_S1.);
#17970 = LINE('',#17971,#17972);
#17971 = CARTESIAN_POINT('',(89.245664067158,-3.964320915373,7.));
#17972 = VECTOR('',#17973,1.);
#17973 = DIRECTION('',(-0.944496796706,0.328520624941,
    -1.048602090388E-16));
#17974 = PCURVE('',#17117,#17975);
#17975 = DEFINITIONAL_REPRESENTATION('',(#17976),#17980);
#17976 = LINE('',#17977,#17978);
#17977 = CARTESIAN_POINT('',(0.,0.));
#17978 = VECTOR('',#17979,1.);
#17979 = DIRECTION('',(1.,0.));
#17980 = ( GEOMETRIC_REPRESENTATION_CONTEXT(2) 
PARAMETRIC_REPRESENTATION_CONTEXT() REPRESENTATION_CONTEXT('2D SPACE',''
  ) );
#17981 = PCURVE('',#17219,#17982);
#17982 = DEFINITIONAL_REPRESENTATION('',(#17983),#17987);
#17983 = LINE('',#17984,#17985);
#17984 = CARTESIAN_POINT('',(0.,0.));
#17985 = VECTOR('',#17986,1.);
#17986 = DIRECTION('',(1.,7.965226789662E-18));
#17987 = ( GEOMETRIC_REPRESENTATION_CONTEXT(2) 
PARAMETRIC_REPRESENTATION_CONTEXT() REPRESENTATION_CONTEXT('2D SPACE',''
  ) );
#17988 = ORIENTED_EDGE('',*,*,#17180,.F.);
#17989 = ADVANCED_FACE('',(#17990),#17270,.T.);
#17990 = FACE_BOUND('',#17991,.T.);
#17991 = EDGE_LOOP('',(#17992,#17993,#17994));
#17992 = ORIENTED_EDGE('',*,*,#17254,.F.);
#17993 = ORIENTED_EDGE('',*,*,#17380,.T.);
#17994 = ORIENTED_EDGE('',*,*,#17893,.T.);
#17995 = ADVANCED_FACE('',(#17996),#17219,.F.);
#17996 = FACE_BOUND('',#17997,.F.);
#17997 = EDGE_LOOP('',(#17998,#17999,#18000));
#17998 = ORIENTED_EDGE('',*,*,#17968,.F.);
#17999 = ORIENTED_EDGE('',*,*,#17915,.T.);
#18000 = ORIENTED_EDGE('',*,*,#17203,.F.);
#18001 = ADVANCED_FACE('',(#18002),#17322,.F.);
#18002 = FACE_BOUND('',#18003,.F.);
#18003 = EDGE_LOOP('',(#18004,#18033,#18054,#18055));
#18004 = ORIENTED_EDGE('',*,*,#18005,.T.);
#18005 = EDGE_CURVE('',#18006,#18006,#18008,.T.);
#18006 = VERTEX_POINT('',#18007);
#18007 = CARTESIAN_POINT('',(85.438931325651,-12.16912352328,
    1.06581410364E-14));
#18008 = SURFACE_CURVE('',#18009,(#18014,#18021),.PCURVE_S1.);
#18009 = CIRCLE('',#18010,2.);
#18010 = AXIS2_PLACEMENT_3D('',#18011,#18012,#18013);
#18011 = CARTESIAN_POINT('',(85.438931325651,-12.16912352328,2.));
#18012 = DIRECTION('',(-0.944496796706,0.328520624941,
    -1.048602090388E-16));
#18013 = DIRECTION('',(1.110223024625E-16,0.,-1.));
#18014 = PCURVE('',#17322,#18015);
#18015 = DEFINITIONAL_REPRESENTATION('',(#18016),#18020);
#18016 = LINE('',#18017,#18018);
#18017 = CARTESIAN_POINT('',(0.,0.));
#18018 = VECTOR('',#18019,1.);
#18019 = DIRECTION('',(1.,0.));
#18020 = ( GEOMETRIC_REPRESENTATION_CONTEXT(2) 
PARAMETRIC_REPRESENTATION_CONTEXT() REPRESENTATION_CONTEXT('2D SPACE',''
  ) );
#18021 = PCURVE('',#18022,#18027);
#18022 = PLANE('',#18023);
#18023 = AXIS2_PLACEMENT_3D('',#18024,#18025,#18026);
#18024 = CARTESIAN_POINT('',(85.438931325651,-12.16912352328,2.));
#18025 = DIRECTION('',(-0.944496796706,0.328520624941,
    -1.048602090388E-16));
#18026 = DIRECTION('',(1.110223024625E-16,0.,-1.));
#18027 = DEFINITIONAL_REPRESENTATION('',(#18028),#18032);
#18028 = CIRCLE('',#18029,2.);
#18029 = AXIS2_PLACEMENT_2D('',#18030,#18031);
#18030 = CARTESIAN_POINT('',(0.,0.));
#18031 = DIRECTION('',(1.,0.));
#18032 = ( GEOMETRIC_REPRESENTATION_CONTEXT(2) 
PARAMETRIC_REPRESENTATION_CONTEXT() REPRESENTATION_CONTEXT('2D SPACE',''
  ) );
#18033 = ORIENTED_EDGE('',*,*,#18034,.T.);
#18034 = EDGE_CURVE('',#18006,#17306,#18035,.T.);
#18035 = SEAM_CURVE('',#18036,(#18040,#18047),.PCURVE_S1.);
#18036 = LINE('',#18037,#18038);
#18037 = CARTESIAN_POINT('',(85.438931325651,-12.16912352328,
    1.42108547152E-14));
#18038 = VECTOR('',#18039,1.);
#18039 = DIRECTION('',(-0.944496796706,0.328520624941,
    -1.048602090388E-16));
#18040 = PCURVE('',#17322,#18041);
#18041 = DEFINITIONAL_REPRESENTATION('',(#18042),#18046);
#18042 = LINE('',#18043,#18044);
#18043 = CARTESIAN_POINT('',(0.,-0.));
#18044 = VECTOR('',#18045,1.);
#18045 = DIRECTION('',(0.,1.));
#18046 = ( GEOMETRIC_REPRESENTATION_CONTEXT(2) 
PARAMETRIC_REPRESENTATION_CONTEXT() REPRESENTATION_CONTEXT('2D SPACE',''
  ) );
#18047 = PCURVE('',#17322,#18048);
#18048 = DEFINITIONAL_REPRESENTATION('',(#18049),#18053);
#18049 = LINE('',#18050,#18051);
#18050 = CARTESIAN_POINT('',(6.28318530718,-0.));
#18051 = VECTOR('',#18052,1.);
#18052 = DIRECTION('',(0.,1.));
#18053 = ( GEOMETRIC_REPRESENTATION_CONTEXT(2) 
PARAMETRIC_REPRESENTATION_CONTEXT() REPRESENTATION_CONTEXT('2D SPACE',''
  ) );
#18054 = ORIENTED_EDGE('',*,*,#17305,.T.);
#18055 = ORIENTED_EDGE('',*,*,#18034,.F.);
#18056 = ADVANCED_FACE('',(#18057),#17476,.T.);
#18057 = FACE_BOUND('',#18058,.T.);
#18058 = EDGE_LOOP('',(#18059,#18060,#18083,#18111));
#18059 = ORIENTED_EDGE('',*,*,#17457,.F.);
#18060 = ORIENTED_EDGE('',*,*,#18061,.T.);
#18061 = EDGE_CURVE('',#17458,#18062,#18064,.T.);
#18062 = VERTEX_POINT('',#18063);
#18063 = CARTESIAN_POINT('',(14.,124.13355743015,2.));
#18064 = SURFACE_CURVE('',#18065,(#18069,#18076),.PCURVE_S1.);
#18065 = LINE('',#18066,#18067);
#18066 = CARTESIAN_POINT('',(14.,124.13355743015,8.5));
#18067 = VECTOR('',#18068,1.);
#18068 = DIRECTION('',(1.110223024625E-16,0.,-1.));
#18069 = PCURVE('',#17476,#18070);
#18070 = DEFINITIONAL_REPRESENTATION('',(#18071),#18075);
#18071 = LINE('',#18072,#18073);
#18072 = CARTESIAN_POINT('',(1.5,6.299641964113));
#18073 = VECTOR('',#18074,1.);
#18074 = DIRECTION('',(1.,0.));
#18075 = ( GEOMETRIC_REPRESENTATION_CONTEXT(2) 
PARAMETRIC_REPRESENTATION_CONTEXT() REPRESENTATION_CONTEXT('2D SPACE',''
  ) );
#18076 = PCURVE('',#17529,#18077);
#18077 = DEFINITIONAL_REPRESENTATION('',(#18078),#18082);
#18078 = LINE('',#18079,#18080);
#18079 = CARTESIAN_POINT('',(-1.5,17.133557430156));
#18080 = VECTOR('',#18081,1.);
#18081 = DIRECTION('',(1.,0.));
#18082 = ( GEOMETRIC_REPRESENTATION_CONTEXT(2) 
PARAMETRIC_REPRESENTATION_CONTEXT() REPRESENTATION_CONTEXT('2D SPACE',''
  ) );
#18083 = ORIENTED_EDGE('',*,*,#18084,.T.);
#18084 = EDGE_CURVE('',#18062,#18085,#18087,.T.);
#18085 = VERTEX_POINT('',#18086);
#18086 = CARTESIAN_POINT('',(14.041185039828,124.15689561939,2.));
#18087 = SURFACE_CURVE('',#18088,(#18092,#18099),.PCURVE_S1.);
#18088 = LINE('',#18089,#18090);
#18089 = CARTESIAN_POINT('',(7.29453990153,120.33379670768,2.));
#18090 = VECTOR('',#18091,1.);
#18091 = DIRECTION('',(0.870022185849,0.493012571981,9.659186626638E-17)
  );
#18092 = PCURVE('',#17476,#18093);
#18093 = DEFINITIONAL_REPRESENTATION('',(#18094),#18098);
#18094 = LINE('',#18095,#18096);
#18095 = CARTESIAN_POINT('',(8.,-1.407586894574));
#18096 = VECTOR('',#18097,1.);
#18097 = DIRECTION('',(0.,1.));
#18098 = ( GEOMETRIC_REPRESENTATION_CONTEXT(2) 
PARAMETRIC_REPRESENTATION_CONTEXT() REPRESENTATION_CONTEXT('2D SPACE',''
  ) );
#18099 = PCURVE('',#18100,#18105);
#18100 = PLANE('',#18101);
#18101 = AXIS2_PLACEMENT_3D('',#18102,#18103,#18104);
#18102 = CARTESIAN_POINT('',(4.041185039828,123.21993814588,2.));
#18103 = DIRECTION('',(1.110223024625E-16,0.,-1.));
#18104 = DIRECTION('',(1.,0.,1.110223024625E-16));
#18105 = DEFINITIONAL_REPRESENTATION('',(#18106),#18110);
#18106 = LINE('',#18107,#18108);
#18107 = CARTESIAN_POINT('',(3.253354861702,2.886141438196));
#18108 = VECTOR('',#18109,1.);
#18109 = DIRECTION('',(0.870022185849,-0.493012571981));
#18110 = ( GEOMETRIC_REPRESENTATION_CONTEXT(2) 
PARAMETRIC_REPRESENTATION_CONTEXT() REPRESENTATION_CONTEXT('2D SPACE',''
  ) );
#18111 = ORIENTED_EDGE('',*,*,#18112,.F.);
#18112 = EDGE_CURVE('',#17460,#18085,#18113,.T.);
#18113 = SURFACE_CURVE('',#18114,(#18118,#18125),.PCURVE_S1.);
#18114 = LINE('',#18115,#18116);
#18115 = CARTESIAN_POINT('',(14.041185039828,124.15689561939,6.));
#18116 = VECTOR('',#18117,1.);
#18117 = DIRECTION('',(-1.110223024625E-16,0.,1.));
#18118 = PCURVE('',#17476,#18119);
#18119 = DEFINITIONAL_REPRESENTATION('',(#18120),#18124);
#18120 = LINE('',#18121,#18122);
#18121 = CARTESIAN_POINT('',(4.,6.346979883189));
#18122 = VECTOR('',#18123,1.);
#18123 = DIRECTION('',(-1.,0.));
#18124 = ( GEOMETRIC_REPRESENTATION_CONTEXT(2) 
PARAMETRIC_REPRESENTATION_CONTEXT() REPRESENTATION_CONTEXT('2D SPACE',''
  ) );
#18125 = PCURVE('',#17643,#18126);
#18126 = DEFINITIONAL_REPRESENTATION('',(#18127),#18131);
#18127 = LINE('',#18128,#18129);
#18128 = CARTESIAN_POINT('',(-4.,0.936957473507));
#18129 = VECTOR('',#18130,1.);
#18130 = DIRECTION('',(-1.,0.));
#18131 = ( GEOMETRIC_REPRESENTATION_CONTEXT(2) 
PARAMETRIC_REPRESENTATION_CONTEXT() REPRESENTATION_CONTEXT('2D SPACE',''
  ) );
#18132 = ADVANCED_FACE('',(#18133),#17643,.T.);
#18133 = FACE_BOUND('',#18134,.T.);
#18134 = EDGE_LOOP('',(#18135,#18158,#18179,#18180));
#18135 = ORIENTED_EDGE('',*,*,#18136,.F.);
#18136 = EDGE_CURVE('',#18137,#18085,#18139,.T.);
#18137 = VERTEX_POINT('',#18138);
#18138 = CARTESIAN_POINT('',(14.041185039828,123.21993814588,2.));
#18139 = SURFACE_CURVE('',#18140,(#18144,#18151),.PCURVE_S1.);
#18140 = LINE('',#18141,#18142);
#18141 = CARTESIAN_POINT('',(14.041185039828,123.21993814588,2.));
#18142 = VECTOR('',#18143,1.);
#18143 = DIRECTION('',(0.,1.,0.));
#18144 = PCURVE('',#17643,#18145);
#18145 = DEFINITIONAL_REPRESENTATION('',(#18146),#18150);
#18146 = LINE('',#18147,#18148);
#18147 = CARTESIAN_POINT('',(0.,0.));
#18148 = VECTOR('',#18149,1.);
#18149 = DIRECTION('',(0.,1.));
#18150 = ( GEOMETRIC_REPRESENTATION_CONTEXT(2) 
PARAMETRIC_REPRESENTATION_CONTEXT() REPRESENTATION_CONTEXT('2D SPACE',''
  ) );
#18151 = PCURVE('',#18100,#18152);
#18152 = DEFINITIONAL_REPRESENTATION('',(#18153),#18157);
#18153 = LINE('',#18154,#18155);
#18154 = CARTESIAN_POINT('',(10.,0.));
#18155 = VECTOR('',#18156,1.);
#18156 = DIRECTION('',(0.,-1.));
#18157 = ( GEOMETRIC_REPRESENTATION_CONTEXT(2) 
PARAMETRIC_REPRESENTATION_CONTEXT() REPRESENTATION_CONTEXT('2D SPACE',''
  ) );
#18158 = ORIENTED_EDGE('',*,*,#18159,.T.);
#18159 = EDGE_CURVE('',#18137,#17593,#18160,.T.);
#18160 = SURFACE_CURVE('',#18161,(#18165,#18172),.PCURVE_S1.);
#18161 = LINE('',#18162,#18163);
#18162 = CARTESIAN_POINT('',(14.041185039828,123.21993814588,2.));
#18163 = VECTOR('',#18164,1.);
#18164 = DIRECTION('',(1.110223024625E-16,0.,-1.));
#18165 = PCURVE('',#17643,#18166);
#18166 = DEFINITIONAL_REPRESENTATION('',(#18167),#18171);
#18167 = LINE('',#18168,#18169);
#18168 = CARTESIAN_POINT('',(0.,0.));
#18169 = VECTOR('',#18170,1.);
#18170 = DIRECTION('',(1.,0.));
#18171 = ( GEOMETRIC_REPRESENTATION_CONTEXT(2) 
PARAMETRIC_REPRESENTATION_CONTEXT() REPRESENTATION_CONTEXT('2D SPACE',''
  ) );
#18172 = PCURVE('',#17613,#18173);
#18173 = DEFINITIONAL_REPRESENTATION('',(#18174),#18178);
#18174 = LINE('',#18175,#18176);
#18175 = CARTESIAN_POINT('',(10.,-2.22044604925E-16));
#18176 = VECTOR('',#18177,1.);
#18177 = DIRECTION('',(0.,1.));
#18178 = ( GEOMETRIC_REPRESENTATION_CONTEXT(2) 
PARAMETRIC_REPRESENTATION_CONTEXT() REPRESENTATION_CONTEXT('2D SPACE',''
  ) );
#18179 = ORIENTED_EDGE('',*,*,#17625,.T.);
#18180 = ORIENTED_EDGE('',*,*,#18112,.T.);
#18181 = ADVANCED_FACE('',(#18182),#17613,.F.);
#18182 = FACE_BOUND('',#18183,.F.);
#18183 = EDGE_LOOP('',(#18184,#18207,#18228,#18229));
#18184 = ORIENTED_EDGE('',*,*,#18185,.T.);
#18185 = EDGE_CURVE('',#17565,#18186,#18188,.T.);
#18186 = VERTEX_POINT('',#18187);
#18187 = CARTESIAN_POINT('',(14.,123.21993814588,2.));
#18188 = SURFACE_CURVE('',#18189,(#18193,#18200),.PCURVE_S1.);
#18189 = LINE('',#18190,#18191);
#18190 = CARTESIAN_POINT('',(14.,123.21993814588,4.5));
#18191 = VECTOR('',#18192,1.);
#18192 = DIRECTION('',(-1.110223024625E-16,0.,1.));
#18193 = PCURVE('',#17613,#18194);
#18194 = DEFINITIONAL_REPRESENTATION('',(#18195),#18199);
#18195 = LINE('',#18196,#18197);
#18196 = CARTESIAN_POINT('',(9.958814960172,-2.5));
#18197 = VECTOR('',#18198,1.);
#18198 = DIRECTION('',(0.,-1.));
#18199 = ( GEOMETRIC_REPRESENTATION_CONTEXT(2) 
PARAMETRIC_REPRESENTATION_CONTEXT() REPRESENTATION_CONTEXT('2D SPACE',''
  ) );
#18200 = PCURVE('',#17529,#18201);
#18201 = DEFINITIONAL_REPRESENTATION('',(#18202),#18206);
#18202 = LINE('',#18203,#18204);
#18203 = CARTESIAN_POINT('',(2.5,16.219938145885));
#18204 = VECTOR('',#18205,1.);
#18205 = DIRECTION('',(-1.,0.));
#18206 = ( GEOMETRIC_REPRESENTATION_CONTEXT(2) 
PARAMETRIC_REPRESENTATION_CONTEXT() REPRESENTATION_CONTEXT('2D SPACE',''
  ) );
#18207 = ORIENTED_EDGE('',*,*,#18208,.T.);
#18208 = EDGE_CURVE('',#18186,#18137,#18209,.T.);
#18209 = SURFACE_CURVE('',#18210,(#18214,#18221),.PCURVE_S1.);
#18210 = LINE('',#18211,#18212);
#18211 = CARTESIAN_POINT('',(4.041185039828,123.21993814588,2.));
#18212 = VECTOR('',#18213,1.);
#18213 = DIRECTION('',(1.,0.,1.110223024625E-16));
#18214 = PCURVE('',#17613,#18215);
#18215 = DEFINITIONAL_REPRESENTATION('',(#18216),#18220);
#18216 = LINE('',#18217,#18218);
#18217 = CARTESIAN_POINT('',(0.,0.));
#18218 = VECTOR('',#18219,1.);
#18219 = DIRECTION('',(1.,0.));
#18220 = ( GEOMETRIC_REPRESENTATION_CONTEXT(2) 
PARAMETRIC_REPRESENTATION_CONTEXT() REPRESENTATION_CONTEXT('2D SPACE',''
  ) );
#18221 = PCURVE('',#18100,#18222);
#18222 = DEFINITIONAL_REPRESENTATION('',(#18223),#18227);
#18223 = LINE('',#18224,#18225);
#18224 = CARTESIAN_POINT('',(0.,0.));
#18225 = VECTOR('',#18226,1.);
#18226 = DIRECTION('',(1.,0.));
#18227 = ( GEOMETRIC_REPRESENTATION_CONTEXT(2) 
PARAMETRIC_REPRESENTATION_CONTEXT() REPRESENTATION_CONTEXT('2D SPACE',''
  ) );
#18228 = ORIENTED_EDGE('',*,*,#18159,.T.);
#18229 = ORIENTED_EDGE('',*,*,#17592,.T.);
#18230 = ADVANCED_FACE('',(#18231,#18258),#17529,.T.);
#18231 = FACE_BOUND('',#18232,.T.);
#18232 = EDGE_LOOP('',(#18233,#18234,#18235,#18236,#18237));
#18233 = ORIENTED_EDGE('',*,*,#18061,.F.);
#18234 = ORIENTED_EDGE('',*,*,#17492,.T.);
#18235 = ORIENTED_EDGE('',*,*,#17564,.T.);
#18236 = ORIENTED_EDGE('',*,*,#18185,.T.);
#18237 = ORIENTED_EDGE('',*,*,#18238,.T.);
#18238 = EDGE_CURVE('',#18186,#18062,#18239,.T.);
#18239 = SURFACE_CURVE('',#18240,(#18244,#18251),.PCURVE_S1.);
#18240 = LINE('',#18241,#18242);
#18241 = CARTESIAN_POINT('',(14.,115.10996907294,2.));
#18242 = VECTOR('',#18243,1.);
#18243 = DIRECTION('',(0.,1.,0.));
#18244 = PCURVE('',#17529,#18245);
#18245 = DEFINITIONAL_REPRESENTATION('',(#18246),#18250);
#18246 = LINE('',#18247,#18248);
#18247 = CARTESIAN_POINT('',(5.,8.109969072942));
#18248 = VECTOR('',#18249,1.);
#18249 = DIRECTION('',(0.,1.));
#18250 = ( GEOMETRIC_REPRESENTATION_CONTEXT(2) 
PARAMETRIC_REPRESENTATION_CONTEXT() REPRESENTATION_CONTEXT('2D SPACE',''
  ) );
#18251 = PCURVE('',#18100,#18252);
#18252 = DEFINITIONAL_REPRESENTATION('',(#18253),#18257);
#18253 = LINE('',#18254,#18255);
#18254 = CARTESIAN_POINT('',(9.958814960172,8.109969072942));
#18255 = VECTOR('',#18256,1.);
#18256 = DIRECTION('',(0.,-1.));
#18257 = ( GEOMETRIC_REPRESENTATION_CONTEXT(2) 
PARAMETRIC_REPRESENTATION_CONTEXT() REPRESENTATION_CONTEXT('2D SPACE',''
  ) );
#18258 = FACE_BOUND('',#18259,.T.);
#18259 = EDGE_LOOP('',(#18260));
#18260 = ORIENTED_EDGE('',*,*,#18261,.F.);
#18261 = EDGE_CURVE('',#18262,#18262,#18264,.T.);
#18262 = VERTEX_POINT('',#18263);
#18263 = CARTESIAN_POINT('',(14.,119.46908821616,0.425));
#18264 = SURFACE_CURVE('',#18265,(#18270,#18277),.PCURVE_S1.);
#18265 = ELLIPSE('',#18266,3.194644699773,1.575);
#18266 = AXIS2_PLACEMENT_3D('',#18267,#18268,#18269);
#18267 = CARTESIAN_POINT('',(14.,119.46908821616,2.));
#18268 = DIRECTION('',(1.,-0.,1.110223024625E-16));
#18269 = DIRECTION('',(0.,1.,0.));
#18270 = PCURVE('',#17529,#18271);
#18271 = DEFINITIONAL_REPRESENTATION('',(#18272),#18276);
#18272 = ELLIPSE('',#18273,3.194644699773,1.575);
#18273 = AXIS2_PLACEMENT_2D('',#18274,#18275);
#18274 = CARTESIAN_POINT('',(5.,12.469088216169));
#18275 = DIRECTION('',(0.,1.));
#18276 = ( GEOMETRIC_REPRESENTATION_CONTEXT(2) 
PARAMETRIC_REPRESENTATION_CONTEXT() REPRESENTATION_CONTEXT('2D SPACE',''
  ) );
#18277 = PCURVE('',#18278,#18283);
#18278 = CYLINDRICAL_SURFACE('',#18279,1.575);
#18279 = AXIS2_PLACEMENT_3D('',#18280,#18281,#18282);
#18280 = CARTESIAN_POINT('',(16.929386191522,114.2995831723,2.));
#18281 = DIRECTION('',(-0.493012571981,0.870022185849,
    -5.473539088428E-17));
#18282 = DIRECTION('',(1.110223024625E-16,0.,-1.));
#18283 = DEFINITIONAL_REPRESENTATION('',(#18284),#18315);
#18284 = B_SPLINE_CURVE_WITH_KNOTS('',8,(#18285,#18286,#18287,#18288,
    #18289,#18290,#18291,#18292,#18293,#18294,#18295,#18296,#18297,
    #18298,#18299,#18300,#18301,#18302,#18303,#18304,#18305,#18306,
    #18307,#18308,#18309,#18310,#18311,#18312,#18313,#18314),
  .UNSPECIFIED.,.F.,.F.,(9,7,7,7,9),(4.712388980385,6.28318530718,
    7.461282552276,9.22842841992,10.995574287564),.UNSPECIFIED.);
#18285 = CARTESIAN_POINT('',(6.28318530718,5.941808298624));
#18286 = CARTESIAN_POINT('',(6.08683576633,6.487544522455));
#18287 = CARTESIAN_POINT('',(5.890486225481,7.033280875858));
#18288 = CARTESIAN_POINT('',(5.694136684634,7.546955451102));
#18289 = CARTESIAN_POINT('',(5.497787143782,7.996512767121));
#18290 = CARTESIAN_POINT('',(5.301437602934,8.353831986235));
#18291 = CARTESIAN_POINT('',(5.105088062083,8.598757024187));
#18292 = CARTESIAN_POINT('',(4.908738521234,8.721220063329));
#18293 = CARTESIAN_POINT('',(4.565126824748,8.721220063329));
#18294 = CARTESIAN_POINT('',(4.417864669111,8.652334422027));
#18295 = CARTESIAN_POINT('',(4.270602513473,8.514564836375));
#18296 = CARTESIAN_POINT('',(4.123340357836,8.311093136343));
#18297 = CARTESIAN_POINT('',(3.976078202199,8.048301749184));
#18298 = CARTESIAN_POINT('',(3.828816046563,7.735373391673));
#18299 = CARTESIAN_POINT('',(3.681553890926,7.383589028208));
#18300 = CARTESIAN_POINT('',(3.313398501833,6.438224289431));
#18301 = CARTESIAN_POINT('',(3.092505268381,5.811692068669));
#18302 = CARTESIAN_POINT('',(2.871612034922,5.168024754532));
#18303 = CARTESIAN_POINT('',(2.650718801479,4.5555524678));
#18304 = CARTESIAN_POINT('',(2.429825568012,4.022264965029));
#18305 = CARTESIAN_POINT('',(2.208932334559,3.607369259921));
#18306 = CARTESIAN_POINT('',(1.9880391011,3.335578489219));
#18307 = CARTESIAN_POINT('',(1.546252634189,3.096025814022));
#18308 = CARTESIAN_POINT('',(1.325359400734,3.128263776939));
#18309 = CARTESIAN_POINT('',(1.104466167285,3.321419102182));
#18310 = CARTESIAN_POINT('',(0.883572933824,3.668584568907));
#18311 = CARTESIAN_POINT('',(0.662679700371,4.145599610255));
#18312 = CARTESIAN_POINT('',(0.441786466912,4.713901455187));
#18313 = CARTESIAN_POINT('',(0.220893233456,5.327855046813));
#18314 = CARTESIAN_POINT('',(8.881784197001E-15,5.941808298624));
#18315 = ( GEOMETRIC_REPRESENTATION_CONTEXT(2) 
PARAMETRIC_REPRESENTATION_CONTEXT() REPRESENTATION_CONTEXT('2D SPACE',''
  ) );
#18316 = ADVANCED_FACE('',(#18317),#17727,.T.);
#18317 = FACE_BOUND('',#18318,.T.);
#18318 = EDGE_LOOP('',(#18319,#18320,#18321,#18322));
#18319 = ORIENTED_EDGE('',*,*,#17843,.F.);
#18320 = ORIENTED_EDGE('',*,*,#17713,.T.);
#18321 = ORIENTED_EDGE('',*,*,#17767,.T.);
#18322 = ORIENTED_EDGE('',*,*,#17816,.F.);
#18323 = ADVANCED_FACE('',(#18324),#18022,.T.);
#18324 = FACE_BOUND('',#18325,.F.);
#18325 = EDGE_LOOP('',(#18326));
#18326 = ORIENTED_EDGE('',*,*,#18005,.F.);
#18327 = ADVANCED_FACE('',(#18328),#18100,.F.);
#18328 = FACE_BOUND('',#18329,.F.);
#18329 = EDGE_LOOP('',(#18330,#18331,#18332,#18333));
#18330 = ORIENTED_EDGE('',*,*,#18208,.F.);
#18331 = ORIENTED_EDGE('',*,*,#18238,.T.);
#18332 = ORIENTED_EDGE('',*,*,#18084,.T.);
#18333 = ORIENTED_EDGE('',*,*,#18136,.F.);
#18334 = ADVANCED_FACE('',(#18335),#18278,.F.);
#18335 = FACE_BOUND('',#18336,.F.);
#18336 = EDGE_LOOP('',(#18337,#18360,#18387,#18388));
#18337 = ORIENTED_EDGE('',*,*,#18338,.T.);
#18338 = EDGE_CURVE('',#18262,#18339,#18341,.T.);
#18339 = VERTEX_POINT('',#18340);
#18340 = CARTESIAN_POINT('',(7.562147323885,130.83000470343,0.425));
#18341 = SEAM_CURVE('',#18342,(#18346,#18353),.PCURVE_S1.);
#18342 = LINE('',#18343,#18344);
#18343 = CARTESIAN_POINT('',(16.929386191522,114.2995831723,0.425));
#18344 = VECTOR('',#18345,1.);
#18345 = DIRECTION('',(-0.493012571981,0.870022185849,
    -5.473539088428E-17));
#18346 = PCURVE('',#18278,#18347);
#18347 = DEFINITIONAL_REPRESENTATION('',(#18348),#18352);
#18348 = LINE('',#18349,#18350);
#18349 = CARTESIAN_POINT('',(6.28318530718,-0.));
#18350 = VECTOR('',#18351,1.);
#18351 = DIRECTION('',(0.,1.));
#18352 = ( GEOMETRIC_REPRESENTATION_CONTEXT(2) 
PARAMETRIC_REPRESENTATION_CONTEXT() REPRESENTATION_CONTEXT('2D SPACE',''
  ) );
#18353 = PCURVE('',#18278,#18354);
#18354 = DEFINITIONAL_REPRESENTATION('',(#18355),#18359);
#18355 = LINE('',#18356,#18357);
#18356 = CARTESIAN_POINT('',(0.,-0.));
#18357 = VECTOR('',#18358,1.);
#18358 = DIRECTION('',(0.,1.));
#18359 = ( GEOMETRIC_REPRESENTATION_CONTEXT(2) 
PARAMETRIC_REPRESENTATION_CONTEXT() REPRESENTATION_CONTEXT('2D SPACE',''
  ) );
#18360 = ORIENTED_EDGE('',*,*,#18361,.F.);
#18361 = EDGE_CURVE('',#18339,#18339,#18362,.T.);
#18362 = SURFACE_CURVE('',#18363,(#18368,#18375),.PCURVE_S1.);
#18363 = CIRCLE('',#18364,1.575);
#18364 = AXIS2_PLACEMENT_3D('',#18365,#18366,#18367);
#18365 = CARTESIAN_POINT('',(7.562147323885,130.83000470343,2.));
#18366 = DIRECTION('',(-0.493012571981,0.870022185849,
    -5.473539088428E-17));
#18367 = DIRECTION('',(1.110223024625E-16,0.,-1.));
#18368 = PCURVE('',#18278,#18369);
#18369 = DEFINITIONAL_REPRESENTATION('',(#18370),#18374);
#18370 = LINE('',#18371,#18372);
#18371 = CARTESIAN_POINT('',(0.,19.));
#18372 = VECTOR('',#18373,1.);
#18373 = DIRECTION('',(1.,0.));
#18374 = ( GEOMETRIC_REPRESENTATION_CONTEXT(2) 
PARAMETRIC_REPRESENTATION_CONTEXT() REPRESENTATION_CONTEXT('2D SPACE',''
  ) );
#18375 = PCURVE('',#18376,#18381);
#18376 = PLANE('',#18377);
#18377 = AXIS2_PLACEMENT_3D('',#18378,#18379,#18380);
#18378 = CARTESIAN_POINT('',(7.562147323885,130.83000470343,2.));
#18379 = DIRECTION('',(-0.493012571981,0.870022185849,
    -5.473539088428E-17));
#18380 = DIRECTION('',(1.110223024625E-16,0.,-1.));
#18381 = DEFINITIONAL_REPRESENTATION('',(#18382),#18386);
#18382 = CIRCLE('',#18383,1.575);
#18383 = AXIS2_PLACEMENT_2D('',#18384,#18385);
#18384 = CARTESIAN_POINT('',(0.,0.));
#18385 = DIRECTION('',(1.,0.));
#18386 = ( GEOMETRIC_REPRESENTATION_CONTEXT(2) 
PARAMETRIC_REPRESENTATION_CONTEXT() REPRESENTATION_CONTEXT('2D SPACE',''
  ) );
#18387 = ORIENTED_EDGE('',*,*,#18338,.F.);
#18388 = ORIENTED_EDGE('',*,*,#18261,.F.);
#18389 = ADVANCED_FACE('',(#18390),#18376,.F.);
#18390 = FACE_BOUND('',#18391,.F.);
#18391 = EDGE_LOOP('',(#18392));
#18392 = ORIENTED_EDGE('',*,*,#18361,.T.);
#18393 = ( GEOMETRIC_REPRESENTATION_CONTEXT(3) 
GLOBAL_UNCERTAINTY_ASSIGNED_CONTEXT((#18397)) 
GLOBAL_UNIT_ASSIGNED_CONTEXT((#18394,#18395,#18396)) 
REPRESENTATION_CONTEXT('Context #1',
  '3D Context with UNIT and UNCERTAINTY') );
#18394 = ( LENGTH_UNIT() NAMED_UNIT(*) SI_UNIT(.MILLI.,.METRE.) );
#18395 = ( NAMED_UNIT(*) PLANE_ANGLE_UNIT() SI_UNIT($,.RADIAN.) );
#18396 = ( NAMED_UNIT(*) SI_UNIT($,.STERADIAN.) SOLID_ANGLE_UNIT() );
#18397 = UNCERTAINTY_MEASURE_WITH_UNIT(LENGTH_MEASURE(2.E-07),#18394,
  'distance_accuracy_value','confusion accuracy');
#18398 = CONTEXT_DEPENDENT_SHAPE_REPRESENTATION(#18399,#18401);
#18399 = ( REPRESENTATION_RELATIONSHIP('','',#9247,#10) 
REPRESENTATION_RELATIONSHIP_WITH_TRANSFORMATION(#18400) 
SHAPE_REPRESENTATION_RELATIONSHIP() );
#18400 = ITEM_DEFINED_TRANSFORMATION('','',#11,#19);
#18401 = PRODUCT_DEFINITION_SHAPE('Placement','Placement of an item',
  #18402);
#18402 = NEXT_ASSEMBLY_USAGE_OCCURRENCE('718','=>[0:1:1:3]','',#5,#9242,
  $);
#18403 = PRODUCT_RELATED_PRODUCT_CATEGORY('part',$,(#9244));
ENDSEC;
END-ISO-10303-21;
