ISO-10303-21;
HEADER;
FILE_DESCRIPTION(('Open CASCADE Model'),'2;1');
FILE_NAME('Open CASCADE Shape Model','2026-07-16T07:39:55',('Author'),(
    'Open CASCADE'),'Open CASCADE STEP processor 7.7','Open CASCADE 7.7'
  ,'Unknown');
FILE_SCHEMA(('AUTOMOTIVE_DESIGN { 1 0 10303 214 1 1 1 1 }'));
ENDSEC;
DATA;
#1 = APPLICATION_PROTOCOL_DEFINITION('international standard',
  'automotive_design',2000,#2);
#2 = APPLICATION_CONTEXT(
  'core data for automotive mechanical design processes');
#3 = SHAPE_DEFINITION_REPRESENTATION(#4,#10);
#4 = PRODUCT_DEFINITION_SHAPE('','',#5);
#5 = PRODUCT_DEFINITION('design','',#6,#9);
#6 = PRODUCT_DEFINITION_FORMATION('','',#7);
#7 = PRODUCT('SOLID','SOLID','',(#8));
#8 = PRODUCT_CONTEXT('',#2,'mechanical');
#9 = PRODUCT_DEFINITION_CONTEXT('part definition',#2,'design');
#10 = ADVANCED_BREP_SHAPE_REPRESENTATION('',(#11,#15),#9207);
#11 = AXIS2_PLACEMENT_3D('',#12,#13,#14);
#12 = CARTESIAN_POINT('',(0.,0.,0.));
#13 = DIRECTION('',(0.,0.,1.));
#14 = DIRECTION('',(1.,0.,-0.));
#15 = MANIFOLD_SOLID_BREP('',#16);
#16 = CLOSED_SHELL('',(#17,#283,#415,#708,#808,#857,#957,#1007,#1056,
    #1151,#1178,#1483,#1832,#1888,#1944,#2024,#2073,#2178,#2227,#2322,
    #2422,#2449,#2498,#2525,#2552,#2579,#2586,#2636,#2685,#2935,#3006,
    #3013,#3249,#3278,#3491,#3586,#3615,#3642,#3888,#3966,#4044,#4215,
    #4264,#4335,#4413,#4462,#4716,#4884,#4972,#5201,#5228,#5355,#5450,
    #5501,#5596,#5623,#5694,#5800,#5849,#5954,#6003,#6030,#6038,#6046,
    #6123,#6202,#6284,#6366,#6415,#6520,#6547,#6597,#6729,#6809,#6866,
    #7032,#7072,#7101,#7107,#7114,#7121,#7150,#7209,#7237,#7286,#7293,
    #7398,#7532,#7696,#7701,#7914,#7973,#7977,#8133,#8160,#8233,#8310,
    #8460,#8536,#8585,#8634,#8661,#8737,#8786,#8835,#8925,#8929,#8955,
    #9028,#9034,#9061,#9067,#9126,#9133,#9140,#9199,#9203));
#17 = ADVANCED_FACE('',(#18),#32,.F.);
#18 = FACE_BOUND('',#19,.T.);
#19 = EDGE_LOOP('',(#20,#55,#83,#111,#139,#168,#196,#224,#252));
#20 = ORIENTED_EDGE('',*,*,#21,.T.);
#21 = EDGE_CURVE('',#22,#24,#26,.T.);
#22 = VERTEX_POINT('',#23);
#23 = CARTESIAN_POINT('',(-12.9,56.16343567189,9.299525133111));
#24 = VERTEX_POINT('',#25);
#25 = CARTESIAN_POINT('',(-12.9,12.57436237738,34.));
#26 = SURFACE_CURVE('',#27,(#31,#43),.PCURVE_S1.);
#27 = LINE('',#28,#29);
#28 = CARTESIAN_POINT('',(-12.9,-8.463447324885,45.92142549795));
#29 = VECTOR('',#30,1.);
#30 = DIRECTION('',(-0.,-0.870022185849,0.493012571981));
#31 = PCURVE('',#32,#37);
#32 = PLANE('',#33);
#33 = AXIS2_PLACEMENT_3D('',#34,#35,#36);
#34 = CARTESIAN_POINT('',(-12.9,-11.14311565729,46.060629047686));
#35 = DIRECTION('',(-1.,-0.,-0.));
#36 = DIRECTION('',(0.,-0.493012571981,-0.870022185849));
#37 = DEFINITIONAL_REPRESENTATION('',(#38),#42);
#38 = LINE('',#39,#40);
#39 = CARTESIAN_POINT('',(-1.2,-2.4));
#40 = VECTOR('',#41,1.);
#41 = DIRECTION('',(-1.209049612534E-16,1.));
#42 = ( GEOMETRIC_REPRESENTATION_CONTEXT(2) 
PARAMETRIC_REPRESENTATION_CONTEXT() REPRESENTATION_CONTEXT('2D SPACE',''
  ) );
#43 = PCURVE('',#44,#49);
#44 = PLANE('',#45);
#45 = AXIS2_PLACEMENT_3D('',#46,#47,#48);
#46 = CARTESIAN_POINT('',(-11.9,-6.375394078849,44.738195325196));
#47 = DIRECTION('',(0.,0.493012571981,0.870022185849));
#48 = DIRECTION('',(1.,0.,0.));
#49 = DEFINITIONAL_REPRESENTATION('',(#50),#54);
#50 = LINE('',#51,#52);
#51 = CARTESIAN_POINT('',(-1.,-2.4));
#52 = VECTOR('',#53,1.);
#53 = DIRECTION('',(-0.,-1.));
#54 = ( GEOMETRIC_REPRESENTATION_CONTEXT(2) 
PARAMETRIC_REPRESENTATION_CONTEXT() REPRESENTATION_CONTEXT('2D SPACE',''
  ) );
#55 = ORIENTED_EDGE('',*,*,#56,.T.);
#56 = EDGE_CURVE('',#24,#57,#59,.T.);
#57 = VERTEX_POINT('',#58);
#58 = CARTESIAN_POINT('',(-12.9,10.140347368029,34.));
#59 = SURFACE_CURVE('',#60,(#64,#71),.PCURVE_S1.);
#60 = LINE('',#61,#62);
#61 = CARTESIAN_POINT('',(-12.9,-16.57155782864,34.));
#62 = VECTOR('',#63,1.);
#63 = DIRECTION('',(-0.,-1.,-0.));
#64 = PCURVE('',#32,#65);
#65 = DEFINITIONAL_REPRESENTATION('',(#66),#70);
#66 = LINE('',#67,#68);
#67 = CARTESIAN_POINT('',(13.169305083524,-1.223176622836));
#68 = VECTOR('',#69,1.);
#69 = DIRECTION('',(0.493012571981,0.870022185849));
#70 = ( GEOMETRIC_REPRESENTATION_CONTEXT(2) 
PARAMETRIC_REPRESENTATION_CONTEXT() REPRESENTATION_CONTEXT('2D SPACE',''
  ) );
#71 = PCURVE('',#72,#77);
#72 = PLANE('',#73);
#73 = AXIS2_PLACEMENT_3D('',#74,#75,#76);
#74 = CARTESIAN_POINT('',(-12.,-22.,34.));
#75 = DIRECTION('',(0.,-0.,1.));
#76 = DIRECTION('',(1.,0.,0.));
#77 = DEFINITIONAL_REPRESENTATION('',(#78),#82);
#78 = LINE('',#79,#80);
#79 = CARTESIAN_POINT('',(-0.9,5.428442171351));
#80 = VECTOR('',#81,1.);
#81 = DIRECTION('',(-0.,-1.));
#82 = ( GEOMETRIC_REPRESENTATION_CONTEXT(2) 
PARAMETRIC_REPRESENTATION_CONTEXT() REPRESENTATION_CONTEXT('2D SPACE',''
  ) );
#83 = ORIENTED_EDGE('',*,*,#84,.T.);
#84 = EDGE_CURVE('',#57,#85,#87,.T.);
#85 = VERTEX_POINT('',#86);
#86 = CARTESIAN_POINT('',(-12.9,59.552112073912,6.));
#87 = SURFACE_CURVE('',#88,(#92,#99),.PCURVE_S1.);
#88 = LINE('',#89,#90);
#89 = CARTESIAN_POINT('',(-12.9,-11.14311565729,46.060629047686));
#90 = VECTOR('',#91,1.);
#91 = DIRECTION('',(-0.,0.870022185849,-0.493012571981));
#92 = PCURVE('',#32,#93);
#93 = DEFINITIONAL_REPRESENTATION('',(#94),#98);
#94 = LINE('',#95,#96);
#95 = CARTESIAN_POINT('',(-0.,0.));
#96 = VECTOR('',#97,1.);
#97 = DIRECTION('',(-2.398283814618E-17,-1.));
#98 = ( GEOMETRIC_REPRESENTATION_CONTEXT(2) 
PARAMETRIC_REPRESENTATION_CONTEXT() REPRESENTATION_CONTEXT('2D SPACE',''
  ) );
#99 = PCURVE('',#100,#105);
#100 = PLANE('',#101);
#101 = AXIS2_PLACEMENT_3D('',#102,#103,#104);
#102 = CARTESIAN_POINT('',(-12.9,-11.14311565729,46.060629047686));
#103 = DIRECTION('',(0.,0.493012571981,0.870022185849));
#104 = DIRECTION('',(1.,0.,0.));
#105 = DEFINITIONAL_REPRESENTATION('',(#106),#110);
#106 = LINE('',#107,#108);
#107 = CARTESIAN_POINT('',(0.,-0.));
#108 = VECTOR('',#109,1.);
#109 = DIRECTION('',(-0.,1.));
#110 = ( GEOMETRIC_REPRESENTATION_CONTEXT(2) 
PARAMETRIC_REPRESENTATION_CONTEXT() REPRESENTATION_CONTEXT('2D SPACE',''
  ) );
#111 = ORIENTED_EDGE('',*,*,#112,.F.);
#112 = EDGE_CURVE('',#113,#85,#115,.T.);
#113 = VERTEX_POINT('',#114);
#114 = CARTESIAN_POINT('',(-12.9,67.332419858832,6.));
#115 = SURFACE_CURVE('',#116,(#120,#127),.PCURVE_S1.);
#116 = LINE('',#117,#118);
#117 = CARTESIAN_POINT('',(-12.9,-98.07155782865,6.));
#118 = VECTOR('',#119,1.);
#119 = DIRECTION('',(-0.,-1.,-0.));
#120 = PCURVE('',#32,#121);
#121 = DEFINITIONAL_REPRESENTATION('',(#122),#126);
#122 = LINE('',#123,#124);
#123 = CARTESIAN_POINT('',(77.710450903727,55.879279508361));
#124 = VECTOR('',#125,1.);
#125 = DIRECTION('',(0.493012571981,0.870022185849));
#126 = ( GEOMETRIC_REPRESENTATION_CONTEXT(2) 
PARAMETRIC_REPRESENTATION_CONTEXT() REPRESENTATION_CONTEXT('2D SPACE',''
  ) );
#127 = PCURVE('',#128,#133);
#128 = PLANE('',#129);
#129 = AXIS2_PLACEMENT_3D('',#130,#131,#132);
#130 = CARTESIAN_POINT('',(40.,-185.,6.));
#131 = DIRECTION('',(0.,-0.,1.));
#132 = DIRECTION('',(1.,0.,0.));
#133 = DEFINITIONAL_REPRESENTATION('',(#134),#138);
#134 = LINE('',#135,#136);
#135 = CARTESIAN_POINT('',(-52.9,86.92844217135));
#136 = VECTOR('',#137,1.);
#137 = DIRECTION('',(-0.,-1.));
#138 = ( GEOMETRIC_REPRESENTATION_CONTEXT(2) 
PARAMETRIC_REPRESENTATION_CONTEXT() REPRESENTATION_CONTEXT('2D SPACE',''
  ) );
#139 = ORIENTED_EDGE('',*,*,#140,.F.);
#140 = EDGE_CURVE('',#141,#113,#143,.T.);
#141 = VERTEX_POINT('',#142);
#142 = CARTESIAN_POINT('',(-12.9,67.143115657299,18.939370952314));
#143 = SURFACE_CURVE('',#144,(#149,#156),.PCURVE_S1.);
#144 = CIRCLE('',#145,7.5);
#145 = AXIS2_PLACEMENT_3D('',#146,#147,#148);
#146 = CARTESIAN_POINT('',(-12.9,63.445521367442,12.414204558449));
#147 = DIRECTION('',(-1.,-0.,0.));
#148 = DIRECTION('',(-0.,0.493012571981,0.870022185849));
#149 = PCURVE('',#32,#150);
#150 = DEFINITIONAL_REPRESENTATION('',(#151),#155);
#151 = CIRCLE('',#152,7.5);
#152 = AXIS2_PLACEMENT_2D('',#153,#154);
#153 = CARTESIAN_POINT('',(-7.5,-81.48187929913));
#154 = DIRECTION('',(-1.,-7.988116743429E-16));
#155 = ( GEOMETRIC_REPRESENTATION_CONTEXT(2) 
PARAMETRIC_REPRESENTATION_CONTEXT() REPRESENTATION_CONTEXT('2D SPACE',''
  ) );
#156 = PCURVE('',#157,#162);
#157 = CYLINDRICAL_SURFACE('',#158,7.5);
#158 = AXIS2_PLACEMENT_3D('',#159,#160,#161);
#159 = CARTESIAN_POINT('',(-12.9,63.445521367442,12.414204558449));
#160 = DIRECTION('',(-1.,-0.,1.110223024625E-16));
#161 = DIRECTION('',(-1.110223024625E-16,-0.,-1.));
#162 = DEFINITIONAL_REPRESENTATION('',(#163),#167);
#163 = LINE('',#164,#165);
#164 = CARTESIAN_POINT('',(-8.90922895331,0.));
#165 = VECTOR('',#166,1.);
#166 = DIRECTION('',(1.,-0.));
#167 = ( GEOMETRIC_REPRESENTATION_CONTEXT(2) 
PARAMETRIC_REPRESENTATION_CONTEXT() REPRESENTATION_CONTEXT('2D SPACE',''
  ) );
#168 = ORIENTED_EDGE('',*,*,#169,.F.);
#169 = EDGE_CURVE('',#170,#141,#172,.T.);
#170 = VERTEX_POINT('',#171);
#171 = CARTESIAN_POINT('',(-12.9,36.,36.58713649145));
#172 = SURFACE_CURVE('',#173,(#177,#184),.PCURVE_S1.);
#173 = LINE('',#174,#175);
#174 = CARTESIAN_POINT('',(-12.9,-3.747927077586,59.110961835415));
#175 = VECTOR('',#176,1.);
#176 = DIRECTION('',(-0.,0.870022185849,-0.493012571981));
#177 = PCURVE('',#32,#178);
#178 = DEFINITIONAL_REPRESENTATION('',(#179),#183);
#179 = LINE('',#180,#181);
#180 = CARTESIAN_POINT('',(-15.,3.163492213423E-15));
#181 = VECTOR('',#182,1.);
#182 = DIRECTION('',(-2.398283814618E-17,-1.));
#183 = ( GEOMETRIC_REPRESENTATION_CONTEXT(2) 
PARAMETRIC_REPRESENTATION_CONTEXT() REPRESENTATION_CONTEXT('2D SPACE',''
  ) );
#184 = PCURVE('',#185,#190);
#185 = PLANE('',#186);
#186 = AXIS2_PLACEMENT_3D('',#187,#188,#189);
#187 = CARTESIAN_POINT('',(-12.9,-3.747927077586,59.110961835415));
#188 = DIRECTION('',(0.,0.493012571981,0.870022185849));
#189 = DIRECTION('',(1.,0.,0.));
#190 = DEFINITIONAL_REPRESENTATION('',(#191),#195);
#191 = LINE('',#192,#193);
#192 = CARTESIAN_POINT('',(0.,-0.));
#193 = VECTOR('',#194,1.);
#194 = DIRECTION('',(-0.,1.));
#195 = ( GEOMETRIC_REPRESENTATION_CONTEXT(2) 
PARAMETRIC_REPRESENTATION_CONTEXT() REPRESENTATION_CONTEXT('2D SPACE',''
  ) );
#196 = ORIENTED_EDGE('',*,*,#197,.F.);
#197 = EDGE_CURVE('',#198,#170,#200,.T.);
#198 = VERTEX_POINT('',#199);
#199 = CARTESIAN_POINT('',(-12.9,36.,35.207861319485));
#200 = SURFACE_CURVE('',#201,(#205,#212),.PCURVE_S1.);
#201 = LINE('',#202,#203);
#202 = CARTESIAN_POINT('',(-12.9,36.,40.030314523843));
#203 = VECTOR('',#204,1.);
#204 = DIRECTION('',(-0.,-0.,1.));
#205 = PCURVE('',#32,#206);
#206 = DEFINITIONAL_REPRESENTATION('',(#207),#211);
#207 = LINE('',#208,#209);
#208 = CARTESIAN_POINT('',(-17.995641278,-43.98857740513));
#209 = VECTOR('',#210,1.);
#210 = DIRECTION('',(-0.870022185849,0.493012571981));
#211 = ( GEOMETRIC_REPRESENTATION_CONTEXT(2) 
PARAMETRIC_REPRESENTATION_CONTEXT() REPRESENTATION_CONTEXT('2D SPACE',''
  ) );
#212 = PCURVE('',#213,#218);
#213 = PLANE('',#214);
#214 = AXIS2_PLACEMENT_3D('',#215,#216,#217);
#215 = CARTESIAN_POINT('',(-12.,36.,34.));
#216 = DIRECTION('',(-0.,1.,0.));
#217 = DIRECTION('',(0.,0.,-1.));
#218 = DEFINITIONAL_REPRESENTATION('',(#219),#223);
#219 = LINE('',#220,#221);
#220 = CARTESIAN_POINT('',(-6.030314523843,0.9));
#221 = VECTOR('',#222,1.);
#222 = DIRECTION('',(-1.,-0.));
#223 = ( GEOMETRIC_REPRESENTATION_CONTEXT(2) 
PARAMETRIC_REPRESENTATION_CONTEXT() REPRESENTATION_CONTEXT('2D SPACE',''
  ) );
#224 = ORIENTED_EDGE('',*,*,#225,.F.);
#225 = EDGE_CURVE('',#226,#198,#228,.T.);
#226 = VERTEX_POINT('',#227);
#227 = CARTESIAN_POINT('',(-12.9,62.375394078849,20.261804674804));
#228 = SURFACE_CURVE('',#229,(#233,#240),.PCURVE_S1.);
#229 = LINE('',#230,#231);
#230 = CARTESIAN_POINT('',(-12.9,-2.251488917926,56.883705039643));
#231 = VECTOR('',#232,1.);
#232 = DIRECTION('',(-0.,-0.870022185849,0.493012571981));
#233 = PCURVE('',#32,#234);
#234 = DEFINITIONAL_REPRESENTATION('',(#235),#239);
#235 = LINE('',#236,#237);
#236 = CARTESIAN_POINT('',(-13.8,-2.4));
#237 = VECTOR('',#238,1.);
#238 = DIRECTION('',(-1.209049612534E-16,1.));
#239 = ( GEOMETRIC_REPRESENTATION_CONTEXT(2) 
PARAMETRIC_REPRESENTATION_CONTEXT() REPRESENTATION_CONTEXT('2D SPACE',''
  ) );
#240 = PCURVE('',#241,#246);
#241 = PLANE('',#242);
#242 = AXIS2_PLACEMENT_3D('',#243,#244,#245);
#243 = CARTESIAN_POINT('',(-11.9,-0.16343567189,55.700474866889));
#244 = DIRECTION('',(0.,0.493012571981,0.870022185849));
#245 = DIRECTION('',(1.,0.,0.));
#246 = DEFINITIONAL_REPRESENTATION('',(#247),#251);
#247 = LINE('',#248,#249);
#248 = CARTESIAN_POINT('',(-1.,-2.4));
#249 = VECTOR('',#250,1.);
#250 = DIRECTION('',(-0.,-1.));
#251 = ( GEOMETRIC_REPRESENTATION_CONTEXT(2) 
PARAMETRIC_REPRESENTATION_CONTEXT() REPRESENTATION_CONTEXT('2D SPACE',''
  ) );
#252 = ORIENTED_EDGE('',*,*,#253,.F.);
#253 = EDGE_CURVE('',#22,#226,#254,.T.);
#254 = SURFACE_CURVE('',#255,(#260,#271),.PCURVE_S1.);
#255 = CIRCLE('',#256,6.3);
#256 = AXIS2_PLACEMENT_3D('',#257,#258,#259);
#257 = CARTESIAN_POINT('',(-12.9,59.269414875369,14.780664903958));
#258 = DIRECTION('',(1.,0.,-1.110223024625E-16));
#259 = DIRECTION('',(-1.110223024625E-16,-0.,-1.));
#260 = PCURVE('',#32,#261);
#261 = DEFINITIONAL_REPRESENTATION('',(#262),#270);
#262 = ( BOUNDED_CURVE() B_SPLINE_CURVE(2,(#263,#264,#265,#266,#267,#268
,#269),.UNSPECIFIED.,.T.,.F.) B_SPLINE_CURVE_WITH_KNOTS((1,2,2,2,2,1),(
    -2.094395102393,0.,2.094395102393,4.188790204786,6.28318530718,
8.377580409573),.UNSPECIFIED.) CURVE() GEOMETRIC_REPRESENTATION_ITEM() 
RATIONAL_B_SPLINE_CURVE((1.,0.5,1.,0.5,1.,0.5,1.)) REPRESENTATION_ITEM(
  '') );
#263 = CARTESIAN_POINT('',(-2.018860229154,-79.78785850261));
#264 = CARTESIAN_POINT('',(-7.398574016833,-89.2814710691));
#265 = CARTESIAN_POINT('',(-12.93042677926,-79.87569598064));
#266 = CARTESIAN_POINT('',(-18.46227954169,-70.46992089217));
#267 = CARTESIAN_POINT('',(-7.550712991584,-70.38208341414));
#268 = CARTESIAN_POINT('',(3.360853558525,-70.29424593612));
#269 = CARTESIAN_POINT('',(-2.018860229154,-79.78785850261));
#270 = ( GEOMETRIC_REPRESENTATION_CONTEXT(2) 
PARAMETRIC_REPRESENTATION_CONTEXT() REPRESENTATION_CONTEXT('2D SPACE',''
  ) );
#271 = PCURVE('',#272,#277);
#272 = CYLINDRICAL_SURFACE('',#273,6.3);
#273 = AXIS2_PLACEMENT_3D('',#274,#275,#276);
#274 = CARTESIAN_POINT('',(-11.9,59.269414875369,14.780664903958));
#275 = DIRECTION('',(-1.,-0.,1.110223024625E-16));
#276 = DIRECTION('',(-1.110223024625E-16,-0.,-1.));
#277 = DEFINITIONAL_REPRESENTATION('',(#278),#282);
#278 = LINE('',#279,#280);
#279 = CARTESIAN_POINT('',(-8.881784197001E-16,1.));
#280 = VECTOR('',#281,1.);
#281 = DIRECTION('',(-1.,0.));
#282 = ( GEOMETRIC_REPRESENTATION_CONTEXT(2) 
PARAMETRIC_REPRESENTATION_CONTEXT() REPRESENTATION_CONTEXT('2D SPACE',''
  ) );
#283 = ADVANCED_FACE('',(#284),#44,.T.);
#284 = FACE_BOUND('',#285,.F.);
#285 = EDGE_LOOP('',(#286,#309,#310,#333,#361,#389));
#286 = ORIENTED_EDGE('',*,*,#287,.F.);
#287 = EDGE_CURVE('',#22,#288,#290,.T.);
#288 = VERTEX_POINT('',#289);
#289 = CARTESIAN_POINT('',(-18.1,56.16343567189,9.299525133111));
#290 = SURFACE_CURVE('',#291,(#295,#302),.PCURVE_S1.);
#291 = LINE('',#292,#293);
#292 = CARTESIAN_POINT('',(-11.9,56.16343567189,9.299525133111));
#293 = VECTOR('',#294,1.);
#294 = DIRECTION('',(-1.,0.,-0.));
#295 = PCURVE('',#44,#296);
#296 = DEFINITIONAL_REPRESENTATION('',(#297),#301);
#297 = LINE('',#298,#299);
#298 = CARTESIAN_POINT('',(-0.,71.881879299133));
#299 = VECTOR('',#300,1.);
#300 = DIRECTION('',(-1.,0.));
#301 = ( GEOMETRIC_REPRESENTATION_CONTEXT(2) 
PARAMETRIC_REPRESENTATION_CONTEXT() REPRESENTATION_CONTEXT('2D SPACE',''
  ) );
#302 = PCURVE('',#272,#303);
#303 = DEFINITIONAL_REPRESENTATION('',(#304),#308);
#304 = LINE('',#305,#306);
#305 = CARTESIAN_POINT('',(-5.767636299721,-6.085287574782E-16));
#306 = VECTOR('',#307,1.);
#307 = DIRECTION('',(-0.,1.));
#308 = ( GEOMETRIC_REPRESENTATION_CONTEXT(2) 
PARAMETRIC_REPRESENTATION_CONTEXT() REPRESENTATION_CONTEXT('2D SPACE',''
  ) );
#309 = ORIENTED_EDGE('',*,*,#21,.T.);
#310 = ORIENTED_EDGE('',*,*,#311,.T.);
#311 = EDGE_CURVE('',#24,#312,#314,.T.);
#312 = VERTEX_POINT('',#313);
#313 = CARTESIAN_POINT('',(-14.,12.57436237738,34.));
#314 = SURFACE_CURVE('',#315,(#319,#326),.PCURVE_S1.);
#315 = LINE('',#316,#317);
#316 = CARTESIAN_POINT('',(-11.95,12.57436237738,34.));
#317 = VECTOR('',#318,1.);
#318 = DIRECTION('',(-1.,-0.,-0.));
#319 = PCURVE('',#44,#320);
#320 = DEFINITIONAL_REPRESENTATION('',(#321),#325);
#321 = LINE('',#322,#323);
#322 = CARTESIAN_POINT('',(-5.E-02,21.780773829055));
#323 = VECTOR('',#324,1.);
#324 = DIRECTION('',(-1.,0.));
#325 = ( GEOMETRIC_REPRESENTATION_CONTEXT(2) 
PARAMETRIC_REPRESENTATION_CONTEXT() REPRESENTATION_CONTEXT('2D SPACE',''
  ) );
#326 = PCURVE('',#72,#327);
#327 = DEFINITIONAL_REPRESENTATION('',(#328),#332);
#328 = LINE('',#329,#330);
#329 = CARTESIAN_POINT('',(5.E-02,34.57436237738));
#330 = VECTOR('',#331,1.);
#331 = DIRECTION('',(-1.,0.));
#332 = ( GEOMETRIC_REPRESENTATION_CONTEXT(2) 
PARAMETRIC_REPRESENTATION_CONTEXT() REPRESENTATION_CONTEXT('2D SPACE',''
  ) );
#333 = ORIENTED_EDGE('',*,*,#334,.F.);
#334 = EDGE_CURVE('',#335,#312,#337,.T.);
#335 = VERTEX_POINT('',#336);
#336 = CARTESIAN_POINT('',(-14.,-6.375394078849,44.738195325196));
#337 = SURFACE_CURVE('',#338,(#342,#349),.PCURVE_S1.);
#338 = LINE('',#339,#340);
#339 = CARTESIAN_POINT('',(-14.,-9.985850644528,46.784120712415));
#340 = VECTOR('',#341,1.);
#341 = DIRECTION('',(-0.,0.870022185849,-0.493012571981));
#342 = PCURVE('',#44,#343);
#343 = DEFINITIONAL_REPRESENTATION('',(#344),#348);
#344 = LINE('',#345,#346);
#345 = CARTESIAN_POINT('',(-2.1,-4.149844250418));
#346 = VECTOR('',#347,1.);
#347 = DIRECTION('',(-0.,1.));
#348 = ( GEOMETRIC_REPRESENTATION_CONTEXT(2) 
PARAMETRIC_REPRESENTATION_CONTEXT() REPRESENTATION_CONTEXT('2D SPACE',''
  ) );
#349 = PCURVE('',#350,#355);
#350 = PLANE('',#351);
#351 = AXIS2_PLACEMENT_3D('',#352,#353,#354);
#352 = CARTESIAN_POINT('',(-14.,-22.,34.));
#353 = DIRECTION('',(-1.,0.,-0.));
#354 = DIRECTION('',(0.,0.,-1.));
#355 = DEFINITIONAL_REPRESENTATION('',(#356),#360);
#356 = LINE('',#357,#358);
#357 = CARTESIAN_POINT('',(-12.78412071241,-12.01414935547));
#358 = VECTOR('',#359,1.);
#359 = DIRECTION('',(0.493012571981,-0.870022185849));
#360 = ( GEOMETRIC_REPRESENTATION_CONTEXT(2) 
PARAMETRIC_REPRESENTATION_CONTEXT() REPRESENTATION_CONTEXT('2D SPACE',''
  ) );
#361 = ORIENTED_EDGE('',*,*,#362,.T.);
#362 = EDGE_CURVE('',#335,#363,#365,.T.);
#363 = VERTEX_POINT('',#364);
#364 = CARTESIAN_POINT('',(-18.1,-6.375394078849,44.738195325196));
#365 = SURFACE_CURVE('',#366,(#370,#377),.PCURVE_S1.);
#366 = LINE('',#367,#368);
#367 = CARTESIAN_POINT('',(-11.9,-6.375394078849,44.738195325196));
#368 = VECTOR('',#369,1.);
#369 = DIRECTION('',(-1.,0.,-0.));
#370 = PCURVE('',#44,#371);
#371 = DEFINITIONAL_REPRESENTATION('',(#372),#376);
#372 = LINE('',#373,#374);
#373 = CARTESIAN_POINT('',(0.,-0.));
#374 = VECTOR('',#375,1.);
#375 = DIRECTION('',(-1.,0.));
#376 = ( GEOMETRIC_REPRESENTATION_CONTEXT(2) 
PARAMETRIC_REPRESENTATION_CONTEXT() REPRESENTATION_CONTEXT('2D SPACE',''
  ) );
#377 = PCURVE('',#378,#383);
#378 = CYLINDRICAL_SURFACE('',#379,6.3);
#379 = AXIS2_PLACEMENT_3D('',#380,#381,#382);
#380 = CARTESIAN_POINT('',(-11.9,-3.269414875369,50.219335096042));
#381 = DIRECTION('',(-1.,-0.,1.110223024625E-16));
#382 = DIRECTION('',(-1.110223024625E-16,-0.,-1.));
#383 = DEFINITIONAL_REPRESENTATION('',(#384),#388);
#384 = LINE('',#385,#386);
#385 = CARTESIAN_POINT('',(-5.767636299721,-6.085287574782E-16));
#386 = VECTOR('',#387,1.);
#387 = DIRECTION('',(-0.,1.));
#388 = ( GEOMETRIC_REPRESENTATION_CONTEXT(2) 
PARAMETRIC_REPRESENTATION_CONTEXT() REPRESENTATION_CONTEXT('2D SPACE',''
  ) );
#389 = ORIENTED_EDGE('',*,*,#390,.F.);
#390 = EDGE_CURVE('',#288,#363,#391,.T.);
#391 = SURFACE_CURVE('',#392,(#396,#403),.PCURVE_S1.);
#392 = LINE('',#393,#394);
#393 = CARTESIAN_POINT('',(-18.1,-8.463447324885,45.92142549795));
#394 = VECTOR('',#395,1.);
#395 = DIRECTION('',(-0.,-0.870022185849,0.493012571981));
#396 = PCURVE('',#44,#397);
#397 = DEFINITIONAL_REPRESENTATION('',(#398),#402);
#398 = LINE('',#399,#400);
#399 = CARTESIAN_POINT('',(-6.2,-2.4));
#400 = VECTOR('',#401,1.);
#401 = DIRECTION('',(-0.,-1.));
#402 = ( GEOMETRIC_REPRESENTATION_CONTEXT(2) 
PARAMETRIC_REPRESENTATION_CONTEXT() REPRESENTATION_CONTEXT('2D SPACE',''
  ) );
#403 = PCURVE('',#404,#409);
#404 = PLANE('',#405);
#405 = AXIS2_PLACEMENT_3D('',#406,#407,#408);
#406 = CARTESIAN_POINT('',(-18.1,-11.14311565729,46.060629047686));
#407 = DIRECTION('',(-1.,-0.,-0.));
#408 = DIRECTION('',(0.,-0.493012571981,-0.870022185849));
#409 = DEFINITIONAL_REPRESENTATION('',(#410),#414);
#410 = LINE('',#411,#412);
#411 = CARTESIAN_POINT('',(-1.2,-2.4));
#412 = VECTOR('',#413,1.);
#413 = DIRECTION('',(-1.209049612534E-16,1.));
#414 = ( GEOMETRIC_REPRESENTATION_CONTEXT(2) 
PARAMETRIC_REPRESENTATION_CONTEXT() REPRESENTATION_CONTEXT('2D SPACE',''
  ) );
#415 = ADVANCED_FACE('',(#416),#272,.F.);
#416 = FACE_BOUND('',#417,.T.);
#417 = EDGE_LOOP('',(#418,#419,#420,#443,#471,#499,#532,#560,#593,#621,
    #654,#682));
#418 = ORIENTED_EDGE('',*,*,#287,.F.);
#419 = ORIENTED_EDGE('',*,*,#253,.T.);
#420 = ORIENTED_EDGE('',*,*,#421,.T.);
#421 = EDGE_CURVE('',#226,#422,#424,.T.);
#422 = VERTEX_POINT('',#423);
#423 = CARTESIAN_POINT('',(-18.1,62.375394078849,20.261804674804));
#424 = SURFACE_CURVE('',#425,(#429,#436),.PCURVE_S1.);
#425 = LINE('',#426,#427);
#426 = CARTESIAN_POINT('',(-11.9,62.375394078849,20.261804674804));
#427 = VECTOR('',#428,1.);
#428 = DIRECTION('',(-1.,0.,-0.));
#429 = PCURVE('',#272,#430);
#430 = DEFINITIONAL_REPRESENTATION('',(#431),#435);
#431 = LINE('',#432,#433);
#432 = CARTESIAN_POINT('',(-8.90922895331,6.085287574782E-16));
#433 = VECTOR('',#434,1.);
#434 = DIRECTION('',(-0.,1.));
#435 = ( GEOMETRIC_REPRESENTATION_CONTEXT(2) 
PARAMETRIC_REPRESENTATION_CONTEXT() REPRESENTATION_CONTEXT('2D SPACE',''
  ) );
#436 = PCURVE('',#241,#437);
#437 = DEFINITIONAL_REPRESENTATION('',(#438),#442);
#438 = LINE('',#439,#440);
#439 = CARTESIAN_POINT('',(-0.,71.881879299133));
#440 = VECTOR('',#441,1.);
#441 = DIRECTION('',(-1.,0.));
#442 = ( GEOMETRIC_REPRESENTATION_CONTEXT(2) 
PARAMETRIC_REPRESENTATION_CONTEXT() REPRESENTATION_CONTEXT('2D SPACE',''
  ) );
#443 = ORIENTED_EDGE('',*,*,#444,.F.);
#444 = EDGE_CURVE('',#445,#422,#447,.T.);
#445 = VERTEX_POINT('',#446);
#446 = CARTESIAN_POINT('',(-18.1,65.352068152644,16.421191986468));
#447 = SURFACE_CURVE('',#448,(#453,#460),.PCURVE_S1.);
#448 = CIRCLE('',#449,6.3);
#449 = AXIS2_PLACEMENT_3D('',#450,#451,#452);
#450 = CARTESIAN_POINT('',(-18.1,59.269414875369,14.780664903958));
#451 = DIRECTION('',(1.,0.,-1.110223024625E-16));
#452 = DIRECTION('',(-1.110223024625E-16,-0.,-1.));
#453 = PCURVE('',#272,#454);
#454 = DEFINITIONAL_REPRESENTATION('',(#455),#459);
#455 = LINE('',#456,#457);
#456 = CARTESIAN_POINT('',(-8.881784197001E-16,6.2));
#457 = VECTOR('',#458,1.);
#458 = DIRECTION('',(-1.,0.));
#459 = ( GEOMETRIC_REPRESENTATION_CONTEXT(2) 
PARAMETRIC_REPRESENTATION_CONTEXT() REPRESENTATION_CONTEXT('2D SPACE',''
  ) );
#460 = PCURVE('',#404,#461);
#461 = DEFINITIONAL_REPRESENTATION('',(#462),#470);
#462 = ( BOUNDED_CURVE() B_SPLINE_CURVE(2,(#463,#464,#465,#466,#467,#468
,#469),.UNSPECIFIED.,.T.,.F.) B_SPLINE_CURVE_WITH_KNOTS((1,2,2,2,2,1),(
    -2.094395102393,0.,2.094395102393,4.188790204786,6.28318530718,
8.377580409573),.UNSPECIFIED.) CURVE() GEOMETRIC_REPRESENTATION_ITEM() 
RATIONAL_B_SPLINE_CURVE((1.,0.5,1.,0.5,1.,0.5,1.)) REPRESENTATION_ITEM(
  '') );
#463 = CARTESIAN_POINT('',(-2.018860229154,-79.78785850261));
#464 = CARTESIAN_POINT('',(-7.398574016833,-89.2814710691));
#465 = CARTESIAN_POINT('',(-12.93042677926,-79.87569598064));
#466 = CARTESIAN_POINT('',(-18.46227954169,-70.46992089217));
#467 = CARTESIAN_POINT('',(-7.550712991584,-70.38208341414));
#468 = CARTESIAN_POINT('',(3.360853558525,-70.29424593612));
#469 = CARTESIAN_POINT('',(-2.018860229154,-79.78785850261));
#470 = ( GEOMETRIC_REPRESENTATION_CONTEXT(2) 
PARAMETRIC_REPRESENTATION_CONTEXT() REPRESENTATION_CONTEXT('2D SPACE',''
  ) );
#471 = ORIENTED_EDGE('',*,*,#472,.T.);
#472 = EDGE_CURVE('',#445,#473,#475,.T.);
#473 = VERTEX_POINT('',#474);
#474 = CARTESIAN_POINT('',(-22.,65.352068152644,16.421191986468));
#475 = SURFACE_CURVE('',#476,(#480,#487),.PCURVE_S1.);
#476 = LINE('',#477,#478);
#477 = CARTESIAN_POINT('',(0.5,65.352068152644,16.421191986468));
#478 = VECTOR('',#479,1.);
#479 = DIRECTION('',(-1.,-0.,1.110223024625E-16));
#480 = PCURVE('',#272,#481);
#481 = DEFINITIONAL_REPRESENTATION('',(#482),#486);
#482 = LINE('',#483,#484);
#483 = CARTESIAN_POINT('',(-8.117419270889,-12.4));
#484 = VECTOR('',#485,1.);
#485 = DIRECTION('',(-0.,1.));
#486 = ( GEOMETRIC_REPRESENTATION_CONTEXT(2) 
PARAMETRIC_REPRESENTATION_CONTEXT() REPRESENTATION_CONTEXT('2D SPACE',''
  ) );
#487 = PCURVE('',#488,#493);
#488 = PLANE('',#489);
#489 = AXIS2_PLACEMENT_3D('',#490,#491,#492);
#490 = CARTESIAN_POINT('',(-15.5,59.815543553291,16.421191986468));
#491 = DIRECTION('',(0.,-0.,1.));
#492 = DIRECTION('',(1.,0.,0.));
#493 = DEFINITIONAL_REPRESENTATION('',(#494),#498);
#494 = LINE('',#495,#496);
#495 = CARTESIAN_POINT('',(16.,5.536524599353));
#496 = VECTOR('',#497,1.);
#497 = DIRECTION('',(-1.,0.));
#498 = ( GEOMETRIC_REPRESENTATION_CONTEXT(2) 
PARAMETRIC_REPRESENTATION_CONTEXT() REPRESENTATION_CONTEXT('2D SPACE',''
  ) );
#499 = ORIENTED_EDGE('',*,*,#500,.F.);
#500 = EDGE_CURVE('',#501,#473,#503,.T.);
#501 = VERTEX_POINT('',#502);
#502 = CARTESIAN_POINT('',(-22.,65.361604438353,16.385416077402));
#503 = SURFACE_CURVE('',#504,(#509,#516),.PCURVE_S1.);
#504 = CIRCLE('',#505,6.3);
#505 = AXIS2_PLACEMENT_3D('',#506,#507,#508);
#506 = CARTESIAN_POINT('',(-22.,59.269414875369,14.780664903958));
#507 = DIRECTION('',(1.,0.,-1.110223024625E-16));
#508 = DIRECTION('',(-1.110223024625E-16,-0.,-1.));
#509 = PCURVE('',#272,#510);
#510 = DEFINITIONAL_REPRESENTATION('',(#511),#515);
#511 = LINE('',#512,#513);
#512 = CARTESIAN_POINT('',(-0.,10.1));
#513 = VECTOR('',#514,1.);
#514 = DIRECTION('',(-1.,0.));
#515 = ( GEOMETRIC_REPRESENTATION_CONTEXT(2) 
PARAMETRIC_REPRESENTATION_CONTEXT() REPRESENTATION_CONTEXT('2D SPACE',''
  ) );
#516 = PCURVE('',#517,#522);
#517 = PLANE('',#518);
#518 = AXIS2_PLACEMENT_3D('',#519,#520,#521);
#519 = CARTESIAN_POINT('',(-22.,59.815543553291,7.421191986468));
#520 = DIRECTION('',(-1.,0.,-0.));
#521 = DIRECTION('',(0.,0.,-1.));
#522 = DEFINITIONAL_REPRESENTATION('',(#523),#531);
#523 = ( BOUNDED_CURVE() B_SPLINE_CURVE(2,(#524,#525,#526,#527,#528,#529
,#530),.UNSPECIFIED.,.T.,.F.) B_SPLINE_CURVE_WITH_KNOTS((1,2,2,2,2,1),(
    -2.094395102393,0.,2.094395102393,4.188790204786,6.28318530718,
8.377580409573),.UNSPECIFIED.) CURVE() GEOMETRIC_REPRESENTATION_ITEM() 
RATIONAL_B_SPLINE_CURVE((1.,0.5,1.,0.5,1.,0.5,1.)) REPRESENTATION_ITEM(
  '') );
#524 = CARTESIAN_POINT('',(-1.059472917489,0.546128677922));
#525 = CARTESIAN_POINT('',(-1.059472917489,-10.36579140976));
#526 = CARTESIAN_POINT('',(-10.50947291748,-4.90983136592));
#527 = CARTESIAN_POINT('',(-19.95947291748,0.546128677922));
#528 = CARTESIAN_POINT('',(-10.50947291748,6.002088721764));
#529 = CARTESIAN_POINT('',(-1.059472917489,11.458048765606));
#530 = CARTESIAN_POINT('',(-1.059472917489,0.546128677922));
#531 = ( GEOMETRIC_REPRESENTATION_CONTEXT(2) 
PARAMETRIC_REPRESENTATION_CONTEXT() REPRESENTATION_CONTEXT('2D SPACE',''
  ) );
#532 = ORIENTED_EDGE('',*,*,#533,.T.);
#533 = EDGE_CURVE('',#501,#534,#536,.T.);
#534 = VERTEX_POINT('',#535);
#535 = CARTESIAN_POINT('',(-24.,65.361604438353,16.385416077402));
#536 = SURFACE_CURVE('',#537,(#541,#548),.PCURVE_S1.);
#537 = LINE('',#538,#539);
#538 = CARTESIAN_POINT('',(0.5,65.361604438353,16.385416077402));
#539 = VECTOR('',#540,1.);
#540 = DIRECTION('',(-1.,-0.,1.110223024625E-16));
#541 = PCURVE('',#272,#542);
#542 = DEFINITIONAL_REPRESENTATION('',(#543),#547);
#543 = LINE('',#544,#545);
#544 = CARTESIAN_POINT('',(-8.111542265894,-12.4));
#545 = VECTOR('',#546,1.);
#546 = DIRECTION('',(-0.,1.));
#547 = ( GEOMETRIC_REPRESENTATION_CONTEXT(2) 
PARAMETRIC_REPRESENTATION_CONTEXT() REPRESENTATION_CONTEXT('2D SPACE',''
  ) );
#548 = PCURVE('',#549,#554);
#549 = PLANE('',#550);
#550 = AXIS2_PLACEMENT_3D('',#551,#552,#553);
#551 = CARTESIAN_POINT('',(-20.,116.16715658744,14.496894336681));
#552 = DIRECTION('',(0.,-3.714590832131E-02,-0.999309852596));
#553 = DIRECTION('',(1.,0.,0.));
#554 = DEFINITIONAL_REPRESENTATION('',(#555),#559);
#555 = LINE('',#556,#557);
#556 = CARTESIAN_POINT('',(20.5,50.840639684601));
#557 = VECTOR('',#558,1.);
#558 = DIRECTION('',(-1.,4.124024268893E-18));
#559 = ( GEOMETRIC_REPRESENTATION_CONTEXT(2) 
PARAMETRIC_REPRESENTATION_CONTEXT() REPRESENTATION_CONTEXT('2D SPACE',''
  ) );
#560 = ORIENTED_EDGE('',*,*,#561,.F.);
#561 = EDGE_CURVE('',#562,#534,#564,.T.);
#562 = VERTEX_POINT('',#563);
#563 = CARTESIAN_POINT('',(-24.,64.279873803085,10.961594161791));
#564 = SURFACE_CURVE('',#565,(#570,#577),.PCURVE_S1.);
#565 = CIRCLE('',#566,6.3);
#566 = AXIS2_PLACEMENT_3D('',#567,#568,#569);
#567 = CARTESIAN_POINT('',(-24.,59.269414875369,14.780664903958));
#568 = DIRECTION('',(1.,0.,-1.110223024625E-16));
#569 = DIRECTION('',(-1.110223024625E-16,-0.,-1.));
#570 = PCURVE('',#272,#571);
#571 = DEFINITIONAL_REPRESENTATION('',(#572),#576);
#572 = LINE('',#573,#574);
#573 = CARTESIAN_POINT('',(-0.,12.1));
#574 = VECTOR('',#575,1.);
#575 = DIRECTION('',(-1.,0.));
#576 = ( GEOMETRIC_REPRESENTATION_CONTEXT(2) 
PARAMETRIC_REPRESENTATION_CONTEXT() REPRESENTATION_CONTEXT('2D SPACE',''
  ) );
#577 = PCURVE('',#578,#583);
#578 = PLANE('',#579);
#579 = AXIS2_PLACEMENT_3D('',#580,#581,#582);
#580 = CARTESIAN_POINT('',(-24.,119.39422766086,12.954525103328));
#581 = DIRECTION('',(-1.,-0.,-0.));
#582 = DIRECTION('',(0.,0.754272813526,0.656561134073));
#583 = DEFINITIONAL_REPRESENTATION('',(#584),#592);
#584 = ( BOUNDED_CURVE() B_SPLINE_CURVE(2,(#585,#586,#587,#588,#589,#590
,#591),.UNSPECIFIED.,.T.,.F.) B_SPLINE_CURVE_WITH_KNOTS((1,2,2,2,2,1),(
    -2.094395102393,0.,2.094395102393,4.188790204786,6.28318530718,
8.377580409573),.UNSPECIFIED.) CURVE() GEOMETRIC_REPRESENTATION_ITEM() 
RATIONAL_B_SPLINE_CURVE((1.,0.5,1.,0.5,1.,0.5,1.)) REPRESENTATION_ITEM(
  '') );
#585 = CARTESIAN_POINT('',(-48.28787442864,-36.10110414846));
#586 = CARTESIAN_POINT('',(-40.05730976313,-28.93676152078));
#587 = CARTESIAN_POINT('',(-37.9680893789,-39.64681092244));
#588 = CARTESIAN_POINT('',(-35.87886899467,-50.35686032411));
#589 = CARTESIAN_POINT('',(-46.19865404441,-46.81115355012));
#590 = CARTESIAN_POINT('',(-56.51843909416,-43.26544677614));
#591 = CARTESIAN_POINT('',(-48.28787442864,-36.10110414846));
#592 = ( GEOMETRIC_REPRESENTATION_CONTEXT(2) 
PARAMETRIC_REPRESENTATION_CONTEXT() REPRESENTATION_CONTEXT('2D SPACE',''
  ) );
#593 = ORIENTED_EDGE('',*,*,#594,.F.);
#594 = EDGE_CURVE('',#595,#562,#597,.T.);
#595 = VERTEX_POINT('',#596);
#596 = CARTESIAN_POINT('',(-22.,64.279873803085,10.961594161791));
#597 = SURFACE_CURVE('',#598,(#602,#609),.PCURVE_S1.);
#598 = LINE('',#599,#600);
#599 = CARTESIAN_POINT('',(0.5,64.279873803085,10.961594161791));
#600 = VECTOR('',#601,1.);
#601 = DIRECTION('',(-1.,-0.,1.110223024625E-16));
#602 = PCURVE('',#272,#603);
#603 = DEFINITIONAL_REPRESENTATION('',(#604),#608);
#604 = LINE('',#605,#606);
#605 = CARTESIAN_POINT('',(-7.202705647311,-12.4));
#606 = VECTOR('',#607,1.);
#607 = DIRECTION('',(-0.,1.));
#608 = ( GEOMETRIC_REPRESENTATION_CONTEXT(2) 
PARAMETRIC_REPRESENTATION_CONTEXT() REPRESENTATION_CONTEXT('2D SPACE',''
  ) );
#609 = PCURVE('',#610,#615);
#610 = PLANE('',#611);
#611 = AXIS2_PLACEMENT_3D('',#612,#613,#614);
#612 = CARTESIAN_POINT('',(-20.,64.482700140737,16.418086323149));
#613 = DIRECTION('',(0.,-0.999309852596,3.714590832131E-02));
#614 = DIRECTION('',(0.,3.714590832131E-02,0.999309852596));
#615 = DEFINITIONAL_REPRESENTATION('',(#616),#620);
#616 = LINE('',#617,#618);
#617 = CARTESIAN_POINT('',(-5.460260546001,-20.5));
#618 = VECTOR('',#619,1.);
#619 = DIRECTION('',(1.109456807087E-16,1.));
#620 = ( GEOMETRIC_REPRESENTATION_CONTEXT(2) 
PARAMETRIC_REPRESENTATION_CONTEXT() REPRESENTATION_CONTEXT('2D SPACE',''
  ) );
#621 = ORIENTED_EDGE('',*,*,#622,.F.);
#622 = EDGE_CURVE('',#623,#595,#625,.T.);
#623 = VERTEX_POINT('',#624);
#624 = CARTESIAN_POINT('',(-22.,59.815543553291,8.504380695355));
#625 = SURFACE_CURVE('',#626,(#631,#638),.PCURVE_S1.);
#626 = CIRCLE('',#627,6.3);
#627 = AXIS2_PLACEMENT_3D('',#628,#629,#630);
#628 = CARTESIAN_POINT('',(-22.,59.269414875369,14.780664903958));
#629 = DIRECTION('',(1.,0.,-1.110223024625E-16));
#630 = DIRECTION('',(-1.110223024625E-16,-0.,-1.));
#631 = PCURVE('',#272,#632);
#632 = DEFINITIONAL_REPRESENTATION('',(#633),#637);
#633 = LINE('',#634,#635);
#634 = CARTESIAN_POINT('',(-0.,10.1));
#635 = VECTOR('',#636,1.);
#636 = DIRECTION('',(-1.,0.));
#637 = ( GEOMETRIC_REPRESENTATION_CONTEXT(2) 
PARAMETRIC_REPRESENTATION_CONTEXT() REPRESENTATION_CONTEXT('2D SPACE',''
  ) );
#638 = PCURVE('',#639,#644);
#639 = PLANE('',#640);
#640 = AXIS2_PLACEMENT_3D('',#641,#642,#643);
#641 = CARTESIAN_POINT('',(-22.,59.815543553291,7.421191986468));
#642 = DIRECTION('',(-1.,0.,-0.));
#643 = DIRECTION('',(0.,0.,-1.));
#644 = DEFINITIONAL_REPRESENTATION('',(#645),#653);
#645 = ( BOUNDED_CURVE() B_SPLINE_CURVE(2,(#646,#647,#648,#649,#650,#651
,#652),.UNSPECIFIED.,.T.,.F.) B_SPLINE_CURVE_WITH_KNOTS((1,2,2,2,2,1),(
    -2.094395102393,0.,2.094395102393,4.188790204786,6.28318530718,
8.377580409573),.UNSPECIFIED.) CURVE() GEOMETRIC_REPRESENTATION_ITEM() 
RATIONAL_B_SPLINE_CURVE((1.,0.5,1.,0.5,1.,0.5,1.)) REPRESENTATION_ITEM(
  '') );
#646 = CARTESIAN_POINT('',(-1.059472917489,0.546128677922));
#647 = CARTESIAN_POINT('',(-1.059472917489,-10.36579140976));
#648 = CARTESIAN_POINT('',(-10.50947291748,-4.90983136592));
#649 = CARTESIAN_POINT('',(-19.95947291748,0.546128677922));
#650 = CARTESIAN_POINT('',(-10.50947291748,6.002088721764));
#651 = CARTESIAN_POINT('',(-1.059472917489,11.458048765606));
#652 = CARTESIAN_POINT('',(-1.059472917489,0.546128677922));
#653 = ( GEOMETRIC_REPRESENTATION_CONTEXT(2) 
PARAMETRIC_REPRESENTATION_CONTEXT() REPRESENTATION_CONTEXT('2D SPACE',''
  ) );
#654 = ORIENTED_EDGE('',*,*,#655,.F.);
#655 = EDGE_CURVE('',#656,#623,#658,.T.);
#656 = VERTEX_POINT('',#657);
#657 = CARTESIAN_POINT('',(-18.1,59.815543553291,8.504380695355));
#658 = SURFACE_CURVE('',#659,(#663,#670),.PCURVE_S1.);
#659 = LINE('',#660,#661);
#660 = CARTESIAN_POINT('',(0.5,59.815543553291,8.504380695355));
#661 = VECTOR('',#662,1.);
#662 = DIRECTION('',(-1.,-0.,1.110223024625E-16));
#663 = PCURVE('',#272,#664);
#664 = DEFINITIONAL_REPRESENTATION('',(#665),#669);
#665 = LINE('',#666,#667);
#666 = CARTESIAN_POINT('',(-6.369981338258,-12.4));
#667 = VECTOR('',#668,1.);
#668 = DIRECTION('',(-0.,1.));
#669 = ( GEOMETRIC_REPRESENTATION_CONTEXT(2) 
PARAMETRIC_REPRESENTATION_CONTEXT() REPRESENTATION_CONTEXT('2D SPACE',''
  ) );
#670 = PCURVE('',#671,#676);
#671 = PLANE('',#672);
#672 = AXIS2_PLACEMENT_3D('',#673,#674,#675);
#673 = CARTESIAN_POINT('',(-15.5,59.815543553291,7.421191986468));
#674 = DIRECTION('',(-0.,1.,0.));
#675 = DIRECTION('',(0.,0.,-1.));
#676 = DEFINITIONAL_REPRESENTATION('',(#677),#681);
#677 = LINE('',#678,#679);
#678 = CARTESIAN_POINT('',(-1.083188708887,-16.));
#679 = VECTOR('',#680,1.);
#680 = DIRECTION('',(-1.110223024625E-16,1.));
#681 = ( GEOMETRIC_REPRESENTATION_CONTEXT(2) 
PARAMETRIC_REPRESENTATION_CONTEXT() REPRESENTATION_CONTEXT('2D SPACE',''
  ) );
#682 = ORIENTED_EDGE('',*,*,#683,.F.);
#683 = EDGE_CURVE('',#288,#656,#684,.T.);
#684 = SURFACE_CURVE('',#685,(#690,#697),.PCURVE_S1.);
#685 = CIRCLE('',#686,6.3);
#686 = AXIS2_PLACEMENT_3D('',#687,#688,#689);
#687 = CARTESIAN_POINT('',(-18.1,59.269414875369,14.780664903958));
#688 = DIRECTION('',(1.,0.,-1.110223024625E-16));
#689 = DIRECTION('',(-1.110223024625E-16,-0.,-1.));
#690 = PCURVE('',#272,#691);
#691 = DEFINITIONAL_REPRESENTATION('',(#692),#696);
#692 = LINE('',#693,#694);
#693 = CARTESIAN_POINT('',(-8.881784197001E-16,6.2));
#694 = VECTOR('',#695,1.);
#695 = DIRECTION('',(-1.,0.));
#696 = ( GEOMETRIC_REPRESENTATION_CONTEXT(2) 
PARAMETRIC_REPRESENTATION_CONTEXT() REPRESENTATION_CONTEXT('2D SPACE',''
  ) );
#697 = PCURVE('',#404,#698);
#698 = DEFINITIONAL_REPRESENTATION('',(#699),#707);
#699 = ( BOUNDED_CURVE() B_SPLINE_CURVE(2,(#700,#701,#702,#703,#704,#705
,#706),.UNSPECIFIED.,.T.,.F.) B_SPLINE_CURVE_WITH_KNOTS((1,2,2,2,2,1),(
    -2.094395102393,0.,2.094395102393,4.188790204786,6.28318530718,
8.377580409573),.UNSPECIFIED.) CURVE() GEOMETRIC_REPRESENTATION_ITEM() 
RATIONAL_B_SPLINE_CURVE((1.,0.5,1.,0.5,1.,0.5,1.)) REPRESENTATION_ITEM(
  '') );
#700 = CARTESIAN_POINT('',(-2.018860229154,-79.78785850261));
#701 = CARTESIAN_POINT('',(-7.398574016833,-89.2814710691));
#702 = CARTESIAN_POINT('',(-12.93042677926,-79.87569598064));
#703 = CARTESIAN_POINT('',(-18.46227954169,-70.46992089217));
#704 = CARTESIAN_POINT('',(-7.550712991584,-70.38208341414));
#705 = CARTESIAN_POINT('',(3.360853558525,-70.29424593612));
#706 = CARTESIAN_POINT('',(-2.018860229154,-79.78785850261));
#707 = ( GEOMETRIC_REPRESENTATION_CONTEXT(2) 
PARAMETRIC_REPRESENTATION_CONTEXT() REPRESENTATION_CONTEXT('2D SPACE',''
  ) );
#708 = ADVANCED_FACE('',(#709),#241,.F.);
#709 = FACE_BOUND('',#710,.T.);
#710 = EDGE_LOOP('',(#711,#712,#713,#736,#764,#787));
#711 = ORIENTED_EDGE('',*,*,#421,.F.);
#712 = ORIENTED_EDGE('',*,*,#225,.T.);
#713 = ORIENTED_EDGE('',*,*,#714,.F.);
#714 = EDGE_CURVE('',#715,#198,#717,.T.);
#715 = VERTEX_POINT('',#716);
#716 = CARTESIAN_POINT('',(-14.,36.,35.207861319485));
#717 = SURFACE_CURVE('',#718,(#722,#729),.PCURVE_S1.);
#718 = LINE('',#719,#720);
#719 = CARTESIAN_POINT('',(-11.95,36.,35.207861319485));
#720 = VECTOR('',#721,1.);
#721 = DIRECTION('',(1.,-0.,-0.));
#722 = PCURVE('',#241,#723);
#723 = DEFINITIONAL_REPRESENTATION('',(#724),#728);
#724 = LINE('',#725,#726);
#725 = CARTESIAN_POINT('',(-5.E-02,41.566107462669));
#726 = VECTOR('',#727,1.);
#727 = DIRECTION('',(1.,-0.));
#728 = ( GEOMETRIC_REPRESENTATION_CONTEXT(2) 
PARAMETRIC_REPRESENTATION_CONTEXT() REPRESENTATION_CONTEXT('2D SPACE',''
  ) );
#729 = PCURVE('',#213,#730);
#730 = DEFINITIONAL_REPRESENTATION('',(#731),#735);
#731 = LINE('',#732,#733);
#732 = CARTESIAN_POINT('',(-1.207861319485,-5.E-02));
#733 = VECTOR('',#734,1.);
#734 = DIRECTION('',(-0.,-1.));
#735 = ( GEOMETRIC_REPRESENTATION_CONTEXT(2) 
PARAMETRIC_REPRESENTATION_CONTEXT() REPRESENTATION_CONTEXT('2D SPACE',''
  ) );
#736 = ORIENTED_EDGE('',*,*,#737,.F.);
#737 = EDGE_CURVE('',#738,#715,#740,.T.);
#738 = VERTEX_POINT('',#739);
#739 = CARTESIAN_POINT('',(-14.,-0.16343567189,55.700474866889));
#740 = SURFACE_CURVE('',#741,(#745,#752),.PCURVE_S1.);
#741 = LINE('',#742,#743);
#742 = CARTESIAN_POINT('',(-14.,-3.773892237569,57.746400254107));
#743 = VECTOR('',#744,1.);
#744 = DIRECTION('',(-0.,0.870022185849,-0.493012571981));
#745 = PCURVE('',#241,#746);
#746 = DEFINITIONAL_REPRESENTATION('',(#747),#751);
#747 = LINE('',#748,#749);
#748 = CARTESIAN_POINT('',(-2.1,-4.149844250418));
#749 = VECTOR('',#750,1.);
#750 = DIRECTION('',(-0.,1.));
#751 = ( GEOMETRIC_REPRESENTATION_CONTEXT(2) 
PARAMETRIC_REPRESENTATION_CONTEXT() REPRESENTATION_CONTEXT('2D SPACE',''
  ) );
#752 = PCURVE('',#753,#758);
#753 = PLANE('',#754);
#754 = AXIS2_PLACEMENT_3D('',#755,#756,#757);
#755 = CARTESIAN_POINT('',(-14.,-22.,34.));
#756 = DIRECTION('',(-1.,0.,-0.));
#757 = DIRECTION('',(0.,0.,-1.));
#758 = DEFINITIONAL_REPRESENTATION('',(#759),#763);
#759 = LINE('',#760,#761);
#760 = CARTESIAN_POINT('',(-23.7464002541,-18.22610776243));
#761 = VECTOR('',#762,1.);
#762 = DIRECTION('',(0.493012571981,-0.870022185849));
#763 = ( GEOMETRIC_REPRESENTATION_CONTEXT(2) 
PARAMETRIC_REPRESENTATION_CONTEXT() REPRESENTATION_CONTEXT('2D SPACE',''
  ) );
#764 = ORIENTED_EDGE('',*,*,#765,.T.);
#765 = EDGE_CURVE('',#738,#766,#768,.T.);
#766 = VERTEX_POINT('',#767);
#767 = CARTESIAN_POINT('',(-18.1,-0.16343567189,55.700474866889));
#768 = SURFACE_CURVE('',#769,(#773,#780),.PCURVE_S1.);
#769 = LINE('',#770,#771);
#770 = CARTESIAN_POINT('',(-11.9,-0.16343567189,55.700474866889));
#771 = VECTOR('',#772,1.);
#772 = DIRECTION('',(-1.,0.,-0.));
#773 = PCURVE('',#241,#774);
#774 = DEFINITIONAL_REPRESENTATION('',(#775),#779);
#775 = LINE('',#776,#777);
#776 = CARTESIAN_POINT('',(0.,-0.));
#777 = VECTOR('',#778,1.);
#778 = DIRECTION('',(-1.,0.));
#779 = ( GEOMETRIC_REPRESENTATION_CONTEXT(2) 
PARAMETRIC_REPRESENTATION_CONTEXT() REPRESENTATION_CONTEXT('2D SPACE',''
  ) );
#780 = PCURVE('',#378,#781);
#781 = DEFINITIONAL_REPRESENTATION('',(#782),#786);
#782 = LINE('',#783,#784);
#783 = CARTESIAN_POINT('',(-2.626043646131,6.085287574782E-16));
#784 = VECTOR('',#785,1.);
#785 = DIRECTION('',(-0.,1.));
#786 = ( GEOMETRIC_REPRESENTATION_CONTEXT(2) 
PARAMETRIC_REPRESENTATION_CONTEXT() REPRESENTATION_CONTEXT('2D SPACE',''
  ) );
#787 = ORIENTED_EDGE('',*,*,#788,.F.);
#788 = EDGE_CURVE('',#422,#766,#789,.T.);
#789 = SURFACE_CURVE('',#790,(#794,#801),.PCURVE_S1.);
#790 = LINE('',#791,#792);
#791 = CARTESIAN_POINT('',(-18.1,-2.251488917926,56.883705039643));
#792 = VECTOR('',#793,1.);
#793 = DIRECTION('',(-0.,-0.870022185849,0.493012571981));
#794 = PCURVE('',#241,#795);
#795 = DEFINITIONAL_REPRESENTATION('',(#796),#800);
#796 = LINE('',#797,#798);
#797 = CARTESIAN_POINT('',(-6.2,-2.4));
#798 = VECTOR('',#799,1.);
#799 = DIRECTION('',(-0.,-1.));
#800 = ( GEOMETRIC_REPRESENTATION_CONTEXT(2) 
PARAMETRIC_REPRESENTATION_CONTEXT() REPRESENTATION_CONTEXT('2D SPACE',''
  ) );
#801 = PCURVE('',#404,#802);
#802 = DEFINITIONAL_REPRESENTATION('',(#803),#807);
#803 = LINE('',#804,#805);
#804 = CARTESIAN_POINT('',(-13.8,-2.4));
#805 = VECTOR('',#806,1.);
#806 = DIRECTION('',(-1.209049612534E-16,1.));
#807 = ( GEOMETRIC_REPRESENTATION_CONTEXT(2) 
PARAMETRIC_REPRESENTATION_CONTEXT() REPRESENTATION_CONTEXT('2D SPACE',''
  ) );
#808 = ADVANCED_FACE('',(#809),#213,.F.);
#809 = FACE_BOUND('',#810,.T.);
#810 = EDGE_LOOP('',(#811,#834,#835,#836));
#811 = ORIENTED_EDGE('',*,*,#812,.F.);
#812 = EDGE_CURVE('',#715,#813,#815,.T.);
#813 = VERTEX_POINT('',#814);
#814 = CARTESIAN_POINT('',(-14.,36.,36.58713649145));
#815 = SURFACE_CURVE('',#816,(#820,#827),.PCURVE_S1.);
#816 = LINE('',#817,#818);
#817 = CARTESIAN_POINT('',(-14.,36.,34.));
#818 = VECTOR('',#819,1.);
#819 = DIRECTION('',(0.,-0.,1.));
#820 = PCURVE('',#213,#821);
#821 = DEFINITIONAL_REPRESENTATION('',(#822),#826);
#822 = LINE('',#823,#824);
#823 = CARTESIAN_POINT('',(-0.,2.));
#824 = VECTOR('',#825,1.);
#825 = DIRECTION('',(-1.,0.));
#826 = ( GEOMETRIC_REPRESENTATION_CONTEXT(2) 
PARAMETRIC_REPRESENTATION_CONTEXT() REPRESENTATION_CONTEXT('2D SPACE',''
  ) );
#827 = PCURVE('',#753,#828);
#828 = DEFINITIONAL_REPRESENTATION('',(#829),#833);
#829 = LINE('',#830,#831);
#830 = CARTESIAN_POINT('',(-0.,-58.));
#831 = VECTOR('',#832,1.);
#832 = DIRECTION('',(-1.,-0.));
#833 = ( GEOMETRIC_REPRESENTATION_CONTEXT(2) 
PARAMETRIC_REPRESENTATION_CONTEXT() REPRESENTATION_CONTEXT('2D SPACE',''
  ) );
#834 = ORIENTED_EDGE('',*,*,#714,.T.);
#835 = ORIENTED_EDGE('',*,*,#197,.T.);
#836 = ORIENTED_EDGE('',*,*,#837,.F.);
#837 = EDGE_CURVE('',#813,#170,#838,.T.);
#838 = SURFACE_CURVE('',#839,(#843,#850),.PCURVE_S1.);
#839 = LINE('',#840,#841);
#840 = CARTESIAN_POINT('',(-12.45,36.,36.58713649145));
#841 = VECTOR('',#842,1.);
#842 = DIRECTION('',(1.,-0.,-0.));
#843 = PCURVE('',#213,#844);
#844 = DEFINITIONAL_REPRESENTATION('',(#845),#849);
#845 = LINE('',#846,#847);
#846 = CARTESIAN_POINT('',(-2.58713649145,0.45));
#847 = VECTOR('',#848,1.);
#848 = DIRECTION('',(-0.,-1.));
#849 = ( GEOMETRIC_REPRESENTATION_CONTEXT(2) 
PARAMETRIC_REPRESENTATION_CONTEXT() REPRESENTATION_CONTEXT('2D SPACE',''
  ) );
#850 = PCURVE('',#185,#851);
#851 = DEFINITIONAL_REPRESENTATION('',(#852),#856);
#852 = LINE('',#853,#854);
#853 = CARTESIAN_POINT('',(0.45,45.686107462669));
#854 = VECTOR('',#855,1.);
#855 = DIRECTION('',(1.,-0.));
#856 = ( GEOMETRIC_REPRESENTATION_CONTEXT(2) 
PARAMETRIC_REPRESENTATION_CONTEXT() REPRESENTATION_CONTEXT('2D SPACE',''
  ) );
#857 = ADVANCED_FACE('',(#858),#185,.T.);
#858 = FACE_BOUND('',#859,.F.);
#859 = EDGE_LOOP('',(#860,#861,#862,#885,#913,#936));
#860 = ORIENTED_EDGE('',*,*,#169,.F.);
#861 = ORIENTED_EDGE('',*,*,#837,.F.);
#862 = ORIENTED_EDGE('',*,*,#863,.F.);
#863 = EDGE_CURVE('',#864,#813,#866,.T.);
#864 = VERTEX_POINT('',#865);
#865 = CARTESIAN_POINT('',(-14.,-3.747927077586,59.110961835415));
#866 = SURFACE_CURVE('',#867,(#871,#878),.PCURVE_S1.);
#867 = LINE('',#868,#869);
#868 = CARTESIAN_POINT('',(-14.,-5.270330397229,59.97365704988));
#869 = VECTOR('',#870,1.);
#870 = DIRECTION('',(-0.,0.870022185849,-0.493012571981));
#871 = PCURVE('',#185,#872);
#872 = DEFINITIONAL_REPRESENTATION('',(#873),#877);
#873 = LINE('',#874,#875);
#874 = CARTESIAN_POINT('',(-1.1,-1.749844250418));
#875 = VECTOR('',#876,1.);
#876 = DIRECTION('',(-0.,1.));
#877 = ( GEOMETRIC_REPRESENTATION_CONTEXT(2) 
PARAMETRIC_REPRESENTATION_CONTEXT() REPRESENTATION_CONTEXT('2D SPACE',''
  ) );
#878 = PCURVE('',#753,#879);
#879 = DEFINITIONAL_REPRESENTATION('',(#880),#884);
#880 = LINE('',#881,#882);
#881 = CARTESIAN_POINT('',(-25.97365704988,-16.72966960277));
#882 = VECTOR('',#883,1.);
#883 = DIRECTION('',(0.493012571981,-0.870022185849));
#884 = ( GEOMETRIC_REPRESENTATION_CONTEXT(2) 
PARAMETRIC_REPRESENTATION_CONTEXT() REPRESENTATION_CONTEXT('2D SPACE',''
  ) );
#885 = ORIENTED_EDGE('',*,*,#886,.T.);
#886 = EDGE_CURVE('',#864,#887,#889,.T.);
#887 = VERTEX_POINT('',#888);
#888 = CARTESIAN_POINT('',(-18.1,-3.747927077586,59.110961835415));
#889 = SURFACE_CURVE('',#890,(#894,#901),.PCURVE_S1.);
#890 = LINE('',#891,#892);
#891 = CARTESIAN_POINT('',(-12.9,-3.747927077586,59.110961835415));
#892 = VECTOR('',#893,1.);
#893 = DIRECTION('',(-1.,0.,-0.));
#894 = PCURVE('',#185,#895);
#895 = DEFINITIONAL_REPRESENTATION('',(#896),#900);
#896 = LINE('',#897,#898);
#897 = CARTESIAN_POINT('',(0.,-0.));
#898 = VECTOR('',#899,1.);
#899 = DIRECTION('',(-1.,0.));
#900 = ( GEOMETRIC_REPRESENTATION_CONTEXT(2) 
PARAMETRIC_REPRESENTATION_CONTEXT() REPRESENTATION_CONTEXT('2D SPACE',''
  ) );
#901 = PCURVE('',#902,#907);
#902 = CYLINDRICAL_SURFACE('',#903,7.5);
#903 = AXIS2_PLACEMENT_3D('',#904,#905,#906);
#904 = CARTESIAN_POINT('',(-12.9,-7.445521367442,52.585795441551));
#905 = DIRECTION('',(-1.,-0.,1.110223024625E-16));
#906 = DIRECTION('',(-1.110223024625E-16,0.,-1.));
#907 = DEFINITIONAL_REPRESENTATION('',(#908),#912);
#908 = LINE('',#909,#910);
#909 = CARTESIAN_POINT('',(-2.626043646131,7.244389969979E-16));
#910 = VECTOR('',#911,1.);
#911 = DIRECTION('',(-0.,1.));
#912 = ( GEOMETRIC_REPRESENTATION_CONTEXT(2) 
PARAMETRIC_REPRESENTATION_CONTEXT() REPRESENTATION_CONTEXT('2D SPACE',''
  ) );
#913 = ORIENTED_EDGE('',*,*,#914,.T.);
#914 = EDGE_CURVE('',#887,#915,#917,.T.);
#915 = VERTEX_POINT('',#916);
#916 = CARTESIAN_POINT('',(-18.1,67.143115657299,18.939370952314));
#917 = SURFACE_CURVE('',#918,(#922,#929),.PCURVE_S1.);
#918 = LINE('',#919,#920);
#919 = CARTESIAN_POINT('',(-18.1,-3.747927077586,59.110961835415));
#920 = VECTOR('',#921,1.);
#921 = DIRECTION('',(-0.,0.870022185849,-0.493012571981));
#922 = PCURVE('',#185,#923);
#923 = DEFINITIONAL_REPRESENTATION('',(#924),#928);
#924 = LINE('',#925,#926);
#925 = CARTESIAN_POINT('',(-5.2,0.));
#926 = VECTOR('',#927,1.);
#927 = DIRECTION('',(-0.,1.));
#928 = ( GEOMETRIC_REPRESENTATION_CONTEXT(2) 
PARAMETRIC_REPRESENTATION_CONTEXT() REPRESENTATION_CONTEXT('2D SPACE',''
  ) );
#929 = PCURVE('',#404,#930);
#930 = DEFINITIONAL_REPRESENTATION('',(#931),#935);
#931 = LINE('',#932,#933);
#932 = CARTESIAN_POINT('',(-15.,3.163492213423E-15));
#933 = VECTOR('',#934,1.);
#934 = DIRECTION('',(-2.398283814618E-17,-1.));
#935 = ( GEOMETRIC_REPRESENTATION_CONTEXT(2) 
PARAMETRIC_REPRESENTATION_CONTEXT() REPRESENTATION_CONTEXT('2D SPACE',''
  ) );
#936 = ORIENTED_EDGE('',*,*,#937,.F.);
#937 = EDGE_CURVE('',#141,#915,#938,.T.);
#938 = SURFACE_CURVE('',#939,(#943,#950),.PCURVE_S1.);
#939 = LINE('',#940,#941);
#940 = CARTESIAN_POINT('',(-12.9,67.143115657299,18.939370952314));
#941 = VECTOR('',#942,1.);
#942 = DIRECTION('',(-1.,0.,-0.));
#943 = PCURVE('',#185,#944);
#944 = DEFINITIONAL_REPRESENTATION('',(#945),#949);
#945 = LINE('',#946,#947);
#946 = CARTESIAN_POINT('',(-0.,81.481879299133));
#947 = VECTOR('',#948,1.);
#948 = DIRECTION('',(-1.,0.));
#949 = ( GEOMETRIC_REPRESENTATION_CONTEXT(2) 
PARAMETRIC_REPRESENTATION_CONTEXT() REPRESENTATION_CONTEXT('2D SPACE',''
  ) );
#950 = PCURVE('',#157,#951);
#951 = DEFINITIONAL_REPRESENTATION('',(#952),#956);
#952 = LINE('',#953,#954);
#953 = CARTESIAN_POINT('',(-8.90922895331,7.244389969979E-16));
#954 = VECTOR('',#955,1.);
#955 = DIRECTION('',(-0.,1.));
#956 = ( GEOMETRIC_REPRESENTATION_CONTEXT(2) 
PARAMETRIC_REPRESENTATION_CONTEXT() REPRESENTATION_CONTEXT('2D SPACE',''
  ) );
#957 = ADVANCED_FACE('',(#958),#157,.T.);
#958 = FACE_BOUND('',#959,.F.);
#959 = EDGE_LOOP('',(#960,#961,#962,#986));
#960 = ORIENTED_EDGE('',*,*,#140,.F.);
#961 = ORIENTED_EDGE('',*,*,#937,.T.);
#962 = ORIENTED_EDGE('',*,*,#963,.T.);
#963 = EDGE_CURVE('',#915,#964,#966,.T.);
#964 = VERTEX_POINT('',#965);
#965 = CARTESIAN_POINT('',(-18.1,67.332419858832,6.));
#966 = SURFACE_CURVE('',#967,(#972,#979),.PCURVE_S1.);
#967 = CIRCLE('',#968,7.5);
#968 = AXIS2_PLACEMENT_3D('',#969,#970,#971);
#969 = CARTESIAN_POINT('',(-18.1,63.445521367442,12.414204558449));
#970 = DIRECTION('',(-1.,-0.,0.));
#971 = DIRECTION('',(-0.,0.493012571981,0.870022185849));
#972 = PCURVE('',#157,#973);
#973 = DEFINITIONAL_REPRESENTATION('',(#974),#978);
#974 = LINE('',#975,#976);
#975 = CARTESIAN_POINT('',(-8.90922895331,5.2));
#976 = VECTOR('',#977,1.);
#977 = DIRECTION('',(1.,-0.));
#978 = ( GEOMETRIC_REPRESENTATION_CONTEXT(2) 
PARAMETRIC_REPRESENTATION_CONTEXT() REPRESENTATION_CONTEXT('2D SPACE',''
  ) );
#979 = PCURVE('',#404,#980);
#980 = DEFINITIONAL_REPRESENTATION('',(#981),#985);
#981 = CIRCLE('',#982,7.5);
#982 = AXIS2_PLACEMENT_2D('',#983,#984);
#983 = CARTESIAN_POINT('',(-7.5,-81.48187929913));
#984 = DIRECTION('',(-1.,-7.988116743429E-16));
#985 = ( GEOMETRIC_REPRESENTATION_CONTEXT(2) 
PARAMETRIC_REPRESENTATION_CONTEXT() REPRESENTATION_CONTEXT('2D SPACE',''
  ) );
#986 = ORIENTED_EDGE('',*,*,#987,.F.);
#987 = EDGE_CURVE('',#113,#964,#988,.T.);
#988 = SURFACE_CURVE('',#989,(#993,#1000),.PCURVE_S1.);
#989 = LINE('',#990,#991);
#990 = CARTESIAN_POINT('',(-12.9,67.332419858832,6.));
#991 = VECTOR('',#992,1.);
#992 = DIRECTION('',(-1.,-0.,1.110223024625E-16));
#993 = PCURVE('',#157,#994);
#994 = DEFINITIONAL_REPRESENTATION('',(#995),#999);
#995 = LINE('',#996,#997);
#996 = CARTESIAN_POINT('',(-6.82799241347,-7.121197585446E-16));
#997 = VECTOR('',#998,1.);
#998 = DIRECTION('',(-0.,1.));
#999 = ( GEOMETRIC_REPRESENTATION_CONTEXT(2) 
PARAMETRIC_REPRESENTATION_CONTEXT() REPRESENTATION_CONTEXT('2D SPACE',''
  ) );
#1000 = PCURVE('',#128,#1001);
#1001 = DEFINITIONAL_REPRESENTATION('',(#1002),#1006);
#1002 = LINE('',#1003,#1004);
#1003 = CARTESIAN_POINT('',(-52.9,252.33241985883));
#1004 = VECTOR('',#1005,1.);
#1005 = DIRECTION('',(-1.,0.));
#1006 = ( GEOMETRIC_REPRESENTATION_CONTEXT(2) 
PARAMETRIC_REPRESENTATION_CONTEXT() REPRESENTATION_CONTEXT('2D SPACE',''
  ) );
#1007 = ADVANCED_FACE('',(#1008),#128,.F.);
#1008 = FACE_BOUND('',#1009,.T.);
#1009 = EDGE_LOOP('',(#1010,#1011,#1012,#1035));
#1010 = ORIENTED_EDGE('',*,*,#987,.F.);
#1011 = ORIENTED_EDGE('',*,*,#112,.T.);
#1012 = ORIENTED_EDGE('',*,*,#1013,.T.);
#1013 = EDGE_CURVE('',#85,#1014,#1016,.T.);
#1014 = VERTEX_POINT('',#1015);
#1015 = CARTESIAN_POINT('',(-18.1,59.552112073912,6.));
#1016 = SURFACE_CURVE('',#1017,(#1021,#1028),.PCURVE_S1.);
#1017 = LINE('',#1018,#1019);
#1018 = CARTESIAN_POINT('',(13.55,59.552112073912,6.));
#1019 = VECTOR('',#1020,1.);
#1020 = DIRECTION('',(-1.,-0.,-0.));
#1021 = PCURVE('',#128,#1022);
#1022 = DEFINITIONAL_REPRESENTATION('',(#1023),#1027);
#1023 = LINE('',#1024,#1025);
#1024 = CARTESIAN_POINT('',(-26.45,244.55211207391));
#1025 = VECTOR('',#1026,1.);
#1026 = DIRECTION('',(-1.,0.));
#1027 = ( GEOMETRIC_REPRESENTATION_CONTEXT(2) 
PARAMETRIC_REPRESENTATION_CONTEXT() REPRESENTATION_CONTEXT('2D SPACE',''
  ) );
#1028 = PCURVE('',#100,#1029);
#1029 = DEFINITIONAL_REPRESENTATION('',(#1030),#1034);
#1030 = LINE('',#1031,#1032);
#1031 = CARTESIAN_POINT('',(26.45,81.256810321745));
#1032 = VECTOR('',#1033,1.);
#1033 = DIRECTION('',(-1.,0.));
#1034 = ( GEOMETRIC_REPRESENTATION_CONTEXT(2) 
PARAMETRIC_REPRESENTATION_CONTEXT() REPRESENTATION_CONTEXT('2D SPACE',''
  ) );
#1035 = ORIENTED_EDGE('',*,*,#1036,.F.);
#1036 = EDGE_CURVE('',#964,#1014,#1037,.T.);
#1037 = SURFACE_CURVE('',#1038,(#1042,#1049),.PCURVE_S1.);
#1038 = LINE('',#1039,#1040);
#1039 = CARTESIAN_POINT('',(-18.1,-98.07155782865,6.));
#1040 = VECTOR('',#1041,1.);
#1041 = DIRECTION('',(-0.,-1.,-0.));
#1042 = PCURVE('',#128,#1043);
#1043 = DEFINITIONAL_REPRESENTATION('',(#1044),#1048);
#1044 = LINE('',#1045,#1046);
#1045 = CARTESIAN_POINT('',(-58.1,86.92844217135));
#1046 = VECTOR('',#1047,1.);
#1047 = DIRECTION('',(-0.,-1.));
#1048 = ( GEOMETRIC_REPRESENTATION_CONTEXT(2) 
PARAMETRIC_REPRESENTATION_CONTEXT() REPRESENTATION_CONTEXT('2D SPACE',''
  ) );
#1049 = PCURVE('',#404,#1050);
#1050 = DEFINITIONAL_REPRESENTATION('',(#1051),#1055);
#1051 = LINE('',#1052,#1053);
#1052 = CARTESIAN_POINT('',(77.710450903727,55.879279508361));
#1053 = VECTOR('',#1054,1.);
#1054 = DIRECTION('',(0.493012571981,0.870022185849));
#1055 = ( GEOMETRIC_REPRESENTATION_CONTEXT(2) 
PARAMETRIC_REPRESENTATION_CONTEXT() REPRESENTATION_CONTEXT('2D SPACE',''
  ) );
#1056 = ADVANCED_FACE('',(#1057),#100,.F.);
#1057 = FACE_BOUND('',#1058,.T.);
#1058 = EDGE_LOOP('',(#1059,#1060,#1083,#1106,#1129,#1150));
#1059 = ORIENTED_EDGE('',*,*,#84,.F.);
#1060 = ORIENTED_EDGE('',*,*,#1061,.T.);
#1061 = EDGE_CURVE('',#57,#1062,#1064,.T.);
#1062 = VERTEX_POINT('',#1063);
#1063 = CARTESIAN_POINT('',(-14.,10.140347368029,34.));
#1064 = SURFACE_CURVE('',#1065,(#1069,#1076),.PCURVE_S1.);
#1065 = LINE('',#1066,#1067);
#1066 = CARTESIAN_POINT('',(-12.45,10.140347368029,34.));
#1067 = VECTOR('',#1068,1.);
#1068 = DIRECTION('',(-1.,-0.,-0.));
#1069 = PCURVE('',#100,#1070);
#1070 = DEFINITIONAL_REPRESENTATION('',(#1071),#1075);
#1071 = LINE('',#1072,#1073);
#1072 = CARTESIAN_POINT('',(0.45,24.463126770231));
#1073 = VECTOR('',#1074,1.);
#1074 = DIRECTION('',(-1.,0.));
#1075 = ( GEOMETRIC_REPRESENTATION_CONTEXT(2) 
PARAMETRIC_REPRESENTATION_CONTEXT() REPRESENTATION_CONTEXT('2D SPACE',''
  ) );
#1076 = PCURVE('',#72,#1077);
#1077 = DEFINITIONAL_REPRESENTATION('',(#1078),#1082);
#1078 = LINE('',#1079,#1080);
#1079 = CARTESIAN_POINT('',(-0.45,32.140347368029));
#1080 = VECTOR('',#1081,1.);
#1081 = DIRECTION('',(-1.,0.));
#1082 = ( GEOMETRIC_REPRESENTATION_CONTEXT(2) 
PARAMETRIC_REPRESENTATION_CONTEXT() REPRESENTATION_CONTEXT('2D SPACE',''
  ) );
#1083 = ORIENTED_EDGE('',*,*,#1084,.F.);
#1084 = EDGE_CURVE('',#1085,#1062,#1087,.T.);
#1085 = VERTEX_POINT('',#1086);
#1086 = CARTESIAN_POINT('',(-14.,-11.14311565729,46.060629047686));
#1087 = SURFACE_CURVE('',#1088,(#1092,#1099),.PCURVE_S1.);
#1088 = LINE('',#1089,#1090);
#1089 = CARTESIAN_POINT('',(-14.,-12.66551897694,46.92332426215));
#1090 = VECTOR('',#1091,1.);
#1091 = DIRECTION('',(-0.,0.870022185849,-0.493012571981));
#1092 = PCURVE('',#100,#1093);
#1093 = DEFINITIONAL_REPRESENTATION('',(#1094),#1098);
#1094 = LINE('',#1095,#1096);
#1095 = CARTESIAN_POINT('',(-1.1,-1.749844250418));
#1096 = VECTOR('',#1097,1.);
#1097 = DIRECTION('',(-0.,1.));
#1098 = ( GEOMETRIC_REPRESENTATION_CONTEXT(2) 
PARAMETRIC_REPRESENTATION_CONTEXT() REPRESENTATION_CONTEXT('2D SPACE',''
  ) );
#1099 = PCURVE('',#350,#1100);
#1100 = DEFINITIONAL_REPRESENTATION('',(#1101),#1105);
#1101 = LINE('',#1102,#1103);
#1102 = CARTESIAN_POINT('',(-12.92332426215,-9.334481023058));
#1103 = VECTOR('',#1104,1.);
#1104 = DIRECTION('',(0.493012571981,-0.870022185849));
#1105 = ( GEOMETRIC_REPRESENTATION_CONTEXT(2) 
PARAMETRIC_REPRESENTATION_CONTEXT() REPRESENTATION_CONTEXT('2D SPACE',''
  ) );
#1106 = ORIENTED_EDGE('',*,*,#1107,.T.);
#1107 = EDGE_CURVE('',#1085,#1108,#1110,.T.);
#1108 = VERTEX_POINT('',#1109);
#1109 = CARTESIAN_POINT('',(-18.1,-11.14311565729,46.060629047686));
#1110 = SURFACE_CURVE('',#1111,(#1115,#1122),.PCURVE_S1.);
#1111 = LINE('',#1112,#1113);
#1112 = CARTESIAN_POINT('',(-12.9,-11.14311565729,46.060629047686));
#1113 = VECTOR('',#1114,1.);
#1114 = DIRECTION('',(-1.,0.,-0.));
#1115 = PCURVE('',#100,#1116);
#1116 = DEFINITIONAL_REPRESENTATION('',(#1117),#1121);
#1117 = LINE('',#1118,#1119);
#1118 = CARTESIAN_POINT('',(0.,-0.));
#1119 = VECTOR('',#1120,1.);
#1120 = DIRECTION('',(-1.,0.));
#1121 = ( GEOMETRIC_REPRESENTATION_CONTEXT(2) 
PARAMETRIC_REPRESENTATION_CONTEXT() REPRESENTATION_CONTEXT('2D SPACE',''
  ) );
#1122 = PCURVE('',#902,#1123);
#1123 = DEFINITIONAL_REPRESENTATION('',(#1124),#1128);
#1124 = LINE('',#1125,#1126);
#1125 = CARTESIAN_POINT('',(-5.767636299721,-7.244389969979E-16));
#1126 = VECTOR('',#1127,1.);
#1127 = DIRECTION('',(-0.,1.));
#1128 = ( GEOMETRIC_REPRESENTATION_CONTEXT(2) 
PARAMETRIC_REPRESENTATION_CONTEXT() REPRESENTATION_CONTEXT('2D SPACE',''
  ) );
#1129 = ORIENTED_EDGE('',*,*,#1130,.T.);
#1130 = EDGE_CURVE('',#1108,#1014,#1131,.T.);
#1131 = SURFACE_CURVE('',#1132,(#1136,#1143),.PCURVE_S1.);
#1132 = LINE('',#1133,#1134);
#1133 = CARTESIAN_POINT('',(-18.1,-11.14311565729,46.060629047686));
#1134 = VECTOR('',#1135,1.);
#1135 = DIRECTION('',(-0.,0.870022185849,-0.493012571981));
#1136 = PCURVE('',#100,#1137);
#1137 = DEFINITIONAL_REPRESENTATION('',(#1138),#1142);
#1138 = LINE('',#1139,#1140);
#1139 = CARTESIAN_POINT('',(-5.2,0.));
#1140 = VECTOR('',#1141,1.);
#1141 = DIRECTION('',(-0.,1.));
#1142 = ( GEOMETRIC_REPRESENTATION_CONTEXT(2) 
PARAMETRIC_REPRESENTATION_CONTEXT() REPRESENTATION_CONTEXT('2D SPACE',''
  ) );
#1143 = PCURVE('',#404,#1144);
#1144 = DEFINITIONAL_REPRESENTATION('',(#1145),#1149);
#1145 = LINE('',#1146,#1147);
#1146 = CARTESIAN_POINT('',(-0.,0.));
#1147 = VECTOR('',#1148,1.);
#1148 = DIRECTION('',(-2.398283814618E-17,-1.));
#1149 = ( GEOMETRIC_REPRESENTATION_CONTEXT(2) 
PARAMETRIC_REPRESENTATION_CONTEXT() REPRESENTATION_CONTEXT('2D SPACE',''
  ) );
#1150 = ORIENTED_EDGE('',*,*,#1013,.F.);
#1151 = ADVANCED_FACE('',(#1152),#72,.T.);
#1152 = FACE_BOUND('',#1153,.F.);
#1153 = EDGE_LOOP('',(#1154,#1175,#1176,#1177));
#1154 = ORIENTED_EDGE('',*,*,#1155,.T.);
#1155 = EDGE_CURVE('',#1062,#312,#1156,.T.);
#1156 = SURFACE_CURVE('',#1157,(#1161,#1168),.PCURVE_S1.);
#1157 = LINE('',#1158,#1159);
#1158 = CARTESIAN_POINT('',(-14.,-22.,34.));
#1159 = VECTOR('',#1160,1.);
#1160 = DIRECTION('',(-0.,1.,0.));
#1161 = PCURVE('',#72,#1162);
#1162 = DEFINITIONAL_REPRESENTATION('',(#1163),#1167);
#1163 = LINE('',#1164,#1165);
#1164 = CARTESIAN_POINT('',(-2.,0.));
#1165 = VECTOR('',#1166,1.);
#1166 = DIRECTION('',(-0.,1.));
#1167 = ( GEOMETRIC_REPRESENTATION_CONTEXT(2) 
PARAMETRIC_REPRESENTATION_CONTEXT() REPRESENTATION_CONTEXT('2D SPACE',''
  ) );
#1168 = PCURVE('',#350,#1169);
#1169 = DEFINITIONAL_REPRESENTATION('',(#1170),#1174);
#1170 = LINE('',#1171,#1172);
#1171 = CARTESIAN_POINT('',(-0.,-0.));
#1172 = VECTOR('',#1173,1.);
#1173 = DIRECTION('',(-0.,-1.));
#1174 = ( GEOMETRIC_REPRESENTATION_CONTEXT(2) 
PARAMETRIC_REPRESENTATION_CONTEXT() REPRESENTATION_CONTEXT('2D SPACE',''
  ) );
#1175 = ORIENTED_EDGE('',*,*,#311,.F.);
#1176 = ORIENTED_EDGE('',*,*,#56,.T.);
#1177 = ORIENTED_EDGE('',*,*,#1061,.T.);
#1178 = ADVANCED_FACE('',(#1179,#1211),#404,.T.);
#1179 = FACE_BOUND('',#1180,.F.);
#1180 = EDGE_LOOP('',(#1181,#1207,#1208,#1209,#1210));
#1181 = ORIENTED_EDGE('',*,*,#1182,.T.);
#1182 = EDGE_CURVE('',#887,#1108,#1183,.T.);
#1183 = SURFACE_CURVE('',#1184,(#1189,#1200),.PCURVE_S1.);
#1184 = CIRCLE('',#1185,7.5);
#1185 = AXIS2_PLACEMENT_3D('',#1186,#1187,#1188);
#1186 = CARTESIAN_POINT('',(-18.1,-7.445521367442,52.585795441551));
#1187 = DIRECTION('',(1.,0.,-1.110223024625E-16));
#1188 = DIRECTION('',(-1.110223024625E-16,0.,-1.));
#1189 = PCURVE('',#404,#1190);
#1190 = DEFINITIONAL_REPRESENTATION('',(#1191),#1199);
#1191 = ( BOUNDED_CURVE() B_SPLINE_CURVE(2,(#1192,#1193,#1194,#1195,
#1196,#1197,#1198),.UNSPECIFIED.,.T.,.F.) B_SPLINE_CURVE_WITH_KNOTS((1,2
    ,2,2,2,1),(-2.094395102393,0.,2.094395102393,4.188790204786,
6.28318530718,8.377580409573),.UNSPECIFIED.) CURVE() 
GEOMETRIC_REPRESENTATION_ITEM() RATIONAL_B_SPLINE_CURVE((1.,0.5,1.,0.5,
1.,0.5,1.)) REPRESENTATION_ITEM('') );
#1192 = CARTESIAN_POINT('',(-0.974833606135,-3.697594289857));
#1193 = CARTESIAN_POINT('',(-7.379254781944,-14.99951401187));
#1194 = CARTESIAN_POINT('',(-13.96479378483,-3.802162716079));
#1195 = CARTESIAN_POINT('',(-20.55033278772,7.395188579713));
#1196 = CARTESIAN_POINT('',(-7.560372609028,7.499757005936));
#1197 = CARTESIAN_POINT('',(5.429587569673,7.604325432158));
#1198 = CARTESIAN_POINT('',(-0.974833606135,-3.697594289857));
#1199 = ( GEOMETRIC_REPRESENTATION_CONTEXT(2) 
PARAMETRIC_REPRESENTATION_CONTEXT() REPRESENTATION_CONTEXT('2D SPACE',''
  ) );
#1200 = PCURVE('',#902,#1201);
#1201 = DEFINITIONAL_REPRESENTATION('',(#1202),#1206);
#1202 = LINE('',#1203,#1204);
#1203 = CARTESIAN_POINT('',(-0.,5.2));
#1204 = VECTOR('',#1205,1.);
#1205 = DIRECTION('',(-1.,0.));
#1206 = ( GEOMETRIC_REPRESENTATION_CONTEXT(2) 
PARAMETRIC_REPRESENTATION_CONTEXT() REPRESENTATION_CONTEXT('2D SPACE',''
  ) );
#1207 = ORIENTED_EDGE('',*,*,#1130,.T.);
#1208 = ORIENTED_EDGE('',*,*,#1036,.F.);
#1209 = ORIENTED_EDGE('',*,*,#963,.F.);
#1210 = ORIENTED_EDGE('',*,*,#914,.F.);
#1211 = FACE_BOUND('',#1212,.F.);
#1212 = EDGE_LOOP('',(#1213,#1214,#1215,#1243,#1271,#1299,#1327,#1355,
    #1381,#1382,#1383,#1406,#1434,#1462));
#1213 = ORIENTED_EDGE('',*,*,#683,.F.);
#1214 = ORIENTED_EDGE('',*,*,#390,.T.);
#1215 = ORIENTED_EDGE('',*,*,#1216,.F.);
#1216 = EDGE_CURVE('',#1217,#363,#1219,.T.);
#1217 = VERTEX_POINT('',#1218);
#1218 = CARTESIAN_POINT('',(-18.1,-9.352068152644,48.578808013532));
#1219 = SURFACE_CURVE('',#1220,(#1225,#1236),.PCURVE_S1.);
#1220 = CIRCLE('',#1221,6.3);
#1221 = AXIS2_PLACEMENT_3D('',#1222,#1223,#1224);
#1222 = CARTESIAN_POINT('',(-18.1,-3.269414875369,50.219335096042));
#1223 = DIRECTION('',(1.,0.,-1.110223024625E-16));
#1224 = DIRECTION('',(-1.110223024625E-16,-0.,-1.));
#1225 = PCURVE('',#404,#1226);
#1226 = DEFINITIONAL_REPRESENTATION('',(#1227),#1235);
#1227 = ( BOUNDED_CURVE() B_SPLINE_CURVE(2,(#1228,#1229,#1230,#1231,
#1232,#1233,#1234),.UNSPECIFIED.,.T.,.F.) B_SPLINE_CURVE_WITH_KNOTS((1,2
    ,2,2,2,1),(-2.094395102393,0.,2.094395102393,4.188790204786,
6.28318530718,8.377580409573),.UNSPECIFIED.) CURVE() 
GEOMETRIC_REPRESENTATION_ITEM() RATIONAL_B_SPLINE_CURVE((1.,0.5,1.,0.5,
1.,0.5,1.)) REPRESENTATION_ITEM('') );
#1228 = CARTESIAN_POINT('',(-2.018860229154,-7.90597920348));
#1229 = CARTESIAN_POINT('',(-7.398574016833,-17.39959176997));
#1230 = CARTESIAN_POINT('',(-12.93042677926,-7.993816681506));
#1231 = CARTESIAN_POINT('',(-18.46227954169,1.411958406959));
#1232 = CARTESIAN_POINT('',(-7.550712991584,1.499795884986));
#1233 = CARTESIAN_POINT('',(3.360853558525,1.587633363013));
#1234 = CARTESIAN_POINT('',(-2.018860229154,-7.90597920348));
#1235 = ( GEOMETRIC_REPRESENTATION_CONTEXT(2) 
PARAMETRIC_REPRESENTATION_CONTEXT() REPRESENTATION_CONTEXT('2D SPACE',''
  ) );
#1236 = PCURVE('',#378,#1237);
#1237 = DEFINITIONAL_REPRESENTATION('',(#1238),#1242);
#1238 = LINE('',#1239,#1240);
#1239 = CARTESIAN_POINT('',(-0.,6.2));
#1240 = VECTOR('',#1241,1.);
#1241 = DIRECTION('',(-1.,0.));
#1242 = ( GEOMETRIC_REPRESENTATION_CONTEXT(2) 
PARAMETRIC_REPRESENTATION_CONTEXT() REPRESENTATION_CONTEXT('2D SPACE',''
  ) );
#1243 = ORIENTED_EDGE('',*,*,#1244,.T.);
#1244 = EDGE_CURVE('',#1217,#1245,#1247,.T.);
#1245 = VERTEX_POINT('',#1246);
#1246 = CARTESIAN_POINT('',(-18.1,-12.81554355329,48.578808013532));
#1247 = SURFACE_CURVE('',#1248,(#1252,#1259),.PCURVE_S1.);
#1248 = LINE('',#1249,#1250);
#1249 = CARTESIAN_POINT('',(-18.1,-11.97932960529,48.578808013532));
#1250 = VECTOR('',#1251,1.);
#1251 = DIRECTION('',(-0.,-1.,-0.));
#1252 = PCURVE('',#404,#1253);
#1253 = DEFINITIONAL_REPRESENTATION('',(#1254),#1258);
#1254 = LINE('',#1255,#1256);
#1255 = CARTESIAN_POINT('',(-1.778607578995,1.969018575532));
#1256 = VECTOR('',#1257,1.);
#1257 = DIRECTION('',(0.493012571981,0.870022185849));
#1258 = ( GEOMETRIC_REPRESENTATION_CONTEXT(2) 
PARAMETRIC_REPRESENTATION_CONTEXT() REPRESENTATION_CONTEXT('2D SPACE',''
  ) );
#1259 = PCURVE('',#1260,#1265);
#1260 = PLANE('',#1261);
#1261 = AXIS2_PLACEMENT_3D('',#1262,#1263,#1264);
#1262 = CARTESIAN_POINT('',(-15.5,-12.81554355329,48.578808013532));
#1263 = DIRECTION('',(0.,-0.,1.));
#1264 = DIRECTION('',(1.,0.,0.));
#1265 = DEFINITIONAL_REPRESENTATION('',(#1266),#1270);
#1266 = LINE('',#1267,#1268);
#1267 = CARTESIAN_POINT('',(-2.6,0.836213947996));
#1268 = VECTOR('',#1269,1.);
#1269 = DIRECTION('',(-0.,-1.));
#1270 = ( GEOMETRIC_REPRESENTATION_CONTEXT(2) 
PARAMETRIC_REPRESENTATION_CONTEXT() REPRESENTATION_CONTEXT('2D SPACE',''
  ) );
#1271 = ORIENTED_EDGE('',*,*,#1272,.T.);
#1272 = EDGE_CURVE('',#1245,#1273,#1275,.T.);
#1273 = VERTEX_POINT('',#1274);
#1274 = CARTESIAN_POINT('',(-18.1,-12.81554355329,57.578808013532));
#1275 = SURFACE_CURVE('',#1276,(#1280,#1287),.PCURVE_S1.);
#1276 = LINE('',#1277,#1278);
#1277 = CARTESIAN_POINT('',(-18.1,-12.81554355329,47.319718530609));
#1278 = VECTOR('',#1279,1.);
#1279 = DIRECTION('',(-0.,-0.,1.));
#1280 = PCURVE('',#404,#1281);
#1281 = DEFINITIONAL_REPRESENTATION('',(#1282),#1286);
#1282 = LINE('',#1283,#1284);
#1283 = CARTESIAN_POINT('',(-0.270907805656,2.075796318075));
#1284 = VECTOR('',#1285,1.);
#1285 = DIRECTION('',(-0.870022185849,0.493012571981));
#1286 = ( GEOMETRIC_REPRESENTATION_CONTEXT(2) 
PARAMETRIC_REPRESENTATION_CONTEXT() REPRESENTATION_CONTEXT('2D SPACE',''
  ) );
#1287 = PCURVE('',#1288,#1293);
#1288 = PLANE('',#1289);
#1289 = AXIS2_PLACEMENT_3D('',#1290,#1291,#1292);
#1290 = CARTESIAN_POINT('',(-15.5,-12.81554355329,48.578808013532));
#1291 = DIRECTION('',(-0.,1.,0.));
#1292 = DIRECTION('',(0.,0.,-1.));
#1293 = DEFINITIONAL_REPRESENTATION('',(#1294),#1298);
#1294 = LINE('',#1295,#1296);
#1295 = CARTESIAN_POINT('',(1.259089482923,2.6));
#1296 = VECTOR('',#1297,1.);
#1297 = DIRECTION('',(-1.,-0.));
#1298 = ( GEOMETRIC_REPRESENTATION_CONTEXT(2) 
PARAMETRIC_REPRESENTATION_CONTEXT() REPRESENTATION_CONTEXT('2D SPACE',''
  ) );
#1299 = ORIENTED_EDGE('',*,*,#1300,.F.);
#1300 = EDGE_CURVE('',#1301,#1273,#1303,.T.);
#1301 = VERTEX_POINT('',#1302);
#1302 = CARTESIAN_POINT('',(-18.1,-3.815543553291,57.578808013532));
#1303 = SURFACE_CURVE('',#1304,(#1308,#1315),.PCURVE_S1.);
#1304 = LINE('',#1305,#1306);
#1305 = CARTESIAN_POINT('',(-18.1,-11.97932960529,57.578808013532));
#1306 = VECTOR('',#1307,1.);
#1307 = DIRECTION('',(-0.,-1.,-0.));
#1308 = PCURVE('',#404,#1309);
#1309 = DEFINITIONAL_REPRESENTATION('',(#1310),#1314);
#1310 = LINE('',#1311,#1312);
#1311 = CARTESIAN_POINT('',(-9.608807251633,6.40613172336));
#1312 = VECTOR('',#1313,1.);
#1313 = DIRECTION('',(0.493012571981,0.870022185849));
#1314 = ( GEOMETRIC_REPRESENTATION_CONTEXT(2) 
PARAMETRIC_REPRESENTATION_CONTEXT() REPRESENTATION_CONTEXT('2D SPACE',''
  ) );
#1315 = PCURVE('',#1316,#1321);
#1316 = PLANE('',#1317);
#1317 = AXIS2_PLACEMENT_3D('',#1318,#1319,#1320);
#1318 = CARTESIAN_POINT('',(-15.5,-12.81554355329,57.578808013532));
#1319 = DIRECTION('',(0.,-0.,1.));
#1320 = DIRECTION('',(1.,0.,0.));
#1321 = DEFINITIONAL_REPRESENTATION('',(#1322),#1326);
#1322 = LINE('',#1323,#1324);
#1323 = CARTESIAN_POINT('',(-2.6,0.836213947996));
#1324 = VECTOR('',#1325,1.);
#1325 = DIRECTION('',(-0.,-1.));
#1326 = ( GEOMETRIC_REPRESENTATION_CONTEXT(2) 
PARAMETRIC_REPRESENTATION_CONTEXT() REPRESENTATION_CONTEXT('2D SPACE',''
  ) );
#1327 = ORIENTED_EDGE('',*,*,#1328,.F.);
#1328 = EDGE_CURVE('',#1329,#1301,#1331,.T.);
#1329 = VERTEX_POINT('',#1330);
#1330 = CARTESIAN_POINT('',(-18.1,-3.815543553291,56.495619304645));
#1331 = SURFACE_CURVE('',#1332,(#1336,#1343),.PCURVE_S1.);
#1332 = LINE('',#1333,#1334);
#1333 = CARTESIAN_POINT('',(-18.1,-3.815543553291,47.319718530609));
#1334 = VECTOR('',#1335,1.);
#1335 = DIRECTION('',(-0.,-0.,1.));
#1336 = PCURVE('',#404,#1337);
#1337 = DEFINITIONAL_REPRESENTATION('',(#1338),#1342);
#1338 = LINE('',#1339,#1340);
#1339 = CARTESIAN_POINT('',(-4.708020953484,-5.754403354563));
#1340 = VECTOR('',#1341,1.);
#1341 = DIRECTION('',(-0.870022185849,0.493012571981));
#1342 = ( GEOMETRIC_REPRESENTATION_CONTEXT(2) 
PARAMETRIC_REPRESENTATION_CONTEXT() REPRESENTATION_CONTEXT('2D SPACE',''
  ) );
#1343 = PCURVE('',#1344,#1349);
#1344 = PLANE('',#1345);
#1345 = AXIS2_PLACEMENT_3D('',#1346,#1347,#1348);
#1346 = CARTESIAN_POINT('',(-15.5,-3.815543553291,48.578808013532));
#1347 = DIRECTION('',(-0.,1.,0.));
#1348 = DIRECTION('',(0.,0.,-1.));
#1349 = DEFINITIONAL_REPRESENTATION('',(#1350),#1354);
#1350 = LINE('',#1351,#1352);
#1351 = CARTESIAN_POINT('',(1.259089482923,2.6));
#1352 = VECTOR('',#1353,1.);
#1353 = DIRECTION('',(-1.,-0.));
#1354 = ( GEOMETRIC_REPRESENTATION_CONTEXT(2) 
PARAMETRIC_REPRESENTATION_CONTEXT() REPRESENTATION_CONTEXT('2D SPACE',''
  ) );
#1355 = ORIENTED_EDGE('',*,*,#1356,.F.);
#1356 = EDGE_CURVE('',#766,#1329,#1357,.T.);
#1357 = SURFACE_CURVE('',#1358,(#1363,#1374),.PCURVE_S1.);
#1358 = CIRCLE('',#1359,6.3);
#1359 = AXIS2_PLACEMENT_3D('',#1360,#1361,#1362);
#1360 = CARTESIAN_POINT('',(-18.1,-3.269414875369,50.219335096042));
#1361 = DIRECTION('',(1.,0.,-1.110223024625E-16));
#1362 = DIRECTION('',(-1.110223024625E-16,-0.,-1.));
#1363 = PCURVE('',#404,#1364);
#1364 = DEFINITIONAL_REPRESENTATION('',(#1365),#1373);
#1365 = ( BOUNDED_CURVE() B_SPLINE_CURVE(2,(#1366,#1367,#1368,#1369,
#1370,#1371,#1372),.UNSPECIFIED.,.T.,.F.) B_SPLINE_CURVE_WITH_KNOTS((1,2
    ,2,2,2,1),(-2.094395102393,0.,2.094395102393,4.188790204786,
6.28318530718,8.377580409573),.UNSPECIFIED.) CURVE() 
GEOMETRIC_REPRESENTATION_ITEM() RATIONAL_B_SPLINE_CURVE((1.,0.5,1.,0.5,
1.,0.5,1.)) REPRESENTATION_ITEM('') );
#1366 = CARTESIAN_POINT('',(-2.018860229154,-7.90597920348));
#1367 = CARTESIAN_POINT('',(-7.398574016833,-17.39959176997));
#1368 = CARTESIAN_POINT('',(-12.93042677926,-7.993816681506));
#1369 = CARTESIAN_POINT('',(-18.46227954169,1.411958406959));
#1370 = CARTESIAN_POINT('',(-7.550712991584,1.499795884986));
#1371 = CARTESIAN_POINT('',(3.360853558525,1.587633363013));
#1372 = CARTESIAN_POINT('',(-2.018860229154,-7.90597920348));
#1373 = ( GEOMETRIC_REPRESENTATION_CONTEXT(2) 
PARAMETRIC_REPRESENTATION_CONTEXT() REPRESENTATION_CONTEXT('2D SPACE',''
  ) );
#1374 = PCURVE('',#378,#1375);
#1375 = DEFINITIONAL_REPRESENTATION('',(#1376),#1380);
#1376 = LINE('',#1377,#1378);
#1377 = CARTESIAN_POINT('',(-0.,6.2));
#1378 = VECTOR('',#1379,1.);
#1379 = DIRECTION('',(-1.,0.));
#1380 = ( GEOMETRIC_REPRESENTATION_CONTEXT(2) 
PARAMETRIC_REPRESENTATION_CONTEXT() REPRESENTATION_CONTEXT('2D SPACE',''
  ) );
#1381 = ORIENTED_EDGE('',*,*,#788,.F.);
#1382 = ORIENTED_EDGE('',*,*,#444,.F.);
#1383 = ORIENTED_EDGE('',*,*,#1384,.F.);
#1384 = EDGE_CURVE('',#1385,#445,#1387,.T.);
#1385 = VERTEX_POINT('',#1386);
#1386 = CARTESIAN_POINT('',(-18.1,68.815543553291,16.421191986468));
#1387 = SURFACE_CURVE('',#1388,(#1392,#1399),.PCURVE_S1.);
#1388 = LINE('',#1389,#1390);
#1389 = CARTESIAN_POINT('',(-18.1,24.336213947996,16.421191986468));
#1390 = VECTOR('',#1391,1.);
#1391 = DIRECTION('',(-0.,-1.,-0.));
#1392 = PCURVE('',#404,#1393);
#1393 = DEFINITIONAL_REPRESENTATION('',(#1394),#1398);
#1394 = LINE('',#1395,#1396);
#1395 = CARTESIAN_POINT('',(8.295212278459,-45.48041899325));
#1396 = VECTOR('',#1397,1.);
#1397 = DIRECTION('',(0.493012571981,0.870022185849));
#1398 = ( GEOMETRIC_REPRESENTATION_CONTEXT(2) 
PARAMETRIC_REPRESENTATION_CONTEXT() REPRESENTATION_CONTEXT('2D SPACE',''
  ) );
#1399 = PCURVE('',#488,#1400);
#1400 = DEFINITIONAL_REPRESENTATION('',(#1401),#1405);
#1401 = LINE('',#1402,#1403);
#1402 = CARTESIAN_POINT('',(-2.6,-35.47932960529));
#1403 = VECTOR('',#1404,1.);
#1404 = DIRECTION('',(-0.,-1.));
#1405 = ( GEOMETRIC_REPRESENTATION_CONTEXT(2) 
PARAMETRIC_REPRESENTATION_CONTEXT() REPRESENTATION_CONTEXT('2D SPACE',''
  ) );
#1406 = ORIENTED_EDGE('',*,*,#1407,.F.);
#1407 = EDGE_CURVE('',#1408,#1385,#1410,.T.);
#1408 = VERTEX_POINT('',#1409);
#1409 = CARTESIAN_POINT('',(-18.1,68.815543553291,7.421191986468));
#1410 = SURFACE_CURVE('',#1411,(#1415,#1422),.PCURVE_S1.);
#1411 = LINE('',#1412,#1413);
#1412 = CARTESIAN_POINT('',(-18.1,68.815543553291,26.740910517077));
#1413 = VECTOR('',#1414,1.);
#1414 = DIRECTION('',(-0.,-0.,1.));
#1415 = PCURVE('',#404,#1416);
#1416 = DEFINITIONAL_REPRESENTATION('',(#1417),#1421);
#1417 = LINE('',#1418,#1419);
#1418 = CARTESIAN_POINT('',(-22.61204048357,-79.09067158664));
#1419 = VECTOR('',#1420,1.);
#1420 = DIRECTION('',(-0.870022185849,0.493012571981));
#1421 = ( GEOMETRIC_REPRESENTATION_CONTEXT(2) 
PARAMETRIC_REPRESENTATION_CONTEXT() REPRESENTATION_CONTEXT('2D SPACE',''
  ) );
#1422 = PCURVE('',#1423,#1428);
#1423 = PLANE('',#1424);
#1424 = AXIS2_PLACEMENT_3D('',#1425,#1426,#1427);
#1425 = CARTESIAN_POINT('',(-15.5,68.815543553291,7.421191986468));
#1426 = DIRECTION('',(-0.,1.,0.));
#1427 = DIRECTION('',(0.,0.,-1.));
#1428 = DEFINITIONAL_REPRESENTATION('',(#1429),#1433);
#1429 = LINE('',#1430,#1431);
#1430 = CARTESIAN_POINT('',(-19.3197185306,2.6));
#1431 = VECTOR('',#1432,1.);
#1432 = DIRECTION('',(-1.,-0.));
#1433 = ( GEOMETRIC_REPRESENTATION_CONTEXT(2) 
PARAMETRIC_REPRESENTATION_CONTEXT() REPRESENTATION_CONTEXT('2D SPACE',''
  ) );
#1434 = ORIENTED_EDGE('',*,*,#1435,.T.);
#1435 = EDGE_CURVE('',#1408,#1436,#1438,.T.);
#1436 = VERTEX_POINT('',#1437);
#1437 = CARTESIAN_POINT('',(-18.1,59.815543553291,7.421191986468));
#1438 = SURFACE_CURVE('',#1439,(#1443,#1450),.PCURVE_S1.);
#1439 = LINE('',#1440,#1441);
#1440 = CARTESIAN_POINT('',(-18.1,24.336213947996,7.421191986468));
#1441 = VECTOR('',#1442,1.);
#1442 = DIRECTION('',(-0.,-1.,-0.));
#1443 = PCURVE('',#404,#1444);
#1444 = DEFINITIONAL_REPRESENTATION('',(#1445),#1449);
#1445 = LINE('',#1446,#1447);
#1446 = CARTESIAN_POINT('',(16.125411951097,-49.91753214108));
#1447 = VECTOR('',#1448,1.);
#1448 = DIRECTION('',(0.493012571981,0.870022185849));
#1449 = ( GEOMETRIC_REPRESENTATION_CONTEXT(2) 
PARAMETRIC_REPRESENTATION_CONTEXT() REPRESENTATION_CONTEXT('2D SPACE',''
  ) );
#1450 = PCURVE('',#1451,#1456);
#1451 = PLANE('',#1452);
#1452 = AXIS2_PLACEMENT_3D('',#1453,#1454,#1455);
#1453 = CARTESIAN_POINT('',(-15.5,59.815543553291,7.421191986468));
#1454 = DIRECTION('',(0.,-0.,1.));
#1455 = DIRECTION('',(1.,0.,0.));
#1456 = DEFINITIONAL_REPRESENTATION('',(#1457),#1461);
#1457 = LINE('',#1458,#1459);
#1458 = CARTESIAN_POINT('',(-2.6,-35.47932960529));
#1459 = VECTOR('',#1460,1.);
#1460 = DIRECTION('',(-0.,-1.));
#1461 = ( GEOMETRIC_REPRESENTATION_CONTEXT(2) 
PARAMETRIC_REPRESENTATION_CONTEXT() REPRESENTATION_CONTEXT('2D SPACE',''
  ) );
#1462 = ORIENTED_EDGE('',*,*,#1463,.T.);
#1463 = EDGE_CURVE('',#1436,#656,#1464,.T.);
#1464 = SURFACE_CURVE('',#1465,(#1469,#1476),.PCURVE_S1.);
#1465 = LINE('',#1466,#1467);
#1466 = CARTESIAN_POINT('',(-18.1,59.815543553291,26.740910517077));
#1467 = VECTOR('',#1468,1.);
#1468 = DIRECTION('',(-0.,-0.,1.));
#1469 = PCURVE('',#404,#1470);
#1470 = DEFINITIONAL_REPRESENTATION('',(#1471),#1475);
#1471 = LINE('',#1472,#1473);
#1472 = CARTESIAN_POINT('',(-18.17492733574,-71.260471914));
#1473 = VECTOR('',#1474,1.);
#1474 = DIRECTION('',(-0.870022185849,0.493012571981));
#1475 = ( GEOMETRIC_REPRESENTATION_CONTEXT(2) 
PARAMETRIC_REPRESENTATION_CONTEXT() REPRESENTATION_CONTEXT('2D SPACE',''
  ) );
#1476 = PCURVE('',#671,#1477);
#1477 = DEFINITIONAL_REPRESENTATION('',(#1478),#1482);
#1478 = LINE('',#1479,#1480);
#1479 = CARTESIAN_POINT('',(-19.3197185306,2.6));
#1480 = VECTOR('',#1481,1.);
#1481 = DIRECTION('',(-1.,-0.));
#1482 = ( GEOMETRIC_REPRESENTATION_CONTEXT(2) 
PARAMETRIC_REPRESENTATION_CONTEXT() REPRESENTATION_CONTEXT('2D SPACE',''
  ) );
#1483 = ADVANCED_FACE('',(#1484),#378,.F.);
#1484 = FACE_BOUND('',#1485,.T.);
#1485 = EDGE_LOOP('',(#1486,#1487,#1488,#1516,#1544,#1577,#1605,#1631,
    #1632,#1633,#1656,#1689,#1717,#1750,#1778,#1811));
#1486 = ORIENTED_EDGE('',*,*,#1356,.F.);
#1487 = ORIENTED_EDGE('',*,*,#765,.F.);
#1488 = ORIENTED_EDGE('',*,*,#1489,.T.);
#1489 = EDGE_CURVE('',#738,#1490,#1492,.T.);
#1490 = VERTEX_POINT('',#1491);
#1491 = CARTESIAN_POINT('',(-14.,-3.059066968953,56.515822510329));
#1492 = SURFACE_CURVE('',#1493,(#1498,#1505),.PCURVE_S1.);
#1493 = CIRCLE('',#1494,6.3);
#1494 = AXIS2_PLACEMENT_3D('',#1495,#1496,#1497);
#1495 = CARTESIAN_POINT('',(-14.,-3.269414875369,50.219335096042));
#1496 = DIRECTION('',(1.,0.,-1.110223024625E-16));
#1497 = DIRECTION('',(-1.110223024625E-16,-0.,-1.));
#1498 = PCURVE('',#378,#1499);
#1499 = DEFINITIONAL_REPRESENTATION('',(#1500),#1504);
#1500 = LINE('',#1501,#1502);
#1501 = CARTESIAN_POINT('',(-0.,2.1));
#1502 = VECTOR('',#1503,1.);
#1503 = DIRECTION('',(-1.,0.));
#1504 = ( GEOMETRIC_REPRESENTATION_CONTEXT(2) 
PARAMETRIC_REPRESENTATION_CONTEXT() REPRESENTATION_CONTEXT('2D SPACE',''
  ) );
#1505 = PCURVE('',#753,#1506);
#1506 = DEFINITIONAL_REPRESENTATION('',(#1507),#1515);
#1507 = ( BOUNDED_CURVE() B_SPLINE_CURVE(2,(#1508,#1509,#1510,#1511,
#1512,#1513,#1514),.UNSPECIFIED.,.T.,.F.) B_SPLINE_CURVE_WITH_KNOTS((1,2
    ,2,2,2,1),(-2.094395102393,0.,2.094395102393,4.188790204786,
6.28318530718,8.377580409573),.UNSPECIFIED.) CURVE() 
GEOMETRIC_REPRESENTATION_ITEM() RATIONAL_B_SPLINE_CURVE((1.,0.5,1.,0.5,
1.,0.5,1.)) REPRESENTATION_ITEM('') );
#1508 = CARTESIAN_POINT('',(-9.919335096042,-18.73058512463));
#1509 = CARTESIAN_POINT('',(-9.919335096042,-29.64250521231));
#1510 = CARTESIAN_POINT('',(-19.36933509604,-24.18654516847));
#1511 = CARTESIAN_POINT('',(-28.81933509604,-18.73058512463));
#1512 = CARTESIAN_POINT('',(-19.36933509604,-13.27462508078));
#1513 = CARTESIAN_POINT('',(-9.919335096042,-7.818665036947));
#1514 = CARTESIAN_POINT('',(-9.919335096042,-18.73058512463));
#1515 = ( GEOMETRIC_REPRESENTATION_CONTEXT(2) 
PARAMETRIC_REPRESENTATION_CONTEXT() REPRESENTATION_CONTEXT('2D SPACE',''
  ) );
#1516 = ORIENTED_EDGE('',*,*,#1517,.T.);
#1517 = EDGE_CURVE('',#1490,#1518,#1520,.T.);
#1518 = VERTEX_POINT('',#1519);
#1519 = CARTESIAN_POINT('',(-15.,-3.059066968953,56.515822510329));
#1520 = SURFACE_CURVE('',#1521,(#1525,#1532),.PCURVE_S1.);
#1521 = LINE('',#1522,#1523);
#1522 = CARTESIAN_POINT('',(-11.9,-3.059066968953,56.515822510329));
#1523 = VECTOR('',#1524,1.);
#1524 = DIRECTION('',(-1.,-0.,1.110223024625E-16));
#1525 = PCURVE('',#378,#1526);
#1526 = DEFINITIONAL_REPRESENTATION('',(#1527),#1531);
#1527 = LINE('',#1528,#1529);
#1528 = CARTESIAN_POINT('',(-3.108197890332,6.990505301603E-16));
#1529 = VECTOR('',#1530,1.);
#1530 = DIRECTION('',(-0.,1.));
#1531 = ( GEOMETRIC_REPRESENTATION_CONTEXT(2) 
PARAMETRIC_REPRESENTATION_CONTEXT() REPRESENTATION_CONTEXT('2D SPACE',''
  ) );
#1532 = PCURVE('',#1533,#1538);
#1533 = PLANE('',#1534);
#1534 = AXIS2_PLACEMENT_3D('',#1535,#1536,#1537);
#1535 = CARTESIAN_POINT('',(3.,-12.30892750041,61.757410144827));
#1536 = DIRECTION('',(0.,0.493012571981,0.870022185849));
#1537 = DIRECTION('',(1.,0.,0.));
#1538 = DEFINITIONAL_REPRESENTATION('',(#1539),#1543);
#1539 = LINE('',#1540,#1541);
#1540 = CARTESIAN_POINT('',(-14.9,10.631752479328));
#1541 = VECTOR('',#1542,1.);
#1542 = DIRECTION('',(-1.,-5.473539088428E-17));
#1543 = ( GEOMETRIC_REPRESENTATION_CONTEXT(2) 
PARAMETRIC_REPRESENTATION_CONTEXT() REPRESENTATION_CONTEXT('2D SPACE',''
  ) );
#1544 = ORIENTED_EDGE('',*,*,#1545,.T.);
#1545 = EDGE_CURVE('',#1518,#1546,#1548,.T.);
#1546 = VERTEX_POINT('',#1547);
#1547 = CARTESIAN_POINT('',(-15.,-9.180484963274,52.398612594635));
#1548 = SURFACE_CURVE('',#1549,(#1554,#1561),.PCURVE_S1.);
#1549 = CIRCLE('',#1550,6.3);
#1550 = AXIS2_PLACEMENT_3D('',#1551,#1552,#1553);
#1551 = CARTESIAN_POINT('',(-15.,-3.269414875369,50.219335096042));
#1552 = DIRECTION('',(1.,0.,-1.110223024625E-16));
#1553 = DIRECTION('',(-1.110223024625E-16,-0.,-1.));
#1554 = PCURVE('',#378,#1555);
#1555 = DEFINITIONAL_REPRESENTATION('',(#1556),#1560);
#1556 = LINE('',#1557,#1558);
#1557 = CARTESIAN_POINT('',(-0.,3.1));
#1558 = VECTOR('',#1559,1.);
#1559 = DIRECTION('',(-1.,0.));
#1560 = ( GEOMETRIC_REPRESENTATION_CONTEXT(2) 
PARAMETRIC_REPRESENTATION_CONTEXT() REPRESENTATION_CONTEXT('2D SPACE',''
  ) );
#1561 = PCURVE('',#1562,#1567);
#1562 = PLANE('',#1563);
#1563 = AXIS2_PLACEMENT_3D('',#1564,#1565,#1566);
#1564 = CARTESIAN_POINT('',(-15.,-15.56281047549,56.015263718226));
#1565 = DIRECTION('',(-1.,-0.,-0.));
#1566 = DIRECTION('',(0.,-0.493012571981,-0.870022185849));
#1567 = DEFINITIONAL_REPRESENTATION('',(#1568),#1576);
#1568 = ( BOUNDED_CURVE() B_SPLINE_CURVE(2,(#1569,#1570,#1571,#1572,
#1573,#1574,#1575),.UNSPECIFIED.,.T.,.F.) B_SPLINE_CURVE_WITH_KNOTS((1,2
    ,2,2,2,1),(-2.094395102393,0.,2.094395102393,4.188790204786,
6.28318530718,8.377580409573),.UNSPECIFIED.) CURVE() 
GEOMETRIC_REPRESENTATION_ITEM() RATIONAL_B_SPLINE_CURVE((1.,0.5,1.,0.5,
1.,0.5,1.)) REPRESENTATION_ITEM('') );
#1569 = CARTESIAN_POINT('',(4.462927676545,-16.65897179204));
#1570 = CARTESIAN_POINT('',(-0.916786111134,-26.15258435853));
#1571 = CARTESIAN_POINT('',(-6.448638873564,-16.74680927006));
#1572 = CARTESIAN_POINT('',(-11.98049163599,-7.341034181603));
#1573 = CARTESIAN_POINT('',(-1.068925085885,-7.253196703576));
#1574 = CARTESIAN_POINT('',(9.842641464224,-7.165359225549));
#1575 = CARTESIAN_POINT('',(4.462927676545,-16.65897179204));
#1576 = ( GEOMETRIC_REPRESENTATION_CONTEXT(2) 
PARAMETRIC_REPRESENTATION_CONTEXT() REPRESENTATION_CONTEXT('2D SPACE',''
  ) );
#1577 = ORIENTED_EDGE('',*,*,#1578,.F.);
#1578 = EDGE_CURVE('',#1579,#1546,#1581,.T.);
#1579 = VERTEX_POINT('',#1580);
#1580 = CARTESIAN_POINT('',(-14.,-9.180484963274,52.398612594635));
#1581 = SURFACE_CURVE('',#1582,(#1586,#1593),.PCURVE_S1.);
#1582 = LINE('',#1583,#1584);
#1583 = CARTESIAN_POINT('',(-11.9,-9.180484963274,52.398612594635));
#1584 = VECTOR('',#1585,1.);
#1585 = DIRECTION('',(-1.,-0.,1.110223024625E-16));
#1586 = PCURVE('',#378,#1587);
#1587 = DEFINITIONAL_REPRESENTATION('',(#1588),#1592);
#1588 = LINE('',#1589,#1590);
#1589 = CARTESIAN_POINT('',(-4.359172968009,2.419484055985E-16));
#1590 = VECTOR('',#1591,1.);
#1591 = DIRECTION('',(-0.,1.));
#1592 = ( GEOMETRIC_REPRESENTATION_CONTEXT(2) 
PARAMETRIC_REPRESENTATION_CONTEXT() REPRESENTATION_CONTEXT('2D SPACE',''
  ) );
#1593 = PCURVE('',#1594,#1599);
#1594 = PLANE('',#1595);
#1595 = AXIS2_PLACEMENT_3D('',#1596,#1597,#1598);
#1596 = CARTESIAN_POINT('',(3.,-15.56281047549,56.015263718226));
#1597 = DIRECTION('',(0.,0.493012571981,0.870022185849));
#1598 = DIRECTION('',(1.,0.,0.));
#1599 = DEFINITIONAL_REPRESENTATION('',(#1600),#1604);
#1600 = LINE('',#1601,#1602);
#1601 = CARTESIAN_POINT('',(-14.9,7.335819265337));
#1602 = VECTOR('',#1603,1.);
#1603 = DIRECTION('',(-1.,-5.473539088428E-17));
#1604 = ( GEOMETRIC_REPRESENTATION_CONTEXT(2) 
PARAMETRIC_REPRESENTATION_CONTEXT() REPRESENTATION_CONTEXT('2D SPACE',''
  ) );
#1605 = ORIENTED_EDGE('',*,*,#1606,.T.);
#1606 = EDGE_CURVE('',#1579,#335,#1607,.T.);
#1607 = SURFACE_CURVE('',#1608,(#1613,#1620),.PCURVE_S1.);
#1608 = CIRCLE('',#1609,6.3);
#1609 = AXIS2_PLACEMENT_3D('',#1610,#1611,#1612);
#1610 = CARTESIAN_POINT('',(-14.,-3.269414875369,50.219335096042));
#1611 = DIRECTION('',(1.,0.,-1.110223024625E-16));
#1612 = DIRECTION('',(-1.110223024625E-16,-0.,-1.));
#1613 = PCURVE('',#378,#1614);
#1614 = DEFINITIONAL_REPRESENTATION('',(#1615),#1619);
#1615 = LINE('',#1616,#1617);
#1616 = CARTESIAN_POINT('',(-0.,2.1));
#1617 = VECTOR('',#1618,1.);
#1618 = DIRECTION('',(-1.,0.));
#1619 = ( GEOMETRIC_REPRESENTATION_CONTEXT(2) 
PARAMETRIC_REPRESENTATION_CONTEXT() REPRESENTATION_CONTEXT('2D SPACE',''
  ) );
#1620 = PCURVE('',#350,#1621);
#1621 = DEFINITIONAL_REPRESENTATION('',(#1622),#1630);
#1622 = ( BOUNDED_CURVE() B_SPLINE_CURVE(2,(#1623,#1624,#1625,#1626,
#1627,#1628,#1629),.UNSPECIFIED.,.T.,.F.) B_SPLINE_CURVE_WITH_KNOTS((1,2
    ,2,2,2,1),(-2.094395102393,0.,2.094395102393,4.188790204786,
6.28318530718,8.377580409573),.UNSPECIFIED.) CURVE() 
GEOMETRIC_REPRESENTATION_ITEM() RATIONAL_B_SPLINE_CURVE((1.,0.5,1.,0.5,
1.,0.5,1.)) REPRESENTATION_ITEM('') );
#1623 = CARTESIAN_POINT('',(-9.919335096042,-18.73058512463));
#1624 = CARTESIAN_POINT('',(-9.919335096042,-29.64250521231));
#1625 = CARTESIAN_POINT('',(-19.36933509604,-24.18654516847));
#1626 = CARTESIAN_POINT('',(-28.81933509604,-18.73058512463));
#1627 = CARTESIAN_POINT('',(-19.36933509604,-13.27462508078));
#1628 = CARTESIAN_POINT('',(-9.919335096042,-7.818665036947));
#1629 = CARTESIAN_POINT('',(-9.919335096042,-18.73058512463));
#1630 = ( GEOMETRIC_REPRESENTATION_CONTEXT(2) 
PARAMETRIC_REPRESENTATION_CONTEXT() REPRESENTATION_CONTEXT('2D SPACE',''
  ) );
#1631 = ORIENTED_EDGE('',*,*,#362,.T.);
#1632 = ORIENTED_EDGE('',*,*,#1216,.F.);
#1633 = ORIENTED_EDGE('',*,*,#1634,.T.);
#1634 = EDGE_CURVE('',#1217,#1635,#1637,.T.);
#1635 = VERTEX_POINT('',#1636);
#1636 = CARTESIAN_POINT('',(-20.,-9.352068152644,48.578808013532));
#1637 = SURFACE_CURVE('',#1638,(#1642,#1649),.PCURVE_S1.);
#1638 = LINE('',#1639,#1640);
#1639 = CARTESIAN_POINT('',(0.5,-9.352068152644,48.578808013532));
#1640 = VECTOR('',#1641,1.);
#1641 = DIRECTION('',(-1.,-0.,1.110223024625E-16));
#1642 = PCURVE('',#378,#1643);
#1643 = DEFINITIONAL_REPRESENTATION('',(#1644),#1648);
#1644 = LINE('',#1645,#1646);
#1645 = CARTESIAN_POINT('',(-4.975826617299,-12.4));
#1646 = VECTOR('',#1647,1.);
#1647 = DIRECTION('',(-0.,1.));
#1648 = ( GEOMETRIC_REPRESENTATION_CONTEXT(2) 
PARAMETRIC_REPRESENTATION_CONTEXT() REPRESENTATION_CONTEXT('2D SPACE',''
  ) );
#1649 = PCURVE('',#1260,#1650);
#1650 = DEFINITIONAL_REPRESENTATION('',(#1651),#1655);
#1651 = LINE('',#1652,#1653);
#1652 = CARTESIAN_POINT('',(16.,3.463475400647));
#1653 = VECTOR('',#1654,1.);
#1654 = DIRECTION('',(-1.,0.));
#1655 = ( GEOMETRIC_REPRESENTATION_CONTEXT(2) 
PARAMETRIC_REPRESENTATION_CONTEXT() REPRESENTATION_CONTEXT('2D SPACE',''
  ) );
#1656 = ORIENTED_EDGE('',*,*,#1657,.T.);
#1657 = EDGE_CURVE('',#1635,#1658,#1660,.T.);
#1658 = VERTEX_POINT('',#1659);
#1659 = CARTESIAN_POINT('',(-20.,-8.819421389107,47.238156185365));
#1660 = SURFACE_CURVE('',#1661,(#1666,#1673),.PCURVE_S1.);
#1661 = CIRCLE('',#1662,6.3);
#1662 = AXIS2_PLACEMENT_3D('',#1663,#1664,#1665);
#1663 = CARTESIAN_POINT('',(-20.,-3.269414875369,50.219335096042));
#1664 = DIRECTION('',(1.,0.,-1.110223024625E-16));
#1665 = DIRECTION('',(-1.110223024625E-16,-0.,-1.));
#1666 = PCURVE('',#378,#1667);
#1667 = DEFINITIONAL_REPRESENTATION('',(#1668),#1672);
#1668 = LINE('',#1669,#1670);
#1669 = CARTESIAN_POINT('',(-0.,8.1));
#1670 = VECTOR('',#1671,1.);
#1671 = DIRECTION('',(-1.,0.));
#1672 = ( GEOMETRIC_REPRESENTATION_CONTEXT(2) 
PARAMETRIC_REPRESENTATION_CONTEXT() REPRESENTATION_CONTEXT('2D SPACE',''
  ) );
#1673 = PCURVE('',#1674,#1679);
#1674 = PLANE('',#1675);
#1675 = AXIS2_PLACEMENT_3D('',#1676,#1677,#1678);
#1676 = CARTESIAN_POINT('',(-20.,-68.33777949243,14.181748794971));
#1677 = DIRECTION('',(-1.,-0.,-0.));
#1678 = DIRECTION('',(0.,0.369382335014,0.929277509994));
#1679 = DEFINITIONAL_REPRESENTATION('',(#1680),#1688);
#1680 = ( BOUNDED_CURVE() B_SPLINE_CURVE(2,(#1681,#1682,#1683,#1684,
#1685,#1686,#1687),.UNSPECIFIED.,.T.,.F.) B_SPLINE_CURVE_WITH_KNOTS((1,2
    ,2,2,2,1),(-2.094395102393,0.,2.094395102393,4.188790204786,
6.28318530718,8.377580409573),.UNSPECIFIED.) CURVE() 
GEOMETRIC_REPRESENTATION_ITEM() RATIONAL_B_SPLINE_CURVE((1.,0.5,1.,0.5,
1.,0.5,1.)) REPRESENTATION_ITEM('') );
#1681 = CARTESIAN_POINT('',(51.669574608861,49.482028785134));
#1682 = CARTESIAN_POINT('',(55.700245130334,59.622230713465));
#1683 = CARTESIAN_POINT('',(62.466582339036,51.061466683419));
#1684 = CARTESIAN_POINT('',(69.232919547738,42.500702653372));
#1685 = CARTESIAN_POINT('',(58.435911817563,40.921264755088));
#1686 = CARTESIAN_POINT('',(47.638904087388,39.341826856803));
#1687 = CARTESIAN_POINT('',(51.669574608861,49.482028785134));
#1688 = ( GEOMETRIC_REPRESENTATION_CONTEXT(2) 
PARAMETRIC_REPRESENTATION_CONTEXT() REPRESENTATION_CONTEXT('2D SPACE',''
  ) );
#1689 = ORIENTED_EDGE('',*,*,#1690,.T.);
#1690 = EDGE_CURVE('',#1658,#1691,#1693,.T.);
#1691 = VERTEX_POINT('',#1692);
#1692 = CARTESIAN_POINT('',(-24.,-8.819421389107,47.238156185365));
#1693 = SURFACE_CURVE('',#1694,(#1698,#1705),.PCURVE_S1.);
#1694 = LINE('',#1695,#1696);
#1695 = CARTESIAN_POINT('',(0.5,-8.819421389107,47.238156185365));
#1696 = VECTOR('',#1697,1.);
#1697 = DIRECTION('',(-1.,-0.,1.110223024625E-16));
#1698 = PCURVE('',#378,#1699);
#1699 = DEFINITIONAL_REPRESENTATION('',(#1700),#1704);
#1700 = LINE('',#1701,#1702);
#1701 = CARTESIAN_POINT('',(-5.205312058421,-12.4));
#1702 = VECTOR('',#1703,1.);
#1703 = DIRECTION('',(-0.,1.));
#1704 = ( GEOMETRIC_REPRESENTATION_CONTEXT(2) 
PARAMETRIC_REPRESENTATION_CONTEXT() REPRESENTATION_CONTEXT('2D SPACE',''
  ) );
#1705 = PCURVE('',#1706,#1711);
#1706 = PLANE('',#1707);
#1707 = AXIS2_PLACEMENT_3D('',#1708,#1709,#1710);
#1708 = CARTESIAN_POINT('',(-20.,-67.4234476014,6.310639928483));
#1709 = DIRECTION('',(0.,-0.572567199687,0.81985779367));
#1710 = DIRECTION('',(1.,0.,0.));
#1711 = DEFINITIONAL_REPRESENTATION('',(#1712),#1716);
#1712 = LINE('',#1713,#1714);
#1713 = CARTESIAN_POINT('',(20.5,71.480721003983));
#1714 = VECTOR('',#1715,1.);
#1715 = DIRECTION('',(-1.,6.35677288238E-17));
#1716 = ( GEOMETRIC_REPRESENTATION_CONTEXT(2) 
PARAMETRIC_REPRESENTATION_CONTEXT() REPRESENTATION_CONTEXT('2D SPACE',''
  ) );
#1717 = ORIENTED_EDGE('',*,*,#1718,.F.);
#1718 = EDGE_CURVE('',#1719,#1691,#1721,.T.);
#1719 = VERTEX_POINT('',#1720);
#1720 = CARTESIAN_POINT('',(-24.,-8.629986732305,53.529058553769));
#1721 = SURFACE_CURVE('',#1722,(#1727,#1734),.PCURVE_S1.);
#1722 = CIRCLE('',#1723,6.3);
#1723 = AXIS2_PLACEMENT_3D('',#1724,#1725,#1726);
#1724 = CARTESIAN_POINT('',(-24.,-3.269414875369,50.219335096042));
#1725 = DIRECTION('',(1.,0.,-1.110223024625E-16));
#1726 = DIRECTION('',(-1.110223024625E-16,-0.,-1.));
#1727 = PCURVE('',#378,#1728);
#1728 = DEFINITIONAL_REPRESENTATION('',(#1729),#1733);
#1729 = LINE('',#1730,#1731);
#1730 = CARTESIAN_POINT('',(-0.,12.1));
#1731 = VECTOR('',#1732,1.);
#1732 = DIRECTION('',(-1.,0.));
#1733 = ( GEOMETRIC_REPRESENTATION_CONTEXT(2) 
PARAMETRIC_REPRESENTATION_CONTEXT() REPRESENTATION_CONTEXT('2D SPACE',''
  ) );
#1734 = PCURVE('',#1735,#1740);
#1735 = PLANE('',#1736);
#1736 = AXIS2_PLACEMENT_3D('',#1737,#1738,#1739);
#1737 = CARTESIAN_POINT('',(-24.,-68.33777949243,14.181748794971));
#1738 = DIRECTION('',(-1.,-0.,-0.));
#1739 = DIRECTION('',(0.,0.369382335014,0.929277509994));
#1740 = DEFINITIONAL_REPRESENTATION('',(#1741),#1749);
#1741 = ( BOUNDED_CURVE() B_SPLINE_CURVE(2,(#1742,#1743,#1744,#1745,
#1746,#1747,#1748),.UNSPECIFIED.,.T.,.F.) B_SPLINE_CURVE_WITH_KNOTS((1,2
    ,2,2,2,1),(-2.094395102393,0.,2.094395102393,4.188790204786,
6.28318530718,8.377580409573),.UNSPECIFIED.) CURVE() 
GEOMETRIC_REPRESENTATION_ITEM() RATIONAL_B_SPLINE_CURVE((1.,0.5,1.,0.5,
1.,0.5,1.)) REPRESENTATION_ITEM('') );
#1742 = CARTESIAN_POINT('',(51.669574608861,49.482028785134));
#1743 = CARTESIAN_POINT('',(55.700245130334,59.622230713465));
#1744 = CARTESIAN_POINT('',(62.466582339036,51.061466683419));
#1745 = CARTESIAN_POINT('',(69.232919547738,42.500702653372));
#1746 = CARTESIAN_POINT('',(58.435911817563,40.921264755088));
#1747 = CARTESIAN_POINT('',(47.638904087388,39.341826856803));
#1748 = CARTESIAN_POINT('',(51.669574608861,49.482028785134));
#1749 = ( GEOMETRIC_REPRESENTATION_CONTEXT(2) 
PARAMETRIC_REPRESENTATION_CONTEXT() REPRESENTATION_CONTEXT('2D SPACE',''
  ) );
#1750 = ORIENTED_EDGE('',*,*,#1751,.F.);
#1751 = EDGE_CURVE('',#1752,#1719,#1754,.T.);
#1752 = VERTEX_POINT('',#1753);
#1753 = CARTESIAN_POINT('',(-22.,-8.629986732305,53.529058553769));
#1754 = SURFACE_CURVE('',#1755,(#1759,#1766),.PCURVE_S1.);
#1755 = LINE('',#1756,#1757);
#1756 = CARTESIAN_POINT('',(0.5,-8.629986732305,53.529058553769));
#1757 = VECTOR('',#1758,1.);
#1758 = DIRECTION('',(-1.,-0.,1.110223024625E-16));
#1759 = PCURVE('',#378,#1760);
#1760 = DEFINITIONAL_REPRESENTATION('',(#1761),#1765);
#1761 = LINE('',#1762,#1763);
#1762 = CARTESIAN_POINT('',(-4.159259140424,-12.4));
#1763 = VECTOR('',#1764,1.);
#1764 = DIRECTION('',(-0.,1.));
#1765 = ( GEOMETRIC_REPRESENTATION_CONTEXT(2) 
PARAMETRIC_REPRESENTATION_CONTEXT() REPRESENTATION_CONTEXT('2D SPACE',''
  ) );
#1766 = PCURVE('',#1767,#1772);
#1767 = PLANE('',#1768);
#1768 = AXIS2_PLACEMENT_3D('',#1769,#1770,#1771);
#1769 = CARTESIAN_POINT('',(-20.,-5.738991154698,49.389447942014));
#1770 = DIRECTION('',(0.,0.81985779367,0.572567199687));
#1771 = DIRECTION('',(0.,0.572567199687,-0.81985779367));
#1772 = DEFINITIONAL_REPRESENTATION('',(#1773),#1777);
#1773 = LINE('',#1774,#1775);
#1774 = CARTESIAN_POINT('',(-5.049181264987,-20.5));
#1775 = VECTOR('',#1776,1.);
#1776 = DIRECTION('',(-9.102249994513E-17,1.));
#1777 = ( GEOMETRIC_REPRESENTATION_CONTEXT(2) 
PARAMETRIC_REPRESENTATION_CONTEXT() REPRESENTATION_CONTEXT('2D SPACE',''
  ) );
#1778 = ORIENTED_EDGE('',*,*,#1779,.F.);
#1779 = EDGE_CURVE('',#1780,#1752,#1782,.T.);
#1780 = VERTEX_POINT('',#1781);
#1781 = CARTESIAN_POINT('',(-22.,-3.815543553291,56.495619304645));
#1782 = SURFACE_CURVE('',#1783,(#1788,#1795),.PCURVE_S1.);
#1783 = CIRCLE('',#1784,6.3);
#1784 = AXIS2_PLACEMENT_3D('',#1785,#1786,#1787);
#1785 = CARTESIAN_POINT('',(-22.,-3.269414875369,50.219335096042));
#1786 = DIRECTION('',(1.,0.,-1.110223024625E-16));
#1787 = DIRECTION('',(-1.110223024625E-16,-0.,-1.));
#1788 = PCURVE('',#378,#1789);
#1789 = DEFINITIONAL_REPRESENTATION('',(#1790),#1794);
#1790 = LINE('',#1791,#1792);
#1791 = CARTESIAN_POINT('',(-0.,10.1));
#1792 = VECTOR('',#1793,1.);
#1793 = DIRECTION('',(-1.,0.));
#1794 = ( GEOMETRIC_REPRESENTATION_CONTEXT(2) 
PARAMETRIC_REPRESENTATION_CONTEXT() REPRESENTATION_CONTEXT('2D SPACE',''
  ) );
#1795 = PCURVE('',#1796,#1801);
#1796 = PLANE('',#1797);
#1797 = AXIS2_PLACEMENT_3D('',#1798,#1799,#1800);
#1798 = CARTESIAN_POINT('',(-22.,-12.81554355329,48.578808013532));
#1799 = DIRECTION('',(-1.,0.,-0.));
#1800 = DIRECTION('',(0.,0.,-1.));
#1801 = DEFINITIONAL_REPRESENTATION('',(#1802),#1810);
#1802 = ( BOUNDED_CURVE() B_SPLINE_CURVE(2,(#1803,#1804,#1805,#1806,
#1807,#1808,#1809),.UNSPECIFIED.,.T.,.F.) B_SPLINE_CURVE_WITH_KNOTS((1,2
    ,2,2,2,1),(-2.094395102393,0.,2.094395102393,4.188790204786,
6.28318530718,8.377580409573),.UNSPECIFIED.) CURVE() 
GEOMETRIC_REPRESENTATION_ITEM() RATIONAL_B_SPLINE_CURVE((1.,0.5,1.,0.5,
1.,0.5,1.)) REPRESENTATION_ITEM('') );
#1803 = CARTESIAN_POINT('',(4.659472917489,-9.546128677922));
#1804 = CARTESIAN_POINT('',(4.659472917489,-20.4580487656));
#1805 = CARTESIAN_POINT('',(-4.790527082511,-15.00208872176));
#1806 = CARTESIAN_POINT('',(-14.24052708251,-9.546128677922));
#1807 = CARTESIAN_POINT('',(-4.790527082511,-4.09016863408));
#1808 = CARTESIAN_POINT('',(4.659472917489,1.365791409762));
#1809 = CARTESIAN_POINT('',(4.659472917489,-9.546128677922));
#1810 = ( GEOMETRIC_REPRESENTATION_CONTEXT(2) 
PARAMETRIC_REPRESENTATION_CONTEXT() REPRESENTATION_CONTEXT('2D SPACE',''
  ) );
#1811 = ORIENTED_EDGE('',*,*,#1812,.F.);
#1812 = EDGE_CURVE('',#1329,#1780,#1813,.T.);
#1813 = SURFACE_CURVE('',#1814,(#1818,#1825),.PCURVE_S1.);
#1814 = LINE('',#1815,#1816);
#1815 = CARTESIAN_POINT('',(0.5,-3.815543553291,56.495619304645));
#1816 = VECTOR('',#1817,1.);
#1817 = DIRECTION('',(-1.,-0.,1.110223024625E-16));
#1818 = PCURVE('',#378,#1819);
#1819 = DEFINITIONAL_REPRESENTATION('',(#1820),#1824);
#1820 = LINE('',#1821,#1822);
#1821 = CARTESIAN_POINT('',(-3.228388684668,-12.4));
#1822 = VECTOR('',#1823,1.);
#1823 = DIRECTION('',(-0.,1.));
#1824 = ( GEOMETRIC_REPRESENTATION_CONTEXT(2) 
PARAMETRIC_REPRESENTATION_CONTEXT() REPRESENTATION_CONTEXT('2D SPACE',''
  ) );
#1825 = PCURVE('',#1344,#1826);
#1826 = DEFINITIONAL_REPRESENTATION('',(#1827),#1831);
#1827 = LINE('',#1828,#1829);
#1828 = CARTESIAN_POINT('',(-7.916811291113,-16.));
#1829 = VECTOR('',#1830,1.);
#1830 = DIRECTION('',(-1.110223024625E-16,1.));
#1831 = ( GEOMETRIC_REPRESENTATION_CONTEXT(2) 
PARAMETRIC_REPRESENTATION_CONTEXT() REPRESENTATION_CONTEXT('2D SPACE',''
  ) );
#1832 = ADVANCED_FACE('',(#1833),#350,.F.);
#1833 = FACE_BOUND('',#1834,.T.);
#1834 = EDGE_LOOP('',(#1835,#1836,#1837,#1838,#1839,#1862));
#1835 = ORIENTED_EDGE('',*,*,#1084,.T.);
#1836 = ORIENTED_EDGE('',*,*,#1155,.T.);
#1837 = ORIENTED_EDGE('',*,*,#334,.F.);
#1838 = ORIENTED_EDGE('',*,*,#1606,.F.);
#1839 = ORIENTED_EDGE('',*,*,#1840,.F.);
#1840 = EDGE_CURVE('',#1841,#1579,#1843,.T.);
#1841 = VERTEX_POINT('',#1842);
#1842 = CARTESIAN_POINT('',(-14.,-14.41226608484,55.363288563523));
#1843 = SURFACE_CURVE('',#1844,(#1848,#1855),.PCURVE_S1.);
#1844 = LINE('',#1845,#1846);
#1845 = CARTESIAN_POINT('',(-14.,-13.27756492282,54.720291238382));
#1846 = VECTOR('',#1847,1.);
#1847 = DIRECTION('',(-0.,0.870022185849,-0.493012571981));
#1848 = PCURVE('',#350,#1849);
#1849 = DEFINITIONAL_REPRESENTATION('',(#1850),#1854);
#1850 = LINE('',#1851,#1852);
#1851 = CARTESIAN_POINT('',(-20.72029123838,-8.722435077173));
#1852 = VECTOR('',#1853,1.);
#1853 = DIRECTION('',(0.493012571981,-0.870022185849));
#1854 = ( GEOMETRIC_REPRESENTATION_CONTEXT(2) 
PARAMETRIC_REPRESENTATION_CONTEXT() REPRESENTATION_CONTEXT('2D SPACE',''
  ) );
#1855 = PCURVE('',#1594,#1856);
#1856 = DEFINITIONAL_REPRESENTATION('',(#1857),#1861);
#1857 = LINE('',#1858,#1859);
#1858 = CARTESIAN_POINT('',(-17.,2.626652043863));
#1859 = VECTOR('',#1860,1.);
#1860 = DIRECTION('',(-0.,1.));
#1861 = ( GEOMETRIC_REPRESENTATION_CONTEXT(2) 
PARAMETRIC_REPRESENTATION_CONTEXT() REPRESENTATION_CONTEXT('2D SPACE',''
  ) );
#1862 = ORIENTED_EDGE('',*,*,#1863,.T.);
#1863 = EDGE_CURVE('',#1841,#1085,#1864,.T.);
#1864 = SURFACE_CURVE('',#1865,(#1870,#1881),.PCURVE_S1.);
#1865 = CIRCLE('',#1866,7.5);
#1866 = AXIS2_PLACEMENT_3D('',#1867,#1868,#1869);
#1867 = CARTESIAN_POINT('',(-14.,-7.445521367442,52.585795441551));
#1868 = DIRECTION('',(1.,0.,-1.110223024625E-16));
#1869 = DIRECTION('',(-1.110223024625E-16,-0.,-1.));
#1870 = PCURVE('',#350,#1871);
#1871 = DEFINITIONAL_REPRESENTATION('',(#1872),#1880);
#1872 = ( BOUNDED_CURVE() B_SPLINE_CURVE(2,(#1873,#1874,#1875,#1876,
#1877,#1878,#1879),.UNSPECIFIED.,.T.,.F.) B_SPLINE_CURVE_WITH_KNOTS((1,2
    ,2,2,2,1),(-2.094395102393,0.,2.094395102393,4.188790204786,
6.28318530718,8.377580409573),.UNSPECIFIED.) CURVE() 
GEOMETRIC_REPRESENTATION_ITEM() RATIONAL_B_SPLINE_CURVE((1.,0.5,1.,0.5,
1.,0.5,1.)) REPRESENTATION_ITEM('') );
#1873 = CARTESIAN_POINT('',(-11.08579544155,-14.55447863255));
#1874 = CARTESIAN_POINT('',(-11.08579544155,-27.54485968932));
#1875 = CARTESIAN_POINT('',(-22.33579544155,-21.04966916094));
#1876 = CARTESIAN_POINT('',(-33.58579544155,-14.55447863255));
#1877 = CARTESIAN_POINT('',(-22.33579544155,-8.059288104174));
#1878 = CARTESIAN_POINT('',(-11.08579544155,-1.564097575791));
#1879 = CARTESIAN_POINT('',(-11.08579544155,-14.55447863255));
#1880 = ( GEOMETRIC_REPRESENTATION_CONTEXT(2) 
PARAMETRIC_REPRESENTATION_CONTEXT() REPRESENTATION_CONTEXT('2D SPACE',''
  ) );
#1881 = PCURVE('',#902,#1882);
#1882 = DEFINITIONAL_REPRESENTATION('',(#1883),#1887);
#1883 = LINE('',#1884,#1885);
#1884 = CARTESIAN_POINT('',(-0.,1.1));
#1885 = VECTOR('',#1886,1.);
#1886 = DIRECTION('',(-1.,0.));
#1887 = ( GEOMETRIC_REPRESENTATION_CONTEXT(2) 
PARAMETRIC_REPRESENTATION_CONTEXT() REPRESENTATION_CONTEXT('2D SPACE',''
  ) );
#1888 = ADVANCED_FACE('',(#1889),#753,.F.);
#1889 = FACE_BOUND('',#1890,.T.);
#1890 = EDGE_LOOP('',(#1891,#1892,#1893,#1921,#1942,#1943));
#1891 = ORIENTED_EDGE('',*,*,#812,.T.);
#1892 = ORIENTED_EDGE('',*,*,#863,.F.);
#1893 = ORIENTED_EDGE('',*,*,#1894,.T.);
#1894 = EDGE_CURVE('',#864,#1895,#1897,.T.);
#1895 = VERTEX_POINT('',#1896);
#1896 = CARTESIAN_POINT('',(-14.,-9.05188028619,59.911750056764));
#1897 = SURFACE_CURVE('',#1898,(#1903,#1914),.PCURVE_S1.);
#1898 = CIRCLE('',#1899,7.5);
#1899 = AXIS2_PLACEMENT_3D('',#1900,#1901,#1902);
#1900 = CARTESIAN_POINT('',(-14.,-7.445521367442,52.585795441551));
#1901 = DIRECTION('',(1.,0.,-1.110223024625E-16));
#1902 = DIRECTION('',(-1.110223024625E-16,-0.,-1.));
#1903 = PCURVE('',#753,#1904);
#1904 = DEFINITIONAL_REPRESENTATION('',(#1905),#1913);
#1905 = ( BOUNDED_CURVE() B_SPLINE_CURVE(2,(#1906,#1907,#1908,#1909,
#1910,#1911,#1912),.UNSPECIFIED.,.T.,.F.) B_SPLINE_CURVE_WITH_KNOTS((1,2
    ,2,2,2,1),(-2.094395102393,0.,2.094395102393,4.188790204786,
6.28318530718,8.377580409573),.UNSPECIFIED.) CURVE() 
GEOMETRIC_REPRESENTATION_ITEM() RATIONAL_B_SPLINE_CURVE((1.,0.5,1.,0.5,
1.,0.5,1.)) REPRESENTATION_ITEM('') );
#1906 = CARTESIAN_POINT('',(-11.08579544155,-14.55447863255));
#1907 = CARTESIAN_POINT('',(-11.08579544155,-27.54485968932));
#1908 = CARTESIAN_POINT('',(-22.33579544155,-21.04966916094));
#1909 = CARTESIAN_POINT('',(-33.58579544155,-14.55447863255));
#1910 = CARTESIAN_POINT('',(-22.33579544155,-8.059288104174));
#1911 = CARTESIAN_POINT('',(-11.08579544155,-1.564097575791));
#1912 = CARTESIAN_POINT('',(-11.08579544155,-14.55447863255));
#1913 = ( GEOMETRIC_REPRESENTATION_CONTEXT(2) 
PARAMETRIC_REPRESENTATION_CONTEXT() REPRESENTATION_CONTEXT('2D SPACE',''
  ) );
#1914 = PCURVE('',#902,#1915);
#1915 = DEFINITIONAL_REPRESENTATION('',(#1916),#1920);
#1916 = LINE('',#1917,#1918);
#1917 = CARTESIAN_POINT('',(-0.,1.1));
#1918 = VECTOR('',#1919,1.);
#1919 = DIRECTION('',(-1.,0.));
#1920 = ( GEOMETRIC_REPRESENTATION_CONTEXT(2) 
PARAMETRIC_REPRESENTATION_CONTEXT() REPRESENTATION_CONTEXT('2D SPACE',''
  ) );
#1921 = ORIENTED_EDGE('',*,*,#1922,.T.);
#1922 = EDGE_CURVE('',#1895,#1490,#1923,.T.);
#1923 = SURFACE_CURVE('',#1924,(#1928,#1935),.PCURVE_S1.);
#1924 = LINE('',#1925,#1926);
#1925 = CARTESIAN_POINT('',(-14.,-10.02368194775,60.462437664983));
#1926 = VECTOR('',#1927,1.);
#1927 = DIRECTION('',(-0.,0.870022185849,-0.493012571981));
#1928 = PCURVE('',#753,#1929);
#1929 = DEFINITIONAL_REPRESENTATION('',(#1930),#1934);
#1930 = LINE('',#1931,#1932);
#1931 = CARTESIAN_POINT('',(-26.46243766498,-11.97631805224));
#1932 = VECTOR('',#1933,1.);
#1933 = DIRECTION('',(0.493012571981,-0.870022185849));
#1934 = ( GEOMETRIC_REPRESENTATION_CONTEXT(2) 
PARAMETRIC_REPRESENTATION_CONTEXT() REPRESENTATION_CONTEXT('2D SPACE',''
  ) );
#1935 = PCURVE('',#1533,#1936);
#1936 = DEFINITIONAL_REPRESENTATION('',(#1937),#1941);
#1937 = LINE('',#1938,#1939);
#1938 = CARTESIAN_POINT('',(-17.,2.626652043863));
#1939 = VECTOR('',#1940,1.);
#1940 = DIRECTION('',(-0.,1.));
#1941 = ( GEOMETRIC_REPRESENTATION_CONTEXT(2) 
PARAMETRIC_REPRESENTATION_CONTEXT() REPRESENTATION_CONTEXT('2D SPACE',''
  ) );
#1942 = ORIENTED_EDGE('',*,*,#1489,.F.);
#1943 = ORIENTED_EDGE('',*,*,#737,.T.);
#1944 = ADVANCED_FACE('',(#1945),#902,.T.);
#1945 = FACE_BOUND('',#1946,.F.);
#1946 = EDGE_LOOP('',(#1947,#1948,#1949,#1950,#1973,#2001,#2022,#2023));
#1947 = ORIENTED_EDGE('',*,*,#1182,.F.);
#1948 = ORIENTED_EDGE('',*,*,#886,.F.);
#1949 = ORIENTED_EDGE('',*,*,#1894,.T.);
#1950 = ORIENTED_EDGE('',*,*,#1951,.T.);
#1951 = EDGE_CURVE('',#1895,#1952,#1954,.T.);
#1952 = VERTEX_POINT('',#1953);
#1953 = CARTESIAN_POINT('',(-15.,-9.05188028619,59.911750056764));
#1954 = SURFACE_CURVE('',#1955,(#1959,#1966),.PCURVE_S1.);
#1955 = LINE('',#1956,#1957);
#1956 = CARTESIAN_POINT('',(-12.9,-9.05188028619,59.911750056764));
#1957 = VECTOR('',#1958,1.);
#1958 = DIRECTION('',(-1.,-0.,1.110223024625E-16));
#1959 = PCURVE('',#902,#1960);
#1960 = DEFINITIONAL_REPRESENTATION('',(#1961),#1965);
#1961 = LINE('',#1962,#1963);
#1962 = CARTESIAN_POINT('',(-3.357446142658,8.133443491168E-16));
#1963 = VECTOR('',#1964,1.);
#1964 = DIRECTION('',(-0.,1.));
#1965 = ( GEOMETRIC_REPRESENTATION_CONTEXT(2) 
PARAMETRIC_REPRESENTATION_CONTEXT() REPRESENTATION_CONTEXT('2D SPACE',''
  ) );
#1966 = PCURVE('',#1533,#1967);
#1967 = DEFINITIONAL_REPRESENTATION('',(#1968),#1972);
#1968 = LINE('',#1969,#1970);
#1969 = CARTESIAN_POINT('',(-15.9,3.743636963754));
#1970 = VECTOR('',#1971,1.);
#1971 = DIRECTION('',(-1.,-5.473539088428E-17));
#1972 = ( GEOMETRIC_REPRESENTATION_CONTEXT(2) 
PARAMETRIC_REPRESENTATION_CONTEXT() REPRESENTATION_CONTEXT('2D SPACE',''
  ) );
#1973 = ORIENTED_EDGE('',*,*,#1974,.T.);
#1974 = EDGE_CURVE('',#1952,#1975,#1977,.T.);
#1975 = VERTEX_POINT('',#1976);
#1976 = CARTESIAN_POINT('',(-15.,-14.41226608484,55.363288563523));
#1977 = SURFACE_CURVE('',#1978,(#1983,#1990),.PCURVE_S1.);
#1978 = CIRCLE('',#1979,7.5);
#1979 = AXIS2_PLACEMENT_3D('',#1980,#1981,#1982);
#1980 = CARTESIAN_POINT('',(-15.,-7.445521367442,52.585795441551));
#1981 = DIRECTION('',(1.,0.,-1.110223024625E-16));
#1982 = DIRECTION('',(-1.110223024625E-16,-0.,-1.));
#1983 = PCURVE('',#902,#1984);
#1984 = DEFINITIONAL_REPRESENTATION('',(#1985),#1989);
#1985 = LINE('',#1986,#1987);
#1986 = CARTESIAN_POINT('',(-0.,2.1));
#1987 = VECTOR('',#1988,1.);
#1988 = DIRECTION('',(-1.,0.));
#1989 = ( GEOMETRIC_REPRESENTATION_CONTEXT(2) 
PARAMETRIC_REPRESENTATION_CONTEXT() REPRESENTATION_CONTEXT('2D SPACE',''
  ) );
#1990 = PCURVE('',#1562,#1991);
#1991 = DEFINITIONAL_REPRESENTATION('',(#1992),#2000);
#1992 = ( BOUNDED_CURVE() B_SPLINE_CURVE(2,(#1993,#1994,#1995,#1996,
#1997,#1998,#1999),.UNSPECIFIED.,.T.,.F.) B_SPLINE_CURVE_WITH_KNOTS((1,2
    ,2,2,2,1),(-2.094395102393,0.,2.094395102393,4.188790204786,
6.28318530718,8.377580409573),.UNSPECIFIED.) CURVE() 
GEOMETRIC_REPRESENTATION_ITEM() RATIONAL_B_SPLINE_CURVE((1.,0.5,1.,0.5,
1.,0.5,1.)) REPRESENTATION_ITEM('') );
#1993 = CARTESIAN_POINT('',(5.506954299563,-12.45058687841));
#1994 = CARTESIAN_POINT('',(-0.897466876245,-23.75250660043));
#1995 = CARTESIAN_POINT('',(-7.483005879138,-12.55515530464));
#1996 = CARTESIAN_POINT('',(-14.06854488203,-1.357804008849));
#1997 = CARTESIAN_POINT('',(-1.078584703329,-1.253235582626));
#1998 = CARTESIAN_POINT('',(11.911375475372,-1.148667156404));
#1999 = CARTESIAN_POINT('',(5.506954299563,-12.45058687841));
#2000 = ( GEOMETRIC_REPRESENTATION_CONTEXT(2) 
PARAMETRIC_REPRESENTATION_CONTEXT() REPRESENTATION_CONTEXT('2D SPACE',''
  ) );
#2001 = ORIENTED_EDGE('',*,*,#2002,.F.);
#2002 = EDGE_CURVE('',#1841,#1975,#2003,.T.);
#2003 = SURFACE_CURVE('',#2004,(#2008,#2015),.PCURVE_S1.);
#2004 = LINE('',#2005,#2006);
#2005 = CARTESIAN_POINT('',(-12.9,-14.41226608484,55.363288563523));
#2006 = VECTOR('',#2007,1.);
#2007 = DIRECTION('',(-1.,-0.,1.110223024625E-16));
#2008 = PCURVE('',#902,#2009);
#2009 = DEFINITIONAL_REPRESENTATION('',(#2010),#2014);
#2010 = LINE('',#2011,#2012);
#2011 = CARTESIAN_POINT('',(-4.333022124817,3.083636814751E-16));
#2012 = VECTOR('',#2013,1.);
#2013 = DIRECTION('',(-0.,1.));
#2014 = ( GEOMETRIC_REPRESENTATION_CONTEXT(2) 
PARAMETRIC_REPRESENTATION_CONTEXT() REPRESENTATION_CONTEXT('2D SPACE',''
  ) );
#2015 = PCURVE('',#1594,#2016);
#2016 = DEFINITIONAL_REPRESENTATION('',(#2017),#2021);
#2017 = LINE('',#2018,#2019);
#2018 = CARTESIAN_POINT('',(-15.9,1.322431093559));
#2019 = VECTOR('',#2020,1.);
#2020 = DIRECTION('',(-1.,-5.473539088428E-17));
#2021 = ( GEOMETRIC_REPRESENTATION_CONTEXT(2) 
PARAMETRIC_REPRESENTATION_CONTEXT() REPRESENTATION_CONTEXT('2D SPACE',''
  ) );
#2022 = ORIENTED_EDGE('',*,*,#1863,.T.);
#2023 = ORIENTED_EDGE('',*,*,#1107,.T.);
#2024 = ADVANCED_FACE('',(#2025),#671,.F.);
#2025 = FACE_BOUND('',#2026,.T.);
#2026 = EDGE_LOOP('',(#2027,#2050,#2051,#2052));
#2027 = ORIENTED_EDGE('',*,*,#2028,.F.);
#2028 = EDGE_CURVE('',#1436,#2029,#2031,.T.);
#2029 = VERTEX_POINT('',#2030);
#2030 = CARTESIAN_POINT('',(-22.,59.815543553291,7.421191986468));
#2031 = SURFACE_CURVE('',#2032,(#2036,#2043),.PCURVE_S1.);
#2032 = LINE('',#2033,#2034);
#2033 = CARTESIAN_POINT('',(-15.5,59.815543553291,7.421191986468));
#2034 = VECTOR('',#2035,1.);
#2035 = DIRECTION('',(-1.,0.,-0.));
#2036 = PCURVE('',#671,#2037);
#2037 = DEFINITIONAL_REPRESENTATION('',(#2038),#2042);
#2038 = LINE('',#2039,#2040);
#2039 = CARTESIAN_POINT('',(-0.,-0.));
#2040 = VECTOR('',#2041,1.);
#2041 = DIRECTION('',(-0.,1.));
#2042 = ( GEOMETRIC_REPRESENTATION_CONTEXT(2) 
PARAMETRIC_REPRESENTATION_CONTEXT() REPRESENTATION_CONTEXT('2D SPACE',''
  ) );
#2043 = PCURVE('',#1451,#2044);
#2044 = DEFINITIONAL_REPRESENTATION('',(#2045),#2049);
#2045 = LINE('',#2046,#2047);
#2046 = CARTESIAN_POINT('',(0.,-0.));
#2047 = VECTOR('',#2048,1.);
#2048 = DIRECTION('',(-1.,0.));
#2049 = ( GEOMETRIC_REPRESENTATION_CONTEXT(2) 
PARAMETRIC_REPRESENTATION_CONTEXT() REPRESENTATION_CONTEXT('2D SPACE',''
  ) );
#2050 = ORIENTED_EDGE('',*,*,#1463,.T.);
#2051 = ORIENTED_EDGE('',*,*,#655,.T.);
#2052 = ORIENTED_EDGE('',*,*,#2053,.F.);
#2053 = EDGE_CURVE('',#2029,#623,#2054,.T.);
#2054 = SURFACE_CURVE('',#2055,(#2059,#2066),.PCURVE_S1.);
#2055 = LINE('',#2056,#2057);
#2056 = CARTESIAN_POINT('',(-22.,59.815543553291,7.421191986468));
#2057 = VECTOR('',#2058,1.);
#2058 = DIRECTION('',(0.,-0.,1.));
#2059 = PCURVE('',#671,#2060);
#2060 = DEFINITIONAL_REPRESENTATION('',(#2061),#2065);
#2061 = LINE('',#2062,#2063);
#2062 = CARTESIAN_POINT('',(-0.,6.5));
#2063 = VECTOR('',#2064,1.);
#2064 = DIRECTION('',(-1.,0.));
#2065 = ( GEOMETRIC_REPRESENTATION_CONTEXT(2) 
PARAMETRIC_REPRESENTATION_CONTEXT() REPRESENTATION_CONTEXT('2D SPACE',''
  ) );
#2066 = PCURVE('',#639,#2067);
#2067 = DEFINITIONAL_REPRESENTATION('',(#2068),#2072);
#2068 = LINE('',#2069,#2070);
#2069 = CARTESIAN_POINT('',(-0.,-0.));
#2070 = VECTOR('',#2071,1.);
#2071 = DIRECTION('',(-1.,-0.));
#2072 = ( GEOMETRIC_REPRESENTATION_CONTEXT(2) 
PARAMETRIC_REPRESENTATION_CONTEXT() REPRESENTATION_CONTEXT('2D SPACE',''
  ) );
#2073 = ADVANCED_FACE('',(#2074),#1451,.F.);
#2074 = FACE_BOUND('',#2075,.T.);
#2075 = EDGE_LOOP('',(#2076,#2099,#2100,#2101,#2124,#2152));
#2076 = ORIENTED_EDGE('',*,*,#2077,.F.);
#2077 = EDGE_CURVE('',#1408,#2078,#2080,.T.);
#2078 = VERTEX_POINT('',#2079);
#2079 = CARTESIAN_POINT('',(-20.,68.815543553291,7.421191986468));
#2080 = SURFACE_CURVE('',#2081,(#2085,#2092),.PCURVE_S1.);
#2081 = LINE('',#2082,#2083);
#2082 = CARTESIAN_POINT('',(-15.5,68.815543553291,7.421191986468));
#2083 = VECTOR('',#2084,1.);
#2084 = DIRECTION('',(-1.,0.,-0.));
#2085 = PCURVE('',#1451,#2086);
#2086 = DEFINITIONAL_REPRESENTATION('',(#2087),#2091);
#2087 = LINE('',#2088,#2089);
#2088 = CARTESIAN_POINT('',(0.,9.));
#2089 = VECTOR('',#2090,1.);
#2090 = DIRECTION('',(-1.,0.));
#2091 = ( GEOMETRIC_REPRESENTATION_CONTEXT(2) 
PARAMETRIC_REPRESENTATION_CONTEXT() REPRESENTATION_CONTEXT('2D SPACE',''
  ) );
#2092 = PCURVE('',#1423,#2093);
#2093 = DEFINITIONAL_REPRESENTATION('',(#2094),#2098);
#2094 = LINE('',#2095,#2096);
#2095 = CARTESIAN_POINT('',(-0.,-0.));
#2096 = VECTOR('',#2097,1.);
#2097 = DIRECTION('',(-0.,1.));
#2098 = ( GEOMETRIC_REPRESENTATION_CONTEXT(2) 
PARAMETRIC_REPRESENTATION_CONTEXT() REPRESENTATION_CONTEXT('2D SPACE',''
  ) );
#2099 = ORIENTED_EDGE('',*,*,#1435,.T.);
#2100 = ORIENTED_EDGE('',*,*,#2028,.T.);
#2101 = ORIENTED_EDGE('',*,*,#2102,.T.);
#2102 = EDGE_CURVE('',#2029,#2103,#2105,.T.);
#2103 = VERTEX_POINT('',#2104);
#2104 = CARTESIAN_POINT('',(-22.,64.231936408941,7.421191986468));
#2105 = SURFACE_CURVE('',#2106,(#2110,#2117),.PCURVE_S1.);
#2106 = LINE('',#2107,#2108);
#2107 = CARTESIAN_POINT('',(-22.,59.815543553291,7.421191986468));
#2108 = VECTOR('',#2109,1.);
#2109 = DIRECTION('',(-0.,1.,0.));
#2110 = PCURVE('',#1451,#2111);
#2111 = DEFINITIONAL_REPRESENTATION('',(#2112),#2116);
#2112 = LINE('',#2113,#2114);
#2113 = CARTESIAN_POINT('',(-6.5,0.));
#2114 = VECTOR('',#2115,1.);
#2115 = DIRECTION('',(-0.,1.));
#2116 = ( GEOMETRIC_REPRESENTATION_CONTEXT(2) 
PARAMETRIC_REPRESENTATION_CONTEXT() REPRESENTATION_CONTEXT('2D SPACE',''
  ) );
#2117 = PCURVE('',#639,#2118);
#2118 = DEFINITIONAL_REPRESENTATION('',(#2119),#2123);
#2119 = LINE('',#2120,#2121);
#2120 = CARTESIAN_POINT('',(-0.,-0.));
#2121 = VECTOR('',#2122,1.);
#2122 = DIRECTION('',(-0.,-1.));
#2123 = ( GEOMETRIC_REPRESENTATION_CONTEXT(2) 
PARAMETRIC_REPRESENTATION_CONTEXT() REPRESENTATION_CONTEXT('2D SPACE',''
  ) );
#2124 = ORIENTED_EDGE('',*,*,#2125,.T.);
#2125 = EDGE_CURVE('',#2103,#2126,#2128,.T.);
#2126 = VERTEX_POINT('',#2127);
#2127 = CARTESIAN_POINT('',(-20.,64.231936408941,7.421191986468));
#2128 = SURFACE_CURVE('',#2129,(#2133,#2140),.PCURVE_S1.);
#2129 = LINE('',#2130,#2131);
#2130 = CARTESIAN_POINT('',(-17.75,64.231936408939,7.421191986469));
#2131 = VECTOR('',#2132,1.);
#2132 = DIRECTION('',(1.,-0.,0.));
#2133 = PCURVE('',#1451,#2134);
#2134 = DEFINITIONAL_REPRESENTATION('',(#2135),#2139);
#2135 = LINE('',#2136,#2137);
#2136 = CARTESIAN_POINT('',(-2.25,4.416392855648));
#2137 = VECTOR('',#2138,1.);
#2138 = DIRECTION('',(1.,-0.));
#2139 = ( GEOMETRIC_REPRESENTATION_CONTEXT(2) 
PARAMETRIC_REPRESENTATION_CONTEXT() REPRESENTATION_CONTEXT('2D SPACE',''
  ) );
#2140 = PCURVE('',#2141,#2146);
#2141 = PLANE('',#2142);
#2142 = AXIS2_PLACEMENT_3D('',#2143,#2144,#2145);
#2143 = CARTESIAN_POINT('',(-20.,115.83284341255,5.503105663319));
#2144 = DIRECTION('',(0.,-3.714590832131E-02,-0.999309852596));
#2145 = DIRECTION('',(1.,0.,0.));
#2146 = DEFINITIONAL_REPRESENTATION('',(#2147),#2151);
#2147 = LINE('',#2148,#2149);
#2148 = CARTESIAN_POINT('',(2.25,51.636543830303));
#2149 = VECTOR('',#2150,1.);
#2150 = DIRECTION('',(1.,-0.));
#2151 = ( GEOMETRIC_REPRESENTATION_CONTEXT(2) 
PARAMETRIC_REPRESENTATION_CONTEXT() REPRESENTATION_CONTEXT('2D SPACE',''
  ) );
#2152 = ORIENTED_EDGE('',*,*,#2153,.F.);
#2153 = EDGE_CURVE('',#2078,#2126,#2154,.T.);
#2154 = SURFACE_CURVE('',#2155,(#2159,#2166),.PCURVE_S1.);
#2155 = LINE('',#2156,#2157);
#2156 = CARTESIAN_POINT('',(-20.,87.991350070368,7.421191986468));
#2157 = VECTOR('',#2158,1.);
#2158 = DIRECTION('',(-0.,-1.,-0.));
#2159 = PCURVE('',#1451,#2160);
#2160 = DEFINITIONAL_REPRESENTATION('',(#2161),#2165);
#2161 = LINE('',#2162,#2163);
#2162 = CARTESIAN_POINT('',(-4.5,28.175806517077));
#2163 = VECTOR('',#2164,1.);
#2164 = DIRECTION('',(-0.,-1.));
#2165 = ( GEOMETRIC_REPRESENTATION_CONTEXT(2) 
PARAMETRIC_REPRESENTATION_CONTEXT() REPRESENTATION_CONTEXT('2D SPACE',''
  ) );
#2166 = PCURVE('',#2167,#2172);
#2167 = PLANE('',#2168);
#2168 = AXIS2_PLACEMENT_3D('',#2169,#2170,#2171);
#2169 = CARTESIAN_POINT('',(-20.,116.16715658744,14.496894336681));
#2170 = DIRECTION('',(-1.,-0.,-0.));
#2171 = DIRECTION('',(0.,3.714590832131E-02,0.999309852596));
#2172 = DEFINITIONAL_REPRESENTATION('',(#2173),#2177);
#2173 = LINE('',#2174,#2175);
#2174 = CARTESIAN_POINT('',(-8.117434998365,-27.89352766653));
#2175 = VECTOR('',#2176,1.);
#2176 = DIRECTION('',(-3.714590832131E-02,-0.999309852596));
#2177 = ( GEOMETRIC_REPRESENTATION_CONTEXT(2) 
PARAMETRIC_REPRESENTATION_CONTEXT() REPRESENTATION_CONTEXT('2D SPACE',''
  ) );
#2178 = ADVANCED_FACE('',(#2179),#1260,.F.);
#2179 = FACE_BOUND('',#2180,.T.);
#2180 = EDGE_LOOP('',(#2181,#2204,#2205,#2206));
#2181 = ORIENTED_EDGE('',*,*,#2182,.F.);
#2182 = EDGE_CURVE('',#1635,#2183,#2185,.T.);
#2183 = VERTEX_POINT('',#2184);
#2184 = CARTESIAN_POINT('',(-20.,-12.81554355329,48.578808013532));
#2185 = SURFACE_CURVE('',#2186,(#2190,#2197),.PCURVE_S1.);
#2186 = LINE('',#2187,#2188);
#2187 = CARTESIAN_POINT('',(-20.,-40.57666152286,48.578808013532));
#2188 = VECTOR('',#2189,1.);
#2189 = DIRECTION('',(-0.,-1.,-0.));
#2190 = PCURVE('',#1260,#2191);
#2191 = DEFINITIONAL_REPRESENTATION('',(#2192),#2196);
#2192 = LINE('',#2193,#2194);
#2193 = CARTESIAN_POINT('',(-4.5,-27.76111796957));
#2194 = VECTOR('',#2195,1.);
#2195 = DIRECTION('',(-0.,-1.));
#2196 = ( GEOMETRIC_REPRESENTATION_CONTEXT(2) 
PARAMETRIC_REPRESENTATION_CONTEXT() REPRESENTATION_CONTEXT('2D SPACE',''
  ) );
#2197 = PCURVE('',#1674,#2198);
#2198 = DEFINITIONAL_REPRESENTATION('',(#2199),#2203);
#2199 = LINE('',#2200,#2201);
#2200 = CARTESIAN_POINT('',(42.218880119919,13.09211652964));
#2201 = VECTOR('',#2202,1.);
#2202 = DIRECTION('',(-0.369382335014,-0.929277509994));
#2203 = ( GEOMETRIC_REPRESENTATION_CONTEXT(2) 
PARAMETRIC_REPRESENTATION_CONTEXT() REPRESENTATION_CONTEXT('2D SPACE',''
  ) );
#2204 = ORIENTED_EDGE('',*,*,#1634,.F.);
#2205 = ORIENTED_EDGE('',*,*,#1244,.T.);
#2206 = ORIENTED_EDGE('',*,*,#2207,.T.);
#2207 = EDGE_CURVE('',#1245,#2183,#2208,.T.);
#2208 = SURFACE_CURVE('',#2209,(#2213,#2220),.PCURVE_S1.);
#2209 = LINE('',#2210,#2211);
#2210 = CARTESIAN_POINT('',(-15.5,-12.81554355329,48.578808013532));
#2211 = VECTOR('',#2212,1.);
#2212 = DIRECTION('',(-1.,0.,-0.));
#2213 = PCURVE('',#1260,#2214);
#2214 = DEFINITIONAL_REPRESENTATION('',(#2215),#2219);
#2215 = LINE('',#2216,#2217);
#2216 = CARTESIAN_POINT('',(0.,-0.));
#2217 = VECTOR('',#2218,1.);
#2218 = DIRECTION('',(-1.,0.));
#2219 = ( GEOMETRIC_REPRESENTATION_CONTEXT(2) 
PARAMETRIC_REPRESENTATION_CONTEXT() REPRESENTATION_CONTEXT('2D SPACE',''
  ) );
#2220 = PCURVE('',#1288,#2221);
#2221 = DEFINITIONAL_REPRESENTATION('',(#2222),#2226);
#2222 = LINE('',#2223,#2224);
#2223 = CARTESIAN_POINT('',(-0.,-0.));
#2224 = VECTOR('',#2225,1.);
#2225 = DIRECTION('',(-0.,1.));
#2226 = ( GEOMETRIC_REPRESENTATION_CONTEXT(2) 
PARAMETRIC_REPRESENTATION_CONTEXT() REPRESENTATION_CONTEXT('2D SPACE',''
  ) );
#2227 = ADVANCED_FACE('',(#2228),#1423,.T.);
#2228 = FACE_BOUND('',#2229,.F.);
#2229 = EDGE_LOOP('',(#2230,#2231,#2232,#2255,#2278,#2301));
#2230 = ORIENTED_EDGE('',*,*,#2077,.F.);
#2231 = ORIENTED_EDGE('',*,*,#1407,.T.);
#2232 = ORIENTED_EDGE('',*,*,#2233,.T.);
#2233 = EDGE_CURVE('',#1385,#2234,#2236,.T.);
#2234 = VERTEX_POINT('',#2235);
#2235 = CARTESIAN_POINT('',(-22.,68.815543553291,16.421191986468));
#2236 = SURFACE_CURVE('',#2237,(#2241,#2248),.PCURVE_S1.);
#2237 = LINE('',#2238,#2239);
#2238 = CARTESIAN_POINT('',(-15.5,68.815543553291,16.421191986468));
#2239 = VECTOR('',#2240,1.);
#2240 = DIRECTION('',(-1.,0.,-0.));
#2241 = PCURVE('',#1423,#2242);
#2242 = DEFINITIONAL_REPRESENTATION('',(#2243),#2247);
#2243 = LINE('',#2244,#2245);
#2244 = CARTESIAN_POINT('',(-9.,-0.));
#2245 = VECTOR('',#2246,1.);
#2246 = DIRECTION('',(-0.,1.));
#2247 = ( GEOMETRIC_REPRESENTATION_CONTEXT(2) 
PARAMETRIC_REPRESENTATION_CONTEXT() REPRESENTATION_CONTEXT('2D SPACE',''
  ) );
#2248 = PCURVE('',#488,#2249);
#2249 = DEFINITIONAL_REPRESENTATION('',(#2250),#2254);
#2250 = LINE('',#2251,#2252);
#2251 = CARTESIAN_POINT('',(0.,9.));
#2252 = VECTOR('',#2253,1.);
#2253 = DIRECTION('',(-1.,0.));
#2254 = ( GEOMETRIC_REPRESENTATION_CONTEXT(2) 
PARAMETRIC_REPRESENTATION_CONTEXT() REPRESENTATION_CONTEXT('2D SPACE',''
  ) );
#2255 = ORIENTED_EDGE('',*,*,#2256,.F.);
#2256 = EDGE_CURVE('',#2257,#2234,#2259,.T.);
#2257 = VERTEX_POINT('',#2258);
#2258 = CARTESIAN_POINT('',(-22.,68.815543553291,16.25702776483));
#2259 = SURFACE_CURVE('',#2260,(#2264,#2271),.PCURVE_S1.);
#2260 = LINE('',#2261,#2262);
#2261 = CARTESIAN_POINT('',(-22.,68.815543553291,7.421191986468));
#2262 = VECTOR('',#2263,1.);
#2263 = DIRECTION('',(0.,-0.,1.));
#2264 = PCURVE('',#1423,#2265);
#2265 = DEFINITIONAL_REPRESENTATION('',(#2266),#2270);
#2266 = LINE('',#2267,#2268);
#2267 = CARTESIAN_POINT('',(-0.,6.5));
#2268 = VECTOR('',#2269,1.);
#2269 = DIRECTION('',(-1.,0.));
#2270 = ( GEOMETRIC_REPRESENTATION_CONTEXT(2) 
PARAMETRIC_REPRESENTATION_CONTEXT() REPRESENTATION_CONTEXT('2D SPACE',''
  ) );
#2271 = PCURVE('',#517,#2272);
#2272 = DEFINITIONAL_REPRESENTATION('',(#2273),#2277);
#2273 = LINE('',#2274,#2275);
#2274 = CARTESIAN_POINT('',(-0.,-9.));
#2275 = VECTOR('',#2276,1.);
#2276 = DIRECTION('',(-1.,-0.));
#2277 = ( GEOMETRIC_REPRESENTATION_CONTEXT(2) 
PARAMETRIC_REPRESENTATION_CONTEXT() REPRESENTATION_CONTEXT('2D SPACE',''
  ) );
#2278 = ORIENTED_EDGE('',*,*,#2279,.F.);
#2279 = EDGE_CURVE('',#2280,#2257,#2282,.T.);
#2280 = VERTEX_POINT('',#2281);
#2281 = CARTESIAN_POINT('',(-20.,68.815543553291,16.25702776483));
#2282 = SURFACE_CURVE('',#2283,(#2287,#2294),.PCURVE_S1.);
#2283 = LINE('',#2284,#2285);
#2284 = CARTESIAN_POINT('',(-17.75,68.815543553291,16.25702776483));
#2285 = VECTOR('',#2286,1.);
#2286 = DIRECTION('',(-1.,-0.,-0.));
#2287 = PCURVE('',#1423,#2288);
#2288 = DEFINITIONAL_REPRESENTATION('',(#2289),#2293);
#2289 = LINE('',#2290,#2291);
#2290 = CARTESIAN_POINT('',(-8.835835778362,2.25));
#2291 = VECTOR('',#2292,1.);
#2292 = DIRECTION('',(-0.,1.));
#2293 = ( GEOMETRIC_REPRESENTATION_CONTEXT(2) 
PARAMETRIC_REPRESENTATION_CONTEXT() REPRESENTATION_CONTEXT('2D SPACE',''
  ) );
#2294 = PCURVE('',#549,#2295);
#2295 = DEFINITIONAL_REPRESENTATION('',(#2296),#2300);
#2296 = LINE('',#2297,#2298);
#2297 = CARTESIAN_POINT('',(2.25,47.384315196289));
#2298 = VECTOR('',#2299,1.);
#2299 = DIRECTION('',(-1.,0.));
#2300 = ( GEOMETRIC_REPRESENTATION_CONTEXT(2) 
PARAMETRIC_REPRESENTATION_CONTEXT() REPRESENTATION_CONTEXT('2D SPACE',''
  ) );
#2301 = ORIENTED_EDGE('',*,*,#2302,.F.);
#2302 = EDGE_CURVE('',#2078,#2280,#2303,.T.);
#2303 = SURFACE_CURVE('',#2304,(#2308,#2315),.PCURVE_S1.);
#2304 = LINE('',#2305,#2306);
#2305 = CARTESIAN_POINT('',(-20.,68.815543553291,10.959043161575));
#2306 = VECTOR('',#2307,1.);
#2307 = DIRECTION('',(-0.,-0.,1.));
#2308 = PCURVE('',#1423,#2309);
#2309 = DEFINITIONAL_REPRESENTATION('',(#2310),#2314);
#2310 = LINE('',#2311,#2312);
#2311 = CARTESIAN_POINT('',(-3.537851175106,4.5));
#2312 = VECTOR('',#2313,1.);
#2313 = DIRECTION('',(-1.,-0.));
#2314 = ( GEOMETRIC_REPRESENTATION_CONTEXT(2) 
PARAMETRIC_REPRESENTATION_CONTEXT() REPRESENTATION_CONTEXT('2D SPACE',''
  ) );
#2315 = PCURVE('',#2167,#2316);
#2316 = DEFINITIONAL_REPRESENTATION('',(#2317),#2321);
#2317 = LINE('',#2318,#2319);
#2318 = CARTESIAN_POINT('',(-5.294328212934,-47.18751674592));
#2319 = VECTOR('',#2320,1.);
#2320 = DIRECTION('',(0.999309852596,-3.714590832131E-02));
#2321 = ( GEOMETRIC_REPRESENTATION_CONTEXT(2) 
PARAMETRIC_REPRESENTATION_CONTEXT() REPRESENTATION_CONTEXT('2D SPACE',''
  ) );
#2322 = ADVANCED_FACE('',(#2323),#1288,.F.);
#2323 = FACE_BOUND('',#2324,.T.);
#2324 = EDGE_LOOP('',(#2325,#2326,#2327,#2350,#2373,#2401));
#2325 = ORIENTED_EDGE('',*,*,#2207,.F.);
#2326 = ORIENTED_EDGE('',*,*,#1272,.T.);
#2327 = ORIENTED_EDGE('',*,*,#2328,.T.);
#2328 = EDGE_CURVE('',#1273,#2329,#2331,.T.);
#2329 = VERTEX_POINT('',#2330);
#2330 = CARTESIAN_POINT('',(-22.,-12.81554355329,57.578808013532));
#2331 = SURFACE_CURVE('',#2332,(#2336,#2343),.PCURVE_S1.);
#2332 = LINE('',#2333,#2334);
#2333 = CARTESIAN_POINT('',(-15.5,-12.81554355329,57.578808013532));
#2334 = VECTOR('',#2335,1.);
#2335 = DIRECTION('',(-1.,0.,-0.));
#2336 = PCURVE('',#1288,#2337);
#2337 = DEFINITIONAL_REPRESENTATION('',(#2338),#2342);
#2338 = LINE('',#2339,#2340);
#2339 = CARTESIAN_POINT('',(-9.,-0.));
#2340 = VECTOR('',#2341,1.);
#2341 = DIRECTION('',(-0.,1.));
#2342 = ( GEOMETRIC_REPRESENTATION_CONTEXT(2) 
PARAMETRIC_REPRESENTATION_CONTEXT() REPRESENTATION_CONTEXT('2D SPACE',''
  ) );
#2343 = PCURVE('',#1316,#2344);
#2344 = DEFINITIONAL_REPRESENTATION('',(#2345),#2349);
#2345 = LINE('',#2346,#2347);
#2346 = CARTESIAN_POINT('',(0.,-0.));
#2347 = VECTOR('',#2348,1.);
#2348 = DIRECTION('',(-1.,0.));
#2349 = ( GEOMETRIC_REPRESENTATION_CONTEXT(2) 
PARAMETRIC_REPRESENTATION_CONTEXT() REPRESENTATION_CONTEXT('2D SPACE',''
  ) );
#2350 = ORIENTED_EDGE('',*,*,#2351,.F.);
#2351 = EDGE_CURVE('',#2352,#2329,#2354,.T.);
#2352 = VERTEX_POINT('',#2353);
#2353 = CARTESIAN_POINT('',(-22.,-12.81554355329,55.424882681915));
#2354 = SURFACE_CURVE('',#2355,(#2359,#2366),.PCURVE_S1.);
#2355 = LINE('',#2356,#2357);
#2356 = CARTESIAN_POINT('',(-22.,-12.81554355329,48.578808013532));
#2357 = VECTOR('',#2358,1.);
#2358 = DIRECTION('',(0.,-0.,1.));
#2359 = PCURVE('',#1288,#2360);
#2360 = DEFINITIONAL_REPRESENTATION('',(#2361),#2365);
#2361 = LINE('',#2362,#2363);
#2362 = CARTESIAN_POINT('',(-0.,6.5));
#2363 = VECTOR('',#2364,1.);
#2364 = DIRECTION('',(-1.,0.));
#2365 = ( GEOMETRIC_REPRESENTATION_CONTEXT(2) 
PARAMETRIC_REPRESENTATION_CONTEXT() REPRESENTATION_CONTEXT('2D SPACE',''
  ) );
#2366 = PCURVE('',#1796,#2367);
#2367 = DEFINITIONAL_REPRESENTATION('',(#2368),#2372);
#2368 = LINE('',#2369,#2370);
#2369 = CARTESIAN_POINT('',(-0.,-0.));
#2370 = VECTOR('',#2371,1.);
#2371 = DIRECTION('',(-1.,-0.));
#2372 = ( GEOMETRIC_REPRESENTATION_CONTEXT(2) 
PARAMETRIC_REPRESENTATION_CONTEXT() REPRESENTATION_CONTEXT('2D SPACE',''
  ) );
#2373 = ORIENTED_EDGE('',*,*,#2374,.T.);
#2374 = EDGE_CURVE('',#2352,#2375,#2377,.T.);
#2375 = VERTEX_POINT('',#2376);
#2376 = CARTESIAN_POINT('',(-20.,-12.81554355329,55.424882681915));
#2377 = SURFACE_CURVE('',#2378,(#2382,#2389),.PCURVE_S1.);
#2378 = LINE('',#2379,#2380);
#2379 = CARTESIAN_POINT('',(-17.75,-12.81554355329,55.424882681915));
#2380 = VECTOR('',#2381,1.);
#2381 = DIRECTION('',(1.,-0.,-0.));
#2382 = PCURVE('',#1288,#2383);
#2383 = DEFINITIONAL_REPRESENTATION('',(#2384),#2388);
#2384 = LINE('',#2385,#2386);
#2385 = CARTESIAN_POINT('',(-6.846074668383,2.25));
#2386 = VECTOR('',#2387,1.);
#2387 = DIRECTION('',(-0.,-1.));
#2388 = ( GEOMETRIC_REPRESENTATION_CONTEXT(2) 
PARAMETRIC_REPRESENTATION_CONTEXT() REPRESENTATION_CONTEXT('2D SPACE',''
  ) );
#2389 = PCURVE('',#2390,#2395);
#2390 = PLANE('',#2391);
#2391 = AXIS2_PLACEMENT_3D('',#2392,#2393,#2394);
#2392 = CARTESIAN_POINT('',(-20.,-72.57655239859,13.689360071517));
#2393 = DIRECTION('',(0.,-0.572567199687,0.81985779367));
#2394 = DIRECTION('',(1.,0.,0.));
#2395 = DEFINITIONAL_REPRESENTATION('',(#2396),#2400);
#2396 = LINE('',#2397,#2398);
#2397 = CARTESIAN_POINT('',(2.25,72.891920167953));
#2398 = VECTOR('',#2399,1.);
#2399 = DIRECTION('',(1.,-0.));
#2400 = ( GEOMETRIC_REPRESENTATION_CONTEXT(2) 
PARAMETRIC_REPRESENTATION_CONTEXT() REPRESENTATION_CONTEXT('2D SPACE',''
  ) );
#2401 = ORIENTED_EDGE('',*,*,#2402,.F.);
#2402 = EDGE_CURVE('',#2183,#2375,#2403,.T.);
#2403 = SURFACE_CURVE('',#2404,(#2408,#2415),.PCURVE_S1.);
#2404 = LINE('',#2405,#2406);
#2405 = CARTESIAN_POINT('',(-20.,-12.81554355329,31.380278404251));
#2406 = VECTOR('',#2407,1.);
#2407 = DIRECTION('',(-0.,-0.,1.));
#2408 = PCURVE('',#1288,#2409);
#2409 = DEFINITIONAL_REPRESENTATION('',(#2410),#2414);
#2410 = LINE('',#2411,#2412);
#2411 = CARTESIAN_POINT('',(17.19852960928,4.5));
#2412 = VECTOR('',#2413,1.);
#2413 = DIRECTION('',(-1.,-0.));
#2414 = ( GEOMETRIC_REPRESENTATION_CONTEXT(2) 
PARAMETRIC_REPRESENTATION_CONTEXT() REPRESENTATION_CONTEXT('2D SPACE',''
  ) );
#2415 = PCURVE('',#1674,#2416);
#2416 = DEFINITIONAL_REPRESENTATION('',(#2417),#2421);
#2417 = LINE('',#2418,#2419);
#2418 = CARTESIAN_POINT('',(36.491139927253,45.242732136922));
#2419 = VECTOR('',#2420,1.);
#2420 = DIRECTION('',(0.929277509994,-0.369382335014));
#2421 = ( GEOMETRIC_REPRESENTATION_CONTEXT(2) 
PARAMETRIC_REPRESENTATION_CONTEXT() REPRESENTATION_CONTEXT('2D SPACE',''
  ) );
#2422 = ADVANCED_FACE('',(#2423),#488,.T.);
#2423 = FACE_BOUND('',#2424,.F.);
#2424 = EDGE_LOOP('',(#2425,#2426,#2427,#2448));
#2425 = ORIENTED_EDGE('',*,*,#1384,.T.);
#2426 = ORIENTED_EDGE('',*,*,#472,.T.);
#2427 = ORIENTED_EDGE('',*,*,#2428,.T.);
#2428 = EDGE_CURVE('',#473,#2234,#2429,.T.);
#2429 = SURFACE_CURVE('',#2430,(#2434,#2441),.PCURVE_S1.);
#2430 = LINE('',#2431,#2432);
#2431 = CARTESIAN_POINT('',(-22.,59.815543553291,16.421191986468));
#2432 = VECTOR('',#2433,1.);
#2433 = DIRECTION('',(-0.,1.,0.));
#2434 = PCURVE('',#488,#2435);
#2435 = DEFINITIONAL_REPRESENTATION('',(#2436),#2440);
#2436 = LINE('',#2437,#2438);
#2437 = CARTESIAN_POINT('',(-6.5,0.));
#2438 = VECTOR('',#2439,1.);
#2439 = DIRECTION('',(-0.,1.));
#2440 = ( GEOMETRIC_REPRESENTATION_CONTEXT(2) 
PARAMETRIC_REPRESENTATION_CONTEXT() REPRESENTATION_CONTEXT('2D SPACE',''
  ) );
#2441 = PCURVE('',#517,#2442);
#2442 = DEFINITIONAL_REPRESENTATION('',(#2443),#2447);
#2443 = LINE('',#2444,#2445);
#2444 = CARTESIAN_POINT('',(-9.,-0.));
#2445 = VECTOR('',#2446,1.);
#2446 = DIRECTION('',(-0.,-1.));
#2447 = ( GEOMETRIC_REPRESENTATION_CONTEXT(2) 
PARAMETRIC_REPRESENTATION_CONTEXT() REPRESENTATION_CONTEXT('2D SPACE',''
  ) );
#2448 = ORIENTED_EDGE('',*,*,#2233,.F.);
#2449 = ADVANCED_FACE('',(#2450),#1316,.T.);
#2450 = FACE_BOUND('',#2451,.F.);
#2451 = EDGE_LOOP('',(#2452,#2475,#2476,#2477));
#2452 = ORIENTED_EDGE('',*,*,#2453,.F.);
#2453 = EDGE_CURVE('',#1301,#2454,#2456,.T.);
#2454 = VERTEX_POINT('',#2455);
#2455 = CARTESIAN_POINT('',(-22.,-3.815543553291,57.578808013532));
#2456 = SURFACE_CURVE('',#2457,(#2461,#2468),.PCURVE_S1.);
#2457 = LINE('',#2458,#2459);
#2458 = CARTESIAN_POINT('',(-15.5,-3.815543553291,57.578808013532));
#2459 = VECTOR('',#2460,1.);
#2460 = DIRECTION('',(-1.,0.,-0.));
#2461 = PCURVE('',#1316,#2462);
#2462 = DEFINITIONAL_REPRESENTATION('',(#2463),#2467);
#2463 = LINE('',#2464,#2465);
#2464 = CARTESIAN_POINT('',(0.,9.));
#2465 = VECTOR('',#2466,1.);
#2466 = DIRECTION('',(-1.,0.));
#2467 = ( GEOMETRIC_REPRESENTATION_CONTEXT(2) 
PARAMETRIC_REPRESENTATION_CONTEXT() REPRESENTATION_CONTEXT('2D SPACE',''
  ) );
#2468 = PCURVE('',#1344,#2469);
#2469 = DEFINITIONAL_REPRESENTATION('',(#2470),#2474);
#2470 = LINE('',#2471,#2472);
#2471 = CARTESIAN_POINT('',(-9.,-0.));
#2472 = VECTOR('',#2473,1.);
#2473 = DIRECTION('',(-0.,1.));
#2474 = ( GEOMETRIC_REPRESENTATION_CONTEXT(2) 
PARAMETRIC_REPRESENTATION_CONTEXT() REPRESENTATION_CONTEXT('2D SPACE',''
  ) );
#2475 = ORIENTED_EDGE('',*,*,#1300,.T.);
#2476 = ORIENTED_EDGE('',*,*,#2328,.T.);
#2477 = ORIENTED_EDGE('',*,*,#2478,.T.);
#2478 = EDGE_CURVE('',#2329,#2454,#2479,.T.);
#2479 = SURFACE_CURVE('',#2480,(#2484,#2491),.PCURVE_S1.);
#2480 = LINE('',#2481,#2482);
#2481 = CARTESIAN_POINT('',(-22.,-12.81554355329,57.578808013532));
#2482 = VECTOR('',#2483,1.);
#2483 = DIRECTION('',(-0.,1.,0.));
#2484 = PCURVE('',#1316,#2485);
#2485 = DEFINITIONAL_REPRESENTATION('',(#2486),#2490);
#2486 = LINE('',#2487,#2488);
#2487 = CARTESIAN_POINT('',(-6.5,0.));
#2488 = VECTOR('',#2489,1.);
#2489 = DIRECTION('',(-0.,1.));
#2490 = ( GEOMETRIC_REPRESENTATION_CONTEXT(2) 
PARAMETRIC_REPRESENTATION_CONTEXT() REPRESENTATION_CONTEXT('2D SPACE',''
  ) );
#2491 = PCURVE('',#1796,#2492);
#2492 = DEFINITIONAL_REPRESENTATION('',(#2493),#2497);
#2493 = LINE('',#2494,#2495);
#2494 = CARTESIAN_POINT('',(-9.,-0.));
#2495 = VECTOR('',#2496,1.);
#2496 = DIRECTION('',(-0.,-1.));
#2497 = ( GEOMETRIC_REPRESENTATION_CONTEXT(2) 
PARAMETRIC_REPRESENTATION_CONTEXT() REPRESENTATION_CONTEXT('2D SPACE',''
  ) );
#2498 = ADVANCED_FACE('',(#2499),#1344,.T.);
#2499 = FACE_BOUND('',#2500,.F.);
#2500 = EDGE_LOOP('',(#2501,#2522,#2523,#2524));
#2501 = ORIENTED_EDGE('',*,*,#2502,.F.);
#2502 = EDGE_CURVE('',#1780,#2454,#2503,.T.);
#2503 = SURFACE_CURVE('',#2504,(#2508,#2515),.PCURVE_S1.);
#2504 = LINE('',#2505,#2506);
#2505 = CARTESIAN_POINT('',(-22.,-3.815543553291,48.578808013532));
#2506 = VECTOR('',#2507,1.);
#2507 = DIRECTION('',(0.,-0.,1.));
#2508 = PCURVE('',#1344,#2509);
#2509 = DEFINITIONAL_REPRESENTATION('',(#2510),#2514);
#2510 = LINE('',#2511,#2512);
#2511 = CARTESIAN_POINT('',(-0.,6.5));
#2512 = VECTOR('',#2513,1.);
#2513 = DIRECTION('',(-1.,0.));
#2514 = ( GEOMETRIC_REPRESENTATION_CONTEXT(2) 
PARAMETRIC_REPRESENTATION_CONTEXT() REPRESENTATION_CONTEXT('2D SPACE',''
  ) );
#2515 = PCURVE('',#1796,#2516);
#2516 = DEFINITIONAL_REPRESENTATION('',(#2517),#2521);
#2517 = LINE('',#2518,#2519);
#2518 = CARTESIAN_POINT('',(-0.,-9.));
#2519 = VECTOR('',#2520,1.);
#2520 = DIRECTION('',(-1.,-0.));
#2521 = ( GEOMETRIC_REPRESENTATION_CONTEXT(2) 
PARAMETRIC_REPRESENTATION_CONTEXT() REPRESENTATION_CONTEXT('2D SPACE',''
  ) );
#2522 = ORIENTED_EDGE('',*,*,#1812,.F.);
#2523 = ORIENTED_EDGE('',*,*,#1328,.T.);
#2524 = ORIENTED_EDGE('',*,*,#2453,.T.);
#2525 = ADVANCED_FACE('',(#2526),#1594,.T.);
#2526 = FACE_BOUND('',#2527,.F.);
#2527 = EDGE_LOOP('',(#2528,#2529,#2550,#2551));
#2528 = ORIENTED_EDGE('',*,*,#2002,.T.);
#2529 = ORIENTED_EDGE('',*,*,#2530,.T.);
#2530 = EDGE_CURVE('',#1975,#1546,#2531,.T.);
#2531 = SURFACE_CURVE('',#2532,(#2536,#2543),.PCURVE_S1.);
#2532 = LINE('',#2533,#2534);
#2533 = CARTESIAN_POINT('',(-15.,-15.56281047549,56.015263718226));
#2534 = VECTOR('',#2535,1.);
#2535 = DIRECTION('',(-0.,0.870022185849,-0.493012571981));
#2536 = PCURVE('',#1594,#2537);
#2537 = DEFINITIONAL_REPRESENTATION('',(#2538),#2542);
#2538 = LINE('',#2539,#2540);
#2539 = CARTESIAN_POINT('',(-18.,0.));
#2540 = VECTOR('',#2541,1.);
#2541 = DIRECTION('',(-0.,1.));
#2542 = ( GEOMETRIC_REPRESENTATION_CONTEXT(2) 
PARAMETRIC_REPRESENTATION_CONTEXT() REPRESENTATION_CONTEXT('2D SPACE',''
  ) );
#2543 = PCURVE('',#1562,#2544);
#2544 = DEFINITIONAL_REPRESENTATION('',(#2545),#2549);
#2545 = LINE('',#2546,#2547);
#2546 = CARTESIAN_POINT('',(-0.,0.));
#2547 = VECTOR('',#2548,1.);
#2548 = DIRECTION('',(-1.032816229702E-17,-1.));
#2549 = ( GEOMETRIC_REPRESENTATION_CONTEXT(2) 
PARAMETRIC_REPRESENTATION_CONTEXT() REPRESENTATION_CONTEXT('2D SPACE',''
  ) );
#2550 = ORIENTED_EDGE('',*,*,#1578,.F.);
#2551 = ORIENTED_EDGE('',*,*,#1840,.F.);
#2552 = ADVANCED_FACE('',(#2553),#1562,.F.);
#2553 = FACE_BOUND('',#2554,.T.);
#2554 = EDGE_LOOP('',(#2555,#2556,#2557,#2558));
#2555 = ORIENTED_EDGE('',*,*,#1974,.T.);
#2556 = ORIENTED_EDGE('',*,*,#2530,.T.);
#2557 = ORIENTED_EDGE('',*,*,#1545,.F.);
#2558 = ORIENTED_EDGE('',*,*,#2559,.F.);
#2559 = EDGE_CURVE('',#1952,#1518,#2560,.T.);
#2560 = SURFACE_CURVE('',#2561,(#2565,#2572),.PCURVE_S1.);
#2561 = LINE('',#2562,#2563);
#2562 = CARTESIAN_POINT('',(-15.,-12.30892750041,61.757410144827));
#2563 = VECTOR('',#2564,1.);
#2564 = DIRECTION('',(-0.,0.870022185849,-0.493012571981));
#2565 = PCURVE('',#1562,#2566);
#2566 = DEFINITIONAL_REPRESENTATION('',(#2567),#2571);
#2567 = LINE('',#2568,#2569);
#2568 = CARTESIAN_POINT('',(-6.6,-8.737502462353E-16));
#2569 = VECTOR('',#2570,1.);
#2570 = DIRECTION('',(-1.032816229702E-17,-1.));
#2571 = ( GEOMETRIC_REPRESENTATION_CONTEXT(2) 
PARAMETRIC_REPRESENTATION_CONTEXT() REPRESENTATION_CONTEXT('2D SPACE',''
  ) );
#2572 = PCURVE('',#1533,#2573);
#2573 = DEFINITIONAL_REPRESENTATION('',(#2574),#2578);
#2574 = LINE('',#2575,#2576);
#2575 = CARTESIAN_POINT('',(-18.,0.));
#2576 = VECTOR('',#2577,1.);
#2577 = DIRECTION('',(-0.,1.));
#2578 = ( GEOMETRIC_REPRESENTATION_CONTEXT(2) 
PARAMETRIC_REPRESENTATION_CONTEXT() REPRESENTATION_CONTEXT('2D SPACE',''
  ) );
#2579 = ADVANCED_FACE('',(#2580),#1533,.F.);
#2580 = FACE_BOUND('',#2581,.T.);
#2581 = EDGE_LOOP('',(#2582,#2583,#2584,#2585));
#2582 = ORIENTED_EDGE('',*,*,#1951,.T.);
#2583 = ORIENTED_EDGE('',*,*,#2559,.T.);
#2584 = ORIENTED_EDGE('',*,*,#1517,.F.);
#2585 = ORIENTED_EDGE('',*,*,#1922,.F.);
#2586 = ADVANCED_FACE('',(#2587),#639,.T.);
#2587 = FACE_BOUND('',#2588,.F.);
#2588 = EDGE_LOOP('',(#2589,#2590,#2591,#2592,#2615));
#2589 = ORIENTED_EDGE('',*,*,#622,.F.);
#2590 = ORIENTED_EDGE('',*,*,#2053,.F.);
#2591 = ORIENTED_EDGE('',*,*,#2102,.T.);
#2592 = ORIENTED_EDGE('',*,*,#2593,.T.);
#2593 = EDGE_CURVE('',#2103,#2594,#2596,.T.);
#2594 = VERTEX_POINT('',#2595);
#2595 = CARTESIAN_POINT('',(-22.,64.148386965845,7.424297649787));
#2596 = SURFACE_CURVE('',#2597,(#2601,#2608),.PCURVE_S1.);
#2597 = LINE('',#2598,#2599);
#2598 = CARTESIAN_POINT('',(-22.,87.827240393216,6.544117677297));
#2599 = VECTOR('',#2600,1.);
#2600 = DIRECTION('',(-0.,-0.999309852596,3.714590832131E-02));
#2601 = PCURVE('',#639,#2602);
#2602 = DEFINITIONAL_REPRESENTATION('',(#2603),#2607);
#2603 = LINE('',#2604,#2605);
#2604 = CARTESIAN_POINT('',(0.877074309171,-28.01169683992));
#2605 = VECTOR('',#2606,1.);
#2606 = DIRECTION('',(-3.714590832131E-02,0.999309852596));
#2607 = ( GEOMETRIC_REPRESENTATION_CONTEXT(2) 
PARAMETRIC_REPRESENTATION_CONTEXT() REPRESENTATION_CONTEXT('2D SPACE',''
  ) );
#2608 = PCURVE('',#2141,#2609);
#2609 = DEFINITIONAL_REPRESENTATION('',(#2610),#2614);
#2610 = LINE('',#2611,#2612);
#2611 = CARTESIAN_POINT('',(-2.,28.024944361943));
#2612 = VECTOR('',#2613,1.);
#2613 = DIRECTION('',(-0.,1.));
#2614 = ( GEOMETRIC_REPRESENTATION_CONTEXT(2) 
PARAMETRIC_REPRESENTATION_CONTEXT() REPRESENTATION_CONTEXT('2D SPACE',''
  ) );
#2615 = ORIENTED_EDGE('',*,*,#2616,.T.);
#2616 = EDGE_CURVE('',#2594,#595,#2617,.T.);
#2617 = SURFACE_CURVE('',#2618,(#2622,#2629),.PCURVE_S1.);
#2618 = LINE('',#2619,#2620);
#2619 = CARTESIAN_POINT('',(-22.,64.312496642997,11.839223134065));
#2620 = VECTOR('',#2621,1.);
#2621 = DIRECTION('',(-0.,3.714590832131E-02,0.999309852596));
#2622 = PCURVE('',#639,#2623);
#2623 = DEFINITIONAL_REPRESENTATION('',(#2624),#2628);
#2624 = LINE('',#2625,#2626);
#2625 = CARTESIAN_POINT('',(-4.418031147596,-4.496953089706));
#2626 = VECTOR('',#2627,1.);
#2627 = DIRECTION('',(-0.999309852596,-3.714590832131E-02));
#2628 = ( GEOMETRIC_REPRESENTATION_CONTEXT(2) 
PARAMETRIC_REPRESENTATION_CONTEXT() REPRESENTATION_CONTEXT('2D SPACE',''
  ) );
#2629 = PCURVE('',#610,#2630);
#2630 = DEFINITIONAL_REPRESENTATION('',(#2631),#2635);
#2631 = LINE('',#2632,#2633);
#2632 = CARTESIAN_POINT('',(-4.582025462063,2.));
#2633 = VECTOR('',#2634,1.);
#2634 = DIRECTION('',(1.,-0.));
#2635 = ( GEOMETRIC_REPRESENTATION_CONTEXT(2) 
PARAMETRIC_REPRESENTATION_CONTEXT() REPRESENTATION_CONTEXT('2D SPACE',''
  ) );
#2636 = ADVANCED_FACE('',(#2637),#610,.T.);
#2637 = FACE_BOUND('',#2638,.F.);
#2638 = EDGE_LOOP('',(#2639,#2640,#2641,#2664));
#2639 = ORIENTED_EDGE('',*,*,#594,.F.);
#2640 = ORIENTED_EDGE('',*,*,#2616,.F.);
#2641 = ORIENTED_EDGE('',*,*,#2642,.T.);
#2642 = EDGE_CURVE('',#2594,#2643,#2645,.T.);
#2643 = VERTEX_POINT('',#2644);
#2644 = CARTESIAN_POINT('',(-24.,64.148386965845,7.424297649787));
#2645 = SURFACE_CURVE('',#2646,(#2650,#2657),.PCURVE_S1.);
#2646 = LINE('',#2647,#2648);
#2647 = CARTESIAN_POINT('',(-20.,64.148386965845,7.424297649787));
#2648 = VECTOR('',#2649,1.);
#2649 = DIRECTION('',(-1.,0.,-0.));
#2650 = PCURVE('',#610,#2651);
#2651 = DEFINITIONAL_REPRESENTATION('',(#2652),#2656);
#2652 = LINE('',#2653,#2654);
#2653 = CARTESIAN_POINT('',(-9.,0.));
#2654 = VECTOR('',#2655,1.);
#2655 = DIRECTION('',(-0.,1.));
#2656 = ( GEOMETRIC_REPRESENTATION_CONTEXT(2) 
PARAMETRIC_REPRESENTATION_CONTEXT() REPRESENTATION_CONTEXT('2D SPACE',''
  ) );
#2657 = PCURVE('',#2141,#2658);
#2658 = DEFINITIONAL_REPRESENTATION('',(#2659),#2663);
#2659 = LINE('',#2660,#2661);
#2660 = CARTESIAN_POINT('',(-0.,51.72015097465));
#2661 = VECTOR('',#2662,1.);
#2662 = DIRECTION('',(-1.,0.));
#2663 = ( GEOMETRIC_REPRESENTATION_CONTEXT(2) 
PARAMETRIC_REPRESENTATION_CONTEXT() REPRESENTATION_CONTEXT('2D SPACE',''
  ) );
#2664 = ORIENTED_EDGE('',*,*,#2665,.F.);
#2665 = EDGE_CURVE('',#562,#2643,#2666,.T.);
#2666 = SURFACE_CURVE('',#2667,(#2671,#2678),.PCURVE_S1.);
#2667 = LINE('',#2668,#2669);
#2668 = CARTESIAN_POINT('',(-24.,64.482700140737,16.418086323149));
#2669 = VECTOR('',#2670,1.);
#2670 = DIRECTION('',(0.,-3.714590832131E-02,-0.999309852596));
#2671 = PCURVE('',#610,#2672);
#2672 = DEFINITIONAL_REPRESENTATION('',(#2673),#2677);
#2673 = LINE('',#2674,#2675);
#2674 = CARTESIAN_POINT('',(-0.,4.));
#2675 = VECTOR('',#2676,1.);
#2676 = DIRECTION('',(-1.,0.));
#2677 = ( GEOMETRIC_REPRESENTATION_CONTEXT(2) 
PARAMETRIC_REPRESENTATION_CONTEXT() REPRESENTATION_CONTEXT('2D SPACE',''
  ) );
#2678 = PCURVE('',#578,#2679);
#2679 = DEFINITIONAL_REPRESENTATION('',(#2680),#2684);
#2680 = LINE('',#2681,#2682);
#2681 = CARTESIAN_POINT('',(-39.14423267522,-38.66524484838));
#2682 = VECTOR('',#2683,1.);
#2683 = DIRECTION('',(-0.684126158891,0.729363694408));
#2684 = ( GEOMETRIC_REPRESENTATION_CONTEXT(2) 
PARAMETRIC_REPRESENTATION_CONTEXT() REPRESENTATION_CONTEXT('2D SPACE',''
  ) );
#2685 = ADVANCED_FACE('',(#2686),#578,.T.);
#2686 = FACE_BOUND('',#2687,.F.);
#2687 = EDGE_LOOP('',(#2688,#2711,#2739,#2767,#2795,#2823,#2851,#2884,
    #2912,#2933,#2934));
#2688 = ORIENTED_EDGE('',*,*,#2689,.F.);
#2689 = EDGE_CURVE('',#2690,#2643,#2692,.T.);
#2690 = VERTEX_POINT('',#2691);
#2691 = CARTESIAN_POINT('',(-24.,102.46524981249,6.));
#2692 = SURFACE_CURVE('',#2693,(#2697,#2704),.PCURVE_S1.);
#2693 = LINE('',#2694,#2695);
#2694 = CARTESIAN_POINT('',(-24.,115.83284341255,5.503105663319));
#2695 = VECTOR('',#2696,1.);
#2696 = DIRECTION('',(0.,-0.999309852596,3.714590832131E-02));
#2697 = PCURVE('',#578,#2698);
#2698 = DEFINITIONAL_REPRESENTATION('',(#2699),#2703);
#2699 = LINE('',#2700,#2701);
#2700 = CARTESIAN_POINT('',(-7.578567715009,3.282136624838));
#2701 = VECTOR('',#2702,1.);
#2702 = DIRECTION('',(-0.729363694408,-0.684126158891));
#2703 = ( GEOMETRIC_REPRESENTATION_CONTEXT(2) 
PARAMETRIC_REPRESENTATION_CONTEXT() REPRESENTATION_CONTEXT('2D SPACE',''
  ) );
#2704 = PCURVE('',#2141,#2705);
#2705 = DEFINITIONAL_REPRESENTATION('',(#2706),#2710);
#2706 = LINE('',#2707,#2708);
#2707 = CARTESIAN_POINT('',(-4.,0.));
#2708 = VECTOR('',#2709,1.);
#2709 = DIRECTION('',(-0.,1.));
#2710 = ( GEOMETRIC_REPRESENTATION_CONTEXT(2) 
PARAMETRIC_REPRESENTATION_CONTEXT() REPRESENTATION_CONTEXT('2D SPACE',''
  ) );
#2711 = ORIENTED_EDGE('',*,*,#2712,.F.);
#2712 = EDGE_CURVE('',#2713,#2690,#2715,.T.);
#2713 = VERTEX_POINT('',#2714);
#2714 = CARTESIAN_POINT('',(-24.,127.98131715795,6.));
#2715 = SURFACE_CURVE('',#2716,(#2720,#2727),.PCURVE_S1.);
#2716 = LINE('',#2717,#2718);
#2717 = CARTESIAN_POINT('',(-24.,-32.80288616956,6.));
#2718 = VECTOR('',#2719,1.);
#2719 = DIRECTION('',(-0.,-1.,-0.));
#2720 = PCURVE('',#578,#2721);
#2721 = DEFINITIONAL_REPRESENTATION('',(#2722),#2726);
#2722 = LINE('',#2723,#2724);
#2723 = CARTESIAN_POINT('',(-119.3642161482,-94.68110044269));
#2724 = VECTOR('',#2725,1.);
#2725 = DIRECTION('',(-0.754272813526,-0.656561134073));
#2726 = ( GEOMETRIC_REPRESENTATION_CONTEXT(2) 
PARAMETRIC_REPRESENTATION_CONTEXT() REPRESENTATION_CONTEXT('2D SPACE',''
  ) );
#2727 = PCURVE('',#2728,#2733);
#2728 = PLANE('',#2729);
#2729 = AXIS2_PLACEMENT_3D('',#2730,#2731,#2732);
#2730 = CARTESIAN_POINT('',(40.,-185.,6.));
#2731 = DIRECTION('',(-0.,-0.,1.));
#2732 = DIRECTION('',(1.,0.,0.));
#2733 = DEFINITIONAL_REPRESENTATION('',(#2734),#2738);
#2734 = LINE('',#2735,#2736);
#2735 = CARTESIAN_POINT('',(-64.,152.19711383043));
#2736 = VECTOR('',#2737,1.);
#2737 = DIRECTION('',(-0.,-1.));
#2738 = ( GEOMETRIC_REPRESENTATION_CONTEXT(2) 
PARAMETRIC_REPRESENTATION_CONTEXT() REPRESENTATION_CONTEXT('2D SPACE',''
  ) );
#2739 = ORIENTED_EDGE('',*,*,#2740,.T.);
#2740 = EDGE_CURVE('',#2713,#2741,#2743,.T.);
#2741 = VERTEX_POINT('',#2742);
#2742 = CARTESIAN_POINT('',(-24.,128.57194048236,13.527396621454));
#2743 = SURFACE_CURVE('',#2744,(#2748,#2755),.PCURVE_S1.);
#2744 = LINE('',#2745,#2746);
#2745 = CARTESIAN_POINT('',(-24.,127.8679358094,4.554973458202));
#2746 = VECTOR('',#2747,1.);
#2747 = DIRECTION('',(0.,7.822274143943E-02,0.996935907028));
#2748 = PCURVE('',#578,#2749);
#2749 = DEFINITIONAL_REPRESENTATION('',(#2750),#2754);
#2750 = LINE('',#2751,#2752);
#2751 = CARTESIAN_POINT('',(0.876668532372,11.899060883536));
#2752 = VECTOR('',#2753,1.);
#2753 = DIRECTION('',(0.713550656983,-0.70060363967));
#2754 = ( GEOMETRIC_REPRESENTATION_CONTEXT(2) 
PARAMETRIC_REPRESENTATION_CONTEXT() REPRESENTATION_CONTEXT('2D SPACE',''
  ) );
#2755 = PCURVE('',#2756,#2761);
#2756 = PLANE('',#2757);
#2757 = AXIS2_PLACEMENT_3D('',#2758,#2759,#2760);
#2758 = CARTESIAN_POINT('',(-20.,127.8679358094,4.554973458202));
#2759 = DIRECTION('',(-0.,0.996935907028,-7.822274143943E-02));
#2760 = DIRECTION('',(0.,-7.822274143943E-02,-0.996935907028));
#2761 = DEFINITIONAL_REPRESENTATION('',(#2762),#2766);
#2762 = LINE('',#2763,#2764);
#2763 = CARTESIAN_POINT('',(-0.,4.));
#2764 = VECTOR('',#2765,1.);
#2765 = DIRECTION('',(-1.,0.));
#2766 = ( GEOMETRIC_REPRESENTATION_CONTEXT(2) 
PARAMETRIC_REPRESENTATION_CONTEXT() REPRESENTATION_CONTEXT('2D SPACE',''
  ) );
#2767 = ORIENTED_EDGE('',*,*,#2768,.F.);
#2768 = EDGE_CURVE('',#2769,#2741,#2771,.T.);
#2769 = VERTEX_POINT('',#2770);
#2770 = CARTESIAN_POINT('',(-24.,118.18623825451,14.342291635575));
#2771 = SURFACE_CURVE('',#2772,(#2776,#2783),.PCURVE_S1.);
#2772 = LINE('',#2773,#2774);
#2773 = CARTESIAN_POINT('',(-24.,116.35200233647,14.486211581626));
#2774 = VECTOR('',#2775,1.);
#2775 = DIRECTION('',(-0.,0.996935907028,-7.822274143943E-02));
#2776 = PCURVE('',#578,#2777);
#2777 = DEFINITIONAL_REPRESENTATION('',(#2778),#2782);
#2778 = LINE('',#2779,#2780);
#2779 = CARTESIAN_POINT('',(-1.289022043574,-3.152716378514));
#2780 = VECTOR('',#2781,1.);
#2781 = DIRECTION('',(0.70060363967,0.713550656983));
#2782 = ( GEOMETRIC_REPRESENTATION_CONTEXT(2) 
PARAMETRIC_REPRESENTATION_CONTEXT() REPRESENTATION_CONTEXT('2D SPACE',''
  ) );
#2783 = PCURVE('',#2784,#2789);
#2784 = PLANE('',#2785);
#2785 = AXIS2_PLACEMENT_3D('',#2786,#2787,#2788);
#2786 = CARTESIAN_POINT('',(-20.,116.35200233647,14.486211581626));
#2787 = DIRECTION('',(0.,7.822274143943E-02,0.996935907028));
#2788 = DIRECTION('',(1.,0.,0.));
#2789 = DEFINITIONAL_REPRESENTATION('',(#2790),#2794);
#2790 = LINE('',#2791,#2792);
#2791 = CARTESIAN_POINT('',(-4.,0.));
#2792 = VECTOR('',#2793,1.);
#2793 = DIRECTION('',(-0.,1.));
#2794 = ( GEOMETRIC_REPRESENTATION_CONTEXT(2) 
PARAMETRIC_REPRESENTATION_CONTEXT() REPRESENTATION_CONTEXT('2D SPACE',''
  ) );
#2795 = ORIENTED_EDGE('',*,*,#2796,.T.);
#2796 = EDGE_CURVE('',#2769,#2797,#2799,.T.);
#2797 = VERTEX_POINT('',#2798);
#2798 = CARTESIAN_POINT('',(-24.,50.312386366994,92.317362914154));
#2799 = SURFACE_CURVE('',#2800,(#2804,#2811),.PCURVE_S1.);
#2800 = LINE('',#2801,#2802);
#2801 = CARTESIAN_POINT('',(-24.,119.39422766086,12.954525103328));
#2802 = VECTOR('',#2803,1.);
#2803 = DIRECTION('',(0.,-0.656561134073,0.754272813526));
#2804 = PCURVE('',#578,#2805);
#2805 = DEFINITIONAL_REPRESENTATION('',(#2806),#2810);
#2806 = LINE('',#2807,#2808);
#2807 = CARTESIAN_POINT('',(0.,-0.));
#2808 = VECTOR('',#2809,1.);
#2809 = DIRECTION('',(-7.988307251492E-19,-1.));
#2810 = ( GEOMETRIC_REPRESENTATION_CONTEXT(2) 
PARAMETRIC_REPRESENTATION_CONTEXT() REPRESENTATION_CONTEXT('2D SPACE',''
  ) );
#2811 = PCURVE('',#2812,#2817);
#2812 = PLANE('',#2813);
#2813 = AXIS2_PLACEMENT_3D('',#2814,#2815,#2816);
#2814 = CARTESIAN_POINT('',(-20.,119.39422766086,12.954525103328));
#2815 = DIRECTION('',(0.,-0.754272813526,-0.656561134073));
#2816 = DIRECTION('',(1.,0.,0.));
#2817 = DEFINITIONAL_REPRESENTATION('',(#2818),#2822);
#2818 = LINE('',#2819,#2820);
#2819 = CARTESIAN_POINT('',(-4.,0.));
#2820 = VECTOR('',#2821,1.);
#2821 = DIRECTION('',(-0.,1.));
#2822 = ( GEOMETRIC_REPRESENTATION_CONTEXT(2) 
PARAMETRIC_REPRESENTATION_CONTEXT() REPRESENTATION_CONTEXT('2D SPACE',''
  ) );
#2823 = ORIENTED_EDGE('',*,*,#2824,.T.);
#2824 = EDGE_CURVE('',#2797,#2825,#2827,.T.);
#2825 = VERTEX_POINT('',#2826);
#2826 = CARTESIAN_POINT('',(-24.,47.321947853325,89.714318409964));
#2827 = SURFACE_CURVE('',#2828,(#2832,#2839),.PCURVE_S1.);
#2828 = LINE('',#2829,#2830);
#2829 = CARTESIAN_POINT('',(-24.,50.312386366994,92.317362914154));
#2830 = VECTOR('',#2831,1.);
#2831 = DIRECTION('',(0.,-0.754272813526,-0.656561134073));
#2832 = PCURVE('',#578,#2833);
#2833 = DEFINITIONAL_REPRESENTATION('',(#2834),#2838);
#2834 = LINE('',#2835,#2836);
#2835 = CARTESIAN_POINT('',(-5.341645114081E-15,-105.2176830287));
#2836 = VECTOR('',#2837,1.);
#2837 = DIRECTION('',(-1.,-7.988307251492E-19));
#2838 = ( GEOMETRIC_REPRESENTATION_CONTEXT(2) 
PARAMETRIC_REPRESENTATION_CONTEXT() REPRESENTATION_CONTEXT('2D SPACE',''
  ) );
#2839 = PCURVE('',#2840,#2845);
#2840 = PLANE('',#2841);
#2841 = AXIS2_PLACEMENT_3D('',#2842,#2843,#2844);
#2842 = CARTESIAN_POINT('',(-20.,50.312386366994,92.317362914154));
#2843 = DIRECTION('',(0.,-0.656561134073,0.754272813526));
#2844 = DIRECTION('',(0.,0.754272813526,0.656561134073));
#2845 = DEFINITIONAL_REPRESENTATION('',(#2846),#2850);
#2846 = LINE('',#2847,#2848);
#2847 = CARTESIAN_POINT('',(-0.,4.));
#2848 = VECTOR('',#2849,1.);
#2849 = DIRECTION('',(-1.,0.));
#2850 = ( GEOMETRIC_REPRESENTATION_CONTEXT(2) 
PARAMETRIC_REPRESENTATION_CONTEXT() REPRESENTATION_CONTEXT('2D SPACE',''
  ) );
#2851 = ORIENTED_EDGE('',*,*,#2852,.F.);
#2852 = EDGE_CURVE('',#2853,#2825,#2855,.T.);
#2853 = VERTEX_POINT('',#2854);
#2854 = CARTESIAN_POINT('',(-24.,46.201600700362,83.33214307205));
#2855 = SURFACE_CURVE('',#2856,(#2861,#2872),.PCURVE_S1.);
#2856 = CIRCLE('',#2857,6.3);
#2857 = AXIS2_PLACEMENT_3D('',#2858,#2859,#2860);
#2858 = CARTESIAN_POINT('',(-24.,41.44007728523,87.457418186167));
#2859 = DIRECTION('',(1.,0.,-1.110223024625E-16));
#2860 = DIRECTION('',(-1.110223024625E-16,-0.,-1.));
#2861 = PCURVE('',#578,#2862);
#2862 = DEFINITIONAL_REPRESENTATION('',(#2863),#2871);
#2863 = ( BOUNDED_CURVE() B_SPLINE_CURVE(2,(#2864,#2865,#2866,#2867,
#2868,#2869,#2870),.UNSPECIFIED.,.T.,.F.) B_SPLINE_CURVE_WITH_KNOTS((1,2
    ,2,2,2,1),(-2.094395102393,0.,2.094395102393,4.188790204786,
6.28318530718,8.377580409573),.UNSPECIFIED.) CURVE() 
GEOMETRIC_REPRESENTATION_ITEM() RATIONAL_B_SPLINE_CURVE((1.,0.5,1.,0.5,
1.,0.5,1.)) REPRESENTATION_ITEM('') );
#2864 = CARTESIAN_POINT('',(-14.01932750037,-102.6252534325));
#2865 = CARTESIAN_POINT('',(-5.788762834863,-95.46091080486));
#2866 = CARTESIAN_POINT('',(-3.699542450631,-106.1709602065));
#2867 = CARTESIAN_POINT('',(-1.610322066399,-116.8810096081));
#2868 = CARTESIAN_POINT('',(-11.93010711614,-113.3353028342));
#2869 = CARTESIAN_POINT('',(-22.24989216588,-109.7895960602));
#2870 = CARTESIAN_POINT('',(-14.01932750037,-102.6252534325));
#2871 = ( GEOMETRIC_REPRESENTATION_CONTEXT(2) 
PARAMETRIC_REPRESENTATION_CONTEXT() REPRESENTATION_CONTEXT('2D SPACE',''
  ) );
#2872 = PCURVE('',#2873,#2878);
#2873 = CYLINDRICAL_SURFACE('',#2874,6.3);
#2874 = AXIS2_PLACEMENT_3D('',#2875,#2876,#2877);
#2875 = CARTESIAN_POINT('',(-3.5,41.44007728523,87.457418186167));
#2876 = DIRECTION('',(-1.,-0.,1.110223024625E-16));
#2877 = DIRECTION('',(-1.110223024625E-16,-0.,-1.));
#2878 = DEFINITIONAL_REPRESENTATION('',(#2879),#2883);
#2879 = LINE('',#2880,#2881);
#2880 = CARTESIAN_POINT('',(-0.,20.5));
#2881 = VECTOR('',#2882,1.);
#2882 = DIRECTION('',(-1.,0.));
#2883 = ( GEOMETRIC_REPRESENTATION_CONTEXT(2) 
PARAMETRIC_REPRESENTATION_CONTEXT() REPRESENTATION_CONTEXT('2D SPACE',''
  ) );
#2884 = ORIENTED_EDGE('',*,*,#2885,.F.);
#2885 = EDGE_CURVE('',#2886,#2853,#2888,.T.);
#2886 = VERTEX_POINT('',#2887);
#2887 = CARTESIAN_POINT('',(-24.,105.78367103115,14.882864715666));
#2888 = SURFACE_CURVE('',#2889,(#2893,#2900),.PCURVE_S1.);
#2889 = LINE('',#2890,#2891);
#2890 = CARTESIAN_POINT('',(-24.,112.60577233913,7.045474896672));
#2891 = VECTOR('',#2892,1.);
#2892 = DIRECTION('',(0.,-0.656561134073,0.754272813526));
#2893 = PCURVE('',#578,#2894);
#2894 = DEFINITIONAL_REPRESENTATION('',(#2895),#2899);
#2895 = LINE('',#2896,#2897);
#2896 = CARTESIAN_POINT('',(-9.,2.875595366734E-15));
#2897 = VECTOR('',#2898,1.);
#2898 = DIRECTION('',(-7.988307251492E-19,-1.));
#2899 = ( GEOMETRIC_REPRESENTATION_CONTEXT(2) 
PARAMETRIC_REPRESENTATION_CONTEXT() REPRESENTATION_CONTEXT('2D SPACE',''
  ) );
#2900 = PCURVE('',#2901,#2906);
#2901 = PLANE('',#2902);
#2902 = AXIS2_PLACEMENT_3D('',#2903,#2904,#2905);
#2903 = CARTESIAN_POINT('',(-20.,112.60577233913,7.045474896672));
#2904 = DIRECTION('',(0.,-0.754272813526,-0.656561134073));
#2905 = DIRECTION('',(1.,0.,0.));
#2906 = DEFINITIONAL_REPRESENTATION('',(#2907),#2911);
#2907 = LINE('',#2908,#2909);
#2908 = CARTESIAN_POINT('',(-4.,0.));
#2909 = VECTOR('',#2910,1.);
#2910 = DIRECTION('',(-0.,1.));
#2911 = ( GEOMETRIC_REPRESENTATION_CONTEXT(2) 
PARAMETRIC_REPRESENTATION_CONTEXT() REPRESENTATION_CONTEXT('2D SPACE',''
  ) );
#2912 = ORIENTED_EDGE('',*,*,#2913,.T.);
#2913 = EDGE_CURVE('',#2886,#534,#2914,.T.);
#2914 = SURFACE_CURVE('',#2915,(#2919,#2926),.PCURVE_S1.);
#2915 = LINE('',#2916,#2917);
#2916 = CARTESIAN_POINT('',(-24.,116.16715658744,14.496894336681));
#2917 = VECTOR('',#2918,1.);
#2918 = DIRECTION('',(0.,-0.999309852596,3.714590832131E-02));
#2919 = PCURVE('',#578,#2920);
#2920 = DEFINITIONAL_REPRESENTATION('',(#2921),#2925);
#2921 = LINE('',#2922,#2923);
#2922 = CARTESIAN_POINT('',(-1.421432284991,-3.282136624838));
#2923 = VECTOR('',#2924,1.);
#2924 = DIRECTION('',(-0.729363694408,-0.684126158891));
#2925 = ( GEOMETRIC_REPRESENTATION_CONTEXT(2) 
PARAMETRIC_REPRESENTATION_CONTEXT() REPRESENTATION_CONTEXT('2D SPACE',''
  ) );
#2926 = PCURVE('',#549,#2927);
#2927 = DEFINITIONAL_REPRESENTATION('',(#2928),#2932);
#2928 = LINE('',#2929,#2930);
#2929 = CARTESIAN_POINT('',(-4.,0.));
#2930 = VECTOR('',#2931,1.);
#2931 = DIRECTION('',(-0.,1.));
#2932 = ( GEOMETRIC_REPRESENTATION_CONTEXT(2) 
PARAMETRIC_REPRESENTATION_CONTEXT() REPRESENTATION_CONTEXT('2D SPACE',''
  ) );
#2933 = ORIENTED_EDGE('',*,*,#561,.F.);
#2934 = ORIENTED_EDGE('',*,*,#2665,.T.);
#2935 = ADVANCED_FACE('',(#2936),#549,.F.);
#2936 = FACE_BOUND('',#2937,.T.);
#2937 = EDGE_LOOP('',(#2938,#2961,#2982,#2983,#2984,#3005));
#2938 = ORIENTED_EDGE('',*,*,#2939,.F.);
#2939 = EDGE_CURVE('',#2940,#2280,#2942,.T.);
#2940 = VERTEX_POINT('',#2941);
#2941 = CARTESIAN_POINT('',(-20.,105.78367103115,14.882864715666));
#2942 = SURFACE_CURVE('',#2943,(#2947,#2954),.PCURVE_S1.);
#2943 = LINE('',#2944,#2945);
#2944 = CARTESIAN_POINT('',(-20.,116.16715658744,14.496894336681));
#2945 = VECTOR('',#2946,1.);
#2946 = DIRECTION('',(0.,-0.999309852596,3.714590832131E-02));
#2947 = PCURVE('',#549,#2948);
#2948 = DEFINITIONAL_REPRESENTATION('',(#2949),#2953);
#2949 = LINE('',#2950,#2951);
#2950 = CARTESIAN_POINT('',(0.,-0.));
#2951 = VECTOR('',#2952,1.);
#2952 = DIRECTION('',(-0.,1.));
#2953 = ( GEOMETRIC_REPRESENTATION_CONTEXT(2) 
PARAMETRIC_REPRESENTATION_CONTEXT() REPRESENTATION_CONTEXT('2D SPACE',''
  ) );
#2954 = PCURVE('',#2167,#2955);
#2955 = DEFINITIONAL_REPRESENTATION('',(#2956),#2960);
#2956 = LINE('',#2957,#2958);
#2957 = CARTESIAN_POINT('',(0.,-0.));
#2958 = VECTOR('',#2959,1.);
#2959 = DIRECTION('',(-2.765846940253E-18,-1.));
#2960 = ( GEOMETRIC_REPRESENTATION_CONTEXT(2) 
PARAMETRIC_REPRESENTATION_CONTEXT() REPRESENTATION_CONTEXT('2D SPACE',''
  ) );
#2961 = ORIENTED_EDGE('',*,*,#2962,.F.);
#2962 = EDGE_CURVE('',#2886,#2940,#2963,.T.);
#2963 = SURFACE_CURVE('',#2964,(#2968,#2975),.PCURVE_S1.);
#2964 = LINE('',#2965,#2966);
#2965 = CARTESIAN_POINT('',(-20.,105.78367103115,14.882864715666));
#2966 = VECTOR('',#2967,1.);
#2967 = DIRECTION('',(1.,-0.,-0.));
#2968 = PCURVE('',#549,#2969);
#2969 = DEFINITIONAL_REPRESENTATION('',(#2970),#2974);
#2970 = LINE('',#2971,#2972);
#2971 = CARTESIAN_POINT('',(-0.,10.390656641));
#2972 = VECTOR('',#2973,1.);
#2973 = DIRECTION('',(1.,-0.));
#2974 = ( GEOMETRIC_REPRESENTATION_CONTEXT(2) 
PARAMETRIC_REPRESENTATION_CONTEXT() REPRESENTATION_CONTEXT('2D SPACE',''
  ) );
#2975 = PCURVE('',#2901,#2976);
#2976 = DEFINITIONAL_REPRESENTATION('',(#2977),#2981);
#2977 = LINE('',#2978,#2979);
#2978 = CARTESIAN_POINT('',(-0.,10.390656641));
#2979 = VECTOR('',#2980,1.);
#2980 = DIRECTION('',(1.,-0.));
#2981 = ( GEOMETRIC_REPRESENTATION_CONTEXT(2) 
PARAMETRIC_REPRESENTATION_CONTEXT() REPRESENTATION_CONTEXT('2D SPACE',''
  ) );
#2982 = ORIENTED_EDGE('',*,*,#2913,.T.);
#2983 = ORIENTED_EDGE('',*,*,#533,.F.);
#2984 = ORIENTED_EDGE('',*,*,#2985,.F.);
#2985 = EDGE_CURVE('',#2257,#501,#2986,.T.);
#2986 = SURFACE_CURVE('',#2987,(#2991,#2998),.PCURVE_S1.);
#2987 = LINE('',#2988,#2989);
#2988 = CARTESIAN_POINT('',(-22.,88.161553568108,15.537906350659));
#2989 = VECTOR('',#2990,1.);
#2990 = DIRECTION('',(-0.,-0.999309852596,3.714590832131E-02));
#2991 = PCURVE('',#549,#2992);
#2992 = DEFINITIONAL_REPRESENTATION('',(#2993),#2997);
#2993 = LINE('',#2994,#2995);
#2994 = CARTESIAN_POINT('',(-2.,28.024944361943));
#2995 = VECTOR('',#2996,1.);
#2996 = DIRECTION('',(-0.,1.));
#2997 = ( GEOMETRIC_REPRESENTATION_CONTEXT(2) 
PARAMETRIC_REPRESENTATION_CONTEXT() REPRESENTATION_CONTEXT('2D SPACE',''
  ) );
#2998 = PCURVE('',#517,#2999);
#2999 = DEFINITIONAL_REPRESENTATION('',(#3000),#3004);
#3000 = LINE('',#3001,#3002);
#3001 = CARTESIAN_POINT('',(-8.116714364191,-28.34601001481));
#3002 = VECTOR('',#3003,1.);
#3003 = DIRECTION('',(-3.714590832131E-02,0.999309852596));
#3004 = ( GEOMETRIC_REPRESENTATION_CONTEXT(2) 
PARAMETRIC_REPRESENTATION_CONTEXT() REPRESENTATION_CONTEXT('2D SPACE',''
  ) );
#3005 = ORIENTED_EDGE('',*,*,#2279,.F.);
#3006 = ADVANCED_FACE('',(#3007),#517,.T.);
#3007 = FACE_BOUND('',#3008,.F.);
#3008 = EDGE_LOOP('',(#3009,#3010,#3011,#3012));
#3009 = ORIENTED_EDGE('',*,*,#2428,.F.);
#3010 = ORIENTED_EDGE('',*,*,#500,.F.);
#3011 = ORIENTED_EDGE('',*,*,#2985,.F.);
#3012 = ORIENTED_EDGE('',*,*,#2256,.T.);
#3013 = ADVANCED_FACE('',(#3014),#2167,.F.);
#3014 = FACE_BOUND('',#3015,.T.);
#3015 = EDGE_LOOP('',(#3016,#3041,#3069,#3097,#3120,#3143,#3176,#3204,
    #3225,#3226,#3227,#3228));
#3016 = ORIENTED_EDGE('',*,*,#3017,.F.);
#3017 = EDGE_CURVE('',#3018,#3020,#3022,.T.);
#3018 = VERTEX_POINT('',#3019);
#3019 = CARTESIAN_POINT('',(-20.,107.,6.));
#3020 = VERTEX_POINT('',#3021);
#3021 = CARTESIAN_POINT('',(-20.,102.46524981249,6.));
#3022 = SURFACE_CURVE('',#3023,(#3027,#3034),.PCURVE_S1.);
#3023 = LINE('',#3024,#3025);
#3024 = CARTESIAN_POINT('',(-20.,-34.41642170627,6.));
#3025 = VECTOR('',#3026,1.);
#3026 = DIRECTION('',(-0.,-1.,-0.));
#3027 = PCURVE('',#2167,#3028);
#3028 = DEFINITIONAL_REPRESENTATION('',(#3029),#3033);
#3029 = LINE('',#3030,#3031);
#3030 = CARTESIAN_POINT('',(-14.0845940211,-150.1640285699));
#3031 = VECTOR('',#3032,1.);
#3032 = DIRECTION('',(-3.714590832131E-02,-0.999309852596));
#3033 = ( GEOMETRIC_REPRESENTATION_CONTEXT(2) 
PARAMETRIC_REPRESENTATION_CONTEXT() REPRESENTATION_CONTEXT('2D SPACE',''
  ) );
#3034 = PCURVE('',#2728,#3035);
#3035 = DEFINITIONAL_REPRESENTATION('',(#3036),#3040);
#3036 = LINE('',#3037,#3038);
#3037 = CARTESIAN_POINT('',(-60.,150.58357829372));
#3038 = VECTOR('',#3039,1.);
#3039 = DIRECTION('',(-0.,-1.));
#3040 = ( GEOMETRIC_REPRESENTATION_CONTEXT(2) 
PARAMETRIC_REPRESENTATION_CONTEXT() REPRESENTATION_CONTEXT('2D SPACE',''
  ) );
#3041 = ORIENTED_EDGE('',*,*,#3042,.T.);
#3042 = EDGE_CURVE('',#3018,#3043,#3045,.T.);
#3043 = VERTEX_POINT('',#3044);
#3044 = CARTESIAN_POINT('',(-20.,107.,14.));
#3045 = SURFACE_CURVE('',#3046,(#3050,#3057),.PCURVE_S1.);
#3046 = LINE('',#3047,#3048);
#3047 = CARTESIAN_POINT('',(-20.,107.,6.));
#3048 = VECTOR('',#3049,1.);
#3049 = DIRECTION('',(-0.,-0.,1.));
#3050 = PCURVE('',#2167,#3051);
#3051 = DEFINITIONAL_REPRESENTATION('',(#3052),#3056);
#3052 = LINE('',#3053,#3054);
#3053 = CARTESIAN_POINT('',(-8.831552585275,-8.845205040077));
#3054 = VECTOR('',#3055,1.);
#3055 = DIRECTION('',(0.999309852596,-3.714590832131E-02));
#3056 = ( GEOMETRIC_REPRESENTATION_CONTEXT(2) 
PARAMETRIC_REPRESENTATION_CONTEXT() REPRESENTATION_CONTEXT('2D SPACE',''
  ) );
#3057 = PCURVE('',#3058,#3063);
#3058 = PLANE('',#3059);
#3059 = AXIS2_PLACEMENT_3D('',#3060,#3061,#3062);
#3060 = CARTESIAN_POINT('',(7.,107.,6.));
#3061 = DIRECTION('',(-0.,1.,-0.));
#3062 = DIRECTION('',(0.,0.,-1.));
#3063 = DEFINITIONAL_REPRESENTATION('',(#3064),#3068);
#3064 = LINE('',#3065,#3066);
#3065 = CARTESIAN_POINT('',(-0.,27.));
#3066 = VECTOR('',#3067,1.);
#3067 = DIRECTION('',(-1.,0.));
#3068 = ( GEOMETRIC_REPRESENTATION_CONTEXT(2) 
PARAMETRIC_REPRESENTATION_CONTEXT() REPRESENTATION_CONTEXT('2D SPACE',''
  ) );
#3069 = ORIENTED_EDGE('',*,*,#3070,.F.);
#3070 = EDGE_CURVE('',#3071,#3043,#3073,.T.);
#3071 = VERTEX_POINT('',#3072);
#3072 = CARTESIAN_POINT('',(-20.,122.54868855861,14.));
#3073 = SURFACE_CURVE('',#3074,(#3078,#3085),.PCURVE_S1.);
#3074 = LINE('',#3075,#3076);
#3075 = CARTESIAN_POINT('',(-20.,122.54868855861,14.));
#3076 = VECTOR('',#3077,1.);
#3077 = DIRECTION('',(-0.,-1.,-0.));
#3078 = PCURVE('',#2167,#3079);
#3079 = DEFINITIONAL_REPRESENTATION('',(#3080),#3084);
#3080 = LINE('',#3081,#3082);
#3081 = CARTESIAN_POINT('',(-0.259503604794,6.395585364922));
#3082 = VECTOR('',#3083,1.);
#3083 = DIRECTION('',(-3.714590832131E-02,-0.999309852596));
#3084 = ( GEOMETRIC_REPRESENTATION_CONTEXT(2) 
PARAMETRIC_REPRESENTATION_CONTEXT() REPRESENTATION_CONTEXT('2D SPACE',''
  ) );
#3085 = PCURVE('',#3086,#3091);
#3086 = PLANE('',#3087);
#3087 = AXIS2_PLACEMENT_3D('',#3088,#3089,#3090);
#3088 = CARTESIAN_POINT('',(7.,107.,14.));
#3089 = DIRECTION('',(-0.,-0.,1.));
#3090 = DIRECTION('',(1.,0.,0.));
#3091 = DEFINITIONAL_REPRESENTATION('',(#3092),#3096);
#3092 = LINE('',#3093,#3094);
#3093 = CARTESIAN_POINT('',(-27.,15.548688558617));
#3094 = VECTOR('',#3095,1.);
#3095 = DIRECTION('',(-0.,-1.));
#3096 = ( GEOMETRIC_REPRESENTATION_CONTEXT(2) 
PARAMETRIC_REPRESENTATION_CONTEXT() REPRESENTATION_CONTEXT('2D SPACE',''
  ) );
#3097 = ORIENTED_EDGE('',*,*,#3098,.F.);
#3098 = EDGE_CURVE('',#3099,#3071,#3101,.T.);
#3099 = VERTEX_POINT('',#3100);
#3100 = CARTESIAN_POINT('',(-20.,118.18623825451,14.342291635575));
#3101 = SURFACE_CURVE('',#3102,(#3106,#3113),.PCURVE_S1.);
#3102 = LINE('',#3103,#3104);
#3103 = CARTESIAN_POINT('',(-20.,116.35200233647,14.486211581626));
#3104 = VECTOR('',#3105,1.);
#3105 = DIRECTION('',(-0.,0.996935907028,-7.822274143943E-02));
#3106 = PCURVE('',#2167,#3107);
#3107 = DEFINITIONAL_REPRESENTATION('',(#3108),#3112);
#3108 = LINE('',#3109,#3110);
#3109 = CARTESIAN_POINT('',(-3.809119132298E-03,0.185114998858));
#3110 = VECTOR('',#3111,1.);
#3111 = DIRECTION('',(-4.11366664128E-02,0.999153529082));
#3112 = ( GEOMETRIC_REPRESENTATION_CONTEXT(2) 
PARAMETRIC_REPRESENTATION_CONTEXT() REPRESENTATION_CONTEXT('2D SPACE',''
  ) );
#3113 = PCURVE('',#2784,#3114);
#3114 = DEFINITIONAL_REPRESENTATION('',(#3115),#3119);
#3115 = LINE('',#3116,#3117);
#3116 = CARTESIAN_POINT('',(0.,-0.));
#3117 = VECTOR('',#3118,1.);
#3118 = DIRECTION('',(-0.,1.));
#3119 = ( GEOMETRIC_REPRESENTATION_CONTEXT(2) 
PARAMETRIC_REPRESENTATION_CONTEXT() REPRESENTATION_CONTEXT('2D SPACE',''
  ) );
#3120 = ORIENTED_EDGE('',*,*,#3121,.T.);
#3121 = EDGE_CURVE('',#3099,#3122,#3124,.T.);
#3122 = VERTEX_POINT('',#3123);
#3123 = CARTESIAN_POINT('',(-20.,53.4659580266,88.694465905931));
#3124 = SURFACE_CURVE('',#3125,(#3129,#3136),.PCURVE_S1.);
#3125 = LINE('',#3126,#3127);
#3126 = CARTESIAN_POINT('',(-20.,119.39422766086,12.954525103328));
#3127 = VECTOR('',#3128,1.);
#3128 = DIRECTION('',(0.,-0.656561134073,0.754272813526));
#3129 = PCURVE('',#2167,#3130);
#3130 = DEFINITIONAL_REPRESENTATION('',(#3131),#3135);
#3131 = LINE('',#3132,#3133);
#3132 = CARTESIAN_POINT('',(-1.421432284991,3.282136624838));
#3133 = VECTOR('',#3134,1.);
#3134 = DIRECTION('',(0.729363694408,-0.684126158891));
#3135 = ( GEOMETRIC_REPRESENTATION_CONTEXT(2) 
PARAMETRIC_REPRESENTATION_CONTEXT() REPRESENTATION_CONTEXT('2D SPACE',''
  ) );
#3136 = PCURVE('',#2812,#3137);
#3137 = DEFINITIONAL_REPRESENTATION('',(#3138),#3142);
#3138 = LINE('',#3139,#3140);
#3139 = CARTESIAN_POINT('',(0.,-0.));
#3140 = VECTOR('',#3141,1.);
#3141 = DIRECTION('',(-0.,1.));
#3142 = ( GEOMETRIC_REPRESENTATION_CONTEXT(2) 
PARAMETRIC_REPRESENTATION_CONTEXT() REPRESENTATION_CONTEXT('2D SPACE',''
  ) );
#3143 = ORIENTED_EDGE('',*,*,#3144,.F.);
#3144 = EDGE_CURVE('',#3145,#3122,#3147,.T.);
#3145 = VERTEX_POINT('',#3146);
#3146 = CARTESIAN_POINT('',(-20.,48.437566596479,81.950591210589));
#3147 = SURFACE_CURVE('',#3148,(#3153,#3164),.PCURVE_S1.);
#3148 = CIRCLE('',#3149,7.5);
#3149 = AXIS2_PLACEMENT_3D('',#3150,#3151,#3152);
#3150 = CARTESIAN_POINT('',(-20.,45.973661909419,89.034317185885));
#3151 = DIRECTION('',(1.,0.,-1.110223024625E-16));
#3152 = DIRECTION('',(-1.110223024625E-16,-0.,-1.));
#3153 = PCURVE('',#2167,#3154);
#3154 = DEFINITIONAL_REPRESENTATION('',(#3155),#3163);
#3155 = ( BOUNDED_CURVE() B_SPLINE_CURVE(2,(#3156,#3157,#3158,#3159,
#3160,#3161,#3162),.UNSPECIFIED.,.T.,.F.) B_SPLINE_CURVE_WITH_KNOTS((1,2
    ,2,2,2,1),(-2.094395102393,0.,2.094395102393,4.188790204786,
6.28318530718,8.377580409573),.UNSPECIFIED.) CURVE() 
GEOMETRIC_REPRESENTATION_ITEM() RATIONAL_B_SPLINE_CURVE((1.,0.5,1.,0.5,
1.,0.5,1.)) REPRESENTATION_ITEM('') );
#3156 = CARTESIAN_POINT('',(64.383756027777,-72.63521678313));
#3157 = CARTESIAN_POINT('',(64.86629553157,-59.65380100413));
#3158 = CARTESIAN_POINT('',(75.867261621376,-66.56240036224));
#3159 = CARTESIAN_POINT('',(86.868227711181,-73.47099972036));
#3160 = CARTESIAN_POINT('',(75.384722117582,-79.54381614124));
#3161 = CARTESIAN_POINT('',(63.901216523983,-85.61663256213));
#3162 = CARTESIAN_POINT('',(64.383756027777,-72.63521678313));
#3163 = ( GEOMETRIC_REPRESENTATION_CONTEXT(2) 
PARAMETRIC_REPRESENTATION_CONTEXT() REPRESENTATION_CONTEXT('2D SPACE',''
  ) );
#3164 = PCURVE('',#3165,#3170);
#3165 = CYLINDRICAL_SURFACE('',#3166,7.5);
#3166 = AXIS2_PLACEMENT_3D('',#3167,#3168,#3169);
#3167 = CARTESIAN_POINT('',(-16.9,45.973661909419,89.034317185885));
#3168 = DIRECTION('',(-1.,-0.,1.110223024625E-16));
#3169 = DIRECTION('',(-1.110223024625E-16,0.,-1.));
#3170 = DEFINITIONAL_REPRESENTATION('',(#3171),#3175);
#3171 = LINE('',#3172,#3173);
#3172 = CARTESIAN_POINT('',(-0.,3.1));
#3173 = VECTOR('',#3174,1.);
#3174 = DIRECTION('',(-1.,0.));
#3175 = ( GEOMETRIC_REPRESENTATION_CONTEXT(2) 
PARAMETRIC_REPRESENTATION_CONTEXT() REPRESENTATION_CONTEXT('2D SPACE',''
  ) );
#3176 = ORIENTED_EDGE('',*,*,#3177,.T.);
#3177 = EDGE_CURVE('',#3145,#3178,#3180,.T.);
#3178 = VERTEX_POINT('',#3179);
#3179 = CARTESIAN_POINT('',(-20.,47.644342709338,81.674687249844));
#3180 = SURFACE_CURVE('',#3181,(#3185,#3192),.PCURVE_S1.);
#3181 = LINE('',#3182,#3183);
#3182 = CARTESIAN_POINT('',(-20.,68.182484708134,88.818388814643));
#3183 = VECTOR('',#3184,1.);
#3184 = DIRECTION('',(-0.,-0.944496796706,-0.328520624941));
#3185 = PCURVE('',#2167,#3186);
#3186 = DEFINITIONAL_REPRESENTATION('',(#3187),#3191);
#3187 = LINE('',#3188,#3189);
#3188 = CARTESIAN_POINT('',(72.487767469013,-50.71229480275));
#3189 = VECTOR('',#3190,1.);
#3190 = DIRECTION('',(-0.363378088705,-0.931641757678));
#3191 = ( GEOMETRIC_REPRESENTATION_CONTEXT(2) 
PARAMETRIC_REPRESENTATION_CONTEXT() REPRESENTATION_CONTEXT('2D SPACE',''
  ) );
#3192 = PCURVE('',#3193,#3198);
#3193 = PLANE('',#3194);
#3194 = AXIS2_PLACEMENT_3D('',#3195,#3196,#3197);
#3195 = CARTESIAN_POINT('',(-16.9,48.437566596479,81.950591210589));
#3196 = DIRECTION('',(-0.,0.328520624941,-0.944496796706));
#3197 = DIRECTION('',(1.,0.,0.));
#3198 = DEFINITIONAL_REPRESENTATION('',(#3199),#3203);
#3199 = LINE('',#3200,#3201);
#3200 = CARTESIAN_POINT('',(-3.1,-20.90522506853));
#3201 = VECTOR('',#3202,1.);
#3202 = DIRECTION('',(-0.,1.));
#3203 = ( GEOMETRIC_REPRESENTATION_CONTEXT(2) 
PARAMETRIC_REPRESENTATION_CONTEXT() REPRESENTATION_CONTEXT('2D SPACE',''
  ) );
#3204 = ORIENTED_EDGE('',*,*,#3205,.F.);
#3205 = EDGE_CURVE('',#2940,#3178,#3206,.T.);
#3206 = SURFACE_CURVE('',#3207,(#3211,#3218),.PCURVE_S1.);
#3207 = LINE('',#3208,#3209);
#3208 = CARTESIAN_POINT('',(-20.,112.60577233913,7.045474896672));
#3209 = VECTOR('',#3210,1.);
#3210 = DIRECTION('',(0.,-0.656561134073,0.754272813526));
#3211 = PCURVE('',#2167,#3212);
#3212 = DEFINITIONAL_REPRESENTATION('',(#3213),#3217);
#3213 = LINE('',#3214,#3215);
#3214 = CARTESIAN_POINT('',(-7.578567715009,-3.282136624838));
#3215 = VECTOR('',#3216,1.);
#3216 = DIRECTION('',(0.729363694408,-0.684126158891));
#3217 = ( GEOMETRIC_REPRESENTATION_CONTEXT(2) 
PARAMETRIC_REPRESENTATION_CONTEXT() REPRESENTATION_CONTEXT('2D SPACE',''
  ) );
#3218 = PCURVE('',#2901,#3219);
#3219 = DEFINITIONAL_REPRESENTATION('',(#3220),#3224);
#3220 = LINE('',#3221,#3222);
#3221 = CARTESIAN_POINT('',(0.,-0.));
#3222 = VECTOR('',#3223,1.);
#3223 = DIRECTION('',(-0.,1.));
#3224 = ( GEOMETRIC_REPRESENTATION_CONTEXT(2) 
PARAMETRIC_REPRESENTATION_CONTEXT() REPRESENTATION_CONTEXT('2D SPACE',''
  ) );
#3225 = ORIENTED_EDGE('',*,*,#2939,.T.);
#3226 = ORIENTED_EDGE('',*,*,#2302,.F.);
#3227 = ORIENTED_EDGE('',*,*,#2153,.T.);
#3228 = ORIENTED_EDGE('',*,*,#3229,.F.);
#3229 = EDGE_CURVE('',#3020,#2126,#3230,.T.);
#3230 = SURFACE_CURVE('',#3231,(#3235,#3242),.PCURVE_S1.);
#3231 = LINE('',#3232,#3233);
#3232 = CARTESIAN_POINT('',(-20.,115.83284341255,5.503105663319));
#3233 = VECTOR('',#3234,1.);
#3234 = DIRECTION('',(0.,-0.999309852596,3.714590832131E-02));
#3235 = PCURVE('',#2167,#3236);
#3236 = DEFINITIONAL_REPRESENTATION('',(#3237),#3241);
#3237 = LINE('',#3238,#3239);
#3238 = CARTESIAN_POINT('',(-9.,-9.321854485057E-16));
#3239 = VECTOR('',#3240,1.);
#3240 = DIRECTION('',(-2.765846940253E-18,-1.));
#3241 = ( GEOMETRIC_REPRESENTATION_CONTEXT(2) 
PARAMETRIC_REPRESENTATION_CONTEXT() REPRESENTATION_CONTEXT('2D SPACE',''
  ) );
#3242 = PCURVE('',#2141,#3243);
#3243 = DEFINITIONAL_REPRESENTATION('',(#3244),#3248);
#3244 = LINE('',#3245,#3246);
#3245 = CARTESIAN_POINT('',(0.,-0.));
#3246 = VECTOR('',#3247,1.);
#3247 = DIRECTION('',(-0.,1.));
#3248 = ( GEOMETRIC_REPRESENTATION_CONTEXT(2) 
PARAMETRIC_REPRESENTATION_CONTEXT() REPRESENTATION_CONTEXT('2D SPACE',''
  ) );
#3249 = ADVANCED_FACE('',(#3250),#2141,.T.);
#3250 = FACE_BOUND('',#3251,.F.);
#3251 = EDGE_LOOP('',(#3252,#3253,#3274,#3275,#3276,#3277));
#3252 = ORIENTED_EDGE('',*,*,#3229,.F.);
#3253 = ORIENTED_EDGE('',*,*,#3254,.F.);
#3254 = EDGE_CURVE('',#2690,#3020,#3255,.T.);
#3255 = SURFACE_CURVE('',#3256,(#3260,#3267),.PCURVE_S1.);
#3256 = LINE('',#3257,#3258);
#3257 = CARTESIAN_POINT('',(10.,102.4652498125,6.));
#3258 = VECTOR('',#3259,1.);
#3259 = DIRECTION('',(1.,-0.,0.));
#3260 = PCURVE('',#2141,#3261);
#3261 = DEFINITIONAL_REPRESENTATION('',(#3262),#3266);
#3262 = LINE('',#3263,#3264);
#3263 = CARTESIAN_POINT('',(30.,13.3768255815));
#3264 = VECTOR('',#3265,1.);
#3265 = DIRECTION('',(1.,-0.));
#3266 = ( GEOMETRIC_REPRESENTATION_CONTEXT(2) 
PARAMETRIC_REPRESENTATION_CONTEXT() REPRESENTATION_CONTEXT('2D SPACE',''
  ) );
#3267 = PCURVE('',#2728,#3268);
#3268 = DEFINITIONAL_REPRESENTATION('',(#3269),#3273);
#3269 = LINE('',#3270,#3271);
#3270 = CARTESIAN_POINT('',(-30.,287.4652498125));
#3271 = VECTOR('',#3272,1.);
#3272 = DIRECTION('',(1.,-0.));
#3273 = ( GEOMETRIC_REPRESENTATION_CONTEXT(2) 
PARAMETRIC_REPRESENTATION_CONTEXT() REPRESENTATION_CONTEXT('2D SPACE',''
  ) );
#3274 = ORIENTED_EDGE('',*,*,#2689,.T.);
#3275 = ORIENTED_EDGE('',*,*,#2642,.F.);
#3276 = ORIENTED_EDGE('',*,*,#2593,.F.);
#3277 = ORIENTED_EDGE('',*,*,#2125,.T.);
#3278 = ADVANCED_FACE('',(#3279),#1674,.F.);
#3279 = FACE_BOUND('',#3280,.T.);
#3280 = EDGE_LOOP('',(#3281,#3311,#3339,#3367,#3388,#3389,#3390,#3391,
    #3414,#3442,#3465));
#3281 = ORIENTED_EDGE('',*,*,#3282,.F.);
#3282 = EDGE_CURVE('',#3283,#3285,#3287,.T.);
#3283 = VERTEX_POINT('',#3284);
#3284 = CARTESIAN_POINT('',(-20.,-79.,14.));
#3285 = VERTEX_POINT('',#3286);
#3286 = CARTESIAN_POINT('',(-20.,-79.,8.734975319823));
#3287 = SURFACE_CURVE('',#3288,(#3292,#3299),.PCURVE_S1.);
#3288 = LINE('',#3289,#3290);
#3289 = CARTESIAN_POINT('',(-20.,-79.,10.090874397485));
#3290 = VECTOR('',#3291,1.);
#3291 = DIRECTION('',(-0.,-0.,-1.));
#3292 = PCURVE('',#1674,#3293);
#3293 = DEFINITIONAL_REPRESENTATION('',(#3294),#3298);
#3294 = LINE('',#3295,#3296);
#3295 = CARTESIAN_POINT('',(-7.739993481307,-8.397064987078));
#3296 = VECTOR('',#3297,1.);
#3297 = DIRECTION('',(-0.929277509994,0.369382335014));
#3298 = ( GEOMETRIC_REPRESENTATION_CONTEXT(2) 
PARAMETRIC_REPRESENTATION_CONTEXT() REPRESENTATION_CONTEXT('2D SPACE',''
  ) );
#3299 = PCURVE('',#3300,#3305);
#3300 = PLANE('',#3301);
#3301 = AXIS2_PLACEMENT_3D('',#3302,#3303,#3304);
#3302 = CARTESIAN_POINT('',(7.,-79.,6.));
#3303 = DIRECTION('',(-0.,1.,-0.));
#3304 = DIRECTION('',(0.,0.,-1.));
#3305 = DEFINITIONAL_REPRESENTATION('',(#3306),#3310);
#3306 = LINE('',#3307,#3308);
#3307 = CARTESIAN_POINT('',(-4.090874397485,27.));
#3308 = VECTOR('',#3309,1.);
#3309 = DIRECTION('',(1.,-0.));
#3310 = ( GEOMETRIC_REPRESENTATION_CONTEXT(2) 
PARAMETRIC_REPRESENTATION_CONTEXT() REPRESENTATION_CONTEXT('2D SPACE',''
  ) );
#3311 = ORIENTED_EDGE('',*,*,#3312,.T.);
#3312 = EDGE_CURVE('',#3283,#3313,#3315,.T.);
#3313 = VERTEX_POINT('',#3314);
#3314 = CARTESIAN_POINT('',(-20.,-61.,14.));
#3315 = SURFACE_CURVE('',#3316,(#3320,#3327),.PCURVE_S1.);
#3316 = LINE('',#3317,#3318);
#3317 = CARTESIAN_POINT('',(-20.,-79.,14.));
#3318 = VECTOR('',#3319,1.);
#3319 = DIRECTION('',(-0.,1.,-0.));
#3320 = PCURVE('',#1674,#3321);
#3321 = DEFINITIONAL_REPRESENTATION('',(#3322),#3326);
#3322 = LINE('',#3323,#3324);
#3323 = CARTESIAN_POINT('',(-4.10733097515,-9.841026929997));
#3324 = VECTOR('',#3325,1.);
#3325 = DIRECTION('',(0.369382335014,0.929277509994));
#3326 = ( GEOMETRIC_REPRESENTATION_CONTEXT(2) 
PARAMETRIC_REPRESENTATION_CONTEXT() REPRESENTATION_CONTEXT('2D SPACE',''
  ) );
#3327 = PCURVE('',#3328,#3333);
#3328 = PLANE('',#3329);
#3329 = AXIS2_PLACEMENT_3D('',#3330,#3331,#3332);
#3330 = CARTESIAN_POINT('',(7.,-79.,14.));
#3331 = DIRECTION('',(-0.,-0.,1.));
#3332 = DIRECTION('',(1.,0.,0.));
#3333 = DEFINITIONAL_REPRESENTATION('',(#3334),#3338);
#3334 = LINE('',#3335,#3336);
#3335 = CARTESIAN_POINT('',(-27.,0.));
#3336 = VECTOR('',#3337,1.);
#3337 = DIRECTION('',(-0.,1.));
#3338 = ( GEOMETRIC_REPRESENTATION_CONTEXT(2) 
PARAMETRIC_REPRESENTATION_CONTEXT() REPRESENTATION_CONTEXT('2D SPACE',''
  ) );
#3339 = ORIENTED_EDGE('',*,*,#3340,.T.);
#3340 = EDGE_CURVE('',#3313,#3341,#3343,.T.);
#3341 = VERTEX_POINT('',#3342);
#3342 = CARTESIAN_POINT('',(-20.,-61.,10.796607414393));
#3343 = SURFACE_CURVE('',#3344,(#3348,#3355),.PCURVE_S1.);
#3344 = LINE('',#3345,#3346);
#3345 = CARTESIAN_POINT('',(-20.,-61.,6.155319964241));
#3346 = VECTOR('',#3347,1.);
#3347 = DIRECTION('',(-0.,-0.,-1.));
#3348 = PCURVE('',#1674,#3349);
#3349 = DEFINITIONAL_REPRESENTATION('',(#3350),#3354);
#3350 = LINE('',#3351,#3352);
#3351 = CARTESIAN_POINT('',(-4.748333675227,9.783654478931));
#3352 = VECTOR('',#3353,1.);
#3353 = DIRECTION('',(-0.929277509994,0.369382335014));
#3354 = ( GEOMETRIC_REPRESENTATION_CONTEXT(2) 
PARAMETRIC_REPRESENTATION_CONTEXT() REPRESENTATION_CONTEXT('2D SPACE',''
  ) );
#3355 = PCURVE('',#3356,#3361);
#3356 = PLANE('',#3357);
#3357 = AXIS2_PLACEMENT_3D('',#3358,#3359,#3360);
#3358 = CARTESIAN_POINT('',(7.,-61.,6.));
#3359 = DIRECTION('',(-0.,1.,-0.));
#3360 = DIRECTION('',(0.,0.,-1.));
#3361 = DEFINITIONAL_REPRESENTATION('',(#3362),#3366);
#3362 = LINE('',#3363,#3364);
#3363 = CARTESIAN_POINT('',(-0.155319964241,27.));
#3364 = VECTOR('',#3365,1.);
#3365 = DIRECTION('',(1.,-0.));
#3366 = ( GEOMETRIC_REPRESENTATION_CONTEXT(2) 
PARAMETRIC_REPRESENTATION_CONTEXT() REPRESENTATION_CONTEXT('2D SPACE',''
  ) );
#3367 = ORIENTED_EDGE('',*,*,#3368,.T.);
#3368 = EDGE_CURVE('',#3341,#1658,#3369,.T.);
#3369 = SURFACE_CURVE('',#3370,(#3374,#3381),.PCURVE_S1.);
#3370 = LINE('',#3371,#3372);
#3371 = CARTESIAN_POINT('',(-20.,-67.4234476014,6.310639928483));
#3372 = VECTOR('',#3373,1.);
#3373 = DIRECTION('',(0.,0.81985779367,0.572567199687));
#3374 = PCURVE('',#1674,#3375);
#3375 = DEFINITIONAL_REPRESENTATION('',(#3376),#3380);
#3376 = LINE('',#3377,#3378);
#3377 = CARTESIAN_POINT('',(-6.976706399451,3.757116635256));
#3378 = VECTOR('',#3379,1.);
#3379 = DIRECTION('',(0.834914807835,0.550379199878));
#3380 = ( GEOMETRIC_REPRESENTATION_CONTEXT(2) 
PARAMETRIC_REPRESENTATION_CONTEXT() REPRESENTATION_CONTEXT('2D SPACE',''
  ) );
#3381 = PCURVE('',#1706,#3382);
#3382 = DEFINITIONAL_REPRESENTATION('',(#3383),#3387);
#3383 = LINE('',#3384,#3385);
#3384 = CARTESIAN_POINT('',(0.,-0.));
#3385 = VECTOR('',#3386,1.);
#3386 = DIRECTION('',(0.,1.));
#3387 = ( GEOMETRIC_REPRESENTATION_CONTEXT(2) 
PARAMETRIC_REPRESENTATION_CONTEXT() REPRESENTATION_CONTEXT('2D SPACE',''
  ) );
#3388 = ORIENTED_EDGE('',*,*,#1657,.F.);
#3389 = ORIENTED_EDGE('',*,*,#2182,.T.);
#3390 = ORIENTED_EDGE('',*,*,#2402,.T.);
#3391 = ORIENTED_EDGE('',*,*,#3392,.F.);
#3392 = EDGE_CURVE('',#3393,#2375,#3395,.T.);
#3393 = VERTEX_POINT('',#3394);
#3394 = CARTESIAN_POINT('',(-20.,-70.58974726383,15.076892715735));
#3395 = SURFACE_CURVE('',#3396,(#3400,#3407),.PCURVE_S1.);
#3396 = LINE('',#3397,#3398);
#3397 = CARTESIAN_POINT('',(-20.,-72.57655239859,13.689360071517));
#3398 = VECTOR('',#3399,1.);
#3399 = DIRECTION('',(0.,0.81985779367,0.572567199687));
#3400 = PCURVE('',#1674,#3401);
#3401 = DEFINITIONAL_REPRESENTATION('',(#3402),#3406);
#3402 = LINE('',#3403,#3404);
#3403 = CARTESIAN_POINT('',(-2.023293600549,-3.757116635256));
#3404 = VECTOR('',#3405,1.);
#3405 = DIRECTION('',(0.834914807835,0.550379199878));
#3406 = ( GEOMETRIC_REPRESENTATION_CONTEXT(2) 
PARAMETRIC_REPRESENTATION_CONTEXT() REPRESENTATION_CONTEXT('2D SPACE',''
  ) );
#3407 = PCURVE('',#2390,#3408);
#3408 = DEFINITIONAL_REPRESENTATION('',(#3409),#3413);
#3409 = LINE('',#3410,#3411);
#3410 = CARTESIAN_POINT('',(0.,-0.));
#3411 = VECTOR('',#3412,1.);
#3412 = DIRECTION('',(0.,1.));
#3413 = ( GEOMETRIC_REPRESENTATION_CONTEXT(2) 
PARAMETRIC_REPRESENTATION_CONTEXT() REPRESENTATION_CONTEXT('2D SPACE',''
  ) );
#3414 = ORIENTED_EDGE('',*,*,#3415,.T.);
#3415 = EDGE_CURVE('',#3393,#3416,#3418,.T.);
#3416 = VERTEX_POINT('',#3417);
#3417 = CARTESIAN_POINT('',(-20.,-104.7668618016,28.662094376446));
#3418 = SURFACE_CURVE('',#3419,(#3423,#3430),.PCURVE_S1.);
#3419 = LINE('',#3420,#3421);
#3420 = CARTESIAN_POINT('',(-20.,-68.33777949243,14.181748794971));
#3421 = VECTOR('',#3422,1.);
#3422 = DIRECTION('',(0.,-0.929277509994,0.369382335014));
#3423 = PCURVE('',#1674,#3424);
#3424 = DEFINITIONAL_REPRESENTATION('',(#3425),#3429);
#3425 = LINE('',#3426,#3427);
#3426 = CARTESIAN_POINT('',(0.,-0.));
#3427 = VECTOR('',#3428,1.);
#3428 = DIRECTION('',(1.22087999104E-17,-1.));
#3429 = ( GEOMETRIC_REPRESENTATION_CONTEXT(2) 
PARAMETRIC_REPRESENTATION_CONTEXT() REPRESENTATION_CONTEXT('2D SPACE',''
  ) );
#3430 = PCURVE('',#3431,#3436);
#3431 = PLANE('',#3432);
#3432 = AXIS2_PLACEMENT_3D('',#3433,#3434,#3435);
#3433 = CARTESIAN_POINT('',(-20.,-68.33777949243,14.181748794971));
#3434 = DIRECTION('',(0.,-0.369382335014,-0.929277509994));
#3435 = DIRECTION('',(1.,0.,0.));
#3436 = DEFINITIONAL_REPRESENTATION('',(#3437),#3441);
#3437 = LINE('',#3438,#3439);
#3438 = CARTESIAN_POINT('',(0.,-0.));
#3439 = VECTOR('',#3440,1.);
#3440 = DIRECTION('',(-0.,1.));
#3441 = ( GEOMETRIC_REPRESENTATION_CONTEXT(2) 
PARAMETRIC_REPRESENTATION_CONTEXT() REPRESENTATION_CONTEXT('2D SPACE',''
  ) );
#3442 = ORIENTED_EDGE('',*,*,#3443,.T.);
#3443 = EDGE_CURVE('',#3416,#3444,#3446,.T.);
#3444 = VERTEX_POINT('',#3445);
#3445 = CARTESIAN_POINT('',(-20.,-117.7612008393,24.142324276398));
#3446 = SURFACE_CURVE('',#3447,(#3451,#3458),.PCURVE_S1.);
#3447 = LINE('',#3448,#3449);
#3448 = CARTESIAN_POINT('',(-20.,-14.16245455487,60.176670810116));
#3449 = VECTOR('',#3450,1.);
#3450 = DIRECTION('',(-0.,-0.944496796706,-0.328520624941));
#3451 = PCURVE('',#1674,#3452);
#3452 = DEFINITIONAL_REPRESENTATION('',(#3453),#3457);
#3453 = LINE('',#3454,#3455);
#3454 = CARTESIAN_POINT('',(62.753454628149,33.35419936833));
#3455 = VECTOR('',#3456,1.);
#3456 = DIRECTION('',(-0.654167260507,-0.756349915899));
#3457 = ( GEOMETRIC_REPRESENTATION_CONTEXT(2) 
PARAMETRIC_REPRESENTATION_CONTEXT() REPRESENTATION_CONTEXT('2D SPACE',''
  ) );
#3458 = PCURVE('',#3193,#3459);
#3459 = DEFINITIONAL_REPRESENTATION('',(#3460),#3464);
#3460 = LINE('',#3461,#3462);
#3461 = CARTESIAN_POINT('',(-3.1,66.27870138858));
#3462 = VECTOR('',#3463,1.);
#3463 = DIRECTION('',(-0.,1.));
#3464 = ( GEOMETRIC_REPRESENTATION_CONTEXT(2) 
PARAMETRIC_REPRESENTATION_CONTEXT() REPRESENTATION_CONTEXT('2D SPACE',''
  ) );
#3465 = ORIENTED_EDGE('',*,*,#3466,.F.);
#3466 = EDGE_CURVE('',#3285,#3444,#3467,.T.);
#3467 = SURFACE_CURVE('',#3468,(#3472,#3479),.PCURVE_S1.);
#3468 = LINE('',#3469,#3470);
#3469 = CARTESIAN_POINT('',(-20.,-71.66222050756,5.818251205029));
#3470 = VECTOR('',#3471,1.);
#3471 = DIRECTION('',(0.,-0.929277509994,0.369382335014));
#3472 = PCURVE('',#1674,#3473);
#3473 = DEFINITIONAL_REPRESENTATION('',(#3474),#3478);
#3474 = LINE('',#3475,#3476);
#3475 = CARTESIAN_POINT('',(-9.,-6.282949926063E-16));
#3476 = VECTOR('',#3477,1.);
#3477 = DIRECTION('',(1.22087999104E-17,-1.));
#3478 = ( GEOMETRIC_REPRESENTATION_CONTEXT(2) 
PARAMETRIC_REPRESENTATION_CONTEXT() REPRESENTATION_CONTEXT('2D SPACE',''
  ) );
#3479 = PCURVE('',#3480,#3485);
#3480 = PLANE('',#3481);
#3481 = AXIS2_PLACEMENT_3D('',#3482,#3483,#3484);
#3482 = CARTESIAN_POINT('',(-20.,-71.66222050756,5.818251205029));
#3483 = DIRECTION('',(0.,-0.369382335014,-0.929277509994));
#3484 = DIRECTION('',(1.,0.,0.));
#3485 = DEFINITIONAL_REPRESENTATION('',(#3486),#3490);
#3486 = LINE('',#3487,#3488);
#3487 = CARTESIAN_POINT('',(0.,-0.));
#3488 = VECTOR('',#3489,1.);
#3489 = DIRECTION('',(-0.,1.));
#3490 = ( GEOMETRIC_REPRESENTATION_CONTEXT(2) 
PARAMETRIC_REPRESENTATION_CONTEXT() REPRESENTATION_CONTEXT('2D SPACE',''
  ) );
#3491 = ADVANCED_FACE('',(#3492),#2390,.T.);
#3492 = FACE_BOUND('',#3493,.F.);
#3493 = EDGE_LOOP('',(#3494,#3495,#3518,#3541,#3564,#3585));
#3494 = ORIENTED_EDGE('',*,*,#3392,.F.);
#3495 = ORIENTED_EDGE('',*,*,#3496,.T.);
#3496 = EDGE_CURVE('',#3393,#3497,#3499,.T.);
#3497 = VERTEX_POINT('',#3498);
#3498 = CARTESIAN_POINT('',(-24.,-70.58974726383,15.076892715735));
#3499 = SURFACE_CURVE('',#3500,(#3504,#3511),.PCURVE_S1.);
#3500 = LINE('',#3501,#3502);
#3501 = CARTESIAN_POINT('',(-20.,-70.58974726383,15.076892715735));
#3502 = VECTOR('',#3503,1.);
#3503 = DIRECTION('',(-1.,-0.,-0.));
#3504 = PCURVE('',#2390,#3505);
#3505 = DEFINITIONAL_REPRESENTATION('',(#3506),#3510);
#3506 = LINE('',#3507,#3508);
#3507 = CARTESIAN_POINT('',(0.,2.423353354813));
#3508 = VECTOR('',#3509,1.);
#3509 = DIRECTION('',(-1.,0.));
#3510 = ( GEOMETRIC_REPRESENTATION_CONTEXT(2) 
PARAMETRIC_REPRESENTATION_CONTEXT() REPRESENTATION_CONTEXT('2D SPACE',''
  ) );
#3511 = PCURVE('',#3431,#3512);
#3512 = DEFINITIONAL_REPRESENTATION('',(#3513),#3517);
#3513 = LINE('',#3514,#3515);
#3514 = CARTESIAN_POINT('',(-0.,2.423353354813));
#3515 = VECTOR('',#3516,1.);
#3516 = DIRECTION('',(-1.,0.));
#3517 = ( GEOMETRIC_REPRESENTATION_CONTEXT(2) 
PARAMETRIC_REPRESENTATION_CONTEXT() REPRESENTATION_CONTEXT('2D SPACE',''
  ) );
#3518 = ORIENTED_EDGE('',*,*,#3519,.T.);
#3519 = EDGE_CURVE('',#3497,#3520,#3522,.T.);
#3520 = VERTEX_POINT('',#3521);
#3521 = CARTESIAN_POINT('',(-24.,-10.89209595188,56.768168085049));
#3522 = SURFACE_CURVE('',#3523,(#3527,#3534),.PCURVE_S1.);
#3523 = LINE('',#3524,#3525);
#3524 = CARTESIAN_POINT('',(-24.,-72.57655239859,13.689360071517));
#3525 = VECTOR('',#3526,1.);
#3526 = DIRECTION('',(0.,0.81985779367,0.572567199687));
#3527 = PCURVE('',#2390,#3528);
#3528 = DEFINITIONAL_REPRESENTATION('',(#3529),#3533);
#3529 = LINE('',#3530,#3531);
#3530 = CARTESIAN_POINT('',(-4.,0.));
#3531 = VECTOR('',#3532,1.);
#3532 = DIRECTION('',(0.,1.));
#3533 = ( GEOMETRIC_REPRESENTATION_CONTEXT(2) 
PARAMETRIC_REPRESENTATION_CONTEXT() REPRESENTATION_CONTEXT('2D SPACE',''
  ) );
#3534 = PCURVE('',#1735,#3535);
#3535 = DEFINITIONAL_REPRESENTATION('',(#3536),#3540);
#3536 = LINE('',#3537,#3538);
#3537 = CARTESIAN_POINT('',(-2.023293600549,-3.757116635256));
#3538 = VECTOR('',#3539,1.);
#3539 = DIRECTION('',(0.834914807835,0.550379199878));
#3540 = ( GEOMETRIC_REPRESENTATION_CONTEXT(2) 
PARAMETRIC_REPRESENTATION_CONTEXT() REPRESENTATION_CONTEXT('2D SPACE',''
  ) );
#3541 = ORIENTED_EDGE('',*,*,#3542,.F.);
#3542 = EDGE_CURVE('',#3543,#3520,#3545,.T.);
#3543 = VERTEX_POINT('',#3544);
#3544 = CARTESIAN_POINT('',(-22.,-10.89209595188,56.768168085049));
#3545 = SURFACE_CURVE('',#3546,(#3550,#3557),.PCURVE_S1.);
#3546 = LINE('',#3547,#3548);
#3547 = CARTESIAN_POINT('',(-20.,-10.89209595188,56.768168085049));
#3548 = VECTOR('',#3549,1.);
#3549 = DIRECTION('',(-1.,0.,-0.));
#3550 = PCURVE('',#2390,#3551);
#3551 = DEFINITIONAL_REPRESENTATION('',(#3552),#3556);
#3552 = LINE('',#3553,#3554);
#3553 = CARTESIAN_POINT('',(0.,75.237994836337));
#3554 = VECTOR('',#3555,1.);
#3555 = DIRECTION('',(-1.,0.));
#3556 = ( GEOMETRIC_REPRESENTATION_CONTEXT(2) 
PARAMETRIC_REPRESENTATION_CONTEXT() REPRESENTATION_CONTEXT('2D SPACE',''
  ) );
#3557 = PCURVE('',#1767,#3558);
#3558 = DEFINITIONAL_REPRESENTATION('',(#3559),#3563);
#3559 = LINE('',#3560,#3561);
#3560 = CARTESIAN_POINT('',(-9.,0.));
#3561 = VECTOR('',#3562,1.);
#3562 = DIRECTION('',(-0.,1.));
#3563 = ( GEOMETRIC_REPRESENTATION_CONTEXT(2) 
PARAMETRIC_REPRESENTATION_CONTEXT() REPRESENTATION_CONTEXT('2D SPACE',''
  ) );
#3564 = ORIENTED_EDGE('',*,*,#3565,.F.);
#3565 = EDGE_CURVE('',#2352,#3543,#3566,.T.);
#3566 = SURFACE_CURVE('',#3567,(#3571,#3578),.PCURVE_S1.);
#3567 = LINE('',#3568,#3569);
#3568 = CARTESIAN_POINT('',(-22.,-44.30290276177,33.434936100034));
#3569 = VECTOR('',#3570,1.);
#3570 = DIRECTION('',(-0.,0.81985779367,0.572567199687));
#3571 = PCURVE('',#2390,#3572);
#3572 = DEFINITIONAL_REPRESENTATION('',(#3573),#3577);
#3573 = LINE('',#3574,#3575);
#3574 = CARTESIAN_POINT('',(-2.,34.486041183113));
#3575 = VECTOR('',#3576,1.);
#3576 = DIRECTION('',(0.,1.));
#3577 = ( GEOMETRIC_REPRESENTATION_CONTEXT(2) 
PARAMETRIC_REPRESENTATION_CONTEXT() REPRESENTATION_CONTEXT('2D SPACE',''
  ) );
#3578 = PCURVE('',#1796,#3579);
#3579 = DEFINITIONAL_REPRESENTATION('',(#3580),#3584);
#3580 = LINE('',#3581,#3582);
#3581 = CARTESIAN_POINT('',(15.143871913497,31.487359208486));
#3582 = VECTOR('',#3583,1.);
#3583 = DIRECTION('',(-0.572567199687,-0.81985779367));
#3584 = ( GEOMETRIC_REPRESENTATION_CONTEXT(2) 
PARAMETRIC_REPRESENTATION_CONTEXT() REPRESENTATION_CONTEXT('2D SPACE',''
  ) );
#3585 = ORIENTED_EDGE('',*,*,#2374,.T.);
#3586 = ADVANCED_FACE('',(#3587),#1796,.T.);
#3587 = FACE_BOUND('',#3588,.F.);
#3588 = EDGE_LOOP('',(#3589,#3590,#3591,#3612,#3613,#3614));
#3589 = ORIENTED_EDGE('',*,*,#2351,.F.);
#3590 = ORIENTED_EDGE('',*,*,#3565,.T.);
#3591 = ORIENTED_EDGE('',*,*,#3592,.T.);
#3592 = EDGE_CURVE('',#3543,#1752,#3593,.T.);
#3593 = SURFACE_CURVE('',#3594,(#3598,#3605),.PCURVE_S1.);
#3594 = LINE('',#3595,#3596);
#3595 = CARTESIAN_POINT('',(-22.,-6.708688767456,50.777955956021));
#3596 = VECTOR('',#3597,1.);
#3597 = DIRECTION('',(-0.,0.572567199687,-0.81985779367));
#3598 = PCURVE('',#1796,#3599);
#3599 = DEFINITIONAL_REPRESENTATION('',(#3600),#3604);
#3600 = LINE('',#3601,#3602);
#3601 = CARTESIAN_POINT('',(-2.19914794249,-6.106854785835));
#3602 = VECTOR('',#3603,1.);
#3603 = DIRECTION('',(0.81985779367,-0.572567199687));
#3604 = ( GEOMETRIC_REPRESENTATION_CONTEXT(2) 
PARAMETRIC_REPRESENTATION_CONTEXT() REPRESENTATION_CONTEXT('2D SPACE',''
  ) );
#3605 = PCURVE('',#1767,#3606);
#3606 = DEFINITIONAL_REPRESENTATION('',(#3607),#3611);
#3607 = LINE('',#3608,#3609);
#3608 = CARTESIAN_POINT('',(-1.693596163538,2.));
#3609 = VECTOR('',#3610,1.);
#3610 = DIRECTION('',(1.,-0.));
#3611 = ( GEOMETRIC_REPRESENTATION_CONTEXT(2) 
PARAMETRIC_REPRESENTATION_CONTEXT() REPRESENTATION_CONTEXT('2D SPACE',''
  ) );
#3612 = ORIENTED_EDGE('',*,*,#1779,.F.);
#3613 = ORIENTED_EDGE('',*,*,#2502,.T.);
#3614 = ORIENTED_EDGE('',*,*,#2478,.F.);
#3615 = ADVANCED_FACE('',(#3616),#1767,.T.);
#3616 = FACE_BOUND('',#3617,.F.);
#3617 = EDGE_LOOP('',(#3618,#3619,#3620,#3621));
#3618 = ORIENTED_EDGE('',*,*,#1751,.F.);
#3619 = ORIENTED_EDGE('',*,*,#3592,.F.);
#3620 = ORIENTED_EDGE('',*,*,#3542,.T.);
#3621 = ORIENTED_EDGE('',*,*,#3622,.F.);
#3622 = EDGE_CURVE('',#1719,#3520,#3623,.T.);
#3623 = SURFACE_CURVE('',#3624,(#3628,#3635),.PCURVE_S1.);
#3624 = LINE('',#3625,#3626);
#3625 = CARTESIAN_POINT('',(-24.,-5.738991154698,49.389447942014));
#3626 = VECTOR('',#3627,1.);
#3627 = DIRECTION('',(0.,-0.572567199687,0.81985779367));
#3628 = PCURVE('',#1767,#3629);
#3629 = DEFINITIONAL_REPRESENTATION('',(#3630),#3634);
#3630 = LINE('',#3631,#3632);
#3631 = CARTESIAN_POINT('',(-0.,4.));
#3632 = VECTOR('',#3633,1.);
#3633 = DIRECTION('',(-1.,0.));
#3634 = ( GEOMETRIC_REPRESENTATION_CONTEXT(2) 
PARAMETRIC_REPRESENTATION_CONTEXT() REPRESENTATION_CONTEXT('2D SPACE',''
  ) );
#3635 = PCURVE('',#1735,#3636);
#3636 = DEFINITIONAL_REPRESENTATION('',(#3637),#3641);
#3637 = LINE('',#3638,#3639);
#3638 = CARTESIAN_POINT('',(55.840609601196,45.166544033706));
#3639 = VECTOR('',#3640,1.);
#3640 = DIRECTION('',(0.550379199878,-0.834914807835));
#3641 = ( GEOMETRIC_REPRESENTATION_CONTEXT(2) 
PARAMETRIC_REPRESENTATION_CONTEXT() REPRESENTATION_CONTEXT('2D SPACE',''
  ) );
#3642 = ADVANCED_FACE('',(#3643),#1735,.T.);
#3643 = FACE_BOUND('',#3644,.F.);
#3644 = EDGE_LOOP('',(#3645,#3675,#3703,#3724,#3725,#3726,#3727,#3750,
    #3778,#3811,#3839,#3862));
#3645 = ORIENTED_EDGE('',*,*,#3646,.F.);
#3646 = EDGE_CURVE('',#3647,#3649,#3651,.T.);
#3647 = VERTEX_POINT('',#3648);
#3648 = CARTESIAN_POINT('',(-24.,-70.,10.));
#3649 = VERTEX_POINT('',#3650);
#3650 = CARTESIAN_POINT('',(-24.,-71.5899764324,6.));
#3651 = SURFACE_CURVE('',#3652,(#3656,#3663),.PCURVE_S1.);
#3652 = LINE('',#3653,#3654);
#3653 = CARTESIAN_POINT('',(-24.,-68.33777949243,14.181748794971));
#3654 = VECTOR('',#3655,1.);
#3655 = DIRECTION('',(0.,-0.369382335014,-0.929277509994));
#3656 = PCURVE('',#1735,#3657);
#3657 = DEFINITIONAL_REPRESENTATION('',(#3658),#3662);
#3658 = LINE('',#3659,#3660);
#3659 = CARTESIAN_POINT('',(0.,-0.));
#3660 = VECTOR('',#3661,1.);
#3661 = DIRECTION('',(-1.,1.22087999104E-17));
#3662 = ( GEOMETRIC_REPRESENTATION_CONTEXT(2) 
PARAMETRIC_REPRESENTATION_CONTEXT() REPRESENTATION_CONTEXT('2D SPACE',''
  ) );
#3663 = PCURVE('',#3664,#3669);
#3664 = PLANE('',#3665);
#3665 = AXIS2_PLACEMENT_3D('',#3666,#3667,#3668);
#3666 = CARTESIAN_POINT('',(-20.,-68.33777949243,14.181748794971));
#3667 = DIRECTION('',(0.,-0.929277509994,0.369382335014));
#3668 = DIRECTION('',(0.,0.369382335014,0.929277509994));
#3669 = DEFINITIONAL_REPRESENTATION('',(#3670),#3674);
#3670 = LINE('',#3671,#3672);
#3671 = CARTESIAN_POINT('',(-0.,4.));
#3672 = VECTOR('',#3673,1.);
#3673 = DIRECTION('',(-1.,0.));
#3674 = ( GEOMETRIC_REPRESENTATION_CONTEXT(2) 
PARAMETRIC_REPRESENTATION_CONTEXT() REPRESENTATION_CONTEXT('2D SPACE',''
  ) );
#3675 = ORIENTED_EDGE('',*,*,#3676,.F.);
#3676 = EDGE_CURVE('',#3677,#3647,#3679,.T.);
#3677 = VERTEX_POINT('',#3678);
#3678 = CARTESIAN_POINT('',(-24.,-67.4234476014,6.310639928483));
#3679 = SURFACE_CURVE('',#3680,(#3684,#3691),.PCURVE_S1.);
#3680 = LINE('',#3681,#3682);
#3681 = CARTESIAN_POINT('',(-24.,-67.4234476014,6.310639928483));
#3682 = VECTOR('',#3683,1.);
#3683 = DIRECTION('',(0.,-0.572567199687,0.81985779367));
#3684 = PCURVE('',#1735,#3685);
#3685 = DEFINITIONAL_REPRESENTATION('',(#3686),#3690);
#3686 = LINE('',#3687,#3688);
#3687 = CARTESIAN_POINT('',(-6.976706399451,3.757116635256));
#3688 = VECTOR('',#3689,1.);
#3689 = DIRECTION('',(0.550379199878,-0.834914807835));
#3690 = ( GEOMETRIC_REPRESENTATION_CONTEXT(2) 
PARAMETRIC_REPRESENTATION_CONTEXT() REPRESENTATION_CONTEXT('2D SPACE',''
  ) );
#3691 = PCURVE('',#3692,#3697);
#3692 = PLANE('',#3693);
#3693 = AXIS2_PLACEMENT_3D('',#3694,#3695,#3696);
#3694 = CARTESIAN_POINT('',(-20.,-67.4234476014,6.310639928483));
#3695 = DIRECTION('',(0.,0.81985779367,0.572567199687));
#3696 = DIRECTION('',(0.,0.572567199687,-0.81985779367));
#3697 = DEFINITIONAL_REPRESENTATION('',(#3698),#3702);
#3698 = LINE('',#3699,#3700);
#3699 = CARTESIAN_POINT('',(-0.,4.));
#3700 = VECTOR('',#3701,1.);
#3701 = DIRECTION('',(-1.,0.));
#3702 = ( GEOMETRIC_REPRESENTATION_CONTEXT(2) 
PARAMETRIC_REPRESENTATION_CONTEXT() REPRESENTATION_CONTEXT('2D SPACE',''
  ) );
#3703 = ORIENTED_EDGE('',*,*,#3704,.T.);
#3704 = EDGE_CURVE('',#3677,#1691,#3705,.T.);
#3705 = SURFACE_CURVE('',#3706,(#3710,#3717),.PCURVE_S1.);
#3706 = LINE('',#3707,#3708);
#3707 = CARTESIAN_POINT('',(-24.,-67.4234476014,6.310639928483));
#3708 = VECTOR('',#3709,1.);
#3709 = DIRECTION('',(0.,0.81985779367,0.572567199687));
#3710 = PCURVE('',#1735,#3711);
#3711 = DEFINITIONAL_REPRESENTATION('',(#3712),#3716);
#3712 = LINE('',#3713,#3714);
#3713 = CARTESIAN_POINT('',(-6.976706399451,3.757116635256));
#3714 = VECTOR('',#3715,1.);
#3715 = DIRECTION('',(0.834914807835,0.550379199878));
#3716 = ( GEOMETRIC_REPRESENTATION_CONTEXT(2) 
PARAMETRIC_REPRESENTATION_CONTEXT() REPRESENTATION_CONTEXT('2D SPACE',''
  ) );
#3717 = PCURVE('',#1706,#3718);
#3718 = DEFINITIONAL_REPRESENTATION('',(#3719),#3723);
#3719 = LINE('',#3720,#3721);
#3720 = CARTESIAN_POINT('',(-4.,0.));
#3721 = VECTOR('',#3722,1.);
#3722 = DIRECTION('',(0.,1.));
#3723 = ( GEOMETRIC_REPRESENTATION_CONTEXT(2) 
PARAMETRIC_REPRESENTATION_CONTEXT() REPRESENTATION_CONTEXT('2D SPACE',''
  ) );
#3724 = ORIENTED_EDGE('',*,*,#1718,.F.);
#3725 = ORIENTED_EDGE('',*,*,#3622,.T.);
#3726 = ORIENTED_EDGE('',*,*,#3519,.F.);
#3727 = ORIENTED_EDGE('',*,*,#3728,.T.);
#3728 = EDGE_CURVE('',#3497,#3729,#3731,.T.);
#3729 = VERTEX_POINT('',#3730);
#3730 = CARTESIAN_POINT('',(-24.,-106.4715221833,29.339686834487));
#3731 = SURFACE_CURVE('',#3732,(#3736,#3743),.PCURVE_S1.);
#3732 = LINE('',#3733,#3734);
#3733 = CARTESIAN_POINT('',(-24.,-68.33777949243,14.181748794971));
#3734 = VECTOR('',#3735,1.);
#3735 = DIRECTION('',(0.,-0.929277509994,0.369382335014));
#3736 = PCURVE('',#1735,#3737);
#3737 = DEFINITIONAL_REPRESENTATION('',(#3738),#3742);
#3738 = LINE('',#3739,#3740);
#3739 = CARTESIAN_POINT('',(0.,-0.));
#3740 = VECTOR('',#3741,1.);
#3741 = DIRECTION('',(1.22087999104E-17,-1.));
#3742 = ( GEOMETRIC_REPRESENTATION_CONTEXT(2) 
PARAMETRIC_REPRESENTATION_CONTEXT() REPRESENTATION_CONTEXT('2D SPACE',''
  ) );
#3743 = PCURVE('',#3431,#3744);
#3744 = DEFINITIONAL_REPRESENTATION('',(#3745),#3749);
#3745 = LINE('',#3746,#3747);
#3746 = CARTESIAN_POINT('',(-4.,0.));
#3747 = VECTOR('',#3748,1.);
#3748 = DIRECTION('',(-0.,1.));
#3749 = ( GEOMETRIC_REPRESENTATION_CONTEXT(2) 
PARAMETRIC_REPRESENTATION_CONTEXT() REPRESENTATION_CONTEXT('2D SPACE',''
  ) );
#3750 = ORIENTED_EDGE('',*,*,#3751,.F.);
#3751 = EDGE_CURVE('',#3752,#3729,#3754,.T.);
#3752 = VERTEX_POINT('',#3753);
#3753 = CARTESIAN_POINT('',(-24.,-114.3703973481,26.592251994584));
#3754 = SURFACE_CURVE('',#3755,(#3759,#3766),.PCURVE_S1.);
#3755 = LINE('',#3756,#3757);
#3756 = CARTESIAN_POINT('',(-24.,-16.8234716169,60.521617466305));
#3757 = VECTOR('',#3758,1.);
#3758 = DIRECTION('',(-0.,0.944496796706,0.328520624941));
#3759 = PCURVE('',#1735,#3760);
#3760 = DEFINITIONAL_REPRESENTATION('',(#3761),#3765);
#3761 = LINE('',#3762,#3763);
#3762 = CARTESIAN_POINT('',(62.09107310201,30.753958857564));
#3763 = VECTOR('',#3764,1.);
#3764 = DIRECTION('',(0.654167260507,0.756349915899));
#3765 = ( GEOMETRIC_REPRESENTATION_CONTEXT(2) 
PARAMETRIC_REPRESENTATION_CONTEXT() REPRESENTATION_CONTEXT('2D SPACE',''
  ) );
#3766 = PCURVE('',#3767,#3772);
#3767 = PLANE('',#3768);
#3768 = AXIS2_PLACEMENT_3D('',#3769,#3770,#3771);
#3769 = CARTESIAN_POINT('',(-3.5,43.50975722236,81.507088366918));
#3770 = DIRECTION('',(-0.,0.328520624941,-0.944496796706));
#3771 = DIRECTION('',(1.,0.,0.));
#3772 = DEFINITIONAL_REPRESENTATION('',(#3773),#3777);
#3773 = LINE('',#3774,#3775);
#3774 = CARTESIAN_POINT('',(-20.5,63.87870138858));
#3775 = VECTOR('',#3776,1.);
#3776 = DIRECTION('',(-0.,-1.));
#3777 = ( GEOMETRIC_REPRESENTATION_CONTEXT(2) 
PARAMETRIC_REPRESENTATION_CONTEXT() REPRESENTATION_CONTEXT('2D SPACE',''
  ) );
#3778 = ORIENTED_EDGE('',*,*,#3779,.F.);
#3779 = EDGE_CURVE('',#3780,#3752,#3782,.T.);
#3780 = VERTEX_POINT('',#3781);
#3781 = CARTESIAN_POINT('',(-24.,-122.1868935957,29.961089552844));
#3782 = SURFACE_CURVE('',#3783,(#3788,#3799),.PCURVE_S1.);
#3783 = CIRCLE('',#3784,6.3);
#3784 = AXIS2_PLACEMENT_3D('',#3785,#3786,#3787);
#3785 = CARTESIAN_POINT('',(-24.,-116.4400772852,32.542581813833));
#3786 = DIRECTION('',(1.,0.,-1.110223024625E-16));
#3787 = DIRECTION('',(-1.110223024625E-16,-0.,-1.));
#3788 = PCURVE('',#1735,#3789);
#3789 = DEFINITIONAL_REPRESENTATION('',(#3790),#3798);
#3790 = ( BOUNDED_CURVE() B_SPLINE_CURVE(2,(#3791,#3792,#3793,#3794,
#3795,#3796,#3797),.UNSPECIFIED.,.T.,.F.) B_SPLINE_CURVE_WITH_KNOTS((1,2
    ,2,2,2,1),(-2.094395102393,0.,2.094395102393,4.188790204786,
6.28318530718,8.377580409573),.UNSPECIFIED.) CURVE() 
GEOMETRIC_REPRESENTATION_ITEM() RATIONAL_B_SPLINE_CURVE((1.,0.5,1.,0.5,
1.,0.5,1.)) REPRESENTATION_ITEM('') );
#3791 = CARTESIAN_POINT('',(-6.560278202016,-49.15544218057));
#3792 = CARTESIAN_POINT('',(-2.529607680543,-39.01524025224));
#3793 = CARTESIAN_POINT('',(4.236729528159,-47.57600428228));
#3794 = CARTESIAN_POINT('',(11.003066736861,-56.13676831233));
#3795 = CARTESIAN_POINT('',(0.206059006686,-57.71620621061));
#3796 = CARTESIAN_POINT('',(-10.59094872349,-59.2956441089));
#3797 = CARTESIAN_POINT('',(-6.560278202016,-49.15544218057));
#3798 = ( GEOMETRIC_REPRESENTATION_CONTEXT(2) 
PARAMETRIC_REPRESENTATION_CONTEXT() REPRESENTATION_CONTEXT('2D SPACE',''
  ) );
#3799 = PCURVE('',#3800,#3805);
#3800 = CYLINDRICAL_SURFACE('',#3801,6.3);
#3801 = AXIS2_PLACEMENT_3D('',#3802,#3803,#3804);
#3802 = CARTESIAN_POINT('',(-3.5,-116.4400772852,32.542581813833));
#3803 = DIRECTION('',(-1.,-0.,1.110223024625E-16));
#3804 = DIRECTION('',(-1.110223024625E-16,-0.,-1.));
#3805 = DEFINITIONAL_REPRESENTATION('',(#3806),#3810);
#3806 = LINE('',#3807,#3808);
#3807 = CARTESIAN_POINT('',(-0.,20.5));
#3808 = VECTOR('',#3809,1.);
#3809 = DIRECTION('',(-1.,0.));
#3810 = ( GEOMETRIC_REPRESENTATION_CONTEXT(2) 
PARAMETRIC_REPRESENTATION_CONTEXT() REPRESENTATION_CONTEXT('2D SPACE',''
  ) );
#3811 = ORIENTED_EDGE('',*,*,#3812,.T.);
#3812 = EDGE_CURVE('',#3780,#3813,#3815,.T.);
#3813 = VERTEX_POINT('',#3814);
#3814 = CARTESIAN_POINT('',(-24.,-123.5803792136,26.455413394203));
#3815 = SURFACE_CURVE('',#3816,(#3820,#3827),.PCURVE_S1.);
#3816 = LINE('',#3817,#3818);
#3817 = CARTESIAN_POINT('',(-24.,-120.2559381985,34.818910984144));
#3818 = VECTOR('',#3819,1.);
#3819 = DIRECTION('',(0.,-0.369382335014,-0.929277509994));
#3820 = PCURVE('',#1735,#3821);
#3821 = DEFINITIONAL_REPRESENTATION('',(#3822),#3826);
#3822 = LINE('',#3823,#3824);
#3823 = CARTESIAN_POINT('',(-2.635632997331E-15,-55.86938040337));
#3824 = VECTOR('',#3825,1.);
#3825 = DIRECTION('',(-1.,1.22087999104E-17));
#3826 = ( GEOMETRIC_REPRESENTATION_CONTEXT(2) 
PARAMETRIC_REPRESENTATION_CONTEXT() REPRESENTATION_CONTEXT('2D SPACE',''
  ) );
#3827 = PCURVE('',#3828,#3833);
#3828 = PLANE('',#3829);
#3829 = AXIS2_PLACEMENT_3D('',#3830,#3831,#3832);
#3830 = CARTESIAN_POINT('',(-20.,-120.2559381985,34.818910984144));
#3831 = DIRECTION('',(0.,-0.929277509994,0.369382335014));
#3832 = DIRECTION('',(0.,0.369382335014,0.929277509994));
#3833 = DEFINITIONAL_REPRESENTATION('',(#3834),#3838);
#3834 = LINE('',#3835,#3836);
#3835 = CARTESIAN_POINT('',(-0.,4.));
#3836 = VECTOR('',#3837,1.);
#3837 = DIRECTION('',(-1.,0.));
#3838 = ( GEOMETRIC_REPRESENTATION_CONTEXT(2) 
PARAMETRIC_REPRESENTATION_CONTEXT() REPRESENTATION_CONTEXT('2D SPACE',''
  ) );
#3839 = ORIENTED_EDGE('',*,*,#3840,.F.);
#3840 = EDGE_CURVE('',#3841,#3813,#3843,.T.);
#3841 = VERTEX_POINT('',#3842);
#3842 = CARTESIAN_POINT('',(-24.,-72.11945695778,6.));
#3843 = SURFACE_CURVE('',#3844,(#3848,#3855),.PCURVE_S1.);
#3844 = LINE('',#3845,#3846);
#3845 = CARTESIAN_POINT('',(-24.,-71.66222050756,5.818251205029));
#3846 = VECTOR('',#3847,1.);
#3847 = DIRECTION('',(0.,-0.929277509994,0.369382335014));
#3848 = PCURVE('',#1735,#3849);
#3849 = DEFINITIONAL_REPRESENTATION('',(#3850),#3854);
#3850 = LINE('',#3851,#3852);
#3851 = CARTESIAN_POINT('',(-9.,-6.282949926063E-16));
#3852 = VECTOR('',#3853,1.);
#3853 = DIRECTION('',(1.22087999104E-17,-1.));
#3854 = ( GEOMETRIC_REPRESENTATION_CONTEXT(2) 
PARAMETRIC_REPRESENTATION_CONTEXT() REPRESENTATION_CONTEXT('2D SPACE',''
  ) );
#3855 = PCURVE('',#3480,#3856);
#3856 = DEFINITIONAL_REPRESENTATION('',(#3857),#3861);
#3857 = LINE('',#3858,#3859);
#3858 = CARTESIAN_POINT('',(-4.,0.));
#3859 = VECTOR('',#3860,1.);
#3860 = DIRECTION('',(-0.,1.));
#3861 = ( GEOMETRIC_REPRESENTATION_CONTEXT(2) 
PARAMETRIC_REPRESENTATION_CONTEXT() REPRESENTATION_CONTEXT('2D SPACE',''
  ) );
#3862 = ORIENTED_EDGE('',*,*,#3863,.F.);
#3863 = EDGE_CURVE('',#3649,#3841,#3864,.T.);
#3864 = SURFACE_CURVE('',#3865,(#3869,#3876),.PCURVE_S1.);
#3865 = LINE('',#3866,#3867);
#3866 = CARTESIAN_POINT('',(-24.,-126.6688897462,6.));
#3867 = VECTOR('',#3868,1.);
#3868 = DIRECTION('',(-0.,-1.,-0.));
#3869 = PCURVE('',#1735,#3870);
#3870 = DEFINITIONAL_REPRESENTATION('',(#3871),#3875);
#3871 = LINE('',#3872,#3873);
#3872 = CARTESIAN_POINT('',(-29.14959685707,-51.1835954174));
#3873 = VECTOR('',#3874,1.);
#3874 = DIRECTION('',(-0.369382335014,-0.929277509994));
#3875 = ( GEOMETRIC_REPRESENTATION_CONTEXT(2) 
PARAMETRIC_REPRESENTATION_CONTEXT() REPRESENTATION_CONTEXT('2D SPACE',''
  ) );
#3876 = PCURVE('',#3877,#3882);
#3877 = PLANE('',#3878);
#3878 = AXIS2_PLACEMENT_3D('',#3879,#3880,#3881);
#3879 = CARTESIAN_POINT('',(40.,-185.,6.));
#3880 = DIRECTION('',(-0.,-0.,1.));
#3881 = DIRECTION('',(1.,0.,0.));
#3882 = DEFINITIONAL_REPRESENTATION('',(#3883),#3887);
#3883 = LINE('',#3884,#3885);
#3884 = CARTESIAN_POINT('',(-64.,58.331110253781));
#3885 = VECTOR('',#3886,1.);
#3886 = DIRECTION('',(-0.,-1.));
#3887 = ( GEOMETRIC_REPRESENTATION_CONTEXT(2) 
PARAMETRIC_REPRESENTATION_CONTEXT() REPRESENTATION_CONTEXT('2D SPACE',''
  ) );
#3888 = ADVANCED_FACE('',(#3889),#1706,.F.);
#3889 = FACE_BOUND('',#3890,.T.);
#3890 = EDGE_LOOP('',(#3891,#3892,#3915,#3943,#3964,#3965));
#3891 = ORIENTED_EDGE('',*,*,#3368,.F.);
#3892 = ORIENTED_EDGE('',*,*,#3893,.T.);
#3893 = EDGE_CURVE('',#3341,#3894,#3896,.T.);
#3894 = VERTEX_POINT('',#3895);
#3895 = CARTESIAN_POINT('',(-22.,-61.,10.796607414393));
#3896 = SURFACE_CURVE('',#3897,(#3901,#3908),.PCURVE_S1.);
#3897 = LINE('',#3898,#3899);
#3898 = CARTESIAN_POINT('',(-6.5,-61.,10.796607414393));
#3899 = VECTOR('',#3900,1.);
#3900 = DIRECTION('',(-1.,-0.,-0.));
#3901 = PCURVE('',#1706,#3902);
#3902 = DEFINITIONAL_REPRESENTATION('',(#3903),#3907);
#3903 = LINE('',#3904,#3905);
#3904 = CARTESIAN_POINT('',(13.5,7.834831419544));
#3905 = VECTOR('',#3906,1.);
#3906 = DIRECTION('',(-1.,0.));
#3907 = ( GEOMETRIC_REPRESENTATION_CONTEXT(2) 
PARAMETRIC_REPRESENTATION_CONTEXT() REPRESENTATION_CONTEXT('2D SPACE',''
  ) );
#3908 = PCURVE('',#3356,#3909);
#3909 = DEFINITIONAL_REPRESENTATION('',(#3910),#3914);
#3910 = LINE('',#3911,#3912);
#3911 = CARTESIAN_POINT('',(-4.796607414393,13.5));
#3912 = VECTOR('',#3913,1.);
#3913 = DIRECTION('',(-0.,1.));
#3914 = ( GEOMETRIC_REPRESENTATION_CONTEXT(2) 
PARAMETRIC_REPRESENTATION_CONTEXT() REPRESENTATION_CONTEXT('2D SPACE',''
  ) );
#3915 = ORIENTED_EDGE('',*,*,#3916,.T.);
#3916 = EDGE_CURVE('',#3894,#3917,#3919,.T.);
#3917 = VERTEX_POINT('',#3918);
#3918 = CARTESIAN_POINT('',(-22.,-67.4234476014,6.310639928483));
#3919 = SURFACE_CURVE('',#3920,(#3924,#3931),.PCURVE_S1.);
#3920 = LINE('',#3921,#3922);
#3921 = CARTESIAN_POINT('',(-22.,-71.38704557182,3.542566967381));
#3922 = VECTOR('',#3923,1.);
#3923 = DIRECTION('',(-0.,-0.81985779367,-0.572567199687));
#3924 = PCURVE('',#1706,#3925);
#3925 = DEFINITIONAL_REPRESENTATION('',(#3926),#3930);
#3926 = LINE('',#3927,#3928);
#3927 = CARTESIAN_POINT('',(-2.,-4.834494470892));
#3928 = VECTOR('',#3929,1.);
#3929 = DIRECTION('',(-0.,-1.));
#3930 = ( GEOMETRIC_REPRESENTATION_CONTEXT(2) 
PARAMETRIC_REPRESENTATION_CONTEXT() REPRESENTATION_CONTEXT('2D SPACE',''
  ) );
#3931 = PCURVE('',#3932,#3937);
#3932 = PLANE('',#3933);
#3933 = AXIS2_PLACEMENT_3D('',#3934,#3935,#3936);
#3934 = CARTESIAN_POINT('',(-22.,-79.,6.));
#3935 = DIRECTION('',(-1.,0.,-0.));
#3936 = DIRECTION('',(0.,0.,-1.));
#3937 = DEFINITIONAL_REPRESENTATION('',(#3938),#3942);
#3938 = LINE('',#3939,#3940);
#3939 = CARTESIAN_POINT('',(2.457433032619,-7.612954428176));
#3940 = VECTOR('',#3941,1.);
#3941 = DIRECTION('',(0.572567199687,0.81985779367));
#3942 = ( GEOMETRIC_REPRESENTATION_CONTEXT(2) 
PARAMETRIC_REPRESENTATION_CONTEXT() REPRESENTATION_CONTEXT('2D SPACE',''
  ) );
#3943 = ORIENTED_EDGE('',*,*,#3944,.T.);
#3944 = EDGE_CURVE('',#3917,#3677,#3945,.T.);
#3945 = SURFACE_CURVE('',#3946,(#3950,#3957),.PCURVE_S1.);
#3946 = LINE('',#3947,#3948);
#3947 = CARTESIAN_POINT('',(-20.,-67.4234476014,6.310639928483));
#3948 = VECTOR('',#3949,1.);
#3949 = DIRECTION('',(-1.,0.,-0.));
#3950 = PCURVE('',#1706,#3951);
#3951 = DEFINITIONAL_REPRESENTATION('',(#3952),#3956);
#3952 = LINE('',#3953,#3954);
#3953 = CARTESIAN_POINT('',(0.,-0.));
#3954 = VECTOR('',#3955,1.);
#3955 = DIRECTION('',(-1.,0.));
#3956 = ( GEOMETRIC_REPRESENTATION_CONTEXT(2) 
PARAMETRIC_REPRESENTATION_CONTEXT() REPRESENTATION_CONTEXT('2D SPACE',''
  ) );
#3957 = PCURVE('',#3692,#3958);
#3958 = DEFINITIONAL_REPRESENTATION('',(#3959),#3963);
#3959 = LINE('',#3960,#3961);
#3960 = CARTESIAN_POINT('',(-0.,-0.));
#3961 = VECTOR('',#3962,1.);
#3962 = DIRECTION('',(-0.,1.));
#3963 = ( GEOMETRIC_REPRESENTATION_CONTEXT(2) 
PARAMETRIC_REPRESENTATION_CONTEXT() REPRESENTATION_CONTEXT('2D SPACE',''
  ) );
#3964 = ORIENTED_EDGE('',*,*,#3704,.T.);
#3965 = ORIENTED_EDGE('',*,*,#1690,.F.);
#3966 = ADVANCED_FACE('',(#3967),#2901,.T.);
#3967 = FACE_BOUND('',#3968,.F.);
#3968 = EDGE_LOOP('',(#3969,#3970,#3971,#3972,#3995,#4023));
#3969 = ORIENTED_EDGE('',*,*,#3205,.F.);
#3970 = ORIENTED_EDGE('',*,*,#2962,.F.);
#3971 = ORIENTED_EDGE('',*,*,#2885,.T.);
#3972 = ORIENTED_EDGE('',*,*,#3973,.F.);
#3973 = EDGE_CURVE('',#3974,#2853,#3976,.T.);
#3974 = VERTEX_POINT('',#3975);
#3975 = CARTESIAN_POINT('',(-22.1,46.201600700362,83.33214307205));
#3976 = SURFACE_CURVE('',#3977,(#3981,#3988),.PCURVE_S1.);
#3977 = LINE('',#3978,#3979);
#3978 = CARTESIAN_POINT('',(-3.5,46.201600700362,83.33214307205));
#3979 = VECTOR('',#3980,1.);
#3980 = DIRECTION('',(-1.,-0.,1.110223024625E-16));
#3981 = PCURVE('',#2901,#3982);
#3982 = DEFINITIONAL_REPRESENTATION('',(#3983),#3987);
#3983 = LINE('',#3984,#3985);
#3984 = CARTESIAN_POINT('',(16.5,101.13935807751));
#3985 = VECTOR('',#3986,1.);
#3986 = DIRECTION('',(-1.,8.374110444258E-17));
#3987 = ( GEOMETRIC_REPRESENTATION_CONTEXT(2) 
PARAMETRIC_REPRESENTATION_CONTEXT() REPRESENTATION_CONTEXT('2D SPACE',''
  ) );
#3988 = PCURVE('',#2873,#3989);
#3989 = DEFINITIONAL_REPRESENTATION('',(#3990),#3994);
#3990 = LINE('',#3991,#3992);
#3991 = CARTESIAN_POINT('',(-0.856870981631,-1.390833161048E-17));
#3992 = VECTOR('',#3993,1.);
#3993 = DIRECTION('',(-0.,1.));
#3994 = ( GEOMETRIC_REPRESENTATION_CONTEXT(2) 
PARAMETRIC_REPRESENTATION_CONTEXT() REPRESENTATION_CONTEXT('2D SPACE',''
  ) );
#3995 = ORIENTED_EDGE('',*,*,#3996,.T.);
#3996 = EDGE_CURVE('',#3974,#3997,#3999,.T.);
#3997 = VERTEX_POINT('',#3998);
#3998 = CARTESIAN_POINT('',(-22.1,47.644342709338,81.674687249844));
#3999 = SURFACE_CURVE('',#4000,(#4004,#4011),.PCURVE_S1.);
#4000 = LINE('',#4001,#4002);
#4001 = CARTESIAN_POINT('',(-22.1,75.657540194361,49.492469652184));
#4002 = VECTOR('',#4003,1.);
#4003 = DIRECTION('',(-0.,0.656561134073,-0.754272813526));
#4004 = PCURVE('',#2901,#4005);
#4005 = DEFINITIONAL_REPRESENTATION('',(#4006),#4010);
#4006 = LINE('',#4007,#4008);
#4007 = CARTESIAN_POINT('',(-2.1,56.275387358936));
#4008 = VECTOR('',#4009,1.);
#4009 = DIRECTION('',(-0.,-1.));
#4010 = ( GEOMETRIC_REPRESENTATION_CONTEXT(2) 
PARAMETRIC_REPRESENTATION_CONTEXT() REPRESENTATION_CONTEXT('2D SPACE',''
  ) );
#4011 = PCURVE('',#4012,#4017);
#4012 = PLANE('',#4013);
#4013 = AXIS2_PLACEMENT_3D('',#4014,#4015,#4016);
#4014 = CARTESIAN_POINT('',(-22.1,43.50975722236,96.118043161181));
#4015 = DIRECTION('',(-1.,-0.,-0.));
#4016 = DIRECTION('',(0.,-0.328520624941,0.944496796706));
#4017 = DEFINITIONAL_REPRESENTATION('',(#4018),#4022);
#4018 = LINE('',#4019,#4020);
#4019 = CARTESIAN_POINT('',(-54.59891457627,15.046015490839));
#4020 = VECTOR('',#4021,1.);
#4021 = DIRECTION('',(-0.928102130296,0.372325711898));
#4022 = ( GEOMETRIC_REPRESENTATION_CONTEXT(2) 
PARAMETRIC_REPRESENTATION_CONTEXT() REPRESENTATION_CONTEXT('2D SPACE',''
  ) );
#4023 = ORIENTED_EDGE('',*,*,#4024,.T.);
#4024 = EDGE_CURVE('',#3997,#3178,#4025,.T.);
#4025 = SURFACE_CURVE('',#4026,(#4030,#4037),.PCURVE_S1.);
#4026 = LINE('',#4027,#4028);
#4027 = CARTESIAN_POINT('',(-18.45,47.644342709338,81.674687249844));
#4028 = VECTOR('',#4029,1.);
#4029 = DIRECTION('',(1.,0.,-0.));
#4030 = PCURVE('',#2901,#4031);
#4031 = DEFINITIONAL_REPRESENTATION('',(#4032),#4036);
#4032 = LINE('',#4033,#4034);
#4033 = CARTESIAN_POINT('',(1.55,98.941935881614));
#4034 = VECTOR('',#4035,1.);
#4035 = DIRECTION('',(1.,-0.));
#4036 = ( GEOMETRIC_REPRESENTATION_CONTEXT(2) 
PARAMETRIC_REPRESENTATION_CONTEXT() REPRESENTATION_CONTEXT('2D SPACE',''
  ) );
#4037 = PCURVE('',#3193,#4038);
#4038 = DEFINITIONAL_REPRESENTATION('',(#4039),#4043);
#4039 = LINE('',#4040,#4041);
#4040 = CARTESIAN_POINT('',(-1.55,0.839837562083));
#4041 = VECTOR('',#4042,1.);
#4042 = DIRECTION('',(1.,-0.));
#4043 = ( GEOMETRIC_REPRESENTATION_CONTEXT(2) 
PARAMETRIC_REPRESENTATION_CONTEXT() REPRESENTATION_CONTEXT('2D SPACE',''
  ) );
#4044 = ADVANCED_FACE('',(#4045),#2873,.F.);
#4045 = FACE_BOUND('',#4046,.T.);
#4046 = EDGE_LOOP('',(#4047,#4048,#4076,#4099,#4132,#4160,#4193,#4214));
#4047 = ORIENTED_EDGE('',*,*,#3973,.F.);
#4048 = ORIENTED_EDGE('',*,*,#4049,.F.);
#4049 = EDGE_CURVE('',#4050,#3974,#4052,.T.);
#4050 = VERTEX_POINT('',#4051);
#4051 = CARTESIAN_POINT('',(-22.1,43.50975722236,81.507088366918));
#4052 = SURFACE_CURVE('',#4053,(#4058,#4065),.PCURVE_S1.);
#4053 = CIRCLE('',#4054,6.3);
#4054 = AXIS2_PLACEMENT_3D('',#4055,#4056,#4057);
#4055 = CARTESIAN_POINT('',(-22.1,41.44007728523,87.457418186167));
#4056 = DIRECTION('',(1.,0.,-1.110223024625E-16));
#4057 = DIRECTION('',(-1.110223024625E-16,-0.,-1.));
#4058 = PCURVE('',#2873,#4059);
#4059 = DEFINITIONAL_REPRESENTATION('',(#4060),#4064);
#4060 = LINE('',#4061,#4062);
#4061 = CARTESIAN_POINT('',(-0.,18.6));
#4062 = VECTOR('',#4063,1.);
#4063 = DIRECTION('',(-1.,0.));
#4064 = ( GEOMETRIC_REPRESENTATION_CONTEXT(2) 
PARAMETRIC_REPRESENTATION_CONTEXT() REPRESENTATION_CONTEXT('2D SPACE',''
  ) );
#4065 = PCURVE('',#4012,#4066);
#4066 = DEFINITIONAL_REPRESENTATION('',(#4067),#4075);
#4067 = ( BOUNDED_CURVE() B_SPLINE_CURVE(2,(#4068,#4069,#4070,#4071,
#4072,#4073,#4074),.UNSPECIFIED.,.T.,.F.) B_SPLINE_CURVE_WITH_KNOTS((1,2
    ,2,2,2,1),(-2.094395102393,0.,2.094395102393,4.188790204786,
6.28318530718,8.377580409573),.UNSPECIFIED.) CURVE() 
GEOMETRIC_REPRESENTATION_ITEM() RATIONAL_B_SPLINE_CURVE((1.,0.5,1.,0.5,
1.,0.5,1.)) REPRESENTATION_ITEM('') );
#4068 = CARTESIAN_POINT('',(-13.45032981924,-6.86967993713));
#4069 = CARTESIAN_POINT('',(-17.03512062576,3.436593631601));
#4070 = CARTESIAN_POINT('',(-6.317230493633,1.387976752931));
#4071 = CARTESIAN_POINT('',(4.400659638498,-0.66064012574));
#4072 = CARTESIAN_POINT('',(-2.732439687118,-8.918296815801));
#4073 = CARTESIAN_POINT('',(-9.865539012734,-17.17595350586));
#4074 = CARTESIAN_POINT('',(-13.45032981924,-6.86967993713));
#4075 = ( GEOMETRIC_REPRESENTATION_CONTEXT(2) 
PARAMETRIC_REPRESENTATION_CONTEXT() REPRESENTATION_CONTEXT('2D SPACE',''
  ) );
#4076 = ORIENTED_EDGE('',*,*,#4077,.F.);
#4077 = EDGE_CURVE('',#4078,#4050,#4080,.T.);
#4078 = VERTEX_POINT('',#4079);
#4079 = CARTESIAN_POINT('',(-16.9,43.50975722236,81.507088366918));
#4080 = SURFACE_CURVE('',#4081,(#4085,#4092),.PCURVE_S1.);
#4081 = LINE('',#4082,#4083);
#4082 = CARTESIAN_POINT('',(-15.9,43.50975722236,81.507088366918));
#4083 = VECTOR('',#4084,1.);
#4084 = DIRECTION('',(-1.,0.,-0.));
#4085 = PCURVE('',#2873,#4086);
#4086 = DEFINITIONAL_REPRESENTATION('',(#4087),#4091);
#4087 = LINE('',#4088,#4089);
#4088 = CARTESIAN_POINT('',(-0.334736837317,12.4));
#4089 = VECTOR('',#4090,1.);
#4090 = DIRECTION('',(-0.,1.));
#4091 = ( GEOMETRIC_REPRESENTATION_CONTEXT(2) 
PARAMETRIC_REPRESENTATION_CONTEXT() REPRESENTATION_CONTEXT('2D SPACE',''
  ) );
#4092 = PCURVE('',#3767,#4093);
#4093 = DEFINITIONAL_REPRESENTATION('',(#4094),#4098);
#4094 = LINE('',#4095,#4096);
#4095 = CARTESIAN_POINT('',(-12.4,0.));
#4096 = VECTOR('',#4097,1.);
#4097 = DIRECTION('',(-1.,0.));
#4098 = ( GEOMETRIC_REPRESENTATION_CONTEXT(2) 
PARAMETRIC_REPRESENTATION_CONTEXT() REPRESENTATION_CONTEXT('2D SPACE',''
  ) );
#4099 = ORIENTED_EDGE('',*,*,#4100,.T.);
#4100 = EDGE_CURVE('',#4078,#4101,#4103,.T.);
#4101 = VERTEX_POINT('',#4102);
#4102 = CARTESIAN_POINT('',(-16.9,39.3703973481,93.407748005416));
#4103 = SURFACE_CURVE('',#4104,(#4109,#4116),.PCURVE_S1.);
#4104 = CIRCLE('',#4105,6.3);
#4105 = AXIS2_PLACEMENT_3D('',#4106,#4107,#4108);
#4106 = CARTESIAN_POINT('',(-16.9,41.44007728523,87.457418186167));
#4107 = DIRECTION('',(1.,0.,-1.110223024625E-16));
#4108 = DIRECTION('',(-1.110223024625E-16,-0.,-1.));
#4109 = PCURVE('',#2873,#4110);
#4110 = DEFINITIONAL_REPRESENTATION('',(#4111),#4115);
#4111 = LINE('',#4112,#4113);
#4112 = CARTESIAN_POINT('',(-0.,13.4));
#4113 = VECTOR('',#4114,1.);
#4114 = DIRECTION('',(-1.,0.));
#4115 = ( GEOMETRIC_REPRESENTATION_CONTEXT(2) 
PARAMETRIC_REPRESENTATION_CONTEXT() REPRESENTATION_CONTEXT('2D SPACE',''
  ) );
#4116 = PCURVE('',#4117,#4122);
#4117 = PLANE('',#4118);
#4118 = AXIS2_PLACEMENT_3D('',#4119,#4120,#4121);
#4119 = CARTESIAN_POINT('',(-16.9,43.50975722236,96.118043161181));
#4120 = DIRECTION('',(-1.,-0.,-0.));
#4121 = DIRECTION('',(0.,-0.328520624941,0.944496796706));
#4122 = DEFINITIONAL_REPRESENTATION('',(#4123),#4131);
#4123 = ( BOUNDED_CURVE() B_SPLINE_CURVE(2,(#4124,#4125,#4126,#4127,
#4128,#4129,#4130),.UNSPECIFIED.,.T.,.F.) B_SPLINE_CURVE_WITH_KNOTS((1,2
    ,2,2,2,1),(-2.094395102393,0.,2.094395102393,4.188790204786,
6.28318530718,8.377580409573),.UNSPECIFIED.) CURVE() 
GEOMETRIC_REPRESENTATION_ITEM() RATIONAL_B_SPLINE_CURVE((1.,0.5,1.,0.5,
1.,0.5,1.)) REPRESENTATION_ITEM('') );
#4124 = CARTESIAN_POINT('',(-13.45032981924,-6.86967993713));
#4125 = CARTESIAN_POINT('',(-17.03512062576,3.436593631601));
#4126 = CARTESIAN_POINT('',(-6.317230493633,1.387976752931));
#4127 = CARTESIAN_POINT('',(4.400659638498,-0.66064012574));
#4128 = CARTESIAN_POINT('',(-2.732439687118,-8.918296815801));
#4129 = CARTESIAN_POINT('',(-9.865539012734,-17.17595350586));
#4130 = CARTESIAN_POINT('',(-13.45032981924,-6.86967993713));
#4131 = ( GEOMETRIC_REPRESENTATION_CONTEXT(2) 
PARAMETRIC_REPRESENTATION_CONTEXT() REPRESENTATION_CONTEXT('2D SPACE',''
  ) );
#4132 = ORIENTED_EDGE('',*,*,#4133,.T.);
#4133 = EDGE_CURVE('',#4101,#4134,#4136,.T.);
#4134 = VERTEX_POINT('',#4135);
#4135 = CARTESIAN_POINT('',(-22.1,39.3703973481,93.407748005416));
#4136 = SURFACE_CURVE('',#4137,(#4141,#4148),.PCURVE_S1.);
#4137 = LINE('',#4138,#4139);
#4138 = CARTESIAN_POINT('',(-15.9,39.3703973481,93.407748005416));
#4139 = VECTOR('',#4140,1.);
#4140 = DIRECTION('',(-1.,0.,-0.));
#4141 = PCURVE('',#2873,#4142);
#4142 = DEFINITIONAL_REPRESENTATION('',(#4143),#4147);
#4143 = LINE('',#4144,#4145);
#4144 = CARTESIAN_POINT('',(-3.476329490907,12.4));
#4145 = VECTOR('',#4146,1.);
#4146 = DIRECTION('',(-0.,1.));
#4147 = ( GEOMETRIC_REPRESENTATION_CONTEXT(2) 
PARAMETRIC_REPRESENTATION_CONTEXT() REPRESENTATION_CONTEXT('2D SPACE',''
  ) );
#4148 = PCURVE('',#4149,#4154);
#4149 = PLANE('',#4150);
#4150 = AXIS2_PLACEMENT_3D('',#4151,#4152,#4153);
#4151 = CARTESIAN_POINT('',(-15.9,39.3703973481,93.407748005416));
#4152 = DIRECTION('',(-0.,0.328520624941,-0.944496796706));
#4153 = DIRECTION('',(1.,0.,0.));
#4154 = DEFINITIONAL_REPRESENTATION('',(#4155),#4159);
#4155 = LINE('',#4156,#4157);
#4156 = CARTESIAN_POINT('',(-0.,-0.));
#4157 = VECTOR('',#4158,1.);
#4158 = DIRECTION('',(-1.,0.));
#4159 = ( GEOMETRIC_REPRESENTATION_CONTEXT(2) 
PARAMETRIC_REPRESENTATION_CONTEXT() REPRESENTATION_CONTEXT('2D SPACE',''
  ) );
#4160 = ORIENTED_EDGE('',*,*,#4161,.F.);
#4161 = EDGE_CURVE('',#4162,#4134,#4164,.T.);
#4162 = VERTEX_POINT('',#4163);
#4163 = CARTESIAN_POINT('',(-22.1,47.321947853325,89.714318409964));
#4164 = SURFACE_CURVE('',#4165,(#4170,#4177),.PCURVE_S1.);
#4165 = CIRCLE('',#4166,6.3);
#4166 = AXIS2_PLACEMENT_3D('',#4167,#4168,#4169);
#4167 = CARTESIAN_POINT('',(-22.1,41.44007728523,87.457418186167));
#4168 = DIRECTION('',(1.,0.,-1.110223024625E-16));
#4169 = DIRECTION('',(-1.110223024625E-16,-0.,-1.));
#4170 = PCURVE('',#2873,#4171);
#4171 = DEFINITIONAL_REPRESENTATION('',(#4172),#4176);
#4172 = LINE('',#4173,#4174);
#4173 = CARTESIAN_POINT('',(-0.,18.6));
#4174 = VECTOR('',#4175,1.);
#4175 = DIRECTION('',(-1.,0.));
#4176 = ( GEOMETRIC_REPRESENTATION_CONTEXT(2) 
PARAMETRIC_REPRESENTATION_CONTEXT() REPRESENTATION_CONTEXT('2D SPACE',''
  ) );
#4177 = PCURVE('',#4178,#4183);
#4178 = PLANE('',#4179);
#4179 = AXIS2_PLACEMENT_3D('',#4180,#4181,#4182);
#4180 = CARTESIAN_POINT('',(-22.1,43.50975722236,96.118043161181));
#4181 = DIRECTION('',(-1.,-0.,-0.));
#4182 = DIRECTION('',(0.,-0.328520624941,0.944496796706));
#4183 = DEFINITIONAL_REPRESENTATION('',(#4184),#4192);
#4184 = ( BOUNDED_CURVE() B_SPLINE_CURVE(2,(#4185,#4186,#4187,#4188,
#4189,#4190,#4191),.UNSPECIFIED.,.T.,.F.) B_SPLINE_CURVE_WITH_KNOTS((1,2
    ,2,2,2,1),(-2.094395102393,0.,2.094395102393,4.188790204786,
6.28318530718,8.377580409573),.UNSPECIFIED.) CURVE() 
GEOMETRIC_REPRESENTATION_ITEM() RATIONAL_B_SPLINE_CURVE((1.,0.5,1.,0.5,
1.,0.5,1.)) REPRESENTATION_ITEM('') );
#4185 = CARTESIAN_POINT('',(-13.45032981924,-6.86967993713));
#4186 = CARTESIAN_POINT('',(-17.03512062576,3.436593631601));
#4187 = CARTESIAN_POINT('',(-6.317230493633,1.387976752931));
#4188 = CARTESIAN_POINT('',(4.400659638498,-0.66064012574));
#4189 = CARTESIAN_POINT('',(-2.732439687118,-8.918296815801));
#4190 = CARTESIAN_POINT('',(-9.865539012734,-17.17595350586));
#4191 = CARTESIAN_POINT('',(-13.45032981924,-6.86967993713));
#4192 = ( GEOMETRIC_REPRESENTATION_CONTEXT(2) 
PARAMETRIC_REPRESENTATION_CONTEXT() REPRESENTATION_CONTEXT('2D SPACE',''
  ) );
#4193 = ORIENTED_EDGE('',*,*,#4194,.T.);
#4194 = EDGE_CURVE('',#4162,#2825,#4195,.T.);
#4195 = SURFACE_CURVE('',#4196,(#4200,#4207),.PCURVE_S1.);
#4196 = LINE('',#4197,#4198);
#4197 = CARTESIAN_POINT('',(-3.5,47.321947853325,89.714318409964));
#4198 = VECTOR('',#4199,1.);
#4199 = DIRECTION('',(-1.,-0.,1.110223024625E-16));
#4200 = PCURVE('',#2873,#4201);
#4201 = DEFINITIONAL_REPRESENTATION('',(#4202),#4206);
#4202 = LINE('',#4203,#4204);
#4203 = CARTESIAN_POINT('',(-1.937176418684,-1.935229505759E-16));
#4204 = VECTOR('',#4205,1.);
#4205 = DIRECTION('',(-0.,1.));
#4206 = ( GEOMETRIC_REPRESENTATION_CONTEXT(2) 
PARAMETRIC_REPRESENTATION_CONTEXT() REPRESENTATION_CONTEXT('2D SPACE',''
  ) );
#4207 = PCURVE('',#2840,#4208);
#4208 = DEFINITIONAL_REPRESENTATION('',(#4209),#4213);
#4209 = LINE('',#4210,#4211);
#4210 = CARTESIAN_POINT('',(-3.964664323096,-16.5));
#4211 = VECTOR('',#4212,1.);
#4212 = DIRECTION('',(7.289292881217E-17,1.));
#4213 = ( GEOMETRIC_REPRESENTATION_CONTEXT(2) 
PARAMETRIC_REPRESENTATION_CONTEXT() REPRESENTATION_CONTEXT('2D SPACE',''
  ) );
#4214 = ORIENTED_EDGE('',*,*,#2852,.F.);
#4215 = ADVANCED_FACE('',(#4216),#2840,.T.);
#4216 = FACE_BOUND('',#4217,.F.);
#4217 = EDGE_LOOP('',(#4218,#4241,#4262,#4263));
#4218 = ORIENTED_EDGE('',*,*,#4219,.F.);
#4219 = EDGE_CURVE('',#4220,#2797,#4222,.T.);
#4220 = VERTEX_POINT('',#4221);
#4221 = CARTESIAN_POINT('',(-22.1,50.312386366994,92.317362914154));
#4222 = SURFACE_CURVE('',#4223,(#4227,#4234),.PCURVE_S1.);
#4223 = LINE('',#4224,#4225);
#4224 = CARTESIAN_POINT('',(-20.,50.312386366994,92.317362914154));
#4225 = VECTOR('',#4226,1.);
#4226 = DIRECTION('',(-1.,0.,-0.));
#4227 = PCURVE('',#2840,#4228);
#4228 = DEFINITIONAL_REPRESENTATION('',(#4229),#4233);
#4229 = LINE('',#4230,#4231);
#4230 = CARTESIAN_POINT('',(-0.,-0.));
#4231 = VECTOR('',#4232,1.);
#4232 = DIRECTION('',(-0.,1.));
#4233 = ( GEOMETRIC_REPRESENTATION_CONTEXT(2) 
PARAMETRIC_REPRESENTATION_CONTEXT() REPRESENTATION_CONTEXT('2D SPACE',''
  ) );
#4234 = PCURVE('',#2812,#4235);
#4235 = DEFINITIONAL_REPRESENTATION('',(#4236),#4240);
#4236 = LINE('',#4237,#4238);
#4237 = CARTESIAN_POINT('',(-0.,105.21768302875));
#4238 = VECTOR('',#4239,1.);
#4239 = DIRECTION('',(-1.,0.));
#4240 = ( GEOMETRIC_REPRESENTATION_CONTEXT(2) 
PARAMETRIC_REPRESENTATION_CONTEXT() REPRESENTATION_CONTEXT('2D SPACE',''
  ) );
#4241 = ORIENTED_EDGE('',*,*,#4242,.T.);
#4242 = EDGE_CURVE('',#4220,#4162,#4243,.T.);
#4243 = SURFACE_CURVE('',#4244,(#4248,#4255),.PCURVE_S1.);
#4244 = LINE('',#4245,#4246);
#4245 = CARTESIAN_POINT('',(-22.1,49.318383292511,91.452127187569));
#4246 = VECTOR('',#4247,1.);
#4247 = DIRECTION('',(-0.,-0.754272813526,-0.656561134073));
#4248 = PCURVE('',#2840,#4249);
#4249 = DEFINITIONAL_REPRESENTATION('',(#4250),#4254);
#4250 = LINE('',#4251,#4252);
#4251 = CARTESIAN_POINT('',(-1.317829645532,2.1));
#4252 = VECTOR('',#4253,1.);
#4253 = DIRECTION('',(-1.,0.));
#4254 = ( GEOMETRIC_REPRESENTATION_CONTEXT(2) 
PARAMETRIC_REPRESENTATION_CONTEXT() REPRESENTATION_CONTEXT('2D SPACE',''
  ) );
#4255 = PCURVE('',#4178,#4256);
#4256 = DEFINITIONAL_REPRESENTATION('',(#4257),#4261);
#4257 = LINE('',#4258,#4259);
#4258 = CARTESIAN_POINT('',(-6.315196157393,3.953379084947));
#4259 = VECTOR('',#4260,1.);
#4260 = DIRECTION('',(-0.372325711898,-0.928102130296));
#4261 = ( GEOMETRIC_REPRESENTATION_CONTEXT(2) 
PARAMETRIC_REPRESENTATION_CONTEXT() REPRESENTATION_CONTEXT('2D SPACE',''
  ) );
#4262 = ORIENTED_EDGE('',*,*,#4194,.T.);
#4263 = ORIENTED_EDGE('',*,*,#2824,.F.);
#4264 = ADVANCED_FACE('',(#4265),#2812,.F.);
#4265 = FACE_BOUND('',#4266,.T.);
#4266 = EDGE_LOOP('',(#4267,#4268,#4289,#4290,#4291,#4314));
#4267 = ORIENTED_EDGE('',*,*,#3121,.F.);
#4268 = ORIENTED_EDGE('',*,*,#4269,.F.);
#4269 = EDGE_CURVE('',#2769,#3099,#4270,.T.);
#4270 = SURFACE_CURVE('',#4271,(#4275,#4282),.PCURVE_S1.);
#4271 = LINE('',#4272,#4273);
#4272 = CARTESIAN_POINT('',(-20.,118.18623825451,14.342291635575));
#4273 = VECTOR('',#4274,1.);
#4274 = DIRECTION('',(1.,-0.,0.));
#4275 = PCURVE('',#2812,#4276);
#4276 = DEFINITIONAL_REPRESENTATION('',(#4277),#4281);
#4277 = LINE('',#4278,#4279);
#4278 = CARTESIAN_POINT('',(-0.,1.83987346138));
#4279 = VECTOR('',#4280,1.);
#4280 = DIRECTION('',(1.,-0.));
#4281 = ( GEOMETRIC_REPRESENTATION_CONTEXT(2) 
PARAMETRIC_REPRESENTATION_CONTEXT() REPRESENTATION_CONTEXT('2D SPACE',''
  ) );
#4282 = PCURVE('',#2784,#4283);
#4283 = DEFINITIONAL_REPRESENTATION('',(#4284),#4288);
#4284 = LINE('',#4285,#4286);
#4285 = CARTESIAN_POINT('',(-0.,1.83987346138));
#4286 = VECTOR('',#4287,1.);
#4287 = DIRECTION('',(1.,-0.));
#4288 = ( GEOMETRIC_REPRESENTATION_CONTEXT(2) 
PARAMETRIC_REPRESENTATION_CONTEXT() REPRESENTATION_CONTEXT('2D SPACE',''
  ) );
#4289 = ORIENTED_EDGE('',*,*,#2796,.T.);
#4290 = ORIENTED_EDGE('',*,*,#4219,.F.);
#4291 = ORIENTED_EDGE('',*,*,#4292,.T.);
#4292 = EDGE_CURVE('',#4220,#4293,#4295,.T.);
#4293 = VERTEX_POINT('',#4294);
#4294 = CARTESIAN_POINT('',(-22.1,53.4659580266,88.694465905932));
#4295 = SURFACE_CURVE('',#4296,(#4300,#4307),.PCURVE_S1.);
#4296 = LINE('',#4297,#4298);
#4297 = CARTESIAN_POINT('',(-22.1,82.445995516098,55.40151985884));
#4298 = VECTOR('',#4299,1.);
#4299 = DIRECTION('',(-0.,0.656561134073,-0.754272813526));
#4300 = PCURVE('',#2812,#4301);
#4301 = DEFINITIONAL_REPRESENTATION('',(#4302),#4306);
#4302 = LINE('',#4303,#4304);
#4303 = CARTESIAN_POINT('',(-2.1,56.275387358936));
#4304 = VECTOR('',#4305,1.);
#4305 = DIRECTION('',(-0.,-1.));
#4306 = ( GEOMETRIC_REPRESENTATION_CONTEXT(2) 
PARAMETRIC_REPRESENTATION_CONTEXT() REPRESENTATION_CONTEXT('2D SPACE',''
  ) );
#4307 = PCURVE('',#4178,#4308);
#4308 = DEFINITIONAL_REPRESENTATION('',(#4309),#4313);
#4309 = LINE('',#4310,#4311);
#4310 = CARTESIAN_POINT('',(-51.24798316919,23.398934663502));
#4311 = VECTOR('',#4312,1.);
#4312 = DIRECTION('',(-0.928102130296,0.372325711898));
#4313 = ( GEOMETRIC_REPRESENTATION_CONTEXT(2) 
PARAMETRIC_REPRESENTATION_CONTEXT() REPRESENTATION_CONTEXT('2D SPACE',''
  ) );
#4314 = ORIENTED_EDGE('',*,*,#4315,.F.);
#4315 = EDGE_CURVE('',#3122,#4293,#4316,.T.);
#4316 = SURFACE_CURVE('',#4317,(#4321,#4328),.PCURVE_S1.);
#4317 = LINE('',#4318,#4319);
#4318 = CARTESIAN_POINT('',(-16.9,53.4659580266,88.694465905932));
#4319 = VECTOR('',#4320,1.);
#4320 = DIRECTION('',(-1.,-0.,1.110223024625E-16));
#4321 = PCURVE('',#2812,#4322);
#4322 = DEFINITIONAL_REPRESENTATION('',(#4323),#4327);
#4323 = LINE('',#4324,#4325);
#4324 = CARTESIAN_POINT('',(3.1,100.41451772403));
#4325 = VECTOR('',#4326,1.);
#4326 = DIRECTION('',(-1.,8.374110444258E-17));
#4327 = ( GEOMETRIC_REPRESENTATION_CONTEXT(2) 
PARAMETRIC_REPRESENTATION_CONTEXT() REPRESENTATION_CONTEXT('2D SPACE',''
  ) );
#4328 = PCURVE('',#3165,#4329);
#4329 = DEFINITIONAL_REPRESENTATION('',(#4330),#4334);
#4330 = LINE('',#4331,#4332);
#4331 = CARTESIAN_POINT('',(-1.525467301316,-3.773107159527E-17));
#4332 = VECTOR('',#4333,1.);
#4333 = DIRECTION('',(-0.,1.));
#4334 = ( GEOMETRIC_REPRESENTATION_CONTEXT(2) 
PARAMETRIC_REPRESENTATION_CONTEXT() REPRESENTATION_CONTEXT('2D SPACE',''
  ) );
#4335 = ADVANCED_FACE('',(#4336),#2784,.T.);
#4336 = FACE_BOUND('',#4337,.F.);
#4337 = EDGE_LOOP('',(#4338,#4339,#4340,#4341,#4364,#4392));
#4338 = ORIENTED_EDGE('',*,*,#3098,.F.);
#4339 = ORIENTED_EDGE('',*,*,#4269,.F.);
#4340 = ORIENTED_EDGE('',*,*,#2768,.T.);
#4341 = ORIENTED_EDGE('',*,*,#4342,.F.);
#4342 = EDGE_CURVE('',#4343,#2741,#4345,.T.);
#4343 = VERTEX_POINT('',#4344);
#4344 = CARTESIAN_POINT('',(-22.,128.57194048236,13.527396621454));
#4345 = SURFACE_CURVE('',#4346,(#4350,#4357),.PCURVE_S1.);
#4346 = LINE('',#4347,#4348);
#4347 = CARTESIAN_POINT('',(-20.,128.57194048236,13.527396621454));
#4348 = VECTOR('',#4349,1.);
#4349 = DIRECTION('',(-1.,0.,-0.));
#4350 = PCURVE('',#2784,#4351);
#4351 = DEFINITIONAL_REPRESENTATION('',(#4352),#4356);
#4352 = LINE('',#4353,#4354);
#4353 = CARTESIAN_POINT('',(-0.,12.257496254011));
#4354 = VECTOR('',#4355,1.);
#4355 = DIRECTION('',(-1.,0.));
#4356 = ( GEOMETRIC_REPRESENTATION_CONTEXT(2) 
PARAMETRIC_REPRESENTATION_CONTEXT() REPRESENTATION_CONTEXT('2D SPACE',''
  ) );
#4357 = PCURVE('',#2756,#4358);
#4358 = DEFINITIONAL_REPRESENTATION('',(#4359),#4363);
#4359 = LINE('',#4360,#4361);
#4360 = CARTESIAN_POINT('',(-9.,-0.));
#4361 = VECTOR('',#4362,1.);
#4362 = DIRECTION('',(-0.,1.));
#4363 = ( GEOMETRIC_REPRESENTATION_CONTEXT(2) 
PARAMETRIC_REPRESENTATION_CONTEXT() REPRESENTATION_CONTEXT('2D SPACE',''
  ) );
#4364 = ORIENTED_EDGE('',*,*,#4365,.T.);
#4365 = EDGE_CURVE('',#4343,#4366,#4368,.T.);
#4366 = VERTEX_POINT('',#4367);
#4367 = CARTESIAN_POINT('',(-22.,122.54868855861,14.));
#4368 = SURFACE_CURVE('',#4369,(#4373,#4380),.PCURVE_S1.);
#4369 = LINE('',#4370,#4371);
#4370 = CARTESIAN_POINT('',(-22.,112.0355030436,14.824897755661));
#4371 = VECTOR('',#4372,1.);
#4372 = DIRECTION('',(-0.,-0.996935907028,7.822274143943E-02));
#4373 = PCURVE('',#2784,#4374);
#4374 = DEFINITIONAL_REPRESENTATION('',(#4375),#4379);
#4375 = LINE('',#4376,#4377);
#4376 = CARTESIAN_POINT('',(-2.,-4.329766098747));
#4377 = VECTOR('',#4378,1.);
#4378 = DIRECTION('',(-0.,-1.));
#4379 = ( GEOMETRIC_REPRESENTATION_CONTEXT(2) 
PARAMETRIC_REPRESENTATION_CONTEXT() REPRESENTATION_CONTEXT('2D SPACE',''
  ) );
#4380 = PCURVE('',#4381,#4386);
#4381 = PLANE('',#4382);
#4382 = AXIS2_PLACEMENT_3D('',#4383,#4384,#4385);
#4383 = CARTESIAN_POINT('',(-22.,107.,6.));
#4384 = DIRECTION('',(-1.,-0.,-0.));
#4385 = DIRECTION('',(0.,0.,-1.));
#4386 = DEFINITIONAL_REPRESENTATION('',(#4387),#4391);
#4387 = LINE('',#4388,#4389);
#4388 = CARTESIAN_POINT('',(-8.824897755661,-5.035503043604));
#4389 = VECTOR('',#4390,1.);
#4390 = DIRECTION('',(-7.822274143943E-02,0.996935907028));
#4391 = ( GEOMETRIC_REPRESENTATION_CONTEXT(2) 
PARAMETRIC_REPRESENTATION_CONTEXT() REPRESENTATION_CONTEXT('2D SPACE',''
  ) );
#4392 = ORIENTED_EDGE('',*,*,#4393,.T.);
#4393 = EDGE_CURVE('',#4366,#3071,#4394,.T.);
#4394 = SURFACE_CURVE('',#4395,(#4399,#4406),.PCURVE_S1.);
#4395 = LINE('',#4396,#4397);
#4396 = CARTESIAN_POINT('',(-6.5,122.54868855861,14.));
#4397 = VECTOR('',#4398,1.);
#4398 = DIRECTION('',(1.,-0.,-0.));
#4399 = PCURVE('',#2784,#4400);
#4400 = DEFINITIONAL_REPRESENTATION('',(#4401),#4405);
#4401 = LINE('',#4402,#4403);
#4402 = CARTESIAN_POINT('',(13.5,6.215731802271));
#4403 = VECTOR('',#4404,1.);
#4404 = DIRECTION('',(1.,-0.));
#4405 = ( GEOMETRIC_REPRESENTATION_CONTEXT(2) 
PARAMETRIC_REPRESENTATION_CONTEXT() REPRESENTATION_CONTEXT('2D SPACE',''
  ) );
#4406 = PCURVE('',#3086,#4407);
#4407 = DEFINITIONAL_REPRESENTATION('',(#4408),#4412);
#4408 = LINE('',#4409,#4410);
#4409 = CARTESIAN_POINT('',(-13.5,15.548688558617));
#4410 = VECTOR('',#4411,1.);
#4411 = DIRECTION('',(1.,-0.));
#4412 = ( GEOMETRIC_REPRESENTATION_CONTEXT(2) 
PARAMETRIC_REPRESENTATION_CONTEXT() REPRESENTATION_CONTEXT('2D SPACE',''
  ) );
#4413 = ADVANCED_FACE('',(#4414),#2756,.T.);
#4414 = FACE_BOUND('',#4415,.F.);
#4415 = EDGE_LOOP('',(#4416,#4439,#4460,#4461));
#4416 = ORIENTED_EDGE('',*,*,#4417,.F.);
#4417 = EDGE_CURVE('',#4418,#2713,#4420,.T.);
#4418 = VERTEX_POINT('',#4419);
#4419 = CARTESIAN_POINT('',(-22.,127.98131715795,6.));
#4420 = SURFACE_CURVE('',#4421,(#4425,#4432),.PCURVE_S1.);
#4421 = LINE('',#4422,#4423);
#4422 = CARTESIAN_POINT('',(10.,127.98131715795,6.));
#4423 = VECTOR('',#4424,1.);
#4424 = DIRECTION('',(-1.,-0.,-0.));
#4425 = PCURVE('',#2756,#4426);
#4426 = DEFINITIONAL_REPRESENTATION('',(#4427),#4431);
#4427 = LINE('',#4428,#4429);
#4428 = CARTESIAN_POINT('',(-1.449467846038,-30.));
#4429 = VECTOR('',#4430,1.);
#4430 = DIRECTION('',(-0.,1.));
#4431 = ( GEOMETRIC_REPRESENTATION_CONTEXT(2) 
PARAMETRIC_REPRESENTATION_CONTEXT() REPRESENTATION_CONTEXT('2D SPACE',''
  ) );
#4432 = PCURVE('',#2728,#4433);
#4433 = DEFINITIONAL_REPRESENTATION('',(#4434),#4438);
#4434 = LINE('',#4435,#4436);
#4435 = CARTESIAN_POINT('',(-30.,312.98131715795));
#4436 = VECTOR('',#4437,1.);
#4437 = DIRECTION('',(-1.,0.));
#4438 = ( GEOMETRIC_REPRESENTATION_CONTEXT(2) 
PARAMETRIC_REPRESENTATION_CONTEXT() REPRESENTATION_CONTEXT('2D SPACE',''
  ) );
#4439 = ORIENTED_EDGE('',*,*,#4440,.T.);
#4440 = EDGE_CURVE('',#4418,#4343,#4441,.T.);
#4441 = SURFACE_CURVE('',#4442,(#4446,#4453),.PCURVE_S1.);
#4442 = LINE('',#4443,#4444);
#4443 = CARTESIAN_POINT('',(-22.,127.86043627051,4.459393074979));
#4444 = VECTOR('',#4445,1.);
#4445 = DIRECTION('',(-0.,7.822274143943E-02,0.996935907028));
#4446 = PCURVE('',#2756,#4447);
#4447 = DEFINITIONAL_REPRESENTATION('',(#4448),#4452);
#4448 = LINE('',#4449,#4450);
#4449 = CARTESIAN_POINT('',(9.587415053341E-02,2.));
#4450 = VECTOR('',#4451,1.);
#4451 = DIRECTION('',(-1.,-0.));
#4452 = ( GEOMETRIC_REPRESENTATION_CONTEXT(2) 
PARAMETRIC_REPRESENTATION_CONTEXT() REPRESENTATION_CONTEXT('2D SPACE',''
  ) );
#4453 = PCURVE('',#4381,#4454);
#4454 = DEFINITIONAL_REPRESENTATION('',(#4455),#4459);
#4455 = LINE('',#4456,#4457);
#4456 = CARTESIAN_POINT('',(1.540606925021,-20.86043627051));
#4457 = VECTOR('',#4458,1.);
#4458 = DIRECTION('',(-0.996935907028,-7.822274143943E-02));
#4459 = ( GEOMETRIC_REPRESENTATION_CONTEXT(2) 
PARAMETRIC_REPRESENTATION_CONTEXT() REPRESENTATION_CONTEXT('2D SPACE',''
  ) );
#4460 = ORIENTED_EDGE('',*,*,#4342,.T.);
#4461 = ORIENTED_EDGE('',*,*,#2740,.F.);
#4462 = ADVANCED_FACE('',(#4463,#4681),#2728,.F.);
#4463 = FACE_BOUND('',#4464,.T.);
#4464 = EDGE_LOOP('',(#4465,#4495,#4523,#4544,#4545,#4546,#4547,#4548,
    #4571,#4599,#4627,#4655));
#4465 = ORIENTED_EDGE('',*,*,#4466,.T.);
#4466 = EDGE_CURVE('',#4467,#4469,#4471,.T.);
#4467 = VERTEX_POINT('',#4468);
#4468 = CARTESIAN_POINT('',(10.,120.26396242903,6.));
#4469 = VERTEX_POINT('',#4470);
#4470 = CARTESIAN_POINT('',(7.,120.26396242903,6.));
#4471 = SURFACE_CURVE('',#4472,(#4476,#4483),.PCURVE_S1.);
#4472 = LINE('',#4473,#4474);
#4473 = CARTESIAN_POINT('',(10.,120.26396242903,6.));
#4474 = VECTOR('',#4475,1.);
#4475 = DIRECTION('',(-1.,-0.,1.110223024625E-16));
#4476 = PCURVE('',#2728,#4477);
#4477 = DEFINITIONAL_REPRESENTATION('',(#4478),#4482);
#4478 = LINE('',#4479,#4480);
#4479 = CARTESIAN_POINT('',(-30.,305.26396242903));
#4480 = VECTOR('',#4481,1.);
#4481 = DIRECTION('',(-1.,0.));
#4482 = ( GEOMETRIC_REPRESENTATION_CONTEXT(2) 
PARAMETRIC_REPRESENTATION_CONTEXT() REPRESENTATION_CONTEXT('2D SPACE',''
  ) );
#4483 = PCURVE('',#4484,#4489);
#4484 = CYLINDRICAL_SURFACE('',#4485,6.);
#4485 = AXIS2_PLACEMENT_3D('',#4486,#4487,#4488);
#4486 = CARTESIAN_POINT('',(10.,126.24788785796,5.561096296433));
#4487 = DIRECTION('',(-1.,-0.,1.110223024625E-16));
#4488 = DIRECTION('',(-1.110223024625E-16,-0.,-1.));
#4489 = DEFINITIONAL_REPRESENTATION('',(#4490),#4494);
#4490 = LINE('',#4491,#4492);
#4491 = CARTESIAN_POINT('',(-4.639172967215,4.872809972931E-17));
#4492 = VECTOR('',#4493,1.);
#4493 = DIRECTION('',(-0.,1.));
#4494 = ( GEOMETRIC_REPRESENTATION_CONTEXT(2) 
PARAMETRIC_REPRESENTATION_CONTEXT() REPRESENTATION_CONTEXT('2D SPACE',''
  ) );
#4495 = ORIENTED_EDGE('',*,*,#4496,.F.);
#4496 = EDGE_CURVE('',#4497,#4469,#4499,.T.);
#4497 = VERTEX_POINT('',#4498);
#4498 = CARTESIAN_POINT('',(7.,107.,6.));
#4499 = SURFACE_CURVE('',#4500,(#4504,#4511),.PCURVE_S1.);
#4500 = LINE('',#4501,#4502);
#4501 = CARTESIAN_POINT('',(7.,107.,6.));
#4502 = VECTOR('',#4503,1.);
#4503 = DIRECTION('',(-0.,1.,0.));
#4504 = PCURVE('',#2728,#4505);
#4505 = DEFINITIONAL_REPRESENTATION('',(#4506),#4510);
#4506 = LINE('',#4507,#4508);
#4507 = CARTESIAN_POINT('',(-33.,292.));
#4508 = VECTOR('',#4509,1.);
#4509 = DIRECTION('',(0.,1.));
#4510 = ( GEOMETRIC_REPRESENTATION_CONTEXT(2) 
PARAMETRIC_REPRESENTATION_CONTEXT() REPRESENTATION_CONTEXT('2D SPACE',''
  ) );
#4511 = PCURVE('',#4512,#4517);
#4512 = PLANE('',#4513);
#4513 = AXIS2_PLACEMENT_3D('',#4514,#4515,#4516);
#4514 = CARTESIAN_POINT('',(7.,107.,6.));
#4515 = DIRECTION('',(-1.,0.,-0.));
#4516 = DIRECTION('',(0.,0.,-1.));
#4517 = DEFINITIONAL_REPRESENTATION('',(#4518),#4522);
#4518 = LINE('',#4519,#4520);
#4519 = CARTESIAN_POINT('',(-0.,-0.));
#4520 = VECTOR('',#4521,1.);
#4521 = DIRECTION('',(-0.,-1.));
#4522 = ( GEOMETRIC_REPRESENTATION_CONTEXT(2) 
PARAMETRIC_REPRESENTATION_CONTEXT() REPRESENTATION_CONTEXT('2D SPACE',''
  ) );
#4523 = ORIENTED_EDGE('',*,*,#4524,.T.);
#4524 = EDGE_CURVE('',#4497,#3018,#4525,.T.);
#4525 = SURFACE_CURVE('',#4526,(#4530,#4537),.PCURVE_S1.);
#4526 = LINE('',#4527,#4528);
#4527 = CARTESIAN_POINT('',(7.,107.,6.));
#4528 = VECTOR('',#4529,1.);
#4529 = DIRECTION('',(-1.,-0.,-0.));
#4530 = PCURVE('',#2728,#4531);
#4531 = DEFINITIONAL_REPRESENTATION('',(#4532),#4536);
#4532 = LINE('',#4533,#4534);
#4533 = CARTESIAN_POINT('',(-33.,292.));
#4534 = VECTOR('',#4535,1.);
#4535 = DIRECTION('',(-1.,0.));
#4536 = ( GEOMETRIC_REPRESENTATION_CONTEXT(2) 
PARAMETRIC_REPRESENTATION_CONTEXT() REPRESENTATION_CONTEXT('2D SPACE',''
  ) );
#4537 = PCURVE('',#3058,#4538);
#4538 = DEFINITIONAL_REPRESENTATION('',(#4539),#4543);
#4539 = LINE('',#4540,#4541);
#4540 = CARTESIAN_POINT('',(-0.,-0.));
#4541 = VECTOR('',#4542,1.);
#4542 = DIRECTION('',(-0.,1.));
#4543 = ( GEOMETRIC_REPRESENTATION_CONTEXT(2) 
PARAMETRIC_REPRESENTATION_CONTEXT() REPRESENTATION_CONTEXT('2D SPACE',''
  ) );
#4544 = ORIENTED_EDGE('',*,*,#3017,.T.);
#4545 = ORIENTED_EDGE('',*,*,#3254,.F.);
#4546 = ORIENTED_EDGE('',*,*,#2712,.F.);
#4547 = ORIENTED_EDGE('',*,*,#4417,.F.);
#4548 = ORIENTED_EDGE('',*,*,#4549,.F.);
#4549 = EDGE_CURVE('',#4550,#4418,#4552,.T.);
#4550 = VERTEX_POINT('',#4551);
#4551 = CARTESIAN_POINT('',(-22.,133.21993814588,6.));
#4552 = SURFACE_CURVE('',#4553,(#4557,#4564),.PCURVE_S1.);
#4553 = LINE('',#4554,#4555);
#4554 = CARTESIAN_POINT('',(-22.,-39.,6.));
#4555 = VECTOR('',#4556,1.);
#4556 = DIRECTION('',(-0.,-1.,-0.));
#4557 = PCURVE('',#2728,#4558);
#4558 = DEFINITIONAL_REPRESENTATION('',(#4559),#4563);
#4559 = LINE('',#4560,#4561);
#4560 = CARTESIAN_POINT('',(-62.,146.));
#4561 = VECTOR('',#4562,1.);
#4562 = DIRECTION('',(-0.,-1.));
#4563 = ( GEOMETRIC_REPRESENTATION_CONTEXT(2) 
PARAMETRIC_REPRESENTATION_CONTEXT() REPRESENTATION_CONTEXT('2D SPACE',''
  ) );
#4564 = PCURVE('',#4381,#4565);
#4565 = DEFINITIONAL_REPRESENTATION('',(#4566),#4570);
#4566 = LINE('',#4567,#4568);
#4567 = CARTESIAN_POINT('',(-0.,146.));
#4568 = VECTOR('',#4569,1.);
#4569 = DIRECTION('',(-0.,1.));
#4570 = ( GEOMETRIC_REPRESENTATION_CONTEXT(2) 
PARAMETRIC_REPRESENTATION_CONTEXT() REPRESENTATION_CONTEXT('2D SPACE',''
  ) );
#4571 = ORIENTED_EDGE('',*,*,#4572,.F.);
#4572 = EDGE_CURVE('',#4573,#4550,#4575,.T.);
#4573 = VERTEX_POINT('',#4574);
#4574 = CARTESIAN_POINT('',(-6.,133.21993814588,6.));
#4575 = SURFACE_CURVE('',#4576,(#4580,#4587),.PCURVE_S1.);
#4576 = LINE('',#4577,#4578);
#4577 = CARTESIAN_POINT('',(21.,133.21993814588,6.));
#4578 = VECTOR('',#4579,1.);
#4579 = DIRECTION('',(-1.,-0.,-0.));
#4580 = PCURVE('',#2728,#4581);
#4581 = DEFINITIONAL_REPRESENTATION('',(#4582),#4586);
#4582 = LINE('',#4583,#4584);
#4583 = CARTESIAN_POINT('',(-19.,318.21993814588));
#4584 = VECTOR('',#4585,1.);
#4585 = DIRECTION('',(-1.,0.));
#4586 = ( GEOMETRIC_REPRESENTATION_CONTEXT(2) 
PARAMETRIC_REPRESENTATION_CONTEXT() REPRESENTATION_CONTEXT('2D SPACE',''
  ) );
#4587 = PCURVE('',#4588,#4593);
#4588 = PLANE('',#4589);
#4589 = AXIS2_PLACEMENT_3D('',#4590,#4591,#4592);
#4590 = CARTESIAN_POINT('',(2.,133.21993814588,4.041185039828));
#4591 = DIRECTION('',(-0.,1.,0.));
#4592 = DIRECTION('',(0.,0.,-1.));
#4593 = DEFINITIONAL_REPRESENTATION('',(#4594),#4598);
#4594 = LINE('',#4595,#4596);
#4595 = CARTESIAN_POINT('',(-1.958814960172,-19.));
#4596 = VECTOR('',#4597,1.);
#4597 = DIRECTION('',(-0.,1.));
#4598 = ( GEOMETRIC_REPRESENTATION_CONTEXT(2) 
PARAMETRIC_REPRESENTATION_CONTEXT() REPRESENTATION_CONTEXT('2D SPACE',''
  ) );
#4599 = ORIENTED_EDGE('',*,*,#4600,.F.);
#4600 = EDGE_CURVE('',#4601,#4573,#4603,.T.);
#4601 = VERTEX_POINT('',#4602);
#4602 = CARTESIAN_POINT('',(-6.,133.39297581647,6.));
#4603 = SURFACE_CURVE('',#4604,(#4608,#4615),.PCURVE_S1.);
#4604 = LINE('',#4605,#4606);
#4605 = CARTESIAN_POINT('',(-6.,-26.76598951347,6.));
#4606 = VECTOR('',#4607,1.);
#4607 = DIRECTION('',(-0.,-1.,-0.));
#4608 = PCURVE('',#2728,#4609);
#4609 = DEFINITIONAL_REPRESENTATION('',(#4610),#4614);
#4610 = LINE('',#4611,#4612);
#4611 = CARTESIAN_POINT('',(-46.,158.23401048652));
#4612 = VECTOR('',#4613,1.);
#4613 = DIRECTION('',(-0.,-1.));
#4614 = ( GEOMETRIC_REPRESENTATION_CONTEXT(2) 
PARAMETRIC_REPRESENTATION_CONTEXT() REPRESENTATION_CONTEXT('2D SPACE',''
  ) );
#4615 = PCURVE('',#4616,#4621);
#4616 = PLANE('',#4617);
#4617 = AXIS2_PLACEMENT_3D('',#4618,#4619,#4620);
#4618 = CARTESIAN_POINT('',(-6.,131.46802097305,2.603020864548));
#4619 = DIRECTION('',(-1.,-0.,-0.));
#4620 = DIRECTION('',(0.,0.870022185849,-0.493012571981));
#4621 = DEFINITIONAL_REPRESENTATION('',(#4622),#4626);
#4622 = LINE('',#4623,#4624);
#4623 = CARTESIAN_POINT('',(-139.3418530996,75.055909272104));
#4624 = VECTOR('',#4625,1.);
#4625 = DIRECTION('',(-0.870022185849,0.493012571981));
#4626 = ( GEOMETRIC_REPRESENTATION_CONTEXT(2) 
PARAMETRIC_REPRESENTATION_CONTEXT() REPRESENTATION_CONTEXT('2D SPACE',''
  ) );
#4627 = ORIENTED_EDGE('',*,*,#4628,.T.);
#4628 = EDGE_CURVE('',#4601,#4629,#4631,.T.);
#4629 = VERTEX_POINT('',#4630);
#4630 = CARTESIAN_POINT('',(10.,133.39297581647,6.));
#4631 = SURFACE_CURVE('',#4632,(#4636,#4643),.PCURVE_S1.);
#4632 = LINE('',#4633,#4634);
#4633 = CARTESIAN_POINT('',(25.,133.39297581647,6.));
#4634 = VECTOR('',#4635,1.);
#4635 = DIRECTION('',(1.,-0.,-0.));
#4636 = PCURVE('',#2728,#4637);
#4637 = DEFINITIONAL_REPRESENTATION('',(#4638),#4642);
#4638 = LINE('',#4639,#4640);
#4639 = CARTESIAN_POINT('',(-15.,318.39297581647));
#4640 = VECTOR('',#4641,1.);
#4641 = DIRECTION('',(1.,-0.));
#4642 = ( GEOMETRIC_REPRESENTATION_CONTEXT(2) 
PARAMETRIC_REPRESENTATION_CONTEXT() REPRESENTATION_CONTEXT('2D SPACE',''
  ) );
#4643 = PCURVE('',#4644,#4649);
#4644 = PLANE('',#4645);
#4645 = AXIS2_PLACEMENT_3D('',#4646,#4647,#4648);
#4646 = CARTESIAN_POINT('',(10.,131.46802097305,2.603020864548));
#4647 = DIRECTION('',(0.,-0.870022185849,0.493012571981));
#4648 = DIRECTION('',(1.,0.,0.));
#4649 = DEFINITIONAL_REPRESENTATION('',(#4650),#4654);
#4650 = LINE('',#4651,#4652);
#4651 = CARTESIAN_POINT('',(15.,3.904474151011));
#4652 = VECTOR('',#4653,1.);
#4653 = DIRECTION('',(1.,-0.));
#4654 = ( GEOMETRIC_REPRESENTATION_CONTEXT(2) 
PARAMETRIC_REPRESENTATION_CONTEXT() REPRESENTATION_CONTEXT('2D SPACE',''
  ) );
#4655 = ORIENTED_EDGE('',*,*,#4656,.T.);
#4656 = EDGE_CURVE('',#4629,#4467,#4657,.T.);
#4657 = SURFACE_CURVE('',#4658,(#4662,#4669),.PCURVE_S1.);
#4658 = LINE('',#4659,#4660);
#4659 = CARTESIAN_POINT('',(10.,-26.76598951347,6.));
#4660 = VECTOR('',#4661,1.);
#4661 = DIRECTION('',(-0.,-1.,-0.));
#4662 = PCURVE('',#2728,#4663);
#4663 = DEFINITIONAL_REPRESENTATION('',(#4664),#4668);
#4664 = LINE('',#4665,#4666);
#4665 = CARTESIAN_POINT('',(-30.,158.23401048652));
#4666 = VECTOR('',#4667,1.);
#4667 = DIRECTION('',(-0.,-1.));
#4668 = ( GEOMETRIC_REPRESENTATION_CONTEXT(2) 
PARAMETRIC_REPRESENTATION_CONTEXT() REPRESENTATION_CONTEXT('2D SPACE',''
  ) );
#4669 = PCURVE('',#4670,#4675);
#4670 = PLANE('',#4671);
#4671 = AXIS2_PLACEMENT_3D('',#4672,#4673,#4674);
#4672 = CARTESIAN_POINT('',(10.,131.46802097305,2.603020864548));
#4673 = DIRECTION('',(-1.,-0.,-0.));
#4674 = DIRECTION('',(0.,0.870022185849,-0.493012571981));
#4675 = DEFINITIONAL_REPRESENTATION('',(#4676),#4680);
#4676 = LINE('',#4677,#4678);
#4677 = CARTESIAN_POINT('',(-139.3418530996,75.055909272104));
#4678 = VECTOR('',#4679,1.);
#4679 = DIRECTION('',(-0.870022185849,0.493012571981));
#4680 = ( GEOMETRIC_REPRESENTATION_CONTEXT(2) 
PARAMETRIC_REPRESENTATION_CONTEXT() REPRESENTATION_CONTEXT('2D SPACE',''
  ) );
#4681 = FACE_BOUND('',#4682,.T.);
#4682 = EDGE_LOOP('',(#4683));
#4683 = ORIENTED_EDGE('',*,*,#4684,.F.);
#4684 = EDGE_CURVE('',#4685,#4685,#4687,.T.);
#4685 = VERTEX_POINT('',#4686);
#4686 = CARTESIAN_POINT('',(0.3,116.,6.));
#4687 = SURFACE_CURVE('',#4688,(#4693,#4704),.PCURVE_S1.);
#4688 = CIRCLE('',#4689,2.7);
#4689 = AXIS2_PLACEMENT_3D('',#4690,#4691,#4692);
#4690 = CARTESIAN_POINT('',(3.,116.,6.));
#4691 = DIRECTION('',(0.,0.,-1.));
#4692 = DIRECTION('',(-1.,0.,-0.));
#4693 = PCURVE('',#2728,#4694);
#4694 = DEFINITIONAL_REPRESENTATION('',(#4695),#4703);
#4695 = ( BOUNDED_CURVE() B_SPLINE_CURVE(2,(#4696,#4697,#4698,#4699,
#4700,#4701,#4702),.UNSPECIFIED.,.T.,.F.) B_SPLINE_CURVE_WITH_KNOTS((1,2
    ,2,2,2,1),(-2.094395102393,0.,2.094395102393,4.188790204786,
6.28318530718,8.377580409573),.UNSPECIFIED.) CURVE() 
GEOMETRIC_REPRESENTATION_ITEM() RATIONAL_B_SPLINE_CURVE((1.,0.5,1.,0.5,
1.,0.5,1.)) REPRESENTATION_ITEM('') );
#4696 = CARTESIAN_POINT('',(-39.7,301.));
#4697 = CARTESIAN_POINT('',(-39.7,305.67653718043));
#4698 = CARTESIAN_POINT('',(-35.65,303.33826859021));
#4699 = CARTESIAN_POINT('',(-31.6,301.));
#4700 = CARTESIAN_POINT('',(-35.65,298.66173140978));
#4701 = CARTESIAN_POINT('',(-39.7,296.32346281956));
#4702 = CARTESIAN_POINT('',(-39.7,301.));
#4703 = ( GEOMETRIC_REPRESENTATION_CONTEXT(2) 
PARAMETRIC_REPRESENTATION_CONTEXT() REPRESENTATION_CONTEXT('2D SPACE',''
  ) );
#4704 = PCURVE('',#4705,#4710);
#4705 = CYLINDRICAL_SURFACE('',#4706,2.7);
#4706 = AXIS2_PLACEMENT_3D('',#4707,#4708,#4709);
#4707 = CARTESIAN_POINT('',(3.,116.,6.));
#4708 = DIRECTION('',(0.,-0.,1.));
#4709 = DIRECTION('',(-1.,0.,-0.));
#4710 = DEFINITIONAL_REPRESENTATION('',(#4711),#4715);
#4711 = LINE('',#4712,#4713);
#4712 = CARTESIAN_POINT('',(-0.,0.));
#4713 = VECTOR('',#4714,1.);
#4714 = DIRECTION('',(-1.,0.));
#4715 = ( GEOMETRIC_REPRESENTATION_CONTEXT(2) 
PARAMETRIC_REPRESENTATION_CONTEXT() REPRESENTATION_CONTEXT('2D SPACE',''
  ) );
#4716 = ADVANCED_FACE('',(#4717),#3193,.T.);
#4717 = FACE_BOUND('',#4718,.F.);
#4718 = EDGE_LOOP('',(#4719,#4749,#4772,#4793,#4794,#4795,#4818,#4839,
    #4840,#4863));
#4719 = ORIENTED_EDGE('',*,*,#4720,.F.);
#4720 = EDGE_CURVE('',#4721,#4723,#4725,.T.);
#4721 = VERTEX_POINT('',#4722);
#4722 = CARTESIAN_POINT('',(-16.9,-118.5097572223,23.881956838819));
#4723 = VERTEX_POINT('',#4724);
#4724 = CARTESIAN_POINT('',(-22.1,-118.5097572223,23.881956838819));
#4725 = SURFACE_CURVE('',#4726,(#4730,#4737),.PCURVE_S1.);
#4726 = LINE('',#4727,#4728);
#4727 = CARTESIAN_POINT('',(-16.9,-118.5097572223,23.881956838819));
#4728 = VECTOR('',#4729,1.);
#4729 = DIRECTION('',(-1.,0.,-0.));
#4730 = PCURVE('',#3193,#4731);
#4731 = DEFINITIONAL_REPRESENTATION('',(#4732),#4736);
#4732 = LINE('',#4733,#4734);
#4733 = CARTESIAN_POINT('',(-0.,176.75795661885));
#4734 = VECTOR('',#4735,1.);
#4735 = DIRECTION('',(-1.,0.));
#4736 = ( GEOMETRIC_REPRESENTATION_CONTEXT(2) 
PARAMETRIC_REPRESENTATION_CONTEXT() REPRESENTATION_CONTEXT('2D SPACE',''
  ) );
#4737 = PCURVE('',#4738,#4743);
#4738 = CYLINDRICAL_SURFACE('',#4739,7.5);
#4739 = AXIS2_PLACEMENT_3D('',#4740,#4741,#4742);
#4740 = CARTESIAN_POINT('',(-16.9,-120.9736619094,30.965682814115));
#4741 = DIRECTION('',(-1.,-0.,1.110223024625E-16));
#4742 = DIRECTION('',(-1.110223024625E-16,-0.,-1.));
#4743 = DEFINITIONAL_REPRESENTATION('',(#4744),#4748);
#4744 = LINE('',#4745,#4746);
#4745 = CARTESIAN_POINT('',(-6.617922144496,-7.864515677909E-16));
#4746 = VECTOR('',#4747,1.);
#4747 = DIRECTION('',(-0.,1.));
#4748 = ( GEOMETRIC_REPRESENTATION_CONTEXT(2) 
PARAMETRIC_REPRESENTATION_CONTEXT() REPRESENTATION_CONTEXT('2D SPACE',''
  ) );
#4749 = ORIENTED_EDGE('',*,*,#4750,.F.);
#4750 = EDGE_CURVE('',#4751,#4721,#4753,.T.);
#4751 = VERTEX_POINT('',#4752);
#4752 = CARTESIAN_POINT('',(-16.9,48.437566596479,81.950591210589));
#4753 = SURFACE_CURVE('',#4754,(#4758,#4765),.PCURVE_S1.);
#4754 = LINE('',#4755,#4756);
#4755 = CARTESIAN_POINT('',(-16.9,48.437566596479,81.950591210589));
#4756 = VECTOR('',#4757,1.);
#4757 = DIRECTION('',(0.,-0.944496796706,-0.328520624941));
#4758 = PCURVE('',#3193,#4759);
#4759 = DEFINITIONAL_REPRESENTATION('',(#4760),#4764);
#4760 = LINE('',#4761,#4762);
#4761 = CARTESIAN_POINT('',(-0.,-0.));
#4762 = VECTOR('',#4763,1.);
#4763 = DIRECTION('',(-0.,1.));
#4764 = ( GEOMETRIC_REPRESENTATION_CONTEXT(2) 
PARAMETRIC_REPRESENTATION_CONTEXT() REPRESENTATION_CONTEXT('2D SPACE',''
  ) );
#4765 = PCURVE('',#4117,#4766);
#4766 = DEFINITIONAL_REPRESENTATION('',(#4767),#4771);
#4767 = LINE('',#4768,#4769);
#4768 = CARTESIAN_POINT('',(-15.,-7.363898572352E-15));
#4769 = VECTOR('',#4770,1.);
#4770 = DIRECTION('',(7.965226789662E-18,-1.));
#4771 = ( GEOMETRIC_REPRESENTATION_CONTEXT(2) 
PARAMETRIC_REPRESENTATION_CONTEXT() REPRESENTATION_CONTEXT('2D SPACE',''
  ) );
#4772 = ORIENTED_EDGE('',*,*,#4773,.T.);
#4773 = EDGE_CURVE('',#4751,#3145,#4774,.T.);
#4774 = SURFACE_CURVE('',#4775,(#4779,#4786),.PCURVE_S1.);
#4775 = LINE('',#4776,#4777);
#4776 = CARTESIAN_POINT('',(-16.9,48.437566596479,81.950591210589));
#4777 = VECTOR('',#4778,1.);
#4778 = DIRECTION('',(-1.,0.,-0.));
#4779 = PCURVE('',#3193,#4780);
#4780 = DEFINITIONAL_REPRESENTATION('',(#4781),#4785);
#4781 = LINE('',#4782,#4783);
#4782 = CARTESIAN_POINT('',(-0.,-0.));
#4783 = VECTOR('',#4784,1.);
#4784 = DIRECTION('',(-1.,0.));
#4785 = ( GEOMETRIC_REPRESENTATION_CONTEXT(2) 
PARAMETRIC_REPRESENTATION_CONTEXT() REPRESENTATION_CONTEXT('2D SPACE',''
  ) );
#4786 = PCURVE('',#3165,#4787);
#4787 = DEFINITIONAL_REPRESENTATION('',(#4788),#4792);
#4788 = LINE('',#4789,#4790);
#4789 = CARTESIAN_POINT('',(-0.334736837317,-7.864515677909E-16));
#4790 = VECTOR('',#4791,1.);
#4791 = DIRECTION('',(-0.,1.));
#4792 = ( GEOMETRIC_REPRESENTATION_CONTEXT(2) 
PARAMETRIC_REPRESENTATION_CONTEXT() REPRESENTATION_CONTEXT('2D SPACE',''
  ) );
#4793 = ORIENTED_EDGE('',*,*,#3177,.T.);
#4794 = ORIENTED_EDGE('',*,*,#4024,.F.);
#4795 = ORIENTED_EDGE('',*,*,#4796,.T.);
#4796 = EDGE_CURVE('',#3997,#4797,#4799,.T.);
#4797 = VERTEX_POINT('',#4798);
#4798 = CARTESIAN_POINT('',(-22.1,-104.7668618016,28.662094376446));
#4799 = SURFACE_CURVE('',#4800,(#4804,#4811),.PCURVE_S1.);
#4800 = LINE('',#4801,#4802);
#4801 = CARTESIAN_POINT('',(-22.1,48.437566596479,81.950591210589));
#4802 = VECTOR('',#4803,1.);
#4803 = DIRECTION('',(0.,-0.944496796706,-0.328520624941));
#4804 = PCURVE('',#3193,#4805);
#4805 = DEFINITIONAL_REPRESENTATION('',(#4806),#4810);
#4806 = LINE('',#4807,#4808);
#4807 = CARTESIAN_POINT('',(-5.2,0.));
#4808 = VECTOR('',#4809,1.);
#4809 = DIRECTION('',(-0.,1.));
#4810 = ( GEOMETRIC_REPRESENTATION_CONTEXT(2) 
PARAMETRIC_REPRESENTATION_CONTEXT() REPRESENTATION_CONTEXT('2D SPACE',''
  ) );
#4811 = PCURVE('',#4012,#4812);
#4812 = DEFINITIONAL_REPRESENTATION('',(#4813),#4817);
#4813 = LINE('',#4814,#4815);
#4814 = CARTESIAN_POINT('',(-15.,-7.363898572352E-15));
#4815 = VECTOR('',#4816,1.);
#4816 = DIRECTION('',(7.965226789662E-18,-1.));
#4817 = ( GEOMETRIC_REPRESENTATION_CONTEXT(2) 
PARAMETRIC_REPRESENTATION_CONTEXT() REPRESENTATION_CONTEXT('2D SPACE',''
  ) );
#4818 = ORIENTED_EDGE('',*,*,#4819,.T.);
#4819 = EDGE_CURVE('',#4797,#3416,#4820,.T.);
#4820 = SURFACE_CURVE('',#4821,(#4825,#4832),.PCURVE_S1.);
#4821 = LINE('',#4822,#4823);
#4822 = CARTESIAN_POINT('',(-18.45,-104.7668618016,28.662094376446));
#4823 = VECTOR('',#4824,1.);
#4824 = DIRECTION('',(1.,0.,-0.));
#4825 = PCURVE('',#3193,#4826);
#4826 = DEFINITIONAL_REPRESENTATION('',(#4827),#4831);
#4827 = LINE('',#4828,#4829);
#4828 = CARTESIAN_POINT('',(-1.55,162.20746214539));
#4829 = VECTOR('',#4830,1.);
#4830 = DIRECTION('',(1.,-0.));
#4831 = ( GEOMETRIC_REPRESENTATION_CONTEXT(2) 
PARAMETRIC_REPRESENTATION_CONTEXT() REPRESENTATION_CONTEXT('2D SPACE',''
  ) );
#4832 = PCURVE('',#3431,#4833);
#4833 = DEFINITIONAL_REPRESENTATION('',(#4834),#4838);
#4834 = LINE('',#4835,#4836);
#4835 = CARTESIAN_POINT('',(1.55,39.201510762374));
#4836 = VECTOR('',#4837,1.);
#4837 = DIRECTION('',(1.,-0.));
#4838 = ( GEOMETRIC_REPRESENTATION_CONTEXT(2) 
PARAMETRIC_REPRESENTATION_CONTEXT() REPRESENTATION_CONTEXT('2D SPACE',''
  ) );
#4839 = ORIENTED_EDGE('',*,*,#3443,.T.);
#4840 = ORIENTED_EDGE('',*,*,#4841,.F.);
#4841 = EDGE_CURVE('',#4842,#3444,#4844,.T.);
#4842 = VERTEX_POINT('',#4843);
#4843 = CARTESIAN_POINT('',(-22.1,-117.7612008393,24.142324276398));
#4844 = SURFACE_CURVE('',#4845,(#4849,#4856),.PCURVE_S1.);
#4845 = LINE('',#4846,#4847);
#4846 = CARTESIAN_POINT('',(-18.45,-117.7612008393,24.142324276398));
#4847 = VECTOR('',#4848,1.);
#4848 = DIRECTION('',(1.,0.,-0.));
#4849 = PCURVE('',#3193,#4850);
#4850 = DEFINITIONAL_REPRESENTATION('',(#4851),#4855);
#4851 = LINE('',#4852,#4853);
#4852 = CARTESIAN_POINT('',(-1.55,175.96541143961));
#4853 = VECTOR('',#4854,1.);
#4854 = DIRECTION('',(1.,-0.));
#4855 = ( GEOMETRIC_REPRESENTATION_CONTEXT(2) 
PARAMETRIC_REPRESENTATION_CONTEXT() REPRESENTATION_CONTEXT('2D SPACE',''
  ) );
#4856 = PCURVE('',#3480,#4857);
#4857 = DEFINITIONAL_REPRESENTATION('',(#4858),#4862);
#4858 = LINE('',#4859,#4860);
#4859 = CARTESIAN_POINT('',(1.55,49.607334554001));
#4860 = VECTOR('',#4861,1.);
#4861 = DIRECTION('',(1.,-0.));
#4862 = ( GEOMETRIC_REPRESENTATION_CONTEXT(2) 
PARAMETRIC_REPRESENTATION_CONTEXT() REPRESENTATION_CONTEXT('2D SPACE',''
  ) );
#4863 = ORIENTED_EDGE('',*,*,#4864,.T.);
#4864 = EDGE_CURVE('',#4842,#4723,#4865,.T.);
#4865 = SURFACE_CURVE('',#4866,(#4870,#4877),.PCURVE_S1.);
#4866 = LINE('',#4867,#4868);
#4867 = CARTESIAN_POINT('',(-22.1,48.437566596479,81.950591210589));
#4868 = VECTOR('',#4869,1.);
#4869 = DIRECTION('',(0.,-0.944496796706,-0.328520624941));
#4870 = PCURVE('',#3193,#4871);
#4871 = DEFINITIONAL_REPRESENTATION('',(#4872),#4876);
#4872 = LINE('',#4873,#4874);
#4873 = CARTESIAN_POINT('',(-5.2,0.));
#4874 = VECTOR('',#4875,1.);
#4875 = DIRECTION('',(-0.,1.));
#4876 = ( GEOMETRIC_REPRESENTATION_CONTEXT(2) 
PARAMETRIC_REPRESENTATION_CONTEXT() REPRESENTATION_CONTEXT('2D SPACE',''
  ) );
#4877 = PCURVE('',#4178,#4878);
#4878 = DEFINITIONAL_REPRESENTATION('',(#4879),#4883);
#4879 = LINE('',#4880,#4881);
#4880 = CARTESIAN_POINT('',(-15.,-7.363898572352E-15));
#4881 = VECTOR('',#4882,1.);
#4882 = DIRECTION('',(7.965226789662E-18,-1.));
#4883 = ( GEOMETRIC_REPRESENTATION_CONTEXT(2) 
PARAMETRIC_REPRESENTATION_CONTEXT() REPRESENTATION_CONTEXT('2D SPACE',''
  ) );
#4884 = ADVANCED_FACE('',(#4885),#3165,.T.);
#4885 = FACE_BOUND('',#4886,.F.);
#4886 = EDGE_LOOP('',(#4887,#4915,#4916,#4917,#4918,#4946));
#4887 = ORIENTED_EDGE('',*,*,#4888,.F.);
#4888 = EDGE_CURVE('',#4293,#4889,#4891,.T.);
#4889 = VERTEX_POINT('',#4890);
#4890 = CARTESIAN_POINT('',(-22.1,43.50975722236,96.118043161181));
#4891 = SURFACE_CURVE('',#4892,(#4897,#4904),.PCURVE_S1.);
#4892 = CIRCLE('',#4893,7.5);
#4893 = AXIS2_PLACEMENT_3D('',#4894,#4895,#4896);
#4894 = CARTESIAN_POINT('',(-22.1,45.973661909419,89.034317185885));
#4895 = DIRECTION('',(1.,0.,-1.110223024625E-16));
#4896 = DIRECTION('',(-1.110223024625E-16,0.,-1.));
#4897 = PCURVE('',#3165,#4898);
#4898 = DEFINITIONAL_REPRESENTATION('',(#4899),#4903);
#4899 = LINE('',#4900,#4901);
#4900 = CARTESIAN_POINT('',(-0.,5.2));
#4901 = VECTOR('',#4902,1.);
#4902 = DIRECTION('',(-1.,0.));
#4903 = ( GEOMETRIC_REPRESENTATION_CONTEXT(2) 
PARAMETRIC_REPRESENTATION_CONTEXT() REPRESENTATION_CONTEXT('2D SPACE',''
  ) );
#4904 = PCURVE('',#4178,#4905);
#4905 = DEFINITIONAL_REPRESENTATION('',(#4906),#4914);
#4906 = ( BOUNDED_CURVE() B_SPLINE_CURVE(2,(#4907,#4908,#4909,#4910,
#4911,#4912,#4913),.UNSPECIFIED.,.T.,.F.) B_SPLINE_CURVE_WITH_KNOTS((1,2
    ,2,2,2,1),(-2.094395102393,0.,2.094395102393,4.188790204786,
6.28318530718,8.377580409573),.UNSPECIFIED.) CURVE() 
GEOMETRIC_REPRESENTATION_ITEM() RATIONAL_B_SPLINE_CURVE((1.,0.5,1.,0.5,
1.,0.5,1.)) REPRESENTATION_ITEM('') );
#4907 = CARTESIAN_POINT('',(-14.58372597529,-2.46390468706));
#4908 = CARTESIAN_POINT('',(-18.85133407829,9.805468609049));
#4909 = CARTESIAN_POINT('',(-6.091941063849,7.366638991584));
#4910 = CARTESIAN_POINT('',(6.667451950592,4.927809374119));
#4911 = CARTESIAN_POINT('',(-1.824332960855,-4.902734304524));
#4912 = CARTESIAN_POINT('',(-10.3161178723,-14.73327798316));
#4913 = CARTESIAN_POINT('',(-14.58372597529,-2.46390468706));
#4914 = ( GEOMETRIC_REPRESENTATION_CONTEXT(2) 
PARAMETRIC_REPRESENTATION_CONTEXT() REPRESENTATION_CONTEXT('2D SPACE',''
  ) );
#4915 = ORIENTED_EDGE('',*,*,#4315,.F.);
#4916 = ORIENTED_EDGE('',*,*,#3144,.F.);
#4917 = ORIENTED_EDGE('',*,*,#4773,.F.);
#4918 = ORIENTED_EDGE('',*,*,#4919,.T.);
#4919 = EDGE_CURVE('',#4751,#4920,#4922,.T.);
#4920 = VERTEX_POINT('',#4921);
#4921 = CARTESIAN_POINT('',(-16.9,43.50975722236,96.118043161181));
#4922 = SURFACE_CURVE('',#4923,(#4928,#4935),.PCURVE_S1.);
#4923 = CIRCLE('',#4924,7.5);
#4924 = AXIS2_PLACEMENT_3D('',#4925,#4926,#4927);
#4925 = CARTESIAN_POINT('',(-16.9,45.973661909419,89.034317185885));
#4926 = DIRECTION('',(1.,0.,-1.110223024625E-16));
#4927 = DIRECTION('',(-1.110223024625E-16,0.,-1.));
#4928 = PCURVE('',#3165,#4929);
#4929 = DEFINITIONAL_REPRESENTATION('',(#4930),#4934);
#4930 = LINE('',#4931,#4932);
#4931 = CARTESIAN_POINT('',(-0.,0.));
#4932 = VECTOR('',#4933,1.);
#4933 = DIRECTION('',(-1.,0.));
#4934 = ( GEOMETRIC_REPRESENTATION_CONTEXT(2) 
PARAMETRIC_REPRESENTATION_CONTEXT() REPRESENTATION_CONTEXT('2D SPACE',''
  ) );
#4935 = PCURVE('',#4117,#4936);
#4936 = DEFINITIONAL_REPRESENTATION('',(#4937),#4945);
#4937 = ( BOUNDED_CURVE() B_SPLINE_CURVE(2,(#4938,#4939,#4940,#4941,
#4942,#4943,#4944),.UNSPECIFIED.,.T.,.F.) B_SPLINE_CURVE_WITH_KNOTS((1,2
    ,2,2,2,1),(-2.094395102393,0.,2.094395102393,4.188790204786,
6.28318530718,8.377580409573),.UNSPECIFIED.) CURVE() 
GEOMETRIC_REPRESENTATION_ITEM() RATIONAL_B_SPLINE_CURVE((1.,0.5,1.,0.5,
1.,0.5,1.)) REPRESENTATION_ITEM('') );
#4938 = CARTESIAN_POINT('',(-14.58372597529,-2.46390468706));
#4939 = CARTESIAN_POINT('',(-18.85133407829,9.805468609049));
#4940 = CARTESIAN_POINT('',(-6.091941063849,7.366638991584));
#4941 = CARTESIAN_POINT('',(6.667451950592,4.927809374119));
#4942 = CARTESIAN_POINT('',(-1.824332960855,-4.902734304524));
#4943 = CARTESIAN_POINT('',(-10.3161178723,-14.73327798316));
#4944 = CARTESIAN_POINT('',(-14.58372597529,-2.46390468706));
#4945 = ( GEOMETRIC_REPRESENTATION_CONTEXT(2) 
PARAMETRIC_REPRESENTATION_CONTEXT() REPRESENTATION_CONTEXT('2D SPACE',''
  ) );
#4946 = ORIENTED_EDGE('',*,*,#4947,.T.);
#4947 = EDGE_CURVE('',#4920,#4889,#4948,.T.);
#4948 = SURFACE_CURVE('',#4949,(#4953,#4960),.PCURVE_S1.);
#4949 = LINE('',#4950,#4951);
#4950 = CARTESIAN_POINT('',(-16.9,43.50975722236,96.118043161181));
#4951 = VECTOR('',#4952,1.);
#4952 = DIRECTION('',(-1.,0.,-0.));
#4953 = PCURVE('',#3165,#4954);
#4954 = DEFINITIONAL_REPRESENTATION('',(#4955),#4959);
#4955 = LINE('',#4956,#4957);
#4956 = CARTESIAN_POINT('',(-3.476329490907,7.864515677909E-16));
#4957 = VECTOR('',#4958,1.);
#4958 = DIRECTION('',(-0.,1.));
#4959 = ( GEOMETRIC_REPRESENTATION_CONTEXT(2) 
PARAMETRIC_REPRESENTATION_CONTEXT() REPRESENTATION_CONTEXT('2D SPACE',''
  ) );
#4960 = PCURVE('',#4961,#4966);
#4961 = PLANE('',#4962);
#4962 = AXIS2_PLACEMENT_3D('',#4963,#4964,#4965);
#4963 = CARTESIAN_POINT('',(-16.9,43.50975722236,96.118043161181));
#4964 = DIRECTION('',(-0.,0.328520624941,-0.944496796706));
#4965 = DIRECTION('',(1.,0.,0.));
#4966 = DEFINITIONAL_REPRESENTATION('',(#4967),#4971);
#4967 = LINE('',#4968,#4969);
#4968 = CARTESIAN_POINT('',(-0.,-0.));
#4969 = VECTOR('',#4970,1.);
#4970 = DIRECTION('',(-1.,0.));
#4971 = ( GEOMETRIC_REPRESENTATION_CONTEXT(2) 
PARAMETRIC_REPRESENTATION_CONTEXT() REPRESENTATION_CONTEXT('2D SPACE',''
  ) );
#4972 = ADVANCED_FACE('',(#4973),#3086,.T.);
#4973 = FACE_BOUND('',#4974,.F.);
#4974 = EDGE_LOOP('',(#4975,#4998,#4999,#5000,#5023,#5051,#5087,#5119,
    #5147,#5180));
#4975 = ORIENTED_EDGE('',*,*,#4976,.F.);
#4976 = EDGE_CURVE('',#3043,#4977,#4979,.T.);
#4977 = VERTEX_POINT('',#4978);
#4978 = CARTESIAN_POINT('',(7.,107.,14.));
#4979 = SURFACE_CURVE('',#4980,(#4984,#4991),.PCURVE_S1.);
#4980 = LINE('',#4981,#4982);
#4981 = CARTESIAN_POINT('',(-22.,107.,14.));
#4982 = VECTOR('',#4983,1.);
#4983 = DIRECTION('',(1.,-0.,-0.));
#4984 = PCURVE('',#3086,#4985);
#4985 = DEFINITIONAL_REPRESENTATION('',(#4986),#4990);
#4986 = LINE('',#4987,#4988);
#4987 = CARTESIAN_POINT('',(-29.,0.));
#4988 = VECTOR('',#4989,1.);
#4989 = DIRECTION('',(1.,-0.));
#4990 = ( GEOMETRIC_REPRESENTATION_CONTEXT(2) 
PARAMETRIC_REPRESENTATION_CONTEXT() REPRESENTATION_CONTEXT('2D SPACE',''
  ) );
#4991 = PCURVE('',#3058,#4992);
#4992 = DEFINITIONAL_REPRESENTATION('',(#4993),#4997);
#4993 = LINE('',#4994,#4995);
#4994 = CARTESIAN_POINT('',(-8.,29.));
#4995 = VECTOR('',#4996,1.);
#4996 = DIRECTION('',(-0.,-1.));
#4997 = ( GEOMETRIC_REPRESENTATION_CONTEXT(2) 
PARAMETRIC_REPRESENTATION_CONTEXT() REPRESENTATION_CONTEXT('2D SPACE',''
  ) );
#4998 = ORIENTED_EDGE('',*,*,#3070,.F.);
#4999 = ORIENTED_EDGE('',*,*,#4393,.F.);
#5000 = ORIENTED_EDGE('',*,*,#5001,.T.);
#5001 = EDGE_CURVE('',#4366,#5002,#5004,.T.);
#5002 = VERTEX_POINT('',#5003);
#5003 = CARTESIAN_POINT('',(-22.,123.21993814588,14.));
#5004 = SURFACE_CURVE('',#5005,(#5009,#5016),.PCURVE_S1.);
#5005 = LINE('',#5006,#5007);
#5006 = CARTESIAN_POINT('',(-22.,107.,14.));
#5007 = VECTOR('',#5008,1.);
#5008 = DIRECTION('',(-0.,1.,0.));
#5009 = PCURVE('',#3086,#5010);
#5010 = DEFINITIONAL_REPRESENTATION('',(#5011),#5015);
#5011 = LINE('',#5012,#5013);
#5012 = CARTESIAN_POINT('',(-29.,0.));
#5013 = VECTOR('',#5014,1.);
#5014 = DIRECTION('',(0.,1.));
#5015 = ( GEOMETRIC_REPRESENTATION_CONTEXT(2) 
PARAMETRIC_REPRESENTATION_CONTEXT() REPRESENTATION_CONTEXT('2D SPACE',''
  ) );
#5016 = PCURVE('',#4381,#5017);
#5017 = DEFINITIONAL_REPRESENTATION('',(#5018),#5022);
#5018 = LINE('',#5019,#5020);
#5019 = CARTESIAN_POINT('',(-8.,-0.));
#5020 = VECTOR('',#5021,1.);
#5021 = DIRECTION('',(-0.,-1.));
#5022 = ( GEOMETRIC_REPRESENTATION_CONTEXT(2) 
PARAMETRIC_REPRESENTATION_CONTEXT() REPRESENTATION_CONTEXT('2D SPACE',''
  ) );
#5023 = ORIENTED_EDGE('',*,*,#5024,.T.);
#5024 = EDGE_CURVE('',#5002,#5025,#5027,.T.);
#5025 = VERTEX_POINT('',#5026);
#5026 = CARTESIAN_POINT('',(-3.285867909156,123.21993814588,14.));
#5027 = SURFACE_CURVE('',#5028,(#5032,#5039),.PCURVE_S1.);
#5028 = LINE('',#5029,#5030);
#5029 = CARTESIAN_POINT('',(4.5,123.21993814588,14.));
#5030 = VECTOR('',#5031,1.);
#5031 = DIRECTION('',(1.,-0.,-0.));
#5032 = PCURVE('',#3086,#5033);
#5033 = DEFINITIONAL_REPRESENTATION('',(#5034),#5038);
#5034 = LINE('',#5035,#5036);
#5035 = CARTESIAN_POINT('',(-2.5,16.219938145885));
#5036 = VECTOR('',#5037,1.);
#5037 = DIRECTION('',(1.,-0.));
#5038 = ( GEOMETRIC_REPRESENTATION_CONTEXT(2) 
PARAMETRIC_REPRESENTATION_CONTEXT() REPRESENTATION_CONTEXT('2D SPACE',''
  ) );
#5039 = PCURVE('',#5040,#5045);
#5040 = PLANE('',#5041);
#5041 = AXIS2_PLACEMENT_3D('',#5042,#5043,#5044);
#5042 = CARTESIAN_POINT('',(2.,123.21993814588,4.041185039828));
#5043 = DIRECTION('',(-0.,1.,0.));
#5044 = DIRECTION('',(0.,0.,-1.));
#5045 = DEFINITIONAL_REPRESENTATION('',(#5046),#5050);
#5046 = LINE('',#5047,#5048);
#5047 = CARTESIAN_POINT('',(-9.958814960172,-2.5));
#5048 = VECTOR('',#5049,1.);
#5049 = DIRECTION('',(-0.,-1.));
#5050 = ( GEOMETRIC_REPRESENTATION_CONTEXT(2) 
PARAMETRIC_REPRESENTATION_CONTEXT() REPRESENTATION_CONTEXT('2D SPACE',''
  ) );
#5051 = ORIENTED_EDGE('',*,*,#5052,.F.);
#5052 = EDGE_CURVE('',#5053,#5025,#5055,.T.);
#5053 = VERTEX_POINT('',#5054);
#5054 = CARTESIAN_POINT('',(-3.6,119.46908821616,14.));
#5055 = SURFACE_CURVE('',#5056,(#5061,#5072),.PCURVE_S1.);
#5056 = ELLIPSE('',#5057,11.358736710303,5.6);
#5057 = AXIS2_PLACEMENT_3D('',#5058,#5059,#5060);
#5058 = CARTESIAN_POINT('',(2.,119.46908821616,14.));
#5059 = DIRECTION('',(-0.,-0.,-1.));
#5060 = DIRECTION('',(-0.,1.,-0.));
#5061 = PCURVE('',#3086,#5062);
#5062 = DEFINITIONAL_REPRESENTATION('',(#5063),#5071);
#5063 = ( BOUNDED_CURVE() B_SPLINE_CURVE(2,(#5064,#5065,#5066,#5067,
#5068,#5069,#5070),.UNSPECIFIED.,.T.,.F.) B_SPLINE_CURVE_WITH_KNOTS((1,2
    ,2,2,2,1),(-2.094395102393,0.,2.094395102393,4.188790204786,
6.28318530718,8.377580409573),.UNSPECIFIED.) CURVE() 
GEOMETRIC_REPRESENTATION_ITEM() RATIONAL_B_SPLINE_CURVE((1.,0.5,1.,0.5,
1.,0.5,1.)) REPRESENTATION_ITEM('') );
#5064 = CARTESIAN_POINT('',(-5.,23.827824926471));
#5065 = CARTESIAN_POINT('',(4.699484522386,23.827824926471));
#5066 = CARTESIAN_POINT('',(-0.150257738807,6.789719861017));
#5067 = CARTESIAN_POINT('',(-5.,-10.24838520443));
#5068 = CARTESIAN_POINT('',(-9.849742261193,6.789719861017));
#5069 = CARTESIAN_POINT('',(-14.69948452238,23.827824926471));
#5070 = CARTESIAN_POINT('',(-5.,23.827824926471));
#5071 = ( GEOMETRIC_REPRESENTATION_CONTEXT(2) 
PARAMETRIC_REPRESENTATION_CONTEXT() REPRESENTATION_CONTEXT('2D SPACE',''
  ) );
#5072 = PCURVE('',#5073,#5078);
#5073 = CYLINDRICAL_SURFACE('',#5074,5.6);
#5074 = AXIS2_PLACEMENT_3D('',#5075,#5076,#5077);
#5075 = CARTESIAN_POINT('',(2.,114.2995831723,16.929386191522));
#5076 = DIRECTION('',(-0.,0.870022185849,-0.493012571981));
#5077 = DIRECTION('',(-1.,-0.,-0.));
#5078 = DEFINITIONAL_REPRESENTATION('',(#5079),#5086);
#5079 = B_SPLINE_CURVE_WITH_KNOTS('',5,(#5080,#5081,#5082,#5083,#5084,
    #5085),.UNSPECIFIED.,.F.,.F.,(6,6),(4.712388980385,5.13555626054),
  .PIECEWISE_BEZIER_KNOTS.);
#5080 = CARTESIAN_POINT('',(-6.28318530718,5.941808298624));
#5081 = CARTESIAN_POINT('',(-6.198551851149,6.778185981754));
#5082 = CARTESIAN_POINT('',(-6.113918395117,7.61456398627));
#5083 = CARTESIAN_POINT('',(-6.029284939086,8.438459447861));
#5084 = CARTESIAN_POINT('',(-5.944651483055,9.237397391072));
#5085 = CARTESIAN_POINT('',(-5.860018027024,10.0000006));
#5086 = ( GEOMETRIC_REPRESENTATION_CONTEXT(2) 
PARAMETRIC_REPRESENTATION_CONTEXT() REPRESENTATION_CONTEXT('2D SPACE',''
  ) );
#5087 = ORIENTED_EDGE('',*,*,#5088,.F.);
#5088 = EDGE_CURVE('',#5089,#5053,#5091,.T.);
#5089 = VERTEX_POINT('',#5090);
#5090 = CARTESIAN_POINT('',(-2.474722857608,112.63959766377,14.));
#5091 = SURFACE_CURVE('',#5092,(#5097,#5108),.PCURVE_S1.);
#5092 = ELLIPSE('',#5093,11.358736710303,5.6);
#5093 = AXIS2_PLACEMENT_3D('',#5094,#5095,#5096);
#5094 = CARTESIAN_POINT('',(2.,119.46908821616,14.));
#5095 = DIRECTION('',(-0.,-0.,-1.));
#5096 = DIRECTION('',(-0.,1.,-0.));
#5097 = PCURVE('',#3086,#5098);
#5098 = DEFINITIONAL_REPRESENTATION('',(#5099),#5107);
#5099 = ( BOUNDED_CURVE() B_SPLINE_CURVE(2,(#5100,#5101,#5102,#5103,
#5104,#5105,#5106),.UNSPECIFIED.,.T.,.F.) B_SPLINE_CURVE_WITH_KNOTS((1,2
    ,2,2,2,1),(-2.094395102393,0.,2.094395102393,4.188790204786,
6.28318530718,8.377580409573),.UNSPECIFIED.) CURVE() 
GEOMETRIC_REPRESENTATION_ITEM() RATIONAL_B_SPLINE_CURVE((1.,0.5,1.,0.5,
1.,0.5,1.)) REPRESENTATION_ITEM('') );
#5100 = CARTESIAN_POINT('',(-5.,23.827824926471));
#5101 = CARTESIAN_POINT('',(4.699484522386,23.827824926471));
#5102 = CARTESIAN_POINT('',(-0.150257738807,6.789719861017));
#5103 = CARTESIAN_POINT('',(-5.,-10.24838520443));
#5104 = CARTESIAN_POINT('',(-9.849742261193,6.789719861017));
#5105 = CARTESIAN_POINT('',(-14.69948452238,23.827824926471));
#5106 = CARTESIAN_POINT('',(-5.,23.827824926471));
#5107 = ( GEOMETRIC_REPRESENTATION_CONTEXT(2) 
PARAMETRIC_REPRESENTATION_CONTEXT() REPRESENTATION_CONTEXT('2D SPACE',''
  ) );
#5108 = PCURVE('',#5073,#5109);
#5109 = DEFINITIONAL_REPRESENTATION('',(#5110),#5118);
#5110 = B_SPLINE_CURVE_WITH_KNOTS('',6,(#5111,#5112,#5113,#5114,#5115,
    #5116,#5117),.UNSPECIFIED.,.F.,.F.,(7,7),(4.067318857916,
    4.712388980385),.PIECEWISE_BEZIER_KNOTS.);
#5111 = CARTESIAN_POINT('',(-6.928255429649,-5.999999928008E-07));
#5112 = CARTESIAN_POINT('',(-6.82074374257,0.848972887277));
#5113 = CARTESIAN_POINT('',(-6.713232055492,1.78036183283));
#5114 = CARTESIAN_POINT('',(-6.605720368414,2.776506280954));
#5115 = CARTESIAN_POINT('',(-6.498208681336,3.816871928122));
#5116 = CARTESIAN_POINT('',(-6.390696994258,4.879339861616));
#5117 = CARTESIAN_POINT('',(-6.28318530718,5.941808298624));
#5118 = ( GEOMETRIC_REPRESENTATION_CONTEXT(2) 
PARAMETRIC_REPRESENTATION_CONTEXT() REPRESENTATION_CONTEXT('2D SPACE',''
  ) );
#5119 = ORIENTED_EDGE('',*,*,#5120,.T.);
#5120 = EDGE_CURVE('',#5089,#5121,#5123,.T.);
#5121 = VERTEX_POINT('',#5122);
#5122 = CARTESIAN_POINT('',(6.474722857608,112.63959766377,14.));
#5123 = SURFACE_CURVE('',#5124,(#5128,#5135),.PCURVE_S1.);
#5124 = LINE('',#5125,#5126);
#5125 = CARTESIAN_POINT('',(4.5,112.63959766377,14.));
#5126 = VECTOR('',#5127,1.);
#5127 = DIRECTION('',(1.,-0.,-0.));
#5128 = PCURVE('',#3086,#5129);
#5129 = DEFINITIONAL_REPRESENTATION('',(#5130),#5134);
#5130 = LINE('',#5131,#5132);
#5131 = CARTESIAN_POINT('',(-2.5,5.639597663778));
#5132 = VECTOR('',#5133,1.);
#5133 = DIRECTION('',(1.,-0.));
#5134 = ( GEOMETRIC_REPRESENTATION_CONTEXT(2) 
PARAMETRIC_REPRESENTATION_CONTEXT() REPRESENTATION_CONTEXT('2D SPACE',''
  ) );
#5135 = PCURVE('',#5136,#5141);
#5136 = PLANE('',#5137);
#5137 = AXIS2_PLACEMENT_3D('',#5138,#5139,#5140);
#5138 = CARTESIAN_POINT('',(2.,114.2995831723,16.929386191522));
#5139 = DIRECTION('',(-0.,0.870022185849,-0.493012571981));
#5140 = DIRECTION('',(1.,0.,0.));
#5141 = DEFINITIONAL_REPRESENTATION('',(#5142),#5146);
#5142 = LINE('',#5143,#5144);
#5143 = CARTESIAN_POINT('',(2.5,3.367024702553));
#5144 = VECTOR('',#5145,1.);
#5145 = DIRECTION('',(1.,-0.));
#5146 = ( GEOMETRIC_REPRESENTATION_CONTEXT(2) 
PARAMETRIC_REPRESENTATION_CONTEXT() REPRESENTATION_CONTEXT('2D SPACE',''
  ) );
#5147 = ORIENTED_EDGE('',*,*,#5148,.F.);
#5148 = EDGE_CURVE('',#5149,#5121,#5151,.T.);
#5149 = VERTEX_POINT('',#5150);
#5150 = CARTESIAN_POINT('',(7.,114.35379463967,14.));
#5151 = SURFACE_CURVE('',#5152,(#5157,#5168),.PCURVE_S1.);
#5152 = ELLIPSE('',#5153,11.358736710303,5.6);
#5153 = AXIS2_PLACEMENT_3D('',#5154,#5155,#5156);
#5154 = CARTESIAN_POINT('',(2.,119.46908821616,14.));
#5155 = DIRECTION('',(-0.,-0.,-1.));
#5156 = DIRECTION('',(-0.,1.,-0.));
#5157 = PCURVE('',#3086,#5158);
#5158 = DEFINITIONAL_REPRESENTATION('',(#5159),#5167);
#5159 = ( BOUNDED_CURVE() B_SPLINE_CURVE(2,(#5160,#5161,#5162,#5163,
#5164,#5165,#5166),.UNSPECIFIED.,.T.,.F.) B_SPLINE_CURVE_WITH_KNOTS((1,2
    ,2,2,2,1),(-2.094395102393,0.,2.094395102393,4.188790204786,
6.28318530718,8.377580409573),.UNSPECIFIED.) CURVE() 
GEOMETRIC_REPRESENTATION_ITEM() RATIONAL_B_SPLINE_CURVE((1.,0.5,1.,0.5,
1.,0.5,1.)) REPRESENTATION_ITEM('') );
#5160 = CARTESIAN_POINT('',(-5.,23.827824926471));
#5161 = CARTESIAN_POINT('',(4.699484522386,23.827824926471));
#5162 = CARTESIAN_POINT('',(-0.150257738807,6.789719861017));
#5163 = CARTESIAN_POINT('',(-5.,-10.24838520443));
#5164 = CARTESIAN_POINT('',(-9.849742261193,6.789719861017));
#5165 = CARTESIAN_POINT('',(-14.69948452238,23.827824926471));
#5166 = CARTESIAN_POINT('',(-5.,23.827824926471));
#5167 = ( GEOMETRIC_REPRESENTATION_CONTEXT(2) 
PARAMETRIC_REPRESENTATION_CONTEXT() REPRESENTATION_CONTEXT('2D SPACE',''
  ) );
#5168 = PCURVE('',#5073,#5169);
#5169 = DEFINITIONAL_REPRESENTATION('',(#5170),#5179);
#5170 = B_SPLINE_CURVE_WITH_KNOTS('',7,(#5171,#5172,#5173,#5174,#5175,
    #5176,#5177,#5178),.UNSPECIFIED.,.F.,.F.,(8,8),(1.14762904664,
    2.215866449264),.PIECEWISE_BEZIER_KNOTS.);
#5171 = CARTESIAN_POINT('',(-3.564759933745,10.0000006));
#5172 = CARTESIAN_POINT('',(-3.412154590513,8.624925896615));
#5173 = CARTESIAN_POINT('',(-3.259549247281,7.139591007794));
#5174 = CARTESIAN_POINT('',(-3.10694390405,5.596300331299));
#5175 = CARTESIAN_POINT('',(-2.954338560816,4.053650264795));
#5176 = CARTESIAN_POINT('',(-2.801733217585,2.57155452632));
#5177 = CARTESIAN_POINT('',(-2.649127874353,1.205058067962));
#5178 = CARTESIAN_POINT('',(-2.496522531121,-5.999999928008E-07));
#5179 = ( GEOMETRIC_REPRESENTATION_CONTEXT(2) 
PARAMETRIC_REPRESENTATION_CONTEXT() REPRESENTATION_CONTEXT('2D SPACE',''
  ) );
#5180 = ORIENTED_EDGE('',*,*,#5181,.F.);
#5181 = EDGE_CURVE('',#4977,#5149,#5182,.T.);
#5182 = SURFACE_CURVE('',#5183,(#5187,#5194),.PCURVE_S1.);
#5183 = LINE('',#5184,#5185);
#5184 = CARTESIAN_POINT('',(7.,107.,14.));
#5185 = VECTOR('',#5186,1.);
#5186 = DIRECTION('',(-0.,1.,0.));
#5187 = PCURVE('',#3086,#5188);
#5188 = DEFINITIONAL_REPRESENTATION('',(#5189),#5193);
#5189 = LINE('',#5190,#5191);
#5190 = CARTESIAN_POINT('',(0.,-0.));
#5191 = VECTOR('',#5192,1.);
#5192 = DIRECTION('',(0.,1.));
#5193 = ( GEOMETRIC_REPRESENTATION_CONTEXT(2) 
PARAMETRIC_REPRESENTATION_CONTEXT() REPRESENTATION_CONTEXT('2D SPACE',''
  ) );
#5194 = PCURVE('',#4512,#5195);
#5195 = DEFINITIONAL_REPRESENTATION('',(#5196),#5200);
#5196 = LINE('',#5197,#5198);
#5197 = CARTESIAN_POINT('',(-8.,-0.));
#5198 = VECTOR('',#5199,1.);
#5199 = DIRECTION('',(-0.,-1.));
#5200 = ( GEOMETRIC_REPRESENTATION_CONTEXT(2) 
PARAMETRIC_REPRESENTATION_CONTEXT() REPRESENTATION_CONTEXT('2D SPACE',''
  ) );
#5201 = ADVANCED_FACE('',(#5202),#3058,.F.);
#5202 = FACE_BOUND('',#5203,.T.);
#5203 = EDGE_LOOP('',(#5204,#5205,#5226,#5227));
#5204 = ORIENTED_EDGE('',*,*,#4524,.F.);
#5205 = ORIENTED_EDGE('',*,*,#5206,.T.);
#5206 = EDGE_CURVE('',#4497,#4977,#5207,.T.);
#5207 = SURFACE_CURVE('',#5208,(#5212,#5219),.PCURVE_S1.);
#5208 = LINE('',#5209,#5210);
#5209 = CARTESIAN_POINT('',(7.,107.,6.));
#5210 = VECTOR('',#5211,1.);
#5211 = DIRECTION('',(0.,-0.,1.));
#5212 = PCURVE('',#3058,#5213);
#5213 = DEFINITIONAL_REPRESENTATION('',(#5214),#5218);
#5214 = LINE('',#5215,#5216);
#5215 = CARTESIAN_POINT('',(-0.,-0.));
#5216 = VECTOR('',#5217,1.);
#5217 = DIRECTION('',(-1.,-0.));
#5218 = ( GEOMETRIC_REPRESENTATION_CONTEXT(2) 
PARAMETRIC_REPRESENTATION_CONTEXT() REPRESENTATION_CONTEXT('2D SPACE',''
  ) );
#5219 = PCURVE('',#4512,#5220);
#5220 = DEFINITIONAL_REPRESENTATION('',(#5221),#5225);
#5221 = LINE('',#5222,#5223);
#5222 = CARTESIAN_POINT('',(-0.,-0.));
#5223 = VECTOR('',#5224,1.);
#5224 = DIRECTION('',(-1.,-0.));
#5225 = ( GEOMETRIC_REPRESENTATION_CONTEXT(2) 
PARAMETRIC_REPRESENTATION_CONTEXT() REPRESENTATION_CONTEXT('2D SPACE',''
  ) );
#5226 = ORIENTED_EDGE('',*,*,#4976,.F.);
#5227 = ORIENTED_EDGE('',*,*,#3042,.F.);
#5228 = ADVANCED_FACE('',(#5229),#3300,.F.);
#5229 = FACE_BOUND('',#5230,.T.);
#5230 = EDGE_LOOP('',(#5231,#5256,#5284,#5305,#5306,#5329));
#5231 = ORIENTED_EDGE('',*,*,#5232,.F.);
#5232 = EDGE_CURVE('',#5233,#5235,#5237,.T.);
#5233 = VERTEX_POINT('',#5234);
#5234 = CARTESIAN_POINT('',(6.,-79.,6.));
#5235 = VERTEX_POINT('',#5236);
#5236 = CARTESIAN_POINT('',(-22.,-79.,6.));
#5237 = SURFACE_CURVE('',#5238,(#5242,#5249),.PCURVE_S1.);
#5238 = LINE('',#5239,#5240);
#5239 = CARTESIAN_POINT('',(7.,-79.,6.));
#5240 = VECTOR('',#5241,1.);
#5241 = DIRECTION('',(-1.,-0.,-0.));
#5242 = PCURVE('',#3300,#5243);
#5243 = DEFINITIONAL_REPRESENTATION('',(#5244),#5248);
#5244 = LINE('',#5245,#5246);
#5245 = CARTESIAN_POINT('',(-0.,-0.));
#5246 = VECTOR('',#5247,1.);
#5247 = DIRECTION('',(-0.,1.));
#5248 = ( GEOMETRIC_REPRESENTATION_CONTEXT(2) 
PARAMETRIC_REPRESENTATION_CONTEXT() REPRESENTATION_CONTEXT('2D SPACE',''
  ) );
#5249 = PCURVE('',#3877,#5250);
#5250 = DEFINITIONAL_REPRESENTATION('',(#5251),#5255);
#5251 = LINE('',#5252,#5253);
#5252 = CARTESIAN_POINT('',(-33.,106.));
#5253 = VECTOR('',#5254,1.);
#5254 = DIRECTION('',(-1.,0.));
#5255 = ( GEOMETRIC_REPRESENTATION_CONTEXT(2) 
PARAMETRIC_REPRESENTATION_CONTEXT() REPRESENTATION_CONTEXT('2D SPACE',''
  ) );
#5256 = ORIENTED_EDGE('',*,*,#5257,.F.);
#5257 = EDGE_CURVE('',#5258,#5233,#5260,.T.);
#5258 = VERTEX_POINT('',#5259);
#5259 = CARTESIAN_POINT('',(6.,-79.,14.));
#5260 = SURFACE_CURVE('',#5261,(#5265,#5272),.PCURVE_S1.);
#5261 = LINE('',#5262,#5263);
#5262 = CARTESIAN_POINT('',(6.,-79.,5.5));
#5263 = VECTOR('',#5264,1.);
#5264 = DIRECTION('',(-0.,-0.,-1.));
#5265 = PCURVE('',#3300,#5266);
#5266 = DEFINITIONAL_REPRESENTATION('',(#5267),#5271);
#5267 = LINE('',#5268,#5269);
#5268 = CARTESIAN_POINT('',(0.5,1.));
#5269 = VECTOR('',#5270,1.);
#5270 = DIRECTION('',(1.,-0.));
#5271 = ( GEOMETRIC_REPRESENTATION_CONTEXT(2) 
PARAMETRIC_REPRESENTATION_CONTEXT() REPRESENTATION_CONTEXT('2D SPACE',''
  ) );
#5272 = PCURVE('',#5273,#5278);
#5273 = PLANE('',#5274);
#5274 = AXIS2_PLACEMENT_3D('',#5275,#5276,#5277);
#5275 = CARTESIAN_POINT('',(6.,-99.,5.));
#5276 = DIRECTION('',(-1.,0.,-0.));
#5277 = DIRECTION('',(0.,0.,-1.));
#5278 = DEFINITIONAL_REPRESENTATION('',(#5279),#5283);
#5279 = LINE('',#5280,#5281);
#5280 = CARTESIAN_POINT('',(-0.5,-20.));
#5281 = VECTOR('',#5282,1.);
#5282 = DIRECTION('',(1.,-0.));
#5283 = ( GEOMETRIC_REPRESENTATION_CONTEXT(2) 
PARAMETRIC_REPRESENTATION_CONTEXT() REPRESENTATION_CONTEXT('2D SPACE',''
  ) );
#5284 = ORIENTED_EDGE('',*,*,#5285,.F.);
#5285 = EDGE_CURVE('',#3283,#5258,#5286,.T.);
#5286 = SURFACE_CURVE('',#5287,(#5291,#5298),.PCURVE_S1.);
#5287 = LINE('',#5288,#5289);
#5288 = CARTESIAN_POINT('',(-22.,-79.,14.));
#5289 = VECTOR('',#5290,1.);
#5290 = DIRECTION('',(1.,-0.,-0.));
#5291 = PCURVE('',#3300,#5292);
#5292 = DEFINITIONAL_REPRESENTATION('',(#5293),#5297);
#5293 = LINE('',#5294,#5295);
#5294 = CARTESIAN_POINT('',(-8.,29.));
#5295 = VECTOR('',#5296,1.);
#5296 = DIRECTION('',(-0.,-1.));
#5297 = ( GEOMETRIC_REPRESENTATION_CONTEXT(2) 
PARAMETRIC_REPRESENTATION_CONTEXT() REPRESENTATION_CONTEXT('2D SPACE',''
  ) );
#5298 = PCURVE('',#3328,#5299);
#5299 = DEFINITIONAL_REPRESENTATION('',(#5300),#5304);
#5300 = LINE('',#5301,#5302);
#5301 = CARTESIAN_POINT('',(-29.,0.));
#5302 = VECTOR('',#5303,1.);
#5303 = DIRECTION('',(1.,-0.));
#5304 = ( GEOMETRIC_REPRESENTATION_CONTEXT(2) 
PARAMETRIC_REPRESENTATION_CONTEXT() REPRESENTATION_CONTEXT('2D SPACE',''
  ) );
#5305 = ORIENTED_EDGE('',*,*,#3282,.T.);
#5306 = ORIENTED_EDGE('',*,*,#5307,.F.);
#5307 = EDGE_CURVE('',#5308,#3285,#5310,.T.);
#5308 = VERTEX_POINT('',#5309);
#5309 = CARTESIAN_POINT('',(-22.,-79.,8.734975319823));
#5310 = SURFACE_CURVE('',#5311,(#5315,#5322),.PCURVE_S1.);
#5311 = LINE('',#5312,#5313);
#5312 = CARTESIAN_POINT('',(-6.5,-79.,8.734975319823));
#5313 = VECTOR('',#5314,1.);
#5314 = DIRECTION('',(1.,0.,-0.));
#5315 = PCURVE('',#3300,#5316);
#5316 = DEFINITIONAL_REPRESENTATION('',(#5317),#5321);
#5317 = LINE('',#5318,#5319);
#5318 = CARTESIAN_POINT('',(-2.734975319823,13.5));
#5319 = VECTOR('',#5320,1.);
#5320 = DIRECTION('',(-0.,-1.));
#5321 = ( GEOMETRIC_REPRESENTATION_CONTEXT(2) 
PARAMETRIC_REPRESENTATION_CONTEXT() REPRESENTATION_CONTEXT('2D SPACE',''
  ) );
#5322 = PCURVE('',#3480,#5323);
#5323 = DEFINITIONAL_REPRESENTATION('',(#5324),#5328);
#5324 = LINE('',#5325,#5326);
#5325 = CARTESIAN_POINT('',(13.5,7.896219819728));
#5326 = VECTOR('',#5327,1.);
#5327 = DIRECTION('',(1.,-0.));
#5328 = ( GEOMETRIC_REPRESENTATION_CONTEXT(2) 
PARAMETRIC_REPRESENTATION_CONTEXT() REPRESENTATION_CONTEXT('2D SPACE',''
  ) );
#5329 = ORIENTED_EDGE('',*,*,#5330,.F.);
#5330 = EDGE_CURVE('',#5235,#5308,#5331,.T.);
#5331 = SURFACE_CURVE('',#5332,(#5336,#5343),.PCURVE_S1.);
#5332 = LINE('',#5333,#5334);
#5333 = CARTESIAN_POINT('',(-22.,-79.,6.));
#5334 = VECTOR('',#5335,1.);
#5335 = DIRECTION('',(0.,-0.,1.));
#5336 = PCURVE('',#3300,#5337);
#5337 = DEFINITIONAL_REPRESENTATION('',(#5338),#5342);
#5338 = LINE('',#5339,#5340);
#5339 = CARTESIAN_POINT('',(-0.,29.));
#5340 = VECTOR('',#5341,1.);
#5341 = DIRECTION('',(-1.,-0.));
#5342 = ( GEOMETRIC_REPRESENTATION_CONTEXT(2) 
PARAMETRIC_REPRESENTATION_CONTEXT() REPRESENTATION_CONTEXT('2D SPACE',''
  ) );
#5343 = PCURVE('',#5344,#5349);
#5344 = PLANE('',#5345);
#5345 = AXIS2_PLACEMENT_3D('',#5346,#5347,#5348);
#5346 = CARTESIAN_POINT('',(-22.,-79.,6.));
#5347 = DIRECTION('',(-1.,0.,-0.));
#5348 = DIRECTION('',(0.,0.,-1.));
#5349 = DEFINITIONAL_REPRESENTATION('',(#5350),#5354);
#5350 = LINE('',#5351,#5352);
#5351 = CARTESIAN_POINT('',(-0.,-0.));
#5352 = VECTOR('',#5353,1.);
#5353 = DIRECTION('',(-1.,-0.));
#5354 = ( GEOMETRIC_REPRESENTATION_CONTEXT(2) 
PARAMETRIC_REPRESENTATION_CONTEXT() REPRESENTATION_CONTEXT('2D SPACE',''
  ) );
#5355 = ADVANCED_FACE('',(#5356),#3480,.T.);
#5356 = FACE_BOUND('',#5357,.F.);
#5357 = EDGE_LOOP('',(#5358,#5381,#5402,#5403,#5426,#5447,#5448,#5449));
#5358 = ORIENTED_EDGE('',*,*,#5359,.T.);
#5359 = EDGE_CURVE('',#5308,#5360,#5362,.T.);
#5360 = VERTEX_POINT('',#5361);
#5361 = CARTESIAN_POINT('',(-22.,-72.11945695778,6.));
#5362 = SURFACE_CURVE('',#5363,(#5367,#5374),.PCURVE_S1.);
#5363 = LINE('',#5364,#5365);
#5364 = CARTESIAN_POINT('',(-22.,-74.86170822213,7.090028720516));
#5365 = VECTOR('',#5366,1.);
#5366 = DIRECTION('',(-0.,0.929277509994,-0.369382335014));
#5367 = PCURVE('',#3480,#5368);
#5368 = DEFINITIONAL_REPRESENTATION('',(#5369),#5373);
#5369 = LINE('',#5370,#5371);
#5370 = CARTESIAN_POINT('',(-2.,3.442984124943));
#5371 = VECTOR('',#5372,1.);
#5372 = DIRECTION('',(-0.,-1.));
#5373 = ( GEOMETRIC_REPRESENTATION_CONTEXT(2) 
PARAMETRIC_REPRESENTATION_CONTEXT() REPRESENTATION_CONTEXT('2D SPACE',''
  ) );
#5374 = PCURVE('',#5344,#5375);
#5375 = DEFINITIONAL_REPRESENTATION('',(#5376),#5380);
#5376 = LINE('',#5377,#5378);
#5377 = CARTESIAN_POINT('',(-1.090028720516,-4.138291777863));
#5378 = VECTOR('',#5379,1.);
#5379 = DIRECTION('',(0.369382335014,-0.929277509994));
#5380 = ( GEOMETRIC_REPRESENTATION_CONTEXT(2) 
PARAMETRIC_REPRESENTATION_CONTEXT() REPRESENTATION_CONTEXT('2D SPACE',''
  ) );
#5381 = ORIENTED_EDGE('',*,*,#5382,.F.);
#5382 = EDGE_CURVE('',#3841,#5360,#5383,.T.);
#5383 = SURFACE_CURVE('',#5384,(#5388,#5395),.PCURVE_S1.);
#5384 = LINE('',#5385,#5386);
#5385 = CARTESIAN_POINT('',(10.,-72.11945695778,6.));
#5386 = VECTOR('',#5387,1.);
#5387 = DIRECTION('',(1.,-0.,0.));
#5388 = PCURVE('',#3480,#5389);
#5389 = DEFINITIONAL_REPRESENTATION('',(#5390),#5394);
#5390 = LINE('',#5391,#5392);
#5391 = CARTESIAN_POINT('',(30.,0.492034344209));
#5392 = VECTOR('',#5393,1.);
#5393 = DIRECTION('',(1.,-0.));
#5394 = ( GEOMETRIC_REPRESENTATION_CONTEXT(2) 
PARAMETRIC_REPRESENTATION_CONTEXT() REPRESENTATION_CONTEXT('2D SPACE',''
  ) );
#5395 = PCURVE('',#3877,#5396);
#5396 = DEFINITIONAL_REPRESENTATION('',(#5397),#5401);
#5397 = LINE('',#5398,#5399);
#5398 = CARTESIAN_POINT('',(-30.,112.88054304222));
#5399 = VECTOR('',#5400,1.);
#5400 = DIRECTION('',(1.,-0.));
#5401 = ( GEOMETRIC_REPRESENTATION_CONTEXT(2) 
PARAMETRIC_REPRESENTATION_CONTEXT() REPRESENTATION_CONTEXT('2D SPACE',''
  ) );
#5402 = ORIENTED_EDGE('',*,*,#3840,.T.);
#5403 = ORIENTED_EDGE('',*,*,#5404,.F.);
#5404 = EDGE_CURVE('',#5405,#3813,#5407,.T.);
#5405 = VERTEX_POINT('',#5406);
#5406 = CARTESIAN_POINT('',(-22.1,-123.5803792136,26.455413394203));
#5407 = SURFACE_CURVE('',#5408,(#5412,#5419),.PCURVE_S1.);
#5408 = LINE('',#5409,#5410);
#5409 = CARTESIAN_POINT('',(-20.,-123.5803792136,26.455413394203));
#5410 = VECTOR('',#5411,1.);
#5411 = DIRECTION('',(-1.,0.,-0.));
#5412 = PCURVE('',#3480,#5413);
#5413 = DEFINITIONAL_REPRESENTATION('',(#5414),#5418);
#5414 = LINE('',#5415,#5416);
#5415 = CARTESIAN_POINT('',(-0.,55.869380403372));
#5416 = VECTOR('',#5417,1.);
#5417 = DIRECTION('',(-1.,0.));
#5418 = ( GEOMETRIC_REPRESENTATION_CONTEXT(2) 
PARAMETRIC_REPRESENTATION_CONTEXT() REPRESENTATION_CONTEXT('2D SPACE',''
  ) );
#5419 = PCURVE('',#3828,#5420);
#5420 = DEFINITIONAL_REPRESENTATION('',(#5421),#5425);
#5421 = LINE('',#5422,#5423);
#5422 = CARTESIAN_POINT('',(-9.,0.));
#5423 = VECTOR('',#5424,1.);
#5424 = DIRECTION('',(-0.,1.));
#5425 = ( GEOMETRIC_REPRESENTATION_CONTEXT(2) 
PARAMETRIC_REPRESENTATION_CONTEXT() REPRESENTATION_CONTEXT('2D SPACE',''
  ) );
#5426 = ORIENTED_EDGE('',*,*,#5427,.T.);
#5427 = EDGE_CURVE('',#5405,#4842,#5428,.T.);
#5428 = SURFACE_CURVE('',#5429,(#5433,#5440),.PCURVE_S1.);
#5429 = LINE('',#5430,#5431);
#5430 = CARTESIAN_POINT('',(-22.1,-37.43154898089,-7.788239043184));
#5431 = VECTOR('',#5432,1.);
#5432 = DIRECTION('',(-0.,0.929277509994,-0.369382335014));
#5433 = PCURVE('',#3480,#5434);
#5434 = DEFINITIONAL_REPRESENTATION('',(#5435),#5439);
#5435 = LINE('',#5436,#5437);
#5436 = CARTESIAN_POINT('',(-2.1,-36.83579034093));
#5437 = VECTOR('',#5438,1.);
#5438 = DIRECTION('',(-0.,-1.));
#5439 = ( GEOMETRIC_REPRESENTATION_CONTEXT(2) 
PARAMETRIC_REPRESENTATION_CONTEXT() REPRESENTATION_CONTEXT('2D SPACE',''
  ) );
#5440 = PCURVE('',#4178,#5441);
#5441 = DEFINITIONAL_REPRESENTATION('',(#5442),#5446);
#5442 = LINE('',#5443,#5444);
#5443 = CARTESIAN_POINT('',(-71.54826220221,-110.5841611952));
#5444 = VECTOR('',#5445,1.);
#5445 = DIRECTION('',(-0.654167260507,0.756349915899));
#5446 = ( GEOMETRIC_REPRESENTATION_CONTEXT(2) 
PARAMETRIC_REPRESENTATION_CONTEXT() REPRESENTATION_CONTEXT('2D SPACE',''
  ) );
#5447 = ORIENTED_EDGE('',*,*,#4841,.T.);
#5448 = ORIENTED_EDGE('',*,*,#3466,.F.);
#5449 = ORIENTED_EDGE('',*,*,#5307,.F.);
#5450 = ADVANCED_FACE('',(#5451),#3431,.F.);
#5451 = FACE_BOUND('',#5452,.T.);
#5452 = EDGE_LOOP('',(#5453,#5454,#5455,#5456,#5479,#5500));
#5453 = ORIENTED_EDGE('',*,*,#3415,.F.);
#5454 = ORIENTED_EDGE('',*,*,#3496,.T.);
#5455 = ORIENTED_EDGE('',*,*,#3728,.T.);
#5456 = ORIENTED_EDGE('',*,*,#5457,.F.);
#5457 = EDGE_CURVE('',#5458,#3729,#5460,.T.);
#5458 = VERTEX_POINT('',#5459);
#5459 = CARTESIAN_POINT('',(-22.1,-106.4715221833,29.339686834487));
#5460 = SURFACE_CURVE('',#5461,(#5465,#5472),.PCURVE_S1.);
#5461 = LINE('',#5462,#5463);
#5462 = CARTESIAN_POINT('',(-11.75,-106.4715221833,29.339686834487));
#5463 = VECTOR('',#5464,1.);
#5464 = DIRECTION('',(-1.,-0.,-0.));
#5465 = PCURVE('',#3431,#5466);
#5466 = DEFINITIONAL_REPRESENTATION('',(#5467),#5471);
#5467 = LINE('',#5468,#5469);
#5468 = CARTESIAN_POINT('',(8.25,41.035904001604));
#5469 = VECTOR('',#5470,1.);
#5470 = DIRECTION('',(-1.,0.));
#5471 = ( GEOMETRIC_REPRESENTATION_CONTEXT(2) 
PARAMETRIC_REPRESENTATION_CONTEXT() REPRESENTATION_CONTEXT('2D SPACE',''
  ) );
#5472 = PCURVE('',#3767,#5473);
#5473 = DEFINITIONAL_REPRESENTATION('',(#5474),#5478);
#5474 = LINE('',#5475,#5476);
#5475 = CARTESIAN_POINT('',(-8.25,158.79490531761));
#5476 = VECTOR('',#5477,1.);
#5477 = DIRECTION('',(-1.,0.));
#5478 = ( GEOMETRIC_REPRESENTATION_CONTEXT(2) 
PARAMETRIC_REPRESENTATION_CONTEXT() REPRESENTATION_CONTEXT('2D SPACE',''
  ) );
#5479 = ORIENTED_EDGE('',*,*,#5480,.T.);
#5480 = EDGE_CURVE('',#5458,#4797,#5481,.T.);
#5481 = SURFACE_CURVE('',#5482,(#5486,#5493),.PCURVE_S1.);
#5482 = LINE('',#5483,#5484);
#5483 = CARTESIAN_POINT('',(-22.1,-34.10710796577,0.575258546758));
#5484 = VECTOR('',#5485,1.);
#5485 = DIRECTION('',(-0.,0.929277509994,-0.369382335014));
#5486 = PCURVE('',#3431,#5487);
#5487 = DEFINITIONAL_REPRESENTATION('',(#5488),#5492);
#5488 = LINE('',#5489,#5490);
#5489 = CARTESIAN_POINT('',(-2.1,-36.83579034093));
#5490 = VECTOR('',#5491,1.);
#5491 = DIRECTION('',(-0.,-1.));
#5492 = ( GEOMETRIC_REPRESENTATION_CONTEXT(2) 
PARAMETRIC_REPRESENTATION_CONTEXT() REPRESENTATION_CONTEXT('2D SPACE',''
  ) );
#5493 = PCURVE('',#4012,#5494);
#5494 = DEFINITIONAL_REPRESENTATION('',(#5495),#5499);
#5495 = LINE('',#5496,#5497);
#5496 = CARTESIAN_POINT('',(-64.74111295912,-104.6966558507));
#5497 = VECTOR('',#5498,1.);
#5498 = DIRECTION('',(-0.654167260507,0.756349915899));
#5499 = ( GEOMETRIC_REPRESENTATION_CONTEXT(2) 
PARAMETRIC_REPRESENTATION_CONTEXT() REPRESENTATION_CONTEXT('2D SPACE',''
  ) );
#5500 = ORIENTED_EDGE('',*,*,#4819,.T.);
#5501 = ADVANCED_FACE('',(#5502),#3356,.T.);
#5502 = FACE_BOUND('',#5503,.F.);
#5503 = EDGE_LOOP('',(#5504,#5529,#5550,#5551,#5552,#5575));
#5504 = ORIENTED_EDGE('',*,*,#5505,.F.);
#5505 = EDGE_CURVE('',#5506,#5508,#5510,.T.);
#5506 = VERTEX_POINT('',#5507);
#5507 = CARTESIAN_POINT('',(6.,-61.,14.));
#5508 = VERTEX_POINT('',#5509);
#5509 = CARTESIAN_POINT('',(6.,-61.,6.));
#5510 = SURFACE_CURVE('',#5511,(#5515,#5522),.PCURVE_S1.);
#5511 = LINE('',#5512,#5513);
#5512 = CARTESIAN_POINT('',(6.,-61.,5.5));
#5513 = VECTOR('',#5514,1.);
#5514 = DIRECTION('',(-0.,-0.,-1.));
#5515 = PCURVE('',#3356,#5516);
#5516 = DEFINITIONAL_REPRESENTATION('',(#5517),#5521);
#5517 = LINE('',#5518,#5519);
#5518 = CARTESIAN_POINT('',(0.5,1.));
#5519 = VECTOR('',#5520,1.);
#5520 = DIRECTION('',(1.,-0.));
#5521 = ( GEOMETRIC_REPRESENTATION_CONTEXT(2) 
PARAMETRIC_REPRESENTATION_CONTEXT() REPRESENTATION_CONTEXT('2D SPACE',''
  ) );
#5522 = PCURVE('',#5273,#5523);
#5523 = DEFINITIONAL_REPRESENTATION('',(#5524),#5528);
#5524 = LINE('',#5525,#5526);
#5525 = CARTESIAN_POINT('',(-0.5,-38.));
#5526 = VECTOR('',#5527,1.);
#5527 = DIRECTION('',(1.,-0.));
#5528 = ( GEOMETRIC_REPRESENTATION_CONTEXT(2) 
PARAMETRIC_REPRESENTATION_CONTEXT() REPRESENTATION_CONTEXT('2D SPACE',''
  ) );
#5529 = ORIENTED_EDGE('',*,*,#5530,.F.);
#5530 = EDGE_CURVE('',#3313,#5506,#5531,.T.);
#5531 = SURFACE_CURVE('',#5532,(#5536,#5543),.PCURVE_S1.);
#5532 = LINE('',#5533,#5534);
#5533 = CARTESIAN_POINT('',(-22.,-61.,14.));
#5534 = VECTOR('',#5535,1.);
#5535 = DIRECTION('',(1.,-0.,-0.));
#5536 = PCURVE('',#3356,#5537);
#5537 = DEFINITIONAL_REPRESENTATION('',(#5538),#5542);
#5538 = LINE('',#5539,#5540);
#5539 = CARTESIAN_POINT('',(-8.,29.));
#5540 = VECTOR('',#5541,1.);
#5541 = DIRECTION('',(-0.,-1.));
#5542 = ( GEOMETRIC_REPRESENTATION_CONTEXT(2) 
PARAMETRIC_REPRESENTATION_CONTEXT() REPRESENTATION_CONTEXT('2D SPACE',''
  ) );
#5543 = PCURVE('',#3328,#5544);
#5544 = DEFINITIONAL_REPRESENTATION('',(#5545),#5549);
#5545 = LINE('',#5546,#5547);
#5546 = CARTESIAN_POINT('',(-29.,18.));
#5547 = VECTOR('',#5548,1.);
#5548 = DIRECTION('',(1.,-0.));
#5549 = ( GEOMETRIC_REPRESENTATION_CONTEXT(2) 
PARAMETRIC_REPRESENTATION_CONTEXT() REPRESENTATION_CONTEXT('2D SPACE',''
  ) );
#5550 = ORIENTED_EDGE('',*,*,#3340,.T.);
#5551 = ORIENTED_EDGE('',*,*,#3893,.T.);
#5552 = ORIENTED_EDGE('',*,*,#5553,.F.);
#5553 = EDGE_CURVE('',#5554,#3894,#5556,.T.);
#5554 = VERTEX_POINT('',#5555);
#5555 = CARTESIAN_POINT('',(-22.,-61.,6.));
#5556 = SURFACE_CURVE('',#5557,(#5561,#5568),.PCURVE_S1.);
#5557 = LINE('',#5558,#5559);
#5558 = CARTESIAN_POINT('',(-22.,-61.,6.));
#5559 = VECTOR('',#5560,1.);
#5560 = DIRECTION('',(0.,-0.,1.));
#5561 = PCURVE('',#3356,#5562);
#5562 = DEFINITIONAL_REPRESENTATION('',(#5563),#5567);
#5563 = LINE('',#5564,#5565);
#5564 = CARTESIAN_POINT('',(-0.,29.));
#5565 = VECTOR('',#5566,1.);
#5566 = DIRECTION('',(-1.,-0.));
#5567 = ( GEOMETRIC_REPRESENTATION_CONTEXT(2) 
PARAMETRIC_REPRESENTATION_CONTEXT() REPRESENTATION_CONTEXT('2D SPACE',''
  ) );
#5568 = PCURVE('',#3932,#5569);
#5569 = DEFINITIONAL_REPRESENTATION('',(#5570),#5574);
#5570 = LINE('',#5571,#5572);
#5571 = CARTESIAN_POINT('',(-0.,-18.));
#5572 = VECTOR('',#5573,1.);
#5573 = DIRECTION('',(-1.,-0.));
#5574 = ( GEOMETRIC_REPRESENTATION_CONTEXT(2) 
PARAMETRIC_REPRESENTATION_CONTEXT() REPRESENTATION_CONTEXT('2D SPACE',''
  ) );
#5575 = ORIENTED_EDGE('',*,*,#5576,.T.);
#5576 = EDGE_CURVE('',#5554,#5508,#5577,.T.);
#5577 = SURFACE_CURVE('',#5578,(#5582,#5589),.PCURVE_S1.);
#5578 = LINE('',#5579,#5580);
#5579 = CARTESIAN_POINT('',(-22.,-61.,6.));
#5580 = VECTOR('',#5581,1.);
#5581 = DIRECTION('',(1.,-0.,-0.));
#5582 = PCURVE('',#3356,#5583);
#5583 = DEFINITIONAL_REPRESENTATION('',(#5584),#5588);
#5584 = LINE('',#5585,#5586);
#5585 = CARTESIAN_POINT('',(-0.,29.));
#5586 = VECTOR('',#5587,1.);
#5587 = DIRECTION('',(-0.,-1.));
#5588 = ( GEOMETRIC_REPRESENTATION_CONTEXT(2) 
PARAMETRIC_REPRESENTATION_CONTEXT() REPRESENTATION_CONTEXT('2D SPACE',''
  ) );
#5589 = PCURVE('',#3877,#5590);
#5590 = DEFINITIONAL_REPRESENTATION('',(#5591),#5595);
#5591 = LINE('',#5592,#5593);
#5592 = CARTESIAN_POINT('',(-62.,124.));
#5593 = VECTOR('',#5594,1.);
#5594 = DIRECTION('',(1.,-0.));
#5595 = ( GEOMETRIC_REPRESENTATION_CONTEXT(2) 
PARAMETRIC_REPRESENTATION_CONTEXT() REPRESENTATION_CONTEXT('2D SPACE',''
  ) );
#5596 = ADVANCED_FACE('',(#5597),#3328,.T.);
#5597 = FACE_BOUND('',#5598,.F.);
#5598 = EDGE_LOOP('',(#5599,#5600,#5601,#5602));
#5599 = ORIENTED_EDGE('',*,*,#5285,.F.);
#5600 = ORIENTED_EDGE('',*,*,#3312,.T.);
#5601 = ORIENTED_EDGE('',*,*,#5530,.T.);
#5602 = ORIENTED_EDGE('',*,*,#5603,.F.);
#5603 = EDGE_CURVE('',#5258,#5506,#5604,.T.);
#5604 = SURFACE_CURVE('',#5605,(#5609,#5616),.PCURVE_S1.);
#5605 = LINE('',#5606,#5607);
#5606 = CARTESIAN_POINT('',(6.,-89.,14.));
#5607 = VECTOR('',#5608,1.);
#5608 = DIRECTION('',(-0.,1.,-0.));
#5609 = PCURVE('',#3328,#5610);
#5610 = DEFINITIONAL_REPRESENTATION('',(#5611),#5615);
#5611 = LINE('',#5612,#5613);
#5612 = CARTESIAN_POINT('',(-1.,-10.));
#5613 = VECTOR('',#5614,1.);
#5614 = DIRECTION('',(-0.,1.));
#5615 = ( GEOMETRIC_REPRESENTATION_CONTEXT(2) 
PARAMETRIC_REPRESENTATION_CONTEXT() REPRESENTATION_CONTEXT('2D SPACE',''
  ) );
#5616 = PCURVE('',#5273,#5617);
#5617 = DEFINITIONAL_REPRESENTATION('',(#5618),#5622);
#5618 = LINE('',#5619,#5620);
#5619 = CARTESIAN_POINT('',(-9.,-10.));
#5620 = VECTOR('',#5621,1.);
#5621 = DIRECTION('',(-0.,-1.));
#5622 = ( GEOMETRIC_REPRESENTATION_CONTEXT(2) 
PARAMETRIC_REPRESENTATION_CONTEXT() REPRESENTATION_CONTEXT('2D SPACE',''
  ) );
#5623 = ADVANCED_FACE('',(#5624),#3664,.F.);
#5624 = FACE_BOUND('',#5625,.T.);
#5625 = EDGE_LOOP('',(#5626,#5627,#5650,#5673));
#5626 = ORIENTED_EDGE('',*,*,#3646,.F.);
#5627 = ORIENTED_EDGE('',*,*,#5628,.F.);
#5628 = EDGE_CURVE('',#5629,#3647,#5631,.T.);
#5629 = VERTEX_POINT('',#5630);
#5630 = CARTESIAN_POINT('',(-22.,-70.,10.));
#5631 = SURFACE_CURVE('',#5632,(#5636,#5643),.PCURVE_S1.);
#5632 = LINE('',#5633,#5634);
#5633 = CARTESIAN_POINT('',(-20.,-70.,10.));
#5634 = VECTOR('',#5635,1.);
#5635 = DIRECTION('',(-1.,-0.,-0.));
#5636 = PCURVE('',#3664,#5637);
#5637 = DEFINITIONAL_REPRESENTATION('',(#5638),#5642);
#5638 = LINE('',#5639,#5640);
#5639 = CARTESIAN_POINT('',(-4.5,0.));
#5640 = VECTOR('',#5641,1.);
#5641 = DIRECTION('',(-0.,1.));
#5642 = ( GEOMETRIC_REPRESENTATION_CONTEXT(2) 
PARAMETRIC_REPRESENTATION_CONTEXT() REPRESENTATION_CONTEXT('2D SPACE',''
  ) );
#5643 = PCURVE('',#3692,#5644);
#5644 = DEFINITIONAL_REPRESENTATION('',(#5645),#5649);
#5645 = LINE('',#5646,#5647);
#5646 = CARTESIAN_POINT('',(-4.5,0.));
#5647 = VECTOR('',#5648,1.);
#5648 = DIRECTION('',(-0.,1.));
#5649 = ( GEOMETRIC_REPRESENTATION_CONTEXT(2) 
PARAMETRIC_REPRESENTATION_CONTEXT() REPRESENTATION_CONTEXT('2D SPACE',''
  ) );
#5650 = ORIENTED_EDGE('',*,*,#5651,.T.);
#5651 = EDGE_CURVE('',#5629,#5652,#5654,.T.);
#5652 = VERTEX_POINT('',#5653);
#5653 = CARTESIAN_POINT('',(-22.,-71.5899764324,6.));
#5654 = SURFACE_CURVE('',#5655,(#5659,#5666),.PCURVE_S1.);
#5655 = LINE('',#5656,#5657);
#5656 = CARTESIAN_POINT('',(-22.,-70.46940203164,8.819096881998));
#5657 = VECTOR('',#5658,1.);
#5658 = DIRECTION('',(-0.,-0.369382335014,-0.929277509994));
#5659 = PCURVE('',#3664,#5660);
#5660 = DEFINITIONAL_REPRESENTATION('',(#5661),#5665);
#5661 = LINE('',#5662,#5663);
#5662 = CARTESIAN_POINT('',(-5.770775527549,2.));
#5663 = VECTOR('',#5664,1.);
#5664 = DIRECTION('',(-1.,0.));
#5665 = ( GEOMETRIC_REPRESENTATION_CONTEXT(2) 
PARAMETRIC_REPRESENTATION_CONTEXT() REPRESENTATION_CONTEXT('2D SPACE',''
  ) );
#5666 = PCURVE('',#3932,#5667);
#5667 = DEFINITIONAL_REPRESENTATION('',(#5668),#5672);
#5668 = LINE('',#5669,#5670);
#5669 = CARTESIAN_POINT('',(-2.819096881998,-8.530597968355));
#5670 = VECTOR('',#5671,1.);
#5671 = DIRECTION('',(0.929277509994,0.369382335014));
#5672 = ( GEOMETRIC_REPRESENTATION_CONTEXT(2) 
PARAMETRIC_REPRESENTATION_CONTEXT() REPRESENTATION_CONTEXT('2D SPACE',''
  ) );
#5673 = ORIENTED_EDGE('',*,*,#5674,.F.);
#5674 = EDGE_CURVE('',#3649,#5652,#5675,.T.);
#5675 = SURFACE_CURVE('',#5676,(#5680,#5687),.PCURVE_S1.);
#5676 = LINE('',#5677,#5678);
#5677 = CARTESIAN_POINT('',(10.,-71.5899764324,6.));
#5678 = VECTOR('',#5679,1.);
#5679 = DIRECTION('',(1.,-0.,-0.));
#5680 = PCURVE('',#3664,#5681);
#5681 = DEFINITIONAL_REPRESENTATION('',(#5682),#5686);
#5682 = LINE('',#5683,#5684);
#5683 = CARTESIAN_POINT('',(-8.804419247193,-30.));
#5684 = VECTOR('',#5685,1.);
#5685 = DIRECTION('',(-0.,-1.));
#5686 = ( GEOMETRIC_REPRESENTATION_CONTEXT(2) 
PARAMETRIC_REPRESENTATION_CONTEXT() REPRESENTATION_CONTEXT('2D SPACE',''
  ) );
#5687 = PCURVE('',#3877,#5688);
#5688 = DEFINITIONAL_REPRESENTATION('',(#5689),#5693);
#5689 = LINE('',#5690,#5691);
#5690 = CARTESIAN_POINT('',(-30.,113.41002356759));
#5691 = VECTOR('',#5692,1.);
#5692 = DIRECTION('',(1.,-0.));
#5693 = ( GEOMETRIC_REPRESENTATION_CONTEXT(2) 
PARAMETRIC_REPRESENTATION_CONTEXT() REPRESENTATION_CONTEXT('2D SPACE',''
  ) );
#5694 = ADVANCED_FACE('',(#5695,#5765),#3877,.F.);
#5695 = FACE_BOUND('',#5696,.T.);
#5696 = EDGE_LOOP('',(#5697,#5698,#5719,#5720,#5741,#5742,#5763,#5764));
#5697 = ORIENTED_EDGE('',*,*,#5674,.T.);
#5698 = ORIENTED_EDGE('',*,*,#5699,.T.);
#5699 = EDGE_CURVE('',#5652,#5554,#5700,.T.);
#5700 = SURFACE_CURVE('',#5701,(#5705,#5712),.PCURVE_S1.);
#5701 = LINE('',#5702,#5703);
#5702 = CARTESIAN_POINT('',(-22.,-79.,6.));
#5703 = VECTOR('',#5704,1.);
#5704 = DIRECTION('',(-0.,1.,0.));
#5705 = PCURVE('',#3877,#5706);
#5706 = DEFINITIONAL_REPRESENTATION('',(#5707),#5711);
#5707 = LINE('',#5708,#5709);
#5708 = CARTESIAN_POINT('',(-62.,106.));
#5709 = VECTOR('',#5710,1.);
#5710 = DIRECTION('',(0.,1.));
#5711 = ( GEOMETRIC_REPRESENTATION_CONTEXT(2) 
PARAMETRIC_REPRESENTATION_CONTEXT() REPRESENTATION_CONTEXT('2D SPACE',''
  ) );
#5712 = PCURVE('',#3932,#5713);
#5713 = DEFINITIONAL_REPRESENTATION('',(#5714),#5718);
#5714 = LINE('',#5715,#5716);
#5715 = CARTESIAN_POINT('',(-0.,-0.));
#5716 = VECTOR('',#5717,1.);
#5717 = DIRECTION('',(-0.,-1.));
#5718 = ( GEOMETRIC_REPRESENTATION_CONTEXT(2) 
PARAMETRIC_REPRESENTATION_CONTEXT() REPRESENTATION_CONTEXT('2D SPACE',''
  ) );
#5719 = ORIENTED_EDGE('',*,*,#5576,.T.);
#5720 = ORIENTED_EDGE('',*,*,#5721,.F.);
#5721 = EDGE_CURVE('',#5233,#5508,#5722,.T.);
#5722 = SURFACE_CURVE('',#5723,(#5727,#5734),.PCURVE_S1.);
#5723 = LINE('',#5724,#5725);
#5724 = CARTESIAN_POINT('',(6.,-89.,6.));
#5725 = VECTOR('',#5726,1.);
#5726 = DIRECTION('',(-0.,1.,-0.));
#5727 = PCURVE('',#3877,#5728);
#5728 = DEFINITIONAL_REPRESENTATION('',(#5729),#5733);
#5729 = LINE('',#5730,#5731);
#5730 = CARTESIAN_POINT('',(-34.,96.));
#5731 = VECTOR('',#5732,1.);
#5732 = DIRECTION('',(-0.,1.));
#5733 = ( GEOMETRIC_REPRESENTATION_CONTEXT(2) 
PARAMETRIC_REPRESENTATION_CONTEXT() REPRESENTATION_CONTEXT('2D SPACE',''
  ) );
#5734 = PCURVE('',#5273,#5735);
#5735 = DEFINITIONAL_REPRESENTATION('',(#5736),#5740);
#5736 = LINE('',#5737,#5738);
#5737 = CARTESIAN_POINT('',(-1.,-10.));
#5738 = VECTOR('',#5739,1.);
#5739 = DIRECTION('',(-0.,-1.));
#5740 = ( GEOMETRIC_REPRESENTATION_CONTEXT(2) 
PARAMETRIC_REPRESENTATION_CONTEXT() REPRESENTATION_CONTEXT('2D SPACE',''
  ) );
#5741 = ORIENTED_EDGE('',*,*,#5232,.T.);
#5742 = ORIENTED_EDGE('',*,*,#5743,.T.);
#5743 = EDGE_CURVE('',#5235,#5360,#5744,.T.);
#5744 = SURFACE_CURVE('',#5745,(#5749,#5756),.PCURVE_S1.);
#5745 = LINE('',#5746,#5747);
#5746 = CARTESIAN_POINT('',(-22.,-79.,6.));
#5747 = VECTOR('',#5748,1.);
#5748 = DIRECTION('',(-0.,1.,0.));
#5749 = PCURVE('',#3877,#5750);
#5750 = DEFINITIONAL_REPRESENTATION('',(#5751),#5755);
#5751 = LINE('',#5752,#5753);
#5752 = CARTESIAN_POINT('',(-62.,106.));
#5753 = VECTOR('',#5754,1.);
#5754 = DIRECTION('',(0.,1.));
#5755 = ( GEOMETRIC_REPRESENTATION_CONTEXT(2) 
PARAMETRIC_REPRESENTATION_CONTEXT() REPRESENTATION_CONTEXT('2D SPACE',''
  ) );
#5756 = PCURVE('',#5344,#5757);
#5757 = DEFINITIONAL_REPRESENTATION('',(#5758),#5762);
#5758 = LINE('',#5759,#5760);
#5759 = CARTESIAN_POINT('',(-0.,-0.));
#5760 = VECTOR('',#5761,1.);
#5761 = DIRECTION('',(-0.,-1.));
#5762 = ( GEOMETRIC_REPRESENTATION_CONTEXT(2) 
PARAMETRIC_REPRESENTATION_CONTEXT() REPRESENTATION_CONTEXT('2D SPACE',''
  ) );
#5763 = ORIENTED_EDGE('',*,*,#5382,.F.);
#5764 = ORIENTED_EDGE('',*,*,#3863,.F.);
#5765 = FACE_BOUND('',#5766,.T.);
#5766 = EDGE_LOOP('',(#5767));
#5767 = ORIENTED_EDGE('',*,*,#5768,.F.);
#5768 = EDGE_CURVE('',#5769,#5769,#5771,.T.);
#5769 = VERTEX_POINT('',#5770);
#5770 = CARTESIAN_POINT('',(0.3,-70.,6.));
#5771 = SURFACE_CURVE('',#5772,(#5777,#5788),.PCURVE_S1.);
#5772 = CIRCLE('',#5773,2.7);
#5773 = AXIS2_PLACEMENT_3D('',#5774,#5775,#5776);
#5774 = CARTESIAN_POINT('',(3.,-70.,6.));
#5775 = DIRECTION('',(0.,0.,-1.));
#5776 = DIRECTION('',(-1.,0.,-0.));
#5777 = PCURVE('',#3877,#5778);
#5778 = DEFINITIONAL_REPRESENTATION('',(#5779),#5787);
#5779 = ( BOUNDED_CURVE() B_SPLINE_CURVE(2,(#5780,#5781,#5782,#5783,
#5784,#5785,#5786),.UNSPECIFIED.,.T.,.F.) B_SPLINE_CURVE_WITH_KNOTS((1,2
    ,2,2,2,1),(-2.094395102393,0.,2.094395102393,4.188790204786,
6.28318530718,8.377580409573),.UNSPECIFIED.) CURVE() 
GEOMETRIC_REPRESENTATION_ITEM() RATIONAL_B_SPLINE_CURVE((1.,0.5,1.,0.5,
1.,0.5,1.)) REPRESENTATION_ITEM('') );
#5780 = CARTESIAN_POINT('',(-39.7,115.));
#5781 = CARTESIAN_POINT('',(-39.7,119.67653718043));
#5782 = CARTESIAN_POINT('',(-35.65,117.33826859021));
#5783 = CARTESIAN_POINT('',(-31.6,115.));
#5784 = CARTESIAN_POINT('',(-35.65,112.66173140978));
#5785 = CARTESIAN_POINT('',(-39.7,110.32346281956));
#5786 = CARTESIAN_POINT('',(-39.7,115.));
#5787 = ( GEOMETRIC_REPRESENTATION_CONTEXT(2) 
PARAMETRIC_REPRESENTATION_CONTEXT() REPRESENTATION_CONTEXT('2D SPACE',''
  ) );
#5788 = PCURVE('',#5789,#5794);
#5789 = CYLINDRICAL_SURFACE('',#5790,2.7);
#5790 = AXIS2_PLACEMENT_3D('',#5791,#5792,#5793);
#5791 = CARTESIAN_POINT('',(3.,-70.,6.));
#5792 = DIRECTION('',(0.,-0.,1.));
#5793 = DIRECTION('',(-1.,0.,-0.));
#5794 = DEFINITIONAL_REPRESENTATION('',(#5795),#5799);
#5795 = LINE('',#5796,#5797);
#5796 = CARTESIAN_POINT('',(-0.,0.));
#5797 = VECTOR('',#5798,1.);
#5798 = DIRECTION('',(-1.,0.));
#5799 = ( GEOMETRIC_REPRESENTATION_CONTEXT(2) 
PARAMETRIC_REPRESENTATION_CONTEXT() REPRESENTATION_CONTEXT('2D SPACE',''
  ) );
#5800 = ADVANCED_FACE('',(#5801),#3828,.T.);
#5801 = FACE_BOUND('',#5802,.F.);
#5802 = EDGE_LOOP('',(#5803,#5804,#5827,#5848));
#5803 = ORIENTED_EDGE('',*,*,#3812,.F.);
#5804 = ORIENTED_EDGE('',*,*,#5805,.F.);
#5805 = EDGE_CURVE('',#5806,#3780,#5808,.T.);
#5806 = VERTEX_POINT('',#5807);
#5807 = CARTESIAN_POINT('',(-22.1,-122.1868935957,29.961089552845));
#5808 = SURFACE_CURVE('',#5809,(#5813,#5820),.PCURVE_S1.);
#5809 = LINE('',#5810,#5811);
#5810 = CARTESIAN_POINT('',(-3.5,-122.1868935957,29.961089552845));
#5811 = VECTOR('',#5812,1.);
#5812 = DIRECTION('',(-1.,-0.,1.110223024625E-16));
#5813 = PCURVE('',#3828,#5814);
#5814 = DEFINITIONAL_REPRESENTATION('',(#5815),#5819);
#5815 = LINE('',#5816,#5817);
#5816 = CARTESIAN_POINT('',(-5.227525017079,-16.5));
#5817 = VECTOR('',#5818,1.);
#5818 = DIRECTION('',(1.031705287861E-16,1.));
#5819 = ( GEOMETRIC_REPRESENTATION_CONTEXT(2) 
PARAMETRIC_REPRESENTATION_CONTEXT() REPRESENTATION_CONTEXT('2D SPACE',''
  ) );
#5820 = PCURVE('',#3800,#5821);
#5821 = DEFINITIONAL_REPRESENTATION('',(#5822),#5826);
#5822 = LINE('',#5823,#5824);
#5823 = CARTESIAN_POINT('',(-5.134580666361,1.57485995246E-16));
#5824 = VECTOR('',#5825,1.);
#5825 = DIRECTION('',(-0.,1.));
#5826 = ( GEOMETRIC_REPRESENTATION_CONTEXT(2) 
PARAMETRIC_REPRESENTATION_CONTEXT() REPRESENTATION_CONTEXT('2D SPACE',''
  ) );
#5827 = ORIENTED_EDGE('',*,*,#5828,.T.);
#5828 = EDGE_CURVE('',#5806,#5405,#5829,.T.);
#5829 = SURFACE_CURVE('',#5830,(#5834,#5841),.PCURVE_S1.);
#5830 = LINE('',#5831,#5832);
#5831 = CARTESIAN_POINT('',(-22.1,-98.56284136782,89.393548415463));
#5832 = VECTOR('',#5833,1.);
#5833 = DIRECTION('',(-0.,-0.369382335014,-0.929277509994));
#5834 = PCURVE('',#3828,#5835);
#5835 = DEFINITIONAL_REPRESENTATION('',(#5836),#5840);
#5836 = LINE('',#5837,#5838);
#5837 = CARTESIAN_POINT('',(58.728029941992,2.1));
#5838 = VECTOR('',#5839,1.);
#5839 = DIRECTION('',(-1.,0.));
#5840 = ( GEOMETRIC_REPRESENTATION_CONTEXT(2) 
PARAMETRIC_REPRESENTATION_CONTEXT() REPRESENTATION_CONTEXT('2D SPACE',''
  ) );
#5841 = PCURVE('',#4178,#5842);
#5842 = DEFINITIONAL_REPRESENTATION('',(#5843),#5847);
#5843 = LINE('',#5844,#5845);
#5844 = CARTESIAN_POINT('',(40.322515129081,-136.3962494844));
#5845 = VECTOR('',#5846,1.);
#5846 = DIRECTION('',(-0.756349915899,-0.654167260507));
#5847 = ( GEOMETRIC_REPRESENTATION_CONTEXT(2) 
PARAMETRIC_REPRESENTATION_CONTEXT() REPRESENTATION_CONTEXT('2D SPACE',''
  ) );
#5848 = ORIENTED_EDGE('',*,*,#5404,.T.);
#5849 = ADVANCED_FACE('',(#5850),#3800,.F.);
#5850 = FACE_BOUND('',#5851,.T.);
#5851 = EDGE_LOOP('',(#5852,#5853,#5881,#5904,#5932,#5953));
#5852 = ORIENTED_EDGE('',*,*,#5805,.F.);
#5853 = ORIENTED_EDGE('',*,*,#5854,.F.);
#5854 = EDGE_CURVE('',#5855,#5806,#5857,.T.);
#5855 = VERTEX_POINT('',#5856);
#5856 = CARTESIAN_POINT('',(-22.1,-118.5097572223,38.492911633082));
#5857 = SURFACE_CURVE('',#5858,(#5863,#5870),.PCURVE_S1.);
#5858 = CIRCLE('',#5859,6.3);
#5859 = AXIS2_PLACEMENT_3D('',#5860,#5861,#5862);
#5860 = CARTESIAN_POINT('',(-22.1,-116.4400772852,32.542581813833));
#5861 = DIRECTION('',(1.,0.,-1.110223024625E-16));
#5862 = DIRECTION('',(-1.110223024625E-16,-0.,-1.));
#5863 = PCURVE('',#3800,#5864);
#5864 = DEFINITIONAL_REPRESENTATION('',(#5865),#5869);
#5865 = LINE('',#5866,#5867);
#5866 = CARTESIAN_POINT('',(-0.,18.6));
#5867 = VECTOR('',#5868,1.);
#5868 = DIRECTION('',(-1.,0.));
#5869 = ( GEOMETRIC_REPRESENTATION_CONTEXT(2) 
PARAMETRIC_REPRESENTATION_CONTEXT() REPRESENTATION_CONTEXT('2D SPACE',''
  ) );
#5870 = PCURVE('',#4178,#5871);
#5871 = DEFINITIONAL_REPRESENTATION('',(#5872),#5880);
#5872 = ( BOUNDED_CURVE() B_SPLINE_CURVE(2,(#5873,#5874,#5875,#5876,
#5877,#5878,#5879),.UNSPECIFIED.,.T.,.F.) B_SPLINE_CURVE_WITH_KNOTS((1,2
    ,2,2,2,1),(-2.094395102393,0.,2.094395102393,4.188790204786,
6.28318530718,8.377580409573),.UNSPECIFIED.) CURVE() 
GEOMETRIC_REPRESENTATION_ITEM() RATIONAL_B_SPLINE_CURVE((1.,0.5,1.,0.5,
1.,0.5,1.)) REPRESENTATION_ITEM('') );
#5873 = CARTESIAN_POINT('',(-13.45032981924,-174.0276365559));
#5874 = CARTESIAN_POINT('',(-17.03512062576,-163.7213629872));
#5875 = CARTESIAN_POINT('',(-6.317230493633,-165.7699798659));
#5876 = CARTESIAN_POINT('',(4.400659638498,-167.8185967445));
#5877 = CARTESIAN_POINT('',(-2.732439687118,-176.0762534346));
#5878 = CARTESIAN_POINT('',(-9.865539012734,-184.3339101247));
#5879 = CARTESIAN_POINT('',(-13.45032981924,-174.0276365559));
#5880 = ( GEOMETRIC_REPRESENTATION_CONTEXT(2) 
PARAMETRIC_REPRESENTATION_CONTEXT() REPRESENTATION_CONTEXT('2D SPACE',''
  ) );
#5881 = ORIENTED_EDGE('',*,*,#5882,.F.);
#5882 = EDGE_CURVE('',#5883,#5855,#5885,.T.);
#5883 = VERTEX_POINT('',#5884);
#5884 = CARTESIAN_POINT('',(-16.9,-118.5097572223,38.492911633082));
#5885 = SURFACE_CURVE('',#5886,(#5890,#5897),.PCURVE_S1.);
#5886 = LINE('',#5887,#5888);
#5887 = CARTESIAN_POINT('',(-15.9,-118.5097572223,38.492911633082));
#5888 = VECTOR('',#5889,1.);
#5889 = DIRECTION('',(-1.,0.,-0.));
#5890 = PCURVE('',#3800,#5891);
#5891 = DEFINITIONAL_REPRESENTATION('',(#5892),#5896);
#5892 = LINE('',#5893,#5894);
#5893 = CARTESIAN_POINT('',(-3.476329490907,12.4));
#5894 = VECTOR('',#5895,1.);
#5895 = DIRECTION('',(-0.,1.));
#5896 = ( GEOMETRIC_REPRESENTATION_CONTEXT(2) 
PARAMETRIC_REPRESENTATION_CONTEXT() REPRESENTATION_CONTEXT('2D SPACE',''
  ) );
#5897 = PCURVE('',#4149,#5898);
#5898 = DEFINITIONAL_REPRESENTATION('',(#5899),#5903);
#5899 = LINE('',#5900,#5901);
#5900 = CARTESIAN_POINT('',(-0.,167.15795661885));
#5901 = VECTOR('',#5902,1.);
#5902 = DIRECTION('',(-1.,0.));
#5903 = ( GEOMETRIC_REPRESENTATION_CONTEXT(2) 
PARAMETRIC_REPRESENTATION_CONTEXT() REPRESENTATION_CONTEXT('2D SPACE',''
  ) );
#5904 = ORIENTED_EDGE('',*,*,#5905,.T.);
#5905 = EDGE_CURVE('',#5883,#5906,#5908,.T.);
#5906 = VERTEX_POINT('',#5907);
#5907 = CARTESIAN_POINT('',(-16.9,-114.3703973481,26.592251994584));
#5908 = SURFACE_CURVE('',#5909,(#5914,#5921),.PCURVE_S1.);
#5909 = CIRCLE('',#5910,6.3);
#5910 = AXIS2_PLACEMENT_3D('',#5911,#5912,#5913);
#5911 = CARTESIAN_POINT('',(-16.9,-116.4400772852,32.542581813833));
#5912 = DIRECTION('',(1.,0.,-1.110223024625E-16));
#5913 = DIRECTION('',(-1.110223024625E-16,-0.,-1.));
#5914 = PCURVE('',#3800,#5915);
#5915 = DEFINITIONAL_REPRESENTATION('',(#5916),#5920);
#5916 = LINE('',#5917,#5918);
#5917 = CARTESIAN_POINT('',(-0.,13.4));
#5918 = VECTOR('',#5919,1.);
#5919 = DIRECTION('',(-1.,0.));
#5920 = ( GEOMETRIC_REPRESENTATION_CONTEXT(2) 
PARAMETRIC_REPRESENTATION_CONTEXT() REPRESENTATION_CONTEXT('2D SPACE',''
  ) );
#5921 = PCURVE('',#4117,#5922);
#5922 = DEFINITIONAL_REPRESENTATION('',(#5923),#5931);
#5923 = ( BOUNDED_CURVE() B_SPLINE_CURVE(2,(#5924,#5925,#5926,#5927,
#5928,#5929,#5930),.UNSPECIFIED.,.T.,.F.) B_SPLINE_CURVE_WITH_KNOTS((1,2
    ,2,2,2,1),(-2.094395102393,0.,2.094395102393,4.188790204786,
6.28318530718,8.377580409573),.UNSPECIFIED.) CURVE() 
GEOMETRIC_REPRESENTATION_ITEM() RATIONAL_B_SPLINE_CURVE((1.,0.5,1.,0.5,
1.,0.5,1.)) REPRESENTATION_ITEM('') );
#5924 = CARTESIAN_POINT('',(-13.45032981924,-174.0276365559));
#5925 = CARTESIAN_POINT('',(-17.03512062576,-163.7213629872));
#5926 = CARTESIAN_POINT('',(-6.317230493633,-165.7699798659));
#5927 = CARTESIAN_POINT('',(4.400659638498,-167.8185967445));
#5928 = CARTESIAN_POINT('',(-2.732439687118,-176.0762534346));
#5929 = CARTESIAN_POINT('',(-9.865539012734,-184.3339101247));
#5930 = CARTESIAN_POINT('',(-13.45032981924,-174.0276365559));
#5931 = ( GEOMETRIC_REPRESENTATION_CONTEXT(2) 
PARAMETRIC_REPRESENTATION_CONTEXT() REPRESENTATION_CONTEXT('2D SPACE',''
  ) );
#5932 = ORIENTED_EDGE('',*,*,#5933,.F.);
#5933 = EDGE_CURVE('',#3752,#5906,#5934,.T.);
#5934 = SURFACE_CURVE('',#5935,(#5939,#5946),.PCURVE_S1.);
#5935 = LINE('',#5936,#5937);
#5936 = CARTESIAN_POINT('',(-24.,-114.3703973481,26.592251994584));
#5937 = VECTOR('',#5938,1.);
#5938 = DIRECTION('',(1.,-0.,-0.));
#5939 = PCURVE('',#3800,#5940);
#5940 = DEFINITIONAL_REPRESENTATION('',(#5941),#5945);
#5941 = LINE('',#5942,#5943);
#5942 = CARTESIAN_POINT('',(-6.617922144496,20.5));
#5943 = VECTOR('',#5944,1.);
#5944 = DIRECTION('',(-0.,-1.));
#5945 = ( GEOMETRIC_REPRESENTATION_CONTEXT(2) 
PARAMETRIC_REPRESENTATION_CONTEXT() REPRESENTATION_CONTEXT('2D SPACE',''
  ) );
#5946 = PCURVE('',#3767,#5947);
#5947 = DEFINITIONAL_REPRESENTATION('',(#5948),#5952);
#5948 = LINE('',#5949,#5950);
#5949 = CARTESIAN_POINT('',(-20.5,167.15795661885));
#5950 = VECTOR('',#5951,1.);
#5951 = DIRECTION('',(1.,-0.));
#5952 = ( GEOMETRIC_REPRESENTATION_CONTEXT(2) 
PARAMETRIC_REPRESENTATION_CONTEXT() REPRESENTATION_CONTEXT('2D SPACE',''
  ) );
#5953 = ORIENTED_EDGE('',*,*,#3779,.F.);
#5954 = ADVANCED_FACE('',(#5955),#3767,.F.);
#5955 = FACE_BOUND('',#5956,.T.);
#5956 = EDGE_LOOP('',(#5957,#5958,#5979,#5980,#6001,#6002));
#5957 = ORIENTED_EDGE('',*,*,#5933,.T.);
#5958 = ORIENTED_EDGE('',*,*,#5959,.T.);
#5959 = EDGE_CURVE('',#5906,#4078,#5960,.T.);
#5960 = SURFACE_CURVE('',#5961,(#5965,#5972),.PCURVE_S1.);
#5961 = LINE('',#5962,#5963);
#5962 = CARTESIAN_POINT('',(-16.9,45.776549534455,82.295537866777));
#5963 = VECTOR('',#5964,1.);
#5964 = DIRECTION('',(-0.,0.944496796706,0.328520624941));
#5965 = PCURVE('',#3767,#5966);
#5966 = DEFINITIONAL_REPRESENTATION('',(#5967),#5971);
#5967 = LINE('',#5968,#5969);
#5968 = CARTESIAN_POINT('',(-13.4,-2.4));
#5969 = VECTOR('',#5970,1.);
#5970 = DIRECTION('',(-0.,-1.));
#5971 = ( GEOMETRIC_REPRESENTATION_CONTEXT(2) 
PARAMETRIC_REPRESENTATION_CONTEXT() REPRESENTATION_CONTEXT('2D SPACE',''
  ) );
#5972 = PCURVE('',#4117,#5973);
#5973 = DEFINITIONAL_REPRESENTATION('',(#5974),#5978);
#5974 = LINE('',#5975,#5976);
#5975 = CARTESIAN_POINT('',(-13.8,-2.4));
#5976 = VECTOR('',#5977,1.);
#5977 = DIRECTION('',(-7.965226789662E-18,1.));
#5978 = ( GEOMETRIC_REPRESENTATION_CONTEXT(2) 
PARAMETRIC_REPRESENTATION_CONTEXT() REPRESENTATION_CONTEXT('2D SPACE',''
  ) );
#5979 = ORIENTED_EDGE('',*,*,#4077,.T.);
#5980 = ORIENTED_EDGE('',*,*,#5981,.F.);
#5981 = EDGE_CURVE('',#5458,#4050,#5982,.T.);
#5982 = SURFACE_CURVE('',#5983,(#5987,#5994),.PCURVE_S1.);
#5983 = LINE('',#5984,#5985);
#5984 = CARTESIAN_POINT('',(-22.1,45.776549534455,82.295537866777));
#5985 = VECTOR('',#5986,1.);
#5986 = DIRECTION('',(-0.,0.944496796706,0.328520624941));
#5987 = PCURVE('',#3767,#5988);
#5988 = DEFINITIONAL_REPRESENTATION('',(#5989),#5993);
#5989 = LINE('',#5990,#5991);
#5990 = CARTESIAN_POINT('',(-18.6,-2.4));
#5991 = VECTOR('',#5992,1.);
#5992 = DIRECTION('',(-0.,-1.));
#5993 = ( GEOMETRIC_REPRESENTATION_CONTEXT(2) 
PARAMETRIC_REPRESENTATION_CONTEXT() REPRESENTATION_CONTEXT('2D SPACE',''
  ) );
#5994 = PCURVE('',#4012,#5995);
#5995 = DEFINITIONAL_REPRESENTATION('',(#5996),#6000);
#5996 = LINE('',#5997,#5998);
#5997 = CARTESIAN_POINT('',(-13.8,-2.4));
#5998 = VECTOR('',#5999,1.);
#5999 = DIRECTION('',(-7.965226789662E-18,1.));
#6000 = ( GEOMETRIC_REPRESENTATION_CONTEXT(2) 
PARAMETRIC_REPRESENTATION_CONTEXT() REPRESENTATION_CONTEXT('2D SPACE',''
  ) );
#6001 = ORIENTED_EDGE('',*,*,#5457,.T.);
#6002 = ORIENTED_EDGE('',*,*,#3751,.F.);
#6003 = ADVANCED_FACE('',(#6004),#3692,.F.);
#6004 = FACE_BOUND('',#6005,.T.);
#6005 = EDGE_LOOP('',(#6006,#6007,#6028,#6029));
#6006 = ORIENTED_EDGE('',*,*,#3944,.F.);
#6007 = ORIENTED_EDGE('',*,*,#6008,.T.);
#6008 = EDGE_CURVE('',#3917,#5629,#6009,.T.);
#6009 = SURFACE_CURVE('',#6010,(#6014,#6021),.PCURVE_S1.);
#6010 = LINE('',#6011,#6012);
#6011 = CARTESIAN_POINT('',(-22.,-69.24812583028,8.923392925344));
#6012 = VECTOR('',#6013,1.);
#6013 = DIRECTION('',(-0.,-0.572567199687,0.81985779367));
#6014 = PCURVE('',#3692,#6015);
#6015 = DEFINITIONAL_REPRESENTATION('',(#6016),#6020);
#6016 = LINE('',#6017,#6018);
#6017 = CARTESIAN_POINT('',(-3.186836811252,2.));
#6018 = VECTOR('',#6019,1.);
#6019 = DIRECTION('',(-1.,0.));
#6020 = ( GEOMETRIC_REPRESENTATION_CONTEXT(2) 
PARAMETRIC_REPRESENTATION_CONTEXT() REPRESENTATION_CONTEXT('2D SPACE',''
  ) );
#6021 = PCURVE('',#3932,#6022);
#6022 = DEFINITIONAL_REPRESENTATION('',(#6023),#6027);
#6023 = LINE('',#6024,#6025);
#6024 = CARTESIAN_POINT('',(-2.923392925344,-9.751874169714));
#6025 = VECTOR('',#6026,1.);
#6026 = DIRECTION('',(-0.81985779367,0.572567199687));
#6027 = ( GEOMETRIC_REPRESENTATION_CONTEXT(2) 
PARAMETRIC_REPRESENTATION_CONTEXT() REPRESENTATION_CONTEXT('2D SPACE',''
  ) );
#6028 = ORIENTED_EDGE('',*,*,#5628,.T.);
#6029 = ORIENTED_EDGE('',*,*,#3676,.F.);
#6030 = ADVANCED_FACE('',(#6031),#3932,.T.);
#6031 = FACE_BOUND('',#6032,.F.);
#6032 = EDGE_LOOP('',(#6033,#6034,#6035,#6036,#6037));
#6033 = ORIENTED_EDGE('',*,*,#6008,.T.);
#6034 = ORIENTED_EDGE('',*,*,#5651,.T.);
#6035 = ORIENTED_EDGE('',*,*,#5699,.T.);
#6036 = ORIENTED_EDGE('',*,*,#5553,.T.);
#6037 = ORIENTED_EDGE('',*,*,#3916,.T.);
#6038 = ADVANCED_FACE('',(#6039),#4012,.T.);
#6039 = FACE_BOUND('',#6040,.F.);
#6040 = EDGE_LOOP('',(#6041,#6042,#6043,#6044,#6045));
#6041 = ORIENTED_EDGE('',*,*,#5480,.T.);
#6042 = ORIENTED_EDGE('',*,*,#4796,.F.);
#6043 = ORIENTED_EDGE('',*,*,#3996,.F.);
#6044 = ORIENTED_EDGE('',*,*,#4049,.F.);
#6045 = ORIENTED_EDGE('',*,*,#5981,.F.);
#6046 = ADVANCED_FACE('',(#6047),#4178,.T.);
#6047 = FACE_BOUND('',#6048,.F.);
#6048 = EDGE_LOOP('',(#6049,#6072,#6094,#6095,#6096,#6097,#6098,#6119,
    #6120,#6121,#6122));
#6049 = ORIENTED_EDGE('',*,*,#6050,.T.);
#6050 = EDGE_CURVE('',#4889,#6051,#6053,.T.);
#6051 = VERTEX_POINT('',#6052);
#6052 = CARTESIAN_POINT('',(-22.1,-123.4375665964,38.049408789411));
#6053 = SURFACE_CURVE('',#6054,(#6058,#6065),.PCURVE_S1.);
#6054 = LINE('',#6055,#6056);
#6055 = CARTESIAN_POINT('',(-22.1,43.50975722236,96.118043161181));
#6056 = VECTOR('',#6057,1.);
#6057 = DIRECTION('',(0.,-0.944496796706,-0.328520624941));
#6058 = PCURVE('',#4178,#6059);
#6059 = DEFINITIONAL_REPRESENTATION('',(#6060),#6064);
#6060 = LINE('',#6061,#6062);
#6061 = CARTESIAN_POINT('',(-0.,0.));
#6062 = VECTOR('',#6063,1.);
#6063 = DIRECTION('',(7.965226789662E-18,-1.));
#6064 = ( GEOMETRIC_REPRESENTATION_CONTEXT(2) 
PARAMETRIC_REPRESENTATION_CONTEXT() REPRESENTATION_CONTEXT('2D SPACE',''
  ) );
#6065 = PCURVE('',#4961,#6066);
#6066 = DEFINITIONAL_REPRESENTATION('',(#6067),#6071);
#6067 = LINE('',#6068,#6069);
#6068 = CARTESIAN_POINT('',(-5.2,0.));
#6069 = VECTOR('',#6070,1.);
#6070 = DIRECTION('',(-0.,1.));
#6071 = ( GEOMETRIC_REPRESENTATION_CONTEXT(2) 
PARAMETRIC_REPRESENTATION_CONTEXT() REPRESENTATION_CONTEXT('2D SPACE',''
  ) );
#6072 = ORIENTED_EDGE('',*,*,#6073,.F.);
#6073 = EDGE_CURVE('',#4723,#6051,#6074,.T.);
#6074 = SURFACE_CURVE('',#6075,(#6080,#6087),.PCURVE_S1.);
#6075 = CIRCLE('',#6076,7.5);
#6076 = AXIS2_PLACEMENT_3D('',#6077,#6078,#6079);
#6077 = CARTESIAN_POINT('',(-22.1,-120.9736619094,30.965682814115));
#6078 = DIRECTION('',(-1.,-0.,0.));
#6079 = DIRECTION('',(-0.,0.328520624941,-0.944496796706));
#6080 = PCURVE('',#4178,#6081);
#6081 = DEFINITIONAL_REPRESENTATION('',(#6082),#6086);
#6082 = CIRCLE('',#6083,7.5);
#6083 = AXIS2_PLACEMENT_2D('',#6084,#6085);
#6084 = CARTESIAN_POINT('',(-7.5,-176.7579566188));
#6085 = DIRECTION('',(-1.,-2.486830670816E-15));
#6086 = ( GEOMETRIC_REPRESENTATION_CONTEXT(2) 
PARAMETRIC_REPRESENTATION_CONTEXT() REPRESENTATION_CONTEXT('2D SPACE',''
  ) );
#6087 = PCURVE('',#4738,#6088);
#6088 = DEFINITIONAL_REPRESENTATION('',(#6089),#6093);
#6089 = LINE('',#6090,#6091);
#6090 = CARTESIAN_POINT('',(-6.617922144496,5.2));
#6091 = VECTOR('',#6092,1.);
#6092 = DIRECTION('',(1.,-0.));
#6093 = ( GEOMETRIC_REPRESENTATION_CONTEXT(2) 
PARAMETRIC_REPRESENTATION_CONTEXT() REPRESENTATION_CONTEXT('2D SPACE',''
  ) );
#6094 = ORIENTED_EDGE('',*,*,#4864,.F.);
#6095 = ORIENTED_EDGE('',*,*,#5427,.F.);
#6096 = ORIENTED_EDGE('',*,*,#5828,.F.);
#6097 = ORIENTED_EDGE('',*,*,#5854,.F.);
#6098 = ORIENTED_EDGE('',*,*,#6099,.T.);
#6099 = EDGE_CURVE('',#5855,#4134,#6100,.T.);
#6100 = SURFACE_CURVE('',#6101,(#6105,#6112),.PCURVE_S1.);
#6101 = LINE('',#6102,#6103);
#6102 = CARTESIAN_POINT('',(-22.1,41.637189660195,94.196197505275));
#6103 = VECTOR('',#6104,1.);
#6104 = DIRECTION('',(-0.,0.944496796706,0.328520624941));
#6105 = PCURVE('',#4178,#6106);
#6106 = DEFINITIONAL_REPRESENTATION('',(#6107),#6111);
#6107 = LINE('',#6108,#6109);
#6108 = CARTESIAN_POINT('',(-1.2,-2.4));
#6109 = VECTOR('',#6110,1.);
#6110 = DIRECTION('',(-7.965226789662E-18,1.));
#6111 = ( GEOMETRIC_REPRESENTATION_CONTEXT(2) 
PARAMETRIC_REPRESENTATION_CONTEXT() REPRESENTATION_CONTEXT('2D SPACE',''
  ) );
#6112 = PCURVE('',#4149,#6113);
#6113 = DEFINITIONAL_REPRESENTATION('',(#6114),#6118);
#6114 = LINE('',#6115,#6116);
#6115 = CARTESIAN_POINT('',(-6.2,-2.4));
#6116 = VECTOR('',#6117,1.);
#6117 = DIRECTION('',(-0.,-1.));
#6118 = ( GEOMETRIC_REPRESENTATION_CONTEXT(2) 
PARAMETRIC_REPRESENTATION_CONTEXT() REPRESENTATION_CONTEXT('2D SPACE',''
  ) );
#6119 = ORIENTED_EDGE('',*,*,#4161,.F.);
#6120 = ORIENTED_EDGE('',*,*,#4242,.F.);
#6121 = ORIENTED_EDGE('',*,*,#4292,.T.);
#6122 = ORIENTED_EDGE('',*,*,#4888,.T.);
#6123 = ADVANCED_FACE('',(#6124),#4381,.T.);
#6124 = FACE_BOUND('',#6125,.F.);
#6125 = EDGE_LOOP('',(#6126,#6127,#6128,#6129,#6130,#6153,#6181));
#6126 = ORIENTED_EDGE('',*,*,#5001,.F.);
#6127 = ORIENTED_EDGE('',*,*,#4365,.F.);
#6128 = ORIENTED_EDGE('',*,*,#4440,.F.);
#6129 = ORIENTED_EDGE('',*,*,#4549,.F.);
#6130 = ORIENTED_EDGE('',*,*,#6131,.T.);
#6131 = EDGE_CURVE('',#4550,#6132,#6134,.T.);
#6132 = VERTEX_POINT('',#6133);
#6133 = CARTESIAN_POINT('',(-22.,133.21993814588,14.041185039828));
#6134 = SURFACE_CURVE('',#6135,(#6139,#6146),.PCURVE_S1.);
#6135 = LINE('',#6136,#6137);
#6136 = CARTESIAN_POINT('',(-22.,133.21993814588,4.041185039828));
#6137 = VECTOR('',#6138,1.);
#6138 = DIRECTION('',(0.,-0.,1.));
#6139 = PCURVE('',#4381,#6140);
#6140 = DEFINITIONAL_REPRESENTATION('',(#6141),#6145);
#6141 = LINE('',#6142,#6143);
#6142 = CARTESIAN_POINT('',(1.958814960172,-26.21993814588));
#6143 = VECTOR('',#6144,1.);
#6144 = DIRECTION('',(-1.,-0.));
#6145 = ( GEOMETRIC_REPRESENTATION_CONTEXT(2) 
PARAMETRIC_REPRESENTATION_CONTEXT() REPRESENTATION_CONTEXT('2D SPACE',''
  ) );
#6146 = PCURVE('',#4588,#6147);
#6147 = DEFINITIONAL_REPRESENTATION('',(#6148),#6152);
#6148 = LINE('',#6149,#6150);
#6149 = CARTESIAN_POINT('',(-0.,24.));
#6150 = VECTOR('',#6151,1.);
#6151 = DIRECTION('',(-1.,0.));
#6152 = ( GEOMETRIC_REPRESENTATION_CONTEXT(2) 
PARAMETRIC_REPRESENTATION_CONTEXT() REPRESENTATION_CONTEXT('2D SPACE',''
  ) );
#6153 = ORIENTED_EDGE('',*,*,#6154,.F.);
#6154 = EDGE_CURVE('',#6155,#6132,#6157,.T.);
#6155 = VERTEX_POINT('',#6156);
#6156 = CARTESIAN_POINT('',(-22.,123.21993814588,14.041185039828));
#6157 = SURFACE_CURVE('',#6158,(#6162,#6169),.PCURVE_S1.);
#6158 = LINE('',#6159,#6160);
#6159 = CARTESIAN_POINT('',(-22.,123.21993814588,14.041185039828));
#6160 = VECTOR('',#6161,1.);
#6161 = DIRECTION('',(-0.,1.,0.));
#6162 = PCURVE('',#4381,#6163);
#6163 = DEFINITIONAL_REPRESENTATION('',(#6164),#6168);
#6164 = LINE('',#6165,#6166);
#6165 = CARTESIAN_POINT('',(-8.041185039828,-16.21993814588));
#6166 = VECTOR('',#6167,1.);
#6167 = DIRECTION('',(-0.,-1.));
#6168 = ( GEOMETRIC_REPRESENTATION_CONTEXT(2) 
PARAMETRIC_REPRESENTATION_CONTEXT() REPRESENTATION_CONTEXT('2D SPACE',''
  ) );
#6169 = PCURVE('',#6170,#6175);
#6170 = PLANE('',#6171);
#6171 = AXIS2_PLACEMENT_3D('',#6172,#6173,#6174);
#6172 = CARTESIAN_POINT('',(2.,123.21993814588,14.041185039828));
#6173 = DIRECTION('',(0.,-0.,1.));
#6174 = DIRECTION('',(1.,0.,0.));
#6175 = DEFINITIONAL_REPRESENTATION('',(#6176),#6180);
#6176 = LINE('',#6177,#6178);
#6177 = CARTESIAN_POINT('',(-24.,0.));
#6178 = VECTOR('',#6179,1.);
#6179 = DIRECTION('',(-0.,1.));
#6180 = ( GEOMETRIC_REPRESENTATION_CONTEXT(2) 
PARAMETRIC_REPRESENTATION_CONTEXT() REPRESENTATION_CONTEXT('2D SPACE',''
  ) );
#6181 = ORIENTED_EDGE('',*,*,#6182,.F.);
#6182 = EDGE_CURVE('',#5002,#6155,#6183,.T.);
#6183 = SURFACE_CURVE('',#6184,(#6188,#6195),.PCURVE_S1.);
#6184 = LINE('',#6185,#6186);
#6185 = CARTESIAN_POINT('',(-22.,123.21993814588,4.041185039828));
#6186 = VECTOR('',#6187,1.);
#6187 = DIRECTION('',(0.,-0.,1.));
#6188 = PCURVE('',#4381,#6189);
#6189 = DEFINITIONAL_REPRESENTATION('',(#6190),#6194);
#6190 = LINE('',#6191,#6192);
#6191 = CARTESIAN_POINT('',(1.958814960172,-16.21993814588));
#6192 = VECTOR('',#6193,1.);
#6193 = DIRECTION('',(-1.,-0.));
#6194 = ( GEOMETRIC_REPRESENTATION_CONTEXT(2) 
PARAMETRIC_REPRESENTATION_CONTEXT() REPRESENTATION_CONTEXT('2D SPACE',''
  ) );
#6195 = PCURVE('',#5040,#6196);
#6196 = DEFINITIONAL_REPRESENTATION('',(#6197),#6201);
#6197 = LINE('',#6198,#6199);
#6198 = CARTESIAN_POINT('',(-0.,24.));
#6199 = VECTOR('',#6200,1.);
#6200 = DIRECTION('',(-1.,0.));
#6201 = ( GEOMETRIC_REPRESENTATION_CONTEXT(2) 
PARAMETRIC_REPRESENTATION_CONTEXT() REPRESENTATION_CONTEXT('2D SPACE',''
  ) );
#6202 = ADVANCED_FACE('',(#6203),#4484,.T.);
#6203 = FACE_BOUND('',#6204,.F.);
#6204 = EDGE_LOOP('',(#6205,#6229,#6230,#6258));
#6205 = ORIENTED_EDGE('',*,*,#6206,.F.);
#6206 = EDGE_CURVE('',#4467,#6207,#6209,.T.);
#6207 = VERTEX_POINT('',#6208);
#6208 = CARTESIAN_POINT('',(10.,121.02775474286,8.519171728318));
#6209 = SURFACE_CURVE('',#6210,(#6215,#6222),.PCURVE_S1.);
#6210 = CIRCLE('',#6211,6.);
#6211 = AXIS2_PLACEMENT_3D('',#6212,#6213,#6214);
#6212 = CARTESIAN_POINT('',(10.,126.24788785796,5.561096296433));
#6213 = DIRECTION('',(-1.,-0.,0.));
#6214 = DIRECTION('',(-0.,0.870022185849,-0.493012571981));
#6215 = PCURVE('',#4484,#6216);
#6216 = DEFINITIONAL_REPRESENTATION('',(#6217),#6221);
#6217 = LINE('',#6218,#6219);
#6218 = CARTESIAN_POINT('',(-7.338432626516,0.));
#6219 = VECTOR('',#6220,1.);
#6220 = DIRECTION('',(1.,-0.));
#6221 = ( GEOMETRIC_REPRESENTATION_CONTEXT(2) 
PARAMETRIC_REPRESENTATION_CONTEXT() REPRESENTATION_CONTEXT('2D SPACE',''
  ) );
#6222 = PCURVE('',#4670,#6223);
#6223 = DEFINITIONAL_REPRESENTATION('',(#6224),#6228);
#6224 = CIRCLE('',#6225,6.);
#6225 = AXIS2_PLACEMENT_2D('',#6226,#6227);
#6226 = CARTESIAN_POINT('',(-6.,2.762120042134E-15));
#6227 = DIRECTION('',(1.,-4.37233957026E-16));
#6228 = ( GEOMETRIC_REPRESENTATION_CONTEXT(2) 
PARAMETRIC_REPRESENTATION_CONTEXT() REPRESENTATION_CONTEXT('2D SPACE',''
  ) );
#6229 = ORIENTED_EDGE('',*,*,#4466,.T.);
#6230 = ORIENTED_EDGE('',*,*,#6231,.F.);
#6231 = EDGE_CURVE('',#6232,#4469,#6234,.T.);
#6232 = VERTEX_POINT('',#6233);
#6233 = CARTESIAN_POINT('',(7.,121.02775474286,8.519171728318));
#6234 = SURFACE_CURVE('',#6235,(#6240,#6247),.PCURVE_S1.);
#6235 = CIRCLE('',#6236,6.);
#6236 = AXIS2_PLACEMENT_3D('',#6237,#6238,#6239);
#6237 = CARTESIAN_POINT('',(7.,126.24788785796,5.561096296433));
#6238 = DIRECTION('',(1.,0.,-1.110223024625E-16));
#6239 = DIRECTION('',(-1.110223024625E-16,-0.,-1.));
#6240 = PCURVE('',#4484,#6241);
#6241 = DEFINITIONAL_REPRESENTATION('',(#6242),#6246);
#6242 = LINE('',#6243,#6244);
#6243 = CARTESIAN_POINT('',(-0.,3.));
#6244 = VECTOR('',#6245,1.);
#6245 = DIRECTION('',(-1.,0.));
#6246 = ( GEOMETRIC_REPRESENTATION_CONTEXT(2) 
PARAMETRIC_REPRESENTATION_CONTEXT() REPRESENTATION_CONTEXT('2D SPACE',''
  ) );
#6247 = PCURVE('',#4512,#6248);
#6248 = DEFINITIONAL_REPRESENTATION('',(#6249),#6257);
#6249 = ( BOUNDED_CURVE() B_SPLINE_CURVE(2,(#6250,#6251,#6252,#6253,
#6254,#6255,#6256),.UNSPECIFIED.,.T.,.F.) B_SPLINE_CURVE_WITH_KNOTS((1,2
    ,2,2,2,1),(-2.094395102393,0.,2.094395102393,4.188790204786,
6.28318530718,8.377580409573),.UNSPECIFIED.) CURVE() 
GEOMETRIC_REPRESENTATION_ITEM() RATIONAL_B_SPLINE_CURVE((1.,0.5,1.,0.5,
1.,0.5,1.)) REPRESENTATION_ITEM('') );
#6250 = CARTESIAN_POINT('',(6.438903703567,-19.24788785796));
#6251 = CARTESIAN_POINT('',(6.438903703567,-29.64019270337));
#6252 = CARTESIAN_POINT('',(-2.561096296433,-24.44404028066));
#6253 = CARTESIAN_POINT('',(-11.56109629643,-19.24788785796));
#6254 = CARTESIAN_POINT('',(-2.561096296433,-14.05173543525));
#6255 = CARTESIAN_POINT('',(6.438903703567,-8.855583012548));
#6256 = CARTESIAN_POINT('',(6.438903703567,-19.24788785796));
#6257 = ( GEOMETRIC_REPRESENTATION_CONTEXT(2) 
PARAMETRIC_REPRESENTATION_CONTEXT() REPRESENTATION_CONTEXT('2D SPACE',''
  ) );
#6258 = ORIENTED_EDGE('',*,*,#6259,.F.);
#6259 = EDGE_CURVE('',#6207,#6232,#6260,.T.);
#6260 = SURFACE_CURVE('',#6261,(#6265,#6272),.PCURVE_S1.);
#6261 = LINE('',#6262,#6263);
#6262 = CARTESIAN_POINT('',(10.,121.02775474286,8.519171728318));
#6263 = VECTOR('',#6264,1.);
#6264 = DIRECTION('',(-1.,0.,-0.));
#6265 = PCURVE('',#4484,#6266);
#6266 = DEFINITIONAL_REPRESENTATION('',(#6267),#6271);
#6267 = LINE('',#6268,#6269);
#6268 = CARTESIAN_POINT('',(-4.196839972926,3.284123453057E-16));
#6269 = VECTOR('',#6270,1.);
#6270 = DIRECTION('',(-0.,1.));
#6271 = ( GEOMETRIC_REPRESENTATION_CONTEXT(2) 
PARAMETRIC_REPRESENTATION_CONTEXT() REPRESENTATION_CONTEXT('2D SPACE',''
  ) );
#6272 = PCURVE('',#6273,#6278);
#6273 = PLANE('',#6274);
#6274 = AXIS2_PLACEMENT_3D('',#6275,#6276,#6277);
#6275 = CARTESIAN_POINT('',(10.,121.02775474286,8.519171728318));
#6276 = DIRECTION('',(0.,-0.870022185849,0.493012571981));
#6277 = DIRECTION('',(1.,0.,0.));
#6278 = DEFINITIONAL_REPRESENTATION('',(#6279),#6283);
#6279 = LINE('',#6280,#6281);
#6280 = CARTESIAN_POINT('',(0.,-0.));
#6281 = VECTOR('',#6282,1.);
#6282 = DIRECTION('',(-1.,0.));
#6283 = ( GEOMETRIC_REPRESENTATION_CONTEXT(2) 
PARAMETRIC_REPRESENTATION_CONTEXT() REPRESENTATION_CONTEXT('2D SPACE',''
  ) );
#6284 = ADVANCED_FACE('',(#6285),#4670,.F.);
#6285 = FACE_BOUND('',#6286,.T.);
#6286 = EDGE_LOOP('',(#6287,#6288,#6311,#6344,#6365));
#6287 = ORIENTED_EDGE('',*,*,#4656,.F.);
#6288 = ORIENTED_EDGE('',*,*,#6289,.T.);
#6289 = EDGE_CURVE('',#4629,#6290,#6292,.T.);
#6290 = VERTEX_POINT('',#6291);
#6291 = CARTESIAN_POINT('',(10.,135.4121215489,9.563198351337));
#6292 = SURFACE_CURVE('',#6293,(#6297,#6304),.PCURVE_S1.);
#6293 = LINE('',#6294,#6295);
#6294 = CARTESIAN_POINT('',(10.,131.46802097305,2.603020864548));
#6295 = VECTOR('',#6296,1.);
#6296 = DIRECTION('',(0.,0.493012571981,0.870022185849));
#6297 = PCURVE('',#4670,#6298);
#6298 = DEFINITIONAL_REPRESENTATION('',(#6299),#6303);
#6299 = LINE('',#6300,#6301);
#6300 = CARTESIAN_POINT('',(-0.,-0.));
#6301 = VECTOR('',#6302,1.);
#6302 = DIRECTION('',(-1.185987736885E-17,-1.));
#6303 = ( GEOMETRIC_REPRESENTATION_CONTEXT(2) 
PARAMETRIC_REPRESENTATION_CONTEXT() REPRESENTATION_CONTEXT('2D SPACE',''
  ) );
#6304 = PCURVE('',#4644,#6305);
#6305 = DEFINITIONAL_REPRESENTATION('',(#6306),#6310);
#6306 = LINE('',#6307,#6308);
#6307 = CARTESIAN_POINT('',(0.,-0.));
#6308 = VECTOR('',#6309,1.);
#6309 = DIRECTION('',(0.,1.));
#6310 = ( GEOMETRIC_REPRESENTATION_CONTEXT(2) 
PARAMETRIC_REPRESENTATION_CONTEXT() REPRESENTATION_CONTEXT('2D SPACE',''
  ) );
#6311 = ORIENTED_EDGE('',*,*,#6312,.T.);
#6312 = EDGE_CURVE('',#6290,#6313,#6315,.T.);
#6313 = VERTEX_POINT('',#6314);
#6314 = CARTESIAN_POINT('',(10.,124.97185531871,15.479349215107));
#6315 = SURFACE_CURVE('',#6316,(#6321,#6332),.PCURVE_S1.);
#6316 = CIRCLE('',#6317,6.);
#6317 = AXIS2_PLACEMENT_3D('',#6318,#6319,#6320);
#6318 = CARTESIAN_POINT('',(10.,130.1919884338,12.521273783222));
#6319 = DIRECTION('',(1.,0.,-1.110223024625E-16));
#6320 = DIRECTION('',(-1.110223024625E-16,0.,-1.));
#6321 = PCURVE('',#4670,#6322);
#6322 = DEFINITIONAL_REPRESENTATION('',(#6323),#6331);
#6323 = ( BOUNDED_CURVE() B_SPLINE_CURVE(2,(#6324,#6325,#6326,#6327,
#6328,#6329,#6330),.UNSPECIFIED.,.T.,.F.) B_SPLINE_CURVE_WITH_KNOTS((1,2
    ,2,2,2,1),(-2.094395102393,0.,2.094395102393,4.188790204786,
6.28318530718,8.377580409573),.UNSPECIFIED.) CURVE() 
GEOMETRIC_REPRESENTATION_ITEM() RATIONAL_B_SPLINE_CURVE((1.,0.5,1.,0.5,
1.,0.5,1.)) REPRESENTATION_ITEM('') );
#6324 = CARTESIAN_POINT('',(-3.041924568115,-2.779866884908));
#6325 = CARTESIAN_POINT('',(5.999611209497,-7.903403825555));
#6326 = CARTESIAN_POINT('',(-2.958269827137,-13.17183502786));
#6327 = CARTESIAN_POINT('',(-11.91615086377,-18.44026623018));
#6328 = CARTESIAN_POINT('',(-11.99980560474,-8.048298087223));
#6329 = CARTESIAN_POINT('',(-12.08346034572,2.343670055738));
#6330 = CARTESIAN_POINT('',(-3.041924568115,-2.779866884908));
#6331 = ( GEOMETRIC_REPRESENTATION_CONTEXT(2) 
PARAMETRIC_REPRESENTATION_CONTEXT() REPRESENTATION_CONTEXT('2D SPACE',''
  ) );
#6332 = PCURVE('',#6333,#6338);
#6333 = CYLINDRICAL_SURFACE('',#6334,6.);
#6334 = AXIS2_PLACEMENT_3D('',#6335,#6336,#6337);
#6335 = CARTESIAN_POINT('',(10.,130.1919884338,12.521273783222));
#6336 = DIRECTION('',(-1.,-0.,1.110223024625E-16));
#6337 = DIRECTION('',(-1.110223024625E-16,0.,-1.));
#6338 = DEFINITIONAL_REPRESENTATION('',(#6339),#6343);
#6339 = LINE('',#6340,#6341);
#6340 = CARTESIAN_POINT('',(-0.,0.));
#6341 = VECTOR('',#6342,1.);
#6342 = DIRECTION('',(-1.,0.));
#6343 = ( GEOMETRIC_REPRESENTATION_CONTEXT(2) 
PARAMETRIC_REPRESENTATION_CONTEXT() REPRESENTATION_CONTEXT('2D SPACE',''
  ) );
#6344 = ORIENTED_EDGE('',*,*,#6345,.F.);
#6345 = EDGE_CURVE('',#6207,#6313,#6346,.T.);
#6346 = SURFACE_CURVE('',#6347,(#6351,#6358),.PCURVE_S1.);
#6347 = LINE('',#6348,#6349);
#6348 = CARTESIAN_POINT('',(10.,121.02775474286,8.519171728318));
#6349 = VECTOR('',#6350,1.);
#6350 = DIRECTION('',(0.,0.493012571981,0.870022185849));
#6351 = PCURVE('',#4670,#6352);
#6352 = DEFINITIONAL_REPRESENTATION('',(#6353),#6357);
#6353 = LINE('',#6354,#6355);
#6354 = CARTESIAN_POINT('',(-12.,-3.571741307018E-17));
#6355 = VECTOR('',#6356,1.);
#6356 = DIRECTION('',(-1.185987736885E-17,-1.));
#6357 = ( GEOMETRIC_REPRESENTATION_CONTEXT(2) 
PARAMETRIC_REPRESENTATION_CONTEXT() REPRESENTATION_CONTEXT('2D SPACE',''
  ) );
#6358 = PCURVE('',#6273,#6359);
#6359 = DEFINITIONAL_REPRESENTATION('',(#6360),#6364);
#6360 = LINE('',#6361,#6362);
#6361 = CARTESIAN_POINT('',(0.,-0.));
#6362 = VECTOR('',#6363,1.);
#6363 = DIRECTION('',(0.,1.));
#6364 = ( GEOMETRIC_REPRESENTATION_CONTEXT(2) 
PARAMETRIC_REPRESENTATION_CONTEXT() REPRESENTATION_CONTEXT('2D SPACE',''
  ) );
#6365 = ORIENTED_EDGE('',*,*,#6206,.F.);
#6366 = ADVANCED_FACE('',(#6367),#4644,.F.);
#6367 = FACE_BOUND('',#6368,.T.);
#6368 = EDGE_LOOP('',(#6369,#6392,#6413,#6414));
#6369 = ORIENTED_EDGE('',*,*,#6370,.T.);
#6370 = EDGE_CURVE('',#4601,#6371,#6373,.T.);
#6371 = VERTEX_POINT('',#6372);
#6372 = CARTESIAN_POINT('',(-6.,135.4121215489,9.563198351337));
#6373 = SURFACE_CURVE('',#6374,(#6378,#6385),.PCURVE_S1.);
#6374 = LINE('',#6375,#6376);
#6375 = CARTESIAN_POINT('',(-6.,131.46802097305,2.603020864548));
#6376 = VECTOR('',#6377,1.);
#6377 = DIRECTION('',(0.,0.493012571981,0.870022185849));
#6378 = PCURVE('',#4644,#6379);
#6379 = DEFINITIONAL_REPRESENTATION('',(#6380),#6384);
#6380 = LINE('',#6381,#6382);
#6381 = CARTESIAN_POINT('',(-16.,0.));
#6382 = VECTOR('',#6383,1.);
#6383 = DIRECTION('',(0.,1.));
#6384 = ( GEOMETRIC_REPRESENTATION_CONTEXT(2) 
PARAMETRIC_REPRESENTATION_CONTEXT() REPRESENTATION_CONTEXT('2D SPACE',''
  ) );
#6385 = PCURVE('',#4616,#6386);
#6386 = DEFINITIONAL_REPRESENTATION('',(#6387),#6391);
#6387 = LINE('',#6388,#6389);
#6388 = CARTESIAN_POINT('',(-0.,-0.));
#6389 = VECTOR('',#6390,1.);
#6390 = DIRECTION('',(-1.185987736885E-17,-1.));
#6391 = ( GEOMETRIC_REPRESENTATION_CONTEXT(2) 
PARAMETRIC_REPRESENTATION_CONTEXT() REPRESENTATION_CONTEXT('2D SPACE',''
  ) );
#6392 = ORIENTED_EDGE('',*,*,#6393,.F.);
#6393 = EDGE_CURVE('',#6290,#6371,#6394,.T.);
#6394 = SURFACE_CURVE('',#6395,(#6399,#6406),.PCURVE_S1.);
#6395 = LINE('',#6396,#6397);
#6396 = CARTESIAN_POINT('',(10.,135.4121215489,9.563198351337));
#6397 = VECTOR('',#6398,1.);
#6398 = DIRECTION('',(-1.,0.,-0.));
#6399 = PCURVE('',#4644,#6400);
#6400 = DEFINITIONAL_REPRESENTATION('',(#6401),#6405);
#6401 = LINE('',#6402,#6403);
#6402 = CARTESIAN_POINT('',(0.,8.));
#6403 = VECTOR('',#6404,1.);
#6404 = DIRECTION('',(-1.,0.));
#6405 = ( GEOMETRIC_REPRESENTATION_CONTEXT(2) 
PARAMETRIC_REPRESENTATION_CONTEXT() REPRESENTATION_CONTEXT('2D SPACE',''
  ) );
#6406 = PCURVE('',#6333,#6407);
#6407 = DEFINITIONAL_REPRESENTATION('',(#6408),#6412);
#6408 = LINE('',#6409,#6410);
#6409 = CARTESIAN_POINT('',(-1.055247319336,-3.284123453057E-16));
#6410 = VECTOR('',#6411,1.);
#6411 = DIRECTION('',(-0.,1.));
#6412 = ( GEOMETRIC_REPRESENTATION_CONTEXT(2) 
PARAMETRIC_REPRESENTATION_CONTEXT() REPRESENTATION_CONTEXT('2D SPACE',''
  ) );
#6413 = ORIENTED_EDGE('',*,*,#6289,.F.);
#6414 = ORIENTED_EDGE('',*,*,#4628,.F.);
#6415 = ADVANCED_FACE('',(#6416),#4616,.T.);
#6416 = FACE_BOUND('',#6417,.F.);
#6417 = EDGE_LOOP('',(#6418,#6441,#6442,#6443,#6471,#6499));
#6418 = ORIENTED_EDGE('',*,*,#6419,.F.);
#6419 = EDGE_CURVE('',#4573,#6420,#6422,.T.);
#6420 = VERTEX_POINT('',#6421);
#6421 = CARTESIAN_POINT('',(-6.,133.21993814588,14.041185039828));
#6422 = SURFACE_CURVE('',#6423,(#6427,#6434),.PCURVE_S1.);
#6423 = LINE('',#6424,#6425);
#6424 = CARTESIAN_POINT('',(-6.,133.21993814588,3.322102952188));
#6425 = VECTOR('',#6426,1.);
#6426 = DIRECTION('',(-0.,-0.,1.));
#6427 = PCURVE('',#4616,#6428);
#6428 = DEFINITIONAL_REPRESENTATION('',(#6429),#6433);
#6429 = LINE('',#6430,#6431);
#6430 = CARTESIAN_POINT('',(1.16969029864,-1.489334560968));
#6431 = VECTOR('',#6432,1.);
#6432 = DIRECTION('',(-0.493012571981,-0.870022185849));
#6433 = ( GEOMETRIC_REPRESENTATION_CONTEXT(2) 
PARAMETRIC_REPRESENTATION_CONTEXT() REPRESENTATION_CONTEXT('2D SPACE',''
  ) );
#6434 = PCURVE('',#4588,#6435);
#6435 = DEFINITIONAL_REPRESENTATION('',(#6436),#6440);
#6436 = LINE('',#6437,#6438);
#6437 = CARTESIAN_POINT('',(0.71908208764,8.));
#6438 = VECTOR('',#6439,1.);
#6439 = DIRECTION('',(-1.,-0.));
#6440 = ( GEOMETRIC_REPRESENTATION_CONTEXT(2) 
PARAMETRIC_REPRESENTATION_CONTEXT() REPRESENTATION_CONTEXT('2D SPACE',''
  ) );
#6441 = ORIENTED_EDGE('',*,*,#4600,.F.);
#6442 = ORIENTED_EDGE('',*,*,#6370,.T.);
#6443 = ORIENTED_EDGE('',*,*,#6444,.T.);
#6444 = EDGE_CURVE('',#6371,#6445,#6447,.T.);
#6445 = VERTEX_POINT('',#6446);
#6446 = CARTESIAN_POINT('',(-6.,124.97185531871,15.479349215107));
#6447 = SURFACE_CURVE('',#6448,(#6453,#6464),.PCURVE_S1.);
#6448 = CIRCLE('',#6449,6.);
#6449 = AXIS2_PLACEMENT_3D('',#6450,#6451,#6452);
#6450 = CARTESIAN_POINT('',(-6.,130.1919884338,12.521273783222));
#6451 = DIRECTION('',(1.,0.,-1.110223024625E-16));
#6452 = DIRECTION('',(-1.110223024625E-16,0.,-1.));
#6453 = PCURVE('',#4616,#6454);
#6454 = DEFINITIONAL_REPRESENTATION('',(#6455),#6463);
#6455 = ( BOUNDED_CURVE() B_SPLINE_CURVE(2,(#6456,#6457,#6458,#6459,
#6460,#6461,#6462),.UNSPECIFIED.,.T.,.F.) B_SPLINE_CURVE_WITH_KNOTS((1,2
    ,2,2,2,1),(-2.094395102393,0.,2.094395102393,4.188790204786,
6.28318530718,8.377580409573),.UNSPECIFIED.) CURVE() 
GEOMETRIC_REPRESENTATION_ITEM() RATIONAL_B_SPLINE_CURVE((1.,0.5,1.,0.5,
1.,0.5,1.)) REPRESENTATION_ITEM('') );
#6456 = CARTESIAN_POINT('',(-3.041924568115,-2.779866884908));
#6457 = CARTESIAN_POINT('',(5.999611209497,-7.903403825555));
#6458 = CARTESIAN_POINT('',(-2.958269827137,-13.17183502786));
#6459 = CARTESIAN_POINT('',(-11.91615086377,-18.44026623018));
#6460 = CARTESIAN_POINT('',(-11.99980560474,-8.048298087223));
#6461 = CARTESIAN_POINT('',(-12.08346034572,2.343670055738));
#6462 = CARTESIAN_POINT('',(-3.041924568115,-2.779866884908));
#6463 = ( GEOMETRIC_REPRESENTATION_CONTEXT(2) 
PARAMETRIC_REPRESENTATION_CONTEXT() REPRESENTATION_CONTEXT('2D SPACE',''
  ) );
#6464 = PCURVE('',#6333,#6465);
#6465 = DEFINITIONAL_REPRESENTATION('',(#6466),#6470);
#6466 = LINE('',#6467,#6468);
#6467 = CARTESIAN_POINT('',(-0.,16.));
#6468 = VECTOR('',#6469,1.);
#6469 = DIRECTION('',(-1.,0.));
#6470 = ( GEOMETRIC_REPRESENTATION_CONTEXT(2) 
PARAMETRIC_REPRESENTATION_CONTEXT() REPRESENTATION_CONTEXT('2D SPACE',''
  ) );
#6471 = ORIENTED_EDGE('',*,*,#6472,.F.);
#6472 = EDGE_CURVE('',#6473,#6445,#6475,.T.);
#6473 = VERTEX_POINT('',#6474);
#6474 = CARTESIAN_POINT('',(-6.,124.15689561939,14.041185039828));
#6475 = SURFACE_CURVE('',#6476,(#6480,#6487),.PCURVE_S1.);
#6476 = LINE('',#6477,#6478);
#6477 = CARTESIAN_POINT('',(-6.,121.02775474286,8.519171728318));
#6478 = VECTOR('',#6479,1.);
#6479 = DIRECTION('',(0.,0.493012571981,0.870022185849));
#6480 = PCURVE('',#4616,#6481);
#6481 = DEFINITIONAL_REPRESENTATION('',(#6482),#6486);
#6482 = LINE('',#6483,#6484);
#6483 = CARTESIAN_POINT('',(-12.,-3.571741307018E-17));
#6484 = VECTOR('',#6485,1.);
#6485 = DIRECTION('',(-1.185987736885E-17,-1.));
#6486 = ( GEOMETRIC_REPRESENTATION_CONTEXT(2) 
PARAMETRIC_REPRESENTATION_CONTEXT() REPRESENTATION_CONTEXT('2D SPACE',''
  ) );
#6487 = PCURVE('',#6488,#6493);
#6488 = PLANE('',#6489);
#6489 = AXIS2_PLACEMENT_3D('',#6490,#6491,#6492);
#6490 = CARTESIAN_POINT('',(10.,121.02775474286,8.519171728318));
#6491 = DIRECTION('',(0.,-0.870022185849,0.493012571981));
#6492 = DIRECTION('',(1.,0.,0.));
#6493 = DEFINITIONAL_REPRESENTATION('',(#6494),#6498);
#6494 = LINE('',#6495,#6496);
#6495 = CARTESIAN_POINT('',(-16.,0.));
#6496 = VECTOR('',#6497,1.);
#6497 = DIRECTION('',(0.,1.));
#6498 = ( GEOMETRIC_REPRESENTATION_CONTEXT(2) 
PARAMETRIC_REPRESENTATION_CONTEXT() REPRESENTATION_CONTEXT('2D SPACE',''
  ) );
#6499 = ORIENTED_EDGE('',*,*,#6500,.F.);
#6500 = EDGE_CURVE('',#6420,#6473,#6501,.T.);
#6501 = SURFACE_CURVE('',#6502,(#6506,#6513),.PCURVE_S1.);
#6502 = LINE('',#6503,#6504);
#6503 = CARTESIAN_POINT('',(-6.,127.34397955946,14.041185039828));
#6504 = VECTOR('',#6505,1.);
#6505 = DIRECTION('',(-0.,-1.,-0.));
#6506 = PCURVE('',#4616,#6507);
#6507 = DEFINITIONAL_REPRESENTATION('',(#6508),#6512);
#6508 = LINE('',#6509,#6510);
#6509 = CARTESIAN_POINT('',(-9.227166263971,-7.918252333605));
#6510 = VECTOR('',#6511,1.);
#6511 = DIRECTION('',(-0.870022185849,0.493012571981));
#6512 = ( GEOMETRIC_REPRESENTATION_CONTEXT(2) 
PARAMETRIC_REPRESENTATION_CONTEXT() REPRESENTATION_CONTEXT('2D SPACE',''
  ) );
#6513 = PCURVE('',#6170,#6514);
#6514 = DEFINITIONAL_REPRESENTATION('',(#6515),#6519);
#6515 = LINE('',#6516,#6517);
#6516 = CARTESIAN_POINT('',(-8.,4.124041413584));
#6517 = VECTOR('',#6518,1.);
#6518 = DIRECTION('',(-0.,-1.));
#6519 = ( GEOMETRIC_REPRESENTATION_CONTEXT(2) 
PARAMETRIC_REPRESENTATION_CONTEXT() REPRESENTATION_CONTEXT('2D SPACE',''
  ) );
#6520 = ADVANCED_FACE('',(#6521),#4588,.T.);
#6521 = FACE_BOUND('',#6522,.F.);
#6522 = EDGE_LOOP('',(#6523,#6524,#6525,#6526));
#6523 = ORIENTED_EDGE('',*,*,#6131,.F.);
#6524 = ORIENTED_EDGE('',*,*,#4572,.F.);
#6525 = ORIENTED_EDGE('',*,*,#6419,.T.);
#6526 = ORIENTED_EDGE('',*,*,#6527,.T.);
#6527 = EDGE_CURVE('',#6420,#6132,#6528,.T.);
#6528 = SURFACE_CURVE('',#6529,(#6533,#6540),.PCURVE_S1.);
#6529 = LINE('',#6530,#6531);
#6530 = CARTESIAN_POINT('',(2.,133.21993814588,14.041185039828));
#6531 = VECTOR('',#6532,1.);
#6532 = DIRECTION('',(-1.,0.,-0.));
#6533 = PCURVE('',#4588,#6534);
#6534 = DEFINITIONAL_REPRESENTATION('',(#6535),#6539);
#6535 = LINE('',#6536,#6537);
#6536 = CARTESIAN_POINT('',(-10.,-0.));
#6537 = VECTOR('',#6538,1.);
#6538 = DIRECTION('',(-0.,1.));
#6539 = ( GEOMETRIC_REPRESENTATION_CONTEXT(2) 
PARAMETRIC_REPRESENTATION_CONTEXT() REPRESENTATION_CONTEXT('2D SPACE',''
  ) );
#6540 = PCURVE('',#6170,#6541);
#6541 = DEFINITIONAL_REPRESENTATION('',(#6542),#6546);
#6542 = LINE('',#6543,#6544);
#6543 = CARTESIAN_POINT('',(0.,10.));
#6544 = VECTOR('',#6545,1.);
#6545 = DIRECTION('',(-1.,0.));
#6546 = ( GEOMETRIC_REPRESENTATION_CONTEXT(2) 
PARAMETRIC_REPRESENTATION_CONTEXT() REPRESENTATION_CONTEXT('2D SPACE',''
  ) );
#6547 = ADVANCED_FACE('',(#6548),#4738,.T.);
#6548 = FACE_BOUND('',#6549,.F.);
#6549 = EDGE_LOOP('',(#6550,#6574,#6575,#6576));
#6550 = ORIENTED_EDGE('',*,*,#6551,.F.);
#6551 = EDGE_CURVE('',#4721,#6552,#6554,.T.);
#6552 = VERTEX_POINT('',#6553);
#6553 = CARTESIAN_POINT('',(-16.9,-123.4375665964,38.049408789411));
#6554 = SURFACE_CURVE('',#6555,(#6560,#6567),.PCURVE_S1.);
#6555 = CIRCLE('',#6556,7.5);
#6556 = AXIS2_PLACEMENT_3D('',#6557,#6558,#6559);
#6557 = CARTESIAN_POINT('',(-16.9,-120.9736619094,30.965682814115));
#6558 = DIRECTION('',(-1.,1.361873576874E-15,4.736951571734E-16));
#6559 = DIRECTION('',(3.157219316566E-32,0.328520624941,-0.944496796706)
  );
#6560 = PCURVE('',#4738,#6561);
#6561 = DEFINITIONAL_REPRESENTATION('',(#6562),#6566);
#6562 = LINE('',#6563,#6564);
#6563 = CARTESIAN_POINT('',(-6.617922144496,0.));
#6564 = VECTOR('',#6565,1.);
#6565 = DIRECTION('',(1.,-0.));
#6566 = ( GEOMETRIC_REPRESENTATION_CONTEXT(2) 
PARAMETRIC_REPRESENTATION_CONTEXT() REPRESENTATION_CONTEXT('2D SPACE',''
  ) );
#6567 = PCURVE('',#4117,#6568);
#6568 = DEFINITIONAL_REPRESENTATION('',(#6569),#6573);
#6569 = CIRCLE('',#6570,7.5);
#6570 = AXIS2_PLACEMENT_2D('',#6571,#6572);
#6571 = CARTESIAN_POINT('',(-7.5,-176.7579566188));
#6572 = DIRECTION('',(-1.,-2.264786065891E-15));
#6573 = ( GEOMETRIC_REPRESENTATION_CONTEXT(2) 
PARAMETRIC_REPRESENTATION_CONTEXT() REPRESENTATION_CONTEXT('2D SPACE',''
  ) );
#6574 = ORIENTED_EDGE('',*,*,#4720,.T.);
#6575 = ORIENTED_EDGE('',*,*,#6073,.T.);
#6576 = ORIENTED_EDGE('',*,*,#6577,.F.);
#6577 = EDGE_CURVE('',#6552,#6051,#6578,.T.);
#6578 = SURFACE_CURVE('',#6579,(#6583,#6590),.PCURVE_S1.);
#6579 = LINE('',#6580,#6581);
#6580 = CARTESIAN_POINT('',(-16.9,-123.4375665964,38.049408789411));
#6581 = VECTOR('',#6582,1.);
#6582 = DIRECTION('',(-1.,0.,-0.));
#6583 = PCURVE('',#4738,#6584);
#6584 = DEFINITIONAL_REPRESENTATION('',(#6585),#6589);
#6585 = LINE('',#6586,#6587);
#6586 = CARTESIAN_POINT('',(-3.476329490907,7.864515677909E-16));
#6587 = VECTOR('',#6588,1.);
#6588 = DIRECTION('',(-0.,1.));
#6589 = ( GEOMETRIC_REPRESENTATION_CONTEXT(2) 
PARAMETRIC_REPRESENTATION_CONTEXT() REPRESENTATION_CONTEXT('2D SPACE',''
  ) );
#6590 = PCURVE('',#4961,#6591);
#6591 = DEFINITIONAL_REPRESENTATION('',(#6592),#6596);
#6592 = LINE('',#6593,#6594);
#6593 = CARTESIAN_POINT('',(-0.,176.75795661885));
#6594 = VECTOR('',#6595,1.);
#6595 = DIRECTION('',(-1.,0.));
#6596 = ( GEOMETRIC_REPRESENTATION_CONTEXT(2) 
PARAMETRIC_REPRESENTATION_CONTEXT() REPRESENTATION_CONTEXT('2D SPACE',''
  ) );
#6597 = ADVANCED_FACE('',(#6598,#6703),#4117,.F.);
#6598 = FACE_BOUND('',#6599,.T.);
#6599 = EDGE_LOOP('',(#6600,#6601,#6624,#6652,#6680,#6701,#6702));
#6600 = ORIENTED_EDGE('',*,*,#4919,.T.);
#6601 = ORIENTED_EDGE('',*,*,#6602,.T.);
#6602 = EDGE_CURVE('',#4920,#6603,#6605,.T.);
#6603 = VERTEX_POINT('',#6604);
#6604 = CARTESIAN_POINT('',(-16.9,-5.479230210905,79.078395358306));
#6605 = SURFACE_CURVE('',#6606,(#6610,#6617),.PCURVE_S1.);
#6606 = LINE('',#6607,#6608);
#6607 = CARTESIAN_POINT('',(-16.9,43.50975722236,96.118043161181));
#6608 = VECTOR('',#6609,1.);
#6609 = DIRECTION('',(0.,-0.944496796706,-0.328520624941));
#6610 = PCURVE('',#4117,#6611);
#6611 = DEFINITIONAL_REPRESENTATION('',(#6612),#6616);
#6612 = LINE('',#6613,#6614);
#6613 = CARTESIAN_POINT('',(-0.,0.));
#6614 = VECTOR('',#6615,1.);
#6615 = DIRECTION('',(7.965226789662E-18,-1.));
#6616 = ( GEOMETRIC_REPRESENTATION_CONTEXT(2) 
PARAMETRIC_REPRESENTATION_CONTEXT() REPRESENTATION_CONTEXT('2D SPACE',''
  ) );
#6617 = PCURVE('',#4961,#6618);
#6618 = DEFINITIONAL_REPRESENTATION('',(#6619),#6623);
#6619 = LINE('',#6620,#6621);
#6620 = CARTESIAN_POINT('',(-0.,-0.));
#6621 = VECTOR('',#6622,1.);
#6622 = DIRECTION('',(-0.,1.));
#6623 = ( GEOMETRIC_REPRESENTATION_CONTEXT(2) 
PARAMETRIC_REPRESENTATION_CONTEXT() REPRESENTATION_CONTEXT('2D SPACE',''
  ) );
#6624 = ORIENTED_EDGE('',*,*,#6625,.F.);
#6625 = EDGE_CURVE('',#6626,#6603,#6628,.T.);
#6626 = VERTEX_POINT('',#6627);
#6627 = CARTESIAN_POINT('',(-16.9,-5.479230210905,78.455488052568));
#6628 = SURFACE_CURVE('',#6629,(#6633,#6640),.PCURVE_S1.);
#6629 = LINE('',#6630,#6631);
#6630 = CARTESIAN_POINT('',(-16.9,-5.479230210905,87.286765606875));
#6631 = VECTOR('',#6632,1.);
#6632 = DIRECTION('',(-0.,-0.,1.));
#6633 = PCURVE('',#4117,#6634);
#6634 = DEFINITIONAL_REPRESENTATION('',(#6635),#6639);
#6635 = LINE('',#6636,#6637);
#6636 = CARTESIAN_POINT('',(7.752779405951,-49.17119852576));
#6637 = VECTOR('',#6638,1.);
#6638 = DIRECTION('',(0.944496796706,0.328520624941));
#6639 = ( GEOMETRIC_REPRESENTATION_CONTEXT(2) 
PARAMETRIC_REPRESENTATION_CONTEXT() REPRESENTATION_CONTEXT('2D SPACE',''
  ) );
#6640 = PCURVE('',#6641,#6646);
#6641 = PLANE('',#6642);
#6642 = AXIS2_PLACEMENT_3D('',#6643,#6644,#6645);
#6643 = CARTESIAN_POINT('',(2.,-5.479230210905,78.455488052568));
#6644 = DIRECTION('',(-0.,1.,0.));
#6645 = DIRECTION('',(0.,0.,-1.));
#6646 = DEFINITIONAL_REPRESENTATION('',(#6647),#6651);
#6647 = LINE('',#6648,#6649);
#6648 = CARTESIAN_POINT('',(-8.831277554307,18.9));
#6649 = VECTOR('',#6650,1.);
#6650 = DIRECTION('',(-1.,-0.));
#6651 = ( GEOMETRIC_REPRESENTATION_CONTEXT(2) 
PARAMETRIC_REPRESENTATION_CONTEXT() REPRESENTATION_CONTEXT('2D SPACE',''
  ) );
#6652 = ORIENTED_EDGE('',*,*,#6653,.T.);
#6653 = EDGE_CURVE('',#6626,#6654,#6656,.T.);
#6654 = VERTEX_POINT('',#6655);
#6655 = CARTESIAN_POINT('',(-16.9,-7.270088714903,78.455488052568));
#6656 = SURFACE_CURVE('',#6657,(#6661,#6668),.PCURVE_S1.);
#6657 = LINE('',#6658,#6659);
#6658 = CARTESIAN_POINT('',(-16.9,13.015263505727,78.455488052568));
#6659 = VECTOR('',#6660,1.);
#6660 = DIRECTION('',(-0.,-1.,-0.));
#6661 = PCURVE('',#4117,#6662);
#6662 = DEFINITIONAL_REPRESENTATION('',(#6663),#6667);
#6663 = LINE('',#6664,#6665);
#6664 = CARTESIAN_POINT('',(-6.664156588675,-34.60446527487));
#6665 = VECTOR('',#6666,1.);
#6666 = DIRECTION('',(0.328520624941,-0.944496796706));
#6667 = ( GEOMETRIC_REPRESENTATION_CONTEXT(2) 
PARAMETRIC_REPRESENTATION_CONTEXT() REPRESENTATION_CONTEXT('2D SPACE',''
  ) );
#6668 = PCURVE('',#6669,#6674);
#6669 = PLANE('',#6670);
#6670 = AXIS2_PLACEMENT_3D('',#6671,#6672,#6673);
#6671 = CARTESIAN_POINT('',(2.,-17.4792302109,78.455488052568));
#6672 = DIRECTION('',(0.,-0.,1.));
#6673 = DIRECTION('',(1.,0.,0.));
#6674 = DEFINITIONAL_REPRESENTATION('',(#6675),#6679);
#6675 = LINE('',#6676,#6677);
#6676 = CARTESIAN_POINT('',(-18.9,30.494493716632));
#6677 = VECTOR('',#6678,1.);
#6678 = DIRECTION('',(-0.,-1.));
#6679 = ( GEOMETRIC_REPRESENTATION_CONTEXT(2) 
PARAMETRIC_REPRESENTATION_CONTEXT() REPRESENTATION_CONTEXT('2D SPACE',''
  ) );
#6680 = ORIENTED_EDGE('',*,*,#6681,.T.);
#6681 = EDGE_CURVE('',#6654,#6552,#6682,.T.);
#6682 = SURFACE_CURVE('',#6683,(#6687,#6694),.PCURVE_S1.);
#6683 = LINE('',#6684,#6685);
#6684 = CARTESIAN_POINT('',(-16.9,43.50975722236,96.118043161181));
#6685 = VECTOR('',#6686,1.);
#6686 = DIRECTION('',(0.,-0.944496796706,-0.328520624941));
#6687 = PCURVE('',#4117,#6688);
#6688 = DEFINITIONAL_REPRESENTATION('',(#6689),#6693);
#6689 = LINE('',#6690,#6691);
#6690 = CARTESIAN_POINT('',(-0.,0.));
#6691 = VECTOR('',#6692,1.);
#6692 = DIRECTION('',(7.965226789662E-18,-1.));
#6693 = ( GEOMETRIC_REPRESENTATION_CONTEXT(2) 
PARAMETRIC_REPRESENTATION_CONTEXT() REPRESENTATION_CONTEXT('2D SPACE',''
  ) );
#6694 = PCURVE('',#4961,#6695);
#6695 = DEFINITIONAL_REPRESENTATION('',(#6696),#6700);
#6696 = LINE('',#6697,#6698);
#6697 = CARTESIAN_POINT('',(-0.,-0.));
#6698 = VECTOR('',#6699,1.);
#6699 = DIRECTION('',(-0.,1.));
#6700 = ( GEOMETRIC_REPRESENTATION_CONTEXT(2) 
PARAMETRIC_REPRESENTATION_CONTEXT() REPRESENTATION_CONTEXT('2D SPACE',''
  ) );
#6701 = ORIENTED_EDGE('',*,*,#6551,.F.);
#6702 = ORIENTED_EDGE('',*,*,#4750,.F.);
#6703 = FACE_BOUND('',#6704,.T.);
#6704 = EDGE_LOOP('',(#6705,#6706,#6727,#6728));
#6705 = ORIENTED_EDGE('',*,*,#5905,.F.);
#6706 = ORIENTED_EDGE('',*,*,#6707,.T.);
#6707 = EDGE_CURVE('',#5883,#4101,#6708,.T.);
#6708 = SURFACE_CURVE('',#6709,(#6713,#6720),.PCURVE_S1.);
#6709 = LINE('',#6710,#6711);
#6710 = CARTESIAN_POINT('',(-16.9,41.637189660195,94.196197505275));
#6711 = VECTOR('',#6712,1.);
#6712 = DIRECTION('',(-0.,0.944496796706,0.328520624941));
#6713 = PCURVE('',#4117,#6714);
#6714 = DEFINITIONAL_REPRESENTATION('',(#6715),#6719);
#6715 = LINE('',#6716,#6717);
#6716 = CARTESIAN_POINT('',(-1.2,-2.4));
#6717 = VECTOR('',#6718,1.);
#6718 = DIRECTION('',(-7.965226789662E-18,1.));
#6719 = ( GEOMETRIC_REPRESENTATION_CONTEXT(2) 
PARAMETRIC_REPRESENTATION_CONTEXT() REPRESENTATION_CONTEXT('2D SPACE',''
  ) );
#6720 = PCURVE('',#4149,#6721);
#6721 = DEFINITIONAL_REPRESENTATION('',(#6722),#6726);
#6722 = LINE('',#6723,#6724);
#6723 = CARTESIAN_POINT('',(-1.,-2.4));
#6724 = VECTOR('',#6725,1.);
#6725 = DIRECTION('',(-0.,-1.));
#6726 = ( GEOMETRIC_REPRESENTATION_CONTEXT(2) 
PARAMETRIC_REPRESENTATION_CONTEXT() REPRESENTATION_CONTEXT('2D SPACE',''
  ) );
#6727 = ORIENTED_EDGE('',*,*,#4100,.F.);
#6728 = ORIENTED_EDGE('',*,*,#5959,.F.);
#6729 = ADVANCED_FACE('',(#6730),#4961,.F.);
#6730 = FACE_BOUND('',#6731,.T.);
#6731 = EDGE_LOOP('',(#6732,#6733,#6734,#6735,#6736,#6737,#6760,#6788));
#6732 = ORIENTED_EDGE('',*,*,#6602,.F.);
#6733 = ORIENTED_EDGE('',*,*,#4947,.T.);
#6734 = ORIENTED_EDGE('',*,*,#6050,.T.);
#6735 = ORIENTED_EDGE('',*,*,#6577,.F.);
#6736 = ORIENTED_EDGE('',*,*,#6681,.F.);
#6737 = ORIENTED_EDGE('',*,*,#6738,.T.);
#6738 = EDGE_CURVE('',#6654,#6739,#6741,.T.);
#6739 = VERTEX_POINT('',#6740);
#6740 = CARTESIAN_POINT('',(-22.,-7.270088714903,78.455488052568));
#6741 = SURFACE_CURVE('',#6742,(#6746,#6753),.PCURVE_S1.);
#6742 = LINE('',#6743,#6744);
#6743 = CARTESIAN_POINT('',(-7.45,-7.270088714903,78.455488052568));
#6744 = VECTOR('',#6745,1.);
#6745 = DIRECTION('',(-1.,-0.,-0.));
#6746 = PCURVE('',#4961,#6747);
#6747 = DEFINITIONAL_REPRESENTATION('',(#6748),#6752);
#6748 = LINE('',#6749,#6750);
#6749 = CARTESIAN_POINT('',(9.45,53.763915467318));
#6750 = VECTOR('',#6751,1.);
#6751 = DIRECTION('',(-1.,0.));
#6752 = ( GEOMETRIC_REPRESENTATION_CONTEXT(2) 
PARAMETRIC_REPRESENTATION_CONTEXT() REPRESENTATION_CONTEXT('2D SPACE',''
  ) );
#6753 = PCURVE('',#6669,#6754);
#6754 = DEFINITIONAL_REPRESENTATION('',(#6755),#6759);
#6755 = LINE('',#6756,#6757);
#6756 = CARTESIAN_POINT('',(-9.45,10.209141496002));
#6757 = VECTOR('',#6758,1.);
#6758 = DIRECTION('',(-1.,0.));
#6759 = ( GEOMETRIC_REPRESENTATION_CONTEXT(2) 
PARAMETRIC_REPRESENTATION_CONTEXT() REPRESENTATION_CONTEXT('2D SPACE',''
  ) );
#6760 = ORIENTED_EDGE('',*,*,#6761,.F.);
#6761 = EDGE_CURVE('',#6762,#6739,#6764,.T.);
#6762 = VERTEX_POINT('',#6763);
#6763 = CARTESIAN_POINT('',(-22.,-5.479230210905,79.078395358306));
#6764 = SURFACE_CURVE('',#6765,(#6769,#6776),.PCURVE_S1.);
#6765 = LINE('',#6766,#6767);
#6766 = CARTESIAN_POINT('',(-22.,13.566178392527,85.702885307326));
#6767 = VECTOR('',#6768,1.);
#6768 = DIRECTION('',(-0.,-0.944496796706,-0.328520624941));
#6769 = PCURVE('',#4961,#6770);
#6770 = DEFINITIONAL_REPRESENTATION('',(#6771),#6775);
#6771 = LINE('',#6772,#6773);
#6772 = CARTESIAN_POINT('',(-5.1,31.703208453706));
#6773 = VECTOR('',#6774,1.);
#6774 = DIRECTION('',(-0.,1.));
#6775 = ( GEOMETRIC_REPRESENTATION_CONTEXT(2) 
PARAMETRIC_REPRESENTATION_CONTEXT() REPRESENTATION_CONTEXT('2D SPACE',''
  ) );
#6776 = PCURVE('',#6777,#6782);
#6777 = PLANE('',#6778);
#6778 = AXIS2_PLACEMENT_3D('',#6779,#6780,#6781);
#6779 = CARTESIAN_POINT('',(-22.,-17.4792302109,78.455488052568));
#6780 = DIRECTION('',(-1.,0.,-0.));
#6781 = DIRECTION('',(0.,0.,-1.));
#6782 = DEFINITIONAL_REPRESENTATION('',(#6783),#6787);
#6783 = LINE('',#6784,#6785);
#6784 = CARTESIAN_POINT('',(-7.247397254758,-31.04540860343));
#6785 = VECTOR('',#6786,1.);
#6786 = DIRECTION('',(0.328520624941,0.944496796706));
#6787 = ( GEOMETRIC_REPRESENTATION_CONTEXT(2) 
PARAMETRIC_REPRESENTATION_CONTEXT() REPRESENTATION_CONTEXT('2D SPACE',''
  ) );
#6788 = ORIENTED_EDGE('',*,*,#6789,.F.);
#6789 = EDGE_CURVE('',#6603,#6762,#6790,.T.);
#6790 = SURFACE_CURVE('',#6791,(#6795,#6802),.PCURVE_S1.);
#6791 = LINE('',#6792,#6793);
#6792 = CARTESIAN_POINT('',(-7.45,-5.479230210905,79.078395358306));
#6793 = VECTOR('',#6794,1.);
#6794 = DIRECTION('',(-1.,-0.,-0.));
#6795 = PCURVE('',#4961,#6796);
#6796 = DEFINITIONAL_REPRESENTATION('',(#6797),#6801);
#6797 = LINE('',#6798,#6799);
#6798 = CARTESIAN_POINT('',(9.45,51.867817449576));
#6799 = VECTOR('',#6800,1.);
#6800 = DIRECTION('',(-1.,0.));
#6801 = ( GEOMETRIC_REPRESENTATION_CONTEXT(2) 
PARAMETRIC_REPRESENTATION_CONTEXT() REPRESENTATION_CONTEXT('2D SPACE',''
  ) );
#6802 = PCURVE('',#6641,#6803);
#6803 = DEFINITIONAL_REPRESENTATION('',(#6804),#6808);
#6804 = LINE('',#6805,#6806);
#6805 = CARTESIAN_POINT('',(-0.622907305738,9.45));
#6806 = VECTOR('',#6807,1.);
#6807 = DIRECTION('',(-0.,1.));
#6808 = ( GEOMETRIC_REPRESENTATION_CONTEXT(2) 
PARAMETRIC_REPRESENTATION_CONTEXT() REPRESENTATION_CONTEXT('2D SPACE',''
  ) );
#6809 = ADVANCED_FACE('',(#6810),#5040,.F.);
#6810 = FACE_BOUND('',#6811,.T.);
#6811 = EDGE_LOOP('',(#6812,#6813,#6814,#6845));
#6812 = ORIENTED_EDGE('',*,*,#6182,.F.);
#6813 = ORIENTED_EDGE('',*,*,#5024,.T.);
#6814 = ORIENTED_EDGE('',*,*,#6815,.F.);
#6815 = EDGE_CURVE('',#6816,#5025,#6818,.T.);
#6816 = VERTEX_POINT('',#6817);
#6817 = CARTESIAN_POINT('',(-3.273195783989,123.21993814588,
    14.041185039828));
#6818 = SURFACE_CURVE('',#6819,(#6824,#6835),.PCURVE_S1.);
#6819 = ELLIPSE('',#6820,6.436617469172,5.6);
#6820 = AXIS2_PLACEMENT_3D('',#6821,#6822,#6823);
#6821 = CARTESIAN_POINT('',(2.,123.21993814588,11.874518373161));
#6822 = DIRECTION('',(0.,-1.,0.));
#6823 = DIRECTION('',(-0.,-0.,-1.));
#6824 = PCURVE('',#5040,#6825);
#6825 = DEFINITIONAL_REPRESENTATION('',(#6826),#6834);
#6826 = ( BOUNDED_CURVE() B_SPLINE_CURVE(2,(#6827,#6828,#6829,#6830,
#6831,#6832,#6833),.UNSPECIFIED.,.T.,.F.) B_SPLINE_CURVE_WITH_KNOTS((1,2
    ,2,2,2,1),(-2.094395102393,0.,2.094395102393,4.188790204786,
6.28318530718,8.377580409573),.UNSPECIFIED.) CURVE() 
GEOMETRIC_REPRESENTATION_ITEM() RATIONAL_B_SPLINE_CURVE((1.,0.5,1.,0.5,
1.,0.5,1.)) REPRESENTATION_ITEM('') );
#6827 = CARTESIAN_POINT('',(-1.396715864162,0.));
#6828 = CARTESIAN_POINT('',(-1.396715864162,-9.699484522386));
#6829 = CARTESIAN_POINT('',(-11.05164206791,-4.849742261193));
#6830 = CARTESIAN_POINT('',(-20.70656827167,-1.371604415045E-15));
#6831 = CARTESIAN_POINT('',(-11.05164206791,4.849742261193));
#6832 = CARTESIAN_POINT('',(-1.396715864162,9.699484522386));
#6833 = CARTESIAN_POINT('',(-1.396715864162,0.));
#6834 = ( GEOMETRIC_REPRESENTATION_CONTEXT(2) 
PARAMETRIC_REPRESENTATION_CONTEXT() REPRESENTATION_CONTEXT('2D SPACE',''
  ) );
#6835 = PCURVE('',#5073,#6836);
#6836 = DEFINITIONAL_REPRESENTATION('',(#6837),#6844);
#6837 = B_SPLINE_CURVE_WITH_KNOTS('',5,(#6838,#6839,#6840,#6841,#6842,
    #6843),.UNSPECIFIED.,.F.,.F.,(6,6),(4.198030048118,4.632571214855),
  .PIECEWISE_BEZIER_KNOTS.);
#6838 = CARTESIAN_POINT('',(-5.768826374913,8.691813638872));
#6839 = CARTESIAN_POINT('',(-5.85573460826,8.931917649516));
#6840 = CARTESIAN_POINT('',(-5.942642841608,9.186761276077));
#6841 = CARTESIAN_POINT('',(-6.029551074955,9.452567754833));
#6842 = CARTESIAN_POINT('',(-6.116459308303,9.725089847933));
#6843 = CARTESIAN_POINT('',(-6.20336754165,10.0000006));
#6844 = ( GEOMETRIC_REPRESENTATION_CONTEXT(2) 
PARAMETRIC_REPRESENTATION_CONTEXT() REPRESENTATION_CONTEXT('2D SPACE',''
  ) );
#6845 = ORIENTED_EDGE('',*,*,#6846,.T.);
#6846 = EDGE_CURVE('',#6816,#6155,#6847,.T.);
#6847 = SURFACE_CURVE('',#6848,(#6852,#6859),.PCURVE_S1.);
#6848 = LINE('',#6849,#6850);
#6849 = CARTESIAN_POINT('',(2.,123.21993814588,14.041185039828));
#6850 = VECTOR('',#6851,1.);
#6851 = DIRECTION('',(-1.,0.,-0.));
#6852 = PCURVE('',#5040,#6853);
#6853 = DEFINITIONAL_REPRESENTATION('',(#6854),#6858);
#6854 = LINE('',#6855,#6856);
#6855 = CARTESIAN_POINT('',(-10.,-0.));
#6856 = VECTOR('',#6857,1.);
#6857 = DIRECTION('',(-0.,1.));
#6858 = ( GEOMETRIC_REPRESENTATION_CONTEXT(2) 
PARAMETRIC_REPRESENTATION_CONTEXT() REPRESENTATION_CONTEXT('2D SPACE',''
  ) );
#6859 = PCURVE('',#6170,#6860);
#6860 = DEFINITIONAL_REPRESENTATION('',(#6861),#6865);
#6861 = LINE('',#6862,#6863);
#6862 = CARTESIAN_POINT('',(0.,-0.));
#6863 = VECTOR('',#6864,1.);
#6864 = DIRECTION('',(-1.,0.));
#6865 = ( GEOMETRIC_REPRESENTATION_CONTEXT(2) 
PARAMETRIC_REPRESENTATION_CONTEXT() REPRESENTATION_CONTEXT('2D SPACE',''
  ) );
#6866 = ADVANCED_FACE('',(#6867),#5073,.T.);
#6867 = FACE_BOUND('',#6868,.F.);
#6868 = EDGE_LOOP('',(#6869,#6895,#6916,#6917,#6943,#6944,#6945,#6946,
    #6977,#7001));
#6869 = ORIENTED_EDGE('',*,*,#6870,.F.);
#6870 = EDGE_CURVE('',#6871,#6873,#6875,.T.);
#6871 = VERTEX_POINT('',#6872);
#6872 = CARTESIAN_POINT('',(7.,121.75647463247,9.805148004083));
#6873 = VERTEX_POINT('',#6874);
#6874 = CARTESIAN_POINT('',(5.919183588453,124.97185531871,
    15.479349215107));
#6875 = SURFACE_CURVE('',#6876,(#6881,#6888),.PCURVE_S1.);
#6876 = CIRCLE('',#6877,5.6);
#6877 = AXIS2_PLACEMENT_3D('',#6878,#6879,#6880);
#6878 = CARTESIAN_POINT('',(2.,122.99980503079,11.999260471713));
#6879 = DIRECTION('',(-0.,-0.870022185849,0.493012571981));
#6880 = DIRECTION('',(-1.,0.,-0.));
#6881 = PCURVE('',#5073,#6882);
#6882 = DEFINITIONAL_REPRESENTATION('',(#6883),#6887);
#6883 = LINE('',#6884,#6885);
#6884 = CARTESIAN_POINT('',(-0.,10.));
#6885 = VECTOR('',#6886,1.);
#6886 = DIRECTION('',(-1.,0.));
#6887 = ( GEOMETRIC_REPRESENTATION_CONTEXT(2) 
PARAMETRIC_REPRESENTATION_CONTEXT() REPRESENTATION_CONTEXT('2D SPACE',''
  ) );
#6888 = PCURVE('',#6273,#6889);
#6889 = DEFINITIONAL_REPRESENTATION('',(#6890),#6894);
#6890 = CIRCLE('',#6891,5.6);
#6891 = AXIS2_PLACEMENT_2D('',#6892,#6893);
#6892 = CARTESIAN_POINT('',(-8.,4.));
#6893 = DIRECTION('',(-1.,0.));
#6894 = ( GEOMETRIC_REPRESENTATION_CONTEXT(2) 
PARAMETRIC_REPRESENTATION_CONTEXT() REPRESENTATION_CONTEXT('2D SPACE',''
  ) );
#6895 = ORIENTED_EDGE('',*,*,#6896,.F.);
#6896 = EDGE_CURVE('',#5149,#6871,#6897,.T.);
#6897 = SURFACE_CURVE('',#6898,(#6902,#6909),.PCURVE_S1.);
#6898 = LINE('',#6899,#6900);
#6899 = CARTESIAN_POINT('',(7.,113.05625277398,14.735273723893));
#6900 = VECTOR('',#6901,1.);
#6901 = DIRECTION('',(-0.,0.870022185849,-0.493012571981));
#6902 = PCURVE('',#5073,#6903);
#6903 = DEFINITIONAL_REPRESENTATION('',(#6904),#6908);
#6904 = LINE('',#6905,#6906);
#6905 = CARTESIAN_POINT('',(-2.674446542581,1.459546059283E-15));
#6906 = VECTOR('',#6907,1.);
#6907 = DIRECTION('',(-0.,1.));
#6908 = ( GEOMETRIC_REPRESENTATION_CONTEXT(2) 
PARAMETRIC_REPRESENTATION_CONTEXT() REPRESENTATION_CONTEXT('2D SPACE',''
  ) );
#6909 = PCURVE('',#4512,#6910);
#6910 = DEFINITIONAL_REPRESENTATION('',(#6911),#6915);
#6911 = LINE('',#6912,#6913);
#6912 = CARTESIAN_POINT('',(-8.735273723893,-6.056252773984));
#6913 = VECTOR('',#6914,1.);
#6914 = DIRECTION('',(0.493012571981,-0.870022185849));
#6915 = ( GEOMETRIC_REPRESENTATION_CONTEXT(2) 
PARAMETRIC_REPRESENTATION_CONTEXT() REPRESENTATION_CONTEXT('2D SPACE',''
  ) );
#6916 = ORIENTED_EDGE('',*,*,#5148,.T.);
#6917 = ORIENTED_EDGE('',*,*,#6918,.T.);
#6918 = EDGE_CURVE('',#5121,#5089,#6919,.T.);
#6919 = SURFACE_CURVE('',#6920,(#6925,#6932),.PCURVE_S1.);
#6920 = CIRCLE('',#6921,5.6);
#6921 = AXIS2_PLACEMENT_3D('',#6922,#6923,#6924);
#6922 = CARTESIAN_POINT('',(2.,114.2995831723,16.929386191522));
#6923 = DIRECTION('',(-7.640761031968E-16,-0.870022185849,0.493012571981
    ));
#6924 = DIRECTION('',(0.799057653144,-0.296425983666,-0.523104677057));
#6925 = PCURVE('',#5073,#6926);
#6926 = DEFINITIONAL_REPRESENTATION('',(#6927),#6931);
#6927 = LINE('',#6928,#6929);
#6928 = CARTESIAN_POINT('',(-2.496522607103,0.));
#6929 = VECTOR('',#6930,1.);
#6930 = DIRECTION('',(-1.,0.));
#6931 = ( GEOMETRIC_REPRESENTATION_CONTEXT(2) 
PARAMETRIC_REPRESENTATION_CONTEXT() REPRESENTATION_CONTEXT('2D SPACE',''
  ) );
#6932 = PCURVE('',#5136,#6933);
#6933 = DEFINITIONAL_REPRESENTATION('',(#6934),#6942);
#6934 = ( BOUNDED_CURVE() B_SPLINE_CURVE(2,(#6935,#6936,#6937,#6938,
#6939,#6940,#6941),.UNSPECIFIED.,.T.,.F.) B_SPLINE_CURVE_WITH_KNOTS((1,2
    ,2,2,2,1),(-2.094395102393,0.,2.094395102393,4.188790204786,
6.28318530718,8.377580409573),.UNSPECIFIED.) CURVE() 
GEOMETRIC_REPRESENTATION_ITEM() RATIONAL_B_SPLINE_CURVE((1.,0.5,1.,0.5,
1.,0.5,1.)) REPRESENTATION_ITEM('') );
#6935 = CARTESIAN_POINT('',(4.474722857608,3.367024702553));
#6936 = CARTESIAN_POINT('',(10.306580712769,-4.383422636613));
#6937 = CARTESIAN_POINT('',(0.678567498777,-5.55873602086));
#6938 = CARTESIAN_POINT('',(-8.949445715215,-6.734049405107));
#6939 = CARTESIAN_POINT('',(-5.153290356385,2.191711318306));
#6940 = CARTESIAN_POINT('',(-1.357134997554,11.117472041719));
#6941 = CARTESIAN_POINT('',(4.474722857608,3.367024702553));
#6942 = ( GEOMETRIC_REPRESENTATION_CONTEXT(2) 
PARAMETRIC_REPRESENTATION_CONTEXT() REPRESENTATION_CONTEXT('2D SPACE',''
  ) );
#6943 = ORIENTED_EDGE('',*,*,#5088,.T.);
#6944 = ORIENTED_EDGE('',*,*,#5052,.T.);
#6945 = ORIENTED_EDGE('',*,*,#6815,.F.);
#6946 = ORIENTED_EDGE('',*,*,#6947,.T.);
#6947 = EDGE_CURVE('',#6816,#6948,#6950,.T.);
#6948 = VERTEX_POINT('',#6949);
#6949 = CARTESIAN_POINT('',(-3.084455273469,124.15689561939,
    14.041185039828));
#6950 = SURFACE_CURVE('',#6951,(#6956,#6966),.PCURVE_S1.);
#6951 = ELLIPSE('',#6952,11.358736710303,5.6);
#6952 = AXIS2_PLACEMENT_3D('',#6953,#6954,#6955);
#6953 = CARTESIAN_POINT('',(2.,119.39640873412,14.041185039828));
#6954 = DIRECTION('',(-0.,-0.,-1.));
#6955 = DIRECTION('',(-0.,1.,-0.));
#6956 = PCURVE('',#5073,#6957);
#6957 = DEFINITIONAL_REPRESENTATION('',(#6958),#6965);
#6958 = B_SPLINE_CURVE_WITH_KNOTS('',5,(#6959,#6960,#6961,#6962,#6963,
    #6964),.UNSPECIFIED.,.F.,.F.,(6,6),(4.963600637909,5.14484679602),
  .PIECEWISE_BEZIER_KNOTS.);
#6959 = CARTESIAN_POINT('',(-6.031973649655,8.314804025004));
#6960 = CARTESIAN_POINT('',(-5.995724418033,8.661787653777));
#6961 = CARTESIAN_POINT('',(-5.95947518641,9.004736409327));
#6962 = CARTESIAN_POINT('',(-5.923225954788,9.34270039662));
#6963 = CARTESIAN_POINT('',(-5.886976723166,9.674751909662));
#6964 = CARTESIAN_POINT('',(-5.850727491544,10.0000006));
#6965 = ( GEOMETRIC_REPRESENTATION_CONTEXT(2) 
PARAMETRIC_REPRESENTATION_CONTEXT() REPRESENTATION_CONTEXT('2D SPACE',''
  ) );
#6966 = PCURVE('',#6170,#6967);
#6967 = DEFINITIONAL_REPRESENTATION('',(#6968),#6976);
#6968 = ( BOUNDED_CURVE() B_SPLINE_CURVE(2,(#6969,#6970,#6971,#6972,
#6973,#6974,#6975),.UNSPECIFIED.,.T.,.F.) B_SPLINE_CURVE_WITH_KNOTS((1,2
    ,2,2,2,1),(-2.094395102393,0.,2.094395102393,4.188790204786,
6.28318530718,8.377580409573),.UNSPECIFIED.) CURVE() 
GEOMETRIC_REPRESENTATION_ITEM() RATIONAL_B_SPLINE_CURVE((1.,0.5,1.,0.5,
1.,0.5,1.)) REPRESENTATION_ITEM('') );
#6969 = CARTESIAN_POINT('',(0.,7.535207298538));
#6970 = CARTESIAN_POINT('',(9.699484522386,7.535207298538));
#6971 = CARTESIAN_POINT('',(4.849742261193,-9.502897766916));
#6972 = CARTESIAN_POINT('',(1.371604415045E-15,-26.54100283237));
#6973 = CARTESIAN_POINT('',(-4.849742261193,-9.502897766916));
#6974 = CARTESIAN_POINT('',(-9.699484522386,7.535207298538));
#6975 = CARTESIAN_POINT('',(0.,7.535207298538));
#6976 = ( GEOMETRIC_REPRESENTATION_CONTEXT(2) 
PARAMETRIC_REPRESENTATION_CONTEXT() REPRESENTATION_CONTEXT('2D SPACE',''
  ) );
#6977 = ORIENTED_EDGE('',*,*,#6978,.F.);
#6978 = EDGE_CURVE('',#6979,#6948,#6981,.T.);
#6979 = VERTEX_POINT('',#6980);
#6980 = CARTESIAN_POINT('',(-1.919183588453,124.97185531871,
    15.479349215107));
#6981 = SURFACE_CURVE('',#6982,(#6987,#6994),.PCURVE_S1.);
#6982 = CIRCLE('',#6983,5.6);
#6983 = AXIS2_PLACEMENT_3D('',#6984,#6985,#6986);
#6984 = CARTESIAN_POINT('',(2.,122.99980503079,11.999260471713));
#6985 = DIRECTION('',(-0.,-0.870022185849,0.493012571981));
#6986 = DIRECTION('',(-1.,0.,-0.));
#6987 = PCURVE('',#5073,#6988);
#6988 = DEFINITIONAL_REPRESENTATION('',(#6989),#6993);
#6989 = LINE('',#6990,#6991);
#6990 = CARTESIAN_POINT('',(-0.,10.));
#6991 = VECTOR('',#6992,1.);
#6992 = DIRECTION('',(-1.,0.));
#6993 = ( GEOMETRIC_REPRESENTATION_CONTEXT(2) 
PARAMETRIC_REPRESENTATION_CONTEXT() REPRESENTATION_CONTEXT('2D SPACE',''
  ) );
#6994 = PCURVE('',#6488,#6995);
#6995 = DEFINITIONAL_REPRESENTATION('',(#6996),#7000);
#6996 = CIRCLE('',#6997,5.6);
#6997 = AXIS2_PLACEMENT_2D('',#6998,#6999);
#6998 = CARTESIAN_POINT('',(-8.,4.));
#6999 = DIRECTION('',(-1.,0.));
#7000 = ( GEOMETRIC_REPRESENTATION_CONTEXT(2) 
PARAMETRIC_REPRESENTATION_CONTEXT() REPRESENTATION_CONTEXT('2D SPACE',''
  ) );
#7001 = ORIENTED_EDGE('',*,*,#7002,.F.);
#7002 = EDGE_CURVE('',#6873,#6979,#7003,.T.);
#7003 = SURFACE_CURVE('',#7004,(#7009,#7016),.PCURVE_S1.);
#7004 = CIRCLE('',#7005,5.6);
#7005 = AXIS2_PLACEMENT_3D('',#7006,#7007,#7008);
#7006 = CARTESIAN_POINT('',(2.,122.99980503079,11.999260471713));
#7007 = DIRECTION('',(-0.,-0.870022185849,0.493012571981));
#7008 = DIRECTION('',(-1.,0.,-0.));
#7009 = PCURVE('',#5073,#7010);
#7010 = DEFINITIONAL_REPRESENTATION('',(#7011),#7015);
#7011 = LINE('',#7012,#7013);
#7012 = CARTESIAN_POINT('',(-0.,10.));
#7013 = VECTOR('',#7014,1.);
#7014 = DIRECTION('',(-1.,0.));
#7015 = ( GEOMETRIC_REPRESENTATION_CONTEXT(2) 
PARAMETRIC_REPRESENTATION_CONTEXT() REPRESENTATION_CONTEXT('2D SPACE',''
  ) );
#7016 = PCURVE('',#7017,#7022);
#7017 = PLANE('',#7018);
#7018 = AXIS2_PLACEMENT_3D('',#7019,#7020,#7021);
#7019 = CARTESIAN_POINT('',(2.,122.99980503079,11.999260471713));
#7020 = DIRECTION('',(-0.,0.870022185849,-0.493012571981));
#7021 = DIRECTION('',(1.,0.,0.));
#7022 = DEFINITIONAL_REPRESENTATION('',(#7023),#7031);
#7023 = ( BOUNDED_CURVE() B_SPLINE_CURVE(2,(#7024,#7025,#7026,#7027,
#7028,#7029,#7030),.UNSPECIFIED.,.T.,.F.) B_SPLINE_CURVE_WITH_KNOTS((1,2
    ,2,2,2,1),(-2.094395102393,0.,2.094395102393,4.188790204786,
6.28318530718,8.377580409573),.UNSPECIFIED.) CURVE() 
GEOMETRIC_REPRESENTATION_ITEM() RATIONAL_B_SPLINE_CURVE((1.,0.5,1.,0.5,
1.,0.5,1.)) REPRESENTATION_ITEM('') );
#7024 = CARTESIAN_POINT('',(-5.6,0.));
#7025 = CARTESIAN_POINT('',(-5.6,9.699484522386));
#7026 = CARTESIAN_POINT('',(2.8,4.849742261193));
#7027 = CARTESIAN_POINT('',(11.2,1.371604415045E-15));
#7028 = CARTESIAN_POINT('',(2.8,-4.849742261193));
#7029 = CARTESIAN_POINT('',(-5.6,-9.699484522386));
#7030 = CARTESIAN_POINT('',(-5.6,0.));
#7031 = ( GEOMETRIC_REPRESENTATION_CONTEXT(2) 
PARAMETRIC_REPRESENTATION_CONTEXT() REPRESENTATION_CONTEXT('2D SPACE',''
  ) );
#7032 = ADVANCED_FACE('',(#7033,#7037),#5136,.F.);
#7033 = FACE_BOUND('',#7034,.T.);
#7034 = EDGE_LOOP('',(#7035,#7036));
#7035 = ORIENTED_EDGE('',*,*,#6918,.T.);
#7036 = ORIENTED_EDGE('',*,*,#5120,.T.);
#7037 = FACE_BOUND('',#7038,.T.);
#7038 = EDGE_LOOP('',(#7039));
#7039 = ORIENTED_EDGE('',*,*,#7040,.F.);
#7040 = EDGE_CURVE('',#7041,#7041,#7043,.T.);
#7041 = VERTEX_POINT('',#7042);
#7042 = CARTESIAN_POINT('',(-1.2,114.2995831723,16.929386191522));
#7043 = SURFACE_CURVE('',#7044,(#7049,#7060),.PCURVE_S1.);
#7044 = CIRCLE('',#7045,3.2);
#7045 = AXIS2_PLACEMENT_3D('',#7046,#7047,#7048);
#7046 = CARTESIAN_POINT('',(2.,114.2995831723,16.929386191522));
#7047 = DIRECTION('',(0.,-0.870022185849,0.493012571981));
#7048 = DIRECTION('',(-1.,-0.,-0.));
#7049 = PCURVE('',#5136,#7050);
#7050 = DEFINITIONAL_REPRESENTATION('',(#7051),#7059);
#7051 = ( BOUNDED_CURVE() B_SPLINE_CURVE(2,(#7052,#7053,#7054,#7055,
#7056,#7057,#7058),.UNSPECIFIED.,.T.,.F.) B_SPLINE_CURVE_WITH_KNOTS((1,2
    ,2,2,2,1),(-2.094395102393,0.,2.094395102393,4.188790204786,
6.28318530718,8.377580409573),.UNSPECIFIED.) CURVE() 
GEOMETRIC_REPRESENTATION_ITEM() RATIONAL_B_SPLINE_CURVE((1.,0.5,1.,0.5,
1.,0.5,1.)) REPRESENTATION_ITEM('') );
#7052 = CARTESIAN_POINT('',(-3.2,-3.966705974673E-15));
#7053 = CARTESIAN_POINT('',(-3.2,5.54256258422));
#7054 = CARTESIAN_POINT('',(1.6,2.77128129211));
#7055 = CARTESIAN_POINT('',(6.4,-3.182932023219E-15));
#7056 = CARTESIAN_POINT('',(1.6,-2.77128129211));
#7057 = CARTESIAN_POINT('',(-3.2,-5.54256258422));
#7058 = CARTESIAN_POINT('',(-3.2,-3.966705974673E-15));
#7059 = ( GEOMETRIC_REPRESENTATION_CONTEXT(2) 
PARAMETRIC_REPRESENTATION_CONTEXT() REPRESENTATION_CONTEXT('2D SPACE',''
  ) );
#7060 = PCURVE('',#7061,#7066);
#7061 = CYLINDRICAL_SURFACE('',#7062,3.2);
#7062 = AXIS2_PLACEMENT_3D('',#7063,#7064,#7065);
#7063 = CARTESIAN_POINT('',(2.,113.42956098645,17.422398763503));
#7064 = DIRECTION('',(-0.,0.870022185849,-0.493012571981));
#7065 = DIRECTION('',(-1.,0.,-0.));
#7066 = DEFINITIONAL_REPRESENTATION('',(#7067),#7071);
#7067 = LINE('',#7068,#7069);
#7068 = CARTESIAN_POINT('',(-0.,1.));
#7069 = VECTOR('',#7070,1.);
#7070 = DIRECTION('',(-1.,0.));
#7071 = ( GEOMETRIC_REPRESENTATION_CONTEXT(2) 
PARAMETRIC_REPRESENTATION_CONTEXT() REPRESENTATION_CONTEXT('2D SPACE',''
  ) );
#7072 = ADVANCED_FACE('',(#7073),#4512,.F.);
#7073 = FACE_BOUND('',#7074,.T.);
#7074 = EDGE_LOOP('',(#7075,#7076,#7077,#7078,#7079,#7100));
#7075 = ORIENTED_EDGE('',*,*,#5181,.F.);
#7076 = ORIENTED_EDGE('',*,*,#5206,.F.);
#7077 = ORIENTED_EDGE('',*,*,#4496,.T.);
#7078 = ORIENTED_EDGE('',*,*,#6231,.F.);
#7079 = ORIENTED_EDGE('',*,*,#7080,.F.);
#7080 = EDGE_CURVE('',#6871,#6232,#7081,.T.);
#7081 = SURFACE_CURVE('',#7082,(#7086,#7093),.PCURVE_S1.);
#7082 = LINE('',#7083,#7084);
#7083 = CARTESIAN_POINT('',(7.,118.78267538957,4.557266987213));
#7084 = VECTOR('',#7085,1.);
#7085 = DIRECTION('',(-0.,-0.493012571981,-0.870022185849));
#7086 = PCURVE('',#4512,#7087);
#7087 = DEFINITIONAL_REPRESENTATION('',(#7088),#7092);
#7088 = LINE('',#7089,#7090);
#7089 = CARTESIAN_POINT('',(1.442733012787,-11.78267538957));
#7090 = VECTOR('',#7091,1.);
#7091 = DIRECTION('',(0.870022185849,0.493012571981));
#7092 = ( GEOMETRIC_REPRESENTATION_CONTEXT(2) 
PARAMETRIC_REPRESENTATION_CONTEXT() REPRESENTATION_CONTEXT('2D SPACE',''
  ) );
#7093 = PCURVE('',#6273,#7094);
#7094 = DEFINITIONAL_REPRESENTATION('',(#7095),#7099);
#7095 = LINE('',#7096,#7097);
#7096 = CARTESIAN_POINT('',(-3.,-4.553797369249));
#7097 = VECTOR('',#7098,1.);
#7098 = DIRECTION('',(-0.,-1.));
#7099 = ( GEOMETRIC_REPRESENTATION_CONTEXT(2) 
PARAMETRIC_REPRESENTATION_CONTEXT() REPRESENTATION_CONTEXT('2D SPACE',''
  ) );
#7100 = ORIENTED_EDGE('',*,*,#6896,.F.);
#7101 = ADVANCED_FACE('',(#7102),#5344,.T.);
#7102 = FACE_BOUND('',#7103,.F.);
#7103 = EDGE_LOOP('',(#7104,#7105,#7106));
#7104 = ORIENTED_EDGE('',*,*,#5359,.F.);
#7105 = ORIENTED_EDGE('',*,*,#5330,.F.);
#7106 = ORIENTED_EDGE('',*,*,#5743,.T.);
#7107 = ADVANCED_FACE('',(#7108),#5273,.F.);
#7108 = FACE_BOUND('',#7109,.T.);
#7109 = EDGE_LOOP('',(#7110,#7111,#7112,#7113));
#7110 = ORIENTED_EDGE('',*,*,#5505,.F.);
#7111 = ORIENTED_EDGE('',*,*,#5603,.F.);
#7112 = ORIENTED_EDGE('',*,*,#5257,.T.);
#7113 = ORIENTED_EDGE('',*,*,#5721,.T.);
#7114 = ADVANCED_FACE('',(#7115),#4149,.T.);
#7115 = FACE_BOUND('',#7116,.F.);
#7116 = EDGE_LOOP('',(#7117,#7118,#7119,#7120));
#7117 = ORIENTED_EDGE('',*,*,#5882,.F.);
#7118 = ORIENTED_EDGE('',*,*,#6707,.T.);
#7119 = ORIENTED_EDGE('',*,*,#4133,.T.);
#7120 = ORIENTED_EDGE('',*,*,#6099,.F.);
#7121 = ADVANCED_FACE('',(#7122),#6170,.T.);
#7122 = FACE_BOUND('',#7123,.F.);
#7123 = EDGE_LOOP('',(#7124,#7125,#7126,#7127,#7128,#7129));
#7124 = ORIENTED_EDGE('',*,*,#6947,.F.);
#7125 = ORIENTED_EDGE('',*,*,#6846,.T.);
#7126 = ORIENTED_EDGE('',*,*,#6154,.T.);
#7127 = ORIENTED_EDGE('',*,*,#6527,.F.);
#7128 = ORIENTED_EDGE('',*,*,#6500,.T.);
#7129 = ORIENTED_EDGE('',*,*,#7130,.T.);
#7130 = EDGE_CURVE('',#6473,#6948,#7131,.T.);
#7131 = SURFACE_CURVE('',#7132,(#7136,#7143),.PCURVE_S1.);
#7132 = LINE('',#7133,#7134);
#7133 = CARTESIAN_POINT('',(6.,124.15689561939,14.041185039828));
#7134 = VECTOR('',#7135,1.);
#7135 = DIRECTION('',(1.,-0.,-0.));
#7136 = PCURVE('',#6170,#7137);
#7137 = DEFINITIONAL_REPRESENTATION('',(#7138),#7142);
#7138 = LINE('',#7139,#7140);
#7139 = CARTESIAN_POINT('',(4.,0.936957473507));
#7140 = VECTOR('',#7141,1.);
#7141 = DIRECTION('',(1.,-0.));
#7142 = ( GEOMETRIC_REPRESENTATION_CONTEXT(2) 
PARAMETRIC_REPRESENTATION_CONTEXT() REPRESENTATION_CONTEXT('2D SPACE',''
  ) );
#7143 = PCURVE('',#6488,#7144);
#7144 = DEFINITIONAL_REPRESENTATION('',(#7145),#7149);
#7145 = LINE('',#7146,#7147);
#7146 = CARTESIAN_POINT('',(-4.,6.346979883189));
#7147 = VECTOR('',#7148,1.);
#7148 = DIRECTION('',(1.,-0.));
#7149 = ( GEOMETRIC_REPRESENTATION_CONTEXT(2) 
PARAMETRIC_REPRESENTATION_CONTEXT() REPRESENTATION_CONTEXT('2D SPACE',''
  ) );
#7150 = ADVANCED_FACE('',(#7151),#4705,.F.);
#7151 = FACE_BOUND('',#7152,.T.);
#7152 = EDGE_LOOP('',(#7153,#7186,#7207,#7208));
#7153 = ORIENTED_EDGE('',*,*,#7154,.F.);
#7154 = EDGE_CURVE('',#7155,#7155,#7157,.T.);
#7155 = VERTEX_POINT('',#7156);
#7156 = CARTESIAN_POINT('',(0.3,116.,11.2));
#7157 = SURFACE_CURVE('',#7158,(#7163,#7170),.PCURVE_S1.);
#7158 = CIRCLE('',#7159,2.7);
#7159 = AXIS2_PLACEMENT_3D('',#7160,#7161,#7162);
#7160 = CARTESIAN_POINT('',(3.,116.,11.2));
#7161 = DIRECTION('',(0.,0.,-1.));
#7162 = DIRECTION('',(-1.,0.,-0.));
#7163 = PCURVE('',#4705,#7164);
#7164 = DEFINITIONAL_REPRESENTATION('',(#7165),#7169);
#7165 = LINE('',#7166,#7167);
#7166 = CARTESIAN_POINT('',(-0.,5.2));
#7167 = VECTOR('',#7168,1.);
#7168 = DIRECTION('',(-1.,0.));
#7169 = ( GEOMETRIC_REPRESENTATION_CONTEXT(2) 
PARAMETRIC_REPRESENTATION_CONTEXT() REPRESENTATION_CONTEXT('2D SPACE',''
  ) );
#7170 = PCURVE('',#7171,#7176);
#7171 = PLANE('',#7172);
#7172 = AXIS2_PLACEMENT_3D('',#7173,#7174,#7175);
#7173 = CARTESIAN_POINT('',(3.,116.,11.2));
#7174 = DIRECTION('',(0.,-0.,1.));
#7175 = DIRECTION('',(1.,0.,0.));
#7176 = DEFINITIONAL_REPRESENTATION('',(#7177),#7185);
#7177 = ( BOUNDED_CURVE() B_SPLINE_CURVE(2,(#7178,#7179,#7180,#7181,
#7182,#7183,#7184),.UNSPECIFIED.,.T.,.F.) B_SPLINE_CURVE_WITH_KNOTS((1,2
    ,2,2,2,1),(-2.094395102393,0.,2.094395102393,4.188790204786,
6.28318530718,8.377580409573),.UNSPECIFIED.) CURVE() 
GEOMETRIC_REPRESENTATION_ITEM() RATIONAL_B_SPLINE_CURVE((1.,0.5,1.,0.5,
1.,0.5,1.)) REPRESENTATION_ITEM('') );
#7178 = CARTESIAN_POINT('',(-2.7,0.));
#7179 = CARTESIAN_POINT('',(-2.7,4.676537180436));
#7180 = CARTESIAN_POINT('',(1.35,2.338268590218));
#7181 = CARTESIAN_POINT('',(5.4,6.613092715396E-16));
#7182 = CARTESIAN_POINT('',(1.35,-2.338268590218));
#7183 = CARTESIAN_POINT('',(-2.7,-4.676537180436));
#7184 = CARTESIAN_POINT('',(-2.7,0.));
#7185 = ( GEOMETRIC_REPRESENTATION_CONTEXT(2) 
PARAMETRIC_REPRESENTATION_CONTEXT() REPRESENTATION_CONTEXT('2D SPACE',''
  ) );
#7186 = ORIENTED_EDGE('',*,*,#7187,.F.);
#7187 = EDGE_CURVE('',#4685,#7155,#7188,.T.);
#7188 = SEAM_CURVE('',#7189,(#7193,#7200),.PCURVE_S1.);
#7189 = LINE('',#7190,#7191);
#7190 = CARTESIAN_POINT('',(0.3,116.,6.));
#7191 = VECTOR('',#7192,1.);
#7192 = DIRECTION('',(0.,-0.,1.));
#7193 = PCURVE('',#4705,#7194);
#7194 = DEFINITIONAL_REPRESENTATION('',(#7195),#7199);
#7195 = LINE('',#7196,#7197);
#7196 = CARTESIAN_POINT('',(-6.28318530718,-0.));
#7197 = VECTOR('',#7198,1.);
#7198 = DIRECTION('',(-0.,1.));
#7199 = ( GEOMETRIC_REPRESENTATION_CONTEXT(2) 
PARAMETRIC_REPRESENTATION_CONTEXT() REPRESENTATION_CONTEXT('2D SPACE',''
  ) );
#7200 = PCURVE('',#4705,#7201);
#7201 = DEFINITIONAL_REPRESENTATION('',(#7202),#7206);
#7202 = LINE('',#7203,#7204);
#7203 = CARTESIAN_POINT('',(-0.,-0.));
#7204 = VECTOR('',#7205,1.);
#7205 = DIRECTION('',(-0.,1.));
#7206 = ( GEOMETRIC_REPRESENTATION_CONTEXT(2) 
PARAMETRIC_REPRESENTATION_CONTEXT() REPRESENTATION_CONTEXT('2D SPACE',''
  ) );
#7207 = ORIENTED_EDGE('',*,*,#4684,.T.);
#7208 = ORIENTED_EDGE('',*,*,#7187,.T.);
#7209 = ADVANCED_FACE('',(#7210),#6273,.T.);
#7210 = FACE_BOUND('',#7211,.F.);
#7211 = EDGE_LOOP('',(#7212,#7233,#7234,#7235,#7236));
#7212 = ORIENTED_EDGE('',*,*,#7213,.F.);
#7213 = EDGE_CURVE('',#6313,#6873,#7214,.T.);
#7214 = SURFACE_CURVE('',#7215,(#7219,#7226),.PCURVE_S1.);
#7215 = LINE('',#7216,#7217);
#7216 = CARTESIAN_POINT('',(10.,124.97185531871,15.479349215107));
#7217 = VECTOR('',#7218,1.);
#7218 = DIRECTION('',(-1.,0.,-0.));
#7219 = PCURVE('',#6273,#7220);
#7220 = DEFINITIONAL_REPRESENTATION('',(#7221),#7225);
#7221 = LINE('',#7222,#7223);
#7222 = CARTESIAN_POINT('',(0.,8.));
#7223 = VECTOR('',#7224,1.);
#7224 = DIRECTION('',(-1.,0.));
#7225 = ( GEOMETRIC_REPRESENTATION_CONTEXT(2) 
PARAMETRIC_REPRESENTATION_CONTEXT() REPRESENTATION_CONTEXT('2D SPACE',''
  ) );
#7226 = PCURVE('',#6333,#7227);
#7227 = DEFINITIONAL_REPRESENTATION('',(#7228),#7232);
#7228 = LINE('',#7229,#7230);
#7229 = CARTESIAN_POINT('',(-4.196839972926,3.284123453057E-16));
#7230 = VECTOR('',#7231,1.);
#7231 = DIRECTION('',(-0.,1.));
#7232 = ( GEOMETRIC_REPRESENTATION_CONTEXT(2) 
PARAMETRIC_REPRESENTATION_CONTEXT() REPRESENTATION_CONTEXT('2D SPACE',''
  ) );
#7233 = ORIENTED_EDGE('',*,*,#6345,.F.);
#7234 = ORIENTED_EDGE('',*,*,#6259,.T.);
#7235 = ORIENTED_EDGE('',*,*,#7080,.F.);
#7236 = ORIENTED_EDGE('',*,*,#6870,.T.);
#7237 = ADVANCED_FACE('',(#7238),#6333,.T.);
#7238 = FACE_BOUND('',#7239,.F.);
#7239 = EDGE_LOOP('',(#7240,#7241,#7242,#7243,#7244,#7265));
#7240 = ORIENTED_EDGE('',*,*,#6444,.F.);
#7241 = ORIENTED_EDGE('',*,*,#6393,.F.);
#7242 = ORIENTED_EDGE('',*,*,#6312,.T.);
#7243 = ORIENTED_EDGE('',*,*,#7213,.T.);
#7244 = ORIENTED_EDGE('',*,*,#7245,.T.);
#7245 = EDGE_CURVE('',#6873,#6979,#7246,.T.);
#7246 = SURFACE_CURVE('',#7247,(#7251,#7258),.PCURVE_S1.);
#7247 = LINE('',#7248,#7249);
#7248 = CARTESIAN_POINT('',(10.,124.97185531871,15.479349215107));
#7249 = VECTOR('',#7250,1.);
#7250 = DIRECTION('',(-1.,0.,-0.));
#7251 = PCURVE('',#6333,#7252);
#7252 = DEFINITIONAL_REPRESENTATION('',(#7253),#7257);
#7253 = LINE('',#7254,#7255);
#7254 = CARTESIAN_POINT('',(-4.196839972926,3.284123453057E-16));
#7255 = VECTOR('',#7256,1.);
#7256 = DIRECTION('',(-0.,1.));
#7257 = ( GEOMETRIC_REPRESENTATION_CONTEXT(2) 
PARAMETRIC_REPRESENTATION_CONTEXT() REPRESENTATION_CONTEXT('2D SPACE',''
  ) );
#7258 = PCURVE('',#7017,#7259);
#7259 = DEFINITIONAL_REPRESENTATION('',(#7260),#7264);
#7260 = LINE('',#7261,#7262);
#7261 = CARTESIAN_POINT('',(8.,-4.));
#7262 = VECTOR('',#7263,1.);
#7263 = DIRECTION('',(-1.,0.));
#7264 = ( GEOMETRIC_REPRESENTATION_CONTEXT(2) 
PARAMETRIC_REPRESENTATION_CONTEXT() REPRESENTATION_CONTEXT('2D SPACE',''
  ) );
#7265 = ORIENTED_EDGE('',*,*,#7266,.T.);
#7266 = EDGE_CURVE('',#6979,#6445,#7267,.T.);
#7267 = SURFACE_CURVE('',#7268,(#7272,#7279),.PCURVE_S1.);
#7268 = LINE('',#7269,#7270);
#7269 = CARTESIAN_POINT('',(10.,124.97185531871,15.479349215107));
#7270 = VECTOR('',#7271,1.);
#7271 = DIRECTION('',(-1.,0.,-0.));
#7272 = PCURVE('',#6333,#7273);
#7273 = DEFINITIONAL_REPRESENTATION('',(#7274),#7278);
#7274 = LINE('',#7275,#7276);
#7275 = CARTESIAN_POINT('',(-4.196839972926,3.284123453057E-16));
#7276 = VECTOR('',#7277,1.);
#7277 = DIRECTION('',(-0.,1.));
#7278 = ( GEOMETRIC_REPRESENTATION_CONTEXT(2) 
PARAMETRIC_REPRESENTATION_CONTEXT() REPRESENTATION_CONTEXT('2D SPACE',''
  ) );
#7279 = PCURVE('',#6488,#7280);
#7280 = DEFINITIONAL_REPRESENTATION('',(#7281),#7285);
#7281 = LINE('',#7282,#7283);
#7282 = CARTESIAN_POINT('',(0.,8.));
#7283 = VECTOR('',#7284,1.);
#7284 = DIRECTION('',(-1.,0.));
#7285 = ( GEOMETRIC_REPRESENTATION_CONTEXT(2) 
PARAMETRIC_REPRESENTATION_CONTEXT() REPRESENTATION_CONTEXT('2D SPACE',''
  ) );
#7286 = ADVANCED_FACE('',(#7287),#6488,.T.);
#7287 = FACE_BOUND('',#7288,.F.);
#7288 = EDGE_LOOP('',(#7289,#7290,#7291,#7292));
#7289 = ORIENTED_EDGE('',*,*,#7266,.F.);
#7290 = ORIENTED_EDGE('',*,*,#6978,.T.);
#7291 = ORIENTED_EDGE('',*,*,#7130,.F.);
#7292 = ORIENTED_EDGE('',*,*,#6472,.T.);
#7293 = ADVANCED_FACE('',(#7294),#6669,.F.);
#7294 = FACE_BOUND('',#7295,.T.);
#7295 = EDGE_LOOP('',(#7296,#7319,#7347,#7375,#7396,#7397));
#7296 = ORIENTED_EDGE('',*,*,#7297,.F.);
#7297 = EDGE_CURVE('',#7298,#6626,#7300,.T.);
#7298 = VERTEX_POINT('',#7299);
#7299 = CARTESIAN_POINT('',(-13.,-5.479230210905,78.455488052568));
#7300 = SURFACE_CURVE('',#7301,(#7305,#7312),.PCURVE_S1.);
#7301 = LINE('',#7302,#7303);
#7302 = CARTESIAN_POINT('',(2.,-5.479230210905,78.455488052568));
#7303 = VECTOR('',#7304,1.);
#7304 = DIRECTION('',(-1.,0.,-0.));
#7305 = PCURVE('',#6669,#7306);
#7306 = DEFINITIONAL_REPRESENTATION('',(#7307),#7311);
#7307 = LINE('',#7308,#7309);
#7308 = CARTESIAN_POINT('',(0.,12.));
#7309 = VECTOR('',#7310,1.);
#7310 = DIRECTION('',(-1.,0.));
#7311 = ( GEOMETRIC_REPRESENTATION_CONTEXT(2) 
PARAMETRIC_REPRESENTATION_CONTEXT() REPRESENTATION_CONTEXT('2D SPACE',''
  ) );
#7312 = PCURVE('',#6641,#7313);
#7313 = DEFINITIONAL_REPRESENTATION('',(#7314),#7318);
#7314 = LINE('',#7315,#7316);
#7315 = CARTESIAN_POINT('',(-0.,-0.));
#7316 = VECTOR('',#7317,1.);
#7317 = DIRECTION('',(-0.,1.));
#7318 = ( GEOMETRIC_REPRESENTATION_CONTEXT(2) 
PARAMETRIC_REPRESENTATION_CONTEXT() REPRESENTATION_CONTEXT('2D SPACE',''
  ) );
#7319 = ORIENTED_EDGE('',*,*,#7320,.F.);
#7320 = EDGE_CURVE('',#7321,#7298,#7323,.T.);
#7321 = VERTEX_POINT('',#7322);
#7322 = CARTESIAN_POINT('',(-13.,-17.4792302109,78.455488052568));
#7323 = SURFACE_CURVE('',#7324,(#7328,#7335),.PCURVE_S1.);
#7324 = LINE('',#7325,#7326);
#7325 = CARTESIAN_POINT('',(-13.,-26.73961510545,78.455488052568));
#7326 = VECTOR('',#7327,1.);
#7327 = DIRECTION('',(-0.,1.,-0.));
#7328 = PCURVE('',#6669,#7329);
#7329 = DEFINITIONAL_REPRESENTATION('',(#7330),#7334);
#7330 = LINE('',#7331,#7332);
#7331 = CARTESIAN_POINT('',(-15.,-9.260384894548));
#7332 = VECTOR('',#7333,1.);
#7333 = DIRECTION('',(0.,1.));
#7334 = ( GEOMETRIC_REPRESENTATION_CONTEXT(2) 
PARAMETRIC_REPRESENTATION_CONTEXT() REPRESENTATION_CONTEXT('2D SPACE',''
  ) );
#7335 = PCURVE('',#7336,#7341);
#7336 = PLANE('',#7337);
#7337 = AXIS2_PLACEMENT_3D('',#7338,#7339,#7340);
#7338 = CARTESIAN_POINT('',(-13.,-36.,74.5));
#7339 = DIRECTION('',(-1.,0.,-0.));
#7340 = DIRECTION('',(0.,0.,-1.));
#7341 = DEFINITIONAL_REPRESENTATION('',(#7342),#7346);
#7342 = LINE('',#7343,#7344);
#7343 = CARTESIAN_POINT('',(-3.955488052568,-9.260384894548));
#7344 = VECTOR('',#7345,1.);
#7345 = DIRECTION('',(-0.,-1.));
#7346 = ( GEOMETRIC_REPRESENTATION_CONTEXT(2) 
PARAMETRIC_REPRESENTATION_CONTEXT() REPRESENTATION_CONTEXT('2D SPACE',''
  ) );
#7347 = ORIENTED_EDGE('',*,*,#7348,.T.);
#7348 = EDGE_CURVE('',#7321,#7349,#7351,.T.);
#7349 = VERTEX_POINT('',#7350);
#7350 = CARTESIAN_POINT('',(-22.,-17.4792302109,78.455488052568));
#7351 = SURFACE_CURVE('',#7352,(#7356,#7363),.PCURVE_S1.);
#7352 = LINE('',#7353,#7354);
#7353 = CARTESIAN_POINT('',(2.,-17.4792302109,78.455488052568));
#7354 = VECTOR('',#7355,1.);
#7355 = DIRECTION('',(-1.,0.,-0.));
#7356 = PCURVE('',#6669,#7357);
#7357 = DEFINITIONAL_REPRESENTATION('',(#7358),#7362);
#7358 = LINE('',#7359,#7360);
#7359 = CARTESIAN_POINT('',(0.,-0.));
#7360 = VECTOR('',#7361,1.);
#7361 = DIRECTION('',(-1.,0.));
#7362 = ( GEOMETRIC_REPRESENTATION_CONTEXT(2) 
PARAMETRIC_REPRESENTATION_CONTEXT() REPRESENTATION_CONTEXT('2D SPACE',''
  ) );
#7363 = PCURVE('',#7364,#7369);
#7364 = PLANE('',#7365);
#7365 = AXIS2_PLACEMENT_3D('',#7366,#7367,#7368);
#7366 = CARTESIAN_POINT('',(2.,-17.4792302109,78.455488052568));
#7367 = DIRECTION('',(-0.,1.,0.));
#7368 = DIRECTION('',(0.,0.,-1.));
#7369 = DEFINITIONAL_REPRESENTATION('',(#7370),#7374);
#7370 = LINE('',#7371,#7372);
#7371 = CARTESIAN_POINT('',(-0.,-0.));
#7372 = VECTOR('',#7373,1.);
#7373 = DIRECTION('',(-0.,1.));
#7374 = ( GEOMETRIC_REPRESENTATION_CONTEXT(2) 
PARAMETRIC_REPRESENTATION_CONTEXT() REPRESENTATION_CONTEXT('2D SPACE',''
  ) );
#7375 = ORIENTED_EDGE('',*,*,#7376,.T.);
#7376 = EDGE_CURVE('',#7349,#6739,#7377,.T.);
#7377 = SURFACE_CURVE('',#7378,(#7382,#7389),.PCURVE_S1.);
#7378 = LINE('',#7379,#7380);
#7379 = CARTESIAN_POINT('',(-22.,-17.4792302109,78.455488052568));
#7380 = VECTOR('',#7381,1.);
#7381 = DIRECTION('',(-0.,1.,0.));
#7382 = PCURVE('',#6669,#7383);
#7383 = DEFINITIONAL_REPRESENTATION('',(#7384),#7388);
#7384 = LINE('',#7385,#7386);
#7385 = CARTESIAN_POINT('',(-24.,0.));
#7386 = VECTOR('',#7387,1.);
#7387 = DIRECTION('',(-0.,1.));
#7388 = ( GEOMETRIC_REPRESENTATION_CONTEXT(2) 
PARAMETRIC_REPRESENTATION_CONTEXT() REPRESENTATION_CONTEXT('2D SPACE',''
  ) );
#7389 = PCURVE('',#6777,#7390);
#7390 = DEFINITIONAL_REPRESENTATION('',(#7391),#7395);
#7391 = LINE('',#7392,#7393);
#7392 = CARTESIAN_POINT('',(-0.,-0.));
#7393 = VECTOR('',#7394,1.);
#7394 = DIRECTION('',(-0.,-1.));
#7395 = ( GEOMETRIC_REPRESENTATION_CONTEXT(2) 
PARAMETRIC_REPRESENTATION_CONTEXT() REPRESENTATION_CONTEXT('2D SPACE',''
  ) );
#7396 = ORIENTED_EDGE('',*,*,#6738,.F.);
#7397 = ORIENTED_EDGE('',*,*,#6653,.F.);
#7398 = ADVANCED_FACE('',(#7399),#6641,.T.);
#7399 = FACE_BOUND('',#7400,.F.);
#7400 = EDGE_LOOP('',(#7401,#7402,#7425,#7453,#7481,#7509,#7530,#7531));
#7401 = ORIENTED_EDGE('',*,*,#7297,.F.);
#7402 = ORIENTED_EDGE('',*,*,#7403,.F.);
#7403 = EDGE_CURVE('',#7404,#7298,#7406,.T.);
#7404 = VERTEX_POINT('',#7405);
#7405 = CARTESIAN_POINT('',(-13.,-5.479230210905,84.5));
#7406 = SURFACE_CURVE('',#7407,(#7411,#7418),.PCURVE_S1.);
#7407 = LINE('',#7408,#7409);
#7408 = CARTESIAN_POINT('',(-13.,-5.479230210905,76.477744026284));
#7409 = VECTOR('',#7410,1.);
#7410 = DIRECTION('',(-0.,-0.,-1.));
#7411 = PCURVE('',#6641,#7412);
#7412 = DEFINITIONAL_REPRESENTATION('',(#7413),#7417);
#7413 = LINE('',#7414,#7415);
#7414 = CARTESIAN_POINT('',(1.977744026284,15.));
#7415 = VECTOR('',#7416,1.);
#7416 = DIRECTION('',(1.,-0.));
#7417 = ( GEOMETRIC_REPRESENTATION_CONTEXT(2) 
PARAMETRIC_REPRESENTATION_CONTEXT() REPRESENTATION_CONTEXT('2D SPACE',''
  ) );
#7418 = PCURVE('',#7336,#7419);
#7419 = DEFINITIONAL_REPRESENTATION('',(#7420),#7424);
#7420 = LINE('',#7421,#7422);
#7421 = CARTESIAN_POINT('',(-1.977744026284,-30.52076978909));
#7422 = VECTOR('',#7423,1.);
#7423 = DIRECTION('',(1.,-0.));
#7424 = ( GEOMETRIC_REPRESENTATION_CONTEXT(2) 
PARAMETRIC_REPRESENTATION_CONTEXT() REPRESENTATION_CONTEXT('2D SPACE',''
  ) );
#7425 = ORIENTED_EDGE('',*,*,#7426,.F.);
#7426 = EDGE_CURVE('',#7427,#7404,#7429,.T.);
#7427 = VERTEX_POINT('',#7428);
#7428 = CARTESIAN_POINT('',(-3.,-5.479230210905,84.5));
#7429 = SURFACE_CURVE('',#7430,(#7434,#7441),.PCURVE_S1.);
#7430 = LINE('',#7431,#7432);
#7431 = CARTESIAN_POINT('',(7.5,-5.479230210905,84.5));
#7432 = VECTOR('',#7433,1.);
#7433 = DIRECTION('',(-1.,-0.,-0.));
#7434 = PCURVE('',#6641,#7435);
#7435 = DEFINITIONAL_REPRESENTATION('',(#7436),#7440);
#7436 = LINE('',#7437,#7438);
#7437 = CARTESIAN_POINT('',(-6.044511947432,-5.5));
#7438 = VECTOR('',#7439,1.);
#7439 = DIRECTION('',(-0.,1.));
#7440 = ( GEOMETRIC_REPRESENTATION_CONTEXT(2) 
PARAMETRIC_REPRESENTATION_CONTEXT() REPRESENTATION_CONTEXT('2D SPACE',''
  ) );
#7441 = PCURVE('',#7442,#7447);
#7442 = PLANE('',#7443);
#7443 = AXIS2_PLACEMENT_3D('',#7444,#7445,#7446);
#7444 = CARTESIAN_POINT('',(13.,-36.,84.5));
#7445 = DIRECTION('',(0.,-0.,1.));
#7446 = DIRECTION('',(1.,0.,0.));
#7447 = DEFINITIONAL_REPRESENTATION('',(#7448),#7452);
#7448 = LINE('',#7449,#7450);
#7449 = CARTESIAN_POINT('',(-5.5,30.520769789095));
#7450 = VECTOR('',#7451,1.);
#7451 = DIRECTION('',(-1.,0.));
#7452 = ( GEOMETRIC_REPRESENTATION_CONTEXT(2) 
PARAMETRIC_REPRESENTATION_CONTEXT() REPRESENTATION_CONTEXT('2D SPACE',''
  ) );
#7453 = ORIENTED_EDGE('',*,*,#7454,.T.);
#7454 = EDGE_CURVE('',#7427,#7455,#7457,.T.);
#7455 = VERTEX_POINT('',#7456);
#7456 = CARTESIAN_POINT('',(-3.,-5.479230210905,88.455488052568));
#7457 = SURFACE_CURVE('',#7458,(#7462,#7469),.PCURVE_S1.);
#7458 = LINE('',#7459,#7460);
#7459 = CARTESIAN_POINT('',(-3.,-5.479230210905,83.850576059863));
#7460 = VECTOR('',#7461,1.);
#7461 = DIRECTION('',(-0.,-0.,1.));
#7462 = PCURVE('',#6641,#7463);
#7463 = DEFINITIONAL_REPRESENTATION('',(#7464),#7468);
#7464 = LINE('',#7465,#7466);
#7465 = CARTESIAN_POINT('',(-5.395088007295,5.));
#7466 = VECTOR('',#7467,1.);
#7467 = DIRECTION('',(-1.,-0.));
#7468 = ( GEOMETRIC_REPRESENTATION_CONTEXT(2) 
PARAMETRIC_REPRESENTATION_CONTEXT() REPRESENTATION_CONTEXT('2D SPACE',''
  ) );
#7469 = PCURVE('',#7470,#7475);
#7470 = PLANE('',#7471);
#7471 = AXIS2_PLACEMENT_3D('',#7472,#7473,#7474);
#7472 = CARTESIAN_POINT('',(-3.,-3.964320915373,89.245664067158));
#7473 = DIRECTION('',(-1.,0.,-0.));
#7474 = DIRECTION('',(0.,-0.328520624941,0.944496796706));
#7475 = DEFINITIONAL_REPRESENTATION('',(#7476),#7480);
#7476 = LINE('',#7477,#7478);
#7477 = CARTESIAN_POINT('',(-4.597964392341,-3.2032246607));
#7478 = VECTOR('',#7479,1.);
#7479 = DIRECTION('',(0.944496796706,0.328520624941));
#7480 = ( GEOMETRIC_REPRESENTATION_CONTEXT(2) 
PARAMETRIC_REPRESENTATION_CONTEXT() REPRESENTATION_CONTEXT('2D SPACE',''
  ) );
#7481 = ORIENTED_EDGE('',*,*,#7482,.T.);
#7482 = EDGE_CURVE('',#7455,#7483,#7485,.T.);
#7483 = VERTEX_POINT('',#7484);
#7484 = CARTESIAN_POINT('',(-22.,-5.479230210905,88.455488052568));
#7485 = SURFACE_CURVE('',#7486,(#7490,#7497),.PCURVE_S1.);
#7486 = LINE('',#7487,#7488);
#7487 = CARTESIAN_POINT('',(2.,-5.479230210905,88.455488052568));
#7488 = VECTOR('',#7489,1.);
#7489 = DIRECTION('',(-1.,0.,-0.));
#7490 = PCURVE('',#6641,#7491);
#7491 = DEFINITIONAL_REPRESENTATION('',(#7492),#7496);
#7492 = LINE('',#7493,#7494);
#7493 = CARTESIAN_POINT('',(-10.,-0.));
#7494 = VECTOR('',#7495,1.);
#7495 = DIRECTION('',(-0.,1.));
#7496 = ( GEOMETRIC_REPRESENTATION_CONTEXT(2) 
PARAMETRIC_REPRESENTATION_CONTEXT() REPRESENTATION_CONTEXT('2D SPACE',''
  ) );
#7497 = PCURVE('',#7498,#7503);
#7498 = PLANE('',#7499);
#7499 = AXIS2_PLACEMENT_3D('',#7500,#7501,#7502);
#7500 = CARTESIAN_POINT('',(2.,-17.4792302109,88.455488052568));
#7501 = DIRECTION('',(0.,-0.,1.));
#7502 = DIRECTION('',(1.,0.,0.));
#7503 = DEFINITIONAL_REPRESENTATION('',(#7504),#7508);
#7504 = LINE('',#7505,#7506);
#7505 = CARTESIAN_POINT('',(0.,12.));
#7506 = VECTOR('',#7507,1.);
#7507 = DIRECTION('',(-1.,0.));
#7508 = ( GEOMETRIC_REPRESENTATION_CONTEXT(2) 
PARAMETRIC_REPRESENTATION_CONTEXT() REPRESENTATION_CONTEXT('2D SPACE',''
  ) );
#7509 = ORIENTED_EDGE('',*,*,#7510,.F.);
#7510 = EDGE_CURVE('',#6762,#7483,#7511,.T.);
#7511 = SURFACE_CURVE('',#7512,(#7516,#7523),.PCURVE_S1.);
#7512 = LINE('',#7513,#7514);
#7513 = CARTESIAN_POINT('',(-22.,-5.479230210905,78.455488052568));
#7514 = VECTOR('',#7515,1.);
#7515 = DIRECTION('',(0.,-0.,1.));
#7516 = PCURVE('',#6641,#7517);
#7517 = DEFINITIONAL_REPRESENTATION('',(#7518),#7522);
#7518 = LINE('',#7519,#7520);
#7519 = CARTESIAN_POINT('',(-0.,24.));
#7520 = VECTOR('',#7521,1.);
#7521 = DIRECTION('',(-1.,0.));
#7522 = ( GEOMETRIC_REPRESENTATION_CONTEXT(2) 
PARAMETRIC_REPRESENTATION_CONTEXT() REPRESENTATION_CONTEXT('2D SPACE',''
  ) );
#7523 = PCURVE('',#6777,#7524);
#7524 = DEFINITIONAL_REPRESENTATION('',(#7525),#7529);
#7525 = LINE('',#7526,#7527);
#7526 = CARTESIAN_POINT('',(-0.,-12.));
#7527 = VECTOR('',#7528,1.);
#7528 = DIRECTION('',(-1.,-0.));
#7529 = ( GEOMETRIC_REPRESENTATION_CONTEXT(2) 
PARAMETRIC_REPRESENTATION_CONTEXT() REPRESENTATION_CONTEXT('2D SPACE',''
  ) );
#7530 = ORIENTED_EDGE('',*,*,#6789,.F.);
#7531 = ORIENTED_EDGE('',*,*,#6625,.F.);
#7532 = ADVANCED_FACE('',(#7533,#7582),#6777,.T.);
#7533 = FACE_BOUND('',#7534,.F.);
#7534 = EDGE_LOOP('',(#7535,#7558,#7579,#7580,#7581));
#7535 = ORIENTED_EDGE('',*,*,#7536,.F.);
#7536 = EDGE_CURVE('',#7537,#7483,#7539,.T.);
#7537 = VERTEX_POINT('',#7538);
#7538 = CARTESIAN_POINT('',(-22.,-17.4792302109,88.455488052568));
#7539 = SURFACE_CURVE('',#7540,(#7544,#7551),.PCURVE_S1.);
#7540 = LINE('',#7541,#7542);
#7541 = CARTESIAN_POINT('',(-22.,-17.4792302109,88.455488052568));
#7542 = VECTOR('',#7543,1.);
#7543 = DIRECTION('',(-0.,1.,0.));
#7544 = PCURVE('',#6777,#7545);
#7545 = DEFINITIONAL_REPRESENTATION('',(#7546),#7550);
#7546 = LINE('',#7547,#7548);
#7547 = CARTESIAN_POINT('',(-10.,-0.));
#7548 = VECTOR('',#7549,1.);
#7549 = DIRECTION('',(-0.,-1.));
#7550 = ( GEOMETRIC_REPRESENTATION_CONTEXT(2) 
PARAMETRIC_REPRESENTATION_CONTEXT() REPRESENTATION_CONTEXT('2D SPACE',''
  ) );
#7551 = PCURVE('',#7498,#7552);
#7552 = DEFINITIONAL_REPRESENTATION('',(#7553),#7557);
#7553 = LINE('',#7554,#7555);
#7554 = CARTESIAN_POINT('',(-24.,0.));
#7555 = VECTOR('',#7556,1.);
#7556 = DIRECTION('',(-0.,1.));
#7557 = ( GEOMETRIC_REPRESENTATION_CONTEXT(2) 
PARAMETRIC_REPRESENTATION_CONTEXT() REPRESENTATION_CONTEXT('2D SPACE',''
  ) );
#7558 = ORIENTED_EDGE('',*,*,#7559,.F.);
#7559 = EDGE_CURVE('',#7349,#7537,#7560,.T.);
#7560 = SURFACE_CURVE('',#7561,(#7565,#7572),.PCURVE_S1.);
#7561 = LINE('',#7562,#7563);
#7562 = CARTESIAN_POINT('',(-22.,-17.4792302109,78.455488052568));
#7563 = VECTOR('',#7564,1.);
#7564 = DIRECTION('',(0.,-0.,1.));
#7565 = PCURVE('',#6777,#7566);
#7566 = DEFINITIONAL_REPRESENTATION('',(#7567),#7571);
#7567 = LINE('',#7568,#7569);
#7568 = CARTESIAN_POINT('',(-0.,-0.));
#7569 = VECTOR('',#7570,1.);
#7570 = DIRECTION('',(-1.,-0.));
#7571 = ( GEOMETRIC_REPRESENTATION_CONTEXT(2) 
PARAMETRIC_REPRESENTATION_CONTEXT() REPRESENTATION_CONTEXT('2D SPACE',''
  ) );
#7572 = PCURVE('',#7364,#7573);
#7573 = DEFINITIONAL_REPRESENTATION('',(#7574),#7578);
#7574 = LINE('',#7575,#7576);
#7575 = CARTESIAN_POINT('',(-0.,24.));
#7576 = VECTOR('',#7577,1.);
#7577 = DIRECTION('',(-1.,0.));
#7578 = ( GEOMETRIC_REPRESENTATION_CONTEXT(2) 
PARAMETRIC_REPRESENTATION_CONTEXT() REPRESENTATION_CONTEXT('2D SPACE',''
  ) );
#7579 = ORIENTED_EDGE('',*,*,#7376,.T.);
#7580 = ORIENTED_EDGE('',*,*,#6761,.F.);
#7581 = ORIENTED_EDGE('',*,*,#7510,.T.);
#7582 = FACE_BOUND('',#7583,.F.);
#7583 = EDGE_LOOP('',(#7584,#7614,#7642,#7670));
#7584 = ORIENTED_EDGE('',*,*,#7585,.T.);
#7585 = EDGE_CURVE('',#7586,#7588,#7590,.T.);
#7586 = VERTEX_POINT('',#7587);
#7587 = CARTESIAN_POINT('',(-22.,-15.90604563198,80.962837810826));
#7588 = VERTEX_POINT('',#7589);
#7589 = CARTESIAN_POINT('',(-22.,-16.20171419443,81.812884927862));
#7590 = SURFACE_CURVE('',#7591,(#7595,#7602),.PCURVE_S1.);
#7591 = LINE('',#7592,#7593);
#7592 = CARTESIAN_POINT('',(-22.,-15.74977490269,80.513559464118));
#7593 = VECTOR('',#7594,1.);
#7594 = DIRECTION('',(-0.,-0.328520624941,0.944496796706));
#7595 = PCURVE('',#6777,#7596);
#7596 = DEFINITIONAL_REPRESENTATION('',(#7597),#7601);
#7597 = LINE('',#7598,#7599);
#7598 = CARTESIAN_POINT('',(-2.05807141155,-1.729455308206));
#7599 = VECTOR('',#7600,1.);
#7600 = DIRECTION('',(-0.944496796706,0.328520624941));
#7601 = ( GEOMETRIC_REPRESENTATION_CONTEXT(2) 
PARAMETRIC_REPRESENTATION_CONTEXT() REPRESENTATION_CONTEXT('2D SPACE',''
  ) );
#7602 = PCURVE('',#7603,#7608);
#7603 = PLANE('',#7604);
#7604 = AXIS2_PLACEMENT_3D('',#7605,#7606,#7607);
#7605 = CARTESIAN_POINT('',(-20.,-16.20171419443,81.812884927862));
#7606 = DIRECTION('',(0.,0.944496796706,0.328520624941));
#7607 = DIRECTION('',(1.,0.,0.));
#7608 = DEFINITIONAL_REPRESENTATION('',(#7609),#7613);
#7609 = LINE('',#7610,#7611);
#7610 = CARTESIAN_POINT('',(-2.,1.375680116942));
#7611 = VECTOR('',#7612,1.);
#7612 = DIRECTION('',(-0.,-1.));
#7613 = ( GEOMETRIC_REPRESENTATION_CONTEXT(2) 
PARAMETRIC_REPRESENTATION_CONTEXT() REPRESENTATION_CONTEXT('2D SPACE',''
  ) );
#7614 = ORIENTED_EDGE('',*,*,#7615,.T.);
#7615 = EDGE_CURVE('',#7588,#7616,#7618,.T.);
#7616 = VERTEX_POINT('',#7617);
#7617 = CARTESIAN_POINT('',(-22.,-6.756746227374,85.098091177275));
#7618 = SURFACE_CURVE('',#7619,(#7623,#7630),.PCURVE_S1.);
#7619 = LINE('',#7620,#7621);
#7620 = CARTESIAN_POINT('',(-22.,-17.2924114944,81.433511953959));
#7621 = VECTOR('',#7622,1.);
#7622 = DIRECTION('',(-0.,0.944496796706,0.328520624941));
#7623 = PCURVE('',#6777,#7624);
#7624 = DEFINITIONAL_REPRESENTATION('',(#7625),#7629);
#7625 = LINE('',#7626,#7627);
#7626 = CARTESIAN_POINT('',(-2.97802390139,-0.186818716498));
#7627 = VECTOR('',#7628,1.);
#7628 = DIRECTION('',(-0.328520624941,-0.944496796706));
#7629 = ( GEOMETRIC_REPRESENTATION_CONTEXT(2) 
PARAMETRIC_REPRESENTATION_CONTEXT() REPRESENTATION_CONTEXT('2D SPACE',''
  ) );
#7630 = PCURVE('',#7631,#7636);
#7631 = PLANE('',#7632);
#7632 = AXIS2_PLACEMENT_3D('',#7633,#7634,#7635);
#7633 = CARTESIAN_POINT('',(-20.,-16.20171419443,81.812884927862));
#7634 = DIRECTION('',(-0.,0.328520624941,-0.944496796706));
#7635 = DIRECTION('',(0.,-0.944496796706,-0.328520624941));
#7636 = DEFINITIONAL_REPRESENTATION('',(#7637),#7641);
#7637 = LINE('',#7638,#7639);
#7638 = CARTESIAN_POINT('',(1.154791952472,2.));
#7639 = VECTOR('',#7640,1.);
#7640 = DIRECTION('',(-1.,-0.));
#7641 = ( GEOMETRIC_REPRESENTATION_CONTEXT(2) 
PARAMETRIC_REPRESENTATION_CONTEXT() REPRESENTATION_CONTEXT('2D SPACE',''
  ) );
#7642 = ORIENTED_EDGE('',*,*,#7643,.F.);
#7643 = EDGE_CURVE('',#7644,#7616,#7646,.T.);
#7644 = VERTEX_POINT('',#7645);
#7645 = CARTESIAN_POINT('',(-22.,-6.461077664927,84.248044060239));
#7646 = SURFACE_CURVE('',#7647,(#7651,#7658),.PCURVE_S1.);
#7647 = LINE('',#7648,#7649);
#7648 = CARTESIAN_POINT('',(-22.,-6.304806935637,83.798765713531));
#7649 = VECTOR('',#7650,1.);
#7650 = DIRECTION('',(-0.,-0.328520624941,0.944496796706));
#7651 = PCURVE('',#6777,#7652);
#7652 = DEFINITIONAL_REPRESENTATION('',(#7653),#7657);
#7653 = LINE('',#7654,#7655);
#7654 = CARTESIAN_POINT('',(-5.343277660963,-11.17442327526));
#7655 = VECTOR('',#7656,1.);
#7656 = DIRECTION('',(-0.944496796706,0.328520624941));
#7657 = ( GEOMETRIC_REPRESENTATION_CONTEXT(2) 
PARAMETRIC_REPRESENTATION_CONTEXT() REPRESENTATION_CONTEXT('2D SPACE',''
  ) );
#7658 = PCURVE('',#7659,#7664);
#7659 = PLANE('',#7660);
#7660 = AXIS2_PLACEMENT_3D('',#7661,#7662,#7663);
#7661 = CARTESIAN_POINT('',(-20.,-6.756746227374,85.098091177275));
#7662 = DIRECTION('',(0.,0.944496796706,0.328520624941));
#7663 = DIRECTION('',(1.,0.,0.));
#7664 = DEFINITIONAL_REPRESENTATION('',(#7665),#7669);
#7665 = LINE('',#7666,#7667);
#7666 = CARTESIAN_POINT('',(-2.,1.375680116942));
#7667 = VECTOR('',#7668,1.);
#7668 = DIRECTION('',(-0.,-1.));
#7669 = ( GEOMETRIC_REPRESENTATION_CONTEXT(2) 
PARAMETRIC_REPRESENTATION_CONTEXT() REPRESENTATION_CONTEXT('2D SPACE',''
  ) );
#7670 = ORIENTED_EDGE('',*,*,#7671,.F.);
#7671 = EDGE_CURVE('',#7586,#7644,#7672,.T.);
#7672 = SURFACE_CURVE('',#7673,(#7677,#7684),.PCURVE_S1.);
#7673 = LINE('',#7674,#7675);
#7674 = CARTESIAN_POINT('',(-22.,-16.99674293196,80.583464836923));
#7675 = VECTOR('',#7676,1.);
#7676 = DIRECTION('',(-0.,0.944496796706,0.328520624941));
#7677 = PCURVE('',#6777,#7678);
#7678 = DEFINITIONAL_REPRESENTATION('',(#7679),#7683);
#7679 = LINE('',#7680,#7681);
#7680 = CARTESIAN_POINT('',(-2.127976784355,-0.482487278945));
#7681 = VECTOR('',#7682,1.);
#7682 = DIRECTION('',(-0.328520624941,-0.944496796706));
#7683 = ( GEOMETRIC_REPRESENTATION_CONTEXT(2) 
PARAMETRIC_REPRESENTATION_CONTEXT() REPRESENTATION_CONTEXT('2D SPACE',''
  ) );
#7684 = PCURVE('',#7685,#7690);
#7685 = PLANE('',#7686);
#7686 = AXIS2_PLACEMENT_3D('',#7687,#7688,#7689);
#7687 = CARTESIAN_POINT('',(-20.,-15.90604563198,80.962837810826));
#7688 = DIRECTION('',(-0.,0.328520624941,-0.944496796706));
#7689 = DIRECTION('',(0.,-0.944496796706,-0.328520624941));
#7690 = DEFINITIONAL_REPRESENTATION('',(#7691),#7695);
#7691 = LINE('',#7692,#7693);
#7692 = CARTESIAN_POINT('',(1.154791952472,2.));
#7693 = VECTOR('',#7694,1.);
#7694 = DIRECTION('',(-1.,-0.));
#7695 = ( GEOMETRIC_REPRESENTATION_CONTEXT(2) 
PARAMETRIC_REPRESENTATION_CONTEXT() REPRESENTATION_CONTEXT('2D SPACE',''
  ) );
#7696 = ADVANCED_FACE('',(#7697),#7017,.T.);
#7697 = FACE_BOUND('',#7698,.F.);
#7698 = EDGE_LOOP('',(#7699,#7700));
#7699 = ORIENTED_EDGE('',*,*,#7245,.F.);
#7700 = ORIENTED_EDGE('',*,*,#7002,.T.);
#7701 = ADVANCED_FACE('',(#7702),#7061,.F.);
#7702 = FACE_BOUND('',#7703,.T.);
#7703 = EDGE_LOOP('',(#7704,#7735,#7788,#7809,#7810,#7811,#7843,#7880));
#7704 = ORIENTED_EDGE('',*,*,#7705,.F.);
#7705 = EDGE_CURVE('',#7706,#7708,#7710,.T.);
#7706 = VERTEX_POINT('',#7707);
#7707 = CARTESIAN_POINT('',(4.225229614419,124.13355743015,14.));
#7708 = VERTEX_POINT('',#7709);
#7709 = CARTESIAN_POINT('',(-0.17524376287,124.15689561939,
    14.041185039828));
#7710 = SURFACE_CURVE('',#7711,(#7716,#7723),.PCURVE_S1.);
#7711 = CIRCLE('',#7712,3.2);
#7712 = AXIS2_PLACEMENT_3D('',#7713,#7714,#7715);
#7713 = CARTESIAN_POINT('',(2.,122.99980503079,11.999260471713));
#7714 = DIRECTION('',(0.,-0.870022185849,0.493012571981));
#7715 = DIRECTION('',(-1.,-0.,-0.));
#7716 = PCURVE('',#7061,#7717);
#7717 = DEFINITIONAL_REPRESENTATION('',(#7718),#7722);
#7718 = LINE('',#7719,#7720);
#7719 = CARTESIAN_POINT('',(-0.,11.));
#7720 = VECTOR('',#7721,1.);
#7721 = DIRECTION('',(-1.,0.));
#7722 = ( GEOMETRIC_REPRESENTATION_CONTEXT(2) 
PARAMETRIC_REPRESENTATION_CONTEXT() REPRESENTATION_CONTEXT('2D SPACE',''
  ) );
#7723 = PCURVE('',#7724,#7729);
#7724 = PLANE('',#7725);
#7725 = AXIS2_PLACEMENT_3D('',#7726,#7727,#7728);
#7726 = CARTESIAN_POINT('',(10.,121.02775474286,8.519171728318));
#7727 = DIRECTION('',(0.,-0.870022185849,0.493012571981));
#7728 = DIRECTION('',(1.,0.,0.));
#7729 = DEFINITIONAL_REPRESENTATION('',(#7730),#7734);
#7730 = CIRCLE('',#7731,3.2);
#7731 = AXIS2_PLACEMENT_2D('',#7732,#7733);
#7732 = CARTESIAN_POINT('',(-8.,4.));
#7733 = DIRECTION('',(-1.,0.));
#7734 = ( GEOMETRIC_REPRESENTATION_CONTEXT(2) 
PARAMETRIC_REPRESENTATION_CONTEXT() REPRESENTATION_CONTEXT('2D SPACE',''
  ) );
#7735 = ORIENTED_EDGE('',*,*,#7736,.T.);
#7736 = EDGE_CURVE('',#7706,#7737,#7739,.T.);
#7737 = VERTEX_POINT('',#7738);
#7738 = CARTESIAN_POINT('',(-1.2,119.46908821616,14.));
#7739 = SURFACE_CURVE('',#7740,(#7745,#7772),.PCURVE_S1.);
#7740 = ELLIPSE('',#7741,6.490706691602,3.2);
#7741 = AXIS2_PLACEMENT_3D('',#7742,#7743,#7744);
#7742 = CARTESIAN_POINT('',(2.,119.46908821616,14.));
#7743 = DIRECTION('',(-0.,-0.,-1.));
#7744 = DIRECTION('',(-0.,1.,-0.));
#7745 = PCURVE('',#7061,#7746);
#7746 = DEFINITIONAL_REPRESENTATION('',(#7747),#7771);
#7747 = B_SPLINE_CURVE_WITH_KNOTS('',8,(#7748,#7749,#7750,#7751,#7752,
    #7753,#7754,#7755,#7756,#7757,#7758,#7759,#7760,#7761,#7762,#7763,
    #7764,#7765,#7766,#7767,#7768,#7769,#7770),.UNSPECIFIED.,.F.,.F.,(9,
    7,7,9),(0.768954307979,1.75481297608,3.233600978233,4.712388980385),
  .UNSPECIFIED.);
#7748 = CARTESIAN_POINT('',(-3.943434672406,11.0000006));
#7749 = CARTESIAN_POINT('',(-3.820202338893,10.516082609377));
#7750 = CARTESIAN_POINT('',(-3.696970005381,9.961731939166));
#7751 = CARTESIAN_POINT('',(-3.573737671868,9.34814722057));
#7752 = CARTESIAN_POINT('',(-3.450505338355,8.688807509294));
#7753 = CARTESIAN_POINT('',(-3.327273004842,7.998932534275));
#7754 = CARTESIAN_POINT('',(-3.20404067133,7.294745958653));
#7755 = CARTESIAN_POINT('',(-3.080808337817,6.592661303948));
#7756 = CARTESIAN_POINT('',(-2.772727504035,4.882283515108));
#7757 = CARTESIAN_POINT('',(-2.587879003766,3.896407258208));
#7758 = CARTESIAN_POINT('',(-2.403030503493,3.004315179742));
#7759 = CARTESIAN_POINT('',(-2.218182003227,2.256493122547));
#7760 = CARTESIAN_POINT('',(-2.033333502954,1.694664736888));
#7761 = CARTESIAN_POINT('',(-1.84848500269,1.346406777778));
#7762 = CARTESIAN_POINT('',(-1.663636502421,1.22272782491));
#7763 = CARTESIAN_POINT('',(-1.293939501883,1.414542766048));
#7764 = CARTESIAN_POINT('',(-1.109091001614,1.730036689281));
#7765 = CARTESIAN_POINT('',(-0.924242501345,2.26012215178));
#7766 = CARTESIAN_POINT('',(-0.739394001074,2.983804521454));
#7767 = CARTESIAN_POINT('',(-0.554545500807,3.864608371039));
#7768 = CARTESIAN_POINT('',(-0.369697000537,4.854107430653));
#7769 = CARTESIAN_POINT('',(-0.184848500269,5.897957944163));
#7770 = CARTESIAN_POINT('',(4.440892098501E-15,6.941808298624));
#7771 = ( GEOMETRIC_REPRESENTATION_CONTEXT(2) 
PARAMETRIC_REPRESENTATION_CONTEXT() REPRESENTATION_CONTEXT('2D SPACE',''
  ) );
#7772 = PCURVE('',#7773,#7778);
#7773 = PLANE('',#7774);
#7774 = AXIS2_PLACEMENT_3D('',#7775,#7776,#7777);
#7775 = CARTESIAN_POINT('',(7.,107.,14.));
#7776 = DIRECTION('',(-0.,-0.,1.));
#7777 = DIRECTION('',(1.,0.,0.));
#7778 = DEFINITIONAL_REPRESENTATION('',(#7779),#7787);
#7779 = ( BOUNDED_CURVE() B_SPLINE_CURVE(2,(#7780,#7781,#7782,#7783,
#7784,#7785,#7786),.UNSPECIFIED.,.T.,.F.) B_SPLINE_CURVE_WITH_KNOTS((1,2
    ,2,2,2,1),(-2.094395102393,0.,2.094395102393,4.188790204786,
6.28318530718,8.377580409573),.UNSPECIFIED.) CURVE() 
GEOMETRIC_REPRESENTATION_ITEM() RATIONAL_B_SPLINE_CURVE((1.,0.5,1.,0.5,
1.,0.5,1.)) REPRESENTATION_ITEM('') );
#7780 = CARTESIAN_POINT('',(-5.,18.95979490777));
#7781 = CARTESIAN_POINT('',(0.54256258422,18.95979490777));
#7782 = CARTESIAN_POINT('',(-2.22871870789,9.223734870368));
#7783 = CARTESIAN_POINT('',(-5.,-0.512325167034));
#7784 = CARTESIAN_POINT('',(-7.77128129211,9.223734870368));
#7785 = CARTESIAN_POINT('',(-10.54256258422,18.95979490777));
#7786 = CARTESIAN_POINT('',(-5.,18.95979490777));
#7787 = ( GEOMETRIC_REPRESENTATION_CONTEXT(2) 
PARAMETRIC_REPRESENTATION_CONTEXT() REPRESENTATION_CONTEXT('2D SPACE',''
  ) );
#7788 = ORIENTED_EDGE('',*,*,#7789,.F.);
#7789 = EDGE_CURVE('',#7041,#7737,#7790,.T.);
#7790 = SEAM_CURVE('',#7791,(#7795,#7802),.PCURVE_S1.);
#7791 = LINE('',#7792,#7793);
#7792 = CARTESIAN_POINT('',(-1.2,113.42956098645,17.422398763503));
#7793 = VECTOR('',#7794,1.);
#7794 = DIRECTION('',(-0.,0.870022185849,-0.493012571981));
#7795 = PCURVE('',#7061,#7796);
#7796 = DEFINITIONAL_REPRESENTATION('',(#7797),#7801);
#7797 = LINE('',#7798,#7799);
#7798 = CARTESIAN_POINT('',(-6.28318530718,-0.));
#7799 = VECTOR('',#7800,1.);
#7800 = DIRECTION('',(-0.,1.));
#7801 = ( GEOMETRIC_REPRESENTATION_CONTEXT(2) 
PARAMETRIC_REPRESENTATION_CONTEXT() REPRESENTATION_CONTEXT('2D SPACE',''
  ) );
#7802 = PCURVE('',#7061,#7803);
#7803 = DEFINITIONAL_REPRESENTATION('',(#7804),#7808);
#7804 = LINE('',#7805,#7806);
#7805 = CARTESIAN_POINT('',(-0.,-0.));
#7806 = VECTOR('',#7807,1.);
#7807 = DIRECTION('',(-0.,1.));
#7808 = ( GEOMETRIC_REPRESENTATION_CONTEXT(2) 
PARAMETRIC_REPRESENTATION_CONTEXT() REPRESENTATION_CONTEXT('2D SPACE',''
  ) );
#7809 = ORIENTED_EDGE('',*,*,#7040,.T.);
#7810 = ORIENTED_EDGE('',*,*,#7789,.T.);
#7811 = ORIENTED_EDGE('',*,*,#7812,.T.);
#7812 = EDGE_CURVE('',#7737,#7813,#7815,.T.);
#7813 = VERTEX_POINT('',#7814);
#7814 = CARTESIAN_POINT('',(-0.611589468704,123.21993814588,14.));
#7815 = SURFACE_CURVE('',#7816,(#7821,#7832),.PCURVE_S1.);
#7816 = ELLIPSE('',#7817,6.490706691602,3.2);
#7817 = AXIS2_PLACEMENT_3D('',#7818,#7819,#7820);
#7818 = CARTESIAN_POINT('',(2.,119.46908821616,14.));
#7819 = DIRECTION('',(-0.,-0.,-1.));
#7820 = DIRECTION('',(-0.,1.,-0.));
#7821 = PCURVE('',#7061,#7822);
#7822 = DEFINITIONAL_REPRESENTATION('',(#7823),#7831);
#7823 = B_SPLINE_CURVE_WITH_KNOTS('',6,(#7824,#7825,#7826,#7827,#7828,
    #7829,#7830),.UNSPECIFIED.,.F.,.F.,(7,7),(4.712388980385,
    5.514230999201),.PIECEWISE_BEZIER_KNOTS.);
#7824 = CARTESIAN_POINT('',(-6.28318530718,6.941808298624));
#7825 = CARTESIAN_POINT('',(-6.14954497071,7.696483139862));
#7826 = CARTESIAN_POINT('',(-6.015904634241,8.451156696489));
#7827 = CARTESIAN_POINT('',(-5.882264297772,9.181577478893));
#7828 = CARTESIAN_POINT('',(-5.748623961302,9.863450098508));
#7829 = CARTESIAN_POINT('',(-5.614983624833,10.475211680996));
#7830 = CARTESIAN_POINT('',(-5.481343288364,11.0000006));
#7831 = ( GEOMETRIC_REPRESENTATION_CONTEXT(2) 
PARAMETRIC_REPRESENTATION_CONTEXT() REPRESENTATION_CONTEXT('2D SPACE',''
  ) );
#7832 = PCURVE('',#7773,#7833);
#7833 = DEFINITIONAL_REPRESENTATION('',(#7834),#7842);
#7834 = ( BOUNDED_CURVE() B_SPLINE_CURVE(2,(#7835,#7836,#7837,#7838,
#7839,#7840,#7841),.UNSPECIFIED.,.T.,.F.) B_SPLINE_CURVE_WITH_KNOTS((1,2
    ,2,2,2,1),(-2.094395102393,0.,2.094395102393,4.188790204786,
6.28318530718,8.377580409573),.UNSPECIFIED.) CURVE() 
GEOMETRIC_REPRESENTATION_ITEM() RATIONAL_B_SPLINE_CURVE((1.,0.5,1.,0.5,
1.,0.5,1.)) REPRESENTATION_ITEM('') );
#7835 = CARTESIAN_POINT('',(-5.,18.95979490777));
#7836 = CARTESIAN_POINT('',(0.54256258422,18.95979490777));
#7837 = CARTESIAN_POINT('',(-2.22871870789,9.223734870368));
#7838 = CARTESIAN_POINT('',(-5.,-0.512325167034));
#7839 = CARTESIAN_POINT('',(-7.77128129211,9.223734870368));
#7840 = CARTESIAN_POINT('',(-10.54256258422,18.95979490777));
#7841 = CARTESIAN_POINT('',(-5.,18.95979490777));
#7842 = ( GEOMETRIC_REPRESENTATION_CONTEXT(2) 
PARAMETRIC_REPRESENTATION_CONTEXT() REPRESENTATION_CONTEXT('2D SPACE',''
  ) );
#7843 = ORIENTED_EDGE('',*,*,#7844,.F.);
#7844 = EDGE_CURVE('',#7845,#7813,#7847,.T.);
#7845 = VERTEX_POINT('',#7846);
#7846 = CARTESIAN_POINT('',(-0.585844886354,123.21993814588,
    14.041185039828));
#7847 = SURFACE_CURVE('',#7848,(#7853,#7864),.PCURVE_S1.);
#7848 = ELLIPSE('',#7849,3.678067125241,3.2);
#7849 = AXIS2_PLACEMENT_3D('',#7850,#7851,#7852);
#7850 = CARTESIAN_POINT('',(2.,123.21993814588,11.874518373161));
#7851 = DIRECTION('',(0.,-1.,0.));
#7852 = DIRECTION('',(-0.,-0.,-1.));
#7853 = PCURVE('',#7061,#7854);
#7854 = DEFINITIONAL_REPRESENTATION('',(#7855),#7863);
#7855 = B_SPLINE_CURVE_WITH_KNOTS('',6,(#7856,#7857,#7858,#7859,#7860,
    #7861,#7862),.UNSPECIFIED.,.F.,.F.,(7,7),(3.675236118597,
    4.572399374951),.PIECEWISE_BEZIER_KNOTS.);
#7856 = CARTESIAN_POINT('',(-5.246032445392,9.691813638872));
#7857 = CARTESIAN_POINT('',(-5.395559654784,9.829736754731));
#7858 = CARTESIAN_POINT('',(-5.545086864176,10.00954635753));
#7859 = CARTESIAN_POINT('',(-5.694614073568,10.225697366794));
#7860 = CARTESIAN_POINT('',(-5.844141282961,10.469809545019));
#7861 = CARTESIAN_POINT('',(-5.993668492354,10.731510394633));
#7862 = CARTESIAN_POINT('',(-6.143195701746,11.0000006));
#7863 = ( GEOMETRIC_REPRESENTATION_CONTEXT(2) 
PARAMETRIC_REPRESENTATION_CONTEXT() REPRESENTATION_CONTEXT('2D SPACE',''
  ) );
#7864 = PCURVE('',#7865,#7870);
#7865 = PLANE('',#7866);
#7866 = AXIS2_PLACEMENT_3D('',#7867,#7868,#7869);
#7867 = CARTESIAN_POINT('',(2.,123.21993814588,4.041185039828));
#7868 = DIRECTION('',(-0.,1.,0.));
#7869 = DIRECTION('',(0.,0.,-1.));
#7870 = DEFINITIONAL_REPRESENTATION('',(#7871),#7879);
#7871 = ( BOUNDED_CURVE() B_SPLINE_CURVE(2,(#7872,#7873,#7874,#7875,
#7876,#7877,#7878),.UNSPECIFIED.,.T.,.F.) B_SPLINE_CURVE_WITH_KNOTS((1,2
    ,2,2,2,1),(-2.094395102393,0.,2.094395102393,4.188790204786,
6.28318530718,8.377580409573),.UNSPECIFIED.) CURVE() 
GEOMETRIC_REPRESENTATION_ITEM() RATIONAL_B_SPLINE_CURVE((1.,0.5,1.,0.5,
1.,0.5,1.)) REPRESENTATION_ITEM('') );
#7872 = CARTESIAN_POINT('',(-4.155266208092,0.));
#7873 = CARTESIAN_POINT('',(-4.155266208092,-5.54256258422));
#7874 = CARTESIAN_POINT('',(-9.672366895954,-2.77128129211));
#7875 = CARTESIAN_POINT('',(-15.18946758381,-7.837739514543E-16));
#7876 = CARTESIAN_POINT('',(-9.672366895954,2.77128129211));
#7877 = CARTESIAN_POINT('',(-4.155266208092,5.54256258422));
#7878 = CARTESIAN_POINT('',(-4.155266208092,0.));
#7879 = ( GEOMETRIC_REPRESENTATION_CONTEXT(2) 
PARAMETRIC_REPRESENTATION_CONTEXT() REPRESENTATION_CONTEXT('2D SPACE',''
  ) );
#7880 = ORIENTED_EDGE('',*,*,#7881,.T.);
#7881 = EDGE_CURVE('',#7845,#7708,#7882,.T.);
#7882 = SURFACE_CURVE('',#7883,(#7888,#7898),.PCURVE_S1.);
#7883 = ELLIPSE('',#7884,6.490706691602,3.2);
#7884 = AXIS2_PLACEMENT_3D('',#7885,#7886,#7887);
#7885 = CARTESIAN_POINT('',(2.,119.39640873412,14.041185039828));
#7886 = DIRECTION('',(-0.,-0.,-1.));
#7887 = DIRECTION('',(-0.,1.,-0.));
#7888 = PCURVE('',#7061,#7889);
#7889 = DEFINITIONAL_REPRESENTATION('',(#7890),#7897);
#7890 = B_SPLINE_CURVE_WITH_KNOTS('',5,(#7891,#7892,#7893,#7894,#7895,
    #7896),.UNSPECIFIED.,.F.,.F.,(6,6),(5.162439576771,5.535745094091),
  .PIECEWISE_BEZIER_KNOTS.);
#7891 = CARTESIAN_POINT('',(-5.833134710793,9.314804025004));
#7892 = CARTESIAN_POINT('',(-5.758473607329,9.694437329861));
#7893 = CARTESIAN_POINT('',(-5.683812503865,10.056954146416));
#7894 = CARTESIAN_POINT('',(-5.609151400401,10.397944027561));
#7895 = CARTESIAN_POINT('',(-5.534490296938,10.713401648971));
#7896 = CARTESIAN_POINT('',(-5.459829193474,11.0000006));
#7897 = ( GEOMETRIC_REPRESENTATION_CONTEXT(2) 
PARAMETRIC_REPRESENTATION_CONTEXT() REPRESENTATION_CONTEXT('2D SPACE',''
  ) );
#7898 = PCURVE('',#7899,#7904);
#7899 = PLANE('',#7900);
#7900 = AXIS2_PLACEMENT_3D('',#7901,#7902,#7903);
#7901 = CARTESIAN_POINT('',(2.,123.21993814588,14.041185039828));
#7902 = DIRECTION('',(0.,-0.,1.));
#7903 = DIRECTION('',(1.,0.,0.));
#7904 = DEFINITIONAL_REPRESENTATION('',(#7905),#7913);
#7905 = ( BOUNDED_CURVE() B_SPLINE_CURVE(2,(#7906,#7907,#7908,#7909,
#7910,#7911,#7912),.UNSPECIFIED.,.T.,.F.) B_SPLINE_CURVE_WITH_KNOTS((1,2
    ,2,2,2,1),(-2.094395102393,0.,2.094395102393,4.188790204786,
6.28318530718,8.377580409573),.UNSPECIFIED.) CURVE() 
GEOMETRIC_REPRESENTATION_ITEM() RATIONAL_B_SPLINE_CURVE((1.,0.5,1.,0.5,
1.,0.5,1.)) REPRESENTATION_ITEM('') );
#7906 = CARTESIAN_POINT('',(0.,2.667177279837));
#7907 = CARTESIAN_POINT('',(5.54256258422,2.667177279837));
#7908 = CARTESIAN_POINT('',(2.77128129211,-7.068882757565));
#7909 = CARTESIAN_POINT('',(7.837739514543E-16,-16.80494279496));
#7910 = CARTESIAN_POINT('',(-2.77128129211,-7.068882757565));
#7911 = CARTESIAN_POINT('',(-5.54256258422,2.667177279837));
#7912 = CARTESIAN_POINT('',(0.,2.667177279837));
#7913 = ( GEOMETRIC_REPRESENTATION_CONTEXT(2) 
PARAMETRIC_REPRESENTATION_CONTEXT() REPRESENTATION_CONTEXT('2D SPACE',''
  ) );
#7914 = ADVANCED_FACE('',(#7915),#5789,.F.);
#7915 = FACE_BOUND('',#7916,.T.);
#7916 = EDGE_LOOP('',(#7917,#7950,#7971,#7972));
#7917 = ORIENTED_EDGE('',*,*,#7918,.F.);
#7918 = EDGE_CURVE('',#7919,#7919,#7921,.T.);
#7919 = VERTEX_POINT('',#7920);
#7920 = CARTESIAN_POINT('',(0.3,-70.,11.2));
#7921 = SURFACE_CURVE('',#7922,(#7927,#7934),.PCURVE_S1.);
#7922 = CIRCLE('',#7923,2.7);
#7923 = AXIS2_PLACEMENT_3D('',#7924,#7925,#7926);
#7924 = CARTESIAN_POINT('',(3.,-70.,11.2));
#7925 = DIRECTION('',(0.,0.,-1.));
#7926 = DIRECTION('',(-1.,0.,-0.));
#7927 = PCURVE('',#5789,#7928);
#7928 = DEFINITIONAL_REPRESENTATION('',(#7929),#7933);
#7929 = LINE('',#7930,#7931);
#7930 = CARTESIAN_POINT('',(-0.,5.2));
#7931 = VECTOR('',#7932,1.);
#7932 = DIRECTION('',(-1.,0.));
#7933 = ( GEOMETRIC_REPRESENTATION_CONTEXT(2) 
PARAMETRIC_REPRESENTATION_CONTEXT() REPRESENTATION_CONTEXT('2D SPACE',''
  ) );
#7934 = PCURVE('',#7935,#7940);
#7935 = PLANE('',#7936);
#7936 = AXIS2_PLACEMENT_3D('',#7937,#7938,#7939);
#7937 = CARTESIAN_POINT('',(3.,-70.,11.2));
#7938 = DIRECTION('',(0.,-0.,1.));
#7939 = DIRECTION('',(1.,0.,0.));
#7940 = DEFINITIONAL_REPRESENTATION('',(#7941),#7949);
#7941 = ( BOUNDED_CURVE() B_SPLINE_CURVE(2,(#7942,#7943,#7944,#7945,
#7946,#7947,#7948),.UNSPECIFIED.,.T.,.F.) B_SPLINE_CURVE_WITH_KNOTS((1,2
    ,2,2,2,1),(-2.094395102393,0.,2.094395102393,4.188790204786,
6.28318530718,8.377580409573),.UNSPECIFIED.) CURVE() 
GEOMETRIC_REPRESENTATION_ITEM() RATIONAL_B_SPLINE_CURVE((1.,0.5,1.,0.5,
1.,0.5,1.)) REPRESENTATION_ITEM('') );
#7942 = CARTESIAN_POINT('',(-2.7,0.));
#7943 = CARTESIAN_POINT('',(-2.7,4.676537180436));
#7944 = CARTESIAN_POINT('',(1.35,2.338268590218));
#7945 = CARTESIAN_POINT('',(5.4,6.613092715396E-16));
#7946 = CARTESIAN_POINT('',(1.35,-2.338268590218));
#7947 = CARTESIAN_POINT('',(-2.7,-4.676537180436));
#7948 = CARTESIAN_POINT('',(-2.7,0.));
#7949 = ( GEOMETRIC_REPRESENTATION_CONTEXT(2) 
PARAMETRIC_REPRESENTATION_CONTEXT() REPRESENTATION_CONTEXT('2D SPACE',''
  ) );
#7950 = ORIENTED_EDGE('',*,*,#7951,.F.);
#7951 = EDGE_CURVE('',#5769,#7919,#7952,.T.);
#7952 = SEAM_CURVE('',#7953,(#7957,#7964),.PCURVE_S1.);
#7953 = LINE('',#7954,#7955);
#7954 = CARTESIAN_POINT('',(0.3,-70.,6.));
#7955 = VECTOR('',#7956,1.);
#7956 = DIRECTION('',(0.,-0.,1.));
#7957 = PCURVE('',#5789,#7958);
#7958 = DEFINITIONAL_REPRESENTATION('',(#7959),#7963);
#7959 = LINE('',#7960,#7961);
#7960 = CARTESIAN_POINT('',(-6.28318530718,-0.));
#7961 = VECTOR('',#7962,1.);
#7962 = DIRECTION('',(-0.,1.));
#7963 = ( GEOMETRIC_REPRESENTATION_CONTEXT(2) 
PARAMETRIC_REPRESENTATION_CONTEXT() REPRESENTATION_CONTEXT('2D SPACE',''
  ) );
#7964 = PCURVE('',#5789,#7965);
#7965 = DEFINITIONAL_REPRESENTATION('',(#7966),#7970);
#7966 = LINE('',#7967,#7968);
#7967 = CARTESIAN_POINT('',(-0.,-0.));
#7968 = VECTOR('',#7969,1.);
#7969 = DIRECTION('',(-0.,1.));
#7970 = ( GEOMETRIC_REPRESENTATION_CONTEXT(2) 
PARAMETRIC_REPRESENTATION_CONTEXT() REPRESENTATION_CONTEXT('2D SPACE',''
  ) );
#7971 = ORIENTED_EDGE('',*,*,#5768,.T.);
#7972 = ORIENTED_EDGE('',*,*,#7951,.T.);
#7973 = ADVANCED_FACE('',(#7974),#7171,.F.);
#7974 = FACE_BOUND('',#7975,.T.);
#7975 = EDGE_LOOP('',(#7976));
#7976 = ORIENTED_EDGE('',*,*,#7154,.T.);
#7977 = ADVANCED_FACE('',(#7978),#7364,.F.);
#7978 = FACE_BOUND('',#7979,.T.);
#7979 = EDGE_LOOP('',(#7980,#7981,#8004,#8027,#8055,#8083,#8111,#8132));
#7980 = ORIENTED_EDGE('',*,*,#7348,.F.);
#7981 = ORIENTED_EDGE('',*,*,#7982,.F.);
#7982 = EDGE_CURVE('',#7983,#7321,#7985,.T.);
#7983 = VERTEX_POINT('',#7984);
#7984 = CARTESIAN_POINT('',(-13.,-17.4792302109,84.5));
#7985 = SURFACE_CURVE('',#7986,(#7990,#7997),.PCURVE_S1.);
#7986 = LINE('',#7987,#7988);
#7987 = CARTESIAN_POINT('',(-13.,-17.4792302109,76.477744026284));
#7988 = VECTOR('',#7989,1.);
#7989 = DIRECTION('',(-0.,-0.,-1.));
#7990 = PCURVE('',#7364,#7991);
#7991 = DEFINITIONAL_REPRESENTATION('',(#7992),#7996);
#7992 = LINE('',#7993,#7994);
#7993 = CARTESIAN_POINT('',(1.977744026284,15.));
#7994 = VECTOR('',#7995,1.);
#7995 = DIRECTION('',(1.,-0.));
#7996 = ( GEOMETRIC_REPRESENTATION_CONTEXT(2) 
PARAMETRIC_REPRESENTATION_CONTEXT() REPRESENTATION_CONTEXT('2D SPACE',''
  ) );
#7997 = PCURVE('',#7336,#7998);
#7998 = DEFINITIONAL_REPRESENTATION('',(#7999),#8003);
#7999 = LINE('',#8000,#8001);
#8000 = CARTESIAN_POINT('',(-1.977744026284,-18.52076978909));
#8001 = VECTOR('',#8002,1.);
#8002 = DIRECTION('',(1.,-0.));
#8003 = ( GEOMETRIC_REPRESENTATION_CONTEXT(2) 
PARAMETRIC_REPRESENTATION_CONTEXT() REPRESENTATION_CONTEXT('2D SPACE',''
  ) );
#8004 = ORIENTED_EDGE('',*,*,#8005,.F.);
#8005 = EDGE_CURVE('',#8006,#7983,#8008,.T.);
#8006 = VERTEX_POINT('',#8007);
#8007 = CARTESIAN_POINT('',(-3.,-17.4792302109,84.5));
#8008 = SURFACE_CURVE('',#8009,(#8013,#8020),.PCURVE_S1.);
#8009 = LINE('',#8010,#8011);
#8010 = CARTESIAN_POINT('',(7.5,-17.4792302109,84.5));
#8011 = VECTOR('',#8012,1.);
#8012 = DIRECTION('',(-1.,-0.,-0.));
#8013 = PCURVE('',#7364,#8014);
#8014 = DEFINITIONAL_REPRESENTATION('',(#8015),#8019);
#8015 = LINE('',#8016,#8017);
#8016 = CARTESIAN_POINT('',(-6.044511947432,-5.5));
#8017 = VECTOR('',#8018,1.);
#8018 = DIRECTION('',(-0.,1.));
#8019 = ( GEOMETRIC_REPRESENTATION_CONTEXT(2) 
PARAMETRIC_REPRESENTATION_CONTEXT() REPRESENTATION_CONTEXT('2D SPACE',''
  ) );
#8020 = PCURVE('',#7442,#8021);
#8021 = DEFINITIONAL_REPRESENTATION('',(#8022),#8026);
#8022 = LINE('',#8023,#8024);
#8023 = CARTESIAN_POINT('',(-5.5,18.520769789095));
#8024 = VECTOR('',#8025,1.);
#8025 = DIRECTION('',(-1.,0.));
#8026 = ( GEOMETRIC_REPRESENTATION_CONTEXT(2) 
PARAMETRIC_REPRESENTATION_CONTEXT() REPRESENTATION_CONTEXT('2D SPACE',''
  ) );
#8027 = ORIENTED_EDGE('',*,*,#8028,.T.);
#8028 = EDGE_CURVE('',#8006,#8029,#8031,.T.);
#8029 = VERTEX_POINT('',#8030);
#8030 = CARTESIAN_POINT('',(-3.,-17.4792302109,84.544826051321));
#8031 = SURFACE_CURVE('',#8032,(#8036,#8043),.PCURVE_S1.);
#8032 = LINE('',#8033,#8034);
#8033 = CARTESIAN_POINT('',(-3.,-17.4792302109,83.850576059863));
#8034 = VECTOR('',#8035,1.);
#8035 = DIRECTION('',(-0.,-0.,1.));
#8036 = PCURVE('',#7364,#8037);
#8037 = DEFINITIONAL_REPRESENTATION('',(#8038),#8042);
#8038 = LINE('',#8039,#8040);
#8039 = CARTESIAN_POINT('',(-5.395088007295,5.));
#8040 = VECTOR('',#8041,1.);
#8041 = DIRECTION('',(-1.,-0.));
#8042 = ( GEOMETRIC_REPRESENTATION_CONTEXT(2) 
PARAMETRIC_REPRESENTATION_CONTEXT() REPRESENTATION_CONTEXT('2D SPACE',''
  ) );
#8043 = PCURVE('',#8044,#8049);
#8044 = PLANE('',#8045);
#8045 = AXIS2_PLACEMENT_3D('',#8046,#8047,#8048);
#8046 = CARTESIAN_POINT('',(-3.,-3.964320915373,89.245664067158));
#8047 = DIRECTION('',(-1.,0.,-0.));
#8048 = DIRECTION('',(0.,-0.328520624941,0.944496796706));
#8049 = DEFINITIONAL_REPRESENTATION('',(#8050),#8054);
#8050 = LINE('',#8051,#8052);
#8051 = CARTESIAN_POINT('',(-0.655716893045,-14.53718622117));
#8052 = VECTOR('',#8053,1.);
#8053 = DIRECTION('',(0.944496796706,0.328520624941));
#8054 = ( GEOMETRIC_REPRESENTATION_CONTEXT(2) 
PARAMETRIC_REPRESENTATION_CONTEXT() REPRESENTATION_CONTEXT('2D SPACE',''
  ) );
#8055 = ORIENTED_EDGE('',*,*,#8056,.F.);
#8056 = EDGE_CURVE('',#8057,#8029,#8059,.T.);
#8057 = VERTEX_POINT('',#8058);
#8058 = CARTESIAN_POINT('',(2.,-17.4792302109,84.544826051321));
#8059 = SURFACE_CURVE('',#8060,(#8064,#8071),.PCURVE_S1.);
#8060 = LINE('',#8061,#8062);
#8061 = CARTESIAN_POINT('',(4.5,-17.4792302109,84.544826051321));
#8062 = VECTOR('',#8063,1.);
#8063 = DIRECTION('',(-1.,-0.,-0.));
#8064 = PCURVE('',#7364,#8065);
#8065 = DEFINITIONAL_REPRESENTATION('',(#8066),#8070);
#8066 = LINE('',#8067,#8068);
#8067 = CARTESIAN_POINT('',(-6.089337998753,-2.5));
#8068 = VECTOR('',#8069,1.);
#8069 = DIRECTION('',(-0.,1.));
#8070 = ( GEOMETRIC_REPRESENTATION_CONTEXT(2) 
PARAMETRIC_REPRESENTATION_CONTEXT() REPRESENTATION_CONTEXT('2D SPACE',''
  ) );
#8071 = PCURVE('',#8072,#8077);
#8072 = PLANE('',#8073);
#8073 = AXIS2_PLACEMENT_3D('',#8074,#8075,#8076);
#8074 = CARTESIAN_POINT('',(7.,-3.964320915373,89.245664067158));
#8075 = DIRECTION('',(-0.,0.328520624941,-0.944496796706));
#8076 = DIRECTION('',(1.,0.,0.));
#8077 = DEFINITIONAL_REPRESENTATION('',(#8078),#8082);
#8078 = LINE('',#8079,#8080);
#8079 = CARTESIAN_POINT('',(-2.5,14.309110780114));
#8080 = VECTOR('',#8081,1.);
#8081 = DIRECTION('',(-1.,0.));
#8082 = ( GEOMETRIC_REPRESENTATION_CONTEXT(2) 
PARAMETRIC_REPRESENTATION_CONTEXT() REPRESENTATION_CONTEXT('2D SPACE',''
  ) );
#8083 = ORIENTED_EDGE('',*,*,#8084,.T.);
#8084 = EDGE_CURVE('',#8057,#8085,#8087,.T.);
#8085 = VERTEX_POINT('',#8086);
#8086 = CARTESIAN_POINT('',(2.,-17.4792302109,88.455488052568));
#8087 = SURFACE_CURVE('',#8088,(#8092,#8099),.PCURVE_S1.);
#8088 = LINE('',#8089,#8090);
#8089 = CARTESIAN_POINT('',(2.,-17.4792302109,78.455488052568));
#8090 = VECTOR('',#8091,1.);
#8091 = DIRECTION('',(0.,-0.,1.));
#8092 = PCURVE('',#7364,#8093);
#8093 = DEFINITIONAL_REPRESENTATION('',(#8094),#8098);
#8094 = LINE('',#8095,#8096);
#8095 = CARTESIAN_POINT('',(-0.,-0.));
#8096 = VECTOR('',#8097,1.);
#8097 = DIRECTION('',(-1.,0.));
#8098 = ( GEOMETRIC_REPRESENTATION_CONTEXT(2) 
PARAMETRIC_REPRESENTATION_CONTEXT() REPRESENTATION_CONTEXT('2D SPACE',''
  ) );
#8099 = PCURVE('',#8100,#8105);
#8100 = PLANE('',#8101);
#8101 = AXIS2_PLACEMENT_3D('',#8102,#8103,#8104);
#8102 = CARTESIAN_POINT('',(2.,-17.4792302109,78.455488052568));
#8103 = DIRECTION('',(-1.,0.,-0.));
#8104 = DIRECTION('',(0.,0.,-1.));
#8105 = DEFINITIONAL_REPRESENTATION('',(#8106),#8110);
#8106 = LINE('',#8107,#8108);
#8107 = CARTESIAN_POINT('',(-0.,-0.));
#8108 = VECTOR('',#8109,1.);
#8109 = DIRECTION('',(-1.,-0.));
#8110 = ( GEOMETRIC_REPRESENTATION_CONTEXT(2) 
PARAMETRIC_REPRESENTATION_CONTEXT() REPRESENTATION_CONTEXT('2D SPACE',''
  ) );
#8111 = ORIENTED_EDGE('',*,*,#8112,.T.);
#8112 = EDGE_CURVE('',#8085,#7537,#8113,.T.);
#8113 = SURFACE_CURVE('',#8114,(#8118,#8125),.PCURVE_S1.);
#8114 = LINE('',#8115,#8116);
#8115 = CARTESIAN_POINT('',(2.,-17.4792302109,88.455488052568));
#8116 = VECTOR('',#8117,1.);
#8117 = DIRECTION('',(-1.,0.,-0.));
#8118 = PCURVE('',#7364,#8119);
#8119 = DEFINITIONAL_REPRESENTATION('',(#8120),#8124);
#8120 = LINE('',#8121,#8122);
#8121 = CARTESIAN_POINT('',(-10.,-0.));
#8122 = VECTOR('',#8123,1.);
#8123 = DIRECTION('',(-0.,1.));
#8124 = ( GEOMETRIC_REPRESENTATION_CONTEXT(2) 
PARAMETRIC_REPRESENTATION_CONTEXT() REPRESENTATION_CONTEXT('2D SPACE',''
  ) );
#8125 = PCURVE('',#7498,#8126);
#8126 = DEFINITIONAL_REPRESENTATION('',(#8127),#8131);
#8127 = LINE('',#8128,#8129);
#8128 = CARTESIAN_POINT('',(0.,-0.));
#8129 = VECTOR('',#8130,1.);
#8130 = DIRECTION('',(-1.,0.));
#8131 = ( GEOMETRIC_REPRESENTATION_CONTEXT(2) 
PARAMETRIC_REPRESENTATION_CONTEXT() REPRESENTATION_CONTEXT('2D SPACE',''
  ) );
#8132 = ORIENTED_EDGE('',*,*,#7559,.F.);
#8133 = ADVANCED_FACE('',(#8134),#7336,.F.);
#8134 = FACE_BOUND('',#8135,.T.);
#8135 = EDGE_LOOP('',(#8136,#8157,#8158,#8159));
#8136 = ORIENTED_EDGE('',*,*,#8137,.F.);
#8137 = EDGE_CURVE('',#7983,#7404,#8138,.T.);
#8138 = SURFACE_CURVE('',#8139,(#8143,#8150),.PCURVE_S1.);
#8139 = LINE('',#8140,#8141);
#8140 = CARTESIAN_POINT('',(-13.,-36.,84.5));
#8141 = VECTOR('',#8142,1.);
#8142 = DIRECTION('',(-0.,1.,0.));
#8143 = PCURVE('',#7336,#8144);
#8144 = DEFINITIONAL_REPRESENTATION('',(#8145),#8149);
#8145 = LINE('',#8146,#8147);
#8146 = CARTESIAN_POINT('',(-10.,-0.));
#8147 = VECTOR('',#8148,1.);
#8148 = DIRECTION('',(-0.,-1.));
#8149 = ( GEOMETRIC_REPRESENTATION_CONTEXT(2) 
PARAMETRIC_REPRESENTATION_CONTEXT() REPRESENTATION_CONTEXT('2D SPACE',''
  ) );
#8150 = PCURVE('',#7442,#8151);
#8151 = DEFINITIONAL_REPRESENTATION('',(#8152),#8156);
#8152 = LINE('',#8153,#8154);
#8153 = CARTESIAN_POINT('',(-26.,0.));
#8154 = VECTOR('',#8155,1.);
#8155 = DIRECTION('',(-0.,1.));
#8156 = ( GEOMETRIC_REPRESENTATION_CONTEXT(2) 
PARAMETRIC_REPRESENTATION_CONTEXT() REPRESENTATION_CONTEXT('2D SPACE',''
  ) );
#8157 = ORIENTED_EDGE('',*,*,#7982,.T.);
#8158 = ORIENTED_EDGE('',*,*,#7320,.T.);
#8159 = ORIENTED_EDGE('',*,*,#7403,.F.);
#8160 = ADVANCED_FACE('',(#8161),#7498,.T.);
#8161 = FACE_BOUND('',#8162,.F.);
#8162 = EDGE_LOOP('',(#8163,#8186,#8187,#8188,#8189,#8212));
#8163 = ORIENTED_EDGE('',*,*,#8164,.F.);
#8164 = EDGE_CURVE('',#8085,#8165,#8167,.T.);
#8165 = VERTEX_POINT('',#8166);
#8166 = CARTESIAN_POINT('',(2.,-6.236076957319,88.455488052568));
#8167 = SURFACE_CURVE('',#8168,(#8172,#8179),.PCURVE_S1.);
#8168 = LINE('',#8169,#8170);
#8169 = CARTESIAN_POINT('',(2.,-17.4792302109,88.455488052568));
#8170 = VECTOR('',#8171,1.);
#8171 = DIRECTION('',(-0.,1.,0.));
#8172 = PCURVE('',#7498,#8173);
#8173 = DEFINITIONAL_REPRESENTATION('',(#8174),#8178);
#8174 = LINE('',#8175,#8176);
#8175 = CARTESIAN_POINT('',(0.,-0.));
#8176 = VECTOR('',#8177,1.);
#8177 = DIRECTION('',(-0.,1.));
#8178 = ( GEOMETRIC_REPRESENTATION_CONTEXT(2) 
PARAMETRIC_REPRESENTATION_CONTEXT() REPRESENTATION_CONTEXT('2D SPACE',''
  ) );
#8179 = PCURVE('',#8100,#8180);
#8180 = DEFINITIONAL_REPRESENTATION('',(#8181),#8185);
#8181 = LINE('',#8182,#8183);
#8182 = CARTESIAN_POINT('',(-10.,-0.));
#8183 = VECTOR('',#8184,1.);
#8184 = DIRECTION('',(-0.,-1.));
#8185 = ( GEOMETRIC_REPRESENTATION_CONTEXT(2) 
PARAMETRIC_REPRESENTATION_CONTEXT() REPRESENTATION_CONTEXT('2D SPACE',''
  ) );
#8186 = ORIENTED_EDGE('',*,*,#8112,.T.);
#8187 = ORIENTED_EDGE('',*,*,#7536,.T.);
#8188 = ORIENTED_EDGE('',*,*,#7482,.F.);
#8189 = ORIENTED_EDGE('',*,*,#8190,.T.);
#8190 = EDGE_CURVE('',#7455,#8191,#8193,.T.);
#8191 = VERTEX_POINT('',#8192);
#8192 = CARTESIAN_POINT('',(-3.,-6.236076957319,88.455488052568));
#8193 = SURFACE_CURVE('',#8194,(#8198,#8205),.PCURVE_S1.);
#8194 = LINE('',#8195,#8196);
#8195 = CARTESIAN_POINT('',(-3.,-10.72177556313,88.455488052568));
#8196 = VECTOR('',#8197,1.);
#8197 = DIRECTION('',(-0.,-1.,-0.));
#8198 = PCURVE('',#7498,#8199);
#8199 = DEFINITIONAL_REPRESENTATION('',(#8200),#8204);
#8200 = LINE('',#8201,#8202);
#8201 = CARTESIAN_POINT('',(-5.,6.757454647766));
#8202 = VECTOR('',#8203,1.);
#8203 = DIRECTION('',(-0.,-1.));
#8204 = ( GEOMETRIC_REPRESENTATION_CONTEXT(2) 
PARAMETRIC_REPRESENTATION_CONTEXT() REPRESENTATION_CONTEXT('2D SPACE',''
  ) );
#8205 = PCURVE('',#7470,#8206);
#8206 = DEFINITIONAL_REPRESENTATION('',(#8207),#8211);
#8207 = LINE('',#8208,#8209);
#8208 = CARTESIAN_POINT('',(1.473644509282,-6.641983386829));
#8209 = VECTOR('',#8210,1.);
#8210 = DIRECTION('',(0.328520624941,-0.944496796706));
#8211 = ( GEOMETRIC_REPRESENTATION_CONTEXT(2) 
PARAMETRIC_REPRESENTATION_CONTEXT() REPRESENTATION_CONTEXT('2D SPACE',''
  ) );
#8212 = ORIENTED_EDGE('',*,*,#8213,.F.);
#8213 = EDGE_CURVE('',#8165,#8191,#8214,.T.);
#8214 = SURFACE_CURVE('',#8215,(#8219,#8226),.PCURVE_S1.);
#8215 = LINE('',#8216,#8217);
#8216 = CARTESIAN_POINT('',(4.5,-6.236076957319,88.455488052568));
#8217 = VECTOR('',#8218,1.);
#8218 = DIRECTION('',(-1.,-0.,-0.));
#8219 = PCURVE('',#7498,#8220);
#8220 = DEFINITIONAL_REPRESENTATION('',(#8221),#8225);
#8221 = LINE('',#8222,#8223);
#8222 = CARTESIAN_POINT('',(2.5,11.243153253586));
#8223 = VECTOR('',#8224,1.);
#8224 = DIRECTION('',(-1.,0.));
#8225 = ( GEOMETRIC_REPRESENTATION_CONTEXT(2) 
PARAMETRIC_REPRESENTATION_CONTEXT() REPRESENTATION_CONTEXT('2D SPACE',''
  ) );
#8226 = PCURVE('',#8072,#8227);
#8227 = DEFINITIONAL_REPRESENTATION('',(#8228),#8232);
#8228 = LINE('',#8229,#8230);
#8229 = CARTESIAN_POINT('',(-2.5,2.405255422643));
#8230 = VECTOR('',#8231,1.);
#8231 = DIRECTION('',(-1.,0.));
#8232 = ( GEOMETRIC_REPRESENTATION_CONTEXT(2) 
PARAMETRIC_REPRESENTATION_CONTEXT() REPRESENTATION_CONTEXT('2D SPACE',''
  ) );
#8233 = ADVANCED_FACE('',(#8234),#7470,.T.);
#8234 = FACE_BOUND('',#8235,.F.);
#8235 = EDGE_LOOP('',(#8236,#8259,#8287,#8308,#8309));
#8236 = ORIENTED_EDGE('',*,*,#8237,.F.);
#8237 = EDGE_CURVE('',#8238,#7427,#8240,.T.);
#8238 = VERTEX_POINT('',#8239);
#8239 = CARTESIAN_POINT('',(-3.,-2.313655152884,84.5));
#8240 = SURFACE_CURVE('',#8241,(#8245,#8252),.PCURVE_S1.);
#8241 = LINE('',#8242,#8243);
#8242 = CARTESIAN_POINT('',(-3.,-19.98216045768,84.5));
#8243 = VECTOR('',#8244,1.);
#8244 = DIRECTION('',(-0.,-1.,-0.));
#8245 = PCURVE('',#7470,#8246);
#8246 = DEFINITIONAL_REPRESENTATION('',(#8247),#8251);
#8247 = LINE('',#8248,#8249);
#8248 = CARTESIAN_POINT('',(0.779926146975,-16.68784666297));
#8249 = VECTOR('',#8250,1.);
#8250 = DIRECTION('',(0.328520624941,-0.944496796706));
#8251 = ( GEOMETRIC_REPRESENTATION_CONTEXT(2) 
PARAMETRIC_REPRESENTATION_CONTEXT() REPRESENTATION_CONTEXT('2D SPACE',''
  ) );
#8252 = PCURVE('',#7442,#8253);
#8253 = DEFINITIONAL_REPRESENTATION('',(#8254),#8258);
#8254 = LINE('',#8255,#8256);
#8255 = CARTESIAN_POINT('',(-16.,16.017839542313));
#8256 = VECTOR('',#8257,1.);
#8257 = DIRECTION('',(-0.,-1.));
#8258 = ( GEOMETRIC_REPRESENTATION_CONTEXT(2) 
PARAMETRIC_REPRESENTATION_CONTEXT() REPRESENTATION_CONTEXT('2D SPACE',''
  ) );
#8259 = ORIENTED_EDGE('',*,*,#8260,.F.);
#8260 = EDGE_CURVE('',#8261,#8238,#8263,.T.);
#8261 = VERTEX_POINT('',#8262);
#8262 = CARTESIAN_POINT('',(-3.,-3.964320915373,89.245664067158));
#8263 = SURFACE_CURVE('',#8264,(#8268,#8275),.PCURVE_S1.);
#8264 = LINE('',#8265,#8266);
#8265 = CARTESIAN_POINT('',(-3.,-3.964320915373,89.245664067158));
#8266 = VECTOR('',#8267,1.);
#8267 = DIRECTION('',(-0.,0.328520624941,-0.944496796706));
#8268 = PCURVE('',#7470,#8269);
#8269 = DEFINITIONAL_REPRESENTATION('',(#8270),#8274);
#8270 = LINE('',#8271,#8272);
#8271 = CARTESIAN_POINT('',(-0.,0.));
#8272 = VECTOR('',#8273,1.);
#8273 = DIRECTION('',(-1.,7.965226789662E-18));
#8274 = ( GEOMETRIC_REPRESENTATION_CONTEXT(2) 
PARAMETRIC_REPRESENTATION_CONTEXT() REPRESENTATION_CONTEXT('2D SPACE',''
  ) );
#8275 = PCURVE('',#8276,#8281);
#8276 = PLANE('',#8277);
#8277 = AXIS2_PLACEMENT_3D('',#8278,#8279,#8280);
#8278 = CARTESIAN_POINT('',(7.,-3.964320915373,89.245664067158));
#8279 = DIRECTION('',(0.,-0.944496796706,-0.328520624941));
#8280 = DIRECTION('',(0.,-0.328520624941,0.944496796706));
#8281 = DEFINITIONAL_REPRESENTATION('',(#8282),#8286);
#8282 = LINE('',#8283,#8284);
#8283 = CARTESIAN_POINT('',(-0.,10.));
#8284 = VECTOR('',#8285,1.);
#8285 = DIRECTION('',(-1.,0.));
#8286 = ( GEOMETRIC_REPRESENTATION_CONTEXT(2) 
PARAMETRIC_REPRESENTATION_CONTEXT() REPRESENTATION_CONTEXT('2D SPACE',''
  ) );
#8287 = ORIENTED_EDGE('',*,*,#8288,.T.);
#8288 = EDGE_CURVE('',#8261,#8191,#8289,.T.);
#8289 = SURFACE_CURVE('',#8290,(#8294,#8301),.PCURVE_S1.);
#8290 = LINE('',#8291,#8292);
#8291 = CARTESIAN_POINT('',(-3.,-3.964320915373,89.245664067158));
#8292 = VECTOR('',#8293,1.);
#8293 = DIRECTION('',(0.,-0.944496796706,-0.328520624941));
#8294 = PCURVE('',#7470,#8295);
#8295 = DEFINITIONAL_REPRESENTATION('',(#8296),#8300);
#8296 = LINE('',#8297,#8298);
#8297 = CARTESIAN_POINT('',(-0.,0.));
#8298 = VECTOR('',#8299,1.);
#8299 = DIRECTION('',(7.965226789662E-18,-1.));
#8300 = ( GEOMETRIC_REPRESENTATION_CONTEXT(2) 
PARAMETRIC_REPRESENTATION_CONTEXT() REPRESENTATION_CONTEXT('2D SPACE',''
  ) );
#8301 = PCURVE('',#8072,#8302);
#8302 = DEFINITIONAL_REPRESENTATION('',(#8303),#8307);
#8303 = LINE('',#8304,#8305);
#8304 = CARTESIAN_POINT('',(-10.,0.));
#8305 = VECTOR('',#8306,1.);
#8306 = DIRECTION('',(-0.,1.));
#8307 = ( GEOMETRIC_REPRESENTATION_CONTEXT(2) 
PARAMETRIC_REPRESENTATION_CONTEXT() REPRESENTATION_CONTEXT('2D SPACE',''
  ) );
#8308 = ORIENTED_EDGE('',*,*,#8190,.F.);
#8309 = ORIENTED_EDGE('',*,*,#7454,.F.);
#8310 = ADVANCED_FACE('',(#8311,#8412),#7442,.F.);
#8311 = FACE_BOUND('',#8312,.T.);
#8312 = EDGE_LOOP('',(#8313,#8314,#8315,#8316,#8339,#8367,#8390,#8411));
#8313 = ORIENTED_EDGE('',*,*,#8137,.T.);
#8314 = ORIENTED_EDGE('',*,*,#7426,.F.);
#8315 = ORIENTED_EDGE('',*,*,#8237,.F.);
#8316 = ORIENTED_EDGE('',*,*,#8317,.T.);
#8317 = EDGE_CURVE('',#8238,#8318,#8320,.T.);
#8318 = VERTEX_POINT('',#8319);
#8319 = CARTESIAN_POINT('',(7.,-2.313655152884,84.5));
#8320 = SURFACE_CURVE('',#8321,(#8325,#8332),.PCURVE_S1.);
#8321 = LINE('',#8322,#8323);
#8322 = CARTESIAN_POINT('',(10.,-2.313655152883,84.5));
#8323 = VECTOR('',#8324,1.);
#8324 = DIRECTION('',(1.,-0.,0.));
#8325 = PCURVE('',#7442,#8326);
#8326 = DEFINITIONAL_REPRESENTATION('',(#8327),#8331);
#8327 = LINE('',#8328,#8329);
#8328 = CARTESIAN_POINT('',(-3.,33.686344847117));
#8329 = VECTOR('',#8330,1.);
#8330 = DIRECTION('',(1.,-0.));
#8331 = ( GEOMETRIC_REPRESENTATION_CONTEXT(2) 
PARAMETRIC_REPRESENTATION_CONTEXT() REPRESENTATION_CONTEXT('2D SPACE',''
  ) );
#8332 = PCURVE('',#8276,#8333);
#8333 = DEFINITIONAL_REPRESENTATION('',(#8334),#8338);
#8334 = LINE('',#8335,#8336);
#8335 = CARTESIAN_POINT('',(-5.024542257537,-3.));
#8336 = VECTOR('',#8337,1.);
#8337 = DIRECTION('',(-0.,-1.));
#8338 = ( GEOMETRIC_REPRESENTATION_CONTEXT(2) 
PARAMETRIC_REPRESENTATION_CONTEXT() REPRESENTATION_CONTEXT('2D SPACE',''
  ) );
#8339 = ORIENTED_EDGE('',*,*,#8340,.T.);
#8340 = EDGE_CURVE('',#8318,#8341,#8343,.T.);
#8341 = VERTEX_POINT('',#8342);
#8342 = CARTESIAN_POINT('',(7.,-17.60810510845,84.5));
#8343 = SURFACE_CURVE('',#8344,(#8348,#8355),.PCURVE_S1.);
#8344 = LINE('',#8345,#8346);
#8345 = CARTESIAN_POINT('',(7.,-19.98216045768,84.5));
#8346 = VECTOR('',#8347,1.);
#8347 = DIRECTION('',(-0.,-1.,-0.));
#8348 = PCURVE('',#7442,#8349);
#8349 = DEFINITIONAL_REPRESENTATION('',(#8350),#8354);
#8350 = LINE('',#8351,#8352);
#8351 = CARTESIAN_POINT('',(-6.,16.017839542313));
#8352 = VECTOR('',#8353,1.);
#8353 = DIRECTION('',(-0.,-1.));
#8354 = ( GEOMETRIC_REPRESENTATION_CONTEXT(2) 
PARAMETRIC_REPRESENTATION_CONTEXT() REPRESENTATION_CONTEXT('2D SPACE',''
  ) );
#8355 = PCURVE('',#8356,#8361);
#8356 = PLANE('',#8357);
#8357 = AXIS2_PLACEMENT_3D('',#8358,#8359,#8360);
#8358 = CARTESIAN_POINT('',(7.,-3.964320915373,89.245664067158));
#8359 = DIRECTION('',(-1.,0.,-0.));
#8360 = DIRECTION('',(0.,-0.328520624941,0.944496796706));
#8361 = DEFINITIONAL_REPRESENTATION('',(#8362),#8366);
#8362 = LINE('',#8363,#8364);
#8363 = CARTESIAN_POINT('',(0.779926146975,-16.68784666297));
#8364 = VECTOR('',#8365,1.);
#8365 = DIRECTION('',(0.328520624941,-0.944496796706));
#8366 = ( GEOMETRIC_REPRESENTATION_CONTEXT(2) 
PARAMETRIC_REPRESENTATION_CONTEXT() REPRESENTATION_CONTEXT('2D SPACE',''
  ) );
#8367 = ORIENTED_EDGE('',*,*,#8368,.T.);
#8368 = EDGE_CURVE('',#8341,#8369,#8371,.T.);
#8369 = VERTEX_POINT('',#8370);
#8370 = CARTESIAN_POINT('',(-3.,-17.60810510845,84.5));
#8371 = SURFACE_CURVE('',#8372,(#8376,#8383),.PCURVE_S1.);
#8372 = LINE('',#8373,#8374);
#8373 = CARTESIAN_POINT('',(10.,-17.60810510845,84.5));
#8374 = VECTOR('',#8375,1.);
#8375 = DIRECTION('',(-1.,-0.,-0.));
#8376 = PCURVE('',#7442,#8377);
#8377 = DEFINITIONAL_REPRESENTATION('',(#8378),#8382);
#8378 = LINE('',#8379,#8380);
#8379 = CARTESIAN_POINT('',(-3.,18.391894891547));
#8380 = VECTOR('',#8381,1.);
#8381 = DIRECTION('',(-1.,0.));
#8382 = ( GEOMETRIC_REPRESENTATION_CONTEXT(2) 
PARAMETRIC_REPRESENTATION_CONTEXT() REPRESENTATION_CONTEXT('2D SPACE',''
  ) );
#8383 = PCURVE('',#8072,#8384);
#8384 = DEFINITIONAL_REPRESENTATION('',(#8385),#8389);
#8385 = LINE('',#8386,#8387);
#8386 = CARTESIAN_POINT('',(3.,14.445558990418));
#8387 = VECTOR('',#8388,1.);
#8388 = DIRECTION('',(-1.,0.));
#8389 = ( GEOMETRIC_REPRESENTATION_CONTEXT(2) 
PARAMETRIC_REPRESENTATION_CONTEXT() REPRESENTATION_CONTEXT('2D SPACE',''
  ) );
#8390 = ORIENTED_EDGE('',*,*,#8391,.F.);
#8391 = EDGE_CURVE('',#8006,#8369,#8392,.T.);
#8392 = SURFACE_CURVE('',#8393,(#8397,#8404),.PCURVE_S1.);
#8393 = LINE('',#8394,#8395);
#8394 = CARTESIAN_POINT('',(-3.,-19.98216045768,84.5));
#8395 = VECTOR('',#8396,1.);
#8396 = DIRECTION('',(-0.,-1.,-0.));
#8397 = PCURVE('',#7442,#8398);
#8398 = DEFINITIONAL_REPRESENTATION('',(#8399),#8403);
#8399 = LINE('',#8400,#8401);
#8400 = CARTESIAN_POINT('',(-16.,16.017839542313));
#8401 = VECTOR('',#8402,1.);
#8402 = DIRECTION('',(-0.,-1.));
#8403 = ( GEOMETRIC_REPRESENTATION_CONTEXT(2) 
PARAMETRIC_REPRESENTATION_CONTEXT() REPRESENTATION_CONTEXT('2D SPACE',''
  ) );
#8404 = PCURVE('',#8044,#8405);
#8405 = DEFINITIONAL_REPRESENTATION('',(#8406),#8410);
#8406 = LINE('',#8407,#8408);
#8407 = CARTESIAN_POINT('',(0.779926146975,-16.68784666297));
#8408 = VECTOR('',#8409,1.);
#8409 = DIRECTION('',(0.328520624941,-0.944496796706));
#8410 = ( GEOMETRIC_REPRESENTATION_CONTEXT(2) 
PARAMETRIC_REPRESENTATION_CONTEXT() REPRESENTATION_CONTEXT('2D SPACE',''
  ) );
#8411 = ORIENTED_EDGE('',*,*,#8005,.T.);
#8412 = FACE_BOUND('',#8413,.T.);
#8413 = EDGE_LOOP('',(#8414));
#8414 = ORIENTED_EDGE('',*,*,#8415,.F.);
#8415 = EDGE_CURVE('',#8416,#8416,#8418,.T.);
#8416 = VERTEX_POINT('',#8417);
#8417 = CARTESIAN_POINT('',(0.,-11.84253871435,84.5));
#8418 = SURFACE_CURVE('',#8419,(#8424,#8435),.PCURVE_S1.);
#8419 = ELLIPSE('',#8420,2.117529680328,2.);
#8420 = AXIS2_PLACEMENT_3D('',#8421,#8422,#8423);
#8421 = CARTESIAN_POINT('',(2.,-11.84253871435,84.5));
#8422 = DIRECTION('',(-0.,-0.,-1.));
#8423 = DIRECTION('',(-0.,1.,-0.));
#8424 = PCURVE('',#7442,#8425);
#8425 = DEFINITIONAL_REPRESENTATION('',(#8426),#8434);
#8426 = ( BOUNDED_CURVE() B_SPLINE_CURVE(2,(#8427,#8428,#8429,#8430,
#8431,#8432,#8433),.UNSPECIFIED.,.T.,.F.) B_SPLINE_CURVE_WITH_KNOTS((1,2
    ,2,2,2,1),(-2.094395102393,0.,2.094395102393,4.188790204786,
6.28318530718,8.377580409573),.UNSPECIFIED.) CURVE() 
GEOMETRIC_REPRESENTATION_ITEM() RATIONAL_B_SPLINE_CURVE((1.,0.5,1.,0.5,
1.,0.5,1.)) REPRESENTATION_ITEM('') );
#8427 = CARTESIAN_POINT('',(-11.,26.274990965969));
#8428 = CARTESIAN_POINT('',(-7.535898384862,26.274990965969));
#8429 = CARTESIAN_POINT('',(-9.267949192431,23.098696445477));
#8430 = CARTESIAN_POINT('',(-11.,19.922401924985));
#8431 = CARTESIAN_POINT('',(-12.73205080756,23.098696445477));
#8432 = CARTESIAN_POINT('',(-14.46410161513,26.274990965969));
#8433 = CARTESIAN_POINT('',(-11.,26.274990965969));
#8434 = ( GEOMETRIC_REPRESENTATION_CONTEXT(2) 
PARAMETRIC_REPRESENTATION_CONTEXT() REPRESENTATION_CONTEXT('2D SPACE',''
  ) );
#8435 = PCURVE('',#8436,#8441);
#8436 = CYLINDRICAL_SURFACE('',#8437,2.);
#8437 = AXIS2_PLACEMENT_3D('',#8438,#8439,#8440);
#8438 = CARTESIAN_POINT('',(2.,-12.16912352328,85.438931325651));
#8439 = DIRECTION('',(-0.,0.328520624941,-0.944496796706));
#8440 = DIRECTION('',(-1.,0.,-0.));
#8441 = DEFINITIONAL_REPRESENTATION('',(#8442),#8459);
#8442 = B_SPLINE_CURVE_WITH_KNOTS('',8,(#8443,#8444,#8445,#8446,#8447,
    #8448,#8449,#8450,#8451,#8452,#8453,#8454,#8455,#8456,#8457,#8458),
  .UNSPECIFIED.,.F.,.F.,(9,7,9),(4.712388980385,7.853981633974,
    10.995574287564),.UNSPECIFIED.);
#8443 = CARTESIAN_POINT('',(-6.28318530718,0.994107474928));
#8444 = CARTESIAN_POINT('',(-5.890486225481,1.267289444805));
#8445 = CARTESIAN_POINT('',(-5.497787143782,1.540473592903));
#8446 = CARTESIAN_POINT('',(-5.105088062087,1.749439180588));
#8447 = CARTESIAN_POINT('',(-4.712388980386,1.830141246269));
#8448 = CARTESIAN_POINT('',(-4.319689898689,1.749439180588));
#8449 = CARTESIAN_POINT('',(-3.926990816987,1.540473592904));
#8450 = CARTESIAN_POINT('',(-3.534291735289,1.267289444805));
#8451 = CARTESIAN_POINT('',(-2.748893571891,0.720925505051));
#8452 = CARTESIAN_POINT('',(-2.356194490196,0.447741356953));
#8453 = CARTESIAN_POINT('',(-1.963495408499,0.238775769262));
#8454 = CARTESIAN_POINT('',(-1.570796326808,0.158073703588));
#8455 = CARTESIAN_POINT('',(-1.178097245095,0.238775769262));
#8456 = CARTESIAN_POINT('',(-0.785398163399,0.447741356953));
#8457 = CARTESIAN_POINT('',(-0.392699081699,0.720925505051));
#8458 = CARTESIAN_POINT('',(-1.59872115546E-14,0.994107474928));
#8459 = ( GEOMETRIC_REPRESENTATION_CONTEXT(2) 
PARAMETRIC_REPRESENTATION_CONTEXT() REPRESENTATION_CONTEXT('2D SPACE',''
  ) );
#8460 = ADVANCED_FACE('',(#8461),#7603,.F.);
#8461 = FACE_BOUND('',#8462,.T.);
#8462 = EDGE_LOOP('',(#8463,#8486,#8487,#8510));
#8463 = ORIENTED_EDGE('',*,*,#8464,.F.);
#8464 = EDGE_CURVE('',#7586,#8465,#8467,.T.);
#8465 = VERTEX_POINT('',#8466);
#8466 = CARTESIAN_POINT('',(-24.,-15.90604563198,80.962837810826));
#8467 = SURFACE_CURVE('',#8468,(#8472,#8479),.PCURVE_S1.);
#8468 = LINE('',#8469,#8470);
#8469 = CARTESIAN_POINT('',(-20.,-15.90604563198,80.962837810826));
#8470 = VECTOR('',#8471,1.);
#8471 = DIRECTION('',(-1.,0.,-0.));
#8472 = PCURVE('',#7603,#8473);
#8473 = DEFINITIONAL_REPRESENTATION('',(#8474),#8478);
#8474 = LINE('',#8475,#8476);
#8475 = CARTESIAN_POINT('',(-0.,0.9));
#8476 = VECTOR('',#8477,1.);
#8477 = DIRECTION('',(-1.,0.));
#8478 = ( GEOMETRIC_REPRESENTATION_CONTEXT(2) 
PARAMETRIC_REPRESENTATION_CONTEXT() REPRESENTATION_CONTEXT('2D SPACE',''
  ) );
#8479 = PCURVE('',#7685,#8480);
#8480 = DEFINITIONAL_REPRESENTATION('',(#8481),#8485);
#8481 = LINE('',#8482,#8483);
#8482 = CARTESIAN_POINT('',(-0.,-0.));
#8483 = VECTOR('',#8484,1.);
#8484 = DIRECTION('',(-0.,1.));
#8485 = ( GEOMETRIC_REPRESENTATION_CONTEXT(2) 
PARAMETRIC_REPRESENTATION_CONTEXT() REPRESENTATION_CONTEXT('2D SPACE',''
  ) );
#8486 = ORIENTED_EDGE('',*,*,#7585,.T.);
#8487 = ORIENTED_EDGE('',*,*,#8488,.T.);
#8488 = EDGE_CURVE('',#7588,#8489,#8491,.T.);
#8489 = VERTEX_POINT('',#8490);
#8490 = CARTESIAN_POINT('',(-24.,-16.20171419443,81.812884927862));
#8491 = SURFACE_CURVE('',#8492,(#8496,#8503),.PCURVE_S1.);
#8492 = LINE('',#8493,#8494);
#8493 = CARTESIAN_POINT('',(-20.,-16.20171419443,81.812884927862));
#8494 = VECTOR('',#8495,1.);
#8495 = DIRECTION('',(-1.,0.,-0.));
#8496 = PCURVE('',#7603,#8497);
#8497 = DEFINITIONAL_REPRESENTATION('',(#8498),#8502);
#8498 = LINE('',#8499,#8500);
#8499 = CARTESIAN_POINT('',(0.,-0.));
#8500 = VECTOR('',#8501,1.);
#8501 = DIRECTION('',(-1.,0.));
#8502 = ( GEOMETRIC_REPRESENTATION_CONTEXT(2) 
PARAMETRIC_REPRESENTATION_CONTEXT() REPRESENTATION_CONTEXT('2D SPACE',''
  ) );
#8503 = PCURVE('',#7631,#8504);
#8504 = DEFINITIONAL_REPRESENTATION('',(#8505),#8509);
#8505 = LINE('',#8506,#8507);
#8506 = CARTESIAN_POINT('',(-0.,-0.));
#8507 = VECTOR('',#8508,1.);
#8508 = DIRECTION('',(-0.,1.));
#8509 = ( GEOMETRIC_REPRESENTATION_CONTEXT(2) 
PARAMETRIC_REPRESENTATION_CONTEXT() REPRESENTATION_CONTEXT('2D SPACE',''
  ) );
#8510 = ORIENTED_EDGE('',*,*,#8511,.T.);
#8511 = EDGE_CURVE('',#8489,#8465,#8512,.T.);
#8512 = SURFACE_CURVE('',#8513,(#8517,#8524),.PCURVE_S1.);
#8513 = LINE('',#8514,#8515);
#8514 = CARTESIAN_POINT('',(-24.,-16.20171419443,81.812884927862));
#8515 = VECTOR('',#8516,1.);
#8516 = DIRECTION('',(-0.,0.328520624941,-0.944496796706));
#8517 = PCURVE('',#7603,#8518);
#8518 = DEFINITIONAL_REPRESENTATION('',(#8519),#8523);
#8519 = LINE('',#8520,#8521);
#8520 = CARTESIAN_POINT('',(-4.,0.));
#8521 = VECTOR('',#8522,1.);
#8522 = DIRECTION('',(-0.,1.));
#8523 = ( GEOMETRIC_REPRESENTATION_CONTEXT(2) 
PARAMETRIC_REPRESENTATION_CONTEXT() REPRESENTATION_CONTEXT('2D SPACE',''
  ) );
#8524 = PCURVE('',#8525,#8530);
#8525 = PLANE('',#8526);
#8526 = AXIS2_PLACEMENT_3D('',#8527,#8528,#8529);
#8527 = CARTESIAN_POINT('',(-24.,-16.20171419443,81.812884927862));
#8528 = DIRECTION('',(-1.,0.,-0.));
#8529 = DIRECTION('',(0.,-0.944496796706,-0.328520624941));
#8530 = DEFINITIONAL_REPRESENTATION('',(#8531),#8535);
#8531 = LINE('',#8532,#8533);
#8532 = CARTESIAN_POINT('',(-0.,0.));
#8533 = VECTOR('',#8534,1.);
#8534 = DIRECTION('',(1.107280825419E-17,-1.));
#8535 = ( GEOMETRIC_REPRESENTATION_CONTEXT(2) 
PARAMETRIC_REPRESENTATION_CONTEXT() REPRESENTATION_CONTEXT('2D SPACE',''
  ) );
#8536 = ADVANCED_FACE('',(#8537),#7685,.T.);
#8537 = FACE_BOUND('',#8538,.F.);
#8538 = EDGE_LOOP('',(#8539,#8540,#8541,#8564));
#8539 = ORIENTED_EDGE('',*,*,#8464,.F.);
#8540 = ORIENTED_EDGE('',*,*,#7671,.T.);
#8541 = ORIENTED_EDGE('',*,*,#8542,.T.);
#8542 = EDGE_CURVE('',#7644,#8543,#8545,.T.);
#8543 = VERTEX_POINT('',#8544);
#8544 = CARTESIAN_POINT('',(-24.,-6.461077664927,84.248044060239));
#8545 = SURFACE_CURVE('',#8546,(#8550,#8557),.PCURVE_S1.);
#8546 = LINE('',#8547,#8548);
#8547 = CARTESIAN_POINT('',(-20.,-6.461077664927,84.248044060239));
#8548 = VECTOR('',#8549,1.);
#8549 = DIRECTION('',(-1.,0.,-0.));
#8550 = PCURVE('',#7685,#8551);
#8551 = DEFINITIONAL_REPRESENTATION('',(#8552),#8556);
#8552 = LINE('',#8553,#8554);
#8553 = CARTESIAN_POINT('',(-10.,-0.));
#8554 = VECTOR('',#8555,1.);
#8555 = DIRECTION('',(-0.,1.));
#8556 = ( GEOMETRIC_REPRESENTATION_CONTEXT(2) 
PARAMETRIC_REPRESENTATION_CONTEXT() REPRESENTATION_CONTEXT('2D SPACE',''
  ) );
#8557 = PCURVE('',#7659,#8558);
#8558 = DEFINITIONAL_REPRESENTATION('',(#8559),#8563);
#8559 = LINE('',#8560,#8561);
#8560 = CARTESIAN_POINT('',(-0.,0.9));
#8561 = VECTOR('',#8562,1.);
#8562 = DIRECTION('',(-1.,0.));
#8563 = ( GEOMETRIC_REPRESENTATION_CONTEXT(2) 
PARAMETRIC_REPRESENTATION_CONTEXT() REPRESENTATION_CONTEXT('2D SPACE',''
  ) );
#8564 = ORIENTED_EDGE('',*,*,#8565,.F.);
#8565 = EDGE_CURVE('',#8465,#8543,#8566,.T.);
#8566 = SURFACE_CURVE('',#8567,(#8571,#8578),.PCURVE_S1.);
#8567 = LINE('',#8568,#8569);
#8568 = CARTESIAN_POINT('',(-24.,-15.90604563198,80.962837810826));
#8569 = VECTOR('',#8570,1.);
#8570 = DIRECTION('',(0.,0.944496796706,0.328520624941));
#8571 = PCURVE('',#7685,#8572);
#8572 = DEFINITIONAL_REPRESENTATION('',(#8573),#8577);
#8573 = LINE('',#8574,#8575);
#8574 = CARTESIAN_POINT('',(-0.,4.));
#8575 = VECTOR('',#8576,1.);
#8576 = DIRECTION('',(-1.,0.));
#8577 = ( GEOMETRIC_REPRESENTATION_CONTEXT(2) 
PARAMETRIC_REPRESENTATION_CONTEXT() REPRESENTATION_CONTEXT('2D SPACE',''
  ) );
#8578 = PCURVE('',#8525,#8579);
#8579 = DEFINITIONAL_REPRESENTATION('',(#8580),#8584);
#8580 = LINE('',#8581,#8582);
#8581 = CARTESIAN_POINT('',(-1.6167763757E-16,-0.9));
#8582 = VECTOR('',#8583,1.);
#8583 = DIRECTION('',(-1.,1.107280825419E-17));
#8584 = ( GEOMETRIC_REPRESENTATION_CONTEXT(2) 
PARAMETRIC_REPRESENTATION_CONTEXT() REPRESENTATION_CONTEXT('2D SPACE',''
  ) );
#8585 = ADVANCED_FACE('',(#8586),#7659,.T.);
#8586 = FACE_BOUND('',#8587,.F.);
#8587 = EDGE_LOOP('',(#8588,#8589,#8590,#8613));
#8588 = ORIENTED_EDGE('',*,*,#8542,.F.);
#8589 = ORIENTED_EDGE('',*,*,#7643,.T.);
#8590 = ORIENTED_EDGE('',*,*,#8591,.T.);
#8591 = EDGE_CURVE('',#7616,#8592,#8594,.T.);
#8592 = VERTEX_POINT('',#8593);
#8593 = CARTESIAN_POINT('',(-24.,-6.756746227374,85.098091177275));
#8594 = SURFACE_CURVE('',#8595,(#8599,#8606),.PCURVE_S1.);
#8595 = LINE('',#8596,#8597);
#8596 = CARTESIAN_POINT('',(-20.,-6.756746227374,85.098091177275));
#8597 = VECTOR('',#8598,1.);
#8598 = DIRECTION('',(-1.,0.,-0.));
#8599 = PCURVE('',#7659,#8600);
#8600 = DEFINITIONAL_REPRESENTATION('',(#8601),#8605);
#8601 = LINE('',#8602,#8603);
#8602 = CARTESIAN_POINT('',(0.,-0.));
#8603 = VECTOR('',#8604,1.);
#8604 = DIRECTION('',(-1.,0.));
#8605 = ( GEOMETRIC_REPRESENTATION_CONTEXT(2) 
PARAMETRIC_REPRESENTATION_CONTEXT() REPRESENTATION_CONTEXT('2D SPACE',''
  ) );
#8606 = PCURVE('',#7631,#8607);
#8607 = DEFINITIONAL_REPRESENTATION('',(#8608),#8612);
#8608 = LINE('',#8609,#8610);
#8609 = CARTESIAN_POINT('',(-10.,-0.));
#8610 = VECTOR('',#8611,1.);
#8611 = DIRECTION('',(-0.,1.));
#8612 = ( GEOMETRIC_REPRESENTATION_CONTEXT(2) 
PARAMETRIC_REPRESENTATION_CONTEXT() REPRESENTATION_CONTEXT('2D SPACE',''
  ) );
#8613 = ORIENTED_EDGE('',*,*,#8614,.T.);
#8614 = EDGE_CURVE('',#8592,#8543,#8615,.T.);
#8615 = SURFACE_CURVE('',#8616,(#8620,#8627),.PCURVE_S1.);
#8616 = LINE('',#8617,#8618);
#8617 = CARTESIAN_POINT('',(-24.,-6.756746227374,85.098091177275));
#8618 = VECTOR('',#8619,1.);
#8619 = DIRECTION('',(-0.,0.328520624941,-0.944496796706));
#8620 = PCURVE('',#7659,#8621);
#8621 = DEFINITIONAL_REPRESENTATION('',(#8622),#8626);
#8622 = LINE('',#8623,#8624);
#8623 = CARTESIAN_POINT('',(-4.,0.));
#8624 = VECTOR('',#8625,1.);
#8625 = DIRECTION('',(-0.,1.));
#8626 = ( GEOMETRIC_REPRESENTATION_CONTEXT(2) 
PARAMETRIC_REPRESENTATION_CONTEXT() REPRESENTATION_CONTEXT('2D SPACE',''
  ) );
#8627 = PCURVE('',#8525,#8628);
#8628 = DEFINITIONAL_REPRESENTATION('',(#8629),#8633);
#8629 = LINE('',#8630,#8631);
#8630 = CARTESIAN_POINT('',(-10.,1.971020113095E-16));
#8631 = VECTOR('',#8632,1.);
#8632 = DIRECTION('',(1.107280825419E-17,-1.));
#8633 = ( GEOMETRIC_REPRESENTATION_CONTEXT(2) 
PARAMETRIC_REPRESENTATION_CONTEXT() REPRESENTATION_CONTEXT('2D SPACE',''
  ) );
#8634 = ADVANCED_FACE('',(#8635),#7631,.F.);
#8635 = FACE_BOUND('',#8636,.T.);
#8636 = EDGE_LOOP('',(#8637,#8638,#8639,#8640));
#8637 = ORIENTED_EDGE('',*,*,#8488,.F.);
#8638 = ORIENTED_EDGE('',*,*,#7615,.T.);
#8639 = ORIENTED_EDGE('',*,*,#8591,.T.);
#8640 = ORIENTED_EDGE('',*,*,#8641,.F.);
#8641 = EDGE_CURVE('',#8489,#8592,#8642,.T.);
#8642 = SURFACE_CURVE('',#8643,(#8647,#8654),.PCURVE_S1.);
#8643 = LINE('',#8644,#8645);
#8644 = CARTESIAN_POINT('',(-24.,-16.20171419443,81.812884927862));
#8645 = VECTOR('',#8646,1.);
#8646 = DIRECTION('',(0.,0.944496796706,0.328520624941));
#8647 = PCURVE('',#7631,#8648);
#8648 = DEFINITIONAL_REPRESENTATION('',(#8649),#8653);
#8649 = LINE('',#8650,#8651);
#8650 = CARTESIAN_POINT('',(-0.,4.));
#8651 = VECTOR('',#8652,1.);
#8652 = DIRECTION('',(-1.,0.));
#8653 = ( GEOMETRIC_REPRESENTATION_CONTEXT(2) 
PARAMETRIC_REPRESENTATION_CONTEXT() REPRESENTATION_CONTEXT('2D SPACE',''
  ) );
#8654 = PCURVE('',#8525,#8655);
#8655 = DEFINITIONAL_REPRESENTATION('',(#8656),#8660);
#8656 = LINE('',#8657,#8658);
#8657 = CARTESIAN_POINT('',(-0.,0.));
#8658 = VECTOR('',#8659,1.);
#8659 = DIRECTION('',(-1.,1.107280825419E-17));
#8660 = ( GEOMETRIC_REPRESENTATION_CONTEXT(2) 
PARAMETRIC_REPRESENTATION_CONTEXT() REPRESENTATION_CONTEXT('2D SPACE',''
  ) );
#8661 = ADVANCED_FACE('',(#8662),#7724,.T.);
#8662 = FACE_BOUND('',#8663,.F.);
#8663 = EDGE_LOOP('',(#8664,#8665,#8688,#8716));
#8664 = ORIENTED_EDGE('',*,*,#7705,.F.);
#8665 = ORIENTED_EDGE('',*,*,#8666,.T.);
#8666 = EDGE_CURVE('',#7706,#8667,#8669,.T.);
#8667 = VERTEX_POINT('',#8668);
#8668 = CARTESIAN_POINT('',(2.,124.13355743015,14.));
#8669 = SURFACE_CURVE('',#8670,(#8674,#8681),.PCURVE_S1.);
#8670 = LINE('',#8671,#8672);
#8671 = CARTESIAN_POINT('',(8.5,124.13355743015,14.));
#8672 = VECTOR('',#8673,1.);
#8673 = DIRECTION('',(-1.,-0.,-0.));
#8674 = PCURVE('',#7724,#8675);
#8675 = DEFINITIONAL_REPRESENTATION('',(#8676),#8680);
#8676 = LINE('',#8677,#8678);
#8677 = CARTESIAN_POINT('',(-1.5,6.299641964113));
#8678 = VECTOR('',#8679,1.);
#8679 = DIRECTION('',(-1.,0.));
#8680 = ( GEOMETRIC_REPRESENTATION_CONTEXT(2) 
PARAMETRIC_REPRESENTATION_CONTEXT() REPRESENTATION_CONTEXT('2D SPACE',''
  ) );
#8681 = PCURVE('',#7773,#8682);
#8682 = DEFINITIONAL_REPRESENTATION('',(#8683),#8687);
#8683 = LINE('',#8684,#8685);
#8684 = CARTESIAN_POINT('',(1.5,17.133557430156));
#8685 = VECTOR('',#8686,1.);
#8686 = DIRECTION('',(-1.,0.));
#8687 = ( GEOMETRIC_REPRESENTATION_CONTEXT(2) 
PARAMETRIC_REPRESENTATION_CONTEXT() REPRESENTATION_CONTEXT('2D SPACE',''
  ) );
#8688 = ORIENTED_EDGE('',*,*,#8689,.T.);
#8689 = EDGE_CURVE('',#8667,#8690,#8692,.T.);
#8690 = VERTEX_POINT('',#8691);
#8691 = CARTESIAN_POINT('',(2.,124.15689561939,14.041185039828));
#8692 = SURFACE_CURVE('',#8693,(#8697,#8704),.PCURVE_S1.);
#8693 = LINE('',#8694,#8695);
#8694 = CARTESIAN_POINT('',(2.,120.33379670768,7.29453990153));
#8695 = VECTOR('',#8696,1.);
#8696 = DIRECTION('',(-0.,0.493012571981,0.870022185849));
#8697 = PCURVE('',#7724,#8698);
#8698 = DEFINITIONAL_REPRESENTATION('',(#8699),#8703);
#8699 = LINE('',#8700,#8701);
#8700 = CARTESIAN_POINT('',(-8.,-1.407586894574));
#8701 = VECTOR('',#8702,1.);
#8702 = DIRECTION('',(0.,1.));
#8703 = ( GEOMETRIC_REPRESENTATION_CONTEXT(2) 
PARAMETRIC_REPRESENTATION_CONTEXT() REPRESENTATION_CONTEXT('2D SPACE',''
  ) );
#8704 = PCURVE('',#8705,#8710);
#8705 = PLANE('',#8706);
#8706 = AXIS2_PLACEMENT_3D('',#8707,#8708,#8709);
#8707 = CARTESIAN_POINT('',(2.,123.21993814588,4.041185039828));
#8708 = DIRECTION('',(-1.,0.,-0.));
#8709 = DIRECTION('',(0.,0.,-1.));
#8710 = DEFINITIONAL_REPRESENTATION('',(#8711),#8715);
#8711 = LINE('',#8712,#8713);
#8712 = CARTESIAN_POINT('',(-3.253354861702,2.886141438196));
#8713 = VECTOR('',#8714,1.);
#8714 = DIRECTION('',(-0.870022185849,-0.493012571981));
#8715 = ( GEOMETRIC_REPRESENTATION_CONTEXT(2) 
PARAMETRIC_REPRESENTATION_CONTEXT() REPRESENTATION_CONTEXT('2D SPACE',''
  ) );
#8716 = ORIENTED_EDGE('',*,*,#8717,.F.);
#8717 = EDGE_CURVE('',#7708,#8690,#8718,.T.);
#8718 = SURFACE_CURVE('',#8719,(#8723,#8730),.PCURVE_S1.);
#8719 = LINE('',#8720,#8721);
#8720 = CARTESIAN_POINT('',(6.,124.15689561939,14.041185039828));
#8721 = VECTOR('',#8722,1.);
#8722 = DIRECTION('',(1.,-0.,-0.));
#8723 = PCURVE('',#7724,#8724);
#8724 = DEFINITIONAL_REPRESENTATION('',(#8725),#8729);
#8725 = LINE('',#8726,#8727);
#8726 = CARTESIAN_POINT('',(-4.,6.346979883189));
#8727 = VECTOR('',#8728,1.);
#8728 = DIRECTION('',(1.,-0.));
#8729 = ( GEOMETRIC_REPRESENTATION_CONTEXT(2) 
PARAMETRIC_REPRESENTATION_CONTEXT() REPRESENTATION_CONTEXT('2D SPACE',''
  ) );
#8730 = PCURVE('',#7899,#8731);
#8731 = DEFINITIONAL_REPRESENTATION('',(#8732),#8736);
#8732 = LINE('',#8733,#8734);
#8733 = CARTESIAN_POINT('',(4.,0.936957473507));
#8734 = VECTOR('',#8735,1.);
#8735 = DIRECTION('',(1.,-0.));
#8736 = ( GEOMETRIC_REPRESENTATION_CONTEXT(2) 
PARAMETRIC_REPRESENTATION_CONTEXT() REPRESENTATION_CONTEXT('2D SPACE',''
  ) );
#8737 = ADVANCED_FACE('',(#8738),#7899,.T.);
#8738 = FACE_BOUND('',#8739,.F.);
#8739 = EDGE_LOOP('',(#8740,#8763,#8784,#8785));
#8740 = ORIENTED_EDGE('',*,*,#8741,.F.);
#8741 = EDGE_CURVE('',#8742,#8690,#8744,.T.);
#8742 = VERTEX_POINT('',#8743);
#8743 = CARTESIAN_POINT('',(2.,123.21993814588,14.041185039828));
#8744 = SURFACE_CURVE('',#8745,(#8749,#8756),.PCURVE_S1.);
#8745 = LINE('',#8746,#8747);
#8746 = CARTESIAN_POINT('',(2.,123.21993814588,14.041185039828));
#8747 = VECTOR('',#8748,1.);
#8748 = DIRECTION('',(-0.,1.,0.));
#8749 = PCURVE('',#7899,#8750);
#8750 = DEFINITIONAL_REPRESENTATION('',(#8751),#8755);
#8751 = LINE('',#8752,#8753);
#8752 = CARTESIAN_POINT('',(0.,-0.));
#8753 = VECTOR('',#8754,1.);
#8754 = DIRECTION('',(-0.,1.));
#8755 = ( GEOMETRIC_REPRESENTATION_CONTEXT(2) 
PARAMETRIC_REPRESENTATION_CONTEXT() REPRESENTATION_CONTEXT('2D SPACE',''
  ) );
#8756 = PCURVE('',#8705,#8757);
#8757 = DEFINITIONAL_REPRESENTATION('',(#8758),#8762);
#8758 = LINE('',#8759,#8760);
#8759 = CARTESIAN_POINT('',(-10.,-0.));
#8760 = VECTOR('',#8761,1.);
#8761 = DIRECTION('',(-0.,-1.));
#8762 = ( GEOMETRIC_REPRESENTATION_CONTEXT(2) 
PARAMETRIC_REPRESENTATION_CONTEXT() REPRESENTATION_CONTEXT('2D SPACE',''
  ) );
#8763 = ORIENTED_EDGE('',*,*,#8764,.T.);
#8764 = EDGE_CURVE('',#8742,#7845,#8765,.T.);
#8765 = SURFACE_CURVE('',#8766,(#8770,#8777),.PCURVE_S1.);
#8766 = LINE('',#8767,#8768);
#8767 = CARTESIAN_POINT('',(2.,123.21993814588,14.041185039828));
#8768 = VECTOR('',#8769,1.);
#8769 = DIRECTION('',(-1.,0.,-0.));
#8770 = PCURVE('',#7899,#8771);
#8771 = DEFINITIONAL_REPRESENTATION('',(#8772),#8776);
#8772 = LINE('',#8773,#8774);
#8773 = CARTESIAN_POINT('',(0.,-0.));
#8774 = VECTOR('',#8775,1.);
#8775 = DIRECTION('',(-1.,0.));
#8776 = ( GEOMETRIC_REPRESENTATION_CONTEXT(2) 
PARAMETRIC_REPRESENTATION_CONTEXT() REPRESENTATION_CONTEXT('2D SPACE',''
  ) );
#8777 = PCURVE('',#7865,#8778);
#8778 = DEFINITIONAL_REPRESENTATION('',(#8779),#8783);
#8779 = LINE('',#8780,#8781);
#8780 = CARTESIAN_POINT('',(-10.,-0.));
#8781 = VECTOR('',#8782,1.);
#8782 = DIRECTION('',(-0.,1.));
#8783 = ( GEOMETRIC_REPRESENTATION_CONTEXT(2) 
PARAMETRIC_REPRESENTATION_CONTEXT() REPRESENTATION_CONTEXT('2D SPACE',''
  ) );
#8784 = ORIENTED_EDGE('',*,*,#7881,.T.);
#8785 = ORIENTED_EDGE('',*,*,#8717,.T.);
#8786 = ADVANCED_FACE('',(#8787),#7865,.F.);
#8787 = FACE_BOUND('',#8788,.T.);
#8788 = EDGE_LOOP('',(#8789,#8812,#8833,#8834));
#8789 = ORIENTED_EDGE('',*,*,#8790,.T.);
#8790 = EDGE_CURVE('',#7813,#8791,#8793,.T.);
#8791 = VERTEX_POINT('',#8792);
#8792 = CARTESIAN_POINT('',(2.,123.21993814588,14.));
#8793 = SURFACE_CURVE('',#8794,(#8798,#8805),.PCURVE_S1.);
#8794 = LINE('',#8795,#8796);
#8795 = CARTESIAN_POINT('',(4.5,123.21993814588,14.));
#8796 = VECTOR('',#8797,1.);
#8797 = DIRECTION('',(1.,-0.,-0.));
#8798 = PCURVE('',#7865,#8799);
#8799 = DEFINITIONAL_REPRESENTATION('',(#8800),#8804);
#8800 = LINE('',#8801,#8802);
#8801 = CARTESIAN_POINT('',(-9.958814960172,-2.5));
#8802 = VECTOR('',#8803,1.);
#8803 = DIRECTION('',(-0.,-1.));
#8804 = ( GEOMETRIC_REPRESENTATION_CONTEXT(2) 
PARAMETRIC_REPRESENTATION_CONTEXT() REPRESENTATION_CONTEXT('2D SPACE',''
  ) );
#8805 = PCURVE('',#7773,#8806);
#8806 = DEFINITIONAL_REPRESENTATION('',(#8807),#8811);
#8807 = LINE('',#8808,#8809);
#8808 = CARTESIAN_POINT('',(-2.5,16.219938145885));
#8809 = VECTOR('',#8810,1.);
#8810 = DIRECTION('',(1.,-0.));
#8811 = ( GEOMETRIC_REPRESENTATION_CONTEXT(2) 
PARAMETRIC_REPRESENTATION_CONTEXT() REPRESENTATION_CONTEXT('2D SPACE',''
  ) );
#8812 = ORIENTED_EDGE('',*,*,#8813,.T.);
#8813 = EDGE_CURVE('',#8791,#8742,#8814,.T.);
#8814 = SURFACE_CURVE('',#8815,(#8819,#8826),.PCURVE_S1.);
#8815 = LINE('',#8816,#8817);
#8816 = CARTESIAN_POINT('',(2.,123.21993814588,4.041185039828));
#8817 = VECTOR('',#8818,1.);
#8818 = DIRECTION('',(0.,-0.,1.));
#8819 = PCURVE('',#7865,#8820);
#8820 = DEFINITIONAL_REPRESENTATION('',(#8821),#8825);
#8821 = LINE('',#8822,#8823);
#8822 = CARTESIAN_POINT('',(-0.,-0.));
#8823 = VECTOR('',#8824,1.);
#8824 = DIRECTION('',(-1.,0.));
#8825 = ( GEOMETRIC_REPRESENTATION_CONTEXT(2) 
PARAMETRIC_REPRESENTATION_CONTEXT() REPRESENTATION_CONTEXT('2D SPACE',''
  ) );
#8826 = PCURVE('',#8705,#8827);
#8827 = DEFINITIONAL_REPRESENTATION('',(#8828),#8832);
#8828 = LINE('',#8829,#8830);
#8829 = CARTESIAN_POINT('',(-0.,-0.));
#8830 = VECTOR('',#8831,1.);
#8831 = DIRECTION('',(-1.,-0.));
#8832 = ( GEOMETRIC_REPRESENTATION_CONTEXT(2) 
PARAMETRIC_REPRESENTATION_CONTEXT() REPRESENTATION_CONTEXT('2D SPACE',''
  ) );
#8833 = ORIENTED_EDGE('',*,*,#8764,.T.);
#8834 = ORIENTED_EDGE('',*,*,#7844,.T.);
#8835 = ADVANCED_FACE('',(#8836,#8863),#7773,.T.);
#8836 = FACE_BOUND('',#8837,.F.);
#8837 = EDGE_LOOP('',(#8838,#8839,#8840,#8841,#8842));
#8838 = ORIENTED_EDGE('',*,*,#8666,.F.);
#8839 = ORIENTED_EDGE('',*,*,#7736,.T.);
#8840 = ORIENTED_EDGE('',*,*,#7812,.T.);
#8841 = ORIENTED_EDGE('',*,*,#8790,.T.);
#8842 = ORIENTED_EDGE('',*,*,#8843,.T.);
#8843 = EDGE_CURVE('',#8791,#8667,#8844,.T.);
#8844 = SURFACE_CURVE('',#8845,(#8849,#8856),.PCURVE_S1.);
#8845 = LINE('',#8846,#8847);
#8846 = CARTESIAN_POINT('',(2.,115.10996907294,14.));
#8847 = VECTOR('',#8848,1.);
#8848 = DIRECTION('',(-0.,1.,-0.));
#8849 = PCURVE('',#7773,#8850);
#8850 = DEFINITIONAL_REPRESENTATION('',(#8851),#8855);
#8851 = LINE('',#8852,#8853);
#8852 = CARTESIAN_POINT('',(-5.,8.109969072942));
#8853 = VECTOR('',#8854,1.);
#8854 = DIRECTION('',(-0.,1.));
#8855 = ( GEOMETRIC_REPRESENTATION_CONTEXT(2) 
PARAMETRIC_REPRESENTATION_CONTEXT() REPRESENTATION_CONTEXT('2D SPACE',''
  ) );
#8856 = PCURVE('',#8705,#8857);
#8857 = DEFINITIONAL_REPRESENTATION('',(#8858),#8862);
#8858 = LINE('',#8859,#8860);
#8859 = CARTESIAN_POINT('',(-9.958814960172,8.109969072942));
#8860 = VECTOR('',#8861,1.);
#8861 = DIRECTION('',(-0.,-1.));
#8862 = ( GEOMETRIC_REPRESENTATION_CONTEXT(2) 
PARAMETRIC_REPRESENTATION_CONTEXT() REPRESENTATION_CONTEXT('2D SPACE',''
  ) );
#8863 = FACE_BOUND('',#8864,.F.);
#8864 = EDGE_LOOP('',(#8865));
#8865 = ORIENTED_EDGE('',*,*,#8866,.F.);
#8866 = EDGE_CURVE('',#8867,#8867,#8869,.T.);
#8867 = VERTEX_POINT('',#8868);
#8868 = CARTESIAN_POINT('',(0.425,119.46908821616,14.));
#8869 = SURFACE_CURVE('',#8870,(#8875,#8886),.PCURVE_S1.);
#8870 = ELLIPSE('',#8871,3.194644699773,1.575);
#8871 = AXIS2_PLACEMENT_3D('',#8872,#8873,#8874);
#8872 = CARTESIAN_POINT('',(2.,119.46908821616,14.));
#8873 = DIRECTION('',(-0.,-0.,-1.));
#8874 = DIRECTION('',(-0.,1.,-0.));
#8875 = PCURVE('',#7773,#8876);
#8876 = DEFINITIONAL_REPRESENTATION('',(#8877),#8885);
#8877 = ( BOUNDED_CURVE() B_SPLINE_CURVE(2,(#8878,#8879,#8880,#8881,
#8882,#8883,#8884),.UNSPECIFIED.,.T.,.F.) B_SPLINE_CURVE_WITH_KNOTS((1,2
    ,2,2,2,1),(-2.094395102393,0.,2.094395102393,4.188790204786,
6.28318530718,8.377580409573),.UNSPECIFIED.) CURVE() 
GEOMETRIC_REPRESENTATION_ITEM() RATIONAL_B_SPLINE_CURVE((1.,0.5,1.,0.5,
1.,0.5,1.)) REPRESENTATION_ITEM('') );
#8878 = CARTESIAN_POINT('',(-5.,15.663732915941));
#8879 = CARTESIAN_POINT('',(-2.272019978079,15.663732915941));
#8880 = CARTESIAN_POINT('',(-3.63600998904,10.871765866282));
#8881 = CARTESIAN_POINT('',(-5.,6.079798816623));
#8882 = CARTESIAN_POINT('',(-6.36399001096,10.871765866282));
#8883 = CARTESIAN_POINT('',(-7.727980021921,15.663732915941));
#8884 = CARTESIAN_POINT('',(-5.,15.663732915941));
#8885 = ( GEOMETRIC_REPRESENTATION_CONTEXT(2) 
PARAMETRIC_REPRESENTATION_CONTEXT() REPRESENTATION_CONTEXT('2D SPACE',''
  ) );
#8886 = PCURVE('',#8887,#8892);
#8887 = CYLINDRICAL_SURFACE('',#8888,1.575);
#8888 = AXIS2_PLACEMENT_3D('',#8889,#8890,#8891);
#8889 = CARTESIAN_POINT('',(2.,114.2995831723,16.929386191522));
#8890 = DIRECTION('',(-0.,0.870022185849,-0.493012571981));
#8891 = DIRECTION('',(-1.,0.,-0.));
#8892 = DEFINITIONAL_REPRESENTATION('',(#8893),#8924);
#8893 = B_SPLINE_CURVE_WITH_KNOTS('',8,(#8894,#8895,#8896,#8897,#8898,
    #8899,#8900,#8901,#8902,#8903,#8904,#8905,#8906,#8907,#8908,#8909,
    #8910,#8911,#8912,#8913,#8914,#8915,#8916,#8917,#8918,#8919,#8920,
    #8921,#8922,#8923),.UNSPECIFIED.,.F.,.F.,(9,7,7,7,9),(4.712388980385
    ,6.28318530718,7.461282552276,9.22842841992,10.995574287564),
  .UNSPECIFIED.);
#8894 = CARTESIAN_POINT('',(-6.28318530718,5.941808298624));
#8895 = CARTESIAN_POINT('',(-6.08683576633,6.487544522455));
#8896 = CARTESIAN_POINT('',(-5.890486225481,7.033280875858));
#8897 = CARTESIAN_POINT('',(-5.694136684634,7.546955451102));
#8898 = CARTESIAN_POINT('',(-5.497787143782,7.996512767121));
#8899 = CARTESIAN_POINT('',(-5.301437602934,8.353831986235));
#8900 = CARTESIAN_POINT('',(-5.105088062083,8.598757024187));
#8901 = CARTESIAN_POINT('',(-4.908738521234,8.721220063329));
#8902 = CARTESIAN_POINT('',(-4.565126824748,8.721220063329));
#8903 = CARTESIAN_POINT('',(-4.417864669111,8.652334422027));
#8904 = CARTESIAN_POINT('',(-4.270602513473,8.514564836375));
#8905 = CARTESIAN_POINT('',(-4.123340357836,8.311093136343));
#8906 = CARTESIAN_POINT('',(-3.976078202199,8.048301749184));
#8907 = CARTESIAN_POINT('',(-3.828816046563,7.735373391673));
#8908 = CARTESIAN_POINT('',(-3.681553890926,7.383589028208));
#8909 = CARTESIAN_POINT('',(-3.313398501833,6.438224289431));
#8910 = CARTESIAN_POINT('',(-3.092505268381,5.811692068669));
#8911 = CARTESIAN_POINT('',(-2.871612034922,5.168024754532));
#8912 = CARTESIAN_POINT('',(-2.650718801479,4.5555524678));
#8913 = CARTESIAN_POINT('',(-2.429825568012,4.022264965029));
#8914 = CARTESIAN_POINT('',(-2.208932334559,3.607369259921));
#8915 = CARTESIAN_POINT('',(-1.9880391011,3.335578489219));
#8916 = CARTESIAN_POINT('',(-1.546252634189,3.096025814022));
#8917 = CARTESIAN_POINT('',(-1.325359400734,3.128263776939));
#8918 = CARTESIAN_POINT('',(-1.104466167285,3.321419102182));
#8919 = CARTESIAN_POINT('',(-0.883572933824,3.668584568907));
#8920 = CARTESIAN_POINT('',(-0.662679700371,4.145599610255));
#8921 = CARTESIAN_POINT('',(-0.441786466912,4.713901455187));
#8922 = CARTESIAN_POINT('',(-0.220893233456,5.327855046813));
#8923 = CARTESIAN_POINT('',(-8.881784197001E-15,5.941808298624));
#8924 = ( GEOMETRIC_REPRESENTATION_CONTEXT(2) 
PARAMETRIC_REPRESENTATION_CONTEXT() REPRESENTATION_CONTEXT('2D SPACE',''
  ) );
#8925 = ADVANCED_FACE('',(#8926),#7935,.F.);
#8926 = FACE_BOUND('',#8927,.T.);
#8927 = EDGE_LOOP('',(#8928));
#8928 = ORIENTED_EDGE('',*,*,#7918,.T.);
#8929 = ADVANCED_FACE('',(#8930),#8100,.F.);
#8930 = FACE_BOUND('',#8931,.T.);
#8931 = EDGE_LOOP('',(#8932,#8933,#8954));
#8932 = ORIENTED_EDGE('',*,*,#8084,.F.);
#8933 = ORIENTED_EDGE('',*,*,#8934,.F.);
#8934 = EDGE_CURVE('',#8165,#8057,#8935,.T.);
#8935 = SURFACE_CURVE('',#8936,(#8940,#8947),.PCURVE_S1.);
#8936 = LINE('',#8937,#8938);
#8937 = CARTESIAN_POINT('',(2.,-11.66649579228,86.566646718666));
#8938 = VECTOR('',#8939,1.);
#8939 = DIRECTION('',(-0.,-0.944496796706,-0.328520624941));
#8940 = PCURVE('',#8100,#8941);
#8941 = DEFINITIONAL_REPRESENTATION('',(#8942),#8946);
#8942 = LINE('',#8943,#8944);
#8943 = CARTESIAN_POINT('',(-8.111158666098,-5.812734418617));
#8944 = VECTOR('',#8945,1.);
#8945 = DIRECTION('',(0.328520624941,0.944496796706));
#8946 = ( GEOMETRIC_REPRESENTATION_CONTEXT(2) 
PARAMETRIC_REPRESENTATION_CONTEXT() REPRESENTATION_CONTEXT('2D SPACE',''
  ) );
#8947 = PCURVE('',#8072,#8948);
#8948 = DEFINITIONAL_REPRESENTATION('',(#8949),#8953);
#8949 = LINE('',#8950,#8951);
#8950 = CARTESIAN_POINT('',(-5.,8.154791952472));
#8951 = VECTOR('',#8952,1.);
#8952 = DIRECTION('',(-0.,1.));
#8953 = ( GEOMETRIC_REPRESENTATION_CONTEXT(2) 
PARAMETRIC_REPRESENTATION_CONTEXT() REPRESENTATION_CONTEXT('2D SPACE',''
  ) );
#8954 = ORIENTED_EDGE('',*,*,#8164,.F.);
#8955 = ADVANCED_FACE('',(#8956),#8072,.F.);
#8956 = FACE_BOUND('',#8957,.T.);
#8957 = EDGE_LOOP('',(#8958,#8979,#8980,#9003,#9024,#9025,#9026,#9027));
#8958 = ORIENTED_EDGE('',*,*,#8959,.T.);
#8959 = EDGE_CURVE('',#8029,#8369,#8960,.T.);
#8960 = SURFACE_CURVE('',#8961,(#8965,#8972),.PCURVE_S1.);
#8961 = LINE('',#8962,#8963);
#8962 = CARTESIAN_POINT('',(-3.,-3.964320915373,89.245664067158));
#8963 = VECTOR('',#8964,1.);
#8964 = DIRECTION('',(0.,-0.944496796706,-0.328520624941));
#8965 = PCURVE('',#8072,#8966);
#8966 = DEFINITIONAL_REPRESENTATION('',(#8967),#8971);
#8967 = LINE('',#8968,#8969);
#8968 = CARTESIAN_POINT('',(-10.,0.));
#8969 = VECTOR('',#8970,1.);
#8970 = DIRECTION('',(-0.,1.));
#8971 = ( GEOMETRIC_REPRESENTATION_CONTEXT(2) 
PARAMETRIC_REPRESENTATION_CONTEXT() REPRESENTATION_CONTEXT('2D SPACE',''
  ) );
#8972 = PCURVE('',#8044,#8973);
#8973 = DEFINITIONAL_REPRESENTATION('',(#8974),#8978);
#8974 = LINE('',#8975,#8976);
#8975 = CARTESIAN_POINT('',(-0.,0.));
#8976 = VECTOR('',#8977,1.);
#8977 = DIRECTION('',(7.965226789662E-18,-1.));
#8978 = ( GEOMETRIC_REPRESENTATION_CONTEXT(2) 
PARAMETRIC_REPRESENTATION_CONTEXT() REPRESENTATION_CONTEXT('2D SPACE',''
  ) );
#8979 = ORIENTED_EDGE('',*,*,#8368,.F.);
#8980 = ORIENTED_EDGE('',*,*,#8981,.F.);
#8981 = EDGE_CURVE('',#8982,#8341,#8984,.T.);
#8982 = VERTEX_POINT('',#8983);
#8983 = CARTESIAN_POINT('',(7.,-3.964320915373,89.245664067158));
#8984 = SURFACE_CURVE('',#8985,(#8989,#8996),.PCURVE_S1.);
#8985 = LINE('',#8986,#8987);
#8986 = CARTESIAN_POINT('',(7.,-3.964320915373,89.245664067158));
#8987 = VECTOR('',#8988,1.);
#8988 = DIRECTION('',(0.,-0.944496796706,-0.328520624941));
#8989 = PCURVE('',#8072,#8990);
#8990 = DEFINITIONAL_REPRESENTATION('',(#8991),#8995);
#8991 = LINE('',#8992,#8993);
#8992 = CARTESIAN_POINT('',(-0.,-0.));
#8993 = VECTOR('',#8994,1.);
#8994 = DIRECTION('',(-0.,1.));
#8995 = ( GEOMETRIC_REPRESENTATION_CONTEXT(2) 
PARAMETRIC_REPRESENTATION_CONTEXT() REPRESENTATION_CONTEXT('2D SPACE',''
  ) );
#8996 = PCURVE('',#8356,#8997);
#8997 = DEFINITIONAL_REPRESENTATION('',(#8998),#9002);
#8998 = LINE('',#8999,#9000);
#8999 = CARTESIAN_POINT('',(-0.,0.));
#9000 = VECTOR('',#9001,1.);
#9001 = DIRECTION('',(7.965226789662E-18,-1.));
#9002 = ( GEOMETRIC_REPRESENTATION_CONTEXT(2) 
PARAMETRIC_REPRESENTATION_CONTEXT() REPRESENTATION_CONTEXT('2D SPACE',''
  ) );
#9003 = ORIENTED_EDGE('',*,*,#9004,.T.);
#9004 = EDGE_CURVE('',#8982,#8261,#9005,.T.);
#9005 = SURFACE_CURVE('',#9006,(#9010,#9017),.PCURVE_S1.);
#9006 = LINE('',#9007,#9008);
#9007 = CARTESIAN_POINT('',(7.,-3.964320915373,89.245664067158));
#9008 = VECTOR('',#9009,1.);
#9009 = DIRECTION('',(-1.,0.,-0.));
#9010 = PCURVE('',#8072,#9011);
#9011 = DEFINITIONAL_REPRESENTATION('',(#9012),#9016);
#9012 = LINE('',#9013,#9014);
#9013 = CARTESIAN_POINT('',(-0.,-0.));
#9014 = VECTOR('',#9015,1.);
#9015 = DIRECTION('',(-1.,0.));
#9016 = ( GEOMETRIC_REPRESENTATION_CONTEXT(2) 
PARAMETRIC_REPRESENTATION_CONTEXT() REPRESENTATION_CONTEXT('2D SPACE',''
  ) );
#9017 = PCURVE('',#8276,#9018);
#9018 = DEFINITIONAL_REPRESENTATION('',(#9019),#9023);
#9019 = LINE('',#9020,#9021);
#9020 = CARTESIAN_POINT('',(-0.,-0.));
#9021 = VECTOR('',#9022,1.);
#9022 = DIRECTION('',(-0.,1.));
#9023 = ( GEOMETRIC_REPRESENTATION_CONTEXT(2) 
PARAMETRIC_REPRESENTATION_CONTEXT() REPRESENTATION_CONTEXT('2D SPACE',''
  ) );
#9024 = ORIENTED_EDGE('',*,*,#8288,.T.);
#9025 = ORIENTED_EDGE('',*,*,#8213,.F.);
#9026 = ORIENTED_EDGE('',*,*,#8934,.T.);
#9027 = ORIENTED_EDGE('',*,*,#8056,.T.);
#9028 = ADVANCED_FACE('',(#9029),#8044,.T.);
#9029 = FACE_BOUND('',#9030,.F.);
#9030 = EDGE_LOOP('',(#9031,#9032,#9033));
#9031 = ORIENTED_EDGE('',*,*,#8391,.F.);
#9032 = ORIENTED_EDGE('',*,*,#8028,.T.);
#9033 = ORIENTED_EDGE('',*,*,#8959,.T.);
#9034 = ADVANCED_FACE('',(#9035),#8276,.F.);
#9035 = FACE_BOUND('',#9036,.T.);
#9036 = EDGE_LOOP('',(#9037,#9038,#9039,#9060));
#9037 = ORIENTED_EDGE('',*,*,#8260,.F.);
#9038 = ORIENTED_EDGE('',*,*,#9004,.F.);
#9039 = ORIENTED_EDGE('',*,*,#9040,.T.);
#9040 = EDGE_CURVE('',#8982,#8318,#9041,.T.);
#9041 = SURFACE_CURVE('',#9042,(#9046,#9053),.PCURVE_S1.);
#9042 = LINE('',#9043,#9044);
#9043 = CARTESIAN_POINT('',(7.,-3.964320915373,89.245664067158));
#9044 = VECTOR('',#9045,1.);
#9045 = DIRECTION('',(-0.,0.328520624941,-0.944496796706));
#9046 = PCURVE('',#8276,#9047);
#9047 = DEFINITIONAL_REPRESENTATION('',(#9048),#9052);
#9048 = LINE('',#9049,#9050);
#9049 = CARTESIAN_POINT('',(-0.,-0.));
#9050 = VECTOR('',#9051,1.);
#9051 = DIRECTION('',(-1.,0.));
#9052 = ( GEOMETRIC_REPRESENTATION_CONTEXT(2) 
PARAMETRIC_REPRESENTATION_CONTEXT() REPRESENTATION_CONTEXT('2D SPACE',''
  ) );
#9053 = PCURVE('',#8356,#9054);
#9054 = DEFINITIONAL_REPRESENTATION('',(#9055),#9059);
#9055 = LINE('',#9056,#9057);
#9056 = CARTESIAN_POINT('',(-0.,0.));
#9057 = VECTOR('',#9058,1.);
#9058 = DIRECTION('',(-1.,7.965226789662E-18));
#9059 = ( GEOMETRIC_REPRESENTATION_CONTEXT(2) 
PARAMETRIC_REPRESENTATION_CONTEXT() REPRESENTATION_CONTEXT('2D SPACE',''
  ) );
#9060 = ORIENTED_EDGE('',*,*,#8317,.F.);
#9061 = ADVANCED_FACE('',(#9062),#8356,.F.);
#9062 = FACE_BOUND('',#9063,.T.);
#9063 = EDGE_LOOP('',(#9064,#9065,#9066));
#9064 = ORIENTED_EDGE('',*,*,#9040,.F.);
#9065 = ORIENTED_EDGE('',*,*,#8981,.T.);
#9066 = ORIENTED_EDGE('',*,*,#8340,.F.);
#9067 = ADVANCED_FACE('',(#9068),#8436,.F.);
#9068 = FACE_BOUND('',#9069,.T.);
#9069 = EDGE_LOOP('',(#9070,#9103,#9124,#9125));
#9070 = ORIENTED_EDGE('',*,*,#9071,.T.);
#9071 = EDGE_CURVE('',#9072,#9072,#9074,.T.);
#9072 = VERTEX_POINT('',#9073);
#9073 = CARTESIAN_POINT('',(0.,-12.16912352328,85.438931325651));
#9074 = SURFACE_CURVE('',#9075,(#9080,#9087),.PCURVE_S1.);
#9075 = CIRCLE('',#9076,2.);
#9076 = AXIS2_PLACEMENT_3D('',#9077,#9078,#9079);
#9077 = CARTESIAN_POINT('',(2.,-12.16912352328,85.438931325651));
#9078 = DIRECTION('',(-0.,-0.328520624941,0.944496796706));
#9079 = DIRECTION('',(-1.,0.,-0.));
#9080 = PCURVE('',#8436,#9081);
#9081 = DEFINITIONAL_REPRESENTATION('',(#9082),#9086);
#9082 = LINE('',#9083,#9084);
#9083 = CARTESIAN_POINT('',(-0.,0.));
#9084 = VECTOR('',#9085,1.);
#9085 = DIRECTION('',(-1.,0.));
#9086 = ( GEOMETRIC_REPRESENTATION_CONTEXT(2) 
PARAMETRIC_REPRESENTATION_CONTEXT() REPRESENTATION_CONTEXT('2D SPACE',''
  ) );
#9087 = PCURVE('',#9088,#9093);
#9088 = PLANE('',#9089);
#9089 = AXIS2_PLACEMENT_3D('',#9090,#9091,#9092);
#9090 = CARTESIAN_POINT('',(2.,-12.16912352328,85.438931325651));
#9091 = DIRECTION('',(-0.,0.328520624941,-0.944496796706));
#9092 = DIRECTION('',(1.,0.,0.));
#9093 = DEFINITIONAL_REPRESENTATION('',(#9094),#9102);
#9094 = ( BOUNDED_CURVE() B_SPLINE_CURVE(2,(#9095,#9096,#9097,#9098,
#9099,#9100,#9101),.UNSPECIFIED.,.T.,.F.) B_SPLINE_CURVE_WITH_KNOTS((1,2
    ,2,2,2,1),(-2.094395102393,0.,2.094395102393,4.188790204786,
6.28318530718,8.377580409573),.UNSPECIFIED.) CURVE() 
GEOMETRIC_REPRESENTATION_ITEM() RATIONAL_B_SPLINE_CURVE((1.,0.5,1.,0.5,
1.,0.5,1.)) REPRESENTATION_ITEM('') );
#9095 = CARTESIAN_POINT('',(-2.,0.));
#9096 = CARTESIAN_POINT('',(-2.,3.464101615138));
#9097 = CARTESIAN_POINT('',(1.,1.732050807569));
#9098 = CARTESIAN_POINT('',(4.,4.898587196589E-16));
#9099 = CARTESIAN_POINT('',(1.,-1.732050807569));
#9100 = CARTESIAN_POINT('',(-2.,-3.464101615138));
#9101 = CARTESIAN_POINT('',(-2.,0.));
#9102 = ( GEOMETRIC_REPRESENTATION_CONTEXT(2) 
PARAMETRIC_REPRESENTATION_CONTEXT() REPRESENTATION_CONTEXT('2D SPACE',''
  ) );
#9103 = ORIENTED_EDGE('',*,*,#9104,.T.);
#9104 = EDGE_CURVE('',#9072,#8416,#9105,.T.);
#9105 = SEAM_CURVE('',#9106,(#9110,#9117),.PCURVE_S1.);
#9106 = LINE('',#9107,#9108);
#9107 = CARTESIAN_POINT('',(0.,-12.16912352328,85.438931325651));
#9108 = VECTOR('',#9109,1.);
#9109 = DIRECTION('',(-0.,0.328520624941,-0.944496796706));
#9110 = PCURVE('',#8436,#9111);
#9111 = DEFINITIONAL_REPRESENTATION('',(#9112),#9116);
#9112 = LINE('',#9113,#9114);
#9113 = CARTESIAN_POINT('',(-0.,-0.));
#9114 = VECTOR('',#9115,1.);
#9115 = DIRECTION('',(-0.,1.));
#9116 = ( GEOMETRIC_REPRESENTATION_CONTEXT(2) 
PARAMETRIC_REPRESENTATION_CONTEXT() REPRESENTATION_CONTEXT('2D SPACE',''
  ) );
#9117 = PCURVE('',#8436,#9118);
#9118 = DEFINITIONAL_REPRESENTATION('',(#9119),#9123);
#9119 = LINE('',#9120,#9121);
#9120 = CARTESIAN_POINT('',(-6.28318530718,-0.));
#9121 = VECTOR('',#9122,1.);
#9122 = DIRECTION('',(-0.,1.));
#9123 = ( GEOMETRIC_REPRESENTATION_CONTEXT(2) 
PARAMETRIC_REPRESENTATION_CONTEXT() REPRESENTATION_CONTEXT('2D SPACE',''
  ) );
#9124 = ORIENTED_EDGE('',*,*,#8415,.T.);
#9125 = ORIENTED_EDGE('',*,*,#9104,.F.);
#9126 = ADVANCED_FACE('',(#9127),#8525,.T.);
#9127 = FACE_BOUND('',#9128,.F.);
#9128 = EDGE_LOOP('',(#9129,#9130,#9131,#9132));
#9129 = ORIENTED_EDGE('',*,*,#8641,.F.);
#9130 = ORIENTED_EDGE('',*,*,#8511,.T.);
#9131 = ORIENTED_EDGE('',*,*,#8565,.T.);
#9132 = ORIENTED_EDGE('',*,*,#8614,.F.);
#9133 = ADVANCED_FACE('',(#9134),#8705,.F.);
#9134 = FACE_BOUND('',#9135,.T.);
#9135 = EDGE_LOOP('',(#9136,#9137,#9138,#9139));
#9136 = ORIENTED_EDGE('',*,*,#8813,.F.);
#9137 = ORIENTED_EDGE('',*,*,#8843,.T.);
#9138 = ORIENTED_EDGE('',*,*,#8689,.T.);
#9139 = ORIENTED_EDGE('',*,*,#8741,.F.);
#9140 = ADVANCED_FACE('',(#9141),#8887,.F.);
#9141 = FACE_BOUND('',#9142,.T.);
#9142 = EDGE_LOOP('',(#9143,#9166,#9197,#9198));
#9143 = ORIENTED_EDGE('',*,*,#9144,.T.);
#9144 = EDGE_CURVE('',#8867,#9145,#9147,.T.);
#9145 = VERTEX_POINT('',#9146);
#9146 = CARTESIAN_POINT('',(0.425,130.83000470343,7.562147323885));
#9147 = SEAM_CURVE('',#9148,(#9152,#9159),.PCURVE_S1.);
#9148 = LINE('',#9149,#9150);
#9149 = CARTESIAN_POINT('',(0.425,114.2995831723,16.929386191522));
#9150 = VECTOR('',#9151,1.);
#9151 = DIRECTION('',(-0.,0.870022185849,-0.493012571981));
#9152 = PCURVE('',#8887,#9153);
#9153 = DEFINITIONAL_REPRESENTATION('',(#9154),#9158);
#9154 = LINE('',#9155,#9156);
#9155 = CARTESIAN_POINT('',(-6.28318530718,-0.));
#9156 = VECTOR('',#9157,1.);
#9157 = DIRECTION('',(-0.,1.));
#9158 = ( GEOMETRIC_REPRESENTATION_CONTEXT(2) 
PARAMETRIC_REPRESENTATION_CONTEXT() REPRESENTATION_CONTEXT('2D SPACE',''
  ) );
#9159 = PCURVE('',#8887,#9160);
#9160 = DEFINITIONAL_REPRESENTATION('',(#9161),#9165);
#9161 = LINE('',#9162,#9163);
#9162 = CARTESIAN_POINT('',(-0.,-0.));
#9163 = VECTOR('',#9164,1.);
#9164 = DIRECTION('',(-0.,1.));
#9165 = ( GEOMETRIC_REPRESENTATION_CONTEXT(2) 
PARAMETRIC_REPRESENTATION_CONTEXT() REPRESENTATION_CONTEXT('2D SPACE',''
  ) );
#9166 = ORIENTED_EDGE('',*,*,#9167,.F.);
#9167 = EDGE_CURVE('',#9145,#9145,#9168,.T.);
#9168 = SURFACE_CURVE('',#9169,(#9174,#9181),.PCURVE_S1.);
#9169 = CIRCLE('',#9170,1.575);
#9170 = AXIS2_PLACEMENT_3D('',#9171,#9172,#9173);
#9171 = CARTESIAN_POINT('',(2.,130.83000470343,7.562147323885));
#9172 = DIRECTION('',(-0.,-0.870022185849,0.493012571981));
#9173 = DIRECTION('',(-1.,0.,-0.));
#9174 = PCURVE('',#8887,#9175);
#9175 = DEFINITIONAL_REPRESENTATION('',(#9176),#9180);
#9176 = LINE('',#9177,#9178);
#9177 = CARTESIAN_POINT('',(-0.,19.));
#9178 = VECTOR('',#9179,1.);
#9179 = DIRECTION('',(-1.,0.));
#9180 = ( GEOMETRIC_REPRESENTATION_CONTEXT(2) 
PARAMETRIC_REPRESENTATION_CONTEXT() REPRESENTATION_CONTEXT('2D SPACE',''
  ) );
#9181 = PCURVE('',#9182,#9187);
#9182 = PLANE('',#9183);
#9183 = AXIS2_PLACEMENT_3D('',#9184,#9185,#9186);
#9184 = CARTESIAN_POINT('',(2.,130.83000470343,7.562147323885));
#9185 = DIRECTION('',(-0.,0.870022185849,-0.493012571981));
#9186 = DIRECTION('',(1.,0.,0.));
#9187 = DEFINITIONAL_REPRESENTATION('',(#9188),#9196);
#9188 = ( BOUNDED_CURVE() B_SPLINE_CURVE(2,(#9189,#9190,#9191,#9192,
#9193,#9194,#9195),.UNSPECIFIED.,.T.,.F.) B_SPLINE_CURVE_WITH_KNOTS((1,2
    ,2,2,2,1),(-2.094395102393,0.,2.094395102393,4.188790204786,
6.28318530718,8.377580409573),.UNSPECIFIED.) CURVE() 
GEOMETRIC_REPRESENTATION_ITEM() RATIONAL_B_SPLINE_CURVE((1.,0.5,1.,0.5,
1.,0.5,1.)) REPRESENTATION_ITEM('') );
#9189 = CARTESIAN_POINT('',(-1.575,0.));
#9190 = CARTESIAN_POINT('',(-1.575,2.727980021921));
#9191 = CARTESIAN_POINT('',(0.7875,1.36399001096));
#9192 = CARTESIAN_POINT('',(3.15,3.857637417314E-16));
#9193 = CARTESIAN_POINT('',(0.7875,-1.36399001096));
#9194 = CARTESIAN_POINT('',(-1.575,-2.727980021921));
#9195 = CARTESIAN_POINT('',(-1.575,0.));
#9196 = ( GEOMETRIC_REPRESENTATION_CONTEXT(2) 
PARAMETRIC_REPRESENTATION_CONTEXT() REPRESENTATION_CONTEXT('2D SPACE',''
  ) );
#9197 = ORIENTED_EDGE('',*,*,#9144,.F.);
#9198 = ORIENTED_EDGE('',*,*,#8866,.F.);
#9199 = ADVANCED_FACE('',(#9200),#9088,.T.);
#9200 = FACE_BOUND('',#9201,.T.);
#9201 = EDGE_LOOP('',(#9202));
#9202 = ORIENTED_EDGE('',*,*,#9071,.F.);
#9203 = ADVANCED_FACE('',(#9204),#9182,.F.);
#9204 = FACE_BOUND('',#9205,.T.);
#9205 = EDGE_LOOP('',(#9206));
#9206 = ORIENTED_EDGE('',*,*,#9167,.T.);
#9207 = ( GEOMETRIC_REPRESENTATION_CONTEXT(3) 
GLOBAL_UNCERTAINTY_ASSIGNED_CONTEXT((#9211)) 
GLOBAL_UNIT_ASSIGNED_CONTEXT((#9208,#9209,#9210)) REPRESENTATION_CONTEXT
('Context #1','3D Context with UNIT and UNCERTAINTY') );
#9208 = ( LENGTH_UNIT() NAMED_UNIT(*) SI_UNIT(.MILLI.,.METRE.) );
#9209 = ( NAMED_UNIT(*) PLANE_ANGLE_UNIT() SI_UNIT($,.RADIAN.) );
#9210 = ( NAMED_UNIT(*) SI_UNIT($,.STERADIAN.) SOLID_ANGLE_UNIT() );
#9211 = UNCERTAINTY_MEASURE_WITH_UNIT(LENGTH_MEASURE(1.E-07),#9208,
  'distance_accuracy_value','confusion accuracy');
#9212 = PRODUCT_RELATED_PRODUCT_CATEGORY('part',$,(#7));
ENDSEC;
END-ISO-10303-21;
