ISO-10303-21;
HEADER;
FILE_DESCRIPTION(('Open CASCADE Model'),'2;1');
FILE_NAME('Open CASCADE Shape Model','2026-07-16T02:27:56',('Author'),(
    'Open CASCADE'),'Open CASCADE STEP processor 7.7','Open CASCADE 7.7'
  ,'Unknown');
FILE_SCHEMA(('AUTOMOTIVE_DESIGN { 1 0 10303 214 1 1 1 1 }'));
ENDSEC;
DATA;
#1 = APPLICATION_PROTOCOL_DEFINITION('international standard',
  'automotive_design',2000,#2);
#2 = APPLICATION_CONTEXT(
  'core data for automotive mechanical design processes');
#3 = SHAPE_DEFINITION_REPRESENTATION(#4,#10);
#4 = PRODUCT_DEFINITION_SHAPE('','',#5);
#5 = PRODUCT_DEFINITION('design','',#6,#9);
#6 = PRODUCT_DEFINITION_FORMATION('','',#7);
#7 = PRODUCT('SOLID','SOLID','',(#8));
#8 = PRODUCT_CONTEXT('',#2,'mechanical');
#9 = PRODUCT_DEFINITION_CONTEXT('part definition',#2,'design');
#10 = ADVANCED_BREP_SHAPE_REPRESENTATION('',(#11,#15),#9610);
#11 = AXIS2_PLACEMENT_3D('',#12,#13,#14);
#12 = CARTESIAN_POINT('',(0.,0.,0.));
#13 = DIRECTION('',(0.,0.,1.));
#14 = DIRECTION('',(1.,0.,-0.));
#15 = MANIFOLD_SOLID_BREP('',#16);
#16 = CLOSED_SHELL('',(#17,#499,#575,#819,#868,#1076,#1125,#1282,#1353,
    #1403,#1430,#1552,#1606,#1655,#1683,#1711,#1912,#2158,#2366,#2375,
    #2575,#2776,#2783,#2832,#2927,#2954,#3003,#3103,#3130,#3180,#3392,
    #3614,#3766,#3866,#3976,#4076,#4083,#4278,#4305,#4376,#4551,#4599,
    #4728,#4778,#4829,#5036,#5253,#5302,#5397,#5404,#5433,#5506,#5555,
    #5603,#5784,#5810,#5861,#5916,#5990,#6041,#6112,#6139,#6147,#6198,
    #6205,#6243,#6270,#6278,#6383,#6552,#6721,#6794,#6842,#7116,#7122,
    #7149,#7250,#7301,#7308,#7367,#7495,#7522,#7635,#7882,#7932,#7960,
    #8145,#8173,#8180,#8228,#8352,#8427,#8453,#8482,#8488,#8547,#8551,
    #8651,#8746,#8800,#8855,#8904,#8929,#8968,#9022,#9049,#9100,#9106,
    #9110,#9116,#9125,#9278,#9408,#9457,#9517,#9544,#9606));
#17 = ADVANCED_FACE('',(#18),#32,.F.);
#18 = FACE_BOUND('',#19,.T.);
#19 = EDGE_LOOP('',(#20,#55,#84,#112,#145,#173,#206,#229,#262,#290,#323,
    #351,#384,#412,#445,#473));
#20 = ORIENTED_EDGE('',*,*,#21,.T.);
#21 = EDGE_CURVE('',#22,#24,#26,.T.);
#22 = VERTEX_POINT('',#23);
#23 = CARTESIAN_POINT('',(-12.9,-9.807893370498,40.105572809));
#24 = VERTEX_POINT('',#25);
#25 = CARTESIAN_POINT('',(-12.9,55.969194269499,7.217028989002));
#26 = SURFACE_CURVE('',#27,(#31,#43),.PCURVE_S1.);
#27 = LINE('',#28,#29);
#28 = CARTESIAN_POINT('',(-12.9,-9.807893370498,40.105572809));
#29 = VECTOR('',#30,1.);
#30 = DIRECTION('',(-0.,0.894427191,-0.4472135955));
#31 = PCURVE('',#32,#37);
#32 = PLANE('',#33);
#33 = AXIS2_PLACEMENT_3D('',#34,#35,#36);
#34 = CARTESIAN_POINT('',(-12.9,-9.807893370498,40.105572809));
#35 = DIRECTION('',(-1.,-0.,-0.));
#36 = DIRECTION('',(0.,-0.4472135955,-0.894427191));
#37 = DEFINITIONAL_REPRESENTATION('',(#38),#42);
#38 = LINE('',#39,#40);
#39 = CARTESIAN_POINT('',(-0.,0.));
#40 = VECTOR('',#41,1.);
#41 = DIRECTION('',(8.739870707369E-19,-1.));
#42 = ( GEOMETRIC_REPRESENTATION_CONTEXT(2) 
PARAMETRIC_REPRESENTATION_CONTEXT() REPRESENTATION_CONTEXT('2D SPACE',''
  ) );
#43 = PCURVE('',#44,#49);
#44 = PLANE('',#45);
#45 = AXIS2_PLACEMENT_3D('',#46,#47,#48);
#46 = CARTESIAN_POINT('',(-12.9,-9.807893370498,40.105572809));
#47 = DIRECTION('',(0.,0.4472135955,0.894427191));
#48 = DIRECTION('',(1.,0.,0.));
#49 = DEFINITIONAL_REPRESENTATION('',(#50),#54);
#50 = LINE('',#51,#52);
#51 = CARTESIAN_POINT('',(0.,-0.));
#52 = VECTOR('',#53,1.);
#53 = DIRECTION('',(-0.,1.));
#54 = ( GEOMETRIC_REPRESENTATION_CONTEXT(2) 
PARAMETRIC_REPRESENTATION_CONTEXT() REPRESENTATION_CONTEXT('2D SPACE',''
  ) );
#55 = ORIENTED_EDGE('',*,*,#56,.F.);
#56 = EDGE_CURVE('',#57,#24,#59,.T.);
#57 = VERTEX_POINT('',#58);
#58 = CARTESIAN_POINT('',(-12.9,65.807893370498,26.894427191));
#59 = SURFACE_CURVE('',#60,(#65,#72),.PCURVE_S1.);
#60 = CIRCLE('',#61,11.);
#61 = AXIS2_PLACEMENT_3D('',#62,#63,#64);
#62 = CARTESIAN_POINT('',(-12.9,60.888543819998,17.055728090001));
#63 = DIRECTION('',(-1.,-3.229739708E-16,1.614869854E-16));
#64 = DIRECTION('',(4.01043912844E-34,0.4472135955,0.894427191));
#65 = PCURVE('',#32,#66);
#66 = DEFINITIONAL_REPRESENTATION('',(#67),#71);
#67 = CIRCLE('',#68,11.);
#68 = AXIS2_PLACEMENT_2D('',#69,#70);
#69 = CARTESIAN_POINT('',(-11.,-73.54101966249));
#70 = DIRECTION('',(-1.,3.835915775232E-16));
#71 = ( GEOMETRIC_REPRESENTATION_CONTEXT(2) 
PARAMETRIC_REPRESENTATION_CONTEXT() REPRESENTATION_CONTEXT('2D SPACE',''
  ) );
#72 = PCURVE('',#73,#78);
#73 = CYLINDRICAL_SURFACE('',#74,11.);
#74 = AXIS2_PLACEMENT_3D('',#75,#76,#77);
#75 = CARTESIAN_POINT('',(-12.9,60.888543819998,17.055728090001));
#76 = DIRECTION('',(-1.,-0.,1.110223024625E-16));
#77 = DIRECTION('',(-1.110223024625E-16,-0.,-1.));
#78 = DEFINITIONAL_REPRESENTATION('',(#79),#83);
#79 = LINE('',#80,#81);
#80 = CARTESIAN_POINT('',(-8.961130351769,0.));
#81 = VECTOR('',#82,1.);
#82 = DIRECTION('',(1.,-0.));
#83 = ( GEOMETRIC_REPRESENTATION_CONTEXT(2) 
PARAMETRIC_REPRESENTATION_CONTEXT() REPRESENTATION_CONTEXT('2D SPACE',''
  ) );
#84 = ORIENTED_EDGE('',*,*,#85,.F.);
#85 = EDGE_CURVE('',#86,#57,#88,.T.);
#86 = VERTEX_POINT('',#87);
#87 = CARTESIAN_POINT('',(-12.9,33.243835191015,43.176456280741));
#88 = SURFACE_CURVE('',#89,(#93,#100),.PCURVE_S1.);
#89 = LINE('',#90,#91);
#90 = CARTESIAN_POINT('',(-12.9,3.080573050122E-02,59.782971010998));
#91 = VECTOR('',#92,1.);
#92 = DIRECTION('',(-0.,0.894427191,-0.4472135955));
#93 = PCURVE('',#32,#94);
#94 = DEFINITIONAL_REPRESENTATION('',(#95),#99);
#95 = LINE('',#96,#97);
#96 = CARTESIAN_POINT('',(-22.,1.217031169979E-15));
#97 = VECTOR('',#98,1.);
#98 = DIRECTION('',(8.739870707369E-19,-1.));
#99 = ( GEOMETRIC_REPRESENTATION_CONTEXT(2) 
PARAMETRIC_REPRESENTATION_CONTEXT() REPRESENTATION_CONTEXT('2D SPACE',''
  ) );
#100 = PCURVE('',#101,#106);
#101 = PLANE('',#102);
#102 = AXIS2_PLACEMENT_3D('',#103,#104,#105);
#103 = CARTESIAN_POINT('',(-12.9,3.080573050122E-02,59.782971010998));
#104 = DIRECTION('',(0.,0.4472135955,0.894427191));
#105 = DIRECTION('',(1.,0.,0.));
#106 = DEFINITIONAL_REPRESENTATION('',(#107),#111);
#107 = LINE('',#108,#109);
#108 = CARTESIAN_POINT('',(0.,-0.));
#109 = VECTOR('',#110,1.);
#110 = DIRECTION('',(-0.,1.));
#111 = ( GEOMETRIC_REPRESENTATION_CONTEXT(2) 
PARAMETRIC_REPRESENTATION_CONTEXT() REPRESENTATION_CONTEXT('2D SPACE',''
  ) );
#112 = ORIENTED_EDGE('',*,*,#113,.F.);
#113 = EDGE_CURVE('',#114,#86,#116,.T.);
#114 = VERTEX_POINT('',#115);
#115 = CARTESIAN_POINT('',(-12.9,32.417826733965,43.460239050282));
#116 = SURFACE_CURVE('',#117,(#122,#133),.PCURVE_S1.);
#117 = CIRCLE('',#118,3.3);
#118 = AXIS2_PLACEMENT_3D('',#119,#120,#121);
#119 = CARTESIAN_POINT('',(-12.9,33.893631599115,46.411848780581));
#120 = DIRECTION('',(1.,0.,-1.110223024625E-16));
#121 = DIRECTION('',(-1.110223024625E-16,-0.,-1.));
#122 = PCURVE('',#32,#123);
#123 = DEFINITIONAL_REPRESENTATION('',(#124),#132);
#124 = ( BOUNDED_CURVE() B_SPLINE_CURVE(2,(#125,#126,#127,#128,#129,#130
,#131),.UNSPECIFIED.,.T.,.F.) B_SPLINE_CURVE_WITH_KNOTS((1,2,2,2,2,1),(
    -2.094395102393,0.,2.094395102393,4.188790204786,6.28318530718,
8.377580409573),.UNSPECIFIED.) CURVE() GEOMETRIC_REPRESENTATION_ITEM() 
RATIONAL_B_SPLINE_CURVE((1.,0.5,1.,0.5,1.,0.5,1.)) REPRESENTATION_ITEM(
  '') );
#125 = CARTESIAN_POINT('',(-22.23281108312,-37.74338473466));
#126 = CARTESIAN_POINT('',(-24.78898009162,-42.85572275166));
#127 = CARTESIAN_POINT('',(-27.93831018282,-38.08584644543));
#128 = CARTESIAN_POINT('',(-31.08764027402,-33.31597013921));
#129 = CARTESIAN_POINT('',(-25.38214117432,-32.97350842844));
#130 = CARTESIAN_POINT('',(-19.67664207462,-32.63104671767));
#131 = CARTESIAN_POINT('',(-22.23281108312,-37.74338473466));
#132 = ( GEOMETRIC_REPRESENTATION_CONTEXT(2) 
PARAMETRIC_REPRESENTATION_CONTEXT() REPRESENTATION_CONTEXT('2D SPACE',''
  ) );
#133 = PCURVE('',#134,#139);
#134 = CYLINDRICAL_SURFACE('',#135,3.3);
#135 = AXIS2_PLACEMENT_3D('',#136,#137,#138);
#136 = CARTESIAN_POINT('',(3.,33.893631599115,46.411848780581));
#137 = DIRECTION('',(-1.,-0.,1.110223024625E-16));
#138 = DIRECTION('',(-1.110223024625E-16,-0.,-1.));
#139 = DEFINITIONAL_REPRESENTATION('',(#140),#144);
#140 = LINE('',#141,#142);
#141 = CARTESIAN_POINT('',(-8.881784197001E-16,15.9));
#142 = VECTOR('',#143,1.);
#143 = DIRECTION('',(-1.,0.));
#144 = ( GEOMETRIC_REPRESENTATION_CONTEXT(2) 
PARAMETRIC_REPRESENTATION_CONTEXT() REPRESENTATION_CONTEXT('2D SPACE',''
  ) );
#145 = ORIENTED_EDGE('',*,*,#146,.T.);
#146 = EDGE_CURVE('',#114,#147,#149,.T.);
#147 = VERTEX_POINT('',#148);
#148 = CARTESIAN_POINT('',(-12.9,2.417826733965,58.460239050282));
#149 = SURFACE_CURVE('',#150,(#154,#161),.PCURVE_S1.);
#150 = LINE('',#151,#152);
#151 = CARTESIAN_POINT('',(-12.9,1.198471940436,59.069916447046));
#152 = VECTOR('',#153,1.);
#153 = DIRECTION('',(-0.,-0.894427191,0.4472135955));
#154 = PCURVE('',#32,#155);
#155 = DEFINITIONAL_REPRESENTATION('',(#156),#160);
#156 = LINE('',#157,#158);
#157 = CARTESIAN_POINT('',(-21.88442081342,-1.36328010351));
#158 = VECTOR('',#159,1.);
#159 = DIRECTION('',(-8.739870707369E-19,1.));
#160 = ( GEOMETRIC_REPRESENTATION_CONTEXT(2) 
PARAMETRIC_REPRESENTATION_CONTEXT() REPRESENTATION_CONTEXT('2D SPACE',''
  ) );
#161 = PCURVE('',#162,#167);
#162 = PLANE('',#163);
#163 = AXIS2_PLACEMENT_3D('',#164,#165,#166);
#164 = CARTESIAN_POINT('',(3.,2.417826733965,58.460239050282));
#165 = DIRECTION('',(0.,0.4472135955,0.894427191));
#166 = DIRECTION('',(1.,0.,0.));
#167 = DEFINITIONAL_REPRESENTATION('',(#168),#172);
#168 = LINE('',#169,#170);
#169 = CARTESIAN_POINT('',(-15.9,-1.36328010351));
#170 = VECTOR('',#171,1.);
#171 = DIRECTION('',(-0.,-1.));
#172 = ( GEOMETRIC_REPRESENTATION_CONTEXT(2) 
PARAMETRIC_REPRESENTATION_CONTEXT() REPRESENTATION_CONTEXT('2D SPACE',''
  ) );
#173 = ORIENTED_EDGE('',*,*,#174,.F.);
#174 = EDGE_CURVE('',#175,#147,#177,.T.);
#175 = VERTEX_POINT('',#176);
#176 = CARTESIAN_POINT('',(-12.9,1.695195444102,58.950776154198));
#177 = SURFACE_CURVE('',#178,(#183,#194),.PCURVE_S1.);
#178 = CIRCLE('',#179,3.3);
#179 = AXIS2_PLACEMENT_3D('',#180,#181,#182);
#180 = CARTESIAN_POINT('',(-12.9,3.893631599115,61.411848780581));
#181 = DIRECTION('',(1.,0.,-1.110223024625E-16));
#182 = DIRECTION('',(-1.110223024625E-16,-0.,-1.));
#183 = PCURVE('',#32,#184);
#184 = DEFINITIONAL_REPRESENTATION('',(#185),#193);
#185 = ( BOUNDED_CURVE() B_SPLINE_CURVE(2,(#186,#187,#188,#189,#190,#191
,#192),.UNSPECIFIED.,.T.,.F.) B_SPLINE_CURVE_WITH_KNOTS((1,2,2,2,2,1),(
    -2.094395102393,0.,2.094395102393,4.188790204786,6.28318530718,
8.377580409573),.UNSPECIFIED.) CURVE() GEOMETRIC_REPRESENTATION_ITEM() 
RATIONAL_B_SPLINE_CURVE((1.,0.5,1.,0.5,1.,0.5,1.)) REPRESENTATION_ITEM(
  '') );
#186 = CARTESIAN_POINT('',(-22.23281108312,-4.20236507217));
#187 = CARTESIAN_POINT('',(-24.78898009162,-9.314703089164));
#188 = CARTESIAN_POINT('',(-27.93831018282,-4.544826782943));
#189 = CARTESIAN_POINT('',(-31.08764027402,0.225049523279));
#190 = CARTESIAN_POINT('',(-25.38214117432,0.567511234051));
#191 = CARTESIAN_POINT('',(-19.67664207462,0.909972944823));
#192 = CARTESIAN_POINT('',(-22.23281108312,-4.20236507217));
#193 = ( GEOMETRIC_REPRESENTATION_CONTEXT(2) 
PARAMETRIC_REPRESENTATION_CONTEXT() REPRESENTATION_CONTEXT('2D SPACE',''
  ) );
#194 = PCURVE('',#195,#200);
#195 = CYLINDRICAL_SURFACE('',#196,3.3);
#196 = AXIS2_PLACEMENT_3D('',#197,#198,#199);
#197 = CARTESIAN_POINT('',(3.,3.893631599115,61.411848780581));
#198 = DIRECTION('',(-1.,-0.,1.110223024625E-16));
#199 = DIRECTION('',(-1.110223024625E-16,0.,-1.));
#200 = DEFINITIONAL_REPRESENTATION('',(#201),#205);
#201 = LINE('',#202,#203);
#202 = CARTESIAN_POINT('',(-0.,15.9));
#203 = VECTOR('',#204,1.);
#204 = DIRECTION('',(-1.,0.));
#205 = ( GEOMETRIC_REPRESENTATION_CONTEXT(2) 
PARAMETRIC_REPRESENTATION_CONTEXT() REPRESENTATION_CONTEXT('2D SPACE',''
  ) );
#206 = ORIENTED_EDGE('',*,*,#207,.F.);
#207 = EDGE_CURVE('',#208,#175,#210,.T.);
#208 = VERTEX_POINT('',#209);
#209 = CARTESIAN_POINT('',(-12.9,3.080573050122E-02,59.782971010998));
#210 = SURFACE_CURVE('',#211,(#215,#222),.PCURVE_S1.);
#211 = LINE('',#212,#213);
#212 = CARTESIAN_POINT('',(-12.9,3.080573050122E-02,59.782971010998));
#213 = VECTOR('',#214,1.);
#214 = DIRECTION('',(-0.,0.894427191,-0.4472135955));
#215 = PCURVE('',#32,#216);
#216 = DEFINITIONAL_REPRESENTATION('',(#217),#221);
#217 = LINE('',#218,#219);
#218 = CARTESIAN_POINT('',(-22.,1.217031169979E-15));
#219 = VECTOR('',#220,1.);
#220 = DIRECTION('',(8.739870707369E-19,-1.));
#221 = ( GEOMETRIC_REPRESENTATION_CONTEXT(2) 
PARAMETRIC_REPRESENTATION_CONTEXT() REPRESENTATION_CONTEXT('2D SPACE',''
  ) );
#222 = PCURVE('',#101,#223);
#223 = DEFINITIONAL_REPRESENTATION('',(#224),#228);
#224 = LINE('',#225,#226);
#225 = CARTESIAN_POINT('',(0.,-0.));
#226 = VECTOR('',#227,1.);
#227 = DIRECTION('',(-0.,1.));
#228 = ( GEOMETRIC_REPRESENTATION_CONTEXT(2) 
PARAMETRIC_REPRESENTATION_CONTEXT() REPRESENTATION_CONTEXT('2D SPACE',''
  ) );
#229 = ORIENTED_EDGE('',*,*,#230,.T.);
#230 = EDGE_CURVE('',#208,#231,#233,.T.);
#231 = VERTEX_POINT('',#232);
#232 = CARTESIAN_POINT('',(-12.9,-9.342627443665,60.002161304568));
#233 = SURFACE_CURVE('',#234,(#239,#250),.PCURVE_S1.);
#234 = CIRCLE('',#235,11.);
#235 = AXIS2_PLACEMENT_3D('',#236,#237,#238);
#236 = CARTESIAN_POINT('',(-12.9,-4.888543819998,49.944271909999));
#237 = DIRECTION('',(1.,0.,-1.110223024625E-16));
#238 = DIRECTION('',(-1.110223024625E-16,0.,-1.));
#239 = PCURVE('',#32,#240);
#240 = DEFINITIONAL_REPRESENTATION('',(#241),#249);
#241 = ( BOUNDED_CURVE() B_SPLINE_CURVE(2,(#242,#243,#244,#245,#246,#247
,#248),.UNSPECIFIED.,.T.,.F.) B_SPLINE_CURVE_WITH_KNOTS((1,2,2,2,2,1),(
    -2.094395102393,0.,2.094395102393,4.188790204786,6.28318530718,
8.377580409573),.UNSPECIFIED.) CURVE() GEOMETRIC_REPRESENTATION_ITEM() 
RATIONAL_B_SPLINE_CURVE((1.,0.5,1.,0.5,1.,0.5,1.)) REPRESENTATION_ITEM(
  '') );
#242 = CARTESIAN_POINT('',(-1.161300899001,-4.9193495505));
#243 = CARTESIAN_POINT('',(-9.681864260657,-21.96047627381));
#244 = CARTESIAN_POINT('',(-20.17963123132,-6.060888586407));
#245 = CARTESIAN_POINT('',(-30.67739820199,9.838699100999));
#246 = CARTESIAN_POINT('',(-11.65906786967,10.980238136906));
#247 = CARTESIAN_POINT('',(7.359262462655,12.121777172813));
#248 = CARTESIAN_POINT('',(-1.161300899001,-4.9193495505));
#249 = ( GEOMETRIC_REPRESENTATION_CONTEXT(2) 
PARAMETRIC_REPRESENTATION_CONTEXT() REPRESENTATION_CONTEXT('2D SPACE',''
  ) );
#250 = PCURVE('',#251,#256);
#251 = CYLINDRICAL_SURFACE('',#252,11.);
#252 = AXIS2_PLACEMENT_3D('',#253,#254,#255);
#253 = CARTESIAN_POINT('',(-12.9,-4.888543819998,49.944271909999));
#254 = DIRECTION('',(-1.,-0.,1.110223024625E-16));
#255 = DIRECTION('',(-1.110223024625E-16,0.,-1.));
#256 = DEFINITIONAL_REPRESENTATION('',(#257),#261);
#257 = LINE('',#258,#259);
#258 = CARTESIAN_POINT('',(-0.,0.));
#259 = VECTOR('',#260,1.);
#260 = DIRECTION('',(-1.,0.));
#261 = ( GEOMETRIC_REPRESENTATION_CONTEXT(2) 
PARAMETRIC_REPRESENTATION_CONTEXT() REPRESENTATION_CONTEXT('2D SPACE',''
  ) );
#262 = ORIENTED_EDGE('',*,*,#263,.F.);
#263 = EDGE_CURVE('',#264,#231,#266,.T.);
#264 = VERTEX_POINT('',#265);
#265 = CARTESIAN_POINT('',(-12.9,17.582173266035,46.539760949718));
#266 = SURFACE_CURVE('',#267,(#271,#278),.PCURVE_S1.);
#267 = LINE('',#268,#269);
#268 = CARTESIAN_POINT('',(-12.9,-7.087015760434,58.874355462953));
#269 = VECTOR('',#270,1.);
#270 = DIRECTION('',(-0.,-0.894427191,0.4472135955));
#271 = PCURVE('',#32,#272);
#272 = DEFINITIONAL_REPRESENTATION('',(#273),#277);
#273 = LINE('',#274,#275);
#274 = CARTESIAN_POINT('',(-18.00412300657,5.960027856008));
#275 = VECTOR('',#276,1.);
#276 = DIRECTION('',(4.877669599421E-17,1.));
#277 = ( GEOMETRIC_REPRESENTATION_CONTEXT(2) 
PARAMETRIC_REPRESENTATION_CONTEXT() REPRESENTATION_CONTEXT('2D SPACE',''
  ) );
#278 = PCURVE('',#279,#284);
#279 = PLANE('',#280);
#280 = AXIS2_PLACEMENT_3D('',#281,#282,#283);
#281 = CARTESIAN_POINT('',(3.,-12.41782673396,61.539760949718));
#282 = DIRECTION('',(0.,0.4472135955,0.894427191));
#283 = DIRECTION('',(1.,0.,0.));
#284 = DEFINITIONAL_REPRESENTATION('',(#285),#289);
#285 = LINE('',#286,#287);
#286 = CARTESIAN_POINT('',(-15.9,5.960027856008));
#287 = VECTOR('',#288,1.);
#288 = DIRECTION('',(-0.,-1.));
#289 = ( GEOMETRIC_REPRESENTATION_CONTEXT(2) 
PARAMETRIC_REPRESENTATION_CONTEXT() REPRESENTATION_CONTEXT('2D SPACE',''
  ) );
#290 = ORIENTED_EDGE('',*,*,#291,.F.);
#291 = EDGE_CURVE('',#292,#264,#294,.T.);
#292 = VERTEX_POINT('',#293);
#293 = CARTESIAN_POINT('',(-12.9,19.089678882616,44.998774687816));
#294 = SURFACE_CURVE('',#295,(#300,#311),.PCURVE_S1.);
#295 = CIRCLE('',#296,3.3);
#296 = AXIS2_PLACEMENT_3D('',#297,#298,#299);
#297 = CARTESIAN_POINT('',(-12.9,16.106368400885,43.588151219419));
#298 = DIRECTION('',(1.,0.,-1.110223024625E-16));
#299 = DIRECTION('',(-1.110223024625E-16,-0.,-1.));
#300 = PCURVE('',#32,#301);
#301 = DEFINITIONAL_REPRESENTATION('',(#302),#310);
#302 = ( BOUNDED_CURVE() B_SPLINE_CURVE(2,(#303,#304,#305,#306,#307,#308
,#309),.UNSPECIFIED.,.T.,.F.) B_SPLINE_CURVE_WITH_KNOTS((1,2,2,2,2,1),(
    -2.094395102393,0.,2.094395102393,4.188790204786,6.28318530718,
8.377580409573),.UNSPECIFIED.) CURVE() GEOMETRIC_REPRESENTATION_ITEM() 
RATIONAL_B_SPLINE_CURVE((1.,0.5,1.,0.5,1.,0.5,1.)) REPRESENTATION_ITEM(
  '') );
#303 = CARTESIAN_POINT('',(-11.75251327627,-23.09676881563));
#304 = CARTESIAN_POINT('',(-14.30868228477,-28.20910683262));
#305 = CARTESIAN_POINT('',(-17.45801237597,-23.4392305264));
#306 = CARTESIAN_POINT('',(-20.60734246717,-18.66935422018));
#307 = CARTESIAN_POINT('',(-14.90184336747,-18.3268925094));
#308 = CARTESIAN_POINT('',(-9.196344267778,-17.98443079863));
#309 = CARTESIAN_POINT('',(-11.75251327627,-23.09676881563));
#310 = ( GEOMETRIC_REPRESENTATION_CONTEXT(2) 
PARAMETRIC_REPRESENTATION_CONTEXT() REPRESENTATION_CONTEXT('2D SPACE',''
  ) );
#311 = PCURVE('',#312,#317);
#312 = CYLINDRICAL_SURFACE('',#313,3.3);
#313 = AXIS2_PLACEMENT_3D('',#314,#315,#316);
#314 = CARTESIAN_POINT('',(3.,16.106368400885,43.588151219419));
#315 = DIRECTION('',(-1.,-0.,1.110223024625E-16));
#316 = DIRECTION('',(-1.110223024625E-16,-0.,-1.));
#317 = DEFINITIONAL_REPRESENTATION('',(#318),#322);
#318 = LINE('',#319,#320);
#319 = CARTESIAN_POINT('',(-0.,15.9));
#320 = VECTOR('',#321,1.);
#321 = DIRECTION('',(-1.,0.));
#322 = ( GEOMETRIC_REPRESENTATION_CONTEXT(2) 
PARAMETRIC_REPRESENTATION_CONTEXT() REPRESENTATION_CONTEXT('2D SPACE',''
  ) );
#323 = ORIENTED_EDGE('',*,*,#324,.F.);
#324 = EDGE_CURVE('',#325,#292,#327,.T.);
#325 = VERTEX_POINT('',#326);
#326 = CARTESIAN_POINT('',(-12.9,62.543234123348,23.27199706745));
#327 = SURFACE_CURVE('',#328,(#332,#339),.PCURVE_S1.);
#328 = LINE('',#329,#330);
#329 = CARTESIAN_POINT('',(-12.9,-1.489720494199,55.288474376224));
#330 = VECTOR('',#331,1.);
#331 = DIRECTION('',(-0.,-0.894427191,0.4472135955));
#332 = PCURVE('',#32,#333);
#333 = DEFINITIONAL_REPRESENTATION('',(#334),#338);
#334 = LINE('',#335,#336);
#335 = CARTESIAN_POINT('',(-17.3,-0.65));
#336 = VECTOR('',#337,1.);
#337 = DIRECTION('',(-1.060358213669E-16,1.));
#338 = ( GEOMETRIC_REPRESENTATION_CONTEXT(2) 
PARAMETRIC_REPRESENTATION_CONTEXT() REPRESENTATION_CONTEXT('2D SPACE',''
  ) );
#339 = PCURVE('',#340,#345);
#340 = PLANE('',#341);
#341 = AXIS2_PLACEMENT_3D('',#342,#343,#344);
#342 = CARTESIAN_POINT('',(-11.9,-0.908342820049,54.997785539149));
#343 = DIRECTION('',(0.,0.4472135955,0.894427191));
#344 = DIRECTION('',(1.,0.,0.));
#345 = DEFINITIONAL_REPRESENTATION('',(#346),#350);
#346 = LINE('',#347,#348);
#347 = CARTESIAN_POINT('',(-1.,-0.65));
#348 = VECTOR('',#349,1.);
#349 = DIRECTION('',(-0.,-1.));
#350 = ( GEOMETRIC_REPRESENTATION_CONTEXT(2) 
PARAMETRIC_REPRESENTATION_CONTEXT() REPRESENTATION_CONTEXT('2D SPACE',''
  ) );
#351 = ORIENTED_EDGE('',*,*,#352,.F.);
#352 = EDGE_CURVE('',#353,#325,#355,.T.);
#353 = VERTEX_POINT('',#354);
#354 = CARTESIAN_POINT('',(-12.9,56.908342820049,12.002214460851));
#355 = SURFACE_CURVE('',#356,(#361,#372),.PCURVE_S1.);
#356 = CIRCLE('',#357,6.3);
#357 = AXIS2_PLACEMENT_3D('',#358,#359,#360);
#358 = CARTESIAN_POINT('',(-12.9,59.725788471698,17.637105764151));
#359 = DIRECTION('',(1.,0.,-1.110223024625E-16));
#360 = DIRECTION('',(-1.110223024625E-16,-0.,-1.));
#361 = PCURVE('',#32,#362);
#362 = DEFINITIONAL_REPRESENTATION('',(#363),#371);
#363 = ( BOUNDED_CURVE() B_SPLINE_CURVE(2,(#364,#365,#366,#367,#368,#369
,#370),.UNSPECIFIED.,.T.,.F.) B_SPLINE_CURVE_WITH_KNOTS((1,2,2,2,2,1),(
    -2.094395102393,0.,2.094395102393,4.188790204786,6.28318530718,
8.377580409573),.UNSPECIFIED.) CURVE() GEOMETRIC_REPRESENTATION_ITEM() 
RATIONAL_B_SPLINE_CURVE((1.,0.5,1.,0.5,1.,0.5,1.)) REPRESENTATION_ITEM(
  '') );
#364 = CARTESIAN_POINT('',(-5.365108696701,-75.05846531414));
#365 = CARTESIAN_POINT('',(-10.24506771292,-84.81838334658));
#366 = CARTESIAN_POINT('',(-16.25742515976,-75.71225585289));
#367 = CARTESIAN_POINT('',(-22.26978260659,-66.60612835919));
#368 = CARTESIAN_POINT('',(-11.37746614353,-65.95233782045));
#369 = CARTESIAN_POINT('',(-0.485149680479,-65.2985472817));
#370 = CARTESIAN_POINT('',(-5.365108696701,-75.05846531414));
#371 = ( GEOMETRIC_REPRESENTATION_CONTEXT(2) 
PARAMETRIC_REPRESENTATION_CONTEXT() REPRESENTATION_CONTEXT('2D SPACE',''
  ) );
#372 = PCURVE('',#373,#378);
#373 = CYLINDRICAL_SURFACE('',#374,6.3);
#374 = AXIS2_PLACEMENT_3D('',#375,#376,#377);
#375 = CARTESIAN_POINT('',(-11.9,59.725788471698,17.637105764151));
#376 = DIRECTION('',(-1.,-0.,1.110223024625E-16));
#377 = DIRECTION('',(-1.110223024625E-16,-0.,-1.));
#378 = DEFINITIONAL_REPRESENTATION('',(#379),#383);
#379 = LINE('',#380,#381);
#380 = CARTESIAN_POINT('',(-0.,1.));
#381 = VECTOR('',#382,1.);
#382 = DIRECTION('',(-1.,0.));
#383 = ( GEOMETRIC_REPRESENTATION_CONTEXT(2) 
PARAMETRIC_REPRESENTATION_CONTEXT() REPRESENTATION_CONTEXT('2D SPACE',''
  ) );
#384 = ORIENTED_EDGE('',*,*,#385,.T.);
#385 = EDGE_CURVE('',#353,#386,#388,.T.);
#386 = VERTEX_POINT('',#387);
#387 = CARTESIAN_POINT('',(-12.9,-6.543234123348,43.72800293255));
#388 = SURFACE_CURVE('',#389,(#393,#400),.PCURVE_S1.);
#389 = LINE('',#390,#391);
#390 = CARTESIAN_POINT('',(-12.9,-7.124611797498,44.018691769625));
#391 = VECTOR('',#392,1.);
#392 = DIRECTION('',(-0.,-0.894427191,0.4472135955));
#393 = PCURVE('',#32,#394);
#394 = DEFINITIONAL_REPRESENTATION('',(#395),#399);
#395 = LINE('',#396,#397);
#396 = CARTESIAN_POINT('',(-4.7,-0.65));
#397 = VECTOR('',#398,1.);
#398 = DIRECTION('',(-1.060358213669E-16,1.));
#399 = ( GEOMETRIC_REPRESENTATION_CONTEXT(2) 
PARAMETRIC_REPRESENTATION_CONTEXT() REPRESENTATION_CONTEXT('2D SPACE',''
  ) );
#400 = PCURVE('',#401,#406);
#401 = PLANE('',#402);
#402 = AXIS2_PLACEMENT_3D('',#403,#404,#405);
#403 = CARTESIAN_POINT('',(-11.9,-6.543234123348,43.72800293255));
#404 = DIRECTION('',(0.,0.4472135955,0.894427191));
#405 = DIRECTION('',(1.,0.,0.));
#406 = DEFINITIONAL_REPRESENTATION('',(#407),#411);
#407 = LINE('',#408,#409);
#408 = CARTESIAN_POINT('',(-1.,-0.65));
#409 = VECTOR('',#410,1.);
#410 = DIRECTION('',(-0.,-1.));
#411 = ( GEOMETRIC_REPRESENTATION_CONTEXT(2) 
PARAMETRIC_REPRESENTATION_CONTEXT() REPRESENTATION_CONTEXT('2D SPACE',''
  ) );
#412 = ORIENTED_EDGE('',*,*,#413,.F.);
#413 = EDGE_CURVE('',#414,#386,#416,.T.);
#414 = VERTEX_POINT('',#415);
#415 = CARTESIAN_POINT('',(-12.9,-9.168345367955,52.535995940964));
#416 = SURFACE_CURVE('',#417,(#422,#433),.PCURVE_S1.);
#417 = CIRCLE('',#418,6.3);
#418 = AXIS2_PLACEMENT_3D('',#419,#420,#421);
#419 = CARTESIAN_POINT('',(-12.9,-3.725788471698,49.362894235849));
#420 = DIRECTION('',(1.,0.,-1.110223024625E-16));
#421 = DIRECTION('',(-1.110223024625E-16,-0.,-1.));
#422 = PCURVE('',#32,#423);
#423 = DEFINITIONAL_REPRESENTATION('',(#424),#432);
#424 = ( BOUNDED_CURVE() B_SPLINE_CURVE(2,(#425,#426,#427,#428,#429,#430
,#431),.UNSPECIFIED.,.T.,.F.) B_SPLINE_CURVE_WITH_KNOTS((1,2,2,2,2,1),(
    -2.094395102393,0.,2.094395102393,4.188790204786,6.28318530718,
8.377580409573),.UNSPECIFIED.) CURVE() GEOMETRIC_REPRESENTATION_ITEM() 
RATIONAL_B_SPLINE_CURVE((1.,0.5,1.,0.5,1.,0.5,1.)) REPRESENTATION_ITEM(
  '') );
#425 = CARTESIAN_POINT('',(-5.365108696701,-4.11744565165));
#426 = CARTESIAN_POINT('',(-10.24506771292,-13.87736368409));
#427 = CARTESIAN_POINT('',(-16.25742515976,-4.771236190396));
#428 = CARTESIAN_POINT('',(-22.26978260659,4.334891303299));
#429 = CARTESIAN_POINT('',(-11.37746614353,4.988681842046));
#430 = CARTESIAN_POINT('',(-0.485149680479,5.642472380793));
#431 = CARTESIAN_POINT('',(-5.365108696701,-4.11744565165));
#432 = ( GEOMETRIC_REPRESENTATION_CONTEXT(2) 
PARAMETRIC_REPRESENTATION_CONTEXT() REPRESENTATION_CONTEXT('2D SPACE',''
  ) );
#433 = PCURVE('',#434,#439);
#434 = CYLINDRICAL_SURFACE('',#435,6.3);
#435 = AXIS2_PLACEMENT_3D('',#436,#437,#438);
#436 = CARTESIAN_POINT('',(-11.9,-3.725788471698,49.362894235849));
#437 = DIRECTION('',(-1.,-0.,1.110223024625E-16));
#438 = DIRECTION('',(-1.110223024625E-16,0.,-1.));
#439 = DEFINITIONAL_REPRESENTATION('',(#440),#444);
#440 = LINE('',#441,#442);
#441 = CARTESIAN_POINT('',(-8.881784197001E-16,1.));
#442 = VECTOR('',#443,1.);
#443 = DIRECTION('',(-1.,0.));
#444 = ( GEOMETRIC_REPRESENTATION_CONTEXT(2) 
PARAMETRIC_REPRESENTATION_CONTEXT() REPRESENTATION_CONTEXT('2D SPACE',''
  ) );
#445 = ORIENTED_EDGE('',*,*,#446,.T.);
#446 = EDGE_CURVE('',#414,#447,#449,.T.);
#447 = VERTEX_POINT('',#448);
#448 = CARTESIAN_POINT('',(-12.9,-14.53987166087,55.221759087425));
#449 = SURFACE_CURVE('',#450,(#454,#461),.PCURVE_S1.);
#450 = LINE('',#451,#452);
#451 = CARTESIAN_POINT('',(-12.9,-10.03862549073,52.971136002354));
#452 = VECTOR('',#453,1.);
#453 = DIRECTION('',(-0.,-0.894427191,0.4472135955));
#454 = PCURVE('',#32,#455);
#455 = DEFINITIONAL_REPRESENTATION('',(#456),#460);
#456 = LINE('',#457,#458);
#457 = CARTESIAN_POINT('',(-11.40412300657,5.960027856008));
#458 = VECTOR('',#459,1.);
#459 = DIRECTION('',(4.877669599421E-17,1.));
#460 = ( GEOMETRIC_REPRESENTATION_CONTEXT(2) 
PARAMETRIC_REPRESENTATION_CONTEXT() REPRESENTATION_CONTEXT('2D SPACE',''
  ) );
#461 = PCURVE('',#462,#467);
#462 = PLANE('',#463);
#463 = AXIS2_PLACEMENT_3D('',#464,#465,#466);
#464 = CARTESIAN_POINT('',(3.,-15.36943646426,55.636541489119));
#465 = DIRECTION('',(0.,0.4472135955,0.894427191));
#466 = DIRECTION('',(1.,0.,0.));
#467 = DEFINITIONAL_REPRESENTATION('',(#468),#472);
#468 = LINE('',#469,#470);
#469 = CARTESIAN_POINT('',(-15.9,5.960027856008));
#470 = VECTOR('',#471,1.);
#471 = DIRECTION('',(-0.,-1.));
#472 = ( GEOMETRIC_REPRESENTATION_CONTEXT(2) 
PARAMETRIC_REPRESENTATION_CONTEXT() REPRESENTATION_CONTEXT('2D SPACE',''
  ) );
#473 = ORIENTED_EDGE('',*,*,#474,.T.);
#474 = EDGE_CURVE('',#447,#22,#475,.T.);
#475 = SURFACE_CURVE('',#476,(#481,#492),.PCURVE_S1.);
#476 = CIRCLE('',#477,11.);
#477 = AXIS2_PLACEMENT_3D('',#478,#479,#480);
#478 = CARTESIAN_POINT('',(-12.9,-4.888543819998,49.944271909999));
#479 = DIRECTION('',(1.,0.,-1.110223024625E-16));
#480 = DIRECTION('',(-1.110223024625E-16,0.,-1.));
#481 = PCURVE('',#32,#482);
#482 = DEFINITIONAL_REPRESENTATION('',(#483),#491);
#483 = ( BOUNDED_CURVE() B_SPLINE_CURVE(2,(#484,#485,#486,#487,#488,#489
,#490),.UNSPECIFIED.,.T.,.F.) B_SPLINE_CURVE_WITH_KNOTS((1,2,2,2,2,1),(
    -2.094395102393,0.,2.094395102393,4.188790204786,6.28318530718,
8.377580409573),.UNSPECIFIED.) CURVE() GEOMETRIC_REPRESENTATION_ITEM() 
RATIONAL_B_SPLINE_CURVE((1.,0.5,1.,0.5,1.,0.5,1.)) REPRESENTATION_ITEM(
  '') );
#484 = CARTESIAN_POINT('',(-1.161300899001,-4.9193495505));
#485 = CARTESIAN_POINT('',(-9.681864260657,-21.96047627381));
#486 = CARTESIAN_POINT('',(-20.17963123132,-6.060888586407));
#487 = CARTESIAN_POINT('',(-30.67739820199,9.838699100999));
#488 = CARTESIAN_POINT('',(-11.65906786967,10.980238136906));
#489 = CARTESIAN_POINT('',(7.359262462655,12.121777172813));
#490 = CARTESIAN_POINT('',(-1.161300899001,-4.9193495505));
#491 = ( GEOMETRIC_REPRESENTATION_CONTEXT(2) 
PARAMETRIC_REPRESENTATION_CONTEXT() REPRESENTATION_CONTEXT('2D SPACE',''
  ) );
#492 = PCURVE('',#251,#493);
#493 = DEFINITIONAL_REPRESENTATION('',(#494),#498);
#494 = LINE('',#495,#496);
#495 = CARTESIAN_POINT('',(-0.,0.));
#496 = VECTOR('',#497,1.);
#497 = DIRECTION('',(-1.,0.));
#498 = ( GEOMETRIC_REPRESENTATION_CONTEXT(2) 
PARAMETRIC_REPRESENTATION_CONTEXT() REPRESENTATION_CONTEXT('2D SPACE',''
  ) );
#499 = ADVANCED_FACE('',(#500),#44,.F.);
#500 = FACE_BOUND('',#501,.T.);
#501 = EDGE_LOOP('',(#502,#503,#526,#554));
#502 = ORIENTED_EDGE('',*,*,#21,.F.);
#503 = ORIENTED_EDGE('',*,*,#504,.T.);
#504 = EDGE_CURVE('',#22,#505,#507,.T.);
#505 = VERTEX_POINT('',#506);
#506 = CARTESIAN_POINT('',(-18.1,-9.807893370498,40.105572809));
#507 = SURFACE_CURVE('',#508,(#512,#519),.PCURVE_S1.);
#508 = LINE('',#509,#510);
#509 = CARTESIAN_POINT('',(-12.9,-9.807893370498,40.105572809));
#510 = VECTOR('',#511,1.);
#511 = DIRECTION('',(-1.,0.,-0.));
#512 = PCURVE('',#44,#513);
#513 = DEFINITIONAL_REPRESENTATION('',(#514),#518);
#514 = LINE('',#515,#516);
#515 = CARTESIAN_POINT('',(0.,-0.));
#516 = VECTOR('',#517,1.);
#517 = DIRECTION('',(-1.,0.));
#518 = ( GEOMETRIC_REPRESENTATION_CONTEXT(2) 
PARAMETRIC_REPRESENTATION_CONTEXT() REPRESENTATION_CONTEXT('2D SPACE',''
  ) );
#519 = PCURVE('',#251,#520);
#520 = DEFINITIONAL_REPRESENTATION('',(#521),#525);
#521 = LINE('',#522,#523);
#522 = CARTESIAN_POINT('',(-5.819537698179,-1.092315027429E-15));
#523 = VECTOR('',#524,1.);
#524 = DIRECTION('',(-0.,1.));
#525 = ( GEOMETRIC_REPRESENTATION_CONTEXT(2) 
PARAMETRIC_REPRESENTATION_CONTEXT() REPRESENTATION_CONTEXT('2D SPACE',''
  ) );
#526 = ORIENTED_EDGE('',*,*,#527,.T.);
#527 = EDGE_CURVE('',#505,#528,#530,.T.);
#528 = VERTEX_POINT('',#529);
#529 = CARTESIAN_POINT('',(-18.1,55.969194269499,7.217028989002));
#530 = SURFACE_CURVE('',#531,(#535,#542),.PCURVE_S1.);
#531 = LINE('',#532,#533);
#532 = CARTESIAN_POINT('',(-18.1,-9.807893370498,40.105572809));
#533 = VECTOR('',#534,1.);
#534 = DIRECTION('',(-0.,0.894427191,-0.4472135955));
#535 = PCURVE('',#44,#536);
#536 = DEFINITIONAL_REPRESENTATION('',(#537),#541);
#537 = LINE('',#538,#539);
#538 = CARTESIAN_POINT('',(-5.2,0.));
#539 = VECTOR('',#540,1.);
#540 = DIRECTION('',(-0.,1.));
#541 = ( GEOMETRIC_REPRESENTATION_CONTEXT(2) 
PARAMETRIC_REPRESENTATION_CONTEXT() REPRESENTATION_CONTEXT('2D SPACE',''
  ) );
#542 = PCURVE('',#543,#548);
#543 = PLANE('',#544);
#544 = AXIS2_PLACEMENT_3D('',#545,#546,#547);
#545 = CARTESIAN_POINT('',(-18.1,-9.807893370498,40.105572809));
#546 = DIRECTION('',(-1.,-0.,-0.));
#547 = DIRECTION('',(0.,-0.4472135955,-0.894427191));
#548 = DEFINITIONAL_REPRESENTATION('',(#549),#553);
#549 = LINE('',#550,#551);
#550 = CARTESIAN_POINT('',(-0.,0.));
#551 = VECTOR('',#552,1.);
#552 = DIRECTION('',(8.739870707369E-19,-1.));
#553 = ( GEOMETRIC_REPRESENTATION_CONTEXT(2) 
PARAMETRIC_REPRESENTATION_CONTEXT() REPRESENTATION_CONTEXT('2D SPACE',''
  ) );
#554 = ORIENTED_EDGE('',*,*,#555,.F.);
#555 = EDGE_CURVE('',#24,#528,#556,.T.);
#556 = SURFACE_CURVE('',#557,(#561,#568),.PCURVE_S1.);
#557 = LINE('',#558,#559);
#558 = CARTESIAN_POINT('',(-12.9,55.969194269499,7.217028989002));
#559 = VECTOR('',#560,1.);
#560 = DIRECTION('',(-1.,0.,-0.));
#561 = PCURVE('',#44,#562);
#562 = DEFINITIONAL_REPRESENTATION('',(#563),#567);
#563 = LINE('',#564,#565);
#564 = CARTESIAN_POINT('',(-0.,73.541019662497));
#565 = VECTOR('',#566,1.);
#566 = DIRECTION('',(-1.,0.));
#567 = ( GEOMETRIC_REPRESENTATION_CONTEXT(2) 
PARAMETRIC_REPRESENTATION_CONTEXT() REPRESENTATION_CONTEXT('2D SPACE',''
  ) );
#568 = PCURVE('',#73,#569);
#569 = DEFINITIONAL_REPRESENTATION('',(#570),#574);
#570 = LINE('',#571,#572);
#571 = CARTESIAN_POINT('',(-5.819537698179,-1.092315027429E-15));
#572 = VECTOR('',#573,1.);
#573 = DIRECTION('',(-0.,1.));
#574 = ( GEOMETRIC_REPRESENTATION_CONTEXT(2) 
PARAMETRIC_REPRESENTATION_CONTEXT() REPRESENTATION_CONTEXT('2D SPACE',''
  ) );
#575 = ADVANCED_FACE('',(#576),#251,.T.);
#576 = FACE_BOUND('',#577,.F.);
#577 = EDGE_LOOP('',(#578,#608,#629,#630,#653,#686,#707,#708,#709,#737,
    #765,#798));
#578 = ORIENTED_EDGE('',*,*,#579,.F.);
#579 = EDGE_CURVE('',#580,#582,#584,.T.);
#580 = VERTEX_POINT('',#581);
#581 = CARTESIAN_POINT('',(-18.1,3.080573050122E-02,59.782971010998));
#582 = VERTEX_POINT('',#583);
#583 = CARTESIAN_POINT('',(-18.1,-1.229964445257,60.318027110442));
#584 = SURFACE_CURVE('',#585,(#590,#597),.PCURVE_S1.);
#585 = CIRCLE('',#586,11.);
#586 = AXIS2_PLACEMENT_3D('',#587,#588,#589);
#587 = CARTESIAN_POINT('',(-18.1,-4.888543819998,49.944271909999));
#588 = DIRECTION('',(1.,0.,-1.110223024625E-16));
#589 = DIRECTION('',(-1.110223024625E-16,0.,-1.));
#590 = PCURVE('',#251,#591);
#591 = DEFINITIONAL_REPRESENTATION('',(#592),#596);
#592 = LINE('',#593,#594);
#593 = CARTESIAN_POINT('',(-0.,5.2));
#594 = VECTOR('',#595,1.);
#595 = DIRECTION('',(-1.,0.));
#596 = ( GEOMETRIC_REPRESENTATION_CONTEXT(2) 
PARAMETRIC_REPRESENTATION_CONTEXT() REPRESENTATION_CONTEXT('2D SPACE',''
  ) );
#597 = PCURVE('',#543,#598);
#598 = DEFINITIONAL_REPRESENTATION('',(#599),#607);
#599 = ( BOUNDED_CURVE() B_SPLINE_CURVE(2,(#600,#601,#602,#603,#604,#605
,#606),.UNSPECIFIED.,.T.,.F.) B_SPLINE_CURVE_WITH_KNOTS((1,2,2,2,2,1),(
    -2.094395102393,0.,2.094395102393,4.188790204786,6.28318530718,
8.377580409573),.UNSPECIFIED.) CURVE() GEOMETRIC_REPRESENTATION_ITEM() 
RATIONAL_B_SPLINE_CURVE((1.,0.5,1.,0.5,1.,0.5,1.)) REPRESENTATION_ITEM(
  '') );
#600 = CARTESIAN_POINT('',(-1.161300899001,-4.9193495505));
#601 = CARTESIAN_POINT('',(-9.681864260657,-21.96047627381));
#602 = CARTESIAN_POINT('',(-20.17963123132,-6.060888586407));
#603 = CARTESIAN_POINT('',(-30.67739820199,9.838699100999));
#604 = CARTESIAN_POINT('',(-11.65906786967,10.980238136906));
#605 = CARTESIAN_POINT('',(7.359262462655,12.121777172813));
#606 = CARTESIAN_POINT('',(-1.161300899001,-4.9193495505));
#607 = ( GEOMETRIC_REPRESENTATION_CONTEXT(2) 
PARAMETRIC_REPRESENTATION_CONTEXT() REPRESENTATION_CONTEXT('2D SPACE',''
  ) );
#608 = ORIENTED_EDGE('',*,*,#609,.F.);
#609 = EDGE_CURVE('',#208,#580,#610,.T.);
#610 = SURFACE_CURVE('',#611,(#615,#622),.PCURVE_S1.);
#611 = LINE('',#612,#613);
#612 = CARTESIAN_POINT('',(-12.9,3.080573050122E-02,59.782971010998));
#613 = VECTOR('',#614,1.);
#614 = DIRECTION('',(-1.,0.,-0.));
#615 = PCURVE('',#251,#616);
#616 = DEFINITIONAL_REPRESENTATION('',(#617),#621);
#617 = LINE('',#618,#619);
#618 = CARTESIAN_POINT('',(-2.677945044589,1.092315027429E-15));
#619 = VECTOR('',#620,1.);
#620 = DIRECTION('',(-0.,1.));
#621 = ( GEOMETRIC_REPRESENTATION_CONTEXT(2) 
PARAMETRIC_REPRESENTATION_CONTEXT() REPRESENTATION_CONTEXT('2D SPACE',''
  ) );
#622 = PCURVE('',#101,#623);
#623 = DEFINITIONAL_REPRESENTATION('',(#624),#628);
#624 = LINE('',#625,#626);
#625 = CARTESIAN_POINT('',(0.,-0.));
#626 = VECTOR('',#627,1.);
#627 = DIRECTION('',(-1.,0.));
#628 = ( GEOMETRIC_REPRESENTATION_CONTEXT(2) 
PARAMETRIC_REPRESENTATION_CONTEXT() REPRESENTATION_CONTEXT('2D SPACE',''
  ) );
#629 = ORIENTED_EDGE('',*,*,#230,.T.);
#630 = ORIENTED_EDGE('',*,*,#631,.T.);
#631 = EDGE_CURVE('',#231,#632,#634,.T.);
#632 = VERTEX_POINT('',#633);
#633 = CARTESIAN_POINT('',(-15.,-9.342627443665,60.002161304568));
#634 = SURFACE_CURVE('',#635,(#639,#646),.PCURVE_S1.);
#635 = LINE('',#636,#637);
#636 = CARTESIAN_POINT('',(-12.9,-9.342627443665,60.002161304568));
#637 = VECTOR('',#638,1.);
#638 = DIRECTION('',(-1.,-0.,1.110223024625E-16));
#639 = PCURVE('',#251,#640);
#640 = DEFINITIONAL_REPRESENTATION('',(#641),#645);
#641 = LINE('',#642,#643);
#642 = CARTESIAN_POINT('',(-3.558480372169,1.116650038498E-15));
#643 = VECTOR('',#644,1.);
#644 = DIRECTION('',(-0.,1.));
#645 = ( GEOMETRIC_REPRESENTATION_CONTEXT(2) 
PARAMETRIC_REPRESENTATION_CONTEXT() REPRESENTATION_CONTEXT('2D SPACE',''
  ) );
#646 = PCURVE('',#279,#647);
#647 = DEFINITIONAL_REPRESENTATION('',(#648),#652);
#648 = LINE('',#649,#650);
#649 = CARTESIAN_POINT('',(-15.9,3.438177328735));
#650 = VECTOR('',#651,1.);
#651 = DIRECTION('',(-1.,-4.965068306495E-17));
#652 = ( GEOMETRIC_REPRESENTATION_CONTEXT(2) 
PARAMETRIC_REPRESENTATION_CONTEXT() REPRESENTATION_CONTEXT('2D SPACE',''
  ) );
#653 = ORIENTED_EDGE('',*,*,#654,.T.);
#654 = EDGE_CURVE('',#632,#655,#657,.T.);
#655 = VERTEX_POINT('',#656);
#656 = CARTESIAN_POINT('',(-15.,-14.53987166087,55.221759087425));
#657 = SURFACE_CURVE('',#658,(#663,#670),.PCURVE_S1.);
#658 = CIRCLE('',#659,11.);
#659 = AXIS2_PLACEMENT_3D('',#660,#661,#662);
#660 = CARTESIAN_POINT('',(-15.,-4.888543819998,49.944271909999));
#661 = DIRECTION('',(1.,0.,-1.110223024625E-16));
#662 = DIRECTION('',(-1.110223024625E-16,-0.,-1.));
#663 = PCURVE('',#251,#664);
#664 = DEFINITIONAL_REPRESENTATION('',(#665),#669);
#665 = LINE('',#666,#667);
#666 = CARTESIAN_POINT('',(-0.,2.1));
#667 = VECTOR('',#668,1.);
#668 = DIRECTION('',(-1.,0.));
#669 = ( GEOMETRIC_REPRESENTATION_CONTEXT(2) 
PARAMETRIC_REPRESENTATION_CONTEXT() REPRESENTATION_CONTEXT('2D SPACE',''
  ) );
#670 = PCURVE('',#671,#676);
#671 = PLANE('',#672);
#672 = AXIS2_PLACEMENT_3D('',#673,#674,#675);
#673 = CARTESIAN_POINT('',(-15.,-15.36943646426,55.636541489119));
#674 = DIRECTION('',(-1.,-0.,-0.));
#675 = DIRECTION('',(0.,-0.4472135955,-0.894427191));
#676 = DEFINITIONAL_REPRESENTATION('',(#677),#685);
#677 = ( BOUNDED_CURVE() B_SPLINE_CURVE(2,(#678,#679,#680,#681,#682,#683
,#684),.UNSPECIFIED.,.T.,.F.) B_SPLINE_CURVE_WITH_KNOTS((1,2,2,2,2,1),(
    -2.094395102393,0.,2.094395102393,4.188790204786,6.28318530718,
8.377580409573),.UNSPECIFIED.) CURVE() GEOMETRIC_REPRESENTATION_ITEM() 
RATIONAL_B_SPLINE_CURVE((1.,0.5,1.,0.5,1.,0.5,1.)) REPRESENTATION_ITEM(
  '') );
#678 = CARTESIAN_POINT('',(10.242822107574,-16.83940526251));
#679 = CARTESIAN_POINT('',(1.722258745918,-33.88053198582));
#680 = CARTESIAN_POINT('',(-8.775508224753,-17.98094429842));
#681 = CARTESIAN_POINT('',(-19.27327519542,-2.081356611017));
#682 = CARTESIAN_POINT('',(-0.254944863096,-0.93981757511));
#683 = CARTESIAN_POINT('',(18.76338546923,0.201721460797));
#684 = CARTESIAN_POINT('',(10.242822107574,-16.83940526251));
#685 = ( GEOMETRIC_REPRESENTATION_CONTEXT(2) 
PARAMETRIC_REPRESENTATION_CONTEXT() REPRESENTATION_CONTEXT('2D SPACE',''
  ) );
#686 = ORIENTED_EDGE('',*,*,#687,.F.);
#687 = EDGE_CURVE('',#447,#655,#688,.T.);
#688 = SURFACE_CURVE('',#689,(#693,#700),.PCURVE_S1.);
#689 = LINE('',#690,#691);
#690 = CARTESIAN_POINT('',(-12.9,-14.53987166087,55.221759087425));
#691 = VECTOR('',#692,1.);
#692 = DIRECTION('',(-1.,-0.,1.110223024625E-16));
#693 = PCURVE('',#251,#694);
#694 = DEFINITIONAL_REPRESENTATION('',(#695),#699);
#695 = LINE('',#696,#697);
#696 = CARTESIAN_POINT('',(-4.211994646815,5.859187776542E-16));
#697 = VECTOR('',#698,1.);
#698 = DIRECTION('',(-0.,1.));
#699 = ( GEOMETRIC_REPRESENTATION_CONTEXT(2) 
PARAMETRIC_REPRESENTATION_CONTEXT() REPRESENTATION_CONTEXT('2D SPACE',''
  ) );
#700 = PCURVE('',#462,#701);
#701 = DEFINITIONAL_REPRESENTATION('',(#702),#706);
#702 = LINE('',#703,#704);
#703 = CARTESIAN_POINT('',(-15.9,0.927481646059));
#704 = VECTOR('',#705,1.);
#705 = DIRECTION('',(-1.,-4.965068306495E-17));
#706 = ( GEOMETRIC_REPRESENTATION_CONTEXT(2) 
PARAMETRIC_REPRESENTATION_CONTEXT() REPRESENTATION_CONTEXT('2D SPACE',''
  ) );
#707 = ORIENTED_EDGE('',*,*,#474,.T.);
#708 = ORIENTED_EDGE('',*,*,#504,.T.);
#709 = ORIENTED_EDGE('',*,*,#710,.F.);
#710 = EDGE_CURVE('',#711,#505,#713,.T.);
#711 = VERTEX_POINT('',#712);
#712 = CARTESIAN_POINT('',(-18.1,-14.45577467441,55.372724155193));
#713 = SURFACE_CURVE('',#714,(#719,#726),.PCURVE_S1.);
#714 = CIRCLE('',#715,11.);
#715 = AXIS2_PLACEMENT_3D('',#716,#717,#718);
#716 = CARTESIAN_POINT('',(-18.1,-4.888543819998,49.944271909999));
#717 = DIRECTION('',(1.,0.,-1.110223024625E-16));
#718 = DIRECTION('',(-1.110223024625E-16,0.,-1.));
#719 = PCURVE('',#251,#720);
#720 = DEFINITIONAL_REPRESENTATION('',(#721),#725);
#721 = LINE('',#722,#723);
#722 = CARTESIAN_POINT('',(-0.,5.2));
#723 = VECTOR('',#724,1.);
#724 = DIRECTION('',(-1.,0.));
#725 = ( GEOMETRIC_REPRESENTATION_CONTEXT(2) 
PARAMETRIC_REPRESENTATION_CONTEXT() REPRESENTATION_CONTEXT('2D SPACE',''
  ) );
#726 = PCURVE('',#543,#727);
#727 = DEFINITIONAL_REPRESENTATION('',(#728),#736);
#728 = ( BOUNDED_CURVE() B_SPLINE_CURVE(2,(#729,#730,#731,#732,#733,#734
,#735),.UNSPECIFIED.,.T.,.F.) B_SPLINE_CURVE_WITH_KNOTS((1,2,2,2,2,1),(
    -2.094395102393,0.,2.094395102393,4.188790204786,6.28318530718,
8.377580409573),.UNSPECIFIED.) CURVE() GEOMETRIC_REPRESENTATION_ITEM() 
RATIONAL_B_SPLINE_CURVE((1.,0.5,1.,0.5,1.,0.5,1.)) REPRESENTATION_ITEM(
  '') );
#729 = CARTESIAN_POINT('',(-1.161300899001,-4.9193495505));
#730 = CARTESIAN_POINT('',(-9.681864260657,-21.96047627381));
#731 = CARTESIAN_POINT('',(-20.17963123132,-6.060888586407));
#732 = CARTESIAN_POINT('',(-30.67739820199,9.838699100999));
#733 = CARTESIAN_POINT('',(-11.65906786967,10.980238136906));
#734 = CARTESIAN_POINT('',(7.359262462655,12.121777172813));
#735 = CARTESIAN_POINT('',(-1.161300899001,-4.9193495505));
#736 = ( GEOMETRIC_REPRESENTATION_CONTEXT(2) 
PARAMETRIC_REPRESENTATION_CONTEXT() REPRESENTATION_CONTEXT('2D SPACE',''
  ) );
#737 = ORIENTED_EDGE('',*,*,#738,.F.);
#738 = EDGE_CURVE('',#739,#711,#741,.T.);
#739 = VERTEX_POINT('',#740);
#740 = CARTESIAN_POINT('',(-16.9,-14.45577467441,55.372724155193));
#741 = SURFACE_CURVE('',#742,(#746,#753),.PCURVE_S1.);
#742 = LINE('',#743,#744);
#743 = CARTESIAN_POINT('',(-12.9,-14.45577467441,55.372724155193));
#744 = VECTOR('',#745,1.);
#745 = DIRECTION('',(-1.,-0.,1.110223024625E-16));
#746 = PCURVE('',#251,#747);
#747 = DEFINITIONAL_REPRESENTATION('',(#748),#752);
#748 = LINE('',#749,#750);
#749 = CARTESIAN_POINT('',(-4.196284627636,6.026792670692E-16));
#750 = VECTOR('',#751,1.);
#751 = DIRECTION('',(-0.,1.));
#752 = ( GEOMETRIC_REPRESENTATION_CONTEXT(2) 
PARAMETRIC_REPRESENTATION_CONTEXT() REPRESENTATION_CONTEXT('2D SPACE',''
  ) );
#753 = PCURVE('',#754,#759);
#754 = PLANE('',#755);
#755 = AXIS2_PLACEMENT_3D('',#756,#757,#758);
#756 = CARTESIAN_POINT('',(-16.9,46.33246096987,78.10223835262));
#757 = DIRECTION('',(-0.,0.350230690289,-0.936663474029));
#758 = DIRECTION('',(1.,0.,0.));
#759 = DEFINITIONAL_REPRESENTATION('',(#760),#764);
#760 = LINE('',#761,#762);
#761 = CARTESIAN_POINT('',(4.,64.898693425953));
#762 = VECTOR('',#763,1.);
#763 = DIRECTION('',(-1.,-3.888341762892E-17));
#764 = ( GEOMETRIC_REPRESENTATION_CONTEXT(2) 
PARAMETRIC_REPRESENTATION_CONTEXT() REPRESENTATION_CONTEXT('2D SPACE',''
  ) );
#765 = ORIENTED_EDGE('',*,*,#766,.F.);
#766 = EDGE_CURVE('',#767,#739,#769,.T.);
#767 = VERTEX_POINT('',#768);
#768 = CARTESIAN_POINT('',(-16.9,-1.229964445257,60.318027110442));
#769 = SURFACE_CURVE('',#770,(#775,#782),.PCURVE_S1.);
#770 = CIRCLE('',#771,11.);
#771 = AXIS2_PLACEMENT_3D('',#772,#773,#774);
#772 = CARTESIAN_POINT('',(-16.9,-4.888543819998,49.944271909999));
#773 = DIRECTION('',(1.,0.,-1.110223024625E-16));
#774 = DIRECTION('',(-1.110223024625E-16,-0.,-1.));
#775 = PCURVE('',#251,#776);
#776 = DEFINITIONAL_REPRESENTATION('',(#777),#781);
#777 = LINE('',#778,#779);
#778 = CARTESIAN_POINT('',(-0.,4.));
#779 = VECTOR('',#780,1.);
#780 = DIRECTION('',(-1.,0.));
#781 = ( GEOMETRIC_REPRESENTATION_CONTEXT(2) 
PARAMETRIC_REPRESENTATION_CONTEXT() REPRESENTATION_CONTEXT('2D SPACE',''
  ) );
#782 = PCURVE('',#783,#788);
#783 = PLANE('',#784);
#784 = AXIS2_PLACEMENT_3D('',#785,#786,#787);
#785 = CARTESIAN_POINT('',(-16.9,38.627385783512,98.708834781253));
#786 = DIRECTION('',(-1.,-0.,-0.));
#787 = DIRECTION('',(0.,-0.350230690289,0.936663474029));
#788 = DEFINITIONAL_REPRESENTATION('',(#789),#797);
#789 = ( BOUNDED_CURVE() B_SPLINE_CURVE(2,(#790,#791,#792,#793,#794,#795
,#796),.UNSPECIFIED.,.T.,.F.) B_SPLINE_CURVE_WITH_KNOTS((1,2,2,2,2,1),(
    -2.094395102393,0.,2.094395102393,4.188790204786,6.28318530718,
8.377580409573),.UNSPECIFIED.) CURVE() GEOMETRIC_REPRESENTATION_ITEM() 
RATIONAL_B_SPLINE_CURVE((1.,0.5,1.,0.5,1.,0.5,1.)) REPRESENTATION_ITEM(
  '') );
#790 = CARTESIAN_POINT('',(-40.73866901919,-61.69116590723));
#791 = CARTESIAN_POINT('',(-47.41145986865,-43.8453299145));
#792 = CARTESIAN_POINT('',(-28.62011712244,-46.9894415211));
#793 = CARTESIAN_POINT('',(-9.828774376245,-50.13355312769));
#794 = CARTESIAN_POINT('',(-21.94732627299,-64.83527751383));
#795 = CARTESIAN_POINT('',(-34.06587816973,-79.53700189996));
#796 = CARTESIAN_POINT('',(-40.73866901919,-61.69116590723));
#797 = ( GEOMETRIC_REPRESENTATION_CONTEXT(2) 
PARAMETRIC_REPRESENTATION_CONTEXT() REPRESENTATION_CONTEXT('2D SPACE',''
  ) );
#798 = ORIENTED_EDGE('',*,*,#799,.T.);
#799 = EDGE_CURVE('',#767,#582,#800,.T.);
#800 = SURFACE_CURVE('',#801,(#805,#812),.PCURVE_S1.);
#801 = LINE('',#802,#803);
#802 = CARTESIAN_POINT('',(-12.9,-1.229964445257,60.318027110442));
#803 = VECTOR('',#804,1.);
#804 = DIRECTION('',(-1.,-0.,1.110223024625E-16));
#805 = PCURVE('',#251,#806);
#806 = DEFINITIONAL_REPRESENTATION('',(#807),#811);
#807 = LINE('',#808,#809);
#808 = CARTESIAN_POINT('',(-2.802535442969,1.151718187536E-15));
#809 = VECTOR('',#810,1.);
#810 = DIRECTION('',(-0.,1.));
#811 = ( GEOMETRIC_REPRESENTATION_CONTEXT(2) 
PARAMETRIC_REPRESENTATION_CONTEXT() REPRESENTATION_CONTEXT('2D SPACE',''
  ) );
#812 = PCURVE('',#754,#813);
#813 = DEFINITIONAL_REPRESENTATION('',(#814),#818);
#814 = LINE('',#815,#816);
#815 = CARTESIAN_POINT('',(4.,50.778563202162));
#816 = VECTOR('',#817,1.);
#817 = DIRECTION('',(-1.,-3.888341762892E-17));
#818 = ( GEOMETRIC_REPRESENTATION_CONTEXT(2) 
PARAMETRIC_REPRESENTATION_CONTEXT() REPRESENTATION_CONTEXT('2D SPACE',''
  ) );
#819 = ADVANCED_FACE('',(#820),#462,.T.);
#820 = FACE_BOUND('',#821,.F.);
#821 = EDGE_LOOP('',(#822,#845,#866,#867));
#822 = ORIENTED_EDGE('',*,*,#823,.T.);
#823 = EDGE_CURVE('',#655,#824,#826,.T.);
#824 = VERTEX_POINT('',#825);
#825 = CARTESIAN_POINT('',(-15.,-9.168345367955,52.535995940964));
#826 = SURFACE_CURVE('',#827,(#831,#838),.PCURVE_S1.);
#827 = LINE('',#828,#829);
#828 = CARTESIAN_POINT('',(-15.,-15.36943646426,55.636541489119));
#829 = VECTOR('',#830,1.);
#830 = DIRECTION('',(-0.,0.894427191,-0.4472135955));
#831 = PCURVE('',#462,#832);
#832 = DEFINITIONAL_REPRESENTATION('',(#833),#837);
#833 = LINE('',#834,#835);
#834 = CARTESIAN_POINT('',(-18.,0.));
#835 = VECTOR('',#836,1.);
#836 = DIRECTION('',(-0.,1.));
#837 = ( GEOMETRIC_REPRESENTATION_CONTEXT(2) 
PARAMETRIC_REPRESENTATION_CONTEXT() REPRESENTATION_CONTEXT('2D SPACE',''
  ) );
#838 = PCURVE('',#671,#839);
#839 = DEFINITIONAL_REPRESENTATION('',(#840),#844);
#840 = LINE('',#841,#842);
#841 = CARTESIAN_POINT('',(-0.,0.));
#842 = VECTOR('',#843,1.);
#843 = DIRECTION('',(6.734455237049E-18,-1.));
#844 = ( GEOMETRIC_REPRESENTATION_CONTEXT(2) 
PARAMETRIC_REPRESENTATION_CONTEXT() REPRESENTATION_CONTEXT('2D SPACE',''
  ) );
#845 = ORIENTED_EDGE('',*,*,#846,.F.);
#846 = EDGE_CURVE('',#414,#824,#847,.T.);
#847 = SURFACE_CURVE('',#848,(#852,#859),.PCURVE_S1.);
#848 = LINE('',#849,#850);
#849 = CARTESIAN_POINT('',(-11.9,-9.168345367955,52.535995940964));
#850 = VECTOR('',#851,1.);
#851 = DIRECTION('',(-1.,-0.,1.110223024625E-16));
#852 = PCURVE('',#462,#853);
#853 = DEFINITIONAL_REPRESENTATION('',(#854),#858);
#854 = LINE('',#855,#856);
#855 = CARTESIAN_POINT('',(-14.9,6.933030613008));
#856 = VECTOR('',#857,1.);
#857 = DIRECTION('',(-1.,-4.965068306495E-17));
#858 = ( GEOMETRIC_REPRESENTATION_CONTEXT(2) 
PARAMETRIC_REPRESENTATION_CONTEXT() REPRESENTATION_CONTEXT('2D SPACE',''
  ) );
#859 = PCURVE('',#434,#860);
#860 = DEFINITIONAL_REPRESENTATION('',(#861),#865);
#861 = LINE('',#862,#863);
#862 = CARTESIAN_POINT('',(-4.184550789343,3.522850572496E-16));
#863 = VECTOR('',#864,1.);
#864 = DIRECTION('',(-0.,1.));
#865 = ( GEOMETRIC_REPRESENTATION_CONTEXT(2) 
PARAMETRIC_REPRESENTATION_CONTEXT() REPRESENTATION_CONTEXT('2D SPACE',''
  ) );
#866 = ORIENTED_EDGE('',*,*,#446,.T.);
#867 = ORIENTED_EDGE('',*,*,#687,.T.);
#868 = ADVANCED_FACE('',(#869),#434,.F.);
#869 = FACE_BOUND('',#870,.T.);
#870 = EDGE_LOOP('',(#871,#901,#924,#950,#951,#952,#975,#1003,#1031,
    #1055));
#871 = ORIENTED_EDGE('',*,*,#872,.F.);
#872 = EDGE_CURVE('',#873,#875,#877,.T.);
#873 = VERTEX_POINT('',#874);
#874 = CARTESIAN_POINT('',(-18.1,-0.908342820049,54.997785539149));
#875 = VERTEX_POINT('',#876);
#876 = CARTESIAN_POINT('',(-18.1,-6.746496761678,54.891485505499));
#877 = SURFACE_CURVE('',#878,(#883,#890),.PCURVE_S1.);
#878 = CIRCLE('',#879,6.3);
#879 = AXIS2_PLACEMENT_3D('',#880,#881,#882);
#880 = CARTESIAN_POINT('',(-18.1,-3.725788471698,49.362894235849));
#881 = DIRECTION('',(1.,0.,-1.110223024625E-16));
#882 = DIRECTION('',(-1.110223024625E-16,-0.,-1.));
#883 = PCURVE('',#434,#884);
#884 = DEFINITIONAL_REPRESENTATION('',(#885),#889);
#885 = LINE('',#886,#887);
#886 = CARTESIAN_POINT('',(-8.881784197001E-16,6.2));
#887 = VECTOR('',#888,1.);
#888 = DIRECTION('',(-1.,0.));
#889 = ( GEOMETRIC_REPRESENTATION_CONTEXT(2) 
PARAMETRIC_REPRESENTATION_CONTEXT() REPRESENTATION_CONTEXT('2D SPACE',''
  ) );
#890 = PCURVE('',#543,#891);
#891 = DEFINITIONAL_REPRESENTATION('',(#892),#900);
#892 = ( BOUNDED_CURVE() B_SPLINE_CURVE(2,(#893,#894,#895,#896,#897,#898
,#899),.UNSPECIFIED.,.T.,.F.) B_SPLINE_CURVE_WITH_KNOTS((1,2,2,2,2,1),(
    -2.094395102393,0.,2.094395102393,4.188790204786,6.28318530718,
8.377580409573),.UNSPECIFIED.) CURVE() GEOMETRIC_REPRESENTATION_ITEM() 
RATIONAL_B_SPLINE_CURVE((1.,0.5,1.,0.5,1.,0.5,1.)) REPRESENTATION_ITEM(
  '') );
#893 = CARTESIAN_POINT('',(-5.365108696701,-4.11744565165));
#894 = CARTESIAN_POINT('',(-10.24506771292,-13.87736368409));
#895 = CARTESIAN_POINT('',(-16.25742515976,-4.771236190396));
#896 = CARTESIAN_POINT('',(-22.26978260659,4.334891303299));
#897 = CARTESIAN_POINT('',(-11.37746614353,4.988681842046));
#898 = CARTESIAN_POINT('',(-0.485149680479,5.642472380793));
#899 = CARTESIAN_POINT('',(-5.365108696701,-4.11744565165));
#900 = ( GEOMETRIC_REPRESENTATION_CONTEXT(2) 
PARAMETRIC_REPRESENTATION_CONTEXT() REPRESENTATION_CONTEXT('2D SPACE',''
  ) );
#901 = ORIENTED_EDGE('',*,*,#902,.F.);
#902 = EDGE_CURVE('',#903,#873,#905,.T.);
#903 = VERTEX_POINT('',#904);
#904 = CARTESIAN_POINT('',(-15.,-0.908342820049,54.997785539149));
#905 = SURFACE_CURVE('',#906,(#910,#917),.PCURVE_S1.);
#906 = LINE('',#907,#908);
#907 = CARTESIAN_POINT('',(-11.9,-0.908342820049,54.997785539149));
#908 = VECTOR('',#909,1.);
#909 = DIRECTION('',(-1.,0.,-0.));
#910 = PCURVE('',#434,#911);
#911 = DEFINITIONAL_REPRESENTATION('',(#912),#916);
#912 = LINE('',#913,#914);
#913 = CARTESIAN_POINT('',(-2.677945044589,6.255986066183E-16));
#914 = VECTOR('',#915,1.);
#915 = DIRECTION('',(-0.,1.));
#916 = ( GEOMETRIC_REPRESENTATION_CONTEXT(2) 
PARAMETRIC_REPRESENTATION_CONTEXT() REPRESENTATION_CONTEXT('2D SPACE',''
  ) );
#917 = PCURVE('',#340,#918);
#918 = DEFINITIONAL_REPRESENTATION('',(#919),#923);
#919 = LINE('',#920,#921);
#920 = CARTESIAN_POINT('',(0.,-0.));
#921 = VECTOR('',#922,1.);
#922 = DIRECTION('',(-1.,0.));
#923 = ( GEOMETRIC_REPRESENTATION_CONTEXT(2) 
PARAMETRIC_REPRESENTATION_CONTEXT() REPRESENTATION_CONTEXT('2D SPACE',''
  ) );
#924 = ORIENTED_EDGE('',*,*,#925,.T.);
#925 = EDGE_CURVE('',#903,#824,#926,.T.);
#926 = SURFACE_CURVE('',#927,(#932,#939),.PCURVE_S1.);
#927 = CIRCLE('',#928,6.3);
#928 = AXIS2_PLACEMENT_3D('',#929,#930,#931);
#929 = CARTESIAN_POINT('',(-15.,-3.725788471698,49.362894235849));
#930 = DIRECTION('',(1.,0.,-1.110223024625E-16));
#931 = DIRECTION('',(-1.110223024625E-16,-0.,-1.));
#932 = PCURVE('',#434,#933);
#933 = DEFINITIONAL_REPRESENTATION('',(#934),#938);
#934 = LINE('',#935,#936);
#935 = CARTESIAN_POINT('',(-8.881784197001E-16,3.1));
#936 = VECTOR('',#937,1.);
#937 = DIRECTION('',(-1.,0.));
#938 = ( GEOMETRIC_REPRESENTATION_CONTEXT(2) 
PARAMETRIC_REPRESENTATION_CONTEXT() REPRESENTATION_CONTEXT('2D SPACE',''
  ) );
#939 = PCURVE('',#671,#940);
#940 = DEFINITIONAL_REPRESENTATION('',(#941),#949);
#941 = ( BOUNDED_CURVE() B_SPLINE_CURVE(2,(#942,#943,#944,#945,#946,#947
,#948),.UNSPECIFIED.,.T.,.F.) B_SPLINE_CURVE_WITH_KNOTS((1,2,2,2,2,1),(
    -2.094395102393,0.,2.094395102393,4.188790204786,6.28318530718,
8.377580409573),.UNSPECIFIED.) CURVE() GEOMETRIC_REPRESENTATION_ITEM() 
RATIONAL_B_SPLINE_CURVE((1.,0.5,1.,0.5,1.,0.5,1.)) REPRESENTATION_ITEM(
  '') );
#942 = CARTESIAN_POINT('',(6.039014309875,-16.03750136366));
#943 = CARTESIAN_POINT('',(1.159055293653,-25.7974193961));
#944 = CARTESIAN_POINT('',(-4.853302153185,-16.69129190241));
#945 = CARTESIAN_POINT('',(-10.86565960002,-7.585164408716));
#946 = CARTESIAN_POINT('',(2.665686303603E-02,-6.93137386997));
#947 = CARTESIAN_POINT('',(10.918973326096,-6.277583331223));
#948 = CARTESIAN_POINT('',(6.039014309875,-16.03750136366));
#949 = ( GEOMETRIC_REPRESENTATION_CONTEXT(2) 
PARAMETRIC_REPRESENTATION_CONTEXT() REPRESENTATION_CONTEXT('2D SPACE',''
  ) );
#950 = ORIENTED_EDGE('',*,*,#846,.F.);
#951 = ORIENTED_EDGE('',*,*,#413,.T.);
#952 = ORIENTED_EDGE('',*,*,#953,.T.);
#953 = EDGE_CURVE('',#386,#954,#956,.T.);
#954 = VERTEX_POINT('',#955);
#955 = CARTESIAN_POINT('',(-18.1,-6.543234123348,43.72800293255));
#956 = SURFACE_CURVE('',#957,(#961,#968),.PCURVE_S1.);
#957 = LINE('',#958,#959);
#958 = CARTESIAN_POINT('',(-11.9,-6.543234123348,43.72800293255));
#959 = VECTOR('',#960,1.);
#960 = DIRECTION('',(-1.,0.,-0.));
#961 = PCURVE('',#434,#962);
#962 = DEFINITIONAL_REPRESENTATION('',(#963),#967);
#963 = LINE('',#964,#965);
#964 = CARTESIAN_POINT('',(-5.819537698179,-6.255986066183E-16));
#965 = VECTOR('',#966,1.);
#966 = DIRECTION('',(-0.,1.));
#967 = ( GEOMETRIC_REPRESENTATION_CONTEXT(2) 
PARAMETRIC_REPRESENTATION_CONTEXT() REPRESENTATION_CONTEXT('2D SPACE',''
  ) );
#968 = PCURVE('',#401,#969);
#969 = DEFINITIONAL_REPRESENTATION('',(#970),#974);
#970 = LINE('',#971,#972);
#971 = CARTESIAN_POINT('',(0.,-0.));
#972 = VECTOR('',#973,1.);
#973 = DIRECTION('',(-1.,0.));
#974 = ( GEOMETRIC_REPRESENTATION_CONTEXT(2) 
PARAMETRIC_REPRESENTATION_CONTEXT() REPRESENTATION_CONTEXT('2D SPACE',''
  ) );
#975 = ORIENTED_EDGE('',*,*,#976,.F.);
#976 = EDGE_CURVE('',#977,#954,#979,.T.);
#977 = VERTEX_POINT('',#978);
#978 = CARTESIAN_POINT('',(-18.1,-8.983099707192,45.891485505499));
#979 = SURFACE_CURVE('',#980,(#985,#992),.PCURVE_S1.);
#980 = CIRCLE('',#981,6.3);
#981 = AXIS2_PLACEMENT_3D('',#982,#983,#984);
#982 = CARTESIAN_POINT('',(-18.1,-3.725788471698,49.362894235849));
#983 = DIRECTION('',(1.,0.,-1.110223024625E-16));
#984 = DIRECTION('',(-1.110223024625E-16,-0.,-1.));
#985 = PCURVE('',#434,#986);
#986 = DEFINITIONAL_REPRESENTATION('',(#987),#991);
#987 = LINE('',#988,#989);
#988 = CARTESIAN_POINT('',(-8.881784197001E-16,6.2));
#989 = VECTOR('',#990,1.);
#990 = DIRECTION('',(-1.,0.));
#991 = ( GEOMETRIC_REPRESENTATION_CONTEXT(2) 
PARAMETRIC_REPRESENTATION_CONTEXT() REPRESENTATION_CONTEXT('2D SPACE',''
  ) );
#992 = PCURVE('',#543,#993);
#993 = DEFINITIONAL_REPRESENTATION('',(#994),#1002);
#994 = ( BOUNDED_CURVE() B_SPLINE_CURVE(2,(#995,#996,#997,#998,#999,
#1000,#1001),.UNSPECIFIED.,.T.,.F.) B_SPLINE_CURVE_WITH_KNOTS((1,2,2,2,2
    ,1),(-2.094395102393,0.,2.094395102393,4.188790204786,6.28318530718,
8.377580409573),.UNSPECIFIED.) CURVE() GEOMETRIC_REPRESENTATION_ITEM() 
RATIONAL_B_SPLINE_CURVE((1.,0.5,1.,0.5,1.,0.5,1.)) REPRESENTATION_ITEM(
  '') );
#995 = CARTESIAN_POINT('',(-5.365108696701,-4.11744565165));
#996 = CARTESIAN_POINT('',(-10.24506771292,-13.87736368409));
#997 = CARTESIAN_POINT('',(-16.25742515976,-4.771236190396));
#998 = CARTESIAN_POINT('',(-22.26978260659,4.334891303299));
#999 = CARTESIAN_POINT('',(-11.37746614353,4.988681842046));
#1000 = CARTESIAN_POINT('',(-0.485149680479,5.642472380793));
#1001 = CARTESIAN_POINT('',(-5.365108696701,-4.11744565165));
#1002 = ( GEOMETRIC_REPRESENTATION_CONTEXT(2) 
PARAMETRIC_REPRESENTATION_CONTEXT() REPRESENTATION_CONTEXT('2D SPACE',''
  ) );
#1003 = ORIENTED_EDGE('',*,*,#1004,.F.);
#1004 = EDGE_CURVE('',#1005,#977,#1007,.T.);
#1005 = VERTEX_POINT('',#1006);
#1006 = CARTESIAN_POINT('',(-15.5,-8.983099707192,45.891485505499));
#1007 = SURFACE_CURVE('',#1008,(#1012,#1019),.PCURVE_S1.);
#1008 = LINE('',#1009,#1010);
#1009 = CARTESIAN_POINT('',(-11.9,-8.983099707192,45.891485505499));
#1010 = VECTOR('',#1011,1.);
#1011 = DIRECTION('',(-1.,-0.,1.110223024625E-16));
#1012 = PCURVE('',#434,#1013);
#1013 = DEFINITIONAL_REPRESENTATION('',(#1014),#1018);
#1014 = LINE('',#1015,#1016);
#1015 = CARTESIAN_POINT('',(-5.295971741274,-3.854037900319E-16));
#1016 = VECTOR('',#1017,1.);
#1017 = DIRECTION('',(-0.,1.));
#1018 = ( GEOMETRIC_REPRESENTATION_CONTEXT(2) 
PARAMETRIC_REPRESENTATION_CONTEXT() REPRESENTATION_CONTEXT('2D SPACE',''
  ) );
#1019 = PCURVE('',#1020,#1025);
#1020 = CYLINDRICAL_SURFACE('',#1021,6.3);
#1021 = AXIS2_PLACEMENT_3D('',#1022,#1023,#1024);
#1022 = CARTESIAN_POINT('',(-8.5,-3.725788471698,49.362894235849));
#1023 = DIRECTION('',(-1.,-0.,1.110223024625E-16));
#1024 = DIRECTION('',(-1.110223024625E-16,0.,-1.));
#1025 = DEFINITIONAL_REPRESENTATION('',(#1026),#1030);
#1026 = LINE('',#1027,#1028);
#1027 = CARTESIAN_POINT('',(-5.295971741274,3.4));
#1028 = VECTOR('',#1029,1.);
#1029 = DIRECTION('',(-0.,1.));
#1030 = ( GEOMETRIC_REPRESENTATION_CONTEXT(2) 
PARAMETRIC_REPRESENTATION_CONTEXT() REPRESENTATION_CONTEXT('2D SPACE',''
  ) );
#1031 = ORIENTED_EDGE('',*,*,#1032,.F.);
#1032 = EDGE_CURVE('',#1033,#1005,#1035,.T.);
#1033 = VERTEX_POINT('',#1034);
#1034 = CARTESIAN_POINT('',(-15.5,-6.746496761678,54.891485505499));
#1035 = SURFACE_CURVE('',#1036,(#1041,#1048),.PCURVE_S1.);
#1036 = CIRCLE('',#1037,6.3);
#1037 = AXIS2_PLACEMENT_3D('',#1038,#1039,#1040);
#1038 = CARTESIAN_POINT('',(-15.5,-3.725788471698,49.362894235849));
#1039 = DIRECTION('',(1.,0.,-1.110223024625E-16));
#1040 = DIRECTION('',(-1.110223024625E-16,-0.,-1.));
#1041 = PCURVE('',#434,#1042);
#1042 = DEFINITIONAL_REPRESENTATION('',(#1043),#1047);
#1043 = LINE('',#1044,#1045);
#1044 = CARTESIAN_POINT('',(-8.881784197001E-16,3.6));
#1045 = VECTOR('',#1046,1.);
#1046 = DIRECTION('',(-1.,0.));
#1047 = ( GEOMETRIC_REPRESENTATION_CONTEXT(2) 
PARAMETRIC_REPRESENTATION_CONTEXT() REPRESENTATION_CONTEXT('2D SPACE',''
  ) );
#1048 = PCURVE('',#1020,#1049);
#1049 = DEFINITIONAL_REPRESENTATION('',(#1050),#1054);
#1050 = LINE('',#1051,#1052);
#1051 = CARTESIAN_POINT('',(-0.,7.));
#1052 = VECTOR('',#1053,1.);
#1053 = DIRECTION('',(-1.,0.));
#1054 = ( GEOMETRIC_REPRESENTATION_CONTEXT(2) 
PARAMETRIC_REPRESENTATION_CONTEXT() REPRESENTATION_CONTEXT('2D SPACE',''
  ) );
#1055 = ORIENTED_EDGE('',*,*,#1056,.T.);
#1056 = EDGE_CURVE('',#1033,#875,#1057,.T.);
#1057 = SURFACE_CURVE('',#1058,(#1062,#1069),.PCURVE_S1.);
#1058 = LINE('',#1059,#1060);
#1059 = CARTESIAN_POINT('',(-11.9,-6.746496761678,54.891485505499));
#1060 = VECTOR('',#1061,1.);
#1061 = DIRECTION('',(-1.,-0.,1.110223024625E-16));
#1062 = PCURVE('',#434,#1063);
#1063 = DEFINITIONAL_REPRESENTATION('',(#1064),#1068);
#1064 = LINE('',#1065,#1066);
#1065 = CARTESIAN_POINT('',(-3.641651871474,6.137969321307E-16));
#1066 = VECTOR('',#1067,1.);
#1067 = DIRECTION('',(-0.,1.));
#1068 = ( GEOMETRIC_REPRESENTATION_CONTEXT(2) 
PARAMETRIC_REPRESENTATION_CONTEXT() REPRESENTATION_CONTEXT('2D SPACE',''
  ) );
#1069 = PCURVE('',#1020,#1070);
#1070 = DEFINITIONAL_REPRESENTATION('',(#1071),#1075);
#1071 = LINE('',#1072,#1073);
#1072 = CARTESIAN_POINT('',(-3.641651871474,3.4));
#1073 = VECTOR('',#1074,1.);
#1074 = DIRECTION('',(-0.,1.));
#1075 = ( GEOMETRIC_REPRESENTATION_CONTEXT(2) 
PARAMETRIC_REPRESENTATION_CONTEXT() REPRESENTATION_CONTEXT('2D SPACE',''
  ) );
#1076 = ADVANCED_FACE('',(#1077),#401,.T.);
#1077 = FACE_BOUND('',#1078,.F.);
#1078 = EDGE_LOOP('',(#1079,#1102,#1103,#1104));
#1079 = ORIENTED_EDGE('',*,*,#1080,.F.);
#1080 = EDGE_CURVE('',#353,#1081,#1083,.T.);
#1081 = VERTEX_POINT('',#1082);
#1082 = CARTESIAN_POINT('',(-18.1,56.908342820049,12.002214460851));
#1083 = SURFACE_CURVE('',#1084,(#1088,#1095),.PCURVE_S1.);
#1084 = LINE('',#1085,#1086);
#1085 = CARTESIAN_POINT('',(-11.9,56.908342820049,12.002214460851));
#1086 = VECTOR('',#1087,1.);
#1087 = DIRECTION('',(-1.,0.,-0.));
#1088 = PCURVE('',#401,#1089);
#1089 = DEFINITIONAL_REPRESENTATION('',(#1090),#1094);
#1090 = LINE('',#1091,#1092);
#1091 = CARTESIAN_POINT('',(-0.,70.941019662497));
#1092 = VECTOR('',#1093,1.);
#1093 = DIRECTION('',(-1.,0.));
#1094 = ( GEOMETRIC_REPRESENTATION_CONTEXT(2) 
PARAMETRIC_REPRESENTATION_CONTEXT() REPRESENTATION_CONTEXT('2D SPACE',''
  ) );
#1095 = PCURVE('',#373,#1096);
#1096 = DEFINITIONAL_REPRESENTATION('',(#1097),#1101);
#1097 = LINE('',#1098,#1099);
#1098 = CARTESIAN_POINT('',(-5.819537698179,-6.255986066183E-16));
#1099 = VECTOR('',#1100,1.);
#1100 = DIRECTION('',(-0.,1.));
#1101 = ( GEOMETRIC_REPRESENTATION_CONTEXT(2) 
PARAMETRIC_REPRESENTATION_CONTEXT() REPRESENTATION_CONTEXT('2D SPACE',''
  ) );
#1102 = ORIENTED_EDGE('',*,*,#385,.T.);
#1103 = ORIENTED_EDGE('',*,*,#953,.T.);
#1104 = ORIENTED_EDGE('',*,*,#1105,.F.);
#1105 = EDGE_CURVE('',#1081,#954,#1106,.T.);
#1106 = SURFACE_CURVE('',#1107,(#1111,#1118),.PCURVE_S1.);
#1107 = LINE('',#1108,#1109);
#1108 = CARTESIAN_POINT('',(-18.1,-7.124611797498,44.018691769625));
#1109 = VECTOR('',#1110,1.);
#1110 = DIRECTION('',(-0.,-0.894427191,0.4472135955));
#1111 = PCURVE('',#401,#1112);
#1112 = DEFINITIONAL_REPRESENTATION('',(#1113),#1117);
#1113 = LINE('',#1114,#1115);
#1114 = CARTESIAN_POINT('',(-6.2,-0.65));
#1115 = VECTOR('',#1116,1.);
#1116 = DIRECTION('',(-0.,-1.));
#1117 = ( GEOMETRIC_REPRESENTATION_CONTEXT(2) 
PARAMETRIC_REPRESENTATION_CONTEXT() REPRESENTATION_CONTEXT('2D SPACE',''
  ) );
#1118 = PCURVE('',#543,#1119);
#1119 = DEFINITIONAL_REPRESENTATION('',(#1120),#1124);
#1120 = LINE('',#1121,#1122);
#1121 = CARTESIAN_POINT('',(-4.7,-0.65));
#1122 = VECTOR('',#1123,1.);
#1123 = DIRECTION('',(-1.060358213669E-16,1.));
#1124 = ( GEOMETRIC_REPRESENTATION_CONTEXT(2) 
PARAMETRIC_REPRESENTATION_CONTEXT() REPRESENTATION_CONTEXT('2D SPACE',''
  ) );
#1125 = ADVANCED_FACE('',(#1126),#373,.F.);
#1126 = FACE_BOUND('',#1127,.T.);
#1127 = EDGE_LOOP('',(#1128,#1129,#1130,#1153,#1181,#1209,#1233,#1256));
#1128 = ORIENTED_EDGE('',*,*,#1080,.F.);
#1129 = ORIENTED_EDGE('',*,*,#352,.T.);
#1130 = ORIENTED_EDGE('',*,*,#1131,.T.);
#1131 = EDGE_CURVE('',#325,#1132,#1134,.T.);
#1132 = VERTEX_POINT('',#1133);
#1133 = CARTESIAN_POINT('',(-18.1,62.543234123348,23.27199706745));
#1134 = SURFACE_CURVE('',#1135,(#1139,#1146),.PCURVE_S1.);
#1135 = LINE('',#1136,#1137);
#1136 = CARTESIAN_POINT('',(-11.9,62.543234123348,23.27199706745));
#1137 = VECTOR('',#1138,1.);
#1138 = DIRECTION('',(-1.,0.,-0.));
#1139 = PCURVE('',#373,#1140);
#1140 = DEFINITIONAL_REPRESENTATION('',(#1141),#1145);
#1141 = LINE('',#1142,#1143);
#1142 = CARTESIAN_POINT('',(-8.961130351769,6.255986066183E-16));
#1143 = VECTOR('',#1144,1.);
#1144 = DIRECTION('',(-0.,1.));
#1145 = ( GEOMETRIC_REPRESENTATION_CONTEXT(2) 
PARAMETRIC_REPRESENTATION_CONTEXT() REPRESENTATION_CONTEXT('2D SPACE',''
  ) );
#1146 = PCURVE('',#340,#1147);
#1147 = DEFINITIONAL_REPRESENTATION('',(#1148),#1152);
#1148 = LINE('',#1149,#1150);
#1149 = CARTESIAN_POINT('',(-0.,70.941019662497));
#1150 = VECTOR('',#1151,1.);
#1151 = DIRECTION('',(-1.,0.));
#1152 = ( GEOMETRIC_REPRESENTATION_CONTEXT(2) 
PARAMETRIC_REPRESENTATION_CONTEXT() REPRESENTATION_CONTEXT('2D SPACE',''
  ) );
#1153 = ORIENTED_EDGE('',*,*,#1154,.F.);
#1154 = EDGE_CURVE('',#1155,#1132,#1157,.T.);
#1155 = VERTEX_POINT('',#1156);
#1156 = CARTESIAN_POINT('',(-18.1,64.983099707192,21.108514494501));
#1157 = SURFACE_CURVE('',#1158,(#1163,#1170),.PCURVE_S1.);
#1158 = CIRCLE('',#1159,6.3);
#1159 = AXIS2_PLACEMENT_3D('',#1160,#1161,#1162);
#1160 = CARTESIAN_POINT('',(-18.1,59.725788471698,17.637105764151));
#1161 = DIRECTION('',(1.,0.,-1.110223024625E-16));
#1162 = DIRECTION('',(-1.110223024625E-16,-0.,-1.));
#1163 = PCURVE('',#373,#1164);
#1164 = DEFINITIONAL_REPRESENTATION('',(#1165),#1169);
#1165 = LINE('',#1166,#1167);
#1166 = CARTESIAN_POINT('',(-0.,6.2));
#1167 = VECTOR('',#1168,1.);
#1168 = DIRECTION('',(-1.,0.));
#1169 = ( GEOMETRIC_REPRESENTATION_CONTEXT(2) 
PARAMETRIC_REPRESENTATION_CONTEXT() REPRESENTATION_CONTEXT('2D SPACE',''
  ) );
#1170 = PCURVE('',#543,#1171);
#1171 = DEFINITIONAL_REPRESENTATION('',(#1172),#1180);
#1172 = ( BOUNDED_CURVE() B_SPLINE_CURVE(2,(#1173,#1174,#1175,#1176,
#1177,#1178,#1179),.UNSPECIFIED.,.T.,.F.) B_SPLINE_CURVE_WITH_KNOTS((1,2
    ,2,2,2,1),(-2.094395102393,0.,2.094395102393,4.188790204786,
6.28318530718,8.377580409573),.UNSPECIFIED.) CURVE() 
GEOMETRIC_REPRESENTATION_ITEM() RATIONAL_B_SPLINE_CURVE((1.,0.5,1.,0.5,
1.,0.5,1.)) REPRESENTATION_ITEM('') );
#1173 = CARTESIAN_POINT('',(-5.365108696701,-75.05846531414));
#1174 = CARTESIAN_POINT('',(-10.24506771292,-84.81838334658));
#1175 = CARTESIAN_POINT('',(-16.25742515976,-75.71225585289));
#1176 = CARTESIAN_POINT('',(-22.26978260659,-66.60612835919));
#1177 = CARTESIAN_POINT('',(-11.37746614353,-65.95233782045));
#1178 = CARTESIAN_POINT('',(-0.485149680479,-65.2985472817));
#1179 = CARTESIAN_POINT('',(-5.365108696701,-75.05846531414));
#1180 = ( GEOMETRIC_REPRESENTATION_CONTEXT(2) 
PARAMETRIC_REPRESENTATION_CONTEXT() REPRESENTATION_CONTEXT('2D SPACE',''
  ) );
#1181 = ORIENTED_EDGE('',*,*,#1182,.F.);
#1182 = EDGE_CURVE('',#1183,#1155,#1185,.T.);
#1183 = VERTEX_POINT('',#1184);
#1184 = CARTESIAN_POINT('',(-15.5,64.983099707192,21.108514494501));
#1185 = SURFACE_CURVE('',#1186,(#1190,#1197),.PCURVE_S1.);
#1186 = LINE('',#1187,#1188);
#1187 = CARTESIAN_POINT('',(-11.9,64.983099707192,21.108514494501));
#1188 = VECTOR('',#1189,1.);
#1189 = DIRECTION('',(-1.,-0.,1.110223024625E-16));
#1190 = PCURVE('',#373,#1191);
#1191 = DEFINITIONAL_REPRESENTATION('',(#1192),#1196);
#1192 = LINE('',#1193,#1194);
#1193 = CARTESIAN_POINT('',(-8.437564394863,3.854037900319E-16));
#1194 = VECTOR('',#1195,1.);
#1195 = DIRECTION('',(-0.,1.));
#1196 = ( GEOMETRIC_REPRESENTATION_CONTEXT(2) 
PARAMETRIC_REPRESENTATION_CONTEXT() REPRESENTATION_CONTEXT('2D SPACE',''
  ) );
#1197 = PCURVE('',#1198,#1203);
#1198 = CYLINDRICAL_SURFACE('',#1199,6.3);
#1199 = AXIS2_PLACEMENT_3D('',#1200,#1201,#1202);
#1200 = CARTESIAN_POINT('',(-8.5,59.725788471698,17.637105764151));
#1201 = DIRECTION('',(-1.,-0.,1.110223024625E-16));
#1202 = DIRECTION('',(-1.110223024625E-16,-0.,-1.));
#1203 = DEFINITIONAL_REPRESENTATION('',(#1204),#1208);
#1204 = LINE('',#1205,#1206);
#1205 = CARTESIAN_POINT('',(-8.437564394863,3.4));
#1206 = VECTOR('',#1207,1.);
#1207 = DIRECTION('',(-0.,1.));
#1208 = ( GEOMETRIC_REPRESENTATION_CONTEXT(2) 
PARAMETRIC_REPRESENTATION_CONTEXT() REPRESENTATION_CONTEXT('2D SPACE',''
  ) );
#1209 = ORIENTED_EDGE('',*,*,#1210,.F.);
#1210 = EDGE_CURVE('',#1211,#1183,#1213,.T.);
#1211 = VERTEX_POINT('',#1212);
#1212 = CARTESIAN_POINT('',(-15.5,62.746496761678,12.108514494501));
#1213 = SURFACE_CURVE('',#1214,(#1219,#1226),.PCURVE_S1.);
#1214 = CIRCLE('',#1215,6.3);
#1215 = AXIS2_PLACEMENT_3D('',#1216,#1217,#1218);
#1216 = CARTESIAN_POINT('',(-15.5,59.725788471698,17.637105764151));
#1217 = DIRECTION('',(1.,0.,-1.110223024625E-16));
#1218 = DIRECTION('',(-1.110223024625E-16,-0.,-1.));
#1219 = PCURVE('',#373,#1220);
#1220 = DEFINITIONAL_REPRESENTATION('',(#1221),#1225);
#1221 = LINE('',#1222,#1223);
#1222 = CARTESIAN_POINT('',(-0.,3.6));
#1223 = VECTOR('',#1224,1.);
#1224 = DIRECTION('',(-1.,0.));
#1225 = ( GEOMETRIC_REPRESENTATION_CONTEXT(2) 
PARAMETRIC_REPRESENTATION_CONTEXT() REPRESENTATION_CONTEXT('2D SPACE',''
  ) );
#1226 = PCURVE('',#1198,#1227);
#1227 = DEFINITIONAL_REPRESENTATION('',(#1228),#1232);
#1228 = LINE('',#1229,#1230);
#1229 = CARTESIAN_POINT('',(-0.,7.));
#1230 = VECTOR('',#1231,1.);
#1231 = DIRECTION('',(-1.,0.));
#1232 = ( GEOMETRIC_REPRESENTATION_CONTEXT(2) 
PARAMETRIC_REPRESENTATION_CONTEXT() REPRESENTATION_CONTEXT('2D SPACE',''
  ) );
#1233 = ORIENTED_EDGE('',*,*,#1234,.T.);
#1234 = EDGE_CURVE('',#1211,#1235,#1237,.T.);
#1235 = VERTEX_POINT('',#1236);
#1236 = CARTESIAN_POINT('',(-18.1,62.746496761678,12.108514494501));
#1237 = SURFACE_CURVE('',#1238,(#1242,#1249),.PCURVE_S1.);
#1238 = LINE('',#1239,#1240);
#1239 = CARTESIAN_POINT('',(-11.9,62.746496761678,12.108514494501));
#1240 = VECTOR('',#1241,1.);
#1241 = DIRECTION('',(-1.,-0.,1.110223024625E-16));
#1242 = PCURVE('',#373,#1243);
#1243 = DEFINITIONAL_REPRESENTATION('',(#1244),#1248);
#1244 = LINE('',#1245,#1246);
#1245 = CARTESIAN_POINT('',(-6.783244525064,-6.137969321307E-16));
#1246 = VECTOR('',#1247,1.);
#1247 = DIRECTION('',(-0.,1.));
#1248 = ( GEOMETRIC_REPRESENTATION_CONTEXT(2) 
PARAMETRIC_REPRESENTATION_CONTEXT() REPRESENTATION_CONTEXT('2D SPACE',''
  ) );
#1249 = PCURVE('',#1198,#1250);
#1250 = DEFINITIONAL_REPRESENTATION('',(#1251),#1255);
#1251 = LINE('',#1252,#1253);
#1252 = CARTESIAN_POINT('',(-6.783244525064,3.4));
#1253 = VECTOR('',#1254,1.);
#1254 = DIRECTION('',(-0.,1.));
#1255 = ( GEOMETRIC_REPRESENTATION_CONTEXT(2) 
PARAMETRIC_REPRESENTATION_CONTEXT() REPRESENTATION_CONTEXT('2D SPACE',''
  ) );
#1256 = ORIENTED_EDGE('',*,*,#1257,.F.);
#1257 = EDGE_CURVE('',#1081,#1235,#1258,.T.);
#1258 = SURFACE_CURVE('',#1259,(#1264,#1271),.PCURVE_S1.);
#1259 = CIRCLE('',#1260,6.3);
#1260 = AXIS2_PLACEMENT_3D('',#1261,#1262,#1263);
#1261 = CARTESIAN_POINT('',(-18.1,59.725788471698,17.637105764151));
#1262 = DIRECTION('',(1.,0.,-1.110223024625E-16));
#1263 = DIRECTION('',(-1.110223024625E-16,-0.,-1.));
#1264 = PCURVE('',#373,#1265);
#1265 = DEFINITIONAL_REPRESENTATION('',(#1266),#1270);
#1266 = LINE('',#1267,#1268);
#1267 = CARTESIAN_POINT('',(-0.,6.2));
#1268 = VECTOR('',#1269,1.);
#1269 = DIRECTION('',(-1.,0.));
#1270 = ( GEOMETRIC_REPRESENTATION_CONTEXT(2) 
PARAMETRIC_REPRESENTATION_CONTEXT() REPRESENTATION_CONTEXT('2D SPACE',''
  ) );
#1271 = PCURVE('',#543,#1272);
#1272 = DEFINITIONAL_REPRESENTATION('',(#1273),#1281);
#1273 = ( BOUNDED_CURVE() B_SPLINE_CURVE(2,(#1274,#1275,#1276,#1277,
#1278,#1279,#1280),.UNSPECIFIED.,.T.,.F.) B_SPLINE_CURVE_WITH_KNOTS((1,2
    ,2,2,2,1),(-2.094395102393,0.,2.094395102393,4.188790204786,
6.28318530718,8.377580409573),.UNSPECIFIED.) CURVE() 
GEOMETRIC_REPRESENTATION_ITEM() RATIONAL_B_SPLINE_CURVE((1.,0.5,1.,0.5,
1.,0.5,1.)) REPRESENTATION_ITEM('') );
#1274 = CARTESIAN_POINT('',(-5.365108696701,-75.05846531414));
#1275 = CARTESIAN_POINT('',(-10.24506771292,-84.81838334658));
#1276 = CARTESIAN_POINT('',(-16.25742515976,-75.71225585289));
#1277 = CARTESIAN_POINT('',(-22.26978260659,-66.60612835919));
#1278 = CARTESIAN_POINT('',(-11.37746614353,-65.95233782045));
#1279 = CARTESIAN_POINT('',(-0.485149680479,-65.2985472817));
#1280 = CARTESIAN_POINT('',(-5.365108696701,-75.05846531414));
#1281 = ( GEOMETRIC_REPRESENTATION_CONTEXT(2) 
PARAMETRIC_REPRESENTATION_CONTEXT() REPRESENTATION_CONTEXT('2D SPACE',''
  ) );
#1282 = ADVANCED_FACE('',(#1283),#340,.F.);
#1283 = FACE_BOUND('',#1284,.T.);
#1284 = EDGE_LOOP('',(#1285,#1286,#1287,#1310,#1331,#1332));
#1285 = ORIENTED_EDGE('',*,*,#1131,.F.);
#1286 = ORIENTED_EDGE('',*,*,#324,.T.);
#1287 = ORIENTED_EDGE('',*,*,#1288,.T.);
#1288 = EDGE_CURVE('',#292,#1289,#1291,.T.);
#1289 = VERTEX_POINT('',#1290);
#1290 = CARTESIAN_POINT('',(-15.,19.089678882616,44.998774687816));
#1291 = SURFACE_CURVE('',#1292,(#1296,#1303),.PCURVE_S1.);
#1292 = LINE('',#1293,#1294);
#1293 = CARTESIAN_POINT('',(3.,19.089678882616,44.998774687816));
#1294 = VECTOR('',#1295,1.);
#1295 = DIRECTION('',(-1.,-0.,1.110223024625E-16));
#1296 = PCURVE('',#340,#1297);
#1297 = DEFINITIONAL_REPRESENTATION('',(#1298),#1302);
#1298 = LINE('',#1299,#1300);
#1299 = CARTESIAN_POINT('',(14.9,22.358467971338));
#1300 = VECTOR('',#1301,1.);
#1301 = DIRECTION('',(-1.,-4.965068306495E-17));
#1302 = ( GEOMETRIC_REPRESENTATION_CONTEXT(2) 
PARAMETRIC_REPRESENTATION_CONTEXT() REPRESENTATION_CONTEXT('2D SPACE',''
  ) );
#1303 = PCURVE('',#312,#1304);
#1304 = DEFINITIONAL_REPRESENTATION('',(#1305),#1309);
#1305 = LINE('',#1306,#1307);
#1306 = CARTESIAN_POINT('',(-8.295664743404,1.566106653691E-16));
#1307 = VECTOR('',#1308,1.);
#1308 = DIRECTION('',(-0.,1.));
#1309 = ( GEOMETRIC_REPRESENTATION_CONTEXT(2) 
PARAMETRIC_REPRESENTATION_CONTEXT() REPRESENTATION_CONTEXT('2D SPACE',''
  ) );
#1310 = ORIENTED_EDGE('',*,*,#1311,.F.);
#1311 = EDGE_CURVE('',#903,#1289,#1312,.T.);
#1312 = SURFACE_CURVE('',#1313,(#1317,#1324),.PCURVE_S1.);
#1313 = LINE('',#1314,#1315);
#1314 = CARTESIAN_POINT('',(-15.,-6.820531467729,57.953879862989));
#1315 = VECTOR('',#1316,1.);
#1316 = DIRECTION('',(-0.,0.894427191,-0.4472135955));
#1317 = PCURVE('',#340,#1318);
#1318 = DEFINITIONAL_REPRESENTATION('',(#1319),#1323);
#1319 = LINE('',#1320,#1321);
#1320 = CARTESIAN_POINT('',(-3.1,-6.610027856008));
#1321 = VECTOR('',#1322,1.);
#1322 = DIRECTION('',(-0.,1.));
#1323 = ( GEOMETRIC_REPRESENTATION_CONTEXT(2) 
PARAMETRIC_REPRESENTATION_CONTEXT() REPRESENTATION_CONTEXT('2D SPACE',''
  ) );
#1324 = PCURVE('',#671,#1325);
#1325 = DEFINITIONAL_REPRESENTATION('',(#1326),#1330);
#1326 = LINE('',#1327,#1328);
#1327 = CARTESIAN_POINT('',(-5.895876993425,-6.610027856008));
#1328 = VECTOR('',#1329,1.);
#1329 = DIRECTION('',(1.615469725982E-16,-1.));
#1330 = ( GEOMETRIC_REPRESENTATION_CONTEXT(2) 
PARAMETRIC_REPRESENTATION_CONTEXT() REPRESENTATION_CONTEXT('2D SPACE',''
  ) );
#1331 = ORIENTED_EDGE('',*,*,#902,.T.);
#1332 = ORIENTED_EDGE('',*,*,#1333,.F.);
#1333 = EDGE_CURVE('',#1132,#873,#1334,.T.);
#1334 = SURFACE_CURVE('',#1335,(#1339,#1346),.PCURVE_S1.);
#1335 = LINE('',#1336,#1337);
#1336 = CARTESIAN_POINT('',(-18.1,-1.489720494199,55.288474376224));
#1337 = VECTOR('',#1338,1.);
#1338 = DIRECTION('',(-0.,-0.894427191,0.4472135955));
#1339 = PCURVE('',#340,#1340);
#1340 = DEFINITIONAL_REPRESENTATION('',(#1341),#1345);
#1341 = LINE('',#1342,#1343);
#1342 = CARTESIAN_POINT('',(-6.2,-0.65));
#1343 = VECTOR('',#1344,1.);
#1344 = DIRECTION('',(-0.,-1.));
#1345 = ( GEOMETRIC_REPRESENTATION_CONTEXT(2) 
PARAMETRIC_REPRESENTATION_CONTEXT() REPRESENTATION_CONTEXT('2D SPACE',''
  ) );
#1346 = PCURVE('',#543,#1347);
#1347 = DEFINITIONAL_REPRESENTATION('',(#1348),#1352);
#1348 = LINE('',#1349,#1350);
#1349 = CARTESIAN_POINT('',(-17.3,-0.65));
#1350 = VECTOR('',#1351,1.);
#1351 = DIRECTION('',(-1.060358213669E-16,1.));
#1352 = ( GEOMETRIC_REPRESENTATION_CONTEXT(2) 
PARAMETRIC_REPRESENTATION_CONTEXT() REPRESENTATION_CONTEXT('2D SPACE',''
  ) );
#1353 = ADVANCED_FACE('',(#1354),#312,.F.);
#1354 = FACE_BOUND('',#1355,.T.);
#1355 = EDGE_LOOP('',(#1356,#1357,#1380,#1402));
#1356 = ORIENTED_EDGE('',*,*,#291,.T.);
#1357 = ORIENTED_EDGE('',*,*,#1358,.T.);
#1358 = EDGE_CURVE('',#264,#1359,#1361,.T.);
#1359 = VERTEX_POINT('',#1360);
#1360 = CARTESIAN_POINT('',(-15.,17.582173266035,46.539760949718));
#1361 = SURFACE_CURVE('',#1362,(#1366,#1373),.PCURVE_S1.);
#1362 = LINE('',#1363,#1364);
#1363 = CARTESIAN_POINT('',(3.,17.582173266035,46.539760949718));
#1364 = VECTOR('',#1365,1.);
#1365 = DIRECTION('',(-1.,0.,-0.));
#1366 = PCURVE('',#312,#1367);
#1367 = DEFINITIONAL_REPRESENTATION('',(#1368),#1372);
#1368 = LINE('',#1369,#1370);
#1369 = CARTESIAN_POINT('',(-8.961130351769,3.276945082286E-16));
#1370 = VECTOR('',#1371,1.);
#1371 = DIRECTION('',(-0.,1.));
#1372 = ( GEOMETRIC_REPRESENTATION_CONTEXT(2) 
PARAMETRIC_REPRESENTATION_CONTEXT() REPRESENTATION_CONTEXT('2D SPACE',''
  ) );
#1373 = PCURVE('',#279,#1374);
#1374 = DEFINITIONAL_REPRESENTATION('',(#1375),#1379);
#1375 = LINE('',#1376,#1377);
#1376 = CARTESIAN_POINT('',(-0.,33.541019662497));
#1377 = VECTOR('',#1378,1.);
#1378 = DIRECTION('',(-1.,0.));
#1379 = ( GEOMETRIC_REPRESENTATION_CONTEXT(2) 
PARAMETRIC_REPRESENTATION_CONTEXT() REPRESENTATION_CONTEXT('2D SPACE',''
  ) );
#1380 = ORIENTED_EDGE('',*,*,#1381,.T.);
#1381 = EDGE_CURVE('',#1359,#1289,#1382,.T.);
#1382 = SURFACE_CURVE('',#1383,(#1388,#1395),.PCURVE_S1.);
#1383 = CIRCLE('',#1384,3.3);
#1384 = AXIS2_PLACEMENT_3D('',#1385,#1386,#1387);
#1385 = CARTESIAN_POINT('',(-15.,16.106368400885,43.588151219419));
#1386 = DIRECTION('',(-1.,-0.,0.));
#1387 = DIRECTION('',(-0.,0.4472135955,0.894427191));
#1388 = PCURVE('',#312,#1389);
#1389 = DEFINITIONAL_REPRESENTATION('',(#1390),#1394);
#1390 = LINE('',#1391,#1392);
#1391 = CARTESIAN_POINT('',(-8.961130351769,18.));
#1392 = VECTOR('',#1393,1.);
#1393 = DIRECTION('',(1.,-0.));
#1394 = ( GEOMETRIC_REPRESENTATION_CONTEXT(2) 
PARAMETRIC_REPRESENTATION_CONTEXT() REPRESENTATION_CONTEXT('2D SPACE',''
  ) );
#1395 = PCURVE('',#671,#1396);
#1396 = DEFINITIONAL_REPRESENTATION('',(#1397),#1401);
#1397 = CIRCLE('',#1398,3.3);
#1398 = AXIS2_PLACEMENT_2D('',#1399,#1400);
#1399 = CARTESIAN_POINT('',(-3.3,-33.54101966249));
#1400 = DIRECTION('',(-1.,-4.877669599421E-17));
#1401 = ( GEOMETRIC_REPRESENTATION_CONTEXT(2) 
PARAMETRIC_REPRESENTATION_CONTEXT() REPRESENTATION_CONTEXT('2D SPACE',''
  ) );
#1402 = ORIENTED_EDGE('',*,*,#1288,.F.);
#1403 = ADVANCED_FACE('',(#1404),#279,.F.);
#1404 = FACE_BOUND('',#1405,.T.);
#1405 = EDGE_LOOP('',(#1406,#1407,#1408,#1409));
#1406 = ORIENTED_EDGE('',*,*,#1358,.F.);
#1407 = ORIENTED_EDGE('',*,*,#263,.T.);
#1408 = ORIENTED_EDGE('',*,*,#631,.T.);
#1409 = ORIENTED_EDGE('',*,*,#1410,.T.);
#1410 = EDGE_CURVE('',#632,#1359,#1411,.T.);
#1411 = SURFACE_CURVE('',#1412,(#1416,#1423),.PCURVE_S1.);
#1412 = LINE('',#1413,#1414);
#1413 = CARTESIAN_POINT('',(-15.,-12.41782673396,61.539760949718));
#1414 = VECTOR('',#1415,1.);
#1415 = DIRECTION('',(-0.,0.894427191,-0.4472135955));
#1416 = PCURVE('',#279,#1417);
#1417 = DEFINITIONAL_REPRESENTATION('',(#1418),#1422);
#1418 = LINE('',#1419,#1420);
#1419 = CARTESIAN_POINT('',(-18.,0.));
#1420 = VECTOR('',#1421,1.);
#1421 = DIRECTION('',(-0.,1.));
#1422 = ( GEOMETRIC_REPRESENTATION_CONTEXT(2) 
PARAMETRIC_REPRESENTATION_CONTEXT() REPRESENTATION_CONTEXT('2D SPACE',''
  ) );
#1423 = PCURVE('',#671,#1424);
#1424 = DEFINITIONAL_REPRESENTATION('',(#1425),#1429);
#1425 = LINE('',#1426,#1427);
#1426 = CARTESIAN_POINT('',(-6.6,-3.369175403037E-15));
#1427 = VECTOR('',#1428,1.);
#1428 = DIRECTION('',(6.734455237049E-18,-1.));
#1429 = ( GEOMETRIC_REPRESENTATION_CONTEXT(2) 
PARAMETRIC_REPRESENTATION_CONTEXT() REPRESENTATION_CONTEXT('2D SPACE',''
  ) );
#1430 = ADVANCED_FACE('',(#1431),#101,.T.);
#1431 = FACE_BOUND('',#1432,.F.);
#1432 = EDGE_LOOP('',(#1433,#1434,#1435,#1458,#1479,#1480,#1503,#1531));
#1433 = ORIENTED_EDGE('',*,*,#207,.F.);
#1434 = ORIENTED_EDGE('',*,*,#609,.T.);
#1435 = ORIENTED_EDGE('',*,*,#1436,.T.);
#1436 = EDGE_CURVE('',#580,#1437,#1439,.T.);
#1437 = VERTEX_POINT('',#1438);
#1438 = CARTESIAN_POINT('',(-18.1,65.807893370498,26.894427191));
#1439 = SURFACE_CURVE('',#1440,(#1444,#1451),.PCURVE_S1.);
#1440 = LINE('',#1441,#1442);
#1441 = CARTESIAN_POINT('',(-18.1,3.080573050122E-02,59.782971010998));
#1442 = VECTOR('',#1443,1.);
#1443 = DIRECTION('',(-0.,0.894427191,-0.4472135955));
#1444 = PCURVE('',#101,#1445);
#1445 = DEFINITIONAL_REPRESENTATION('',(#1446),#1450);
#1446 = LINE('',#1447,#1448);
#1447 = CARTESIAN_POINT('',(-5.2,0.));
#1448 = VECTOR('',#1449,1.);
#1449 = DIRECTION('',(-0.,1.));
#1450 = ( GEOMETRIC_REPRESENTATION_CONTEXT(2) 
PARAMETRIC_REPRESENTATION_CONTEXT() REPRESENTATION_CONTEXT('2D SPACE',''
  ) );
#1451 = PCURVE('',#543,#1452);
#1452 = DEFINITIONAL_REPRESENTATION('',(#1453),#1457);
#1453 = LINE('',#1454,#1455);
#1454 = CARTESIAN_POINT('',(-22.,1.217031169979E-15));
#1455 = VECTOR('',#1456,1.);
#1456 = DIRECTION('',(8.739870707369E-19,-1.));
#1457 = ( GEOMETRIC_REPRESENTATION_CONTEXT(2) 
PARAMETRIC_REPRESENTATION_CONTEXT() REPRESENTATION_CONTEXT('2D SPACE',''
  ) );
#1458 = ORIENTED_EDGE('',*,*,#1459,.F.);
#1459 = EDGE_CURVE('',#57,#1437,#1460,.T.);
#1460 = SURFACE_CURVE('',#1461,(#1465,#1472),.PCURVE_S1.);
#1461 = LINE('',#1462,#1463);
#1462 = CARTESIAN_POINT('',(-12.9,65.807893370498,26.894427191));
#1463 = VECTOR('',#1464,1.);
#1464 = DIRECTION('',(-1.,0.,-0.));
#1465 = PCURVE('',#101,#1466);
#1466 = DEFINITIONAL_REPRESENTATION('',(#1467),#1471);
#1467 = LINE('',#1468,#1469);
#1468 = CARTESIAN_POINT('',(-0.,73.541019662497));
#1469 = VECTOR('',#1470,1.);
#1470 = DIRECTION('',(-1.,0.));
#1471 = ( GEOMETRIC_REPRESENTATION_CONTEXT(2) 
PARAMETRIC_REPRESENTATION_CONTEXT() REPRESENTATION_CONTEXT('2D SPACE',''
  ) );
#1472 = PCURVE('',#73,#1473);
#1473 = DEFINITIONAL_REPRESENTATION('',(#1474),#1478);
#1474 = LINE('',#1475,#1476);
#1475 = CARTESIAN_POINT('',(-8.961130351769,1.092315027429E-15));
#1476 = VECTOR('',#1477,1.);
#1477 = DIRECTION('',(-0.,1.));
#1478 = ( GEOMETRIC_REPRESENTATION_CONTEXT(2) 
PARAMETRIC_REPRESENTATION_CONTEXT() REPRESENTATION_CONTEXT('2D SPACE',''
  ) );
#1479 = ORIENTED_EDGE('',*,*,#85,.F.);
#1480 = ORIENTED_EDGE('',*,*,#1481,.T.);
#1481 = EDGE_CURVE('',#86,#1482,#1484,.T.);
#1482 = VERTEX_POINT('',#1483);
#1483 = CARTESIAN_POINT('',(-15.,33.243835191015,43.176456280741));
#1484 = SURFACE_CURVE('',#1485,(#1489,#1496),.PCURVE_S1.);
#1485 = LINE('',#1486,#1487);
#1486 = CARTESIAN_POINT('',(3.,33.243835191015,43.176456280741));
#1487 = VECTOR('',#1488,1.);
#1488 = DIRECTION('',(-1.,-0.,1.110223024625E-16));
#1489 = PCURVE('',#101,#1490);
#1490 = DEFINITIONAL_REPRESENTATION('',(#1491),#1495);
#1491 = LINE('',#1492,#1493);
#1492 = CARTESIAN_POINT('',(15.9,37.133295806206));
#1493 = VECTOR('',#1494,1.);
#1494 = DIRECTION('',(-1.,-4.965068306495E-17));
#1495 = ( GEOMETRIC_REPRESENTATION_CONTEXT(2) 
PARAMETRIC_REPRESENTATION_CONTEXT() REPRESENTATION_CONTEXT('2D SPACE',''
  ) );
#1496 = PCURVE('',#134,#1497);
#1497 = DEFINITIONAL_REPRESENTATION('',(#1498),#1502);
#1498 = LINE('',#1499,#1500);
#1499 = CARTESIAN_POINT('',(-6.084982132638,-3.592007247022E-16));
#1500 = VECTOR('',#1501,1.);
#1501 = DIRECTION('',(-0.,1.));
#1502 = ( GEOMETRIC_REPRESENTATION_CONTEXT(2) 
PARAMETRIC_REPRESENTATION_CONTEXT() REPRESENTATION_CONTEXT('2D SPACE',''
  ) );
#1503 = ORIENTED_EDGE('',*,*,#1504,.F.);
#1504 = EDGE_CURVE('',#1505,#1482,#1507,.T.);
#1505 = VERTEX_POINT('',#1506);
#1506 = CARTESIAN_POINT('',(-15.,1.695195444102,58.950776154198));
#1507 = SURFACE_CURVE('',#1508,(#1512,#1519),.PCURVE_S1.);
#1508 = LINE('',#1509,#1510);
#1509 = CARTESIAN_POINT('',(-15.,1.25016052403,59.173293614234));
#1510 = VECTOR('',#1511,1.);
#1511 = DIRECTION('',(-0.,0.894427191,-0.4472135955));
#1512 = PCURVE('',#101,#1513);
#1513 = DEFINITIONAL_REPRESENTATION('',(#1514),#1518);
#1514 = LINE('',#1515,#1516);
#1515 = CARTESIAN_POINT('',(-2.1,1.36328010351));
#1516 = VECTOR('',#1517,1.);
#1517 = DIRECTION('',(-0.,1.));
#1518 = ( GEOMETRIC_REPRESENTATION_CONTEXT(2) 
PARAMETRIC_REPRESENTATION_CONTEXT() REPRESENTATION_CONTEXT('2D SPACE',''
  ) );
#1519 = PCURVE('',#1520,#1525);
#1520 = PLANE('',#1521);
#1521 = AXIS2_PLACEMENT_3D('',#1522,#1523,#1524);
#1522 = CARTESIAN_POINT('',(-15.,2.417826733965,58.460239050282));
#1523 = DIRECTION('',(-1.,-0.,-0.));
#1524 = DIRECTION('',(0.,-0.4472135955,-0.894427191));
#1525 = DEFINITIONAL_REPRESENTATION('',(#1526),#1530);
#1526 = LINE('',#1527,#1528);
#1527 = CARTESIAN_POINT('',(-0.115579186577,1.36328010351));
#1528 = VECTOR('',#1529,1.);
#1529 = DIRECTION('',(8.739870707369E-19,-1.));
#1530 = ( GEOMETRIC_REPRESENTATION_CONTEXT(2) 
PARAMETRIC_REPRESENTATION_CONTEXT() REPRESENTATION_CONTEXT('2D SPACE',''
  ) );
#1531 = ORIENTED_EDGE('',*,*,#1532,.F.);
#1532 = EDGE_CURVE('',#175,#1505,#1533,.T.);
#1533 = SURFACE_CURVE('',#1534,(#1538,#1545),.PCURVE_S1.);
#1534 = LINE('',#1535,#1536);
#1535 = CARTESIAN_POINT('',(3.,1.695195444102,58.950776154198));
#1536 = VECTOR('',#1537,1.);
#1537 = DIRECTION('',(-1.,-0.,1.110223024625E-16));
#1538 = PCURVE('',#101,#1539);
#1539 = DEFINITIONAL_REPRESENTATION('',(#1540),#1544);
#1540 = LINE('',#1541,#1542);
#1541 = CARTESIAN_POINT('',(15.9,1.860844270332));
#1542 = VECTOR('',#1543,1.);
#1543 = DIRECTION('',(-1.,-4.965068306495E-17));
#1544 = ( GEOMETRIC_REPRESENTATION_CONTEXT(2) 
PARAMETRIC_REPRESENTATION_CONTEXT() REPRESENTATION_CONTEXT('2D SPACE',''
  ) );
#1545 = PCURVE('',#195,#1546);
#1546 = DEFINITIONAL_REPRESENTATION('',(#1547),#1551);
#1547 = LINE('',#1548,#1549);
#1548 = CARTESIAN_POINT('',(-5.554093263719,-2.732339495086E-16));
#1549 = VECTOR('',#1550,1.);
#1550 = DIRECTION('',(-0.,1.));
#1551 = ( GEOMETRIC_REPRESENTATION_CONTEXT(2) 
PARAMETRIC_REPRESENTATION_CONTEXT() REPRESENTATION_CONTEXT('2D SPACE',''
  ) );
#1552 = ADVANCED_FACE('',(#1553),#195,.F.);
#1553 = FACE_BOUND('',#1554,.T.);
#1554 = EDGE_LOOP('',(#1555,#1583,#1584,#1585));
#1555 = ORIENTED_EDGE('',*,*,#1556,.F.);
#1556 = EDGE_CURVE('',#1505,#1557,#1559,.T.);
#1557 = VERTEX_POINT('',#1558);
#1558 = CARTESIAN_POINT('',(-15.,2.417826733965,58.460239050282));
#1559 = SURFACE_CURVE('',#1560,(#1565,#1572),.PCURVE_S1.);
#1560 = CIRCLE('',#1561,3.3);
#1561 = AXIS2_PLACEMENT_3D('',#1562,#1563,#1564);
#1562 = CARTESIAN_POINT('',(-15.,3.893631599115,61.411848780581));
#1563 = DIRECTION('',(1.,0.,-1.110223024625E-16));
#1564 = DIRECTION('',(-1.110223024625E-16,0.,-1.));
#1565 = PCURVE('',#195,#1566);
#1566 = DEFINITIONAL_REPRESENTATION('',(#1567),#1571);
#1567 = LINE('',#1568,#1569);
#1568 = CARTESIAN_POINT('',(-0.,18.));
#1569 = VECTOR('',#1570,1.);
#1570 = DIRECTION('',(-1.,0.));
#1571 = ( GEOMETRIC_REPRESENTATION_CONTEXT(2) 
PARAMETRIC_REPRESENTATION_CONTEXT() REPRESENTATION_CONTEXT('2D SPACE',''
  ) );
#1572 = PCURVE('',#1520,#1573);
#1573 = DEFINITIONAL_REPRESENTATION('',(#1574),#1582);
#1574 = ( BOUNDED_CURVE() B_SPLINE_CURVE(2,(#1575,#1576,#1577,#1578,
#1579,#1580,#1581),.UNSPECIFIED.,.T.,.F.) B_SPLINE_CURVE_WITH_KNOTS((1,2
    ,2,2,2,1),(-2.094395102393,0.,2.094395102393,4.188790204786,
6.28318530718,8.377580409573),.UNSPECIFIED.) CURVE() 
GEOMETRIC_REPRESENTATION_ITEM() RATIONAL_B_SPLINE_CURVE((1.,0.5,1.,0.5,
1.,0.5,1.)) REPRESENTATION_ITEM('') );
#1575 = CARTESIAN_POINT('',(-0.3483902697,-1.47580486515));
#1576 = CARTESIAN_POINT('',(-2.904559278197,-6.588142882144));
#1577 = CARTESIAN_POINT('',(-6.053889369398,-1.818266575922));
#1578 = CARTESIAN_POINT('',(-9.203219460599,2.9516097303));
#1579 = CARTESIAN_POINT('',(-3.497720360901,3.294071441072));
#1580 = CARTESIAN_POINT('',(2.207778738797,3.636533151844));
#1581 = CARTESIAN_POINT('',(-0.3483902697,-1.47580486515));
#1582 = ( GEOMETRIC_REPRESENTATION_CONTEXT(2) 
PARAMETRIC_REPRESENTATION_CONTEXT() REPRESENTATION_CONTEXT('2D SPACE',''
  ) );
#1583 = ORIENTED_EDGE('',*,*,#1532,.F.);
#1584 = ORIENTED_EDGE('',*,*,#174,.T.);
#1585 = ORIENTED_EDGE('',*,*,#1586,.T.);
#1586 = EDGE_CURVE('',#147,#1557,#1587,.T.);
#1587 = SURFACE_CURVE('',#1588,(#1592,#1599),.PCURVE_S1.);
#1588 = LINE('',#1589,#1590);
#1589 = CARTESIAN_POINT('',(3.,2.417826733965,58.460239050282));
#1590 = VECTOR('',#1591,1.);
#1591 = DIRECTION('',(-1.,0.,-0.));
#1592 = PCURVE('',#195,#1593);
#1593 = DEFINITIONAL_REPRESENTATION('',(#1594),#1598);
#1594 = LINE('',#1595,#1596);
#1595 = CARTESIAN_POINT('',(-5.819537698179,-3.276945082286E-16));
#1596 = VECTOR('',#1597,1.);
#1597 = DIRECTION('',(-0.,1.));
#1598 = ( GEOMETRIC_REPRESENTATION_CONTEXT(2) 
PARAMETRIC_REPRESENTATION_CONTEXT() REPRESENTATION_CONTEXT('2D SPACE',''
  ) );
#1599 = PCURVE('',#162,#1600);
#1600 = DEFINITIONAL_REPRESENTATION('',(#1601),#1605);
#1601 = LINE('',#1602,#1603);
#1602 = CARTESIAN_POINT('',(0.,-0.));
#1603 = VECTOR('',#1604,1.);
#1604 = DIRECTION('',(-1.,0.));
#1605 = ( GEOMETRIC_REPRESENTATION_CONTEXT(2) 
PARAMETRIC_REPRESENTATION_CONTEXT() REPRESENTATION_CONTEXT('2D SPACE',''
  ) );
#1606 = ADVANCED_FACE('',(#1607),#162,.T.);
#1607 = FACE_BOUND('',#1608,.F.);
#1608 = EDGE_LOOP('',(#1609,#1632,#1633,#1634));
#1609 = ORIENTED_EDGE('',*,*,#1610,.F.);
#1610 = EDGE_CURVE('',#114,#1611,#1613,.T.);
#1611 = VERTEX_POINT('',#1612);
#1612 = CARTESIAN_POINT('',(-15.,32.417826733965,43.460239050282));
#1613 = SURFACE_CURVE('',#1614,(#1618,#1625),.PCURVE_S1.);
#1614 = LINE('',#1615,#1616);
#1615 = CARTESIAN_POINT('',(3.,32.417826733965,43.460239050282));
#1616 = VECTOR('',#1617,1.);
#1617 = DIRECTION('',(-1.,0.,-0.));
#1618 = PCURVE('',#162,#1619);
#1619 = DEFINITIONAL_REPRESENTATION('',(#1620),#1624);
#1620 = LINE('',#1621,#1622);
#1621 = CARTESIAN_POINT('',(-0.,33.541019662497));
#1622 = VECTOR('',#1623,1.);
#1623 = DIRECTION('',(-1.,0.));
#1624 = ( GEOMETRIC_REPRESENTATION_CONTEXT(2) 
PARAMETRIC_REPRESENTATION_CONTEXT() REPRESENTATION_CONTEXT('2D SPACE',''
  ) );
#1625 = PCURVE('',#134,#1626);
#1626 = DEFINITIONAL_REPRESENTATION('',(#1627),#1631);
#1627 = LINE('',#1628,#1629);
#1628 = CARTESIAN_POINT('',(-5.819537698179,-3.276945082286E-16));
#1629 = VECTOR('',#1630,1.);
#1630 = DIRECTION('',(-0.,1.));
#1631 = ( GEOMETRIC_REPRESENTATION_CONTEXT(2) 
PARAMETRIC_REPRESENTATION_CONTEXT() REPRESENTATION_CONTEXT('2D SPACE',''
  ) );
#1632 = ORIENTED_EDGE('',*,*,#146,.T.);
#1633 = ORIENTED_EDGE('',*,*,#1586,.T.);
#1634 = ORIENTED_EDGE('',*,*,#1635,.T.);
#1635 = EDGE_CURVE('',#1557,#1611,#1636,.T.);
#1636 = SURFACE_CURVE('',#1637,(#1641,#1648),.PCURVE_S1.);
#1637 = LINE('',#1638,#1639);
#1638 = CARTESIAN_POINT('',(-15.,2.417826733965,58.460239050282));
#1639 = VECTOR('',#1640,1.);
#1640 = DIRECTION('',(-0.,0.894427191,-0.4472135955));
#1641 = PCURVE('',#162,#1642);
#1642 = DEFINITIONAL_REPRESENTATION('',(#1643),#1647);
#1643 = LINE('',#1644,#1645);
#1644 = CARTESIAN_POINT('',(-18.,0.));
#1645 = VECTOR('',#1646,1.);
#1646 = DIRECTION('',(-0.,1.));
#1647 = ( GEOMETRIC_REPRESENTATION_CONTEXT(2) 
PARAMETRIC_REPRESENTATION_CONTEXT() REPRESENTATION_CONTEXT('2D SPACE',''
  ) );
#1648 = PCURVE('',#1520,#1649);
#1649 = DEFINITIONAL_REPRESENTATION('',(#1650),#1654);
#1650 = LINE('',#1651,#1652);
#1651 = CARTESIAN_POINT('',(-0.,0.));
#1652 = VECTOR('',#1653,1.);
#1653 = DIRECTION('',(8.739870707369E-19,-1.));
#1654 = ( GEOMETRIC_REPRESENTATION_CONTEXT(2) 
PARAMETRIC_REPRESENTATION_CONTEXT() REPRESENTATION_CONTEXT('2D SPACE',''
  ) );
#1655 = ADVANCED_FACE('',(#1656),#134,.F.);
#1656 = FACE_BOUND('',#1657,.T.);
#1657 = EDGE_LOOP('',(#1658,#1659,#1660,#1661));
#1658 = ORIENTED_EDGE('',*,*,#1610,.F.);
#1659 = ORIENTED_EDGE('',*,*,#113,.T.);
#1660 = ORIENTED_EDGE('',*,*,#1481,.T.);
#1661 = ORIENTED_EDGE('',*,*,#1662,.T.);
#1662 = EDGE_CURVE('',#1482,#1611,#1663,.T.);
#1663 = SURFACE_CURVE('',#1664,(#1669,#1676),.PCURVE_S1.);
#1664 = CIRCLE('',#1665,3.3);
#1665 = AXIS2_PLACEMENT_3D('',#1666,#1667,#1668);
#1666 = CARTESIAN_POINT('',(-15.,33.893631599115,46.411848780581));
#1667 = DIRECTION('',(-1.,-0.,0.));
#1668 = DIRECTION('',(-0.,0.4472135955,0.894427191));
#1669 = PCURVE('',#134,#1670);
#1670 = DEFINITIONAL_REPRESENTATION('',(#1671),#1675);
#1671 = LINE('',#1672,#1673);
#1672 = CARTESIAN_POINT('',(-8.961130351769,18.));
#1673 = VECTOR('',#1674,1.);
#1674 = DIRECTION('',(1.,-0.));
#1675 = ( GEOMETRIC_REPRESENTATION_CONTEXT(2) 
PARAMETRIC_REPRESENTATION_CONTEXT() REPRESENTATION_CONTEXT('2D SPACE',''
  ) );
#1676 = PCURVE('',#1520,#1677);
#1677 = DEFINITIONAL_REPRESENTATION('',(#1678),#1682);
#1678 = CIRCLE('',#1679,3.3);
#1679 = AXIS2_PLACEMENT_2D('',#1680,#1681);
#1680 = CARTESIAN_POINT('',(-3.3,-33.54101966249));
#1681 = DIRECTION('',(-1.,8.739870707369E-19));
#1682 = ( GEOMETRIC_REPRESENTATION_CONTEXT(2) 
PARAMETRIC_REPRESENTATION_CONTEXT() REPRESENTATION_CONTEXT('2D SPACE',''
  ) );
#1683 = ADVANCED_FACE('',(#1684),#73,.T.);
#1684 = FACE_BOUND('',#1685,.F.);
#1685 = EDGE_LOOP('',(#1686,#1687,#1688,#1710));
#1686 = ORIENTED_EDGE('',*,*,#56,.F.);
#1687 = ORIENTED_EDGE('',*,*,#1459,.T.);
#1688 = ORIENTED_EDGE('',*,*,#1689,.T.);
#1689 = EDGE_CURVE('',#1437,#528,#1690,.T.);
#1690 = SURFACE_CURVE('',#1691,(#1696,#1703),.PCURVE_S1.);
#1691 = CIRCLE('',#1692,11.);
#1692 = AXIS2_PLACEMENT_3D('',#1693,#1694,#1695);
#1693 = CARTESIAN_POINT('',(-18.1,60.888543819998,17.055728090001));
#1694 = DIRECTION('',(-1.,-0.,0.));
#1695 = DIRECTION('',(-0.,0.4472135955,0.894427191));
#1696 = PCURVE('',#73,#1697);
#1697 = DEFINITIONAL_REPRESENTATION('',(#1698),#1702);
#1698 = LINE('',#1699,#1700);
#1699 = CARTESIAN_POINT('',(-8.961130351769,5.2));
#1700 = VECTOR('',#1701,1.);
#1701 = DIRECTION('',(1.,-0.));
#1702 = ( GEOMETRIC_REPRESENTATION_CONTEXT(2) 
PARAMETRIC_REPRESENTATION_CONTEXT() REPRESENTATION_CONTEXT('2D SPACE',''
  ) );
#1703 = PCURVE('',#543,#1704);
#1704 = DEFINITIONAL_REPRESENTATION('',(#1705),#1709);
#1705 = CIRCLE('',#1706,11.);
#1706 = AXIS2_PLACEMENT_2D('',#1707,#1708);
#1707 = CARTESIAN_POINT('',(-11.,-73.54101966249));
#1708 = DIRECTION('',(-1.,3.835915775232E-16));
#1709 = ( GEOMETRIC_REPRESENTATION_CONTEXT(2) 
PARAMETRIC_REPRESENTATION_CONTEXT() REPRESENTATION_CONTEXT('2D SPACE',''
  ) );
#1710 = ORIENTED_EDGE('',*,*,#555,.F.);
#1711 = ADVANCED_FACE('',(#1712,#1740),#543,.T.);
#1712 = FACE_BOUND('',#1713,.F.);
#1713 = EDGE_LOOP('',(#1714,#1715,#1716,#1717,#1718,#1739));
#1714 = ORIENTED_EDGE('',*,*,#527,.T.);
#1715 = ORIENTED_EDGE('',*,*,#1689,.F.);
#1716 = ORIENTED_EDGE('',*,*,#1436,.F.);
#1717 = ORIENTED_EDGE('',*,*,#579,.T.);
#1718 = ORIENTED_EDGE('',*,*,#1719,.F.);
#1719 = EDGE_CURVE('',#711,#582,#1720,.T.);
#1720 = SURFACE_CURVE('',#1721,(#1725,#1732),.PCURVE_S1.);
#1721 = LINE('',#1722,#1723);
#1722 = CARTESIAN_POINT('',(-18.1,15.473044183862,66.5634999022));
#1723 = VECTOR('',#1724,1.);
#1724 = DIRECTION('',(-0.,0.936663474029,0.350230690289));
#1725 = PCURVE('',#543,#1726);
#1726 = DEFINITIONAL_REPRESENTATION('',(#1727),#1731);
#1727 = LINE('',#1728,#1729);
#1728 = CARTESIAN_POINT('',(-34.97066839094,-10.77961325776));
#1729 = VECTOR('',#1730,1.);
#1730 = DIRECTION('',(-0.732144492511,-0.681149353729));
#1731 = ( GEOMETRIC_REPRESENTATION_CONTEXT(2) 
PARAMETRIC_REPRESENTATION_CONTEXT() REPRESENTATION_CONTEXT('2D SPACE',''
  ) );
#1732 = PCURVE('',#754,#1733);
#1733 = DEFINITIONAL_REPRESENTATION('',(#1734),#1738);
#1734 = LINE('',#1735,#1736);
#1735 = CARTESIAN_POINT('',(-1.2,32.94610886584));
#1736 = VECTOR('',#1737,1.);
#1737 = DIRECTION('',(-0.,-1.));
#1738 = ( GEOMETRIC_REPRESENTATION_CONTEXT(2) 
PARAMETRIC_REPRESENTATION_CONTEXT() REPRESENTATION_CONTEXT('2D SPACE',''
  ) );
#1739 = ORIENTED_EDGE('',*,*,#710,.T.);
#1740 = FACE_BOUND('',#1741,.F.);
#1741 = EDGE_LOOP('',(#1742,#1743,#1744,#1745,#1773,#1801,#1827,#1828,
    #1829,#1830,#1858,#1886));
#1742 = ORIENTED_EDGE('',*,*,#1257,.F.);
#1743 = ORIENTED_EDGE('',*,*,#1105,.T.);
#1744 = ORIENTED_EDGE('',*,*,#976,.F.);
#1745 = ORIENTED_EDGE('',*,*,#1746,.T.);
#1746 = EDGE_CURVE('',#977,#1747,#1749,.T.);
#1747 = VERTEX_POINT('',#1748);
#1748 = CARTESIAN_POINT('',(-18.1,-10.28297101099,45.891485505499));
#1749 = SURFACE_CURVE('',#1750,(#1754,#1761),.PCURVE_S1.);
#1750 = LINE('',#1751,#1752);
#1751 = CARTESIAN_POINT('',(-18.1,-10.04543219074,45.891485505499));
#1752 = VECTOR('',#1753,1.);
#1753 = DIRECTION('',(-0.,-1.,-0.));
#1754 = PCURVE('',#543,#1755);
#1755 = DEFINITIONAL_REPRESENTATION('',(#1756),#1760);
#1756 = LINE('',#1757,#1758);
#1757 = CARTESIAN_POINT('',(-5.068847050625,2.8));
#1758 = VECTOR('',#1759,1.);
#1759 = DIRECTION('',(0.4472135955,0.894427191));
#1760 = ( GEOMETRIC_REPRESENTATION_CONTEXT(2) 
PARAMETRIC_REPRESENTATION_CONTEXT() REPRESENTATION_CONTEXT('2D SPACE',''
  ) );
#1761 = PCURVE('',#1762,#1767);
#1762 = PLANE('',#1763);
#1763 = AXIS2_PLACEMENT_3D('',#1764,#1765,#1766);
#1764 = CARTESIAN_POINT('',(-15.5,-10.28297101099,45.891485505499));
#1765 = DIRECTION('',(0.,-0.,1.));
#1766 = DIRECTION('',(1.,0.,0.));
#1767 = DEFINITIONAL_REPRESENTATION('',(#1768),#1772);
#1768 = LINE('',#1769,#1770);
#1769 = CARTESIAN_POINT('',(-2.6,0.23753882025));
#1770 = VECTOR('',#1771,1.);
#1771 = DIRECTION('',(-0.,-1.));
#1772 = ( GEOMETRIC_REPRESENTATION_CONTEXT(2) 
PARAMETRIC_REPRESENTATION_CONTEXT() REPRESENTATION_CONTEXT('2D SPACE',''
  ) );
#1773 = ORIENTED_EDGE('',*,*,#1774,.T.);
#1774 = EDGE_CURVE('',#1747,#1775,#1777,.T.);
#1775 = VERTEX_POINT('',#1776);
#1776 = CARTESIAN_POINT('',(-18.1,-10.28297101099,54.891485505499));
#1777 = SURFACE_CURVE('',#1778,(#1782,#1789),.PCURVE_S1.);
#1778 = LINE('',#1779,#1780);
#1779 = CARTESIAN_POINT('',(-18.1,-10.28297101099,42.99852915725));
#1780 = VECTOR('',#1781,1.);
#1781 = DIRECTION('',(-0.,-0.,1.));
#1782 = PCURVE('',#543,#1783);
#1783 = DEFINITIONAL_REPRESENTATION('',(#1784),#1788);
#1784 = LINE('',#1785,#1786);
#1785 = CARTESIAN_POINT('',(-2.3750776405,1.718691769625));
#1786 = VECTOR('',#1787,1.);
#1787 = DIRECTION('',(-0.894427191,0.4472135955));
#1788 = ( GEOMETRIC_REPRESENTATION_CONTEXT(2) 
PARAMETRIC_REPRESENTATION_CONTEXT() REPRESENTATION_CONTEXT('2D SPACE',''
  ) );
#1789 = PCURVE('',#1790,#1795);
#1790 = PLANE('',#1791);
#1791 = AXIS2_PLACEMENT_3D('',#1792,#1793,#1794);
#1792 = CARTESIAN_POINT('',(-15.5,-10.28297101099,45.891485505499));
#1793 = DIRECTION('',(-0.,1.,0.));
#1794 = DIRECTION('',(0.,0.,-1.));
#1795 = DEFINITIONAL_REPRESENTATION('',(#1796),#1800);
#1796 = LINE('',#1797,#1798);
#1797 = CARTESIAN_POINT('',(2.89295634825,2.6));
#1798 = VECTOR('',#1799,1.);
#1799 = DIRECTION('',(-1.,-0.));
#1800 = ( GEOMETRIC_REPRESENTATION_CONTEXT(2) 
PARAMETRIC_REPRESENTATION_CONTEXT() REPRESENTATION_CONTEXT('2D SPACE',''
  ) );
#1801 = ORIENTED_EDGE('',*,*,#1802,.F.);
#1802 = EDGE_CURVE('',#875,#1775,#1803,.T.);
#1803 = SURFACE_CURVE('',#1804,(#1808,#1815),.PCURVE_S1.);
#1804 = LINE('',#1805,#1806);
#1805 = CARTESIAN_POINT('',(-18.1,-10.04543219074,54.891485505499));
#1806 = VECTOR('',#1807,1.);
#1807 = DIRECTION('',(-0.,-1.,-0.));
#1808 = PCURVE('',#543,#1809);
#1809 = DEFINITIONAL_REPRESENTATION('',(#1810),#1814);
#1810 = LINE('',#1811,#1812);
#1811 = CARTESIAN_POINT('',(-13.11869176962,6.8249223595));
#1812 = VECTOR('',#1813,1.);
#1813 = DIRECTION('',(0.4472135955,0.894427191));
#1814 = ( GEOMETRIC_REPRESENTATION_CONTEXT(2) 
PARAMETRIC_REPRESENTATION_CONTEXT() REPRESENTATION_CONTEXT('2D SPACE',''
  ) );
#1815 = PCURVE('',#1816,#1821);
#1816 = PLANE('',#1817);
#1817 = AXIS2_PLACEMENT_3D('',#1818,#1819,#1820);
#1818 = CARTESIAN_POINT('',(-15.5,-10.28297101099,54.891485505499));
#1819 = DIRECTION('',(0.,-0.,1.));
#1820 = DIRECTION('',(1.,0.,0.));
#1821 = DEFINITIONAL_REPRESENTATION('',(#1822),#1826);
#1822 = LINE('',#1823,#1824);
#1823 = CARTESIAN_POINT('',(-2.6,0.23753882025));
#1824 = VECTOR('',#1825,1.);
#1825 = DIRECTION('',(-0.,-1.));
#1826 = ( GEOMETRIC_REPRESENTATION_CONTEXT(2) 
PARAMETRIC_REPRESENTATION_CONTEXT() REPRESENTATION_CONTEXT('2D SPACE',''
  ) );
#1827 = ORIENTED_EDGE('',*,*,#872,.F.);
#1828 = ORIENTED_EDGE('',*,*,#1333,.F.);
#1829 = ORIENTED_EDGE('',*,*,#1154,.F.);
#1830 = ORIENTED_EDGE('',*,*,#1831,.F.);
#1831 = EDGE_CURVE('',#1832,#1155,#1834,.T.);
#1832 = VERTEX_POINT('',#1833);
#1833 = CARTESIAN_POINT('',(-18.1,66.282971010998,21.108514494501));
#1834 = SURFACE_CURVE('',#1835,(#1839,#1846),.PCURVE_S1.);
#1835 = LINE('',#1836,#1837);
#1836 = CARTESIAN_POINT('',(-18.1,23.73753882025,21.108514494501));
#1837 = VECTOR('',#1838,1.);
#1838 = DIRECTION('',(-0.,-1.,-0.));
#1839 = PCURVE('',#543,#1840);
#1840 = DEFINITIONAL_REPRESENTATION('',(#1841),#1845);
#1841 = LINE('',#1842,#1843);
#1842 = CARTESIAN_POINT('',(1.989512162875,-38.49968943799));
#1843 = VECTOR('',#1844,1.);
#1844 = DIRECTION('',(0.4472135955,0.894427191));
#1845 = ( GEOMETRIC_REPRESENTATION_CONTEXT(2) 
PARAMETRIC_REPRESENTATION_CONTEXT() REPRESENTATION_CONTEXT('2D SPACE',''
  ) );
#1846 = PCURVE('',#1847,#1852);
#1847 = PLANE('',#1848);
#1848 = AXIS2_PLACEMENT_3D('',#1849,#1850,#1851);
#1849 = CARTESIAN_POINT('',(-15.5,57.282971010998,21.108514494501));
#1850 = DIRECTION('',(0.,-0.,1.));
#1851 = DIRECTION('',(1.,0.,0.));
#1852 = DEFINITIONAL_REPRESENTATION('',(#1853),#1857);
#1853 = LINE('',#1854,#1855);
#1854 = CARTESIAN_POINT('',(-2.6,-33.54543219074));
#1855 = VECTOR('',#1856,1.);
#1856 = DIRECTION('',(-0.,-1.));
#1857 = ( GEOMETRIC_REPRESENTATION_CONTEXT(2) 
PARAMETRIC_REPRESENTATION_CONTEXT() REPRESENTATION_CONTEXT('2D SPACE',''
  ) );
#1858 = ORIENTED_EDGE('',*,*,#1859,.F.);
#1859 = EDGE_CURVE('',#1860,#1832,#1862,.T.);
#1860 = VERTEX_POINT('',#1861);
#1861 = CARTESIAN_POINT('',(-18.1,66.282971010998,12.108514494501));
#1862 = SURFACE_CURVE('',#1863,(#1867,#1874),.PCURVE_S1.);
#1863 = LINE('',#1864,#1865);
#1864 = CARTESIAN_POINT('',(-18.1,66.282971010998,26.10704365175));
#1865 = VECTOR('',#1866,1.);
#1866 = DIRECTION('',(-0.,-0.,1.));
#1867 = PCURVE('',#543,#1868);
#1868 = DEFINITIONAL_REPRESENTATION('',(#1869),#1873);
#1869 = LINE('',#1870,#1871);
#1870 = CARTESIAN_POINT('',(-21.50820393249,-74.31807064562));
#1871 = VECTOR('',#1872,1.);
#1872 = DIRECTION('',(-0.894427191,0.4472135955));
#1873 = ( GEOMETRIC_REPRESENTATION_CONTEXT(2) 
PARAMETRIC_REPRESENTATION_CONTEXT() REPRESENTATION_CONTEXT('2D SPACE',''
  ) );
#1874 = PCURVE('',#1875,#1880);
#1875 = PLANE('',#1876);
#1876 = AXIS2_PLACEMENT_3D('',#1877,#1878,#1879);
#1877 = CARTESIAN_POINT('',(-15.5,66.282971010998,12.108514494501));
#1878 = DIRECTION('',(-0.,1.,0.));
#1879 = DIRECTION('',(0.,0.,-1.));
#1880 = DEFINITIONAL_REPRESENTATION('',(#1881),#1885);
#1881 = LINE('',#1882,#1883);
#1882 = CARTESIAN_POINT('',(-13.99852915725,2.6));
#1883 = VECTOR('',#1884,1.);
#1884 = DIRECTION('',(-1.,-0.));
#1885 = ( GEOMETRIC_REPRESENTATION_CONTEXT(2) 
PARAMETRIC_REPRESENTATION_CONTEXT() REPRESENTATION_CONTEXT('2D SPACE',''
  ) );
#1886 = ORIENTED_EDGE('',*,*,#1887,.T.);
#1887 = EDGE_CURVE('',#1860,#1235,#1888,.T.);
#1888 = SURFACE_CURVE('',#1889,(#1893,#1900),.PCURVE_S1.);
#1889 = LINE('',#1890,#1891);
#1890 = CARTESIAN_POINT('',(-18.1,23.73753882025,12.108514494501));
#1891 = VECTOR('',#1892,1.);
#1892 = DIRECTION('',(-0.,-1.,-0.));
#1893 = PCURVE('',#543,#1894);
#1894 = DEFINITIONAL_REPRESENTATION('',(#1895),#1899);
#1895 = LINE('',#1896,#1897);
#1896 = CARTESIAN_POINT('',(10.039356881874,-42.52461179749));
#1897 = VECTOR('',#1898,1.);
#1898 = DIRECTION('',(0.4472135955,0.894427191));
#1899 = ( GEOMETRIC_REPRESENTATION_CONTEXT(2) 
PARAMETRIC_REPRESENTATION_CONTEXT() REPRESENTATION_CONTEXT('2D SPACE',''
  ) );
#1900 = PCURVE('',#1901,#1906);
#1901 = PLANE('',#1902);
#1902 = AXIS2_PLACEMENT_3D('',#1903,#1904,#1905);
#1903 = CARTESIAN_POINT('',(-15.5,57.282971010998,12.108514494501));
#1904 = DIRECTION('',(0.,-0.,1.));
#1905 = DIRECTION('',(1.,0.,0.));
#1906 = DEFINITIONAL_REPRESENTATION('',(#1907),#1911);
#1907 = LINE('',#1908,#1909);
#1908 = CARTESIAN_POINT('',(-2.6,-33.54543219074));
#1909 = VECTOR('',#1910,1.);
#1910 = DIRECTION('',(-0.,-1.));
#1911 = ( GEOMETRIC_REPRESENTATION_CONTEXT(2) 
PARAMETRIC_REPRESENTATION_CONTEXT() REPRESENTATION_CONTEXT('2D SPACE',''
  ) );
#1912 = ADVANCED_FACE('',(#1913),#754,.T.);
#1913 = FACE_BOUND('',#1914,.F.);
#1914 = EDGE_LOOP('',(#1915,#1938,#1966,#1994,#2022,#2050,#2078,#2106,
    #2134,#2155,#2156,#2157));
#1915 = ORIENTED_EDGE('',*,*,#1916,.F.);
#1916 = EDGE_CURVE('',#1917,#767,#1919,.T.);
#1917 = VERTEX_POINT('',#1918);
#1918 = CARTESIAN_POINT('',(-16.9,46.33246096987,78.10223835262));
#1919 = SURFACE_CURVE('',#1920,(#1924,#1931),.PCURVE_S1.);
#1920 = LINE('',#1921,#1922);
#1921 = CARTESIAN_POINT('',(-16.9,46.33246096987,78.10223835262));
#1922 = VECTOR('',#1923,1.);
#1923 = DIRECTION('',(0.,-0.936663474029,-0.350230690289));
#1924 = PCURVE('',#754,#1925);
#1925 = DEFINITIONAL_REPRESENTATION('',(#1926),#1930);
#1926 = LINE('',#1927,#1928);
#1927 = CARTESIAN_POINT('',(-0.,-0.));
#1928 = VECTOR('',#1929,1.);
#1929 = DIRECTION('',(-0.,1.));
#1930 = ( GEOMETRIC_REPRESENTATION_CONTEXT(2) 
PARAMETRIC_REPRESENTATION_CONTEXT() REPRESENTATION_CONTEXT('2D SPACE',''
  ) );
#1931 = PCURVE('',#783,#1932);
#1932 = DEFINITIONAL_REPRESENTATION('',(#1933),#1937);
#1933 = LINE('',#1934,#1935);
#1934 = CARTESIAN_POINT('',(-22.,-9.323943302915E-15));
#1935 = VECTOR('',#1936,1.);
#1936 = DIRECTION('',(-1.900502719066E-17,-1.));
#1937 = ( GEOMETRIC_REPRESENTATION_CONTEXT(2) 
PARAMETRIC_REPRESENTATION_CONTEXT() REPRESENTATION_CONTEXT('2D SPACE',''
  ) );
#1938 = ORIENTED_EDGE('',*,*,#1939,.T.);
#1939 = EDGE_CURVE('',#1917,#1940,#1942,.T.);
#1940 = VERTEX_POINT('',#1941);
#1941 = CARTESIAN_POINT('',(-22.1,46.33246096987,78.10223835262));
#1942 = SURFACE_CURVE('',#1943,(#1947,#1954),.PCURVE_S1.);
#1943 = LINE('',#1944,#1945);
#1944 = CARTESIAN_POINT('',(-16.9,46.33246096987,78.10223835262));
#1945 = VECTOR('',#1946,1.);
#1946 = DIRECTION('',(-1.,0.,-0.));
#1947 = PCURVE('',#754,#1948);
#1948 = DEFINITIONAL_REPRESENTATION('',(#1949),#1953);
#1949 = LINE('',#1950,#1951);
#1950 = CARTESIAN_POINT('',(-0.,-0.));
#1951 = VECTOR('',#1952,1.);
#1952 = DIRECTION('',(-1.,0.));
#1953 = ( GEOMETRIC_REPRESENTATION_CONTEXT(2) 
PARAMETRIC_REPRESENTATION_CONTEXT() REPRESENTATION_CONTEXT('2D SPACE',''
  ) );
#1954 = PCURVE('',#1955,#1960);
#1955 = CYLINDRICAL_SURFACE('',#1956,11.);
#1956 = AXIS2_PLACEMENT_3D('',#1957,#1958,#1959);
#1957 = CARTESIAN_POINT('',(-16.9,42.479923376691,88.405536566937));
#1958 = DIRECTION('',(-1.,-0.,1.110223024625E-16));
#1959 = DIRECTION('',(-1.110223024625E-16,0.,-1.));
#1960 = DEFINITIONAL_REPRESENTATION('',(#1961),#1965);
#1961 = LINE('',#1962,#1963);
#1962 = CARTESIAN_POINT('',(-0.357817381713,-1.143895890711E-15));
#1963 = VECTOR('',#1964,1.);
#1964 = DIRECTION('',(-0.,1.));
#1965 = ( GEOMETRIC_REPRESENTATION_CONTEXT(2) 
PARAMETRIC_REPRESENTATION_CONTEXT() REPRESENTATION_CONTEXT('2D SPACE',''
  ) );
#1966 = ORIENTED_EDGE('',*,*,#1967,.T.);
#1967 = EDGE_CURVE('',#1940,#1968,#1970,.T.);
#1968 = VERTEX_POINT('',#1969);
#1969 = CARTESIAN_POINT('',(-22.1,-96.36781607975,24.744743455805));
#1970 = SURFACE_CURVE('',#1971,(#1975,#1982),.PCURVE_S1.);
#1971 = LINE('',#1972,#1973);
#1972 = CARTESIAN_POINT('',(-22.1,46.33246096987,78.10223835262));
#1973 = VECTOR('',#1974,1.);
#1974 = DIRECTION('',(0.,-0.936663474029,-0.350230690289));
#1975 = PCURVE('',#754,#1976);
#1976 = DEFINITIONAL_REPRESENTATION('',(#1977),#1981);
#1977 = LINE('',#1978,#1979);
#1978 = CARTESIAN_POINT('',(-5.2,0.));
#1979 = VECTOR('',#1980,1.);
#1980 = DIRECTION('',(-0.,1.));
#1981 = ( GEOMETRIC_REPRESENTATION_CONTEXT(2) 
PARAMETRIC_REPRESENTATION_CONTEXT() REPRESENTATION_CONTEXT('2D SPACE',''
  ) );
#1982 = PCURVE('',#1983,#1988);
#1983 = PLANE('',#1984);
#1984 = AXIS2_PLACEMENT_3D('',#1985,#1986,#1987);
#1985 = CARTESIAN_POINT('',(-22.1,38.627385783512,98.708834781253));
#1986 = DIRECTION('',(-1.,-0.,-0.));
#1987 = DIRECTION('',(0.,-0.350230690289,0.936663474029));
#1988 = DEFINITIONAL_REPRESENTATION('',(#1989),#1993);
#1989 = LINE('',#1990,#1991);
#1990 = CARTESIAN_POINT('',(-22.,-9.323943302915E-15));
#1991 = VECTOR('',#1992,1.);
#1992 = DIRECTION('',(-1.900502719066E-17,-1.));
#1993 = ( GEOMETRIC_REPRESENTATION_CONTEXT(2) 
PARAMETRIC_REPRESENTATION_CONTEXT() REPRESENTATION_CONTEXT('2D SPACE',''
  ) );
#1994 = ORIENTED_EDGE('',*,*,#1995,.T.);
#1995 = EDGE_CURVE('',#1968,#1996,#1998,.T.);
#1996 = VERTEX_POINT('',#1997);
#1997 = CARTESIAN_POINT('',(-20.,-96.36781607975,24.744743455805));
#1998 = SURFACE_CURVE('',#1999,(#2003,#2010),.PCURVE_S1.);
#1999 = LINE('',#2000,#2001);
#2000 = CARTESIAN_POINT('',(-18.45,-96.36781607975,24.744743455805));
#2001 = VECTOR('',#2002,1.);
#2002 = DIRECTION('',(1.,0.,-0.));
#2003 = PCURVE('',#754,#2004);
#2004 = DEFINITIONAL_REPRESENTATION('',(#2005),#2009);
#2005 = LINE('',#2006,#2007);
#2006 = CARTESIAN_POINT('',(-1.55,152.34956951597));
#2007 = VECTOR('',#2008,1.);
#2008 = DIRECTION('',(1.,-0.));
#2009 = ( GEOMETRIC_REPRESENTATION_CONTEXT(2) 
PARAMETRIC_REPRESENTATION_CONTEXT() REPRESENTATION_CONTEXT('2D SPACE',''
  ) );
#2010 = PCURVE('',#2011,#2016);
#2011 = PLANE('',#2012);
#2012 = AXIS2_PLACEMENT_3D('',#2013,#2014,#2015);
#2013 = CARTESIAN_POINT('',(-20.,-68.41323548667,14.210959318167));
#2014 = DIRECTION('',(0.,-0.352614336294,-0.93576873737));
#2015 = DIRECTION('',(1.,0.,0.));
#2016 = DEFINITIONAL_REPRESENTATION('',(#2017),#2021);
#2017 = LINE('',#2018,#2019);
#2018 = CARTESIAN_POINT('',(1.55,29.873385887661));
#2019 = VECTOR('',#2020,1.);
#2020 = DIRECTION('',(1.,-0.));
#2021 = ( GEOMETRIC_REPRESENTATION_CONTEXT(2) 
PARAMETRIC_REPRESENTATION_CONTEXT() REPRESENTATION_CONTEXT('2D SPACE',''
  ) );
#2022 = ORIENTED_EDGE('',*,*,#2023,.T.);
#2023 = EDGE_CURVE('',#1996,#2024,#2026,.T.);
#2024 = VERTEX_POINT('',#2025);
#2025 = CARTESIAN_POINT('',(-20.,-109.1790129906,19.954469828244));
#2026 = SURFACE_CURVE('',#2027,(#2031,#2038),.PCURVE_S1.);
#2027 = LINE('',#2028,#2029);
#2028 = CARTESIAN_POINT('',(-20.,-14.4826581247,55.362672082475));
#2029 = VECTOR('',#2030,1.);
#2030 = DIRECTION('',(-0.,-0.936663474029,-0.350230690289));
#2031 = PCURVE('',#754,#2032);
#2032 = DEFINITIONAL_REPRESENTATION('',(#2033),#2037);
#2033 = LINE('',#2034,#2035);
#2034 = CARTESIAN_POINT('',(-3.1,64.927394716263));
#2035 = VECTOR('',#2036,1.);
#2036 = DIRECTION('',(-0.,1.));
#2037 = ( GEOMETRIC_REPRESENTATION_CONTEXT(2) 
PARAMETRIC_REPRESENTATION_CONTEXT() REPRESENTATION_CONTEXT('2D SPACE',''
  ) );
#2038 = PCURVE('',#2039,#2044);
#2039 = PLANE('',#2040);
#2040 = AXIS2_PLACEMENT_3D('',#2041,#2042,#2043);
#2041 = CARTESIAN_POINT('',(-20.,-68.41323548667,14.210959318167));
#2042 = DIRECTION('',(-1.,-0.,-0.));
#2043 = DIRECTION('',(0.,0.352614336294,0.93576873737));
#2044 = DEFINITIONAL_REPRESENTATION('',(#2045),#2049);
#2045 = LINE('',#2046,#2047);
#2046 = CARTESIAN_POINT('',(57.525181036542,35.955864399913));
#2047 = VECTOR('',#2048,1.);
#2048 = DIRECTION('',(-0.658015900066,-0.753004034027));
#2049 = ( GEOMETRIC_REPRESENTATION_CONTEXT(2) 
PARAMETRIC_REPRESENTATION_CONTEXT() REPRESENTATION_CONTEXT('2D SPACE',''
  ) );
#2050 = ORIENTED_EDGE('',*,*,#2051,.F.);
#2051 = EDGE_CURVE('',#2052,#2024,#2054,.T.);
#2052 = VERTEX_POINT('',#2053);
#2053 = CARTESIAN_POINT('',(-22.1,-109.1790129906,19.954469828244));
#2054 = SURFACE_CURVE('',#2055,(#2059,#2066),.PCURVE_S1.);
#2055 = LINE('',#2056,#2057);
#2056 = CARTESIAN_POINT('',(-18.45,-109.1790129906,19.954469828244));
#2057 = VECTOR('',#2058,1.);
#2058 = DIRECTION('',(1.,0.,-0.));
#2059 = PCURVE('',#754,#2060);
#2060 = DEFINITIONAL_REPRESENTATION('',(#2061),#2065);
#2061 = LINE('',#2062,#2063);
#2062 = CARTESIAN_POINT('',(-1.55,166.02705056027));
#2063 = VECTOR('',#2064,1.);
#2064 = DIRECTION('',(1.,-0.));
#2065 = ( GEOMETRIC_REPRESENTATION_CONTEXT(2) 
PARAMETRIC_REPRESENTATION_CONTEXT() REPRESENTATION_CONTEXT('2D SPACE',''
  ) );
#2066 = PCURVE('',#2067,#2072);
#2067 = PLANE('',#2068);
#2068 = AXIS2_PLACEMENT_3D('',#2069,#2070,#2071);
#2069 = CARTESIAN_POINT('',(-20.,-71.58676451332,5.789040681833));
#2070 = DIRECTION('',(0.,-0.352614336294,-0.93576873737));
#2071 = DIRECTION('',(1.,0.,0.));
#2072 = DEFINITIONAL_REPRESENTATION('',(#2073),#2077);
#2073 = LINE('',#2074,#2075);
#2074 = CARTESIAN_POINT('',(1.55,40.172584289345));
#2075 = VECTOR('',#2076,1.);
#2076 = DIRECTION('',(1.,-0.));
#2077 = ( GEOMETRIC_REPRESENTATION_CONTEXT(2) 
PARAMETRIC_REPRESENTATION_CONTEXT() REPRESENTATION_CONTEXT('2D SPACE',''
  ) );
#2078 = ORIENTED_EDGE('',*,*,#2079,.T.);
#2079 = EDGE_CURVE('',#2052,#2080,#2082,.T.);
#2080 = VERTEX_POINT('',#2081);
#2081 = CARTESIAN_POINT('',(-22.1,-113.6273857835,18.291165218747));
#2082 = SURFACE_CURVE('',#2083,(#2087,#2094),.PCURVE_S1.);
#2083 = LINE('',#2084,#2085);
#2084 = CARTESIAN_POINT('',(-22.1,46.33246096987,78.10223835262));
#2085 = VECTOR('',#2086,1.);
#2086 = DIRECTION('',(0.,-0.936663474029,-0.350230690289));
#2087 = PCURVE('',#754,#2088);
#2088 = DEFINITIONAL_REPRESENTATION('',(#2089),#2093);
#2089 = LINE('',#2090,#2091);
#2090 = CARTESIAN_POINT('',(-5.2,0.));
#2091 = VECTOR('',#2092,1.);
#2092 = DIRECTION('',(-0.,1.));
#2093 = ( GEOMETRIC_REPRESENTATION_CONTEXT(2) 
PARAMETRIC_REPRESENTATION_CONTEXT() REPRESENTATION_CONTEXT('2D SPACE',''
  ) );
#2094 = PCURVE('',#2095,#2100);
#2095 = PLANE('',#2096);
#2096 = AXIS2_PLACEMENT_3D('',#2097,#2098,#2099);
#2097 = CARTESIAN_POINT('',(-22.1,38.627385783512,98.708834781253));
#2098 = DIRECTION('',(-1.,-0.,-0.));
#2099 = DIRECTION('',(0.,-0.350230690289,0.936663474029));
#2100 = DEFINITIONAL_REPRESENTATION('',(#2101),#2105);
#2101 = LINE('',#2102,#2103);
#2102 = CARTESIAN_POINT('',(-22.,-9.323943302915E-15));
#2103 = VECTOR('',#2104,1.);
#2104 = DIRECTION('',(-1.900502719066E-17,-1.));
#2105 = ( GEOMETRIC_REPRESENTATION_CONTEXT(2) 
PARAMETRIC_REPRESENTATION_CONTEXT() REPRESENTATION_CONTEXT('2D SPACE',''
  ) );
#2106 = ORIENTED_EDGE('',*,*,#2107,.F.);
#2107 = EDGE_CURVE('',#2108,#2080,#2110,.T.);
#2108 = VERTEX_POINT('',#2109);
#2109 = CARTESIAN_POINT('',(-16.9,-113.6273857835,18.291165218747));
#2110 = SURFACE_CURVE('',#2111,(#2115,#2122),.PCURVE_S1.);
#2111 = LINE('',#2112,#2113);
#2112 = CARTESIAN_POINT('',(-16.9,-113.6273857835,18.291165218747));
#2113 = VECTOR('',#2114,1.);
#2114 = DIRECTION('',(-1.,0.,-0.));
#2115 = PCURVE('',#754,#2116);
#2116 = DEFINITIONAL_REPRESENTATION('',(#2117),#2121);
#2117 = LINE('',#2118,#2119);
#2118 = CARTESIAN_POINT('',(-0.,170.77621919573));
#2119 = VECTOR('',#2120,1.);
#2120 = DIRECTION('',(-1.,0.));
#2121 = ( GEOMETRIC_REPRESENTATION_CONTEXT(2) 
PARAMETRIC_REPRESENTATION_CONTEXT() REPRESENTATION_CONTEXT('2D SPACE',''
  ) );
#2122 = PCURVE('',#2123,#2128);
#2123 = CYLINDRICAL_SURFACE('',#2124,11.);
#2124 = AXIS2_PLACEMENT_3D('',#2125,#2126,#2127);
#2125 = CARTESIAN_POINT('',(-16.9,-117.4799233766,28.594463433063));
#2126 = DIRECTION('',(-1.,-0.,1.110223024625E-16));
#2127 = DIRECTION('',(-1.110223024625E-16,-0.,-1.));
#2128 = DEFINITIONAL_REPRESENTATION('',(#2129),#2133);
#2129 = LINE('',#2130,#2131);
#2130 = CARTESIAN_POINT('',(-6.641002688892,-1.143895890711E-15));
#2131 = VECTOR('',#2132,1.);
#2132 = DIRECTION('',(-0.,1.));
#2133 = ( GEOMETRIC_REPRESENTATION_CONTEXT(2) 
PARAMETRIC_REPRESENTATION_CONTEXT() REPRESENTATION_CONTEXT('2D SPACE',''
  ) );
#2134 = ORIENTED_EDGE('',*,*,#2135,.F.);
#2135 = EDGE_CURVE('',#739,#2108,#2136,.T.);
#2136 = SURFACE_CURVE('',#2137,(#2141,#2148),.PCURVE_S1.);
#2137 = LINE('',#2138,#2139);
#2138 = CARTESIAN_POINT('',(-16.9,46.33246096987,78.10223835262));
#2139 = VECTOR('',#2140,1.);
#2140 = DIRECTION('',(0.,-0.936663474029,-0.350230690289));
#2141 = PCURVE('',#754,#2142);
#2142 = DEFINITIONAL_REPRESENTATION('',(#2143),#2147);
#2143 = LINE('',#2144,#2145);
#2144 = CARTESIAN_POINT('',(-0.,-0.));
#2145 = VECTOR('',#2146,1.);
#2146 = DIRECTION('',(-0.,1.));
#2147 = ( GEOMETRIC_REPRESENTATION_CONTEXT(2) 
PARAMETRIC_REPRESENTATION_CONTEXT() REPRESENTATION_CONTEXT('2D SPACE',''
  ) );
#2148 = PCURVE('',#783,#2149);
#2149 = DEFINITIONAL_REPRESENTATION('',(#2150),#2154);
#2150 = LINE('',#2151,#2152);
#2151 = CARTESIAN_POINT('',(-22.,-9.323943302915E-15));
#2152 = VECTOR('',#2153,1.);
#2153 = DIRECTION('',(-1.900502719066E-17,-1.));
#2154 = ( GEOMETRIC_REPRESENTATION_CONTEXT(2) 
PARAMETRIC_REPRESENTATION_CONTEXT() REPRESENTATION_CONTEXT('2D SPACE',''
  ) );
#2155 = ORIENTED_EDGE('',*,*,#738,.T.);
#2156 = ORIENTED_EDGE('',*,*,#1719,.T.);
#2157 = ORIENTED_EDGE('',*,*,#799,.F.);
#2158 = ADVANCED_FACE('',(#2159,#2242),#783,.F.);
#2159 = FACE_BOUND('',#2160,.T.);
#2160 = EDGE_LOOP('',(#2161,#2191,#2213,#2214,#2215,#2216));
#2161 = ORIENTED_EDGE('',*,*,#2162,.T.);
#2162 = EDGE_CURVE('',#2163,#2165,#2167,.T.);
#2163 = VERTEX_POINT('',#2164);
#2164 = CARTESIAN_POINT('',(-16.9,38.627385783512,98.708834781253));
#2165 = VERTEX_POINT('',#2166);
#2166 = CARTESIAN_POINT('',(-16.9,-121.3324609698,38.89776164738));
#2167 = SURFACE_CURVE('',#2168,(#2172,#2179),.PCURVE_S1.);
#2168 = LINE('',#2169,#2170);
#2169 = CARTESIAN_POINT('',(-16.9,38.627385783512,98.708834781253));
#2170 = VECTOR('',#2171,1.);
#2171 = DIRECTION('',(0.,-0.936663474029,-0.350230690289));
#2172 = PCURVE('',#783,#2173);
#2173 = DEFINITIONAL_REPRESENTATION('',(#2174),#2178);
#2174 = LINE('',#2175,#2176);
#2175 = CARTESIAN_POINT('',(-0.,0.));
#2176 = VECTOR('',#2177,1.);
#2177 = DIRECTION('',(-1.900502719066E-17,-1.));
#2178 = ( GEOMETRIC_REPRESENTATION_CONTEXT(2) 
PARAMETRIC_REPRESENTATION_CONTEXT() REPRESENTATION_CONTEXT('2D SPACE',''
  ) );
#2179 = PCURVE('',#2180,#2185);
#2180 = PLANE('',#2181);
#2181 = AXIS2_PLACEMENT_3D('',#2182,#2183,#2184);
#2182 = CARTESIAN_POINT('',(-16.9,38.627385783512,98.708834781253));
#2183 = DIRECTION('',(-0.,0.350230690289,-0.936663474029));
#2184 = DIRECTION('',(1.,0.,0.));
#2185 = DEFINITIONAL_REPRESENTATION('',(#2186),#2190);
#2186 = LINE('',#2187,#2188);
#2187 = CARTESIAN_POINT('',(-0.,-0.));
#2188 = VECTOR('',#2189,1.);
#2189 = DIRECTION('',(-0.,1.));
#2190 = ( GEOMETRIC_REPRESENTATION_CONTEXT(2) 
PARAMETRIC_REPRESENTATION_CONTEXT() REPRESENTATION_CONTEXT('2D SPACE',''
  ) );
#2191 = ORIENTED_EDGE('',*,*,#2192,.F.);
#2192 = EDGE_CURVE('',#2108,#2165,#2193,.T.);
#2193 = SURFACE_CURVE('',#2194,(#2199,#2206),.PCURVE_S1.);
#2194 = CIRCLE('',#2195,11.);
#2195 = AXIS2_PLACEMENT_3D('',#2196,#2197,#2198);
#2196 = CARTESIAN_POINT('',(-16.9,-117.4799233766,28.594463433063));
#2197 = DIRECTION('',(-1.,8.637675963257E-16,3.229739708E-16));
#2198 = DIRECTION('',(3.946381924554E-32,0.350230690289,-0.936663474029)
  );
#2199 = PCURVE('',#783,#2200);
#2200 = DEFINITIONAL_REPRESENTATION('',(#2201),#2205);
#2201 = CIRCLE('',#2202,11.);
#2202 = AXIS2_PLACEMENT_2D('',#2203,#2204);
#2203 = CARTESIAN_POINT('',(-11.,-170.7762191957));
#2204 = DIRECTION('',(-1.,-1.412411758396E-15));
#2205 = ( GEOMETRIC_REPRESENTATION_CONTEXT(2) 
PARAMETRIC_REPRESENTATION_CONTEXT() REPRESENTATION_CONTEXT('2D SPACE',''
  ) );
#2206 = PCURVE('',#2123,#2207);
#2207 = DEFINITIONAL_REPRESENTATION('',(#2208),#2212);
#2208 = LINE('',#2209,#2210);
#2209 = CARTESIAN_POINT('',(-6.641002688892,0.));
#2210 = VECTOR('',#2211,1.);
#2211 = DIRECTION('',(1.,-0.));
#2212 = ( GEOMETRIC_REPRESENTATION_CONTEXT(2) 
PARAMETRIC_REPRESENTATION_CONTEXT() REPRESENTATION_CONTEXT('2D SPACE',''
  ) );
#2213 = ORIENTED_EDGE('',*,*,#2135,.F.);
#2214 = ORIENTED_EDGE('',*,*,#766,.F.);
#2215 = ORIENTED_EDGE('',*,*,#1916,.F.);
#2216 = ORIENTED_EDGE('',*,*,#2217,.T.);
#2217 = EDGE_CURVE('',#1917,#2163,#2218,.T.);
#2218 = SURFACE_CURVE('',#2219,(#2224,#2235),.PCURVE_S1.);
#2219 = CIRCLE('',#2220,11.);
#2220 = AXIS2_PLACEMENT_3D('',#2221,#2222,#2223);
#2221 = CARTESIAN_POINT('',(-16.9,42.479923376691,88.405536566937));
#2222 = DIRECTION('',(1.,0.,-1.110223024625E-16));
#2223 = DIRECTION('',(-1.110223024625E-16,0.,-1.));
#2224 = PCURVE('',#783,#2225);
#2225 = DEFINITIONAL_REPRESENTATION('',(#2226),#2234);
#2226 = ( BOUNDED_CURVE() B_SPLINE_CURVE(2,(#2227,#2228,#2229,#2230,
#2231,#2232,#2233),.UNSPECIFIED.,.T.,.F.) B_SPLINE_CURVE_WITH_KNOTS((1,2
    ,2,2,2,1),(-2.094395102393,0.,2.094395102393,4.188790204786,
6.28318530718,8.377580409573),.UNSPECIFIED.) CURVE() 
GEOMETRIC_REPRESENTATION_ITEM() RATIONAL_B_SPLINE_CURVE((1.,0.5,1.,0.5,
1.,0.5,1.)) REPRESENTATION_ITEM('') );
#2227 = CARTESIAN_POINT('',(-21.30329821431,-3.852537593179));
#2228 = CARTESIAN_POINT('',(-27.97608906377,13.993298399551));
#2229 = CARTESIAN_POINT('',(-9.184746317569,10.849186792955));
#2230 = CARTESIAN_POINT('',(9.606596428633,7.705075186359));
#2231 = CARTESIAN_POINT('',(-2.511955468114,-6.996649199775));
#2232 = CARTESIAN_POINT('',(-14.63050736486,-21.6983735859));
#2233 = CARTESIAN_POINT('',(-21.30329821431,-3.852537593179));
#2234 = ( GEOMETRIC_REPRESENTATION_CONTEXT(2) 
PARAMETRIC_REPRESENTATION_CONTEXT() REPRESENTATION_CONTEXT('2D SPACE',''
  ) );
#2235 = PCURVE('',#1955,#2236);
#2236 = DEFINITIONAL_REPRESENTATION('',(#2237),#2241);
#2237 = LINE('',#2238,#2239);
#2238 = CARTESIAN_POINT('',(-0.,0.));
#2239 = VECTOR('',#2240,1.);
#2240 = DIRECTION('',(-1.,0.));
#2241 = ( GEOMETRIC_REPRESENTATION_CONTEXT(2) 
PARAMETRIC_REPRESENTATION_CONTEXT() REPRESENTATION_CONTEXT('2D SPACE',''
  ) );
#2242 = FACE_BOUND('',#2243,.T.);
#2243 = EDGE_LOOP('',(#2244,#2279,#2307,#2340));
#2244 = ORIENTED_EDGE('',*,*,#2245,.F.);
#2245 = EDGE_CURVE('',#2246,#2248,#2250,.T.);
#2246 = VERTEX_POINT('',#2247);
#2247 = CARTESIAN_POINT('',(-16.9,-118.4687142092,34.95074321682));
#2248 = VERTEX_POINT('',#2249);
#2249 = CARTESIAN_POINT('',(-16.9,-114.0558075116,23.148783444058));
#2250 = SURFACE_CURVE('',#2251,(#2256,#2267),.PCURVE_S1.);
#2251 = CIRCLE('',#2252,6.3);
#2252 = AXIS2_PLACEMENT_3D('',#2253,#2254,#2255);
#2253 = CARTESIAN_POINT('',(-16.9,-116.2622608604,29.049763330439));
#2254 = DIRECTION('',(1.,0.,-1.110223024625E-16));
#2255 = DIRECTION('',(-1.110223024625E-16,-0.,-1.));
#2256 = PCURVE('',#783,#2257);
#2257 = DEFINITIONAL_REPRESENTATION('',(#2258),#2266);
#2258 = ( BOUNDED_CURVE() B_SPLINE_CURVE(2,(#2259,#2260,#2261,#2262,
#2263,#2264,#2265),.UNSPECIFIED.,.T.,.F.) B_SPLINE_CURVE_WITH_KNOTS((1,2
    ,2,2,2,1),(-2.094395102393,0.,2.094395102393,4.188790204786,
6.28318530718,8.377580409573),.UNSPECIFIED.) CURVE() 
GEOMETRIC_REPRESENTATION_ITEM() RATIONAL_B_SPLINE_CURVE((1.,0.5,1.,0.5,
1.,0.5,1.)) REPRESENTATION_ITEM('') );
#2259 = CARTESIAN_POINT('',(-16.90097988638,-171.6826725445));
#2260 = CARTESIAN_POINT('',(-20.72266919107,-161.4618755669));
#2261 = CARTESIAN_POINT('',(-9.960354709153,-163.2625940325));
#2262 = CARTESIAN_POINT('',(0.801959772763,-165.063312498));
#2263 = CARTESIAN_POINT('',(-6.138665404465,-173.4833910101));
#2264 = CARTESIAN_POINT('',(-13.07929058169,-181.9034695222));
#2265 = CARTESIAN_POINT('',(-16.90097988638,-171.6826725445));
#2266 = ( GEOMETRIC_REPRESENTATION_CONTEXT(2) 
PARAMETRIC_REPRESENTATION_CONTEXT() REPRESENTATION_CONTEXT('2D SPACE',''
  ) );
#2267 = PCURVE('',#2268,#2273);
#2268 = CYLINDRICAL_SURFACE('',#2269,6.3);
#2269 = AXIS2_PLACEMENT_3D('',#2270,#2271,#2272);
#2270 = CARTESIAN_POINT('',(-15.9,-116.2622608604,29.049763330439));
#2271 = DIRECTION('',(-1.,-0.,1.110223024625E-16));
#2272 = DIRECTION('',(-1.110223024625E-16,-0.,-1.));
#2273 = DEFINITIONAL_REPRESENTATION('',(#2274),#2278);
#2274 = LINE('',#2275,#2276);
#2275 = CARTESIAN_POINT('',(-0.,1.));
#2276 = VECTOR('',#2277,1.);
#2277 = DIRECTION('',(-1.,0.));
#2278 = ( GEOMETRIC_REPRESENTATION_CONTEXT(2) 
PARAMETRIC_REPRESENTATION_CONTEXT() REPRESENTATION_CONTEXT('2D SPACE',''
  ) );
#2279 = ORIENTED_EDGE('',*,*,#2280,.T.);
#2280 = EDGE_CURVE('',#2246,#2281,#2283,.T.);
#2281 = VERTEX_POINT('',#2282);
#2282 = CARTESIAN_POINT('',(-16.9,39.055807511633,93.851216555942));
#2283 = SURFACE_CURVE('',#2284,(#2288,#2295),.PCURVE_S1.);
#2284 = LINE('',#2285,#2286);
#2285 = CARTESIAN_POINT('',(-16.9,39.664638769751,94.07886650463));
#2286 = VECTOR('',#2287,1.);
#2287 = DIRECTION('',(-0.,0.936663474029,0.350230690289));
#2288 = PCURVE('',#783,#2289);
#2289 = DEFINITIONAL_REPRESENTATION('',(#2290),#2294);
#2290 = LINE('',#2291,#2292);
#2291 = CARTESIAN_POINT('',(-4.7,-0.65));
#2292 = VECTOR('',#2293,1.);
#2293 = DIRECTION('',(1.900502719066E-17,1.));
#2294 = ( GEOMETRIC_REPRESENTATION_CONTEXT(2) 
PARAMETRIC_REPRESENTATION_CONTEXT() REPRESENTATION_CONTEXT('2D SPACE',''
  ) );
#2295 = PCURVE('',#2296,#2301);
#2296 = PLANE('',#2297);
#2297 = AXIS2_PLACEMENT_3D('',#2298,#2299,#2300);
#2298 = CARTESIAN_POINT('',(-15.9,39.055807511633,93.851216555942));
#2299 = DIRECTION('',(-0.,0.350230690289,-0.936663474029));
#2300 = DIRECTION('',(1.,0.,0.));
#2301 = DEFINITIONAL_REPRESENTATION('',(#2302),#2306);
#2302 = LINE('',#2303,#2304);
#2303 = CARTESIAN_POINT('',(-1.,-0.65));
#2304 = VECTOR('',#2305,1.);
#2305 = DIRECTION('',(-0.,-1.));
#2306 = ( GEOMETRIC_REPRESENTATION_CONTEXT(2) 
PARAMETRIC_REPRESENTATION_CONTEXT() REPRESENTATION_CONTEXT('2D SPACE',''
  ) );
#2307 = ORIENTED_EDGE('',*,*,#2308,.F.);
#2308 = EDGE_CURVE('',#2309,#2281,#2311,.T.);
#2309 = VERTEX_POINT('',#2310);
#2310 = CARTESIAN_POINT('',(-16.9,43.468714209274,82.04925678318));
#2311 = SURFACE_CURVE('',#2312,(#2317,#2328),.PCURVE_S1.);
#2312 = CIRCLE('',#2313,6.3);
#2313 = AXIS2_PLACEMENT_3D('',#2314,#2315,#2316);
#2314 = CARTESIAN_POINT('',(-16.9,41.262260860453,87.950236669561));
#2315 = DIRECTION('',(1.,0.,-1.110223024625E-16));
#2316 = DIRECTION('',(-1.110223024625E-16,-0.,-1.));
#2317 = PCURVE('',#783,#2318);
#2318 = DEFINITIONAL_REPRESENTATION('',(#2319),#2327);
#2319 = ( BOUNDED_CURVE() B_SPLINE_CURVE(2,(#2320,#2321,#2322,#2323,
#2324,#2325,#2326),.UNSPECIFIED.,.T.,.F.) B_SPLINE_CURVE_WITH_KNOTS((1,2
    ,2,2,2,1),(-2.094395102393,0.,2.094395102393,4.188790204786,
6.28318530718,8.377580409573),.UNSPECIFIED.) CURVE() 
GEOMETRIC_REPRESENTATION_ITEM() RATIONAL_B_SPLINE_CURVE((1.,0.5,1.,0.5,
1.,0.5,1.)) REPRESENTATION_ITEM('') );
#2320 = CARTESIAN_POINT('',(-16.90097988638,-3.506453348821));
#2321 = CARTESIAN_POINT('',(-20.72266919107,6.714343628834));
#2322 = CARTESIAN_POINT('',(-9.960354709153,4.913625163238));
#2323 = CARTESIAN_POINT('',(0.801959772763,3.112906697642));
#2324 = CARTESIAN_POINT('',(-6.138665404465,-5.307171814417));
#2325 = CARTESIAN_POINT('',(-13.07929058169,-13.72725032647));
#2326 = CARTESIAN_POINT('',(-16.90097988638,-3.506453348821));
#2327 = ( GEOMETRIC_REPRESENTATION_CONTEXT(2) 
PARAMETRIC_REPRESENTATION_CONTEXT() REPRESENTATION_CONTEXT('2D SPACE',''
  ) );
#2328 = PCURVE('',#2329,#2334);
#2329 = CYLINDRICAL_SURFACE('',#2330,6.3);
#2330 = AXIS2_PLACEMENT_3D('',#2331,#2332,#2333);
#2331 = CARTESIAN_POINT('',(-15.9,41.262260860453,87.950236669561));
#2332 = DIRECTION('',(-1.,-0.,1.110223024625E-16));
#2333 = DIRECTION('',(-1.110223024625E-16,0.,-1.));
#2334 = DEFINITIONAL_REPRESENTATION('',(#2335),#2339);
#2335 = LINE('',#2336,#2337);
#2336 = CARTESIAN_POINT('',(-0.,1.));
#2337 = VECTOR('',#2338,1.);
#2338 = DIRECTION('',(-1.,0.));
#2339 = ( GEOMETRIC_REPRESENTATION_CONTEXT(2) 
PARAMETRIC_REPRESENTATION_CONTEXT() REPRESENTATION_CONTEXT('2D SPACE',''
  ) );
#2340 = ORIENTED_EDGE('',*,*,#2341,.F.);
#2341 = EDGE_CURVE('',#2248,#2309,#2342,.T.);
#2342 = SURFACE_CURVE('',#2343,(#2347,#2354),.PCURVE_S1.);
#2343 = LINE('',#2344,#2345);
#2344 = CARTESIAN_POINT('',(-16.9,44.077545467393,82.276906731867));
#2345 = VECTOR('',#2346,1.);
#2346 = DIRECTION('',(-0.,0.936663474029,0.350230690289));
#2347 = PCURVE('',#783,#2348);
#2348 = DEFINITIONAL_REPRESENTATION('',(#2349),#2353);
#2349 = LINE('',#2350,#2351);
#2350 = CARTESIAN_POINT('',(-17.3,-0.65));
#2351 = VECTOR('',#2352,1.);
#2352 = DIRECTION('',(1.900502719066E-17,1.));
#2353 = ( GEOMETRIC_REPRESENTATION_CONTEXT(2) 
PARAMETRIC_REPRESENTATION_CONTEXT() REPRESENTATION_CONTEXT('2D SPACE',''
  ) );
#2354 = PCURVE('',#2355,#2360);
#2355 = PLANE('',#2356);
#2356 = AXIS2_PLACEMENT_3D('',#2357,#2358,#2359);
#2357 = CARTESIAN_POINT('',(-15.9,43.468714209274,82.04925678318));
#2358 = DIRECTION('',(-0.,0.350230690289,-0.936663474029));
#2359 = DIRECTION('',(1.,0.,0.));
#2360 = DEFINITIONAL_REPRESENTATION('',(#2361),#2365);
#2361 = LINE('',#2362,#2363);
#2362 = CARTESIAN_POINT('',(-1.,-0.65));
#2363 = VECTOR('',#2364,1.);
#2364 = DIRECTION('',(-0.,-1.));
#2365 = ( GEOMETRIC_REPRESENTATION_CONTEXT(2) 
PARAMETRIC_REPRESENTATION_CONTEXT() REPRESENTATION_CONTEXT('2D SPACE',''
  ) );
#2366 = ADVANCED_FACE('',(#2367),#671,.F.);
#2367 = FACE_BOUND('',#2368,.T.);
#2368 = EDGE_LOOP('',(#2369,#2370,#2371,#2372,#2373,#2374));
#2369 = ORIENTED_EDGE('',*,*,#654,.T.);
#2370 = ORIENTED_EDGE('',*,*,#823,.T.);
#2371 = ORIENTED_EDGE('',*,*,#925,.F.);
#2372 = ORIENTED_EDGE('',*,*,#1311,.T.);
#2373 = ORIENTED_EDGE('',*,*,#1381,.F.);
#2374 = ORIENTED_EDGE('',*,*,#1410,.F.);
#2375 = ADVANCED_FACE('',(#2376),#1020,.F.);
#2376 = FACE_BOUND('',#2377,.T.);
#2377 = EDGE_LOOP('',(#2378,#2413,#2441,#2474,#2495,#2496,#2497,#2498,
    #2521,#2549));
#2378 = ORIENTED_EDGE('',*,*,#2379,.F.);
#2379 = EDGE_CURVE('',#2380,#2382,#2384,.T.);
#2380 = VERTEX_POINT('',#2381);
#2381 = CARTESIAN_POINT('',(-22.5,-8.029740201229,53.96354631027));
#2382 = VERTEX_POINT('',#2383);
#2383 = CARTESIAN_POINT('',(-22.5,-7.259024206686,44.146933610901));
#2384 = SURFACE_CURVE('',#2385,(#2390,#2397),.PCURVE_S1.);
#2385 = CIRCLE('',#2386,6.3);
#2386 = AXIS2_PLACEMENT_3D('',#2387,#2388,#2389);
#2387 = CARTESIAN_POINT('',(-22.5,-3.725788471698,49.362894235849));
#2388 = DIRECTION('',(1.,0.,-1.110223024625E-16));
#2389 = DIRECTION('',(-1.110223024625E-16,0.,-1.));
#2390 = PCURVE('',#1020,#2391);
#2391 = DEFINITIONAL_REPRESENTATION('',(#2392),#2396);
#2392 = LINE('',#2393,#2394);
#2393 = CARTESIAN_POINT('',(-0.,14.));
#2394 = VECTOR('',#2395,1.);
#2395 = DIRECTION('',(-1.,0.));
#2396 = ( GEOMETRIC_REPRESENTATION_CONTEXT(2) 
PARAMETRIC_REPRESENTATION_CONTEXT() REPRESENTATION_CONTEXT('2D SPACE',''
  ) );
#2397 = PCURVE('',#2398,#2403);
#2398 = PLANE('',#2399);
#2399 = AXIS2_PLACEMENT_3D('',#2400,#2401,#2402);
#2400 = CARTESIAN_POINT('',(-22.5,-6.543234123348,43.72800293255));
#2401 = DIRECTION('',(-1.,-0.,-0.));
#2402 = DIRECTION('',(0.,-0.4472135955,-0.894427191));
#2403 = DEFINITIONAL_REPRESENTATION('',(#2404),#2412);
#2404 = ( BOUNDED_CURVE() B_SPLINE_CURVE(2,(#2405,#2406,#2407,#2408,
#2409,#2410,#2411),.UNSPECIFIED.,.T.,.F.) B_SPLINE_CURVE_WITH_KNOTS((1,2
    ,2,2,2,1),(-2.094395102393,0.,2.094395102393,4.188790204786,
6.28318530718,8.377580409573),.UNSPECIFIED.) CURVE() 
GEOMETRIC_REPRESENTATION_ITEM() RATIONAL_B_SPLINE_CURVE((1.,0.5,1.,0.5,
1.,0.5,1.)) REPRESENTATION_ITEM('') );
#2405 = CARTESIAN_POINT('',(-0.665108696701,-2.81744565165));
#2406 = CARTESIAN_POINT('',(-5.545067712922,-12.57736368409));
#2407 = CARTESIAN_POINT('',(-11.55742515976,-3.471236190396));
#2408 = CARTESIAN_POINT('',(-17.56978260659,5.634891303299));
#2409 = CARTESIAN_POINT('',(-6.677466143539,6.288681842046));
#2410 = CARTESIAN_POINT('',(4.214850319521,6.942472380793));
#2411 = CARTESIAN_POINT('',(-0.665108696701,-2.81744565165));
#2412 = ( GEOMETRIC_REPRESENTATION_CONTEXT(2) 
PARAMETRIC_REPRESENTATION_CONTEXT() REPRESENTATION_CONTEXT('2D SPACE',''
  ) );
#2413 = ORIENTED_EDGE('',*,*,#2414,.F.);
#2414 = EDGE_CURVE('',#2415,#2380,#2417,.T.);
#2415 = VERTEX_POINT('',#2416);
#2416 = CARTESIAN_POINT('',(-22.,-8.029740201229,53.96354631027));
#2417 = SURFACE_CURVE('',#2418,(#2422,#2429),.PCURVE_S1.);
#2418 = LINE('',#2419,#2420);
#2419 = CARTESIAN_POINT('',(-8.5,-8.029740201229,53.96354631027));
#2420 = VECTOR('',#2421,1.);
#2421 = DIRECTION('',(-1.,-0.,1.110223024625E-16));
#2422 = PCURVE('',#1020,#2423);
#2423 = DEFINITIONAL_REPRESENTATION('',(#2424),#2428);
#2424 = LINE('',#2425,#2426);
#2425 = CARTESIAN_POINT('',(-3.893683257868,5.107749861311E-16));
#2426 = VECTOR('',#2427,1.);
#2427 = DIRECTION('',(-0.,1.));
#2428 = ( GEOMETRIC_REPRESENTATION_CONTEXT(2) 
PARAMETRIC_REPRESENTATION_CONTEXT() REPRESENTATION_CONTEXT('2D SPACE',''
  ) );
#2429 = PCURVE('',#2430,#2435);
#2430 = PLANE('',#2431);
#2431 = AXIS2_PLACEMENT_3D('',#2432,#2433,#2434);
#2432 = CARTESIAN_POINT('',(-20.,-3.387072612031,46.58232931786));
#2433 = DIRECTION('',(0.,0.846479152809,0.532421866437));
#2434 = DIRECTION('',(0.,0.532421866437,-0.846479152809));
#2435 = DEFINITIONAL_REPRESENTATION('',(#2436),#2440);
#2436 = LINE('',#2437,#2438);
#2437 = CARTESIAN_POINT('',(-8.719904049519,-11.5));
#2438 = VECTOR('',#2439,1.);
#2439 = DIRECTION('',(-9.397806453133E-17,1.));
#2440 = ( GEOMETRIC_REPRESENTATION_CONTEXT(2) 
PARAMETRIC_REPRESENTATION_CONTEXT() REPRESENTATION_CONTEXT('2D SPACE',''
  ) );
#2441 = ORIENTED_EDGE('',*,*,#2442,.F.);
#2442 = EDGE_CURVE('',#2443,#2415,#2445,.T.);
#2443 = VERTEX_POINT('',#2444);
#2444 = CARTESIAN_POINT('',(-22.,-6.746496761678,54.891485505499));
#2445 = SURFACE_CURVE('',#2446,(#2451,#2458),.PCURVE_S1.);
#2446 = CIRCLE('',#2447,6.3);
#2447 = AXIS2_PLACEMENT_3D('',#2448,#2449,#2450);
#2448 = CARTESIAN_POINT('',(-22.,-3.725788471698,49.362894235849));
#2449 = DIRECTION('',(1.,0.,-1.110223024625E-16));
#2450 = DIRECTION('',(-1.110223024625E-16,-0.,-1.));
#2451 = PCURVE('',#1020,#2452);
#2452 = DEFINITIONAL_REPRESENTATION('',(#2453),#2457);
#2453 = LINE('',#2454,#2455);
#2454 = CARTESIAN_POINT('',(-0.,13.5));
#2455 = VECTOR('',#2456,1.);
#2456 = DIRECTION('',(-1.,0.));
#2457 = ( GEOMETRIC_REPRESENTATION_CONTEXT(2) 
PARAMETRIC_REPRESENTATION_CONTEXT() REPRESENTATION_CONTEXT('2D SPACE',''
  ) );
#2458 = PCURVE('',#2459,#2464);
#2459 = PLANE('',#2460);
#2460 = AXIS2_PLACEMENT_3D('',#2461,#2462,#2463);
#2461 = CARTESIAN_POINT('',(-22.,-10.28297101099,45.891485505499));
#2462 = DIRECTION('',(-1.,0.,-0.));
#2463 = DIRECTION('',(0.,0.,-1.));
#2464 = DEFINITIONAL_REPRESENTATION('',(#2465),#2473);
#2465 = ( BOUNDED_CURVE() B_SPLINE_CURVE(2,(#2466,#2467,#2468,#2469,
#2470,#2471,#2472),.UNSPECIFIED.,.T.,.F.) B_SPLINE_CURVE_WITH_KNOTS((1,2
    ,2,2,2,1),(-2.094395102393,0.,2.094395102393,4.188790204786,
6.28318530718,8.377580409573),.UNSPECIFIED.) CURVE() 
GEOMETRIC_REPRESENTATION_ITEM() RATIONAL_B_SPLINE_CURVE((1.,0.5,1.,0.5,
1.,0.5,1.)) REPRESENTATION_ITEM('') );
#2466 = CARTESIAN_POINT('',(2.82859126965,-6.5571825393));
#2467 = CARTESIAN_POINT('',(2.82859126965,-17.46910262698));
#2468 = CARTESIAN_POINT('',(-6.62140873035,-12.01314258314));
#2469 = CARTESIAN_POINT('',(-16.07140873035,-6.5571825393));
#2470 = CARTESIAN_POINT('',(-6.62140873035,-1.101222495458));
#2471 = CARTESIAN_POINT('',(2.82859126965,4.354737548384));
#2472 = CARTESIAN_POINT('',(2.82859126965,-6.5571825393));
#2473 = ( GEOMETRIC_REPRESENTATION_CONTEXT(2) 
PARAMETRIC_REPRESENTATION_CONTEXT() REPRESENTATION_CONTEXT('2D SPACE',''
  ) );
#2474 = ORIENTED_EDGE('',*,*,#2475,.F.);
#2475 = EDGE_CURVE('',#875,#2443,#2476,.T.);
#2476 = SURFACE_CURVE('',#2477,(#2481,#2488),.PCURVE_S1.);
#2477 = LINE('',#2478,#2479);
#2478 = CARTESIAN_POINT('',(-8.5,-6.746496761678,54.891485505499));
#2479 = VECTOR('',#2480,1.);
#2480 = DIRECTION('',(-1.,-0.,1.110223024625E-16));
#2481 = PCURVE('',#1020,#2482);
#2482 = DEFINITIONAL_REPRESENTATION('',(#2483),#2487);
#2483 = LINE('',#2484,#2485);
#2484 = CARTESIAN_POINT('',(-3.641651871474,6.137969321307E-16));
#2485 = VECTOR('',#2486,1.);
#2486 = DIRECTION('',(-0.,1.));
#2487 = ( GEOMETRIC_REPRESENTATION_CONTEXT(2) 
PARAMETRIC_REPRESENTATION_CONTEXT() REPRESENTATION_CONTEXT('2D SPACE',''
  ) );
#2488 = PCURVE('',#1816,#2489);
#2489 = DEFINITIONAL_REPRESENTATION('',(#2490),#2494);
#2490 = LINE('',#2491,#2492);
#2491 = CARTESIAN_POINT('',(7.,3.53647424932));
#2492 = VECTOR('',#2493,1.);
#2493 = DIRECTION('',(-1.,0.));
#2494 = ( GEOMETRIC_REPRESENTATION_CONTEXT(2) 
PARAMETRIC_REPRESENTATION_CONTEXT() REPRESENTATION_CONTEXT('2D SPACE',''
  ) );
#2495 = ORIENTED_EDGE('',*,*,#1056,.F.);
#2496 = ORIENTED_EDGE('',*,*,#1032,.T.);
#2497 = ORIENTED_EDGE('',*,*,#1004,.T.);
#2498 = ORIENTED_EDGE('',*,*,#2499,.T.);
#2499 = EDGE_CURVE('',#977,#2500,#2502,.T.);
#2500 = VERTEX_POINT('',#2501);
#2501 = CARTESIAN_POINT('',(-20.,-8.983099707192,45.891485505499));
#2502 = SURFACE_CURVE('',#2503,(#2507,#2514),.PCURVE_S1.);
#2503 = LINE('',#2504,#2505);
#2504 = CARTESIAN_POINT('',(-8.5,-8.983099707192,45.891485505499));
#2505 = VECTOR('',#2506,1.);
#2506 = DIRECTION('',(-1.,-0.,1.110223024625E-16));
#2507 = PCURVE('',#1020,#2508);
#2508 = DEFINITIONAL_REPRESENTATION('',(#2509),#2513);
#2509 = LINE('',#2510,#2511);
#2510 = CARTESIAN_POINT('',(-5.295971741274,-3.854037900319E-16));
#2511 = VECTOR('',#2512,1.);
#2512 = DIRECTION('',(-0.,1.));
#2513 = ( GEOMETRIC_REPRESENTATION_CONTEXT(2) 
PARAMETRIC_REPRESENTATION_CONTEXT() REPRESENTATION_CONTEXT('2D SPACE',''
  ) );
#2514 = PCURVE('',#1762,#2515);
#2515 = DEFINITIONAL_REPRESENTATION('',(#2516),#2520);
#2516 = LINE('',#2517,#2518);
#2517 = CARTESIAN_POINT('',(7.,1.299871303806));
#2518 = VECTOR('',#2519,1.);
#2519 = DIRECTION('',(-1.,0.));
#2520 = ( GEOMETRIC_REPRESENTATION_CONTEXT(2) 
PARAMETRIC_REPRESENTATION_CONTEXT() REPRESENTATION_CONTEXT('2D SPACE',''
  ) );
#2521 = ORIENTED_EDGE('',*,*,#2522,.T.);
#2522 = EDGE_CURVE('',#2500,#2523,#2525,.T.);
#2523 = VERTEX_POINT('',#2524);
#2524 = CARTESIAN_POINT('',(-20.,-7.259024206686,44.146933610901));
#2525 = SURFACE_CURVE('',#2526,(#2531,#2538),.PCURVE_S1.);
#2526 = CIRCLE('',#2527,6.3);
#2527 = AXIS2_PLACEMENT_3D('',#2528,#2529,#2530);
#2528 = CARTESIAN_POINT('',(-20.,-3.725788471698,49.362894235849));
#2529 = DIRECTION('',(1.,0.,-1.110223024625E-16));
#2530 = DIRECTION('',(-1.110223024625E-16,-0.,-1.));
#2531 = PCURVE('',#1020,#2532);
#2532 = DEFINITIONAL_REPRESENTATION('',(#2533),#2537);
#2533 = LINE('',#2534,#2535);
#2534 = CARTESIAN_POINT('',(-8.881784197001E-16,11.5));
#2535 = VECTOR('',#2536,1.);
#2536 = DIRECTION('',(-1.,0.));
#2537 = ( GEOMETRIC_REPRESENTATION_CONTEXT(2) 
PARAMETRIC_REPRESENTATION_CONTEXT() REPRESENTATION_CONTEXT('2D SPACE',''
  ) );
#2538 = PCURVE('',#2039,#2539);
#2539 = DEFINITIONAL_REPRESENTATION('',(#2540),#2548);
#2540 = ( BOUNDED_CURVE() B_SPLINE_CURVE(2,(#2541,#2542,#2543,#2544,
#2545,#2546,#2547),.UNSPECIFIED.,.T.,.F.) B_SPLINE_CURVE_WITH_KNOTS((1,2
    ,2,2,2,1),(-2.094395102393,0.,2.094395102393,4.188790204786,
6.28318530718,8.377580409573),.UNSPECIFIED.) CURVE() 
GEOMETRIC_REPRESENTATION_ITEM() RATIONAL_B_SPLINE_CURVE((1.,0.5,1.,0.5,
1.,0.5,1.)) REPRESENTATION_ITEM('') );
#2541 = CARTESIAN_POINT('',(49.808459904366,50.358884735118));
#2542 = CARTESIAN_POINT('',(53.65615936378,60.569918417856));
#2543 = CARTESIAN_POINT('',(60.575324202223,52.132196098507));
#2544 = CARTESIAN_POINT('',(67.494489040667,43.694473779157));
#2545 = CARTESIAN_POINT('',(56.727624742809,41.921162415768));
#2546 = CARTESIAN_POINT('',(45.960760444952,40.147851052379));
#2547 = CARTESIAN_POINT('',(49.808459904366,50.358884735118));
#2548 = ( GEOMETRIC_REPRESENTATION_CONTEXT(2) 
PARAMETRIC_REPRESENTATION_CONTEXT() REPRESENTATION_CONTEXT('2D SPACE',''
  ) );
#2549 = ORIENTED_EDGE('',*,*,#2550,.T.);
#2550 = EDGE_CURVE('',#2523,#2382,#2551,.T.);
#2551 = SURFACE_CURVE('',#2552,(#2556,#2563),.PCURVE_S1.);
#2552 = LINE('',#2553,#2554);
#2553 = CARTESIAN_POINT('',(-8.5,-7.259024206686,44.146933610901));
#2554 = VECTOR('',#2555,1.);
#2555 = DIRECTION('',(-1.,-0.,1.110223024625E-16));
#2556 = PCURVE('',#1020,#2557);
#2557 = DEFINITIONAL_REPRESENTATION('',(#2558),#2562);
#2558 = LINE('',#2559,#2560);
#2559 = CARTESIAN_POINT('',(-5.68779605692,-5.790879581356E-16));
#2560 = VECTOR('',#2561,1.);
#2561 = DIRECTION('',(-0.,1.));
#2562 = ( GEOMETRIC_REPRESENTATION_CONTEXT(2) 
PARAMETRIC_REPRESENTATION_CONTEXT() REPRESENTATION_CONTEXT('2D SPACE',''
  ) );
#2563 = PCURVE('',#2564,#2569);
#2564 = PLANE('',#2565);
#2565 = AXIS2_PLACEMENT_3D('',#2566,#2567,#2568);
#2566 = CARTESIAN_POINT('',(-20.,-67.60410160103,6.190843812361));
#2567 = DIRECTION('',(0.,-0.532421866437,0.846479152809));
#2568 = DIRECTION('',(1.,0.,0.));
#2569 = DEFINITIONAL_REPRESENTATION('',(#2570),#2574);
#2570 = LINE('',#2571,#2572);
#2571 = CARTESIAN_POINT('',(11.5,71.289502162131));
#2572 = VECTOR('',#2573,1.);
#2573 = DIRECTION('',(-1.,5.911070149325E-17));
#2574 = ( GEOMETRIC_REPRESENTATION_CONTEXT(2) 
PARAMETRIC_REPRESENTATION_CONTEXT() REPRESENTATION_CONTEXT('2D SPACE',''
  ) );
#2575 = ADVANCED_FACE('',(#2576),#1198,.F.);
#2576 = FACE_BOUND('',#2577,.T.);
#2577 = EDGE_LOOP('',(#2578,#2579,#2602,#2635,#2663,#2692,#2720,#2753,
    #2774,#2775));
#2578 = ORIENTED_EDGE('',*,*,#1182,.T.);
#2579 = ORIENTED_EDGE('',*,*,#2580,.T.);
#2580 = EDGE_CURVE('',#1155,#2581,#2583,.T.);
#2581 = VERTEX_POINT('',#2582);
#2582 = CARTESIAN_POINT('',(-22.,64.983099707192,21.108514494501));
#2583 = SURFACE_CURVE('',#2584,(#2588,#2595),.PCURVE_S1.);
#2584 = LINE('',#2585,#2586);
#2585 = CARTESIAN_POINT('',(-8.5,64.983099707192,21.108514494501));
#2586 = VECTOR('',#2587,1.);
#2587 = DIRECTION('',(-1.,-0.,1.110223024625E-16));
#2588 = PCURVE('',#1198,#2589);
#2589 = DEFINITIONAL_REPRESENTATION('',(#2590),#2594);
#2590 = LINE('',#2591,#2592);
#2591 = CARTESIAN_POINT('',(-8.437564394863,3.854037900319E-16));
#2592 = VECTOR('',#2593,1.);
#2593 = DIRECTION('',(-0.,1.));
#2594 = ( GEOMETRIC_REPRESENTATION_CONTEXT(2) 
PARAMETRIC_REPRESENTATION_CONTEXT() REPRESENTATION_CONTEXT('2D SPACE',''
  ) );
#2595 = PCURVE('',#1847,#2596);
#2596 = DEFINITIONAL_REPRESENTATION('',(#2597),#2601);
#2597 = LINE('',#2598,#2599);
#2598 = CARTESIAN_POINT('',(7.,7.700128696194));
#2599 = VECTOR('',#2600,1.);
#2600 = DIRECTION('',(-1.,0.));
#2601 = ( GEOMETRIC_REPRESENTATION_CONTEXT(2) 
PARAMETRIC_REPRESENTATION_CONTEXT() REPRESENTATION_CONTEXT('2D SPACE',''
  ) );
#2602 = ORIENTED_EDGE('',*,*,#2603,.F.);
#2603 = EDGE_CURVE('',#2604,#2581,#2606,.T.);
#2604 = VERTEX_POINT('',#2605);
#2605 = CARTESIAN_POINT('',(-22.,65.218205527681,20.723099102309));
#2606 = SURFACE_CURVE('',#2607,(#2612,#2619),.PCURVE_S1.);
#2607 = CIRCLE('',#2608,6.3);
#2608 = AXIS2_PLACEMENT_3D('',#2609,#2610,#2611);
#2609 = CARTESIAN_POINT('',(-22.,59.725788471698,17.637105764151));
#2610 = DIRECTION('',(1.,0.,-1.110223024625E-16));
#2611 = DIRECTION('',(-1.110223024625E-16,-0.,-1.));
#2612 = PCURVE('',#1198,#2613);
#2613 = DEFINITIONAL_REPRESENTATION('',(#2614),#2618);
#2614 = LINE('',#2615,#2616);
#2615 = CARTESIAN_POINT('',(-0.,13.5));
#2616 = VECTOR('',#2617,1.);
#2617 = DIRECTION('',(-1.,0.));
#2618 = ( GEOMETRIC_REPRESENTATION_CONTEXT(2) 
PARAMETRIC_REPRESENTATION_CONTEXT() REPRESENTATION_CONTEXT('2D SPACE',''
  ) );
#2619 = PCURVE('',#2620,#2625);
#2620 = PLANE('',#2621);
#2621 = AXIS2_PLACEMENT_3D('',#2622,#2623,#2624);
#2622 = CARTESIAN_POINT('',(-22.,57.282971010998,12.108514494501));
#2623 = DIRECTION('',(-1.,0.,-0.));
#2624 = DIRECTION('',(0.,0.,-1.));
#2625 = DEFINITIONAL_REPRESENTATION('',(#2626),#2634);
#2626 = ( BOUNDED_CURVE() B_SPLINE_CURVE(2,(#2627,#2628,#2629,#2630,
#2631,#2632,#2633),.UNSPECIFIED.,.T.,.F.) B_SPLINE_CURVE_WITH_KNOTS((1,2
    ,2,2,2,1),(-2.094395102393,0.,2.094395102393,4.188790204786,
6.28318530718,8.377580409573),.UNSPECIFIED.) CURVE() 
GEOMETRIC_REPRESENTATION_ITEM() RATIONAL_B_SPLINE_CURVE((1.,0.5,1.,0.5,
1.,0.5,1.)) REPRESENTATION_ITEM('') );
#2627 = CARTESIAN_POINT('',(0.77140873035,-2.4428174607));
#2628 = CARTESIAN_POINT('',(0.77140873035,-13.35473754838));
#2629 = CARTESIAN_POINT('',(-8.67859126965,-7.898777504542));
#2630 = CARTESIAN_POINT('',(-18.12859126965,-2.4428174607));
#2631 = CARTESIAN_POINT('',(-8.67859126965,3.013142583142));
#2632 = CARTESIAN_POINT('',(0.77140873035,8.469102626984));
#2633 = CARTESIAN_POINT('',(0.77140873035,-2.4428174607));
#2634 = ( GEOMETRIC_REPRESENTATION_CONTEXT(2) 
PARAMETRIC_REPRESENTATION_CONTEXT() REPRESENTATION_CONTEXT('2D SPACE',''
  ) );
#2635 = ORIENTED_EDGE('',*,*,#2636,.T.);
#2636 = EDGE_CURVE('',#2604,#2637,#2639,.T.);
#2637 = VERTEX_POINT('',#2638);
#2638 = CARTESIAN_POINT('',(-22.5,65.218205527681,20.723099102309));
#2639 = SURFACE_CURVE('',#2640,(#2644,#2651),.PCURVE_S1.);
#2640 = LINE('',#2641,#2642);
#2641 = CARTESIAN_POINT('',(-8.5,65.218205527681,20.723099102309));
#2642 = VECTOR('',#2643,1.);
#2643 = DIRECTION('',(-1.,-0.,1.110223024625E-16));
#2644 = PCURVE('',#1198,#2645);
#2645 = DEFINITIONAL_REPRESENTATION('',(#2646),#2650);
#2646 = LINE('',#2647,#2648);
#2647 = CARTESIAN_POINT('',(-8.365888095349,3.426140857863E-16));
#2648 = VECTOR('',#2649,1.);
#2649 = DIRECTION('',(-0.,1.));
#2650 = ( GEOMETRIC_REPRESENTATION_CONTEXT(2) 
PARAMETRIC_REPRESENTATION_CONTEXT() REPRESENTATION_CONTEXT('2D SPACE',''
  ) );
#2651 = PCURVE('',#2652,#2657);
#2652 = PLANE('',#2653);
#2653 = AXIS2_PLACEMENT_3D('',#2654,#2655,#2656);
#2654 = CARTESIAN_POINT('',(-20.,116.54447529891,14.466939293171));
#2655 = DIRECTION('',(0.,-0.12099451087,-0.99265317626));
#2656 = DIRECTION('',(1.,0.,0.));
#2657 = DEFINITIONAL_REPRESENTATION('',(#2658),#2662);
#2658 = LINE('',#2659,#2660);
#2659 = CARTESIAN_POINT('',(11.5,51.70614571003));
#2660 = VECTOR('',#2661,1.);
#2661 = DIRECTION('',(-1.,1.343308918207E-17));
#2662 = ( GEOMETRIC_REPRESENTATION_CONTEXT(2) 
PARAMETRIC_REPRESENTATION_CONTEXT() REPRESENTATION_CONTEXT('2D SPACE',''
  ) );
#2663 = ORIENTED_EDGE('',*,*,#2664,.T.);
#2664 = EDGE_CURVE('',#2637,#2665,#2667,.T.);
#2665 = VERTEX_POINT('',#2666);
#2666 = CARTESIAN_POINT('',(-22.5,62.511418525978,11.986418620033));
#2667 = SURFACE_CURVE('',#2668,(#2673,#2680),.PCURVE_S1.);
#2668 = CIRCLE('',#2669,6.3);
#2669 = AXIS2_PLACEMENT_3D('',#2670,#2671,#2672);
#2670 = CARTESIAN_POINT('',(-22.5,59.725788471698,17.637105764151));
#2671 = DIRECTION('',(-1.,-0.,0.));
#2672 = DIRECTION('',(-0.,0.4472135955,0.894427191));
#2673 = PCURVE('',#1198,#2674);
#2674 = DEFINITIONAL_REPRESENTATION('',(#2675),#2679);
#2675 = LINE('',#2676,#2677);
#2676 = CARTESIAN_POINT('',(-8.961130351769,14.));
#2677 = VECTOR('',#2678,1.);
#2678 = DIRECTION('',(1.,-0.));
#2679 = ( GEOMETRIC_REPRESENTATION_CONTEXT(2) 
PARAMETRIC_REPRESENTATION_CONTEXT() REPRESENTATION_CONTEXT('2D SPACE',''
  ) );
#2680 = PCURVE('',#2681,#2686);
#2681 = PLANE('',#2682);
#2682 = AXIS2_PLACEMENT_3D('',#2683,#2684,#2685);
#2683 = CARTESIAN_POINT('',(-22.5,-6.543234123348,43.72800293255));
#2684 = DIRECTION('',(-1.,-0.,-0.));
#2685 = DIRECTION('',(0.,-0.4472135955,-0.894427191));
#2686 = DEFINITIONAL_REPRESENTATION('',(#2687),#2691);
#2687 = CIRCLE('',#2688,6.3);
#2688 = AXIS2_PLACEMENT_2D('',#2689,#2690);
#2689 = CARTESIAN_POINT('',(-6.3,-70.94101966249));
#2690 = DIRECTION('',(-1.,1.060358213669E-16));
#2691 = ( GEOMETRIC_REPRESENTATION_CONTEXT(2) 
PARAMETRIC_REPRESENTATION_CONTEXT() REPRESENTATION_CONTEXT('2D SPACE',''
  ) );
#2692 = ORIENTED_EDGE('',*,*,#2693,.F.);
#2693 = EDGE_CURVE('',#2694,#2665,#2696,.T.);
#2694 = VERTEX_POINT('',#2695);
#2695 = CARTESIAN_POINT('',(-20.,62.511418525978,11.986418620033));
#2696 = SURFACE_CURVE('',#2697,(#2701,#2708),.PCURVE_S1.);
#2697 = LINE('',#2698,#2699);
#2698 = CARTESIAN_POINT('',(-8.5,62.511418525978,11.986418620033));
#2699 = VECTOR('',#2700,1.);
#2700 = DIRECTION('',(-1.,-0.,1.110223024625E-16));
#2701 = PCURVE('',#1198,#2702);
#2702 = DEFINITIONAL_REPRESENTATION('',(#2703),#2707);
#2703 = LINE('',#2704,#2705);
#2704 = CARTESIAN_POINT('',(-6.741194656124,-6.273522972352E-16));
#2705 = VECTOR('',#2706,1.);
#2706 = DIRECTION('',(-0.,1.));
#2707 = ( GEOMETRIC_REPRESENTATION_CONTEXT(2) 
PARAMETRIC_REPRESENTATION_CONTEXT() REPRESENTATION_CONTEXT('2D SPACE',''
  ) );
#2708 = PCURVE('',#2709,#2714);
#2709 = PLANE('',#2710);
#2710 = AXIS2_PLACEMENT_3D('',#2711,#2712,#2713);
#2711 = CARTESIAN_POINT('',(-20.,115.45552470108,5.533060706829));
#2712 = DIRECTION('',(0.,-0.12099451087,-0.99265317626));
#2713 = DIRECTION('',(1.,0.,0.));
#2714 = DEFINITIONAL_REPRESENTATION('',(#2715),#2719);
#2715 = LINE('',#2716,#2717);
#2716 = CARTESIAN_POINT('',(11.5,53.335956043152));
#2717 = VECTOR('',#2718,1.);
#2718 = DIRECTION('',(-1.,1.343308918207E-17));
#2719 = ( GEOMETRIC_REPRESENTATION_CONTEXT(2) 
PARAMETRIC_REPRESENTATION_CONTEXT() REPRESENTATION_CONTEXT('2D SPACE',''
  ) );
#2720 = ORIENTED_EDGE('',*,*,#2721,.T.);
#2721 = EDGE_CURVE('',#2694,#2722,#2724,.T.);
#2722 = VERTEX_POINT('',#2723);
#2723 = CARTESIAN_POINT('',(-20.,62.746496761678,12.108514494501));
#2724 = SURFACE_CURVE('',#2725,(#2730,#2737),.PCURVE_S1.);
#2725 = CIRCLE('',#2726,6.3);
#2726 = AXIS2_PLACEMENT_3D('',#2727,#2728,#2729);
#2727 = CARTESIAN_POINT('',(-20.,59.725788471698,17.637105764151));
#2728 = DIRECTION('',(1.,0.,-1.110223024625E-16));
#2729 = DIRECTION('',(-1.110223024625E-16,-0.,-1.));
#2730 = PCURVE('',#1198,#2731);
#2731 = DEFINITIONAL_REPRESENTATION('',(#2732),#2736);
#2732 = LINE('',#2733,#2734);
#2733 = CARTESIAN_POINT('',(-0.,11.5));
#2734 = VECTOR('',#2735,1.);
#2735 = DIRECTION('',(-1.,0.));
#2736 = ( GEOMETRIC_REPRESENTATION_CONTEXT(2) 
PARAMETRIC_REPRESENTATION_CONTEXT() REPRESENTATION_CONTEXT('2D SPACE',''
  ) );
#2737 = PCURVE('',#2738,#2743);
#2738 = PLANE('',#2739);
#2739 = AXIS2_PLACEMENT_3D('',#2740,#2741,#2742);
#2740 = CARTESIAN_POINT('',(-20.,116.54447529891,14.466939293171));
#2741 = DIRECTION('',(-1.,-0.,-0.));
#2742 = DIRECTION('',(0.,0.12099451087,0.99265317626));
#2743 = DEFINITIONAL_REPRESENTATION('',(#2744),#2752);
#2744 = ( BOUNDED_CURVE() B_SPLINE_CURVE(2,(#2745,#2746,#2747,#2748,
#2749,#2750,#2751),.UNSPECIFIED.,.T.,.F.) B_SPLINE_CURVE_WITH_KNOTS((1,2
    ,2,2,2,1),(-2.094395102393,0.,2.094395102393,4.188790204786,
6.28318530718,8.377580409573),.UNSPECIFIED.) CURVE() 
GEOMETRIC_REPRESENTATION_ITEM() RATIONAL_B_SPLINE_CURVE((1.,0.5,1.,0.5,
1.,0.5,1.)) REPRESENTATION_ITEM('') );
#2745 = CARTESIAN_POINT('',(-9.98158841466,-56.02255727302));
#2746 = CARTESIAN_POINT('',(-8.661305981002,-45.19080513888));
#2747 = CARTESIAN_POINT('',(5.912531782774E-02,-51.75007933367));
#2748 = CARTESIAN_POINT('',(8.779556616658,-58.30935352845));
#2749 = CARTESIAN_POINT('',(-1.26115711583,-62.5818314678));
#2750 = CARTESIAN_POINT('',(-11.30187084831,-66.85430940715));
#2751 = CARTESIAN_POINT('',(-9.98158841466,-56.02255727302));
#2752 = ( GEOMETRIC_REPRESENTATION_CONTEXT(2) 
PARAMETRIC_REPRESENTATION_CONTEXT() REPRESENTATION_CONTEXT('2D SPACE',''
  ) );
#2753 = ORIENTED_EDGE('',*,*,#2754,.F.);
#2754 = EDGE_CURVE('',#1235,#2722,#2755,.T.);
#2755 = SURFACE_CURVE('',#2756,(#2760,#2767),.PCURVE_S1.);
#2756 = LINE('',#2757,#2758);
#2757 = CARTESIAN_POINT('',(-8.5,62.746496761678,12.108514494501));
#2758 = VECTOR('',#2759,1.);
#2759 = DIRECTION('',(-1.,-0.,1.110223024625E-16));
#2760 = PCURVE('',#1198,#2761);
#2761 = DEFINITIONAL_REPRESENTATION('',(#2762),#2766);
#2762 = LINE('',#2763,#2764);
#2763 = CARTESIAN_POINT('',(-6.783244525064,-6.137969321307E-16));
#2764 = VECTOR('',#2765,1.);
#2765 = DIRECTION('',(-0.,1.));
#2766 = ( GEOMETRIC_REPRESENTATION_CONTEXT(2) 
PARAMETRIC_REPRESENTATION_CONTEXT() REPRESENTATION_CONTEXT('2D SPACE',''
  ) );
#2767 = PCURVE('',#1901,#2768);
#2768 = DEFINITIONAL_REPRESENTATION('',(#2769),#2773);
#2769 = LINE('',#2770,#2771);
#2770 = CARTESIAN_POINT('',(7.,5.46352575068));
#2771 = VECTOR('',#2772,1.);
#2772 = DIRECTION('',(-1.,0.));
#2773 = ( GEOMETRIC_REPRESENTATION_CONTEXT(2) 
PARAMETRIC_REPRESENTATION_CONTEXT() REPRESENTATION_CONTEXT('2D SPACE',''
  ) );
#2774 = ORIENTED_EDGE('',*,*,#1234,.F.);
#2775 = ORIENTED_EDGE('',*,*,#1210,.T.);
#2776 = ADVANCED_FACE('',(#2777),#1520,.F.);
#2777 = FACE_BOUND('',#2778,.T.);
#2778 = EDGE_LOOP('',(#2779,#2780,#2781,#2782));
#2779 = ORIENTED_EDGE('',*,*,#1635,.T.);
#2780 = ORIENTED_EDGE('',*,*,#1662,.F.);
#2781 = ORIENTED_EDGE('',*,*,#1504,.F.);
#2782 = ORIENTED_EDGE('',*,*,#1556,.T.);
#2783 = ADVANCED_FACE('',(#2784),#1901,.F.);
#2784 = FACE_BOUND('',#2785,.T.);
#2785 = EDGE_LOOP('',(#2786,#2809,#2810,#2811));
#2786 = ORIENTED_EDGE('',*,*,#2787,.F.);
#2787 = EDGE_CURVE('',#1860,#2788,#2790,.T.);
#2788 = VERTEX_POINT('',#2789);
#2789 = CARTESIAN_POINT('',(-20.,66.282971010998,12.108514494501));
#2790 = SURFACE_CURVE('',#2791,(#2795,#2802),.PCURVE_S1.);
#2791 = LINE('',#2792,#2793);
#2792 = CARTESIAN_POINT('',(-15.5,66.282971010998,12.108514494501));
#2793 = VECTOR('',#2794,1.);
#2794 = DIRECTION('',(-1.,0.,-0.));
#2795 = PCURVE('',#1901,#2796);
#2796 = DEFINITIONAL_REPRESENTATION('',(#2797),#2801);
#2797 = LINE('',#2798,#2799);
#2798 = CARTESIAN_POINT('',(0.,9.));
#2799 = VECTOR('',#2800,1.);
#2800 = DIRECTION('',(-1.,0.));
#2801 = ( GEOMETRIC_REPRESENTATION_CONTEXT(2) 
PARAMETRIC_REPRESENTATION_CONTEXT() REPRESENTATION_CONTEXT('2D SPACE',''
  ) );
#2802 = PCURVE('',#1875,#2803);
#2803 = DEFINITIONAL_REPRESENTATION('',(#2804),#2808);
#2804 = LINE('',#2805,#2806);
#2805 = CARTESIAN_POINT('',(-0.,-0.));
#2806 = VECTOR('',#2807,1.);
#2807 = DIRECTION('',(-0.,1.));
#2808 = ( GEOMETRIC_REPRESENTATION_CONTEXT(2) 
PARAMETRIC_REPRESENTATION_CONTEXT() REPRESENTATION_CONTEXT('2D SPACE',''
  ) );
#2809 = ORIENTED_EDGE('',*,*,#1887,.T.);
#2810 = ORIENTED_EDGE('',*,*,#2754,.T.);
#2811 = ORIENTED_EDGE('',*,*,#2812,.F.);
#2812 = EDGE_CURVE('',#2788,#2722,#2813,.T.);
#2813 = SURFACE_CURVE('',#2814,(#2818,#2825),.PCURVE_S1.);
#2814 = LINE('',#2815,#2816);
#2815 = CARTESIAN_POINT('',(-20.,86.913723154956,12.108514494501));
#2816 = VECTOR('',#2817,1.);
#2817 = DIRECTION('',(-0.,-1.,-0.));
#2818 = PCURVE('',#1901,#2819);
#2819 = DEFINITIONAL_REPRESENTATION('',(#2820),#2824);
#2820 = LINE('',#2821,#2822);
#2821 = CARTESIAN_POINT('',(-4.5,29.630752143958));
#2822 = VECTOR('',#2823,1.);
#2823 = DIRECTION('',(-0.,-1.));
#2824 = ( GEOMETRIC_REPRESENTATION_CONTEXT(2) 
PARAMETRIC_REPRESENTATION_CONTEXT() REPRESENTATION_CONTEXT('2D SPACE',''
  ) );
#2825 = PCURVE('',#2738,#2826);
#2826 = DEFINITIONAL_REPRESENTATION('',(#2827),#2831);
#2827 = LINE('',#2828,#2829);
#2828 = CARTESIAN_POINT('',(-5.926256229727,-29.12770377574));
#2829 = VECTOR('',#2830,1.);
#2830 = DIRECTION('',(-0.12099451087,-0.99265317626));
#2831 = ( GEOMETRIC_REPRESENTATION_CONTEXT(2) 
PARAMETRIC_REPRESENTATION_CONTEXT() REPRESENTATION_CONTEXT('2D SPACE',''
  ) );
#2832 = ADVANCED_FACE('',(#2833),#1875,.T.);
#2833 = FACE_BOUND('',#2834,.F.);
#2834 = EDGE_LOOP('',(#2835,#2836,#2837,#2860,#2883,#2906));
#2835 = ORIENTED_EDGE('',*,*,#2787,.F.);
#2836 = ORIENTED_EDGE('',*,*,#1859,.T.);
#2837 = ORIENTED_EDGE('',*,*,#2838,.T.);
#2838 = EDGE_CURVE('',#1832,#2839,#2841,.T.);
#2839 = VERTEX_POINT('',#2840);
#2840 = CARTESIAN_POINT('',(-22.,66.282971010998,21.108514494501));
#2841 = SURFACE_CURVE('',#2842,(#2846,#2853),.PCURVE_S1.);
#2842 = LINE('',#2843,#2844);
#2843 = CARTESIAN_POINT('',(-15.5,66.282971010998,21.108514494501));
#2844 = VECTOR('',#2845,1.);
#2845 = DIRECTION('',(-1.,0.,-0.));
#2846 = PCURVE('',#1875,#2847);
#2847 = DEFINITIONAL_REPRESENTATION('',(#2848),#2852);
#2848 = LINE('',#2849,#2850);
#2849 = CARTESIAN_POINT('',(-9.,-0.));
#2850 = VECTOR('',#2851,1.);
#2851 = DIRECTION('',(-0.,1.));
#2852 = ( GEOMETRIC_REPRESENTATION_CONTEXT(2) 
PARAMETRIC_REPRESENTATION_CONTEXT() REPRESENTATION_CONTEXT('2D SPACE',''
  ) );
#2853 = PCURVE('',#1847,#2854);
#2854 = DEFINITIONAL_REPRESENTATION('',(#2855),#2859);
#2855 = LINE('',#2856,#2857);
#2856 = CARTESIAN_POINT('',(0.,9.));
#2857 = VECTOR('',#2858,1.);
#2858 = DIRECTION('',(-1.,0.));
#2859 = ( GEOMETRIC_REPRESENTATION_CONTEXT(2) 
PARAMETRIC_REPRESENTATION_CONTEXT() REPRESENTATION_CONTEXT('2D SPACE',''
  ) );
#2860 = ORIENTED_EDGE('',*,*,#2861,.F.);
#2861 = EDGE_CURVE('',#2862,#2839,#2864,.T.);
#2862 = VERTEX_POINT('',#2863);
#2863 = CARTESIAN_POINT('',(-22.,66.282971010998,20.593314821226));
#2864 = SURFACE_CURVE('',#2865,(#2869,#2876),.PCURVE_S1.);
#2865 = LINE('',#2866,#2867);
#2866 = CARTESIAN_POINT('',(-22.,66.282971010998,12.108514494501));
#2867 = VECTOR('',#2868,1.);
#2868 = DIRECTION('',(0.,-0.,1.));
#2869 = PCURVE('',#1875,#2870);
#2870 = DEFINITIONAL_REPRESENTATION('',(#2871),#2875);
#2871 = LINE('',#2872,#2873);
#2872 = CARTESIAN_POINT('',(-0.,6.5));
#2873 = VECTOR('',#2874,1.);
#2874 = DIRECTION('',(-1.,0.));
#2875 = ( GEOMETRIC_REPRESENTATION_CONTEXT(2) 
PARAMETRIC_REPRESENTATION_CONTEXT() REPRESENTATION_CONTEXT('2D SPACE',''
  ) );
#2876 = PCURVE('',#2620,#2877);
#2877 = DEFINITIONAL_REPRESENTATION('',(#2878),#2882);
#2878 = LINE('',#2879,#2880);
#2879 = CARTESIAN_POINT('',(-0.,-9.));
#2880 = VECTOR('',#2881,1.);
#2881 = DIRECTION('',(-1.,-0.));
#2882 = ( GEOMETRIC_REPRESENTATION_CONTEXT(2) 
PARAMETRIC_REPRESENTATION_CONTEXT() REPRESENTATION_CONTEXT('2D SPACE',''
  ) );
#2883 = ORIENTED_EDGE('',*,*,#2884,.F.);
#2884 = EDGE_CURVE('',#2885,#2862,#2887,.T.);
#2885 = VERTEX_POINT('',#2886);
#2886 = CARTESIAN_POINT('',(-20.,66.282971010998,20.593314821226));
#2887 = SURFACE_CURVE('',#2888,(#2892,#2899),.PCURVE_S1.);
#2888 = LINE('',#2889,#2890);
#2889 = CARTESIAN_POINT('',(-17.75,66.282971010998,20.593314821226));
#2890 = VECTOR('',#2891,1.);
#2891 = DIRECTION('',(-1.,-0.,-0.));
#2892 = PCURVE('',#1875,#2893);
#2893 = DEFINITIONAL_REPRESENTATION('',(#2894),#2898);
#2894 = LINE('',#2895,#2896);
#2895 = CARTESIAN_POINT('',(-8.484800326726,2.25));
#2896 = VECTOR('',#2897,1.);
#2897 = DIRECTION('',(-0.,1.));
#2898 = ( GEOMETRIC_REPRESENTATION_CONTEXT(2) 
PARAMETRIC_REPRESENTATION_CONTEXT() REPRESENTATION_CONTEXT('2D SPACE',''
  ) );
#2899 = PCURVE('',#2652,#2900);
#2900 = DEFINITIONAL_REPRESENTATION('',(#2901),#2905);
#2901 = LINE('',#2902,#2903);
#2902 = CARTESIAN_POINT('',(2.25,50.633499685434));
#2903 = VECTOR('',#2904,1.);
#2904 = DIRECTION('',(-1.,0.));
#2905 = ( GEOMETRIC_REPRESENTATION_CONTEXT(2) 
PARAMETRIC_REPRESENTATION_CONTEXT() REPRESENTATION_CONTEXT('2D SPACE',''
  ) );
#2906 = ORIENTED_EDGE('',*,*,#2907,.F.);
#2907 = EDGE_CURVE('',#2788,#2885,#2908,.T.);
#2908 = SURFACE_CURVE('',#2909,(#2913,#2920),.PCURVE_S1.);
#2909 = LINE('',#2910,#2911);
#2910 = CARTESIAN_POINT('',(-20.,66.282971010998,13.287726893836));
#2911 = VECTOR('',#2912,1.);
#2912 = DIRECTION('',(-0.,-0.,1.));
#2913 = PCURVE('',#1875,#2914);
#2914 = DEFINITIONAL_REPRESENTATION('',(#2915),#2919);
#2915 = LINE('',#2916,#2917);
#2916 = CARTESIAN_POINT('',(-1.179212399335,4.5));
#2917 = VECTOR('',#2918,1.);
#2918 = DIRECTION('',(-1.,-0.));
#2919 = ( GEOMETRIC_REPRESENTATION_CONTEXT(2) 
PARAMETRIC_REPRESENTATION_CONTEXT() REPRESENTATION_CONTEXT('2D SPACE',''
  ) );
#2920 = PCURVE('',#2738,#2921);
#2921 = DEFINITIONAL_REPRESENTATION('',(#2922),#2926);
#2922 = LINE('',#2923,#2924);
#2923 = CARTESIAN_POINT('',(-7.251915060572,-49.74956364754));
#2924 = VECTOR('',#2925,1.);
#2925 = DIRECTION('',(0.99265317626,-0.12099451087));
#2926 = ( GEOMETRIC_REPRESENTATION_CONTEXT(2) 
PARAMETRIC_REPRESENTATION_CONTEXT() REPRESENTATION_CONTEXT('2D SPACE',''
  ) );
#2927 = ADVANCED_FACE('',(#2928),#1847,.T.);
#2928 = FACE_BOUND('',#2929,.F.);
#2929 = EDGE_LOOP('',(#2930,#2931,#2932,#2953));
#2930 = ORIENTED_EDGE('',*,*,#1831,.T.);
#2931 = ORIENTED_EDGE('',*,*,#2580,.T.);
#2932 = ORIENTED_EDGE('',*,*,#2933,.T.);
#2933 = EDGE_CURVE('',#2581,#2839,#2934,.T.);
#2934 = SURFACE_CURVE('',#2935,(#2939,#2946),.PCURVE_S1.);
#2935 = LINE('',#2936,#2937);
#2936 = CARTESIAN_POINT('',(-22.,57.282971010998,21.108514494501));
#2937 = VECTOR('',#2938,1.);
#2938 = DIRECTION('',(-0.,1.,0.));
#2939 = PCURVE('',#1847,#2940);
#2940 = DEFINITIONAL_REPRESENTATION('',(#2941),#2945);
#2941 = LINE('',#2942,#2943);
#2942 = CARTESIAN_POINT('',(-6.5,0.));
#2943 = VECTOR('',#2944,1.);
#2944 = DIRECTION('',(-0.,1.));
#2945 = ( GEOMETRIC_REPRESENTATION_CONTEXT(2) 
PARAMETRIC_REPRESENTATION_CONTEXT() REPRESENTATION_CONTEXT('2D SPACE',''
  ) );
#2946 = PCURVE('',#2620,#2947);
#2947 = DEFINITIONAL_REPRESENTATION('',(#2948),#2952);
#2948 = LINE('',#2949,#2950);
#2949 = CARTESIAN_POINT('',(-9.,-0.));
#2950 = VECTOR('',#2951,1.);
#2951 = DIRECTION('',(-0.,-1.));
#2952 = ( GEOMETRIC_REPRESENTATION_CONTEXT(2) 
PARAMETRIC_REPRESENTATION_CONTEXT() REPRESENTATION_CONTEXT('2D SPACE',''
  ) );
#2953 = ORIENTED_EDGE('',*,*,#2838,.F.);
#2954 = ADVANCED_FACE('',(#2955),#1816,.T.);
#2955 = FACE_BOUND('',#2956,.F.);
#2956 = EDGE_LOOP('',(#2957,#2958,#2959,#2982));
#2957 = ORIENTED_EDGE('',*,*,#2475,.F.);
#2958 = ORIENTED_EDGE('',*,*,#1802,.T.);
#2959 = ORIENTED_EDGE('',*,*,#2960,.T.);
#2960 = EDGE_CURVE('',#1775,#2961,#2963,.T.);
#2961 = VERTEX_POINT('',#2962);
#2962 = CARTESIAN_POINT('',(-22.,-10.28297101099,54.891485505499));
#2963 = SURFACE_CURVE('',#2964,(#2968,#2975),.PCURVE_S1.);
#2964 = LINE('',#2965,#2966);
#2965 = CARTESIAN_POINT('',(-15.5,-10.28297101099,54.891485505499));
#2966 = VECTOR('',#2967,1.);
#2967 = DIRECTION('',(-1.,0.,-0.));
#2968 = PCURVE('',#1816,#2969);
#2969 = DEFINITIONAL_REPRESENTATION('',(#2970),#2974);
#2970 = LINE('',#2971,#2972);
#2971 = CARTESIAN_POINT('',(0.,-0.));
#2972 = VECTOR('',#2973,1.);
#2973 = DIRECTION('',(-1.,0.));
#2974 = ( GEOMETRIC_REPRESENTATION_CONTEXT(2) 
PARAMETRIC_REPRESENTATION_CONTEXT() REPRESENTATION_CONTEXT('2D SPACE',''
  ) );
#2975 = PCURVE('',#1790,#2976);
#2976 = DEFINITIONAL_REPRESENTATION('',(#2977),#2981);
#2977 = LINE('',#2978,#2979);
#2978 = CARTESIAN_POINT('',(-9.,-0.));
#2979 = VECTOR('',#2980,1.);
#2980 = DIRECTION('',(-0.,1.));
#2981 = ( GEOMETRIC_REPRESENTATION_CONTEXT(2) 
PARAMETRIC_REPRESENTATION_CONTEXT() REPRESENTATION_CONTEXT('2D SPACE',''
  ) );
#2982 = ORIENTED_EDGE('',*,*,#2983,.T.);
#2983 = EDGE_CURVE('',#2961,#2443,#2984,.T.);
#2984 = SURFACE_CURVE('',#2985,(#2989,#2996),.PCURVE_S1.);
#2985 = LINE('',#2986,#2987);
#2986 = CARTESIAN_POINT('',(-22.,-10.28297101099,54.891485505499));
#2987 = VECTOR('',#2988,1.);
#2988 = DIRECTION('',(-0.,1.,0.));
#2989 = PCURVE('',#1816,#2990);
#2990 = DEFINITIONAL_REPRESENTATION('',(#2991),#2995);
#2991 = LINE('',#2992,#2993);
#2992 = CARTESIAN_POINT('',(-6.5,0.));
#2993 = VECTOR('',#2994,1.);
#2994 = DIRECTION('',(-0.,1.));
#2995 = ( GEOMETRIC_REPRESENTATION_CONTEXT(2) 
PARAMETRIC_REPRESENTATION_CONTEXT() REPRESENTATION_CONTEXT('2D SPACE',''
  ) );
#2996 = PCURVE('',#2459,#2997);
#2997 = DEFINITIONAL_REPRESENTATION('',(#2998),#3002);
#2998 = LINE('',#2999,#3000);
#2999 = CARTESIAN_POINT('',(-9.,-0.));
#3000 = VECTOR('',#3001,1.);
#3001 = DIRECTION('',(-0.,-1.));
#3002 = ( GEOMETRIC_REPRESENTATION_CONTEXT(2) 
PARAMETRIC_REPRESENTATION_CONTEXT() REPRESENTATION_CONTEXT('2D SPACE',''
  ) );
#3003 = ADVANCED_FACE('',(#3004),#1790,.F.);
#3004 = FACE_BOUND('',#3005,.T.);
#3005 = EDGE_LOOP('',(#3006,#3029,#3030,#3031,#3054,#3082));
#3006 = ORIENTED_EDGE('',*,*,#3007,.F.);
#3007 = EDGE_CURVE('',#1747,#3008,#3010,.T.);
#3008 = VERTEX_POINT('',#3009);
#3009 = CARTESIAN_POINT('',(-20.,-10.28297101099,45.891485505499));
#3010 = SURFACE_CURVE('',#3011,(#3015,#3022),.PCURVE_S1.);
#3011 = LINE('',#3012,#3013);
#3012 = CARTESIAN_POINT('',(-15.5,-10.28297101099,45.891485505499));
#3013 = VECTOR('',#3014,1.);
#3014 = DIRECTION('',(-1.,0.,-0.));
#3015 = PCURVE('',#1790,#3016);
#3016 = DEFINITIONAL_REPRESENTATION('',(#3017),#3021);
#3017 = LINE('',#3018,#3019);
#3018 = CARTESIAN_POINT('',(-0.,-0.));
#3019 = VECTOR('',#3020,1.);
#3020 = DIRECTION('',(-0.,1.));
#3021 = ( GEOMETRIC_REPRESENTATION_CONTEXT(2) 
PARAMETRIC_REPRESENTATION_CONTEXT() REPRESENTATION_CONTEXT('2D SPACE',''
  ) );
#3022 = PCURVE('',#1762,#3023);
#3023 = DEFINITIONAL_REPRESENTATION('',(#3024),#3028);
#3024 = LINE('',#3025,#3026);
#3025 = CARTESIAN_POINT('',(0.,-0.));
#3026 = VECTOR('',#3027,1.);
#3027 = DIRECTION('',(-1.,0.));
#3028 = ( GEOMETRIC_REPRESENTATION_CONTEXT(2) 
PARAMETRIC_REPRESENTATION_CONTEXT() REPRESENTATION_CONTEXT('2D SPACE',''
  ) );
#3029 = ORIENTED_EDGE('',*,*,#1774,.T.);
#3030 = ORIENTED_EDGE('',*,*,#2960,.T.);
#3031 = ORIENTED_EDGE('',*,*,#3032,.F.);
#3032 = EDGE_CURVE('',#3033,#2961,#3035,.T.);
#3033 = VERTEX_POINT('',#3034);
#3034 = CARTESIAN_POINT('',(-22.,-10.28297101099,52.877195394575));
#3035 = SURFACE_CURVE('',#3036,(#3040,#3047),.PCURVE_S1.);
#3036 = LINE('',#3037,#3038);
#3037 = CARTESIAN_POINT('',(-22.,-10.28297101099,45.891485505499));
#3038 = VECTOR('',#3039,1.);
#3039 = DIRECTION('',(0.,-0.,1.));
#3040 = PCURVE('',#1790,#3041);
#3041 = DEFINITIONAL_REPRESENTATION('',(#3042),#3046);
#3042 = LINE('',#3043,#3044);
#3043 = CARTESIAN_POINT('',(-0.,6.5));
#3044 = VECTOR('',#3045,1.);
#3045 = DIRECTION('',(-1.,0.));
#3046 = ( GEOMETRIC_REPRESENTATION_CONTEXT(2) 
PARAMETRIC_REPRESENTATION_CONTEXT() REPRESENTATION_CONTEXT('2D SPACE',''
  ) );
#3047 = PCURVE('',#2459,#3048);
#3048 = DEFINITIONAL_REPRESENTATION('',(#3049),#3053);
#3049 = LINE('',#3050,#3051);
#3050 = CARTESIAN_POINT('',(-0.,-0.));
#3051 = VECTOR('',#3052,1.);
#3052 = DIRECTION('',(-1.,-0.));
#3053 = ( GEOMETRIC_REPRESENTATION_CONTEXT(2) 
PARAMETRIC_REPRESENTATION_CONTEXT() REPRESENTATION_CONTEXT('2D SPACE',''
  ) );
#3054 = ORIENTED_EDGE('',*,*,#3055,.T.);
#3055 = EDGE_CURVE('',#3033,#3056,#3058,.T.);
#3056 = VERTEX_POINT('',#3057);
#3057 = CARTESIAN_POINT('',(-20.,-10.28297101099,52.877195394575));
#3058 = SURFACE_CURVE('',#3059,(#3063,#3070),.PCURVE_S1.);
#3059 = LINE('',#3060,#3061);
#3060 = CARTESIAN_POINT('',(-17.75,-10.28297101099,52.877195394575));
#3061 = VECTOR('',#3062,1.);
#3062 = DIRECTION('',(1.,-0.,-0.));
#3063 = PCURVE('',#1790,#3064);
#3064 = DEFINITIONAL_REPRESENTATION('',(#3065),#3069);
#3065 = LINE('',#3066,#3067);
#3066 = CARTESIAN_POINT('',(-6.985709889076,2.25));
#3067 = VECTOR('',#3068,1.);
#3068 = DIRECTION('',(-0.,-1.));
#3069 = ( GEOMETRIC_REPRESENTATION_CONTEXT(2) 
PARAMETRIC_REPRESENTATION_CONTEXT() REPRESENTATION_CONTEXT('2D SPACE',''
  ) );
#3070 = PCURVE('',#3071,#3076);
#3071 = PLANE('',#3072);
#3072 = AXIS2_PLACEMENT_3D('',#3073,#3074,#3075);
#3073 = CARTESIAN_POINT('',(-20.,-72.39589839896,13.809156187639));
#3074 = DIRECTION('',(0.,-0.532421866437,0.846479152809));
#3075 = DIRECTION('',(1.,0.,0.));
#3076 = DEFINITIONAL_REPRESENTATION('',(#3077),#3081);
#3077 = LINE('',#3078,#3079);
#3078 = CARTESIAN_POINT('',(2.25,73.377976506427));
#3079 = VECTOR('',#3080,1.);
#3080 = DIRECTION('',(1.,-0.));
#3081 = ( GEOMETRIC_REPRESENTATION_CONTEXT(2) 
PARAMETRIC_REPRESENTATION_CONTEXT() REPRESENTATION_CONTEXT('2D SPACE',''
  ) );
#3082 = ORIENTED_EDGE('',*,*,#3083,.F.);
#3083 = EDGE_CURVE('',#3008,#3056,#3084,.T.);
#3084 = SURFACE_CURVE('',#3085,(#3089,#3096),.PCURVE_S1.);
#3085 = LINE('',#3086,#3087);
#3086 = CARTESIAN_POINT('',(-20.,-10.28297101099,30.051222411833));
#3087 = VECTOR('',#3088,1.);
#3088 = DIRECTION('',(-0.,-0.,1.));
#3089 = PCURVE('',#1790,#3090);
#3090 = DEFINITIONAL_REPRESENTATION('',(#3091),#3095);
#3091 = LINE('',#3092,#3093);
#3092 = CARTESIAN_POINT('',(15.840263093666,4.5));
#3093 = VECTOR('',#3094,1.);
#3094 = DIRECTION('',(-1.,-0.));
#3095 = ( GEOMETRIC_REPRESENTATION_CONTEXT(2) 
PARAMETRIC_REPRESENTATION_CONTEXT() REPRESENTATION_CONTEXT('2D SPACE',''
  ) );
#3096 = PCURVE('',#2039,#3097);
#3097 = DEFINITIONAL_REPRESENTATION('',(#3098),#3102);
#3098 = LINE('',#3099,#3100);
#3099 = CARTESIAN_POINT('',(35.320387621473,48.810980333914));
#3100 = VECTOR('',#3101,1.);
#3101 = DIRECTION('',(0.93576873737,-0.352614336294));
#3102 = ( GEOMETRIC_REPRESENTATION_CONTEXT(2) 
PARAMETRIC_REPRESENTATION_CONTEXT() REPRESENTATION_CONTEXT('2D SPACE',''
  ) );
#3103 = ADVANCED_FACE('',(#3104),#1762,.F.);
#3104 = FACE_BOUND('',#3105,.T.);
#3105 = EDGE_LOOP('',(#3106,#3127,#3128,#3129));
#3106 = ORIENTED_EDGE('',*,*,#3107,.F.);
#3107 = EDGE_CURVE('',#2500,#3008,#3108,.T.);
#3108 = SURFACE_CURVE('',#3109,(#3113,#3120),.PCURVE_S1.);
#3109 = LINE('',#3110,#3111);
#3110 = CARTESIAN_POINT('',(-20.,-39.34810324883,45.891485505499));
#3111 = VECTOR('',#3112,1.);
#3112 = DIRECTION('',(-0.,-1.,-0.));
#3113 = PCURVE('',#1762,#3114);
#3114 = DEFINITIONAL_REPRESENTATION('',(#3115),#3119);
#3115 = LINE('',#3116,#3117);
#3116 = CARTESIAN_POINT('',(-4.5,-29.06513223783));
#3117 = VECTOR('',#3118,1.);
#3118 = DIRECTION('',(-0.,-1.));
#3119 = ( GEOMETRIC_REPRESENTATION_CONTEXT(2) 
PARAMETRIC_REPRESENTATION_CONTEXT() REPRESENTATION_CONTEXT('2D SPACE',''
  ) );
#3120 = PCURVE('',#2039,#3121);
#3121 = DEFINITIONAL_REPRESENTATION('',(#3122),#3126);
#3122 = LINE('',#3123,#3124);
#3123 = CARTESIAN_POINT('',(39.894428302899,16.027234380709));
#3124 = VECTOR('',#3125,1.);
#3125 = DIRECTION('',(-0.352614336294,-0.93576873737));
#3126 = ( GEOMETRIC_REPRESENTATION_CONTEXT(2) 
PARAMETRIC_REPRESENTATION_CONTEXT() REPRESENTATION_CONTEXT('2D SPACE',''
  ) );
#3127 = ORIENTED_EDGE('',*,*,#2499,.F.);
#3128 = ORIENTED_EDGE('',*,*,#1746,.T.);
#3129 = ORIENTED_EDGE('',*,*,#3007,.T.);
#3130 = ADVANCED_FACE('',(#3131),#2123,.T.);
#3131 = FACE_BOUND('',#3132,.F.);
#3132 = EDGE_LOOP('',(#3133,#3134,#3135,#3159));
#3133 = ORIENTED_EDGE('',*,*,#2192,.F.);
#3134 = ORIENTED_EDGE('',*,*,#2107,.T.);
#3135 = ORIENTED_EDGE('',*,*,#3136,.T.);
#3136 = EDGE_CURVE('',#2080,#3137,#3139,.T.);
#3137 = VERTEX_POINT('',#3138);
#3138 = CARTESIAN_POINT('',(-22.1,-121.3324609698,38.89776164738));
#3139 = SURFACE_CURVE('',#3140,(#3145,#3152),.PCURVE_S1.);
#3140 = CIRCLE('',#3141,11.);
#3141 = AXIS2_PLACEMENT_3D('',#3142,#3143,#3144);
#3142 = CARTESIAN_POINT('',(-22.1,-117.4799233766,28.594463433063));
#3143 = DIRECTION('',(-1.,-0.,0.));
#3144 = DIRECTION('',(-0.,0.350230690289,-0.936663474029));
#3145 = PCURVE('',#2123,#3146);
#3146 = DEFINITIONAL_REPRESENTATION('',(#3147),#3151);
#3147 = LINE('',#3148,#3149);
#3148 = CARTESIAN_POINT('',(-6.641002688892,5.2));
#3149 = VECTOR('',#3150,1.);
#3150 = DIRECTION('',(1.,-0.));
#3151 = ( GEOMETRIC_REPRESENTATION_CONTEXT(2) 
PARAMETRIC_REPRESENTATION_CONTEXT() REPRESENTATION_CONTEXT('2D SPACE',''
  ) );
#3152 = PCURVE('',#2095,#3153);
#3153 = DEFINITIONAL_REPRESENTATION('',(#3154),#3158);
#3154 = CIRCLE('',#3155,11.);
#3155 = AXIS2_PLACEMENT_2D('',#3156,#3157);
#3156 = CARTESIAN_POINT('',(-11.,-170.7762191957));
#3157 = DIRECTION('',(-1.,-1.412411758396E-15));
#3158 = ( GEOMETRIC_REPRESENTATION_CONTEXT(2) 
PARAMETRIC_REPRESENTATION_CONTEXT() REPRESENTATION_CONTEXT('2D SPACE',''
  ) );
#3159 = ORIENTED_EDGE('',*,*,#3160,.F.);
#3160 = EDGE_CURVE('',#2165,#3137,#3161,.T.);
#3161 = SURFACE_CURVE('',#3162,(#3166,#3173),.PCURVE_S1.);
#3162 = LINE('',#3163,#3164);
#3163 = CARTESIAN_POINT('',(-16.9,-121.3324609698,38.89776164738));
#3164 = VECTOR('',#3165,1.);
#3165 = DIRECTION('',(-1.,0.,-0.));
#3166 = PCURVE('',#2123,#3167);
#3167 = DEFINITIONAL_REPRESENTATION('',(#3168),#3172);
#3168 = LINE('',#3169,#3170);
#3169 = CARTESIAN_POINT('',(-3.499410035303,1.143895890711E-15));
#3170 = VECTOR('',#3171,1.);
#3171 = DIRECTION('',(-0.,1.));
#3172 = ( GEOMETRIC_REPRESENTATION_CONTEXT(2) 
PARAMETRIC_REPRESENTATION_CONTEXT() REPRESENTATION_CONTEXT('2D SPACE',''
  ) );
#3173 = PCURVE('',#2180,#3174);
#3174 = DEFINITIONAL_REPRESENTATION('',(#3175),#3179);
#3175 = LINE('',#3176,#3177);
#3176 = CARTESIAN_POINT('',(-0.,170.77621919573));
#3177 = VECTOR('',#3178,1.);
#3178 = DIRECTION('',(-1.,0.));
#3179 = ( GEOMETRIC_REPRESENTATION_CONTEXT(2) 
PARAMETRIC_REPRESENTATION_CONTEXT() REPRESENTATION_CONTEXT('2D SPACE',''
  ) );
#3180 = ADVANCED_FACE('',(#3181),#2095,.T.);
#3181 = FACE_BOUND('',#3182,.F.);
#3182 = EDGE_LOOP('',(#3183,#3206,#3207,#3208,#3231,#3259,#3282,#3310,
    #3338,#3366));
#3183 = ORIENTED_EDGE('',*,*,#3184,.T.);
#3184 = EDGE_CURVE('',#3185,#3137,#3187,.T.);
#3185 = VERTEX_POINT('',#3186);
#3186 = CARTESIAN_POINT('',(-22.1,38.627385783512,98.708834781253));
#3187 = SURFACE_CURVE('',#3188,(#3192,#3199),.PCURVE_S1.);
#3188 = LINE('',#3189,#3190);
#3189 = CARTESIAN_POINT('',(-22.1,38.627385783512,98.708834781253));
#3190 = VECTOR('',#3191,1.);
#3191 = DIRECTION('',(0.,-0.936663474029,-0.350230690289));
#3192 = PCURVE('',#2095,#3193);
#3193 = DEFINITIONAL_REPRESENTATION('',(#3194),#3198);
#3194 = LINE('',#3195,#3196);
#3195 = CARTESIAN_POINT('',(-0.,0.));
#3196 = VECTOR('',#3197,1.);
#3197 = DIRECTION('',(-1.900502719066E-17,-1.));
#3198 = ( GEOMETRIC_REPRESENTATION_CONTEXT(2) 
PARAMETRIC_REPRESENTATION_CONTEXT() REPRESENTATION_CONTEXT('2D SPACE',''
  ) );
#3199 = PCURVE('',#2180,#3200);
#3200 = DEFINITIONAL_REPRESENTATION('',(#3201),#3205);
#3201 = LINE('',#3202,#3203);
#3202 = CARTESIAN_POINT('',(-5.2,0.));
#3203 = VECTOR('',#3204,1.);
#3204 = DIRECTION('',(-0.,1.));
#3205 = ( GEOMETRIC_REPRESENTATION_CONTEXT(2) 
PARAMETRIC_REPRESENTATION_CONTEXT() REPRESENTATION_CONTEXT('2D SPACE',''
  ) );
#3206 = ORIENTED_EDGE('',*,*,#3136,.F.);
#3207 = ORIENTED_EDGE('',*,*,#2079,.F.);
#3208 = ORIENTED_EDGE('',*,*,#3209,.F.);
#3209 = EDGE_CURVE('',#3210,#2052,#3212,.T.);
#3210 = VERTEX_POINT('',#3211);
#3211 = CARTESIAN_POINT('',(-22.1,-116.6248884729,22.760208400663));
#3212 = SURFACE_CURVE('',#3213,(#3217,#3224),.PCURVE_S1.);
#3213 = LINE('',#3214,#3215);
#3214 = CARTESIAN_POINT('',(-22.1,-38.66169248336,-6.617713206855));
#3215 = VECTOR('',#3216,1.);
#3216 = DIRECTION('',(-0.,0.93576873737,-0.352614336294));
#3217 = PCURVE('',#2095,#3218);
#3218 = DEFINITIONAL_REPRESENTATION('',(#3219),#3223);
#3219 = LINE('',#3220,#3221);
#3220 = CARTESIAN_POINT('',(-71.58652311279,-109.2824461615));
#3221 = VECTOR('',#3222,1.);
#3222 = DIRECTION('',(-0.658015900066,0.753004034027));
#3223 = ( GEOMETRIC_REPRESENTATION_CONTEXT(2) 
PARAMETRIC_REPRESENTATION_CONTEXT() REPRESENTATION_CONTEXT('2D SPACE',''
  ) );
#3224 = PCURVE('',#2067,#3225);
#3225 = DEFINITIONAL_REPRESENTATION('',(#3226),#3230);
#3226 = LINE('',#3227,#3228);
#3227 = CARTESIAN_POINT('',(-2.1,-35.18505236933));
#3228 = VECTOR('',#3229,1.);
#3229 = DIRECTION('',(-0.,-1.));
#3230 = ( GEOMETRIC_REPRESENTATION_CONTEXT(2) 
PARAMETRIC_REPRESENTATION_CONTEXT() REPRESENTATION_CONTEXT('2D SPACE',''
  ) );
#3231 = ORIENTED_EDGE('',*,*,#3232,.F.);
#3232 = EDGE_CURVE('',#3233,#3210,#3235,.T.);
#3233 = VERTEX_POINT('',#3234);
#3234 = CARTESIAN_POINT('',(-22.1,-118.4687142092,34.95074321682));
#3235 = SURFACE_CURVE('',#3236,(#3241,#3252),.PCURVE_S1.);
#3236 = CIRCLE('',#3237,6.3);
#3237 = AXIS2_PLACEMENT_3D('',#3238,#3239,#3240);
#3238 = CARTESIAN_POINT('',(-22.1,-116.2622608604,29.049763330439));
#3239 = DIRECTION('',(1.,0.,-1.110223024625E-16));
#3240 = DIRECTION('',(-1.110223024625E-16,-0.,-1.));
#3241 = PCURVE('',#2095,#3242);
#3242 = DEFINITIONAL_REPRESENTATION('',(#3243),#3251);
#3243 = ( BOUNDED_CURVE() B_SPLINE_CURVE(2,(#3244,#3245,#3246,#3247,
#3248,#3249,#3250),.UNSPECIFIED.,.T.,.F.) B_SPLINE_CURVE_WITH_KNOTS((1,2
    ,2,2,2,1),(-2.094395102393,0.,2.094395102393,4.188790204786,
6.28318530718,8.377580409573),.UNSPECIFIED.) CURVE() 
GEOMETRIC_REPRESENTATION_ITEM() RATIONAL_B_SPLINE_CURVE((1.,0.5,1.,0.5,
1.,0.5,1.)) REPRESENTATION_ITEM('') );
#3244 = CARTESIAN_POINT('',(-16.90097988638,-171.6826725445));
#3245 = CARTESIAN_POINT('',(-20.72266919107,-161.4618755669));
#3246 = CARTESIAN_POINT('',(-9.960354709153,-163.2625940325));
#3247 = CARTESIAN_POINT('',(0.801959772763,-165.063312498));
#3248 = CARTESIAN_POINT('',(-6.138665404465,-173.4833910101));
#3249 = CARTESIAN_POINT('',(-13.07929058169,-181.9034695222));
#3250 = CARTESIAN_POINT('',(-16.90097988638,-171.6826725445));
#3251 = ( GEOMETRIC_REPRESENTATION_CONTEXT(2) 
PARAMETRIC_REPRESENTATION_CONTEXT() REPRESENTATION_CONTEXT('2D SPACE',''
  ) );
#3252 = PCURVE('',#2268,#3253);
#3253 = DEFINITIONAL_REPRESENTATION('',(#3254),#3258);
#3254 = LINE('',#3255,#3256);
#3255 = CARTESIAN_POINT('',(-0.,6.2));
#3256 = VECTOR('',#3257,1.);
#3257 = DIRECTION('',(-1.,0.));
#3258 = ( GEOMETRIC_REPRESENTATION_CONTEXT(2) 
PARAMETRIC_REPRESENTATION_CONTEXT() REPRESENTATION_CONTEXT('2D SPACE',''
  ) );
#3259 = ORIENTED_EDGE('',*,*,#3260,.T.);
#3260 = EDGE_CURVE('',#3233,#3261,#3263,.T.);
#3261 = VERTEX_POINT('',#3262);
#3262 = CARTESIAN_POINT('',(-22.1,39.055807511633,93.851216555942));
#3263 = SURFACE_CURVE('',#3264,(#3268,#3275),.PCURVE_S1.);
#3264 = LINE('',#3265,#3266);
#3265 = CARTESIAN_POINT('',(-22.1,39.664638769751,94.07886650463));
#3266 = VECTOR('',#3267,1.);
#3267 = DIRECTION('',(-0.,0.936663474029,0.350230690289));
#3268 = PCURVE('',#2095,#3269);
#3269 = DEFINITIONAL_REPRESENTATION('',(#3270),#3274);
#3270 = LINE('',#3271,#3272);
#3271 = CARTESIAN_POINT('',(-4.7,-0.65));
#3272 = VECTOR('',#3273,1.);
#3273 = DIRECTION('',(1.900502719066E-17,1.));
#3274 = ( GEOMETRIC_REPRESENTATION_CONTEXT(2) 
PARAMETRIC_REPRESENTATION_CONTEXT() REPRESENTATION_CONTEXT('2D SPACE',''
  ) );
#3275 = PCURVE('',#2296,#3276);
#3276 = DEFINITIONAL_REPRESENTATION('',(#3277),#3281);
#3277 = LINE('',#3278,#3279);
#3278 = CARTESIAN_POINT('',(-6.2,-0.65));
#3279 = VECTOR('',#3280,1.);
#3280 = DIRECTION('',(-0.,-1.));
#3281 = ( GEOMETRIC_REPRESENTATION_CONTEXT(2) 
PARAMETRIC_REPRESENTATION_CONTEXT() REPRESENTATION_CONTEXT('2D SPACE',''
  ) );
#3282 = ORIENTED_EDGE('',*,*,#3283,.F.);
#3283 = EDGE_CURVE('',#3284,#3261,#3286,.T.);
#3284 = VERTEX_POINT('',#3285);
#3285 = CARTESIAN_POINT('',(-22.1,46.438741297149,91.541065304919));
#3286 = SURFACE_CURVE('',#3287,(#3292,#3303),.PCURVE_S1.);
#3287 = CIRCLE('',#3288,6.3);
#3288 = AXIS2_PLACEMENT_3D('',#3289,#3290,#3291);
#3289 = CARTESIAN_POINT('',(-22.1,41.262260860453,87.950236669561));
#3290 = DIRECTION('',(1.,0.,-1.110223024625E-16));
#3291 = DIRECTION('',(-1.110223024625E-16,-0.,-1.));
#3292 = PCURVE('',#2095,#3293);
#3293 = DEFINITIONAL_REPRESENTATION('',(#3294),#3302);
#3294 = ( BOUNDED_CURVE() B_SPLINE_CURVE(2,(#3295,#3296,#3297,#3298,
#3299,#3300,#3301),.UNSPECIFIED.,.T.,.F.) B_SPLINE_CURVE_WITH_KNOTS((1,2
    ,2,2,2,1),(-2.094395102393,0.,2.094395102393,4.188790204786,
6.28318530718,8.377580409573),.UNSPECIFIED.) CURVE() 
GEOMETRIC_REPRESENTATION_ITEM() RATIONAL_B_SPLINE_CURVE((1.,0.5,1.,0.5,
1.,0.5,1.)) REPRESENTATION_ITEM('') );
#3295 = CARTESIAN_POINT('',(-16.90097988638,-3.506453348821));
#3296 = CARTESIAN_POINT('',(-20.72266919107,6.714343628834));
#3297 = CARTESIAN_POINT('',(-9.960354709153,4.913625163238));
#3298 = CARTESIAN_POINT('',(0.801959772763,3.112906697642));
#3299 = CARTESIAN_POINT('',(-6.138665404465,-5.307171814417));
#3300 = CARTESIAN_POINT('',(-13.07929058169,-13.72725032647));
#3301 = CARTESIAN_POINT('',(-16.90097988638,-3.506453348821));
#3302 = ( GEOMETRIC_REPRESENTATION_CONTEXT(2) 
PARAMETRIC_REPRESENTATION_CONTEXT() REPRESENTATION_CONTEXT('2D SPACE',''
  ) );
#3303 = PCURVE('',#2329,#3304);
#3304 = DEFINITIONAL_REPRESENTATION('',(#3305),#3309);
#3305 = LINE('',#3306,#3307);
#3306 = CARTESIAN_POINT('',(-0.,6.2));
#3307 = VECTOR('',#3308,1.);
#3308 = DIRECTION('',(-1.,0.));
#3309 = ( GEOMETRIC_REPRESENTATION_CONTEXT(2) 
PARAMETRIC_REPRESENTATION_CONTEXT() REPRESENTATION_CONTEXT('2D SPACE',''
  ) );
#3310 = ORIENTED_EDGE('',*,*,#3311,.F.);
#3311 = EDGE_CURVE('',#3312,#3284,#3314,.T.);
#3312 = VERTEX_POINT('',#3313);
#3313 = CARTESIAN_POINT('',(-22.1,46.725593168281,91.805435631056));
#3314 = SURFACE_CURVE('',#3315,(#3319,#3326),.PCURVE_S1.);
#3315 = LINE('',#3316,#3317);
#3316 = CARTESIAN_POINT('',(-22.1,46.256290991212,91.372914242511));
#3317 = VECTOR('',#3318,1.);
#3318 = DIRECTION('',(-0.,-0.735334737236,-0.677704083073));
#3319 = PCURVE('',#2095,#3320);
#3320 = DEFINITIONAL_REPRESENTATION('',(#3321),#3325);
#3321 = LINE('',#3322,#3323);
#3322 = CARTESIAN_POINT('',(-9.54316555406,4.576452340691));
#3323 = VECTOR('',#3324,1.);
#3324 = DIRECTION('',(-0.377243868199,-0.92611395838));
#3325 = ( GEOMETRIC_REPRESENTATION_CONTEXT(2) 
PARAMETRIC_REPRESENTATION_CONTEXT() REPRESENTATION_CONTEXT('2D SPACE',''
  ) );
#3326 = PCURVE('',#3327,#3332);
#3327 = PLANE('',#3328);
#3328 = AXIS2_PLACEMENT_3D('',#3329,#3330,#3331);
#3329 = CARTESIAN_POINT('',(-20.,46.725593168281,91.805435631056));
#3330 = DIRECTION('',(0.,-0.677704083073,0.735334737236));
#3331 = DIRECTION('',(0.,0.735334737236,0.677704083073));
#3332 = DEFINITIONAL_REPRESENTATION('',(#3333),#3337);
#3333 = LINE('',#3334,#3335);
#3334 = CARTESIAN_POINT('',(-0.638215704093,2.1));
#3335 = VECTOR('',#3336,1.);
#3336 = DIRECTION('',(-1.,0.));
#3337 = ( GEOMETRIC_REPRESENTATION_CONTEXT(2) 
PARAMETRIC_REPRESENTATION_CONTEXT() REPRESENTATION_CONTEXT('2D SPACE',''
  ) );
#3338 = ORIENTED_EDGE('',*,*,#3339,.T.);
#3339 = EDGE_CURVE('',#3312,#3340,#3342,.T.);
#3340 = VERTEX_POINT('',#3341);
#3341 = CARTESIAN_POINT('',(-22.1,52.954583756958,85.046743641188));
#3342 = SURFACE_CURVE('',#3343,(#3347,#3354),.PCURVE_S1.);
#3343 = LINE('',#3344,#3345);
#3344 = CARTESIAN_POINT('',(-22.1,79.437498227605,56.311772966087));
#3345 = VECTOR('',#3346,1.);
#3346 = DIRECTION('',(-0.,0.677704083073,-0.735334737236));
#3347 = PCURVE('',#2095,#3348);
#3348 = DEFINITIONAL_REPRESENTATION('',(#3349),#3353);
#3349 = LINE('',#3350,#3351);
#3350 = CARTESIAN_POINT('',(-54.00473306047,23.376589471638));
#3351 = VECTOR('',#3352,1.);
#3352 = DIRECTION('',(-0.92611395838,0.377243868199));
#3353 = ( GEOMETRIC_REPRESENTATION_CONTEXT(2) 
PARAMETRIC_REPRESENTATION_CONTEXT() REPRESENTATION_CONTEXT('2D SPACE',''
  ) );
#3354 = PCURVE('',#3355,#3360);
#3355 = PLANE('',#3356);
#3356 = AXIS2_PLACEMENT_3D('',#3357,#3358,#3359);
#3357 = CARTESIAN_POINT('',(-20.,119.30900631756,13.04966837383));
#3358 = DIRECTION('',(0.,-0.735334737236,-0.677704083073));
#3359 = DIRECTION('',(1.,0.,0.));
#3360 = DEFINITIONAL_REPRESENTATION('',(#3361),#3365);
#3361 = LINE('',#3362,#3363);
#3362 = CARTESIAN_POINT('',(-2.1,58.833212143472));
#3363 = VECTOR('',#3364,1.);
#3364 = DIRECTION('',(-0.,-1.));
#3365 = ( GEOMETRIC_REPRESENTATION_CONTEXT(2) 
PARAMETRIC_REPRESENTATION_CONTEXT() REPRESENTATION_CONTEXT('2D SPACE',''
  ) );
#3366 = ORIENTED_EDGE('',*,*,#3367,.T.);
#3367 = EDGE_CURVE('',#3340,#3185,#3368,.T.);
#3368 = SURFACE_CURVE('',#3369,(#3374,#3385),.PCURVE_S1.);
#3369 = CIRCLE('',#3370,11.);
#3370 = AXIS2_PLACEMENT_3D('',#3371,#3372,#3373);
#3371 = CARTESIAN_POINT('',(-22.1,42.479923376691,88.405536566937));
#3372 = DIRECTION('',(1.,0.,-1.110223024625E-16));
#3373 = DIRECTION('',(-1.110223024625E-16,0.,-1.));
#3374 = PCURVE('',#2095,#3375);
#3375 = DEFINITIONAL_REPRESENTATION('',(#3376),#3384);
#3376 = ( BOUNDED_CURVE() B_SPLINE_CURVE(2,(#3377,#3378,#3379,#3380,
#3381,#3382,#3383),.UNSPECIFIED.,.T.,.F.) B_SPLINE_CURVE_WITH_KNOTS((1,2
    ,2,2,2,1),(-2.094395102393,0.,2.094395102393,4.188790204786,
6.28318530718,8.377580409573),.UNSPECIFIED.) CURVE() 
GEOMETRIC_REPRESENTATION_ITEM() RATIONAL_B_SPLINE_CURVE((1.,0.5,1.,0.5,
1.,0.5,1.)) REPRESENTATION_ITEM('') );
#3377 = CARTESIAN_POINT('',(-21.30329821431,-3.852537593179));
#3378 = CARTESIAN_POINT('',(-27.97608906377,13.993298399551));
#3379 = CARTESIAN_POINT('',(-9.184746317569,10.849186792955));
#3380 = CARTESIAN_POINT('',(9.606596428633,7.705075186359));
#3381 = CARTESIAN_POINT('',(-2.511955468114,-6.996649199775));
#3382 = CARTESIAN_POINT('',(-14.63050736486,-21.6983735859));
#3383 = CARTESIAN_POINT('',(-21.30329821431,-3.852537593179));
#3384 = ( GEOMETRIC_REPRESENTATION_CONTEXT(2) 
PARAMETRIC_REPRESENTATION_CONTEXT() REPRESENTATION_CONTEXT('2D SPACE',''
  ) );
#3385 = PCURVE('',#1955,#3386);
#3386 = DEFINITIONAL_REPRESENTATION('',(#3387),#3391);
#3387 = LINE('',#3388,#3389);
#3388 = CARTESIAN_POINT('',(-0.,5.2));
#3389 = VECTOR('',#3390,1.);
#3390 = DIRECTION('',(-1.,0.));
#3391 = ( GEOMETRIC_REPRESENTATION_CONTEXT(2) 
PARAMETRIC_REPRESENTATION_CONTEXT() REPRESENTATION_CONTEXT('2D SPACE',''
  ) );
#3392 = ADVANCED_FACE('',(#3393),#2067,.T.);
#3393 = FACE_BOUND('',#3394,.F.);
#3394 = EDGE_LOOP('',(#3395,#3425,#3453,#3481,#3507,#3508,#3509,#3532,
    #3560,#3588));
#3395 = ORIENTED_EDGE('',*,*,#3396,.F.);
#3396 = EDGE_CURVE('',#3397,#3399,#3401,.T.);
#3397 = VERTEX_POINT('',#3398);
#3398 = CARTESIAN_POINT('',(-20.,-71.58676451332,5.789040681833));
#3399 = VERTEX_POINT('',#3400);
#3400 = CARTESIAN_POINT('',(-20.,-72.1466088375,6.));
#3401 = SURFACE_CURVE('',#3402,(#3406,#3413),.PCURVE_S1.);
#3402 = LINE('',#3403,#3404);
#3403 = CARTESIAN_POINT('',(-20.,-71.58676451332,5.789040681833));
#3404 = VECTOR('',#3405,1.);
#3405 = DIRECTION('',(0.,-0.93576873737,0.352614336294));
#3406 = PCURVE('',#2067,#3407);
#3407 = DEFINITIONAL_REPRESENTATION('',(#3408),#3412);
#3408 = LINE('',#3409,#3410);
#3409 = CARTESIAN_POINT('',(0.,-0.));
#3410 = VECTOR('',#3411,1.);
#3411 = DIRECTION('',(-0.,1.));
#3412 = ( GEOMETRIC_REPRESENTATION_CONTEXT(2) 
PARAMETRIC_REPRESENTATION_CONTEXT() REPRESENTATION_CONTEXT('2D SPACE',''
  ) );
#3413 = PCURVE('',#3414,#3419);
#3414 = PLANE('',#3415);
#3415 = AXIS2_PLACEMENT_3D('',#3416,#3417,#3418);
#3416 = CARTESIAN_POINT('',(-20.,-68.41323548667,14.210959318167));
#3417 = DIRECTION('',(-1.,0.,-0.));
#3418 = DIRECTION('',(0.,0.352614336294,0.93576873737));
#3419 = DEFINITIONAL_REPRESENTATION('',(#3420),#3424);
#3420 = LINE('',#3421,#3422);
#3421 = CARTESIAN_POINT('',(-9.,-8.51154688569E-16));
#3422 = VECTOR('',#3423,1.);
#3423 = DIRECTION('',(2.073080197319E-17,-1.));
#3424 = ( GEOMETRIC_REPRESENTATION_CONTEXT(2) 
PARAMETRIC_REPRESENTATION_CONTEXT() REPRESENTATION_CONTEXT('2D SPACE',''
  ) );
#3425 = ORIENTED_EDGE('',*,*,#3426,.T.);
#3426 = EDGE_CURVE('',#3397,#3427,#3429,.T.);
#3427 = VERTEX_POINT('',#3428);
#3428 = CARTESIAN_POINT('',(-24.,-71.58676451332,5.789040681833));
#3429 = SURFACE_CURVE('',#3430,(#3434,#3441),.PCURVE_S1.);
#3430 = LINE('',#3431,#3432);
#3431 = CARTESIAN_POINT('',(-20.,-71.58676451332,5.789040681833));
#3432 = VECTOR('',#3433,1.);
#3433 = DIRECTION('',(-1.,0.,-0.));
#3434 = PCURVE('',#2067,#3435);
#3435 = DEFINITIONAL_REPRESENTATION('',(#3436),#3440);
#3436 = LINE('',#3437,#3438);
#3437 = CARTESIAN_POINT('',(0.,-0.));
#3438 = VECTOR('',#3439,1.);
#3439 = DIRECTION('',(-1.,0.));
#3440 = ( GEOMETRIC_REPRESENTATION_CONTEXT(2) 
PARAMETRIC_REPRESENTATION_CONTEXT() REPRESENTATION_CONTEXT('2D SPACE',''
  ) );
#3441 = PCURVE('',#3442,#3447);
#3442 = PLANE('',#3443);
#3443 = AXIS2_PLACEMENT_3D('',#3444,#3445,#3446);
#3444 = CARTESIAN_POINT('',(-20.,-68.41323548667,14.210959318167));
#3445 = DIRECTION('',(0.,-0.93576873737,0.352614336294));
#3446 = DIRECTION('',(0.,0.352614336294,0.93576873737));
#3447 = DEFINITIONAL_REPRESENTATION('',(#3448),#3452);
#3448 = LINE('',#3449,#3450);
#3449 = CARTESIAN_POINT('',(-9.,0.));
#3450 = VECTOR('',#3451,1.);
#3451 = DIRECTION('',(-0.,1.));
#3452 = ( GEOMETRIC_REPRESENTATION_CONTEXT(2) 
PARAMETRIC_REPRESENTATION_CONTEXT() REPRESENTATION_CONTEXT('2D SPACE',''
  ) );
#3453 = ORIENTED_EDGE('',*,*,#3454,.T.);
#3454 = EDGE_CURVE('',#3427,#3455,#3457,.T.);
#3455 = VERTEX_POINT('',#3456);
#3456 = CARTESIAN_POINT('',(-24.,-116.6248884729,22.760208400663));
#3457 = SURFACE_CURVE('',#3458,(#3462,#3469),.PCURVE_S1.);
#3458 = LINE('',#3459,#3460);
#3459 = CARTESIAN_POINT('',(-24.,-71.58676451332,5.789040681833));
#3460 = VECTOR('',#3461,1.);
#3461 = DIRECTION('',(0.,-0.93576873737,0.352614336294));
#3462 = PCURVE('',#2067,#3463);
#3463 = DEFINITIONAL_REPRESENTATION('',(#3464),#3468);
#3464 = LINE('',#3465,#3466);
#3465 = CARTESIAN_POINT('',(-4.,0.));
#3466 = VECTOR('',#3467,1.);
#3467 = DIRECTION('',(-0.,1.));
#3468 = ( GEOMETRIC_REPRESENTATION_CONTEXT(2) 
PARAMETRIC_REPRESENTATION_CONTEXT() REPRESENTATION_CONTEXT('2D SPACE',''
  ) );
#3469 = PCURVE('',#3470,#3475);
#3470 = PLANE('',#3471);
#3471 = AXIS2_PLACEMENT_3D('',#3472,#3473,#3474);
#3472 = CARTESIAN_POINT('',(-24.,-68.41323548667,14.210959318167));
#3473 = DIRECTION('',(-1.,-0.,-0.));
#3474 = DIRECTION('',(0.,0.352614336294,0.93576873737));
#3475 = DEFINITIONAL_REPRESENTATION('',(#3476),#3480);
#3476 = LINE('',#3477,#3478);
#3477 = CARTESIAN_POINT('',(-9.,-8.51154688569E-16));
#3478 = VECTOR('',#3479,1.);
#3479 = DIRECTION('',(2.073080197319E-17,-1.));
#3480 = ( GEOMETRIC_REPRESENTATION_CONTEXT(2) 
PARAMETRIC_REPRESENTATION_CONTEXT() REPRESENTATION_CONTEXT('2D SPACE',''
  ) );
#3481 = ORIENTED_EDGE('',*,*,#3482,.F.);
#3482 = EDGE_CURVE('',#3210,#3455,#3483,.T.);
#3483 = SURFACE_CURVE('',#3484,(#3488,#3495),.PCURVE_S1.);
#3484 = LINE('',#3485,#3486);
#3485 = CARTESIAN_POINT('',(-12.5,-116.6248884729,22.760208400663));
#3486 = VECTOR('',#3487,1.);
#3487 = DIRECTION('',(-1.,-0.,1.110223024625E-16));
#3488 = PCURVE('',#2067,#3489);
#3489 = DEFINITIONAL_REPRESENTATION('',(#3490),#3494);
#3490 = LINE('',#3491,#3492);
#3491 = CARTESIAN_POINT('',(7.5,48.129545432518));
#3492 = VECTOR('',#3493,1.);
#3493 = DIRECTION('',(-1.,3.914805549668E-17));
#3494 = ( GEOMETRIC_REPRESENTATION_CONTEXT(2) 
PARAMETRIC_REPRESENTATION_CONTEXT() REPRESENTATION_CONTEXT('2D SPACE',''
  ) );
#3495 = PCURVE('',#3496,#3501);
#3496 = CYLINDRICAL_SURFACE('',#3497,6.3);
#3497 = AXIS2_PLACEMENT_3D('',#3498,#3499,#3500);
#3498 = CARTESIAN_POINT('',(-12.5,-116.2622608604,29.049763330439));
#3499 = DIRECTION('',(-1.,-0.,1.110223024625E-16));
#3500 = DIRECTION('',(-1.110223024625E-16,-0.,-1.));
#3501 = DEFINITIONAL_REPRESENTATION('',(#3502),#3506);
#3502 = LINE('',#3503,#3504);
#3503 = CARTESIAN_POINT('',(-6.225593537126,-6.982808697682E-16));
#3504 = VECTOR('',#3505,1.);
#3505 = DIRECTION('',(-0.,1.));
#3506 = ( GEOMETRIC_REPRESENTATION_CONTEXT(2) 
PARAMETRIC_REPRESENTATION_CONTEXT() REPRESENTATION_CONTEXT('2D SPACE',''
  ) );
#3507 = ORIENTED_EDGE('',*,*,#3209,.T.);
#3508 = ORIENTED_EDGE('',*,*,#2051,.T.);
#3509 = ORIENTED_EDGE('',*,*,#3510,.F.);
#3510 = EDGE_CURVE('',#3511,#2024,#3513,.T.);
#3511 = VERTEX_POINT('',#3512);
#3512 = CARTESIAN_POINT('',(-20.,-79.,8.582479922251));
#3513 = SURFACE_CURVE('',#3514,(#3518,#3525),.PCURVE_S1.);
#3514 = LINE('',#3515,#3516);
#3515 = CARTESIAN_POINT('',(-20.,-71.58676451332,5.789040681833));
#3516 = VECTOR('',#3517,1.);
#3517 = DIRECTION('',(0.,-0.93576873737,0.352614336294));
#3518 = PCURVE('',#2067,#3519);
#3519 = DEFINITIONAL_REPRESENTATION('',(#3520),#3524);
#3520 = LINE('',#3521,#3522);
#3521 = CARTESIAN_POINT('',(0.,-0.));
#3522 = VECTOR('',#3523,1.);
#3523 = DIRECTION('',(-0.,1.));
#3524 = ( GEOMETRIC_REPRESENTATION_CONTEXT(2) 
PARAMETRIC_REPRESENTATION_CONTEXT() REPRESENTATION_CONTEXT('2D SPACE',''
  ) );
#3525 = PCURVE('',#2039,#3526);
#3526 = DEFINITIONAL_REPRESENTATION('',(#3527),#3531);
#3527 = LINE('',#3528,#3529);
#3528 = CARTESIAN_POINT('',(-9.,-8.51154688569E-16));
#3529 = VECTOR('',#3530,1.);
#3530 = DIRECTION('',(2.073080197319E-17,-1.));
#3531 = ( GEOMETRIC_REPRESENTATION_CONTEXT(2) 
PARAMETRIC_REPRESENTATION_CONTEXT() REPRESENTATION_CONTEXT('2D SPACE',''
  ) );
#3532 = ORIENTED_EDGE('',*,*,#3533,.F.);
#3533 = EDGE_CURVE('',#3534,#3511,#3536,.T.);
#3534 = VERTEX_POINT('',#3535);
#3535 = CARTESIAN_POINT('',(-22.,-79.,8.582479922251));
#3536 = SURFACE_CURVE('',#3537,(#3541,#3548),.PCURVE_S1.);
#3537 = LINE('',#3538,#3539);
#3538 = CARTESIAN_POINT('',(-6.5,-79.,8.582479922251));
#3539 = VECTOR('',#3540,1.);
#3540 = DIRECTION('',(1.,0.,-0.));
#3541 = PCURVE('',#2067,#3542);
#3542 = DEFINITIONAL_REPRESENTATION('',(#3543),#3547);
#3543 = LINE('',#3544,#3545);
#3544 = CARTESIAN_POINT('',(13.5,7.922080734935));
#3545 = VECTOR('',#3546,1.);
#3546 = DIRECTION('',(1.,-0.));
#3547 = ( GEOMETRIC_REPRESENTATION_CONTEXT(2) 
PARAMETRIC_REPRESENTATION_CONTEXT() REPRESENTATION_CONTEXT('2D SPACE',''
  ) );
#3548 = PCURVE('',#3549,#3554);
#3549 = PLANE('',#3550);
#3550 = AXIS2_PLACEMENT_3D('',#3551,#3552,#3553);
#3551 = CARTESIAN_POINT('',(7.,-79.,6.));
#3552 = DIRECTION('',(-0.,1.,-0.));
#3553 = DIRECTION('',(0.,0.,-1.));
#3554 = DEFINITIONAL_REPRESENTATION('',(#3555),#3559);
#3555 = LINE('',#3556,#3557);
#3556 = CARTESIAN_POINT('',(-2.582479922251,13.5));
#3557 = VECTOR('',#3558,1.);
#3558 = DIRECTION('',(-0.,-1.));
#3559 = ( GEOMETRIC_REPRESENTATION_CONTEXT(2) 
PARAMETRIC_REPRESENTATION_CONTEXT() REPRESENTATION_CONTEXT('2D SPACE',''
  ) );
#3560 = ORIENTED_EDGE('',*,*,#3561,.T.);
#3561 = EDGE_CURVE('',#3534,#3562,#3564,.T.);
#3562 = VERTEX_POINT('',#3563);
#3563 = CARTESIAN_POINT('',(-22.,-72.1466088375,6.));
#3564 = SURFACE_CURVE('',#3565,(#3569,#3576),.PCURVE_S1.);
#3565 = LINE('',#3566,#3567);
#3566 = CARTESIAN_POINT('',(-22.,-74.86731765309,7.02521156665));
#3567 = VECTOR('',#3568,1.);
#3568 = DIRECTION('',(-0.,0.93576873737,-0.352614336294));
#3569 = PCURVE('',#2067,#3570);
#3570 = DEFINITIONAL_REPRESENTATION('',(#3571),#3575);
#3571 = LINE('',#3572,#3573);
#3572 = CARTESIAN_POINT('',(-2.,3.505730645578));
#3573 = VECTOR('',#3574,1.);
#3574 = DIRECTION('',(-0.,-1.));
#3575 = ( GEOMETRIC_REPRESENTATION_CONTEXT(2) 
PARAMETRIC_REPRESENTATION_CONTEXT() REPRESENTATION_CONTEXT('2D SPACE',''
  ) );
#3576 = PCURVE('',#3577,#3582);
#3577 = PLANE('',#3578);
#3578 = AXIS2_PLACEMENT_3D('',#3579,#3580,#3581);
#3579 = CARTESIAN_POINT('',(-22.,-79.,6.));
#3580 = DIRECTION('',(-1.,0.,-0.));
#3581 = DIRECTION('',(0.,0.,-1.));
#3582 = DEFINITIONAL_REPRESENTATION('',(#3583),#3587);
#3583 = LINE('',#3584,#3585);
#3584 = CARTESIAN_POINT('',(-1.02521156665,-4.132682346902));
#3585 = VECTOR('',#3586,1.);
#3586 = DIRECTION('',(0.352614336294,-0.93576873737));
#3587 = ( GEOMETRIC_REPRESENTATION_CONTEXT(2) 
PARAMETRIC_REPRESENTATION_CONTEXT() REPRESENTATION_CONTEXT('2D SPACE',''
  ) );
#3588 = ORIENTED_EDGE('',*,*,#3589,.F.);
#3589 = EDGE_CURVE('',#3399,#3562,#3590,.T.);
#3590 = SURFACE_CURVE('',#3591,(#3595,#3602),.PCURVE_S1.);
#3591 = LINE('',#3592,#3593);
#3592 = CARTESIAN_POINT('',(-6.5,-72.1466088375,6.));
#3593 = VECTOR('',#3594,1.);
#3594 = DIRECTION('',(-1.,-0.,-0.));
#3595 = PCURVE('',#2067,#3596);
#3596 = DEFINITIONAL_REPRESENTATION('',(#3597),#3601);
#3597 = LINE('',#3598,#3599);
#3598 = CARTESIAN_POINT('',(13.5,0.598272096319));
#3599 = VECTOR('',#3600,1.);
#3600 = DIRECTION('',(-1.,0.));
#3601 = ( GEOMETRIC_REPRESENTATION_CONTEXT(2) 
PARAMETRIC_REPRESENTATION_CONTEXT() REPRESENTATION_CONTEXT('2D SPACE',''
  ) );
#3602 = PCURVE('',#3603,#3608);
#3603 = PLANE('',#3604);
#3604 = AXIS2_PLACEMENT_3D('',#3605,#3606,#3607);
#3605 = CARTESIAN_POINT('',(7.,-79.,6.));
#3606 = DIRECTION('',(-0.,-0.,1.));
#3607 = DIRECTION('',(1.,0.,0.));
#3608 = DEFINITIONAL_REPRESENTATION('',(#3609),#3613);
#3609 = LINE('',#3610,#3611);
#3610 = CARTESIAN_POINT('',(-13.5,6.8533911625));
#3611 = VECTOR('',#3612,1.);
#3612 = DIRECTION('',(-1.,0.));
#3613 = ( GEOMETRIC_REPRESENTATION_CONTEXT(2) 
PARAMETRIC_REPRESENTATION_CONTEXT() REPRESENTATION_CONTEXT('2D SPACE',''
  ) );
#3614 = ADVANCED_FACE('',(#3615),#2039,.F.);
#3615 = FACE_BOUND('',#3616,.T.);
#3616 = EDGE_LOOP('',(#3617,#3640,#3668,#3696,#3717,#3718,#3719,#3720,
    #3743,#3764,#3765));
#3617 = ORIENTED_EDGE('',*,*,#3618,.F.);
#3618 = EDGE_CURVE('',#3619,#3511,#3621,.T.);
#3619 = VERTEX_POINT('',#3620);
#3620 = CARTESIAN_POINT('',(-20.,-79.,14.));
#3621 = SURFACE_CURVE('',#3622,(#3626,#3633),.PCURVE_S1.);
#3622 = LINE('',#3623,#3624);
#3623 = CARTESIAN_POINT('',(-20.,-79.,10.105479659083));
#3624 = VECTOR('',#3625,1.);
#3625 = DIRECTION('',(-0.,-0.,-1.));
#3626 = PCURVE('',#2039,#3627);
#3627 = DEFINITIONAL_REPRESENTATION('',(#3628),#3632);
#3628 = LINE('',#3629,#3630);
#3629 = CARTESIAN_POINT('',(-7.574824459249,-8.459112276314));
#3630 = VECTOR('',#3631,1.);
#3631 = DIRECTION('',(-0.93576873737,0.352614336294));
#3632 = ( GEOMETRIC_REPRESENTATION_CONTEXT(2) 
PARAMETRIC_REPRESENTATION_CONTEXT() REPRESENTATION_CONTEXT('2D SPACE',''
  ) );
#3633 = PCURVE('',#3549,#3634);
#3634 = DEFINITIONAL_REPRESENTATION('',(#3635),#3639);
#3635 = LINE('',#3636,#3637);
#3636 = CARTESIAN_POINT('',(-4.105479659083,27.));
#3637 = VECTOR('',#3638,1.);
#3638 = DIRECTION('',(1.,-0.));
#3639 = ( GEOMETRIC_REPRESENTATION_CONTEXT(2) 
PARAMETRIC_REPRESENTATION_CONTEXT() REPRESENTATION_CONTEXT('2D SPACE',''
  ) );
#3640 = ORIENTED_EDGE('',*,*,#3641,.T.);
#3641 = EDGE_CURVE('',#3619,#3642,#3644,.T.);
#3642 = VERTEX_POINT('',#3643);
#3643 = CARTESIAN_POINT('',(-20.,-61.,14.));
#3644 = SURFACE_CURVE('',#3645,(#3649,#3656),.PCURVE_S1.);
#3645 = LINE('',#3646,#3647);
#3646 = CARTESIAN_POINT('',(-20.,-79.,14.));
#3647 = VECTOR('',#3648,1.);
#3648 = DIRECTION('',(-0.,1.,-0.));
#3649 = PCURVE('',#2039,#3650);
#3650 = DEFINITIONAL_REPRESENTATION('',(#3651),#3655);
#3651 = LINE('',#3652,#3653);
#3652 = CARTESIAN_POINT('',(-3.930454077166,-9.83237598151));
#3653 = VECTOR('',#3654,1.);
#3654 = DIRECTION('',(0.352614336294,0.93576873737));
#3655 = ( GEOMETRIC_REPRESENTATION_CONTEXT(2) 
PARAMETRIC_REPRESENTATION_CONTEXT() REPRESENTATION_CONTEXT('2D SPACE',''
  ) );
#3656 = PCURVE('',#3657,#3662);
#3657 = PLANE('',#3658);
#3658 = AXIS2_PLACEMENT_3D('',#3659,#3660,#3661);
#3659 = CARTESIAN_POINT('',(7.,-79.,14.));
#3660 = DIRECTION('',(-0.,-0.,1.));
#3661 = DIRECTION('',(1.,0.,0.));
#3662 = DEFINITIONAL_REPRESENTATION('',(#3663),#3667);
#3663 = LINE('',#3664,#3665);
#3664 = CARTESIAN_POINT('',(-27.,0.));
#3665 = VECTOR('',#3666,1.);
#3666 = DIRECTION('',(-0.,1.));
#3667 = ( GEOMETRIC_REPRESENTATION_CONTEXT(2) 
PARAMETRIC_REPRESENTATION_CONTEXT() REPRESENTATION_CONTEXT('2D SPACE',''
  ) );
#3668 = ORIENTED_EDGE('',*,*,#3669,.T.);
#3669 = EDGE_CURVE('',#3642,#3670,#3672,.T.);
#3670 = VERTEX_POINT('',#3671);
#3671 = CARTESIAN_POINT('',(-20.,-61.,10.344718233127));
#3672 = SURFACE_CURVE('',#3673,(#3677,#3684),.PCURVE_S1.);
#3673 = LINE('',#3674,#3675);
#3674 = CARTESIAN_POINT('',(-20.,-61.,6.095421906181));
#3675 = VECTOR('',#3676,1.);
#3676 = DIRECTION('',(-0.,-0.,-1.));
#3677 = PCURVE('',#2039,#3678);
#3678 = DEFINITIONAL_REPRESENTATION('',(#3679),#3683);
#3679 = LINE('',#3680,#3681);
#3680 = CARTESIAN_POINT('',(-4.98025308617,9.798728849395));
#3681 = VECTOR('',#3682,1.);
#3682 = DIRECTION('',(-0.93576873737,0.352614336294));
#3683 = ( GEOMETRIC_REPRESENTATION_CONTEXT(2) 
PARAMETRIC_REPRESENTATION_CONTEXT() REPRESENTATION_CONTEXT('2D SPACE',''
  ) );
#3684 = PCURVE('',#3685,#3690);
#3685 = PLANE('',#3686);
#3686 = AXIS2_PLACEMENT_3D('',#3687,#3688,#3689);
#3687 = CARTESIAN_POINT('',(7.,-61.,6.));
#3688 = DIRECTION('',(-0.,1.,-0.));
#3689 = DIRECTION('',(0.,0.,-1.));
#3690 = DEFINITIONAL_REPRESENTATION('',(#3691),#3695);
#3691 = LINE('',#3692,#3693);
#3692 = CARTESIAN_POINT('',(-9.542190618068E-02,27.));
#3693 = VECTOR('',#3694,1.);
#3694 = DIRECTION('',(1.,-0.));
#3695 = ( GEOMETRIC_REPRESENTATION_CONTEXT(2) 
PARAMETRIC_REPRESENTATION_CONTEXT() REPRESENTATION_CONTEXT('2D SPACE',''
  ) );
#3696 = ORIENTED_EDGE('',*,*,#3697,.T.);
#3697 = EDGE_CURVE('',#3670,#2523,#3698,.T.);
#3698 = SURFACE_CURVE('',#3699,(#3703,#3710),.PCURVE_S1.);
#3699 = LINE('',#3700,#3701);
#3700 = CARTESIAN_POINT('',(-20.,-67.60410160103,6.190843812361));
#3701 = VECTOR('',#3702,1.);
#3702 = DIRECTION('',(0.,0.846479152809,0.532421866437));
#3703 = PCURVE('',#2039,#3704);
#3704 = DEFINITIONAL_REPRESENTATION('',(#3705),#3709);
#3705 = LINE('',#3706,#3707);
#3706 = CARTESIAN_POINT('',(-7.219661152373,3.585169900615));
#3707 = VECTOR('',#3708,1.);
#3708 = DIRECTION('',(0.796704422359,0.604369144972));
#3709 = ( GEOMETRIC_REPRESENTATION_CONTEXT(2) 
PARAMETRIC_REPRESENTATION_CONTEXT() REPRESENTATION_CONTEXT('2D SPACE',''
  ) );
#3710 = PCURVE('',#2564,#3711);
#3711 = DEFINITIONAL_REPRESENTATION('',(#3712),#3716);
#3712 = LINE('',#3713,#3714);
#3713 = CARTESIAN_POINT('',(0.,-0.));
#3714 = VECTOR('',#3715,1.);
#3715 = DIRECTION('',(-0.,1.));
#3716 = ( GEOMETRIC_REPRESENTATION_CONTEXT(2) 
PARAMETRIC_REPRESENTATION_CONTEXT() REPRESENTATION_CONTEXT('2D SPACE',''
  ) );
#3717 = ORIENTED_EDGE('',*,*,#2522,.F.);
#3718 = ORIENTED_EDGE('',*,*,#3107,.T.);
#3719 = ORIENTED_EDGE('',*,*,#3083,.T.);
#3720 = ORIENTED_EDGE('',*,*,#3721,.F.);
#3721 = EDGE_CURVE('',#3722,#3056,#3724,.T.);
#3722 = VERTEX_POINT('',#3723);
#3723 = CARTESIAN_POINT('',(-20.,-70.50433149264,14.99892155801));
#3724 = SURFACE_CURVE('',#3725,(#3729,#3736),.PCURVE_S1.);
#3725 = LINE('',#3726,#3727);
#3726 = CARTESIAN_POINT('',(-20.,-72.39589839896,13.809156187639));
#3727 = VECTOR('',#3728,1.);
#3728 = DIRECTION('',(0.,0.846479152809,0.532421866437));
#3729 = PCURVE('',#2039,#3730);
#3730 = DEFINITIONAL_REPRESENTATION('',(#3731),#3735);
#3731 = LINE('',#3732,#3733);
#3732 = CARTESIAN_POINT('',(-1.780338847627,-3.585169900615));
#3733 = VECTOR('',#3734,1.);
#3734 = DIRECTION('',(0.796704422359,0.604369144972));
#3735 = ( GEOMETRIC_REPRESENTATION_CONTEXT(2) 
PARAMETRIC_REPRESENTATION_CONTEXT() REPRESENTATION_CONTEXT('2D SPACE',''
  ) );
#3736 = PCURVE('',#3071,#3737);
#3737 = DEFINITIONAL_REPRESENTATION('',(#3738),#3742);
#3738 = LINE('',#3739,#3740);
#3739 = CARTESIAN_POINT('',(0.,-0.));
#3740 = VECTOR('',#3741,1.);
#3741 = DIRECTION('',(-0.,1.));
#3742 = ( GEOMETRIC_REPRESENTATION_CONTEXT(2) 
PARAMETRIC_REPRESENTATION_CONTEXT() REPRESENTATION_CONTEXT('2D SPACE',''
  ) );
#3743 = ORIENTED_EDGE('',*,*,#3744,.T.);
#3744 = EDGE_CURVE('',#3722,#1996,#3745,.T.);
#3745 = SURFACE_CURVE('',#3746,(#3750,#3757),.PCURVE_S1.);
#3746 = LINE('',#3747,#3748);
#3747 = CARTESIAN_POINT('',(-20.,-68.41323548667,14.210959318167));
#3748 = VECTOR('',#3749,1.);
#3749 = DIRECTION('',(0.,-0.93576873737,0.352614336294));
#3750 = PCURVE('',#2039,#3751);
#3751 = DEFINITIONAL_REPRESENTATION('',(#3752),#3756);
#3752 = LINE('',#3753,#3754);
#3753 = CARTESIAN_POINT('',(0.,-0.));
#3754 = VECTOR('',#3755,1.);
#3755 = DIRECTION('',(2.073080197319E-17,-1.));
#3756 = ( GEOMETRIC_REPRESENTATION_CONTEXT(2) 
PARAMETRIC_REPRESENTATION_CONTEXT() REPRESENTATION_CONTEXT('2D SPACE',''
  ) );
#3757 = PCURVE('',#2011,#3758);
#3758 = DEFINITIONAL_REPRESENTATION('',(#3759),#3763);
#3759 = LINE('',#3760,#3761);
#3760 = CARTESIAN_POINT('',(0.,-0.));
#3761 = VECTOR('',#3762,1.);
#3762 = DIRECTION('',(-0.,1.));
#3763 = ( GEOMETRIC_REPRESENTATION_CONTEXT(2) 
PARAMETRIC_REPRESENTATION_CONTEXT() REPRESENTATION_CONTEXT('2D SPACE',''
  ) );
#3764 = ORIENTED_EDGE('',*,*,#2023,.T.);
#3765 = ORIENTED_EDGE('',*,*,#3510,.F.);
#3766 = ADVANCED_FACE('',(#3767),#2011,.F.);
#3767 = FACE_BOUND('',#3768,.T.);
#3768 = EDGE_LOOP('',(#3769,#3770,#3793,#3816,#3844,#3865));
#3769 = ORIENTED_EDGE('',*,*,#3744,.F.);
#3770 = ORIENTED_EDGE('',*,*,#3771,.T.);
#3771 = EDGE_CURVE('',#3722,#3772,#3774,.T.);
#3772 = VERTEX_POINT('',#3773);
#3773 = CARTESIAN_POINT('',(-24.,-70.50433149264,14.99892155801));
#3774 = SURFACE_CURVE('',#3775,(#3779,#3786),.PCURVE_S1.);
#3775 = LINE('',#3776,#3777);
#3776 = CARTESIAN_POINT('',(-20.,-70.50433149264,14.99892155801));
#3777 = VECTOR('',#3778,1.);
#3778 = DIRECTION('',(-1.,-0.,-0.));
#3779 = PCURVE('',#2011,#3780);
#3780 = DEFINITIONAL_REPRESENTATION('',(#3781),#3785);
#3781 = LINE('',#3782,#3783);
#3782 = CARTESIAN_POINT('',(-0.,2.234629051457));
#3783 = VECTOR('',#3784,1.);
#3784 = DIRECTION('',(-1.,0.));
#3785 = ( GEOMETRIC_REPRESENTATION_CONTEXT(2) 
PARAMETRIC_REPRESENTATION_CONTEXT() REPRESENTATION_CONTEXT('2D SPACE',''
  ) );
#3786 = PCURVE('',#3071,#3787);
#3787 = DEFINITIONAL_REPRESENTATION('',(#3788),#3792);
#3788 = LINE('',#3789,#3790);
#3789 = CARTESIAN_POINT('',(0.,2.234629051457));
#3790 = VECTOR('',#3791,1.);
#3791 = DIRECTION('',(-1.,0.));
#3792 = ( GEOMETRIC_REPRESENTATION_CONTEXT(2) 
PARAMETRIC_REPRESENTATION_CONTEXT() REPRESENTATION_CONTEXT('2D SPACE',''
  ) );
#3793 = ORIENTED_EDGE('',*,*,#3794,.T.);
#3794 = EDGE_CURVE('',#3772,#3795,#3797,.T.);
#3795 = VERTEX_POINT('',#3796);
#3796 = CARTESIAN_POINT('',(-24.,-103.0517169781,27.263356426126));
#3797 = SURFACE_CURVE('',#3798,(#3802,#3809),.PCURVE_S1.);
#3798 = LINE('',#3799,#3800);
#3799 = CARTESIAN_POINT('',(-24.,-68.41323548667,14.210959318167));
#3800 = VECTOR('',#3801,1.);
#3801 = DIRECTION('',(0.,-0.93576873737,0.352614336294));
#3802 = PCURVE('',#2011,#3803);
#3803 = DEFINITIONAL_REPRESENTATION('',(#3804),#3808);
#3804 = LINE('',#3805,#3806);
#3805 = CARTESIAN_POINT('',(-4.,0.));
#3806 = VECTOR('',#3807,1.);
#3807 = DIRECTION('',(-0.,1.));
#3808 = ( GEOMETRIC_REPRESENTATION_CONTEXT(2) 
PARAMETRIC_REPRESENTATION_CONTEXT() REPRESENTATION_CONTEXT('2D SPACE',''
  ) );
#3809 = PCURVE('',#3470,#3810);
#3810 = DEFINITIONAL_REPRESENTATION('',(#3811),#3815);
#3811 = LINE('',#3812,#3813);
#3812 = CARTESIAN_POINT('',(0.,-0.));
#3813 = VECTOR('',#3814,1.);
#3814 = DIRECTION('',(2.073080197319E-17,-1.));
#3815 = ( GEOMETRIC_REPRESENTATION_CONTEXT(2) 
PARAMETRIC_REPRESENTATION_CONTEXT() REPRESENTATION_CONTEXT('2D SPACE',''
  ) );
#3816 = ORIENTED_EDGE('',*,*,#3817,.F.);
#3817 = EDGE_CURVE('',#3818,#3795,#3820,.T.);
#3818 = VERTEX_POINT('',#3819);
#3819 = CARTESIAN_POINT('',(-22.1,-103.0517169781,27.263356426126));
#3820 = SURFACE_CURVE('',#3821,(#3825,#3832),.PCURVE_S1.);
#3821 = LINE('',#3822,#3823);
#3822 = CARTESIAN_POINT('',(-16.25,-103.0517169781,27.263356426126));
#3823 = VECTOR('',#3824,1.);
#3824 = DIRECTION('',(-1.,-0.,-0.));
#3825 = PCURVE('',#2011,#3826);
#3826 = DEFINITIONAL_REPRESENTATION('',(#3827),#3831);
#3827 = LINE('',#3828,#3829);
#3828 = CARTESIAN_POINT('',(3.75,37.016070433019));
#3829 = VECTOR('',#3830,1.);
#3830 = DIRECTION('',(-1.,0.));
#3831 = ( GEOMETRIC_REPRESENTATION_CONTEXT(2) 
PARAMETRIC_REPRESENTATION_CONTEXT() REPRESENTATION_CONTEXT('2D SPACE',''
  ) );
#3832 = PCURVE('',#3833,#3838);
#3833 = PLANE('',#3834);
#3834 = AXIS2_PLACEMENT_3D('',#3835,#3836,#3837);
#3835 = CARTESIAN_POINT('',(-12.5,43.468714209274,82.04925678318));
#3836 = DIRECTION('',(-0.,0.350230690289,-0.936663474029));
#3837 = DIRECTION('',(1.,0.,0.));
#3838 = DEFINITIONAL_REPRESENTATION('',(#3839),#3843);
#3839 = LINE('',#3840,#3841);
#3840 = CARTESIAN_POINT('',(-3.75,156.4280397924));
#3841 = VECTOR('',#3842,1.);
#3842 = DIRECTION('',(-1.,0.));
#3843 = ( GEOMETRIC_REPRESENTATION_CONTEXT(2) 
PARAMETRIC_REPRESENTATION_CONTEXT() REPRESENTATION_CONTEXT('2D SPACE',''
  ) );
#3844 = ORIENTED_EDGE('',*,*,#3845,.T.);
#3845 = EDGE_CURVE('',#3818,#1968,#3846,.T.);
#3846 = SURFACE_CURVE('',#3847,(#3851,#3858),.PCURVE_S1.);
#3847 = LINE('',#3848,#3849);
#3848 = CARTESIAN_POINT('',(-22.1,-35.48816345671,1.804205429478));
#3849 = VECTOR('',#3850,1.);
#3850 = DIRECTION('',(-0.,0.93576873737,-0.352614336294));
#3851 = PCURVE('',#2011,#3852);
#3852 = DEFINITIONAL_REPRESENTATION('',(#3853),#3857);
#3853 = LINE('',#3854,#3855);
#3854 = CARTESIAN_POINT('',(-2.1,-35.18505236933));
#3855 = VECTOR('',#3856,1.);
#3856 = DIRECTION('',(-0.,-1.));
#3857 = ( GEOMETRIC_REPRESENTATION_CONTEXT(2) 
PARAMETRIC_REPRESENTATION_CONTEXT() REPRESENTATION_CONTEXT('2D SPACE',''
  ) );
#3858 = PCURVE('',#1983,#3859);
#3859 = DEFINITIONAL_REPRESENTATION('',(#3860),#3864);
#3860 = LINE('',#3861,#3862);
#3861 = CARTESIAN_POINT('',(-64.80948680655,-103.3603030609));
#3862 = VECTOR('',#3863,1.);
#3863 = DIRECTION('',(-0.658015900066,0.753004034027));
#3864 = ( GEOMETRIC_REPRESENTATION_CONTEXT(2) 
PARAMETRIC_REPRESENTATION_CONTEXT() REPRESENTATION_CONTEXT('2D SPACE',''
  ) );
#3865 = ORIENTED_EDGE('',*,*,#1995,.T.);
#3866 = ADVANCED_FACE('',(#3867),#1983,.T.);
#3867 = FACE_BOUND('',#3868,.F.);
#3868 = EDGE_LOOP('',(#3869,#3897,#3925,#3953,#3974,#3975));
#3869 = ORIENTED_EDGE('',*,*,#3870,.T.);
#3870 = EDGE_CURVE('',#1940,#3871,#3873,.T.);
#3871 = VERTEX_POINT('',#3872);
#3872 = CARTESIAN_POINT('',(-22.1,46.902236966046,78.333637911896));
#3873 = SURFACE_CURVE('',#3874,(#3879,#3890),.PCURVE_S1.);
#3874 = CIRCLE('',#3875,11.);
#3875 = AXIS2_PLACEMENT_3D('',#3876,#3877,#3878);
#3876 = CARTESIAN_POINT('',(-22.1,42.479923376691,88.405536566937));
#3877 = DIRECTION('',(1.,0.,-1.110223024625E-16));
#3878 = DIRECTION('',(-1.110223024625E-16,0.,-1.));
#3879 = PCURVE('',#1983,#3880);
#3880 = DEFINITIONAL_REPRESENTATION('',(#3881),#3889);
#3881 = ( BOUNDED_CURVE() B_SPLINE_CURVE(2,(#3882,#3883,#3884,#3885,
#3886,#3887,#3888),.UNSPECIFIED.,.T.,.F.) B_SPLINE_CURVE_WITH_KNOTS((1,2
    ,2,2,2,1),(-2.094395102393,0.,2.094395102393,4.188790204786,
6.28318530718,8.377580409573),.UNSPECIFIED.) CURVE() 
GEOMETRIC_REPRESENTATION_ITEM() RATIONAL_B_SPLINE_CURVE((1.,0.5,1.,0.5,
1.,0.5,1.)) REPRESENTATION_ITEM('') );
#3882 = CARTESIAN_POINT('',(-21.30329821431,-3.852537593179));
#3883 = CARTESIAN_POINT('',(-27.97608906377,13.993298399551));
#3884 = CARTESIAN_POINT('',(-9.184746317569,10.849186792955));
#3885 = CARTESIAN_POINT('',(9.606596428633,7.705075186359));
#3886 = CARTESIAN_POINT('',(-2.511955468114,-6.996649199775));
#3887 = CARTESIAN_POINT('',(-14.63050736486,-21.6983735859));
#3888 = CARTESIAN_POINT('',(-21.30329821431,-3.852537593179));
#3889 = ( GEOMETRIC_REPRESENTATION_CONTEXT(2) 
PARAMETRIC_REPRESENTATION_CONTEXT() REPRESENTATION_CONTEXT('2D SPACE',''
  ) );
#3890 = PCURVE('',#1955,#3891);
#3891 = DEFINITIONAL_REPRESENTATION('',(#3892),#3896);
#3892 = LINE('',#3893,#3894);
#3893 = CARTESIAN_POINT('',(-0.,5.2));
#3894 = VECTOR('',#3895,1.);
#3895 = DIRECTION('',(-1.,0.));
#3896 = ( GEOMETRIC_REPRESENTATION_CONTEXT(2) 
PARAMETRIC_REPRESENTATION_CONTEXT() REPRESENTATION_CONTEXT('2D SPACE',''
  ) );
#3897 = ORIENTED_EDGE('',*,*,#3898,.F.);
#3898 = EDGE_CURVE('',#3899,#3871,#3901,.T.);
#3899 = VERTEX_POINT('',#3900);
#3900 = CARTESIAN_POINT('',(-22.1,43.475485949755,82.051793255906));
#3901 = SURFACE_CURVE('',#3902,(#3906,#3913),.PCURVE_S1.);
#3902 = LINE('',#3903,#3904);
#3903 = CARTESIAN_POINT('',(-22.1,72.819485592483,50.212436218426));
#3904 = VECTOR('',#3905,1.);
#3905 = DIRECTION('',(-0.,0.677704083073,-0.735334737236));
#3906 = PCURVE('',#1983,#3907);
#3907 = DEFINITIONAL_REPRESENTATION('',(#3908),#3912);
#3908 = LINE('',#3909,#3910);
#3909 = CARTESIAN_POINT('',(-57.39992787426,15.04156384622));
#3910 = VECTOR('',#3911,1.);
#3911 = DIRECTION('',(-0.92611395838,0.377243868199));
#3912 = ( GEOMETRIC_REPRESENTATION_CONTEXT(2) 
PARAMETRIC_REPRESENTATION_CONTEXT() REPRESENTATION_CONTEXT('2D SPACE',''
  ) );
#3913 = PCURVE('',#3914,#3919);
#3914 = PLANE('',#3915);
#3915 = AXIS2_PLACEMENT_3D('',#3916,#3917,#3918);
#3916 = CARTESIAN_POINT('',(-20.,112.69099368243,6.95033162617));
#3917 = DIRECTION('',(0.,-0.735334737236,-0.677704083073));
#3918 = DIRECTION('',(1.,0.,0.));
#3919 = DEFINITIONAL_REPRESENTATION('',(#3920),#3924);
#3920 = LINE('',#3921,#3922);
#3921 = CARTESIAN_POINT('',(-2.1,58.833212143472));
#3922 = VECTOR('',#3923,1.);
#3923 = DIRECTION('',(-0.,-1.));
#3924 = ( GEOMETRIC_REPRESENTATION_CONTEXT(2) 
PARAMETRIC_REPRESENTATION_CONTEXT() REPRESENTATION_CONTEXT('2D SPACE',''
  ) );
#3925 = ORIENTED_EDGE('',*,*,#3926,.F.);
#3926 = EDGE_CURVE('',#3927,#3899,#3929,.T.);
#3927 = VERTEX_POINT('',#3928);
#3928 = CARTESIAN_POINT('',(-22.1,43.468714209274,82.04925678318));
#3929 = SURFACE_CURVE('',#3930,(#3935,#3946),.PCURVE_S1.);
#3930 = CIRCLE('',#3931,6.3);
#3931 = AXIS2_PLACEMENT_3D('',#3932,#3933,#3934);
#3932 = CARTESIAN_POINT('',(-22.1,41.262260860453,87.950236669561));
#3933 = DIRECTION('',(1.,0.,-1.110223024625E-16));
#3934 = DIRECTION('',(-1.110223024625E-16,-0.,-1.));
#3935 = PCURVE('',#1983,#3936);
#3936 = DEFINITIONAL_REPRESENTATION('',(#3937),#3945);
#3937 = ( BOUNDED_CURVE() B_SPLINE_CURVE(2,(#3938,#3939,#3940,#3941,
#3942,#3943,#3944),.UNSPECIFIED.,.T.,.F.) B_SPLINE_CURVE_WITH_KNOTS((1,2
    ,2,2,2,1),(-2.094395102393,0.,2.094395102393,4.188790204786,
6.28318530718,8.377580409573),.UNSPECIFIED.) CURVE() 
GEOMETRIC_REPRESENTATION_ITEM() RATIONAL_B_SPLINE_CURVE((1.,0.5,1.,0.5,
1.,0.5,1.)) REPRESENTATION_ITEM('') );
#3938 = CARTESIAN_POINT('',(-16.90097988638,-3.506453348821));
#3939 = CARTESIAN_POINT('',(-20.72266919107,6.714343628834));
#3940 = CARTESIAN_POINT('',(-9.960354709153,4.913625163238));
#3941 = CARTESIAN_POINT('',(0.801959772763,3.112906697642));
#3942 = CARTESIAN_POINT('',(-6.138665404465,-5.307171814417));
#3943 = CARTESIAN_POINT('',(-13.07929058169,-13.72725032647));
#3944 = CARTESIAN_POINT('',(-16.90097988638,-3.506453348821));
#3945 = ( GEOMETRIC_REPRESENTATION_CONTEXT(2) 
PARAMETRIC_REPRESENTATION_CONTEXT() REPRESENTATION_CONTEXT('2D SPACE',''
  ) );
#3946 = PCURVE('',#2329,#3947);
#3947 = DEFINITIONAL_REPRESENTATION('',(#3948),#3952);
#3948 = LINE('',#3949,#3950);
#3949 = CARTESIAN_POINT('',(-0.,6.2));
#3950 = VECTOR('',#3951,1.);
#3951 = DIRECTION('',(-1.,0.));
#3952 = ( GEOMETRIC_REPRESENTATION_CONTEXT(2) 
PARAMETRIC_REPRESENTATION_CONTEXT() REPRESENTATION_CONTEXT('2D SPACE',''
  ) );
#3953 = ORIENTED_EDGE('',*,*,#3954,.F.);
#3954 = EDGE_CURVE('',#3818,#3927,#3955,.T.);
#3955 = SURFACE_CURVE('',#3956,(#3960,#3967),.PCURVE_S1.);
#3956 = LINE('',#3957,#3958);
#3957 = CARTESIAN_POINT('',(-22.1,44.077545467393,82.276906731867));
#3958 = VECTOR('',#3959,1.);
#3959 = DIRECTION('',(-0.,0.936663474029,0.350230690289));
#3960 = PCURVE('',#1983,#3961);
#3961 = DEFINITIONAL_REPRESENTATION('',(#3962),#3966);
#3962 = LINE('',#3963,#3964);
#3963 = CARTESIAN_POINT('',(-17.3,-0.65));
#3964 = VECTOR('',#3965,1.);
#3965 = DIRECTION('',(1.900502719066E-17,1.));
#3966 = ( GEOMETRIC_REPRESENTATION_CONTEXT(2) 
PARAMETRIC_REPRESENTATION_CONTEXT() REPRESENTATION_CONTEXT('2D SPACE',''
  ) );
#3967 = PCURVE('',#2355,#3968);
#3968 = DEFINITIONAL_REPRESENTATION('',(#3969),#3973);
#3969 = LINE('',#3970,#3971);
#3970 = CARTESIAN_POINT('',(-6.2,-0.65));
#3971 = VECTOR('',#3972,1.);
#3972 = DIRECTION('',(-0.,-1.));
#3973 = ( GEOMETRIC_REPRESENTATION_CONTEXT(2) 
PARAMETRIC_REPRESENTATION_CONTEXT() REPRESENTATION_CONTEXT('2D SPACE',''
  ) );
#3974 = ORIENTED_EDGE('',*,*,#3845,.T.);
#3975 = ORIENTED_EDGE('',*,*,#1967,.F.);
#3976 = ADVANCED_FACE('',(#3977),#1955,.T.);
#3977 = FACE_BOUND('',#3978,.F.);
#3978 = EDGE_LOOP('',(#3979,#3980,#3981,#3982,#4003,#4004,#4027,#4055));
#3979 = ORIENTED_EDGE('',*,*,#3870,.F.);
#3980 = ORIENTED_EDGE('',*,*,#1939,.F.);
#3981 = ORIENTED_EDGE('',*,*,#2217,.T.);
#3982 = ORIENTED_EDGE('',*,*,#3983,.T.);
#3983 = EDGE_CURVE('',#2163,#3185,#3984,.T.);
#3984 = SURFACE_CURVE('',#3985,(#3989,#3996),.PCURVE_S1.);
#3985 = LINE('',#3986,#3987);
#3986 = CARTESIAN_POINT('',(-16.9,38.627385783512,98.708834781253));
#3987 = VECTOR('',#3988,1.);
#3988 = DIRECTION('',(-1.,0.,-0.));
#3989 = PCURVE('',#1955,#3990);
#3990 = DEFINITIONAL_REPRESENTATION('',(#3991),#3995);
#3991 = LINE('',#3992,#3993);
#3992 = CARTESIAN_POINT('',(-3.499410035303,1.143895890711E-15));
#3993 = VECTOR('',#3994,1.);
#3994 = DIRECTION('',(-0.,1.));
#3995 = ( GEOMETRIC_REPRESENTATION_CONTEXT(2) 
PARAMETRIC_REPRESENTATION_CONTEXT() REPRESENTATION_CONTEXT('2D SPACE',''
  ) );
#3996 = PCURVE('',#2180,#3997);
#3997 = DEFINITIONAL_REPRESENTATION('',(#3998),#4002);
#3998 = LINE('',#3999,#4000);
#3999 = CARTESIAN_POINT('',(-0.,-0.));
#4000 = VECTOR('',#4001,1.);
#4001 = DIRECTION('',(-1.,0.));
#4002 = ( GEOMETRIC_REPRESENTATION_CONTEXT(2) 
PARAMETRIC_REPRESENTATION_CONTEXT() REPRESENTATION_CONTEXT('2D SPACE',''
  ) );
#4003 = ORIENTED_EDGE('',*,*,#3367,.F.);
#4004 = ORIENTED_EDGE('',*,*,#4005,.F.);
#4005 = EDGE_CURVE('',#4006,#3340,#4008,.T.);
#4006 = VERTEX_POINT('',#4007);
#4007 = CARTESIAN_POINT('',(-20.,52.954583756958,85.046743641188));
#4008 = SURFACE_CURVE('',#4009,(#4013,#4020),.PCURVE_S1.);
#4009 = LINE('',#4010,#4011);
#4010 = CARTESIAN_POINT('',(-16.9,52.954583756958,85.046743641188));
#4011 = VECTOR('',#4012,1.);
#4012 = DIRECTION('',(-1.,-0.,1.110223024625E-16));
#4013 = PCURVE('',#1955,#4014);
#4014 = DEFINITIONAL_REPRESENTATION('',(#4015),#4019);
#4015 = LINE('',#4016,#4017);
#4016 = CARTESIAN_POINT('',(-1.260495813638,-3.729009241114E-16));
#4017 = VECTOR('',#4018,1.);
#4018 = DIRECTION('',(-0.,1.));
#4019 = ( GEOMETRIC_REPRESENTATION_CONTEXT(2) 
PARAMETRIC_REPRESENTATION_CONTEXT() REPRESENTATION_CONTEXT('2D SPACE',''
  ) );
#4020 = PCURVE('',#3355,#4021);
#4021 = DEFINITIONAL_REPRESENTATION('',(#4022),#4026);
#4022 = LINE('',#4023,#4024);
#4023 = CARTESIAN_POINT('',(3.1,97.910613522767));
#4024 = VECTOR('',#4025,1.);
#4025 = DIRECTION('',(-1.,8.163855560859E-17));
#4026 = ( GEOMETRIC_REPRESENTATION_CONTEXT(2) 
PARAMETRIC_REPRESENTATION_CONTEXT() REPRESENTATION_CONTEXT('2D SPACE',''
  ) );
#4027 = ORIENTED_EDGE('',*,*,#4028,.F.);
#4028 = EDGE_CURVE('',#4029,#4006,#4031,.T.);
#4029 = VERTEX_POINT('',#4030);
#4030 = CARTESIAN_POINT('',(-20.,46.902236966046,78.333637911896));
#4031 = SURFACE_CURVE('',#4032,(#4037,#4044),.PCURVE_S1.);
#4032 = CIRCLE('',#4033,11.);
#4033 = AXIS2_PLACEMENT_3D('',#4034,#4035,#4036);
#4034 = CARTESIAN_POINT('',(-20.,42.479923376691,88.405536566937));
#4035 = DIRECTION('',(1.,0.,-1.110223024625E-16));
#4036 = DIRECTION('',(-1.110223024625E-16,-0.,-1.));
#4037 = PCURVE('',#1955,#4038);
#4038 = DEFINITIONAL_REPRESENTATION('',(#4039),#4043);
#4039 = LINE('',#4040,#4041);
#4040 = CARTESIAN_POINT('',(-0.,3.1));
#4041 = VECTOR('',#4042,1.);
#4042 = DIRECTION('',(-1.,0.));
#4043 = ( GEOMETRIC_REPRESENTATION_CONTEXT(2) 
PARAMETRIC_REPRESENTATION_CONTEXT() REPRESENTATION_CONTEXT('2D SPACE',''
  ) );
#4044 = PCURVE('',#2738,#4045);
#4045 = DEFINITIONAL_REPRESENTATION('',(#4046),#4054);
#4046 = ( BOUNDED_CURVE() B_SPLINE_CURVE(2,(#4047,#4048,#4049,#4050,
#4051,#4052,#4053),.UNSPECIFIED.,.T.,.F.) B_SPLINE_CURVE_WITH_KNOTS((1,2
    ,2,2,2,1),(-2.094395102393,0.,2.094395102393,4.188790204786,
6.28318530718,8.377580409573),.UNSPECIFIED.) CURVE() 
GEOMETRIC_REPRESENTATION_ITEM() RATIONAL_B_SPLINE_CURVE((1.,0.5,1.,0.5,
1.,0.5,1.)) REPRESENTATION_ITEM('') );
#4047 = CARTESIAN_POINT('',(53.514794260558,-81.13563750584));
#4048 = CARTESIAN_POINT('',(55.820049303452,-62.22305441449));
#4049 = CARTESIAN_POINT('',(71.046199190298,-73.67575538951));
#4050 = CARTESIAN_POINT('',(86.272349077144,-85.12845636453));
#4051 = CARTESIAN_POINT('',(68.740944147404,-92.58833848086));
#4052 = CARTESIAN_POINT('',(51.209539217664,-100.0482205971));
#4053 = CARTESIAN_POINT('',(53.514794260558,-81.13563750584));
#4054 = ( GEOMETRIC_REPRESENTATION_CONTEXT(2) 
PARAMETRIC_REPRESENTATION_CONTEXT() REPRESENTATION_CONTEXT('2D SPACE',''
  ) );
#4055 = ORIENTED_EDGE('',*,*,#4056,.T.);
#4056 = EDGE_CURVE('',#4029,#3871,#4057,.T.);
#4057 = SURFACE_CURVE('',#4058,(#4062,#4069),.PCURVE_S1.);
#4058 = LINE('',#4059,#4060);
#4059 = CARTESIAN_POINT('',(-16.9,46.902236966046,78.333637911896));
#4060 = VECTOR('',#4061,1.);
#4061 = DIRECTION('',(-1.,-0.,1.110223024625E-16));
#4062 = PCURVE('',#1955,#4063);
#4063 = DEFINITIONAL_REPRESENTATION('',(#4064),#4068);
#4064 = LINE('',#4065,#4066);
#4065 = CARTESIAN_POINT('',(-0.413731201695,-1.118205378852E-15));
#4066 = VECTOR('',#4067,1.);
#4067 = DIRECTION('',(-0.,1.));
#4068 = ( GEOMETRIC_REPRESENTATION_CONTEXT(2) 
PARAMETRIC_REPRESENTATION_CONTEXT() REPRESENTATION_CONTEXT('2D SPACE',''
  ) );
#4069 = PCURVE('',#3914,#4070);
#4070 = DEFINITIONAL_REPRESENTATION('',(#4071),#4075);
#4071 = LINE('',#4072,#4073);
#4072 = CARTESIAN_POINT('',(3.1,97.07593381766));
#4073 = VECTOR('',#4074,1.);
#4074 = DIRECTION('',(-1.,8.163855560859E-17));
#4075 = ( GEOMETRIC_REPRESENTATION_CONTEXT(2) 
PARAMETRIC_REPRESENTATION_CONTEXT() REPRESENTATION_CONTEXT('2D SPACE',''
  ) );
#4076 = ADVANCED_FACE('',(#4077),#2180,.F.);
#4077 = FACE_BOUND('',#4078,.T.);
#4078 = EDGE_LOOP('',(#4079,#4080,#4081,#4082));
#4079 = ORIENTED_EDGE('',*,*,#2162,.F.);
#4080 = ORIENTED_EDGE('',*,*,#3983,.T.);
#4081 = ORIENTED_EDGE('',*,*,#3184,.T.);
#4082 = ORIENTED_EDGE('',*,*,#3160,.F.);
#4083 = ADVANCED_FACE('',(#4084,#4177),#2268,.F.);
#4084 = FACE_BOUND('',#4085,.T.);
#4085 = EDGE_LOOP('',(#4086,#4107,#4108,#4131,#4155,#4176));
#4086 = ORIENTED_EDGE('',*,*,#4087,.F.);
#4087 = EDGE_CURVE('',#2246,#3233,#4088,.T.);
#4088 = SURFACE_CURVE('',#4089,(#4093,#4100),.PCURVE_S1.);
#4089 = LINE('',#4090,#4091);
#4090 = CARTESIAN_POINT('',(-15.9,-118.4687142092,34.95074321682));
#4091 = VECTOR('',#4092,1.);
#4092 = DIRECTION('',(-1.,0.,-0.));
#4093 = PCURVE('',#2268,#4094);
#4094 = DEFINITIONAL_REPRESENTATION('',(#4095),#4099);
#4095 = LINE('',#4096,#4097);
#4096 = CARTESIAN_POINT('',(-3.499410035303,6.551403737711E-16));
#4097 = VECTOR('',#4098,1.);
#4098 = DIRECTION('',(-0.,1.));
#4099 = ( GEOMETRIC_REPRESENTATION_CONTEXT(2) 
PARAMETRIC_REPRESENTATION_CONTEXT() REPRESENTATION_CONTEXT('2D SPACE',''
  ) );
#4100 = PCURVE('',#2296,#4101);
#4101 = DEFINITIONAL_REPRESENTATION('',(#4102),#4106);
#4102 = LINE('',#4103,#4104);
#4103 = CARTESIAN_POINT('',(-0.,168.17621919573));
#4104 = VECTOR('',#4105,1.);
#4105 = DIRECTION('',(-1.,0.));
#4106 = ( GEOMETRIC_REPRESENTATION_CONTEXT(2) 
PARAMETRIC_REPRESENTATION_CONTEXT() REPRESENTATION_CONTEXT('2D SPACE',''
  ) );
#4107 = ORIENTED_EDGE('',*,*,#2245,.T.);
#4108 = ORIENTED_EDGE('',*,*,#4109,.T.);
#4109 = EDGE_CURVE('',#2248,#4110,#4112,.T.);
#4110 = VERTEX_POINT('',#4111);
#4111 = CARTESIAN_POINT('',(-20.,-114.0558075116,23.148783444058));
#4112 = SURFACE_CURVE('',#4113,(#4117,#4124),.PCURVE_S1.);
#4113 = LINE('',#4114,#4115);
#4114 = CARTESIAN_POINT('',(-15.9,-114.0558075116,23.148783444058));
#4115 = VECTOR('',#4116,1.);
#4116 = DIRECTION('',(-1.,0.,-0.));
#4117 = PCURVE('',#2268,#4118);
#4118 = DEFINITIONAL_REPRESENTATION('',(#4119),#4123);
#4119 = LINE('',#4120,#4121);
#4120 = CARTESIAN_POINT('',(-6.641002688892,-6.551403737711E-16));
#4121 = VECTOR('',#4122,1.);
#4122 = DIRECTION('',(-0.,1.));
#4123 = ( GEOMETRIC_REPRESENTATION_CONTEXT(2) 
PARAMETRIC_REPRESENTATION_CONTEXT() REPRESENTATION_CONTEXT('2D SPACE',''
  ) );
#4124 = PCURVE('',#2355,#4125);
#4125 = DEFINITIONAL_REPRESENTATION('',(#4126),#4130);
#4126 = LINE('',#4127,#4128);
#4127 = CARTESIAN_POINT('',(-0.,168.17621919573));
#4128 = VECTOR('',#4129,1.);
#4129 = DIRECTION('',(-1.,0.));
#4130 = ( GEOMETRIC_REPRESENTATION_CONTEXT(2) 
PARAMETRIC_REPRESENTATION_CONTEXT() REPRESENTATION_CONTEXT('2D SPACE',''
  ) );
#4131 = ORIENTED_EDGE('',*,*,#4132,.F.);
#4132 = EDGE_CURVE('',#4133,#4110,#4135,.T.);
#4133 = VERTEX_POINT('',#4134);
#4134 = CARTESIAN_POINT('',(-20.,-116.6248884729,22.760208400663));
#4135 = SURFACE_CURVE('',#4136,(#4141,#4148),.PCURVE_S1.);
#4136 = CIRCLE('',#4137,6.3);
#4137 = AXIS2_PLACEMENT_3D('',#4138,#4139,#4140);
#4138 = CARTESIAN_POINT('',(-20.,-116.2622608604,29.049763330439));
#4139 = DIRECTION('',(1.,0.,-1.110223024625E-16));
#4140 = DIRECTION('',(-1.110223024625E-16,-0.,-1.));
#4141 = PCURVE('',#2268,#4142);
#4142 = DEFINITIONAL_REPRESENTATION('',(#4143),#4147);
#4143 = LINE('',#4144,#4145);
#4144 = CARTESIAN_POINT('',(-0.,4.1));
#4145 = VECTOR('',#4146,1.);
#4146 = DIRECTION('',(-1.,0.));
#4147 = ( GEOMETRIC_REPRESENTATION_CONTEXT(2) 
PARAMETRIC_REPRESENTATION_CONTEXT() REPRESENTATION_CONTEXT('2D SPACE',''
  ) );
#4148 = PCURVE('',#3496,#4149);
#4149 = DEFINITIONAL_REPRESENTATION('',(#4150),#4154);
#4150 = LINE('',#4151,#4152);
#4151 = CARTESIAN_POINT('',(-0.,7.5));
#4152 = VECTOR('',#4153,1.);
#4153 = DIRECTION('',(-1.,0.));
#4154 = ( GEOMETRIC_REPRESENTATION_CONTEXT(2) 
PARAMETRIC_REPRESENTATION_CONTEXT() REPRESENTATION_CONTEXT('2D SPACE',''
  ) );
#4155 = ORIENTED_EDGE('',*,*,#4156,.T.);
#4156 = EDGE_CURVE('',#4133,#3210,#4157,.T.);
#4157 = SURFACE_CURVE('',#4158,(#4162,#4169),.PCURVE_S1.);
#4158 = LINE('',#4159,#4160);
#4159 = CARTESIAN_POINT('',(-15.9,-116.6248884729,22.760208400663));
#4160 = VECTOR('',#4161,1.);
#4161 = DIRECTION('',(-1.,-0.,1.110223024625E-16));
#4162 = PCURVE('',#2268,#4163);
#4163 = DEFINITIONAL_REPRESENTATION('',(#4164),#4168);
#4164 = LINE('',#4165,#4166);
#4165 = CARTESIAN_POINT('',(-6.225593537126,-6.982808697682E-16));
#4166 = VECTOR('',#4167,1.);
#4167 = DIRECTION('',(-0.,1.));
#4168 = ( GEOMETRIC_REPRESENTATION_CONTEXT(2) 
PARAMETRIC_REPRESENTATION_CONTEXT() REPRESENTATION_CONTEXT('2D SPACE',''
  ) );
#4169 = PCURVE('',#3496,#4170);
#4170 = DEFINITIONAL_REPRESENTATION('',(#4171),#4175);
#4171 = LINE('',#4172,#4173);
#4172 = CARTESIAN_POINT('',(-6.225593537126,3.4));
#4173 = VECTOR('',#4174,1.);
#4174 = DIRECTION('',(-0.,1.));
#4175 = ( GEOMETRIC_REPRESENTATION_CONTEXT(2) 
PARAMETRIC_REPRESENTATION_CONTEXT() REPRESENTATION_CONTEXT('2D SPACE',''
  ) );
#4176 = ORIENTED_EDGE('',*,*,#3232,.F.);
#4177 = FACE_BOUND('',#4178,.T.);
#4178 = EDGE_LOOP('',(#4179,#4209,#4233,#4256));
#4179 = ORIENTED_EDGE('',*,*,#4180,.F.);
#4180 = EDGE_CURVE('',#4181,#4183,#4185,.T.);
#4181 = VERTEX_POINT('',#4182);
#4182 = CARTESIAN_POINT('',(-19.5,-119.6595163974,23.744232742774));
#4183 = VERTEX_POINT('',#4184);
#4184 = CARTESIAN_POINT('',(-22.,-119.6595163974,23.744232742774));
#4185 = SURFACE_CURVE('',#4186,(#4190,#4197),.PCURVE_S1.);
#4186 = LINE('',#4187,#4188);
#4187 = CARTESIAN_POINT('',(-15.9,-119.6595163974,23.744232742774));
#4188 = VECTOR('',#4189,1.);
#4189 = DIRECTION('',(-1.,-0.,1.110223024625E-16));
#4190 = PCURVE('',#2268,#4191);
#4191 = DEFINITIONAL_REPRESENTATION('',(#4192),#4196);
#4192 = LINE('',#4193,#4194);
#4193 = CARTESIAN_POINT('',(-5.713642702625,-5.890322216278E-16));
#4194 = VECTOR('',#4195,1.);
#4195 = DIRECTION('',(-0.,1.));
#4196 = ( GEOMETRIC_REPRESENTATION_CONTEXT(2) 
PARAMETRIC_REPRESENTATION_CONTEXT() REPRESENTATION_CONTEXT('2D SPACE',''
  ) );
#4197 = PCURVE('',#4198,#4203);
#4198 = CYLINDRICAL_SURFACE('',#4199,6.3);
#4199 = AXIS2_PLACEMENT_3D('',#4200,#4201,#4202);
#4200 = CARTESIAN_POINT('',(-12.5,-116.2622608604,29.049763330439));
#4201 = DIRECTION('',(-1.,-0.,1.110223024625E-16));
#4202 = DIRECTION('',(-1.110223024625E-16,-0.,-1.));
#4203 = DEFINITIONAL_REPRESENTATION('',(#4204),#4208);
#4204 = LINE('',#4205,#4206);
#4205 = CARTESIAN_POINT('',(-5.713642702625,3.4));
#4206 = VECTOR('',#4207,1.);
#4207 = DIRECTION('',(-0.,1.));
#4208 = ( GEOMETRIC_REPRESENTATION_CONTEXT(2) 
PARAMETRIC_REPRESENTATION_CONTEXT() REPRESENTATION_CONTEXT('2D SPACE',''
  ) );
#4209 = ORIENTED_EDGE('',*,*,#4210,.F.);
#4210 = EDGE_CURVE('',#4211,#4181,#4213,.T.);
#4211 = VERTEX_POINT('',#4212);
#4212 = CARTESIAN_POINT('',(-19.5,-121.3652889577,32.744232742774));
#4213 = SURFACE_CURVE('',#4214,(#4219,#4226),.PCURVE_S1.);
#4214 = CIRCLE('',#4215,6.3);
#4215 = AXIS2_PLACEMENT_3D('',#4216,#4217,#4218);
#4216 = CARTESIAN_POINT('',(-19.5,-116.2622608604,29.049763330439));
#4217 = DIRECTION('',(1.,0.,-1.110223024625E-16));
#4218 = DIRECTION('',(-1.110223024625E-16,-0.,-1.));
#4219 = PCURVE('',#2268,#4220);
#4220 = DEFINITIONAL_REPRESENTATION('',(#4221),#4225);
#4221 = LINE('',#4222,#4223);
#4222 = CARTESIAN_POINT('',(-0.,3.6));
#4223 = VECTOR('',#4224,1.);
#4224 = DIRECTION('',(-1.,0.));
#4225 = ( GEOMETRIC_REPRESENTATION_CONTEXT(2) 
PARAMETRIC_REPRESENTATION_CONTEXT() REPRESENTATION_CONTEXT('2D SPACE',''
  ) );
#4226 = PCURVE('',#4198,#4227);
#4227 = DEFINITIONAL_REPRESENTATION('',(#4228),#4232);
#4228 = LINE('',#4229,#4230);
#4229 = CARTESIAN_POINT('',(-0.,7.));
#4230 = VECTOR('',#4231,1.);
#4231 = DIRECTION('',(-1.,0.));
#4232 = ( GEOMETRIC_REPRESENTATION_CONTEXT(2) 
PARAMETRIC_REPRESENTATION_CONTEXT() REPRESENTATION_CONTEXT('2D SPACE',''
  ) );
#4233 = ORIENTED_EDGE('',*,*,#4234,.T.);
#4234 = EDGE_CURVE('',#4211,#4235,#4237,.T.);
#4235 = VERTEX_POINT('',#4236);
#4236 = CARTESIAN_POINT('',(-22.,-121.3652889577,32.744232742774));
#4237 = SURFACE_CURVE('',#4238,(#4242,#4249),.PCURVE_S1.);
#4238 = LINE('',#4239,#4240);
#4239 = CARTESIAN_POINT('',(-15.9,-121.3652889577,32.744232742774));
#4240 = VECTOR('',#4241,1.);
#4241 = DIRECTION('',(-1.,-0.,1.110223024625E-16));
#4242 = PCURVE('',#2268,#4243);
#4243 = DEFINITIONAL_REPRESENTATION('',(#4244),#4248);
#4244 = LINE('',#4245,#4246);
#4245 = CARTESIAN_POINT('',(-4.085752373923,4.101685005348E-16));
#4246 = VECTOR('',#4247,1.);
#4247 = DIRECTION('',(-0.,1.));
#4248 = ( GEOMETRIC_REPRESENTATION_CONTEXT(2) 
PARAMETRIC_REPRESENTATION_CONTEXT() REPRESENTATION_CONTEXT('2D SPACE',''
  ) );
#4249 = PCURVE('',#4198,#4250);
#4250 = DEFINITIONAL_REPRESENTATION('',(#4251),#4255);
#4251 = LINE('',#4252,#4253);
#4252 = CARTESIAN_POINT('',(-4.085752373923,3.4));
#4253 = VECTOR('',#4254,1.);
#4254 = DIRECTION('',(-0.,1.));
#4255 = ( GEOMETRIC_REPRESENTATION_CONTEXT(2) 
PARAMETRIC_REPRESENTATION_CONTEXT() REPRESENTATION_CONTEXT('2D SPACE',''
  ) );
#4256 = ORIENTED_EDGE('',*,*,#4257,.T.);
#4257 = EDGE_CURVE('',#4235,#4183,#4258,.T.);
#4258 = SURFACE_CURVE('',#4259,(#4264,#4271),.PCURVE_S1.);
#4259 = CIRCLE('',#4260,6.3);
#4260 = AXIS2_PLACEMENT_3D('',#4261,#4262,#4263);
#4261 = CARTESIAN_POINT('',(-22.,-116.2622608604,29.049763330439));
#4262 = DIRECTION('',(1.,0.,-1.110223024625E-16));
#4263 = DIRECTION('',(-1.110223024625E-16,-0.,-1.));
#4264 = PCURVE('',#2268,#4265);
#4265 = DEFINITIONAL_REPRESENTATION('',(#4266),#4270);
#4266 = LINE('',#4267,#4268);
#4267 = CARTESIAN_POINT('',(-0.,6.1));
#4268 = VECTOR('',#4269,1.);
#4269 = DIRECTION('',(-1.,0.));
#4270 = ( GEOMETRIC_REPRESENTATION_CONTEXT(2) 
PARAMETRIC_REPRESENTATION_CONTEXT() REPRESENTATION_CONTEXT('2D SPACE',''
  ) );
#4271 = PCURVE('',#4198,#4272);
#4272 = DEFINITIONAL_REPRESENTATION('',(#4273),#4277);
#4273 = LINE('',#4274,#4275);
#4274 = CARTESIAN_POINT('',(-0.,9.5));
#4275 = VECTOR('',#4276,1.);
#4276 = DIRECTION('',(-1.,0.));
#4277 = ( GEOMETRIC_REPRESENTATION_CONTEXT(2) 
PARAMETRIC_REPRESENTATION_CONTEXT() REPRESENTATION_CONTEXT('2D SPACE',''
  ) );
#4278 = ADVANCED_FACE('',(#4279),#2296,.T.);
#4279 = FACE_BOUND('',#4280,.F.);
#4280 = EDGE_LOOP('',(#4281,#4282,#4283,#4304));
#4281 = ORIENTED_EDGE('',*,*,#4087,.F.);
#4282 = ORIENTED_EDGE('',*,*,#2280,.T.);
#4283 = ORIENTED_EDGE('',*,*,#4284,.T.);
#4284 = EDGE_CURVE('',#2281,#3261,#4285,.T.);
#4285 = SURFACE_CURVE('',#4286,(#4290,#4297),.PCURVE_S1.);
#4286 = LINE('',#4287,#4288);
#4287 = CARTESIAN_POINT('',(-15.9,39.055807511633,93.851216555942));
#4288 = VECTOR('',#4289,1.);
#4289 = DIRECTION('',(-1.,0.,-0.));
#4290 = PCURVE('',#2296,#4291);
#4291 = DEFINITIONAL_REPRESENTATION('',(#4292),#4296);
#4292 = LINE('',#4293,#4294);
#4293 = CARTESIAN_POINT('',(-0.,-0.));
#4294 = VECTOR('',#4295,1.);
#4295 = DIRECTION('',(-1.,0.));
#4296 = ( GEOMETRIC_REPRESENTATION_CONTEXT(2) 
PARAMETRIC_REPRESENTATION_CONTEXT() REPRESENTATION_CONTEXT('2D SPACE',''
  ) );
#4297 = PCURVE('',#2329,#4298);
#4298 = DEFINITIONAL_REPRESENTATION('',(#4299),#4303);
#4299 = LINE('',#4300,#4301);
#4300 = CARTESIAN_POINT('',(-3.499410035303,6.551403737711E-16));
#4301 = VECTOR('',#4302,1.);
#4302 = DIRECTION('',(-0.,1.));
#4303 = ( GEOMETRIC_REPRESENTATION_CONTEXT(2) 
PARAMETRIC_REPRESENTATION_CONTEXT() REPRESENTATION_CONTEXT('2D SPACE',''
  ) );
#4304 = ORIENTED_EDGE('',*,*,#3260,.F.);
#4305 = ADVANCED_FACE('',(#4306),#2355,.F.);
#4306 = FACE_BOUND('',#4307,.T.);
#4307 = EDGE_LOOP('',(#4308,#4309,#4310,#4331,#4332,#4355));
#4308 = ORIENTED_EDGE('',*,*,#4109,.F.);
#4309 = ORIENTED_EDGE('',*,*,#2341,.T.);
#4310 = ORIENTED_EDGE('',*,*,#4311,.T.);
#4311 = EDGE_CURVE('',#2309,#3927,#4312,.T.);
#4312 = SURFACE_CURVE('',#4313,(#4317,#4324),.PCURVE_S1.);
#4313 = LINE('',#4314,#4315);
#4314 = CARTESIAN_POINT('',(-15.9,43.468714209274,82.04925678318));
#4315 = VECTOR('',#4316,1.);
#4316 = DIRECTION('',(-1.,0.,-0.));
#4317 = PCURVE('',#2355,#4318);
#4318 = DEFINITIONAL_REPRESENTATION('',(#4319),#4323);
#4319 = LINE('',#4320,#4321);
#4320 = CARTESIAN_POINT('',(-0.,-0.));
#4321 = VECTOR('',#4322,1.);
#4322 = DIRECTION('',(-1.,0.));
#4323 = ( GEOMETRIC_REPRESENTATION_CONTEXT(2) 
PARAMETRIC_REPRESENTATION_CONTEXT() REPRESENTATION_CONTEXT('2D SPACE',''
  ) );
#4324 = PCURVE('',#2329,#4325);
#4325 = DEFINITIONAL_REPRESENTATION('',(#4326),#4330);
#4326 = LINE('',#4327,#4328);
#4327 = CARTESIAN_POINT('',(-0.357817381713,-6.551403737711E-16));
#4328 = VECTOR('',#4329,1.);
#4329 = DIRECTION('',(-0.,1.));
#4330 = ( GEOMETRIC_REPRESENTATION_CONTEXT(2) 
PARAMETRIC_REPRESENTATION_CONTEXT() REPRESENTATION_CONTEXT('2D SPACE',''
  ) );
#4331 = ORIENTED_EDGE('',*,*,#3954,.F.);
#4332 = ORIENTED_EDGE('',*,*,#4333,.T.);
#4333 = EDGE_CURVE('',#3818,#4334,#4336,.T.);
#4334 = VERTEX_POINT('',#4335);
#4335 = CARTESIAN_POINT('',(-20.,-103.0517169781,27.263356426126));
#4336 = SURFACE_CURVE('',#4337,(#4341,#4348),.PCURVE_S1.);
#4337 = LINE('',#4338,#4339);
#4338 = CARTESIAN_POINT('',(-17.95,-103.0517169781,27.263356426126));
#4339 = VECTOR('',#4340,1.);
#4340 = DIRECTION('',(1.,0.,-0.));
#4341 = PCURVE('',#2355,#4342);
#4342 = DEFINITIONAL_REPRESENTATION('',(#4343),#4347);
#4343 = LINE('',#4344,#4345);
#4344 = CARTESIAN_POINT('',(-2.05,156.4280397924));
#4345 = VECTOR('',#4346,1.);
#4346 = DIRECTION('',(1.,-0.));
#4347 = ( GEOMETRIC_REPRESENTATION_CONTEXT(2) 
PARAMETRIC_REPRESENTATION_CONTEXT() REPRESENTATION_CONTEXT('2D SPACE',''
  ) );
#4348 = PCURVE('',#3833,#4349);
#4349 = DEFINITIONAL_REPRESENTATION('',(#4350),#4354);
#4350 = LINE('',#4351,#4352);
#4351 = CARTESIAN_POINT('',(-5.45,156.4280397924));
#4352 = VECTOR('',#4353,1.);
#4353 = DIRECTION('',(1.,-0.));
#4354 = ( GEOMETRIC_REPRESENTATION_CONTEXT(2) 
PARAMETRIC_REPRESENTATION_CONTEXT() REPRESENTATION_CONTEXT('2D SPACE',''
  ) );
#4355 = ORIENTED_EDGE('',*,*,#4356,.T.);
#4356 = EDGE_CURVE('',#4334,#4110,#4357,.T.);
#4357 = SURFACE_CURVE('',#4358,(#4362,#4369),.PCURVE_S1.);
#4358 = LINE('',#4359,#4360);
#4359 = CARTESIAN_POINT('',(-20.,-16.73757362718,59.537340461723));
#4360 = VECTOR('',#4361,1.);
#4361 = DIRECTION('',(-0.,-0.936663474029,-0.350230690289));
#4362 = PCURVE('',#2355,#4363);
#4363 = DEFINITIONAL_REPRESENTATION('',(#4364),#4368);
#4364 = LINE('',#4365,#4366);
#4365 = CARTESIAN_POINT('',(-4.1,64.277394716263));
#4366 = VECTOR('',#4367,1.);
#4367 = DIRECTION('',(-0.,1.));
#4368 = ( GEOMETRIC_REPRESENTATION_CONTEXT(2) 
PARAMETRIC_REPRESENTATION_CONTEXT() REPRESENTATION_CONTEXT('2D SPACE',''
  ) );
#4369 = PCURVE('',#3833,#4370);
#4370 = DEFINITIONAL_REPRESENTATION('',(#4371),#4375);
#4371 = LINE('',#4372,#4373);
#4372 = CARTESIAN_POINT('',(-7.5,64.277394716263));
#4373 = VECTOR('',#4374,1.);
#4374 = DIRECTION('',(-0.,1.));
#4375 = ( GEOMETRIC_REPRESENTATION_CONTEXT(2) 
PARAMETRIC_REPRESENTATION_CONTEXT() REPRESENTATION_CONTEXT('2D SPACE',''
  ) );
#4376 = ADVANCED_FACE('',(#4377),#2329,.F.);
#4377 = FACE_BOUND('',#4378,.T.);
#4378 = EDGE_LOOP('',(#4379,#4380,#4381,#4382,#4383,#4384,#4412,#4436,
    #4459,#4483,#4506,#4530));
#4379 = ORIENTED_EDGE('',*,*,#3926,.F.);
#4380 = ORIENTED_EDGE('',*,*,#4311,.F.);
#4381 = ORIENTED_EDGE('',*,*,#2308,.T.);
#4382 = ORIENTED_EDGE('',*,*,#4284,.T.);
#4383 = ORIENTED_EDGE('',*,*,#3283,.F.);
#4384 = ORIENTED_EDGE('',*,*,#4385,.F.);
#4385 = EDGE_CURVE('',#4386,#3284,#4388,.T.);
#4386 = VERTEX_POINT('',#4387);
#4387 = CARTESIAN_POINT('',(-22.,46.438741297149,91.541065304919));
#4388 = SURFACE_CURVE('',#4389,(#4393,#4400),.PCURVE_S1.);
#4389 = LINE('',#4390,#4391);
#4390 = CARTESIAN_POINT('',(-15.9,46.438741297149,91.541065304919));
#4391 = VECTOR('',#4392,1.);
#4392 = DIRECTION('',(-1.,-0.,1.110223024625E-16));
#4393 = PCURVE('',#2329,#4394);
#4394 = DEFINITIONAL_REPRESENTATION('',(#4395),#4399);
#4395 = LINE('',#4396,#4397);
#4396 = CARTESIAN_POINT('',(-2.177269077158,3.986620628458E-16));
#4397 = VECTOR('',#4398,1.);
#4398 = DIRECTION('',(-0.,1.));
#4399 = ( GEOMETRIC_REPRESENTATION_CONTEXT(2) 
PARAMETRIC_REPRESENTATION_CONTEXT() REPRESENTATION_CONTEXT('2D SPACE',''
  ) );
#4400 = PCURVE('',#4401,#4406);
#4401 = CYLINDRICAL_SURFACE('',#4402,6.3);
#4402 = AXIS2_PLACEMENT_3D('',#4403,#4404,#4405);
#4403 = CARTESIAN_POINT('',(-12.5,41.262260860453,87.950236669561));
#4404 = DIRECTION('',(-1.,-0.,1.110223024625E-16));
#4405 = DIRECTION('',(-1.110223024625E-16,0.,-1.));
#4406 = DEFINITIONAL_REPRESENTATION('',(#4407),#4411);
#4407 = LINE('',#4408,#4409);
#4408 = CARTESIAN_POINT('',(-2.177269077158,3.4));
#4409 = VECTOR('',#4410,1.);
#4410 = DIRECTION('',(-0.,1.));
#4411 = ( GEOMETRIC_REPRESENTATION_CONTEXT(2) 
PARAMETRIC_REPRESENTATION_CONTEXT() REPRESENTATION_CONTEXT('2D SPACE',''
  ) );
#4412 = ORIENTED_EDGE('',*,*,#4413,.T.);
#4413 = EDGE_CURVE('',#4386,#4414,#4416,.T.);
#4414 = VERTEX_POINT('',#4415);
#4415 = CARTESIAN_POINT('',(-22.,44.659516397406,93.255767257226));
#4416 = SURFACE_CURVE('',#4417,(#4422,#4429),.PCURVE_S1.);
#4417 = CIRCLE('',#4418,6.3);
#4418 = AXIS2_PLACEMENT_3D('',#4419,#4420,#4421);
#4419 = CARTESIAN_POINT('',(-22.,41.262260860453,87.950236669561));
#4420 = DIRECTION('',(1.,0.,-1.110223024625E-16));
#4421 = DIRECTION('',(-1.110223024625E-16,-0.,-1.));
#4422 = PCURVE('',#2329,#4423);
#4423 = DEFINITIONAL_REPRESENTATION('',(#4424),#4428);
#4424 = LINE('',#4425,#4426);
#4425 = CARTESIAN_POINT('',(-0.,6.1));
#4426 = VECTOR('',#4427,1.);
#4427 = DIRECTION('',(-1.,0.));
#4428 = ( GEOMETRIC_REPRESENTATION_CONTEXT(2) 
PARAMETRIC_REPRESENTATION_CONTEXT() REPRESENTATION_CONTEXT('2D SPACE',''
  ) );
#4429 = PCURVE('',#4401,#4430);
#4430 = DEFINITIONAL_REPRESENTATION('',(#4431),#4435);
#4431 = LINE('',#4432,#4433);
#4432 = CARTESIAN_POINT('',(-0.,9.5));
#4433 = VECTOR('',#4434,1.);
#4434 = DIRECTION('',(-1.,0.));
#4435 = ( GEOMETRIC_REPRESENTATION_CONTEXT(2) 
PARAMETRIC_REPRESENTATION_CONTEXT() REPRESENTATION_CONTEXT('2D SPACE',''
  ) );
#4436 = ORIENTED_EDGE('',*,*,#4437,.F.);
#4437 = EDGE_CURVE('',#4438,#4414,#4440,.T.);
#4438 = VERTEX_POINT('',#4439);
#4439 = CARTESIAN_POINT('',(-19.5,44.659516397406,93.255767257226));
#4440 = SURFACE_CURVE('',#4441,(#4445,#4452),.PCURVE_S1.);
#4441 = LINE('',#4442,#4443);
#4442 = CARTESIAN_POINT('',(-15.9,44.659516397406,93.255767257226));
#4443 = VECTOR('',#4444,1.);
#4444 = DIRECTION('',(-1.,-0.,1.110223024625E-16));
#4445 = PCURVE('',#2329,#4446);
#4446 = DEFINITIONAL_REPRESENTATION('',(#4447),#4451);
#4447 = LINE('',#4448,#4449);
#4448 = CARTESIAN_POINT('',(-2.572050049035,5.890322216278E-16));
#4449 = VECTOR('',#4450,1.);
#4450 = DIRECTION('',(-0.,1.));
#4451 = ( GEOMETRIC_REPRESENTATION_CONTEXT(2) 
PARAMETRIC_REPRESENTATION_CONTEXT() REPRESENTATION_CONTEXT('2D SPACE',''
  ) );
#4452 = PCURVE('',#4401,#4453);
#4453 = DEFINITIONAL_REPRESENTATION('',(#4454),#4458);
#4454 = LINE('',#4455,#4456);
#4455 = CARTESIAN_POINT('',(-2.572050049035,3.4));
#4456 = VECTOR('',#4457,1.);
#4457 = DIRECTION('',(-0.,1.));
#4458 = ( GEOMETRIC_REPRESENTATION_CONTEXT(2) 
PARAMETRIC_REPRESENTATION_CONTEXT() REPRESENTATION_CONTEXT('2D SPACE',''
  ) );
#4459 = ORIENTED_EDGE('',*,*,#4460,.F.);
#4460 = EDGE_CURVE('',#4461,#4438,#4463,.T.);
#4461 = VERTEX_POINT('',#4462);
#4462 = CARTESIAN_POINT('',(-19.5,46.365288957703,84.255767257226));
#4463 = SURFACE_CURVE('',#4464,(#4469,#4476),.PCURVE_S1.);
#4464 = CIRCLE('',#4465,6.3);
#4465 = AXIS2_PLACEMENT_3D('',#4466,#4467,#4468);
#4466 = CARTESIAN_POINT('',(-19.5,41.262260860453,87.950236669561));
#4467 = DIRECTION('',(1.,0.,-1.110223024625E-16));
#4468 = DIRECTION('',(-1.110223024625E-16,-0.,-1.));
#4469 = PCURVE('',#2329,#4470);
#4470 = DEFINITIONAL_REPRESENTATION('',(#4471),#4475);
#4471 = LINE('',#4472,#4473);
#4472 = CARTESIAN_POINT('',(-0.,3.6));
#4473 = VECTOR('',#4474,1.);
#4474 = DIRECTION('',(-1.,0.));
#4475 = ( GEOMETRIC_REPRESENTATION_CONTEXT(2) 
PARAMETRIC_REPRESENTATION_CONTEXT() REPRESENTATION_CONTEXT('2D SPACE',''
  ) );
#4476 = PCURVE('',#4401,#4477);
#4477 = DEFINITIONAL_REPRESENTATION('',(#4478),#4482);
#4478 = LINE('',#4479,#4480);
#4479 = CARTESIAN_POINT('',(-0.,7.));
#4480 = VECTOR('',#4481,1.);
#4481 = DIRECTION('',(-1.,0.));
#4482 = ( GEOMETRIC_REPRESENTATION_CONTEXT(2) 
PARAMETRIC_REPRESENTATION_CONTEXT() REPRESENTATION_CONTEXT('2D SPACE',''
  ) );
#4483 = ORIENTED_EDGE('',*,*,#4484,.T.);
#4484 = EDGE_CURVE('',#4461,#4485,#4487,.T.);
#4485 = VERTEX_POINT('',#4486);
#4486 = CARTESIAN_POINT('',(-20.,46.365288957703,84.255767257226));
#4487 = SURFACE_CURVE('',#4488,(#4492,#4499),.PCURVE_S1.);
#4488 = LINE('',#4489,#4490);
#4489 = CARTESIAN_POINT('',(-15.9,46.365288957703,84.255767257226));
#4490 = VECTOR('',#4491,1.);
#4491 = DIRECTION('',(-1.,-0.,1.110223024625E-16));
#4492 = PCURVE('',#2329,#4493);
#4493 = DEFINITIONAL_REPRESENTATION('',(#4494),#4498);
#4494 = LINE('',#4495,#4496);
#4495 = CARTESIAN_POINT('',(-0.944159720333,-4.101685005348E-16));
#4496 = VECTOR('',#4497,1.);
#4497 = DIRECTION('',(-0.,1.));
#4498 = ( GEOMETRIC_REPRESENTATION_CONTEXT(2) 
PARAMETRIC_REPRESENTATION_CONTEXT() REPRESENTATION_CONTEXT('2D SPACE',''
  ) );
#4499 = PCURVE('',#4401,#4500);
#4500 = DEFINITIONAL_REPRESENTATION('',(#4501),#4505);
#4501 = LINE('',#4502,#4503);
#4502 = CARTESIAN_POINT('',(-0.944159720333,3.4));
#4503 = VECTOR('',#4504,1.);
#4504 = DIRECTION('',(-0.,1.));
#4505 = ( GEOMETRIC_REPRESENTATION_CONTEXT(2) 
PARAMETRIC_REPRESENTATION_CONTEXT() REPRESENTATION_CONTEXT('2D SPACE',''
  ) );
#4506 = ORIENTED_EDGE('',*,*,#4507,.F.);
#4507 = EDGE_CURVE('',#4508,#4485,#4510,.T.);
#4508 = VERTEX_POINT('',#4509);
#4509 = CARTESIAN_POINT('',(-20.,43.475485949755,82.051793255906));
#4510 = SURFACE_CURVE('',#4511,(#4516,#4523),.PCURVE_S1.);
#4511 = CIRCLE('',#4512,6.3);
#4512 = AXIS2_PLACEMENT_3D('',#4513,#4514,#4515);
#4513 = CARTESIAN_POINT('',(-20.,41.262260860453,87.950236669561));
#4514 = DIRECTION('',(1.,0.,-1.110223024625E-16));
#4515 = DIRECTION('',(-1.110223024625E-16,-0.,-1.));
#4516 = PCURVE('',#2329,#4517);
#4517 = DEFINITIONAL_REPRESENTATION('',(#4518),#4522);
#4518 = LINE('',#4519,#4520);
#4519 = CARTESIAN_POINT('',(-0.,4.1));
#4520 = VECTOR('',#4521,1.);
#4521 = DIRECTION('',(-1.,0.));
#4522 = ( GEOMETRIC_REPRESENTATION_CONTEXT(2) 
PARAMETRIC_REPRESENTATION_CONTEXT() REPRESENTATION_CONTEXT('2D SPACE',''
  ) );
#4523 = PCURVE('',#4401,#4524);
#4524 = DEFINITIONAL_REPRESENTATION('',(#4525),#4529);
#4525 = LINE('',#4526,#4527);
#4526 = CARTESIAN_POINT('',(-0.,7.5));
#4527 = VECTOR('',#4528,1.);
#4528 = DIRECTION('',(-1.,0.));
#4529 = ( GEOMETRIC_REPRESENTATION_CONTEXT(2) 
PARAMETRIC_REPRESENTATION_CONTEXT() REPRESENTATION_CONTEXT('2D SPACE',''
  ) );
#4530 = ORIENTED_EDGE('',*,*,#4531,.T.);
#4531 = EDGE_CURVE('',#4508,#3899,#4532,.T.);
#4532 = SURFACE_CURVE('',#4533,(#4537,#4544),.PCURVE_S1.);
#4533 = LINE('',#4534,#4535);
#4534 = CARTESIAN_POINT('',(-15.9,43.475485949755,82.051793255906));
#4535 = VECTOR('',#4536,1.);
#4536 = DIRECTION('',(-1.,-0.,1.110223024625E-16));
#4537 = PCURVE('',#2329,#4538);
#4538 = DEFINITIONAL_REPRESENTATION('',(#4539),#4543);
#4539 = LINE('',#4540,#4541);
#4540 = CARTESIAN_POINT('',(-0.358965190307,-6.548587687288E-16));
#4541 = VECTOR('',#4542,1.);
#4542 = DIRECTION('',(-0.,1.));
#4543 = ( GEOMETRIC_REPRESENTATION_CONTEXT(2) 
PARAMETRIC_REPRESENTATION_CONTEXT() REPRESENTATION_CONTEXT('2D SPACE',''
  ) );
#4544 = PCURVE('',#4401,#4545);
#4545 = DEFINITIONAL_REPRESENTATION('',(#4546),#4550);
#4546 = LINE('',#4547,#4548);
#4547 = CARTESIAN_POINT('',(-0.358965190307,3.4));
#4548 = VECTOR('',#4549,1.);
#4549 = DIRECTION('',(-0.,1.));
#4550 = ( GEOMETRIC_REPRESENTATION_CONTEXT(2) 
PARAMETRIC_REPRESENTATION_CONTEXT() REPRESENTATION_CONTEXT('2D SPACE',''
  ) );
#4551 = ADVANCED_FACE('',(#4552),#2398,.F.);
#4552 = FACE_BOUND('',#4553,.T.);
#4553 = EDGE_LOOP('',(#4554,#4555,#4578));
#4554 = ORIENTED_EDGE('',*,*,#2379,.T.);
#4555 = ORIENTED_EDGE('',*,*,#4556,.T.);
#4556 = EDGE_CURVE('',#2382,#4557,#4559,.T.);
#4557 = VERTEX_POINT('',#4558);
#4558 = CARTESIAN_POINT('',(-22.5,-3.387072612031,46.58232931786));
#4559 = SURFACE_CURVE('',#4560,(#4564,#4571),.PCURVE_S1.);
#4560 = LINE('',#4561,#4562);
#4561 = CARTESIAN_POINT('',(-22.5,-37.26952413814,25.270808507047));
#4562 = VECTOR('',#4563,1.);
#4563 = DIRECTION('',(-0.,0.846479152809,0.532421866437));
#4564 = PCURVE('',#2398,#4565);
#4565 = DEFINITIONAL_REPRESENTATION('',(#4566),#4570);
#4566 = LINE('',#4567,#4568);
#4567 = CARTESIAN_POINT('',(30.249831197632,19.22812098591));
#4568 = VECTOR('',#4569,1.);
#4569 = DIRECTION('',(-0.854769579868,-0.519007673674));
#4570 = ( GEOMETRIC_REPRESENTATION_CONTEXT(2) 
PARAMETRIC_REPRESENTATION_CONTEXT() REPRESENTATION_CONTEXT('2D SPACE',''
  ) );
#4571 = PCURVE('',#2564,#4572);
#4572 = DEFINITIONAL_REPRESENTATION('',(#4573),#4577);
#4573 = LINE('',#4574,#4575);
#4574 = CARTESIAN_POINT('',(-2.5,35.836177845894));
#4575 = VECTOR('',#4576,1.);
#4576 = DIRECTION('',(0.,1.));
#4577 = ( GEOMETRIC_REPRESENTATION_CONTEXT(2) 
PARAMETRIC_REPRESENTATION_CONTEXT() REPRESENTATION_CONTEXT('2D SPACE',''
  ) );
#4578 = ORIENTED_EDGE('',*,*,#4579,.F.);
#4579 = EDGE_CURVE('',#2380,#4557,#4580,.T.);
#4580 = SURFACE_CURVE('',#4581,(#4585,#4592),.PCURVE_S1.);
#4581 = LINE('',#4582,#4583);
#4582 = CARTESIAN_POINT('',(-22.5,-3.191216336079,46.270944183269));
#4583 = VECTOR('',#4584,1.);
#4584 = DIRECTION('',(-0.,0.532421866437,-0.846479152809));
#4585 = PCURVE('',#2398,#4586);
#4586 = DEFINITIONAL_REPRESENTATION('',(#4587),#4591);
#4587 = LINE('',#4588,#4589);
#4588 = CARTESIAN_POINT('',(-3.773543726583,-1.86089795377));
#4589 = VECTOR('',#4590,1.);
#4590 = DIRECTION('',(0.519007673674,-0.854769579868));
#4591 = ( GEOMETRIC_REPRESENTATION_CONTEXT(2) 
PARAMETRIC_REPRESENTATION_CONTEXT() REPRESENTATION_CONTEXT('2D SPACE',''
  ) );
#4592 = PCURVE('',#2430,#4593);
#4593 = DEFINITIONAL_REPRESENTATION('',(#4594),#4598);
#4594 = LINE('',#4595,#4596);
#4595 = CARTESIAN_POINT('',(0.367859188922,2.5));
#4596 = VECTOR('',#4597,1.);
#4597 = DIRECTION('',(1.,-0.));
#4598 = ( GEOMETRIC_REPRESENTATION_CONTEXT(2) 
PARAMETRIC_REPRESENTATION_CONTEXT() REPRESENTATION_CONTEXT('2D SPACE',''
  ) );
#4599 = ADVANCED_FACE('',(#4600),#2564,.F.);
#4600 = FACE_BOUND('',#4601,.T.);
#4601 = EDGE_LOOP('',(#4602,#4603,#4626,#4654,#4682,#4705,#4726,#4727));
#4602 = ORIENTED_EDGE('',*,*,#3697,.F.);
#4603 = ORIENTED_EDGE('',*,*,#4604,.T.);
#4604 = EDGE_CURVE('',#3670,#4605,#4607,.T.);
#4605 = VERTEX_POINT('',#4606);
#4606 = CARTESIAN_POINT('',(-22.,-61.,10.344718233127));
#4607 = SURFACE_CURVE('',#4608,(#4612,#4619),.PCURVE_S1.);
#4608 = LINE('',#4609,#4610);
#4609 = CARTESIAN_POINT('',(-6.5,-61.,10.344718233127));
#4610 = VECTOR('',#4611,1.);
#4611 = DIRECTION('',(-1.,-0.,-0.));
#4612 = PCURVE('',#2564,#4613);
#4613 = DEFINITIONAL_REPRESENTATION('',(#4614),#4618);
#4614 = LINE('',#4615,#4616);
#4615 = CARTESIAN_POINT('',(13.5,7.801847900353));
#4616 = VECTOR('',#4617,1.);
#4617 = DIRECTION('',(-1.,0.));
#4618 = ( GEOMETRIC_REPRESENTATION_CONTEXT(2) 
PARAMETRIC_REPRESENTATION_CONTEXT() REPRESENTATION_CONTEXT('2D SPACE',''
  ) );
#4619 = PCURVE('',#3685,#4620);
#4620 = DEFINITIONAL_REPRESENTATION('',(#4621),#4625);
#4621 = LINE('',#4622,#4623);
#4622 = CARTESIAN_POINT('',(-4.344718233127,13.5));
#4623 = VECTOR('',#4624,1.);
#4624 = DIRECTION('',(-0.,1.));
#4625 = ( GEOMETRIC_REPRESENTATION_CONTEXT(2) 
PARAMETRIC_REPRESENTATION_CONTEXT() REPRESENTATION_CONTEXT('2D SPACE',''
  ) );
#4626 = ORIENTED_EDGE('',*,*,#4627,.T.);
#4627 = EDGE_CURVE('',#4605,#4628,#4630,.T.);
#4628 = VERTEX_POINT('',#4629);
#4629 = CARTESIAN_POINT('',(-22.,-67.60410160103,6.190843812361));
#4630 = SURFACE_CURVE('',#4631,(#4635,#4642),.PCURVE_S1.);
#4631 = LINE('',#4632,#4633);
#4632 = CARTESIAN_POINT('',(-22.,-71.72984092453,3.595819677667));
#4633 = VECTOR('',#4634,1.);
#4634 = DIRECTION('',(-0.,-0.846479152809,-0.532421866437));
#4635 = PCURVE('',#2564,#4636);
#4636 = DEFINITIONAL_REPRESENTATION('',(#4637),#4641);
#4637 = LINE('',#4638,#4639);
#4638 = CARTESIAN_POINT('',(-2.,-4.873999920513));
#4639 = VECTOR('',#4640,1.);
#4640 = DIRECTION('',(-0.,-1.));
#4641 = ( GEOMETRIC_REPRESENTATION_CONTEXT(2) 
PARAMETRIC_REPRESENTATION_CONTEXT() REPRESENTATION_CONTEXT('2D SPACE',''
  ) );
#4642 = PCURVE('',#4643,#4648);
#4643 = PLANE('',#4644);
#4644 = AXIS2_PLACEMENT_3D('',#4645,#4646,#4647);
#4645 = CARTESIAN_POINT('',(-22.,-79.,6.));
#4646 = DIRECTION('',(-1.,0.,-0.));
#4647 = DIRECTION('',(0.,0.,-1.));
#4648 = DEFINITIONAL_REPRESENTATION('',(#4649),#4653);
#4649 = LINE('',#4650,#4651);
#4650 = CARTESIAN_POINT('',(2.404180322333,-7.270159075462));
#4651 = VECTOR('',#4652,1.);
#4652 = DIRECTION('',(0.532421866437,0.846479152809));
#4653 = ( GEOMETRIC_REPRESENTATION_CONTEXT(2) 
PARAMETRIC_REPRESENTATION_CONTEXT() REPRESENTATION_CONTEXT('2D SPACE',''
  ) );
#4654 = ORIENTED_EDGE('',*,*,#4655,.T.);
#4655 = EDGE_CURVE('',#4628,#4656,#4658,.T.);
#4656 = VERTEX_POINT('',#4657);
#4657 = CARTESIAN_POINT('',(-24.,-67.60410160103,6.190843812361));
#4658 = SURFACE_CURVE('',#4659,(#4663,#4670),.PCURVE_S1.);
#4659 = LINE('',#4660,#4661);
#4660 = CARTESIAN_POINT('',(-20.,-67.60410160103,6.190843812361));
#4661 = VECTOR('',#4662,1.);
#4662 = DIRECTION('',(-1.,0.,-0.));
#4663 = PCURVE('',#2564,#4664);
#4664 = DEFINITIONAL_REPRESENTATION('',(#4665),#4669);
#4665 = LINE('',#4666,#4667);
#4666 = CARTESIAN_POINT('',(0.,-0.));
#4667 = VECTOR('',#4668,1.);
#4668 = DIRECTION('',(-1.,0.));
#4669 = ( GEOMETRIC_REPRESENTATION_CONTEXT(2) 
PARAMETRIC_REPRESENTATION_CONTEXT() REPRESENTATION_CONTEXT('2D SPACE',''
  ) );
#4670 = PCURVE('',#4671,#4676);
#4671 = PLANE('',#4672);
#4672 = AXIS2_PLACEMENT_3D('',#4673,#4674,#4675);
#4673 = CARTESIAN_POINT('',(-20.,-67.60410160103,6.190843812361));
#4674 = DIRECTION('',(0.,0.846479152809,0.532421866437));
#4675 = DIRECTION('',(0.,0.532421866437,-0.846479152809));
#4676 = DEFINITIONAL_REPRESENTATION('',(#4677),#4681);
#4677 = LINE('',#4678,#4679);
#4678 = CARTESIAN_POINT('',(-0.,-0.));
#4679 = VECTOR('',#4680,1.);
#4680 = DIRECTION('',(-0.,1.));
#4681 = ( GEOMETRIC_REPRESENTATION_CONTEXT(2) 
PARAMETRIC_REPRESENTATION_CONTEXT() REPRESENTATION_CONTEXT('2D SPACE',''
  ) );
#4682 = ORIENTED_EDGE('',*,*,#4683,.T.);
#4683 = EDGE_CURVE('',#4656,#4684,#4686,.T.);
#4684 = VERTEX_POINT('',#4685);
#4685 = CARTESIAN_POINT('',(-24.,-3.387072612031,46.58232931786));
#4686 = SURFACE_CURVE('',#4687,(#4691,#4698),.PCURVE_S1.);
#4687 = LINE('',#4688,#4689);
#4688 = CARTESIAN_POINT('',(-24.,-67.60410160103,6.190843812361));
#4689 = VECTOR('',#4690,1.);
#4690 = DIRECTION('',(0.,0.846479152809,0.532421866437));
#4691 = PCURVE('',#2564,#4692);
#4692 = DEFINITIONAL_REPRESENTATION('',(#4693),#4697);
#4693 = LINE('',#4694,#4695);
#4694 = CARTESIAN_POINT('',(-4.,0.));
#4695 = VECTOR('',#4696,1.);
#4696 = DIRECTION('',(-0.,1.));
#4697 = ( GEOMETRIC_REPRESENTATION_CONTEXT(2) 
PARAMETRIC_REPRESENTATION_CONTEXT() REPRESENTATION_CONTEXT('2D SPACE',''
  ) );
#4698 = PCURVE('',#3470,#4699);
#4699 = DEFINITIONAL_REPRESENTATION('',(#4700),#4704);
#4700 = LINE('',#4701,#4702);
#4701 = CARTESIAN_POINT('',(-7.219661152373,3.585169900615));
#4702 = VECTOR('',#4703,1.);
#4703 = DIRECTION('',(0.796704422359,0.604369144972));
#4704 = ( GEOMETRIC_REPRESENTATION_CONTEXT(2) 
PARAMETRIC_REPRESENTATION_CONTEXT() REPRESENTATION_CONTEXT('2D SPACE',''
  ) );
#4705 = ORIENTED_EDGE('',*,*,#4706,.F.);
#4706 = EDGE_CURVE('',#4557,#4684,#4707,.T.);
#4707 = SURFACE_CURVE('',#4708,(#4712,#4719),.PCURVE_S1.);
#4708 = LINE('',#4709,#4710);
#4709 = CARTESIAN_POINT('',(-20.,-3.387072612031,46.58232931786));
#4710 = VECTOR('',#4711,1.);
#4711 = DIRECTION('',(-1.,0.,-0.));
#4712 = PCURVE('',#2564,#4713);
#4713 = DEFINITIONAL_REPRESENTATION('',(#4714),#4718);
#4714 = LINE('',#4715,#4716);
#4715 = CARTESIAN_POINT('',(0.,75.863686395503));
#4716 = VECTOR('',#4717,1.);
#4717 = DIRECTION('',(-1.,0.));
#4718 = ( GEOMETRIC_REPRESENTATION_CONTEXT(2) 
PARAMETRIC_REPRESENTATION_CONTEXT() REPRESENTATION_CONTEXT('2D SPACE',''
  ) );
#4719 = PCURVE('',#2430,#4720);
#4720 = DEFINITIONAL_REPRESENTATION('',(#4721),#4725);
#4721 = LINE('',#4722,#4723);
#4722 = CARTESIAN_POINT('',(-0.,-0.));
#4723 = VECTOR('',#4724,1.);
#4724 = DIRECTION('',(-0.,1.));
#4725 = ( GEOMETRIC_REPRESENTATION_CONTEXT(2) 
PARAMETRIC_REPRESENTATION_CONTEXT() REPRESENTATION_CONTEXT('2D SPACE',''
  ) );
#4726 = ORIENTED_EDGE('',*,*,#4556,.F.);
#4727 = ORIENTED_EDGE('',*,*,#2550,.F.);
#4728 = ADVANCED_FACE('',(#4729),#2459,.T.);
#4729 = FACE_BOUND('',#4730,.F.);
#4730 = EDGE_LOOP('',(#4731,#4732,#4755,#4776,#4777));
#4731 = ORIENTED_EDGE('',*,*,#3032,.F.);
#4732 = ORIENTED_EDGE('',*,*,#4733,.T.);
#4733 = EDGE_CURVE('',#3033,#4734,#4736,.T.);
#4734 = VERTEX_POINT('',#4735);
#4735 = CARTESIAN_POINT('',(-22.,-8.178869409966,54.200641693138));
#4736 = SURFACE_CURVE('',#4737,(#4741,#4748),.PCURVE_S1.);
#4737 = LINE('',#4738,#4739);
#4738 = CARTESIAN_POINT('',(-22.,-42.91360857926,32.353045568216));
#4739 = VECTOR('',#4740,1.);
#4740 = DIRECTION('',(-0.,0.846479152809,0.532421866437));
#4741 = PCURVE('',#2459,#4742);
#4742 = DEFINITIONAL_REPRESENTATION('',(#4743),#4747);
#4743 = LINE('',#4744,#4745);
#4744 = CARTESIAN_POINT('',(13.538439937284,32.630637568269));
#4745 = VECTOR('',#4746,1.);
#4746 = DIRECTION('',(-0.532421866437,-0.846479152809));
#4747 = ( GEOMETRIC_REPRESENTATION_CONTEXT(2) 
PARAMETRIC_REPRESENTATION_CONTEXT() REPRESENTATION_CONTEXT('2D SPACE',''
  ) );
#4748 = PCURVE('',#3071,#4749);
#4749 = DEFINITIONAL_REPRESENTATION('',(#4750),#4754);
#4750 = LINE('',#4751,#4752);
#4751 = CARTESIAN_POINT('',(-2.,34.829315904449));
#4752 = VECTOR('',#4753,1.);
#4753 = DIRECTION('',(0.,1.));
#4754 = ( GEOMETRIC_REPRESENTATION_CONTEXT(2) 
PARAMETRIC_REPRESENTATION_CONTEXT() REPRESENTATION_CONTEXT('2D SPACE',''
  ) );
#4755 = ORIENTED_EDGE('',*,*,#4756,.T.);
#4756 = EDGE_CURVE('',#4734,#2415,#4757,.T.);
#4757 = SURFACE_CURVE('',#4758,(#4762,#4769),.PCURVE_S1.);
#4758 = LINE('',#4759,#4760);
#4759 = CARTESIAN_POINT('',(-22.,-4.208797136714,47.888760783852));
#4760 = VECTOR('',#4761,1.);
#4761 = DIRECTION('',(-0.,0.532421866437,-0.846479152809));
#4762 = PCURVE('',#2459,#4763);
#4763 = DEFINITIONAL_REPRESENTATION('',(#4764),#4768);
#4764 = LINE('',#4765,#4766);
#4765 = CARTESIAN_POINT('',(-1.997275278353,-6.074173874284));
#4766 = VECTOR('',#4767,1.);
#4767 = DIRECTION('',(0.846479152809,-0.532421866437));
#4768 = ( GEOMETRIC_REPRESENTATION_CONTEXT(2) 
PARAMETRIC_REPRESENTATION_CONTEXT() REPRESENTATION_CONTEXT('2D SPACE',''
  ) );
#4769 = PCURVE('',#2430,#4770);
#4770 = DEFINITIONAL_REPRESENTATION('',(#4771),#4775);
#4771 = LINE('',#4772,#4773);
#4772 = CARTESIAN_POINT('',(-1.543371105664,2.));
#4773 = VECTOR('',#4774,1.);
#4774 = DIRECTION('',(1.,-0.));
#4775 = ( GEOMETRIC_REPRESENTATION_CONTEXT(2) 
PARAMETRIC_REPRESENTATION_CONTEXT() REPRESENTATION_CONTEXT('2D SPACE',''
  ) );
#4776 = ORIENTED_EDGE('',*,*,#2442,.F.);
#4777 = ORIENTED_EDGE('',*,*,#2983,.F.);
#4778 = ADVANCED_FACE('',(#4779),#2430,.T.);
#4779 = FACE_BOUND('',#4780,.F.);
#4780 = EDGE_LOOP('',(#4781,#4782,#4783,#4784,#4785,#4808));
#4781 = ORIENTED_EDGE('',*,*,#4706,.F.);
#4782 = ORIENTED_EDGE('',*,*,#4579,.F.);
#4783 = ORIENTED_EDGE('',*,*,#2414,.F.);
#4784 = ORIENTED_EDGE('',*,*,#4756,.F.);
#4785 = ORIENTED_EDGE('',*,*,#4786,.T.);
#4786 = EDGE_CURVE('',#4734,#4787,#4789,.T.);
#4787 = VERTEX_POINT('',#4788);
#4788 = CARTESIAN_POINT('',(-24.,-8.178869409966,54.200641693138));
#4789 = SURFACE_CURVE('',#4790,(#4794,#4801),.PCURVE_S1.);
#4790 = LINE('',#4791,#4792);
#4791 = CARTESIAN_POINT('',(-20.,-8.178869409966,54.200641693138));
#4792 = VECTOR('',#4793,1.);
#4793 = DIRECTION('',(-1.,0.,-0.));
#4794 = PCURVE('',#2430,#4795);
#4795 = DEFINITIONAL_REPRESENTATION('',(#4796),#4800);
#4796 = LINE('',#4797,#4798);
#4797 = CARTESIAN_POINT('',(-9.,0.));
#4798 = VECTOR('',#4799,1.);
#4799 = DIRECTION('',(-0.,1.));
#4800 = ( GEOMETRIC_REPRESENTATION_CONTEXT(2) 
PARAMETRIC_REPRESENTATION_CONTEXT() REPRESENTATION_CONTEXT('2D SPACE',''
  ) );
#4801 = PCURVE('',#3071,#4802);
#4802 = DEFINITIONAL_REPRESENTATION('',(#4803),#4807);
#4803 = LINE('',#4804,#4805);
#4804 = CARTESIAN_POINT('',(0.,75.863686395503));
#4805 = VECTOR('',#4806,1.);
#4806 = DIRECTION('',(-1.,0.));
#4807 = ( GEOMETRIC_REPRESENTATION_CONTEXT(2) 
PARAMETRIC_REPRESENTATION_CONTEXT() REPRESENTATION_CONTEXT('2D SPACE',''
  ) );
#4808 = ORIENTED_EDGE('',*,*,#4809,.F.);
#4809 = EDGE_CURVE('',#4684,#4787,#4810,.T.);
#4810 = SURFACE_CURVE('',#4811,(#4815,#4822),.PCURVE_S1.);
#4811 = LINE('',#4812,#4813);
#4812 = CARTESIAN_POINT('',(-24.,-3.387072612031,46.58232931786));
#4813 = VECTOR('',#4814,1.);
#4814 = DIRECTION('',(0.,-0.532421866437,0.846479152809));
#4815 = PCURVE('',#2430,#4816);
#4816 = DEFINITIONAL_REPRESENTATION('',(#4817),#4821);
#4817 = LINE('',#4818,#4819);
#4818 = CARTESIAN_POINT('',(-0.,4.));
#4819 = VECTOR('',#4820,1.);
#4820 = DIRECTION('',(-1.,0.));
#4821 = ( GEOMETRIC_REPRESENTATION_CONTEXT(2) 
PARAMETRIC_REPRESENTATION_CONTEXT() REPRESENTATION_CONTEXT('2D SPACE',''
  ) );
#4822 = PCURVE('',#3470,#4823);
#4823 = DEFINITIONAL_REPRESENTATION('',(#4824),#4828);
#4824 = LINE('',#4825,#4826);
#4825 = CARTESIAN_POINT('',(53.221273295366,49.434841181872));
#4826 = VECTOR('',#4827,1.);
#4827 = DIRECTION('',(0.604369144972,-0.796704422359));
#4828 = ( GEOMETRIC_REPRESENTATION_CONTEXT(2) 
PARAMETRIC_REPRESENTATION_CONTEXT() REPRESENTATION_CONTEXT('2D SPACE',''
  ) );
#4829 = ADVANCED_FACE('',(#4830),#2738,.F.);
#4830 = FACE_BOUND('',#4831,.T.);
#4831 = EDGE_LOOP('',(#4832,#4855,#4883,#4911,#4939,#4967,#4988,#4989,
    #5012,#5033,#5034,#5035));
#4832 = ORIENTED_EDGE('',*,*,#4833,.F.);
#4833 = EDGE_CURVE('',#4834,#2694,#4836,.T.);
#4834 = VERTEX_POINT('',#4835);
#4835 = CARTESIAN_POINT('',(-20.,107.,6.56370474225));
#4836 = SURFACE_CURVE('',#4837,(#4841,#4848),.PCURVE_S1.);
#4837 = LINE('',#4838,#4839);
#4838 = CARTESIAN_POINT('',(-20.,115.45552470108,5.533060706829));
#4839 = VECTOR('',#4840,1.);
#4840 = DIRECTION('',(0.,-0.99265317626,0.12099451087));
#4841 = PCURVE('',#2738,#4842);
#4842 = DEFINITIONAL_REPRESENTATION('',(#4843),#4847);
#4843 = LINE('',#4844,#4845);
#4844 = CARTESIAN_POINT('',(-9.,-5.626860264732E-15));
#4845 = VECTOR('',#4846,1.);
#4846 = DIRECTION('',(4.117328373305E-18,-1.));
#4847 = ( GEOMETRIC_REPRESENTATION_CONTEXT(2) 
PARAMETRIC_REPRESENTATION_CONTEXT() REPRESENTATION_CONTEXT('2D SPACE',''
  ) );
#4848 = PCURVE('',#2709,#4849);
#4849 = DEFINITIONAL_REPRESENTATION('',(#4850),#4854);
#4850 = LINE('',#4851,#4852);
#4851 = CARTESIAN_POINT('',(0.,-0.));
#4852 = VECTOR('',#4853,1.);
#4853 = DIRECTION('',(-0.,1.));
#4854 = ( GEOMETRIC_REPRESENTATION_CONTEXT(2) 
PARAMETRIC_REPRESENTATION_CONTEXT() REPRESENTATION_CONTEXT('2D SPACE',''
  ) );
#4855 = ORIENTED_EDGE('',*,*,#4856,.T.);
#4856 = EDGE_CURVE('',#4834,#4857,#4859,.T.);
#4857 = VERTEX_POINT('',#4858);
#4858 = CARTESIAN_POINT('',(-20.,107.,14.));
#4859 = SURFACE_CURVE('',#4860,(#4864,#4871),.PCURVE_S1.);
#4860 = LINE('',#4861,#4862);
#4861 = CARTESIAN_POINT('',(-20.,107.,6.56370474225));
#4862 = VECTOR('',#4863,1.);
#4863 = DIRECTION('',(-0.,-0.,1.));
#4864 = PCURVE('',#2738,#4865);
#4865 = DEFINITIONAL_REPRESENTATION('',(#4866),#4870);
#4866 = LINE('',#4867,#4868);
#4867 = CARTESIAN_POINT('',(-9.,-8.518105722427));
#4868 = VECTOR('',#4869,1.);
#4869 = DIRECTION('',(0.99265317626,-0.12099451087));
#4870 = ( GEOMETRIC_REPRESENTATION_CONTEXT(2) 
PARAMETRIC_REPRESENTATION_CONTEXT() REPRESENTATION_CONTEXT('2D SPACE',''
  ) );
#4871 = PCURVE('',#4872,#4877);
#4872 = PLANE('',#4873);
#4873 = AXIS2_PLACEMENT_3D('',#4874,#4875,#4876);
#4874 = CARTESIAN_POINT('',(7.,107.,6.));
#4875 = DIRECTION('',(-0.,1.,-0.));
#4876 = DIRECTION('',(0.,0.,-1.));
#4877 = DEFINITIONAL_REPRESENTATION('',(#4878),#4882);
#4878 = LINE('',#4879,#4880);
#4879 = CARTESIAN_POINT('',(-0.56370474225,27.));
#4880 = VECTOR('',#4881,1.);
#4881 = DIRECTION('',(-1.,0.));
#4882 = ( GEOMETRIC_REPRESENTATION_CONTEXT(2) 
PARAMETRIC_REPRESENTATION_CONTEXT() REPRESENTATION_CONTEXT('2D SPACE',''
  ) );
#4883 = ORIENTED_EDGE('',*,*,#4884,.F.);
#4884 = EDGE_CURVE('',#4885,#4857,#4887,.T.);
#4885 = VERTEX_POINT('',#4886);
#4886 = CARTESIAN_POINT('',(-20.,124.72274842548,14.));
#4887 = SURFACE_CURVE('',#4888,(#4892,#4899),.PCURVE_S1.);
#4888 = LINE('',#4889,#4890);
#4889 = CARTESIAN_POINT('',(-20.,124.72274842548,14.));
#4890 = VECTOR('',#4891,1.);
#4891 = DIRECTION('',(-0.,-1.,-0.));
#4892 = PCURVE('',#2738,#4893);
#4893 = DEFINITIONAL_REPRESENTATION('',(#4894),#4898);
#4894 = LINE('',#4895,#4896);
#4895 = CARTESIAN_POINT('',(0.526017384221,8.174685886802));
#4896 = VECTOR('',#4897,1.);
#4897 = DIRECTION('',(-0.12099451087,-0.99265317626));
#4898 = ( GEOMETRIC_REPRESENTATION_CONTEXT(2) 
PARAMETRIC_REPRESENTATION_CONTEXT() REPRESENTATION_CONTEXT('2D SPACE',''
  ) );
#4899 = PCURVE('',#4900,#4905);
#4900 = PLANE('',#4901);
#4901 = AXIS2_PLACEMENT_3D('',#4902,#4903,#4904);
#4902 = CARTESIAN_POINT('',(7.,107.,14.));
#4903 = DIRECTION('',(-0.,-0.,1.));
#4904 = DIRECTION('',(1.,0.,0.));
#4905 = DEFINITIONAL_REPRESENTATION('',(#4906),#4910);
#4906 = LINE('',#4907,#4908);
#4907 = CARTESIAN_POINT('',(-27.,17.722748425489));
#4908 = VECTOR('',#4909,1.);
#4909 = DIRECTION('',(-0.,-1.));
#4910 = ( GEOMETRIC_REPRESENTATION_CONTEXT(2) 
PARAMETRIC_REPRESENTATION_CONTEXT() REPRESENTATION_CONTEXT('2D SPACE',''
  ) );
#4911 = ORIENTED_EDGE('',*,*,#4912,.F.);
#4912 = EDGE_CURVE('',#4913,#4885,#4915,.T.);
#4913 = VERTEX_POINT('',#4914);
#4914 = CARTESIAN_POINT('',(-20.,124.72274842548,18.013722321151));
#4915 = SURFACE_CURVE('',#4916,(#4920,#4927),.PCURVE_S1.);
#4916 = LINE('',#4917,#4918);
#4917 = CARTESIAN_POINT('',(-20.,124.72274842548,7.919826389628));
#4918 = VECTOR('',#4919,1.);
#4919 = DIRECTION('',(-0.,-0.,-1.));
#4920 = PCURVE('',#2738,#4921);
#4921 = DEFINITIONAL_REPRESENTATION('',(#4922),#4926);
#4922 = LINE('',#4923,#4924);
#4923 = CARTESIAN_POINT('',(-5.509486262328,8.910353518791));
#4924 = VECTOR('',#4925,1.);
#4925 = DIRECTION('',(-0.99265317626,0.12099451087));
#4926 = ( GEOMETRIC_REPRESENTATION_CONTEXT(2) 
PARAMETRIC_REPRESENTATION_CONTEXT() REPRESENTATION_CONTEXT('2D SPACE',''
  ) );
#4927 = PCURVE('',#4928,#4933);
#4928 = PLANE('',#4929);
#4929 = AXIS2_PLACEMENT_3D('',#4930,#4931,#4932);
#4930 = CARTESIAN_POINT('',(2.,124.72274842548,10.061611461002));
#4931 = DIRECTION('',(-0.,1.,0.));
#4932 = DIRECTION('',(0.,0.,-1.));
#4933 = DEFINITIONAL_REPRESENTATION('',(#4934),#4938);
#4934 = LINE('',#4935,#4936);
#4935 = CARTESIAN_POINT('',(2.141785071374,22.));
#4936 = VECTOR('',#4937,1.);
#4937 = DIRECTION('',(1.,-0.));
#4938 = ( GEOMETRIC_REPRESENTATION_CONTEXT(2) 
PARAMETRIC_REPRESENTATION_CONTEXT() REPRESENTATION_CONTEXT('2D SPACE',''
  ) );
#4939 = ORIENTED_EDGE('',*,*,#4940,.F.);
#4940 = EDGE_CURVE('',#4941,#4913,#4943,.T.);
#4941 = VERTEX_POINT('',#4942);
#4942 = CARTESIAN_POINT('',(-20.,117.26812819947,15.264098848981));
#4943 = SURFACE_CURVE('',#4944,(#4948,#4955),.PCURVE_S1.);
#4944 = LINE('',#4945,#4946);
#4945 = CARTESIAN_POINT('',(-20.,114.44273801509,14.221958681747));
#4946 = VECTOR('',#4947,1.);
#4947 = DIRECTION('',(0.,0.938213040388,0.346058218867));
#4948 = PCURVE('',#2738,#4949);
#4949 = DEFINITIONAL_REPRESENTATION('',(#4950),#4954);
#4950 = LINE('',#4951,#4952);
#4951 = CARTESIAN_POINT('',(-0.497479456684,-2.056654881193));
#4952 = VECTOR('',#4953,1.);
#4953 = DIRECTION('',(0.457034418043,0.889449009626));
#4954 = ( GEOMETRIC_REPRESENTATION_CONTEXT(2) 
PARAMETRIC_REPRESENTATION_CONTEXT() REPRESENTATION_CONTEXT('2D SPACE',''
  ) );
#4955 = PCURVE('',#4956,#4961);
#4956 = PLANE('',#4957);
#4957 = AXIS2_PLACEMENT_3D('',#4958,#4959,#4960);
#4958 = CARTESIAN_POINT('',(-20.,114.44273801509,14.221958681747));
#4959 = DIRECTION('',(0.,-0.346058218867,0.938213040388));
#4960 = DIRECTION('',(1.,0.,0.));
#4961 = DEFINITIONAL_REPRESENTATION('',(#4962),#4966);
#4962 = LINE('',#4963,#4964);
#4963 = CARTESIAN_POINT('',(0.,-0.));
#4964 = VECTOR('',#4965,1.);
#4965 = DIRECTION('',(0.,1.));
#4966 = ( GEOMETRIC_REPRESENTATION_CONTEXT(2) 
PARAMETRIC_REPRESENTATION_CONTEXT() REPRESENTATION_CONTEXT('2D SPACE',''
  ) );
#4967 = ORIENTED_EDGE('',*,*,#4968,.T.);
#4968 = EDGE_CURVE('',#4941,#4006,#4969,.T.);
#4969 = SURFACE_CURVE('',#4970,(#4974,#4981),.PCURVE_S1.);
#4970 = LINE('',#4971,#4972);
#4971 = CARTESIAN_POINT('',(-20.,119.30900631756,13.04966837383));
#4972 = VECTOR('',#4973,1.);
#4973 = DIRECTION('',(0.,-0.677704083073,0.735334737236));
#4974 = PCURVE('',#2738,#4975);
#4975 = DEFINITIONAL_REPRESENTATION('',(#4976),#4980);
#4976 = LINE('',#4977,#4978);
#4977 = CARTESIAN_POINT('',(-1.072365401319,2.915702498186));
#4978 = VECTOR('',#4979,1.);
#4979 = DIRECTION('',(0.647933888486,-0.761696577485));
#4980 = ( GEOMETRIC_REPRESENTATION_CONTEXT(2) 
PARAMETRIC_REPRESENTATION_CONTEXT() REPRESENTATION_CONTEXT('2D SPACE',''
  ) );
#4981 = PCURVE('',#3355,#4982);
#4982 = DEFINITIONAL_REPRESENTATION('',(#4983),#4987);
#4983 = LINE('',#4984,#4985);
#4984 = CARTESIAN_POINT('',(0.,-0.));
#4985 = VECTOR('',#4986,1.);
#4986 = DIRECTION('',(-0.,1.));
#4987 = ( GEOMETRIC_REPRESENTATION_CONTEXT(2) 
PARAMETRIC_REPRESENTATION_CONTEXT() REPRESENTATION_CONTEXT('2D SPACE',''
  ) );
#4988 = ORIENTED_EDGE('',*,*,#4028,.F.);
#4989 = ORIENTED_EDGE('',*,*,#4990,.F.);
#4990 = EDGE_CURVE('',#4991,#4029,#4993,.T.);
#4991 = VERTEX_POINT('',#4992);
#4992 = CARTESIAN_POINT('',(-20.,104.39911324198,15.947337660452));
#4993 = SURFACE_CURVE('',#4994,(#4998,#5005),.PCURVE_S1.);
#4994 = LINE('',#4995,#4996);
#4995 = CARTESIAN_POINT('',(-20.,112.69099368243,6.95033162617));
#4996 = VECTOR('',#4997,1.);
#4997 = DIRECTION('',(0.,-0.677704083073,0.735334737236));
#4998 = PCURVE('',#2738,#4999);
#4999 = DEFINITIONAL_REPRESENTATION('',(#5000),#5004);
#5000 = LINE('',#5001,#5002);
#5001 = CARTESIAN_POINT('',(-7.927634598681,-2.915702498186));
#5002 = VECTOR('',#5003,1.);
#5003 = DIRECTION('',(0.647933888486,-0.761696577485));
#5004 = ( GEOMETRIC_REPRESENTATION_CONTEXT(2) 
PARAMETRIC_REPRESENTATION_CONTEXT() REPRESENTATION_CONTEXT('2D SPACE',''
  ) );
#5005 = PCURVE('',#3914,#5006);
#5006 = DEFINITIONAL_REPRESENTATION('',(#5007),#5011);
#5007 = LINE('',#5008,#5009);
#5008 = CARTESIAN_POINT('',(0.,-0.));
#5009 = VECTOR('',#5010,1.);
#5010 = DIRECTION('',(-0.,1.));
#5011 = ( GEOMETRIC_REPRESENTATION_CONTEXT(2) 
PARAMETRIC_REPRESENTATION_CONTEXT() REPRESENTATION_CONTEXT('2D SPACE',''
  ) );
#5012 = ORIENTED_EDGE('',*,*,#5013,.T.);
#5013 = EDGE_CURVE('',#4991,#2885,#5014,.T.);
#5014 = SURFACE_CURVE('',#5015,(#5019,#5026),.PCURVE_S1.);
#5015 = LINE('',#5016,#5017);
#5016 = CARTESIAN_POINT('',(-20.,116.54447529891,14.466939293171));
#5017 = VECTOR('',#5018,1.);
#5018 = DIRECTION('',(0.,-0.99265317626,0.12099451087));
#5019 = PCURVE('',#2738,#5020);
#5020 = DEFINITIONAL_REPRESENTATION('',(#5021),#5025);
#5021 = LINE('',#5022,#5023);
#5022 = CARTESIAN_POINT('',(0.,-0.));
#5023 = VECTOR('',#5024,1.);
#5024 = DIRECTION('',(4.117328373305E-18,-1.));
#5025 = ( GEOMETRIC_REPRESENTATION_CONTEXT(2) 
PARAMETRIC_REPRESENTATION_CONTEXT() REPRESENTATION_CONTEXT('2D SPACE',''
  ) );
#5026 = PCURVE('',#2652,#5027);
#5027 = DEFINITIONAL_REPRESENTATION('',(#5028),#5032);
#5028 = LINE('',#5029,#5030);
#5029 = CARTESIAN_POINT('',(0.,-0.));
#5030 = VECTOR('',#5031,1.);
#5031 = DIRECTION('',(-0.,1.));
#5032 = ( GEOMETRIC_REPRESENTATION_CONTEXT(2) 
PARAMETRIC_REPRESENTATION_CONTEXT() REPRESENTATION_CONTEXT('2D SPACE',''
  ) );
#5033 = ORIENTED_EDGE('',*,*,#2907,.F.);
#5034 = ORIENTED_EDGE('',*,*,#2812,.T.);
#5035 = ORIENTED_EDGE('',*,*,#2721,.F.);
#5036 = ADVANCED_FACE('',(#5037),#2709,.T.);
#5037 = FACE_BOUND('',#5038,.F.);
#5038 = EDGE_LOOP('',(#5039,#5069,#5097,#5125,#5153,#5174,#5175,#5176,
    #5199,#5227));
#5039 = ORIENTED_EDGE('',*,*,#5040,.F.);
#5040 = EDGE_CURVE('',#5041,#5043,#5045,.T.);
#5041 = VERTEX_POINT('',#5042);
#5042 = CARTESIAN_POINT('',(-20.,115.45552470108,5.533060706829));
#5043 = VERTEX_POINT('',#5044);
#5044 = CARTESIAN_POINT('',(-20.,111.62469990452,6.));
#5045 = SURFACE_CURVE('',#5046,(#5050,#5057),.PCURVE_S1.);
#5046 = LINE('',#5047,#5048);
#5047 = CARTESIAN_POINT('',(-20.,115.45552470108,5.533060706829));
#5048 = VECTOR('',#5049,1.);
#5049 = DIRECTION('',(0.,-0.99265317626,0.12099451087));
#5050 = PCURVE('',#2709,#5051);
#5051 = DEFINITIONAL_REPRESENTATION('',(#5052),#5056);
#5052 = LINE('',#5053,#5054);
#5053 = CARTESIAN_POINT('',(0.,-0.));
#5054 = VECTOR('',#5055,1.);
#5055 = DIRECTION('',(-0.,1.));
#5056 = ( GEOMETRIC_REPRESENTATION_CONTEXT(2) 
PARAMETRIC_REPRESENTATION_CONTEXT() REPRESENTATION_CONTEXT('2D SPACE',''
  ) );
#5057 = PCURVE('',#5058,#5063);
#5058 = PLANE('',#5059);
#5059 = AXIS2_PLACEMENT_3D('',#5060,#5061,#5062);
#5060 = CARTESIAN_POINT('',(-20.,116.54447529891,14.466939293171));
#5061 = DIRECTION('',(-1.,0.,-0.));
#5062 = DIRECTION('',(0.,0.12099451087,0.99265317626));
#5063 = DEFINITIONAL_REPRESENTATION('',(#5064),#5068);
#5064 = LINE('',#5065,#5066);
#5065 = CARTESIAN_POINT('',(-9.,1.256522487944E-15));
#5066 = VECTOR('',#5067,1.);
#5067 = DIRECTION('',(4.117328373305E-18,-1.));
#5068 = ( GEOMETRIC_REPRESENTATION_CONTEXT(2) 
PARAMETRIC_REPRESENTATION_CONTEXT() REPRESENTATION_CONTEXT('2D SPACE',''
  ) );
#5069 = ORIENTED_EDGE('',*,*,#5070,.T.);
#5070 = EDGE_CURVE('',#5041,#5071,#5073,.T.);
#5071 = VERTEX_POINT('',#5072);
#5072 = CARTESIAN_POINT('',(-24.,115.45552470108,5.533060706829));
#5073 = SURFACE_CURVE('',#5074,(#5078,#5085),.PCURVE_S1.);
#5074 = LINE('',#5075,#5076);
#5075 = CARTESIAN_POINT('',(-20.,115.45552470108,5.533060706829));
#5076 = VECTOR('',#5077,1.);
#5077 = DIRECTION('',(-1.,0.,-0.));
#5078 = PCURVE('',#2709,#5079);
#5079 = DEFINITIONAL_REPRESENTATION('',(#5080),#5084);
#5080 = LINE('',#5081,#5082);
#5081 = CARTESIAN_POINT('',(0.,-0.));
#5082 = VECTOR('',#5083,1.);
#5083 = DIRECTION('',(-1.,0.));
#5084 = ( GEOMETRIC_REPRESENTATION_CONTEXT(2) 
PARAMETRIC_REPRESENTATION_CONTEXT() REPRESENTATION_CONTEXT('2D SPACE',''
  ) );
#5085 = PCURVE('',#5086,#5091);
#5086 = PLANE('',#5087);
#5087 = AXIS2_PLACEMENT_3D('',#5088,#5089,#5090);
#5088 = CARTESIAN_POINT('',(-20.,116.54447529891,14.466939293171));
#5089 = DIRECTION('',(0.,-0.99265317626,0.12099451087));
#5090 = DIRECTION('',(0.,0.12099451087,0.99265317626));
#5091 = DEFINITIONAL_REPRESENTATION('',(#5092),#5096);
#5092 = LINE('',#5093,#5094);
#5093 = CARTESIAN_POINT('',(-9.,0.));
#5094 = VECTOR('',#5095,1.);
#5095 = DIRECTION('',(-0.,1.));
#5096 = ( GEOMETRIC_REPRESENTATION_CONTEXT(2) 
PARAMETRIC_REPRESENTATION_CONTEXT() REPRESENTATION_CONTEXT('2D SPACE',''
  ) );
#5097 = ORIENTED_EDGE('',*,*,#5098,.T.);
#5098 = EDGE_CURVE('',#5071,#5099,#5101,.T.);
#5099 = VERTEX_POINT('',#5100);
#5100 = CARTESIAN_POINT('',(-24.,61.238495712085,12.14157520133));
#5101 = SURFACE_CURVE('',#5102,(#5106,#5113),.PCURVE_S1.);
#5102 = LINE('',#5103,#5104);
#5103 = CARTESIAN_POINT('',(-24.,115.45552470108,5.533060706829));
#5104 = VECTOR('',#5105,1.);
#5105 = DIRECTION('',(0.,-0.99265317626,0.12099451087));
#5106 = PCURVE('',#2709,#5107);
#5107 = DEFINITIONAL_REPRESENTATION('',(#5108),#5112);
#5108 = LINE('',#5109,#5110);
#5109 = CARTESIAN_POINT('',(-4.,0.));
#5110 = VECTOR('',#5111,1.);
#5111 = DIRECTION('',(-0.,1.));
#5112 = ( GEOMETRIC_REPRESENTATION_CONTEXT(2) 
PARAMETRIC_REPRESENTATION_CONTEXT() REPRESENTATION_CONTEXT('2D SPACE',''
  ) );
#5113 = PCURVE('',#5114,#5119);
#5114 = PLANE('',#5115);
#5115 = AXIS2_PLACEMENT_3D('',#5116,#5117,#5118);
#5116 = CARTESIAN_POINT('',(-24.,116.54447529891,14.466939293171));
#5117 = DIRECTION('',(-1.,-0.,-0.));
#5118 = DIRECTION('',(0.,0.12099451087,0.99265317626));
#5119 = DEFINITIONAL_REPRESENTATION('',(#5120),#5124);
#5120 = LINE('',#5121,#5122);
#5121 = CARTESIAN_POINT('',(-9.,-5.626860264732E-15));
#5122 = VECTOR('',#5123,1.);
#5123 = DIRECTION('',(4.117328373305E-18,-1.));
#5124 = ( GEOMETRIC_REPRESENTATION_CONTEXT(2) 
PARAMETRIC_REPRESENTATION_CONTEXT() REPRESENTATION_CONTEXT('2D SPACE',''
  ) );
#5125 = ORIENTED_EDGE('',*,*,#5126,.F.);
#5126 = EDGE_CURVE('',#5127,#5099,#5129,.T.);
#5127 = VERTEX_POINT('',#5128);
#5128 = CARTESIAN_POINT('',(-22.5,61.238495712085,12.14157520133));
#5129 = SURFACE_CURVE('',#5130,(#5134,#5141),.PCURVE_S1.);
#5130 = LINE('',#5131,#5132);
#5131 = CARTESIAN_POINT('',(-20.,61.238495712085,12.14157520133));
#5132 = VECTOR('',#5133,1.);
#5133 = DIRECTION('',(-1.,0.,-0.));
#5134 = PCURVE('',#2709,#5135);
#5135 = DEFINITIONAL_REPRESENTATION('',(#5136),#5140);
#5136 = LINE('',#5137,#5138);
#5137 = CARTESIAN_POINT('',(-0.,54.61830001216));
#5138 = VECTOR('',#5139,1.);
#5139 = DIRECTION('',(-1.,0.));
#5140 = ( GEOMETRIC_REPRESENTATION_CONTEXT(2) 
PARAMETRIC_REPRESENTATION_CONTEXT() REPRESENTATION_CONTEXT('2D SPACE',''
  ) );
#5141 = PCURVE('',#5142,#5147);
#5142 = PLANE('',#5143);
#5143 = AXIS2_PLACEMENT_3D('',#5144,#5145,#5146);
#5144 = CARTESIAN_POINT('',(-20.,62.327446309911,21.075453787672));
#5145 = DIRECTION('',(0.,-0.99265317626,0.12099451087));
#5146 = DIRECTION('',(0.,0.12099451087,0.99265317626));
#5147 = DEFINITIONAL_REPRESENTATION('',(#5148),#5152);
#5148 = LINE('',#5149,#5150);
#5149 = CARTESIAN_POINT('',(-9.,0.));
#5150 = VECTOR('',#5151,1.);
#5151 = DIRECTION('',(-0.,1.));
#5152 = ( GEOMETRIC_REPRESENTATION_CONTEXT(2) 
PARAMETRIC_REPRESENTATION_CONTEXT() REPRESENTATION_CONTEXT('2D SPACE',''
  ) );
#5153 = ORIENTED_EDGE('',*,*,#5154,.F.);
#5154 = EDGE_CURVE('',#2665,#5127,#5155,.T.);
#5155 = SURFACE_CURVE('',#5156,(#5160,#5167),.PCURVE_S1.);
#5156 = LINE('',#5157,#5158);
#5157 = CARTESIAN_POINT('',(-22.5,53.055443224911,13.13900759442));
#5158 = VECTOR('',#5159,1.);
#5159 = DIRECTION('',(-0.,-0.99265317626,0.12099451087));
#5160 = PCURVE('',#2709,#5161);
#5161 = DEFINITIONAL_REPRESENTATION('',(#5162),#5166);
#5162 = LINE('',#5163,#5164);
#5163 = CARTESIAN_POINT('',(-2.5,62.861916899585));
#5164 = VECTOR('',#5165,1.);
#5165 = DIRECTION('',(-0.,1.));
#5166 = ( GEOMETRIC_REPRESENTATION_CONTEXT(2) 
PARAMETRIC_REPRESENTATION_CONTEXT() REPRESENTATION_CONTEXT('2D SPACE',''
  ) );
#5167 = PCURVE('',#2681,#5168);
#5168 = DEFINITIONAL_REPRESENTATION('',(#5169),#5173);
#5169 = LINE('',#5170,#5171);
#5170 = CARTESIAN_POINT('',(0.706290391836,-66.98649215581));
#5171 = VECTOR('',#5172,1.);
#5172 = DIRECTION('',(0.335707215556,0.941966382321));
#5173 = ( GEOMETRIC_REPRESENTATION_CONTEXT(2) 
PARAMETRIC_REPRESENTATION_CONTEXT() REPRESENTATION_CONTEXT('2D SPACE',''
  ) );
#5174 = ORIENTED_EDGE('',*,*,#2693,.F.);
#5175 = ORIENTED_EDGE('',*,*,#4833,.F.);
#5176 = ORIENTED_EDGE('',*,*,#5177,.F.);
#5177 = EDGE_CURVE('',#5178,#4834,#5180,.T.);
#5178 = VERTEX_POINT('',#5179);
#5179 = CARTESIAN_POINT('',(-22.,107.,6.56370474225));
#5180 = SURFACE_CURVE('',#5181,(#5185,#5192),.PCURVE_S1.);
#5181 = LINE('',#5182,#5183);
#5182 = CARTESIAN_POINT('',(-6.5,107.,6.56370474225));
#5183 = VECTOR('',#5184,1.);
#5184 = DIRECTION('',(1.,0.,-0.));
#5185 = PCURVE('',#2709,#5186);
#5186 = DEFINITIONAL_REPRESENTATION('',(#5187),#5191);
#5187 = LINE('',#5188,#5189);
#5188 = CARTESIAN_POINT('',(13.5,8.518105722427));
#5189 = VECTOR('',#5190,1.);
#5190 = DIRECTION('',(1.,-0.));
#5191 = ( GEOMETRIC_REPRESENTATION_CONTEXT(2) 
PARAMETRIC_REPRESENTATION_CONTEXT() REPRESENTATION_CONTEXT('2D SPACE',''
  ) );
#5192 = PCURVE('',#4872,#5193);
#5193 = DEFINITIONAL_REPRESENTATION('',(#5194),#5198);
#5194 = LINE('',#5195,#5196);
#5195 = CARTESIAN_POINT('',(-0.56370474225,13.5));
#5196 = VECTOR('',#5197,1.);
#5197 = DIRECTION('',(-0.,-1.));
#5198 = ( GEOMETRIC_REPRESENTATION_CONTEXT(2) 
PARAMETRIC_REPRESENTATION_CONTEXT() REPRESENTATION_CONTEXT('2D SPACE',''
  ) );
#5199 = ORIENTED_EDGE('',*,*,#5200,.T.);
#5200 = EDGE_CURVE('',#5178,#5201,#5203,.T.);
#5201 = VERTEX_POINT('',#5202);
#5202 = CARTESIAN_POINT('',(-22.,111.62469990452,6.));
#5203 = SURFACE_CURVE('',#5204,(#5208,#5215),.PCURVE_S1.);
#5204 = LINE('',#5205,#5206);
#5205 = CARTESIAN_POINT('',(-22.,111.2616143946,6.044256498369));
#5206 = VECTOR('',#5207,1.);
#5207 = DIRECTION('',(-0.,0.99265317626,-0.12099451087));
#5208 = PCURVE('',#2709,#5209);
#5209 = DEFINITIONAL_REPRESENTATION('',(#5210),#5214);
#5210 = LINE('',#5211,#5212);
#5211 = CARTESIAN_POINT('',(-2.,4.224950271432));
#5212 = VECTOR('',#5213,1.);
#5213 = DIRECTION('',(-0.,-1.));
#5214 = ( GEOMETRIC_REPRESENTATION_CONTEXT(2) 
PARAMETRIC_REPRESENTATION_CONTEXT() REPRESENTATION_CONTEXT('2D SPACE',''
  ) );
#5215 = PCURVE('',#5216,#5221);
#5216 = PLANE('',#5217);
#5217 = AXIS2_PLACEMENT_3D('',#5218,#5219,#5220);
#5218 = CARTESIAN_POINT('',(-22.,107.,6.));
#5219 = DIRECTION('',(-1.,0.,-0.));
#5220 = DIRECTION('',(0.,0.,-1.));
#5221 = DEFINITIONAL_REPRESENTATION('',(#5222),#5226);
#5222 = LINE('',#5223,#5224);
#5223 = CARTESIAN_POINT('',(-4.425649836948E-02,-4.261614394609));
#5224 = VECTOR('',#5225,1.);
#5225 = DIRECTION('',(0.12099451087,-0.99265317626));
#5226 = ( GEOMETRIC_REPRESENTATION_CONTEXT(2) 
PARAMETRIC_REPRESENTATION_CONTEXT() REPRESENTATION_CONTEXT('2D SPACE',''
  ) );
#5227 = ORIENTED_EDGE('',*,*,#5228,.F.);
#5228 = EDGE_CURVE('',#5043,#5201,#5229,.T.);
#5229 = SURFACE_CURVE('',#5230,(#5234,#5241),.PCURVE_S1.);
#5230 = LINE('',#5231,#5232);
#5231 = CARTESIAN_POINT('',(-6.5,111.62469990452,6.));
#5232 = VECTOR('',#5233,1.);
#5233 = DIRECTION('',(-1.,-0.,-0.));
#5234 = PCURVE('',#2709,#5235);
#5235 = DEFINITIONAL_REPRESENTATION('',(#5236),#5240);
#5236 = LINE('',#5237,#5238);
#5237 = CARTESIAN_POINT('',(13.5,3.859177493382));
#5238 = VECTOR('',#5239,1.);
#5239 = DIRECTION('',(-1.,0.));
#5240 = ( GEOMETRIC_REPRESENTATION_CONTEXT(2) 
PARAMETRIC_REPRESENTATION_CONTEXT() REPRESENTATION_CONTEXT('2D SPACE',''
  ) );
#5241 = PCURVE('',#5242,#5247);
#5242 = PLANE('',#5243);
#5243 = AXIS2_PLACEMENT_3D('',#5244,#5245,#5246);
#5244 = CARTESIAN_POINT('',(7.,107.,6.));
#5245 = DIRECTION('',(-0.,-0.,1.));
#5246 = DIRECTION('',(1.,0.,0.));
#5247 = DEFINITIONAL_REPRESENTATION('',(#5248),#5252);
#5248 = LINE('',#5249,#5250);
#5249 = CARTESIAN_POINT('',(-13.5,4.624699904529));
#5250 = VECTOR('',#5251,1.);
#5251 = DIRECTION('',(-1.,0.));
#5252 = ( GEOMETRIC_REPRESENTATION_CONTEXT(2) 
PARAMETRIC_REPRESENTATION_CONTEXT() REPRESENTATION_CONTEXT('2D SPACE',''
  ) );
#5253 = ADVANCED_FACE('',(#5254),#2681,.F.);
#5254 = FACE_BOUND('',#5255,.T.);
#5255 = EDGE_LOOP('',(#5256,#5257,#5258,#5281));
#5256 = ORIENTED_EDGE('',*,*,#5154,.F.);
#5257 = ORIENTED_EDGE('',*,*,#2664,.F.);
#5258 = ORIENTED_EDGE('',*,*,#5259,.T.);
#5259 = EDGE_CURVE('',#2637,#5260,#5262,.T.);
#5260 = VERTEX_POINT('',#5261);
#5261 = CARTESIAN_POINT('',(-22.5,62.327446309911,21.075453787672));
#5262 = SURFACE_CURVE('',#5263,(#5267,#5274),.PCURVE_S1.);
#5263 = LINE('',#5264,#5265);
#5264 = CARTESIAN_POINT('',(-22.5,54.144393822737,22.072886180762));
#5265 = VECTOR('',#5266,1.);
#5266 = DIRECTION('',(-0.,-0.99265317626,0.12099451087));
#5267 = PCURVE('',#2681,#5268);
#5268 = DEFINITIONAL_REPRESENTATION('',(#5269),#5273);
#5269 = LINE('',#5270,#5271);
#5270 = CARTESIAN_POINT('',(-7.771407049056,-63.9651272158));
#5271 = VECTOR('',#5272,1.);
#5272 = DIRECTION('',(0.335707215556,0.941966382321));
#5273 = ( GEOMETRIC_REPRESENTATION_CONTEXT(2) 
PARAMETRIC_REPRESENTATION_CONTEXT() REPRESENTATION_CONTEXT('2D SPACE',''
  ) );
#5274 = PCURVE('',#2652,#5275);
#5275 = DEFINITIONAL_REPRESENTATION('',(#5276),#5280);
#5276 = LINE('',#5277,#5278);
#5277 = CARTESIAN_POINT('',(-2.5,62.861916899585));
#5278 = VECTOR('',#5279,1.);
#5279 = DIRECTION('',(-0.,1.));
#5280 = ( GEOMETRIC_REPRESENTATION_CONTEXT(2) 
PARAMETRIC_REPRESENTATION_CONTEXT() REPRESENTATION_CONTEXT('2D SPACE',''
  ) );
#5281 = ORIENTED_EDGE('',*,*,#5282,.F.);
#5282 = EDGE_CURVE('',#5127,#5260,#5283,.T.);
#5283 = SURFACE_CURVE('',#5284,(#5288,#5295),.PCURVE_S1.);
#5284 = LINE('',#5285,#5286);
#5285 = CARTESIAN_POINT('',(-22.5,63.183673074957,28.10003871977));
#5286 = VECTOR('',#5287,1.);
#5287 = DIRECTION('',(-0.,0.12099451087,0.99265317626));
#5288 = PCURVE('',#2681,#5289);
#5289 = DEFINITIONAL_REPRESENTATION('',(#5290),#5294);
#5290 = LINE('',#5291,#5292);
#5291 = CARTESIAN_POINT('',(-17.20474473936,-69.35467980843));
#5292 = VECTOR('',#5293,1.);
#5293 = DIRECTION('',(-0.941966382321,0.335707215556));
#5294 = ( GEOMETRIC_REPRESENTATION_CONTEXT(2) 
PARAMETRIC_REPRESENTATION_CONTEXT() REPRESENTATION_CONTEXT('2D SPACE',''
  ) );
#5295 = PCURVE('',#5142,#5296);
#5296 = DEFINITIONAL_REPRESENTATION('',(#5297),#5301);
#5297 = LINE('',#5298,#5299);
#5298 = CARTESIAN_POINT('',(7.076575283387,2.5));
#5299 = VECTOR('',#5300,1.);
#5300 = DIRECTION('',(1.,-0.));
#5301 = ( GEOMETRIC_REPRESENTATION_CONTEXT(2) 
PARAMETRIC_REPRESENTATION_CONTEXT() REPRESENTATION_CONTEXT('2D SPACE',''
  ) );
#5302 = ADVANCED_FACE('',(#5303),#2652,.F.);
#5303 = FACE_BOUND('',#5304,.T.);
#5304 = EDGE_LOOP('',(#5305,#5306,#5329,#5352,#5373,#5374,#5375,#5396));
#5305 = ORIENTED_EDGE('',*,*,#5013,.F.);
#5306 = ORIENTED_EDGE('',*,*,#5307,.F.);
#5307 = EDGE_CURVE('',#5308,#4991,#5310,.T.);
#5308 = VERTEX_POINT('',#5309);
#5309 = CARTESIAN_POINT('',(-24.,104.39911324198,15.947337660452));
#5310 = SURFACE_CURVE('',#5311,(#5315,#5322),.PCURVE_S1.);
#5311 = LINE('',#5312,#5313);
#5312 = CARTESIAN_POINT('',(-20.,104.39911324198,15.947337660452));
#5313 = VECTOR('',#5314,1.);
#5314 = DIRECTION('',(1.,-0.,-0.));
#5315 = PCURVE('',#2652,#5316);
#5316 = DEFINITIONAL_REPRESENTATION('',(#5317),#5321);
#5317 = LINE('',#5318,#5319);
#5318 = CARTESIAN_POINT('',(-0.,12.235252298978));
#5319 = VECTOR('',#5320,1.);
#5320 = DIRECTION('',(1.,-0.));
#5321 = ( GEOMETRIC_REPRESENTATION_CONTEXT(2) 
PARAMETRIC_REPRESENTATION_CONTEXT() REPRESENTATION_CONTEXT('2D SPACE',''
  ) );
#5322 = PCURVE('',#3914,#5323);
#5323 = DEFINITIONAL_REPRESENTATION('',(#5324),#5328);
#5324 = LINE('',#5325,#5326);
#5325 = CARTESIAN_POINT('',(-0.,12.235252298978));
#5326 = VECTOR('',#5327,1.);
#5327 = DIRECTION('',(1.,-0.));
#5328 = ( GEOMETRIC_REPRESENTATION_CONTEXT(2) 
PARAMETRIC_REPRESENTATION_CONTEXT() REPRESENTATION_CONTEXT('2D SPACE',''
  ) );
#5329 = ORIENTED_EDGE('',*,*,#5330,.T.);
#5330 = EDGE_CURVE('',#5308,#5331,#5333,.T.);
#5331 = VERTEX_POINT('',#5332);
#5332 = CARTESIAN_POINT('',(-24.,62.327446309911,21.075453787672));
#5333 = SURFACE_CURVE('',#5334,(#5338,#5345),.PCURVE_S1.);
#5334 = LINE('',#5335,#5336);
#5335 = CARTESIAN_POINT('',(-24.,116.54447529891,14.466939293171));
#5336 = VECTOR('',#5337,1.);
#5337 = DIRECTION('',(0.,-0.99265317626,0.12099451087));
#5338 = PCURVE('',#2652,#5339);
#5339 = DEFINITIONAL_REPRESENTATION('',(#5340),#5344);
#5340 = LINE('',#5341,#5342);
#5341 = CARTESIAN_POINT('',(-4.,0.));
#5342 = VECTOR('',#5343,1.);
#5343 = DIRECTION('',(-0.,1.));
#5344 = ( GEOMETRIC_REPRESENTATION_CONTEXT(2) 
PARAMETRIC_REPRESENTATION_CONTEXT() REPRESENTATION_CONTEXT('2D SPACE',''
  ) );
#5345 = PCURVE('',#5114,#5346);
#5346 = DEFINITIONAL_REPRESENTATION('',(#5347),#5351);
#5347 = LINE('',#5348,#5349);
#5348 = CARTESIAN_POINT('',(0.,-0.));
#5349 = VECTOR('',#5350,1.);
#5350 = DIRECTION('',(4.117328373305E-18,-1.));
#5351 = ( GEOMETRIC_REPRESENTATION_CONTEXT(2) 
PARAMETRIC_REPRESENTATION_CONTEXT() REPRESENTATION_CONTEXT('2D SPACE',''
  ) );
#5352 = ORIENTED_EDGE('',*,*,#5353,.F.);
#5353 = EDGE_CURVE('',#5260,#5331,#5354,.T.);
#5354 = SURFACE_CURVE('',#5355,(#5359,#5366),.PCURVE_S1.);
#5355 = LINE('',#5356,#5357);
#5356 = CARTESIAN_POINT('',(-20.,62.327446309911,21.075453787672));
#5357 = VECTOR('',#5358,1.);
#5358 = DIRECTION('',(-1.,0.,-0.));
#5359 = PCURVE('',#2652,#5360);
#5360 = DEFINITIONAL_REPRESENTATION('',(#5361),#5365);
#5361 = LINE('',#5362,#5363);
#5362 = CARTESIAN_POINT('',(-0.,54.61830001216));
#5363 = VECTOR('',#5364,1.);
#5364 = DIRECTION('',(-1.,0.));
#5365 = ( GEOMETRIC_REPRESENTATION_CONTEXT(2) 
PARAMETRIC_REPRESENTATION_CONTEXT() REPRESENTATION_CONTEXT('2D SPACE',''
  ) );
#5366 = PCURVE('',#5142,#5367);
#5367 = DEFINITIONAL_REPRESENTATION('',(#5368),#5372);
#5368 = LINE('',#5369,#5370);
#5369 = CARTESIAN_POINT('',(-0.,-0.));
#5370 = VECTOR('',#5371,1.);
#5371 = DIRECTION('',(-0.,1.));
#5372 = ( GEOMETRIC_REPRESENTATION_CONTEXT(2) 
PARAMETRIC_REPRESENTATION_CONTEXT() REPRESENTATION_CONTEXT('2D SPACE',''
  ) );
#5373 = ORIENTED_EDGE('',*,*,#5259,.F.);
#5374 = ORIENTED_EDGE('',*,*,#2636,.F.);
#5375 = ORIENTED_EDGE('',*,*,#5376,.F.);
#5376 = EDGE_CURVE('',#2862,#2604,#5377,.T.);
#5377 = SURFACE_CURVE('',#5378,(#5382,#5389),.PCURVE_S1.);
#5378 = LINE('',#5379,#5380);
#5379 = CARTESIAN_POINT('',(-22.,87.489137633079,18.008494846616));
#5380 = VECTOR('',#5381,1.);
#5381 = DIRECTION('',(-0.,-0.99265317626,0.12099451087));
#5382 = PCURVE('',#2652,#5383);
#5383 = DEFINITIONAL_REPRESENTATION('',(#5384),#5388);
#5384 = LINE('',#5385,#5386);
#5385 = CARTESIAN_POINT('',(-2.,29.270382003209));
#5386 = VECTOR('',#5387,1.);
#5387 = DIRECTION('',(-0.,1.));
#5388 = ( GEOMETRIC_REPRESENTATION_CONTEXT(2) 
PARAMETRIC_REPRESENTATION_CONTEXT() REPRESENTATION_CONTEXT('2D SPACE',''
  ) );
#5389 = PCURVE('',#2620,#5390);
#5390 = DEFINITIONAL_REPRESENTATION('',(#5391),#5395);
#5391 = LINE('',#5392,#5393);
#5392 = CARTESIAN_POINT('',(-5.899980352115,-30.20616662208));
#5393 = VECTOR('',#5394,1.);
#5394 = DIRECTION('',(-0.12099451087,0.99265317626));
#5395 = ( GEOMETRIC_REPRESENTATION_CONTEXT(2) 
PARAMETRIC_REPRESENTATION_CONTEXT() REPRESENTATION_CONTEXT('2D SPACE',''
  ) );
#5396 = ORIENTED_EDGE('',*,*,#2884,.F.);
#5397 = ADVANCED_FACE('',(#5398),#2620,.T.);
#5398 = FACE_BOUND('',#5399,.F.);
#5399 = EDGE_LOOP('',(#5400,#5401,#5402,#5403));
#5400 = ORIENTED_EDGE('',*,*,#2933,.F.);
#5401 = ORIENTED_EDGE('',*,*,#2603,.F.);
#5402 = ORIENTED_EDGE('',*,*,#5376,.F.);
#5403 = ORIENTED_EDGE('',*,*,#2861,.T.);
#5404 = ADVANCED_FACE('',(#5405),#3071,.T.);
#5405 = FACE_BOUND('',#5406,.F.);
#5406 = EDGE_LOOP('',(#5407,#5408,#5409,#5430,#5431,#5432));
#5407 = ORIENTED_EDGE('',*,*,#3721,.F.);
#5408 = ORIENTED_EDGE('',*,*,#3771,.T.);
#5409 = ORIENTED_EDGE('',*,*,#5410,.T.);
#5410 = EDGE_CURVE('',#3772,#4787,#5411,.T.);
#5411 = SURFACE_CURVE('',#5412,(#5416,#5423),.PCURVE_S1.);
#5412 = LINE('',#5413,#5414);
#5413 = CARTESIAN_POINT('',(-24.,-72.39589839896,13.809156187639));
#5414 = VECTOR('',#5415,1.);
#5415 = DIRECTION('',(0.,0.846479152809,0.532421866437));
#5416 = PCURVE('',#3071,#5417);
#5417 = DEFINITIONAL_REPRESENTATION('',(#5418),#5422);
#5418 = LINE('',#5419,#5420);
#5419 = CARTESIAN_POINT('',(-4.,0.));
#5420 = VECTOR('',#5421,1.);
#5421 = DIRECTION('',(-0.,1.));
#5422 = ( GEOMETRIC_REPRESENTATION_CONTEXT(2) 
PARAMETRIC_REPRESENTATION_CONTEXT() REPRESENTATION_CONTEXT('2D SPACE',''
  ) );
#5423 = PCURVE('',#3470,#5424);
#5424 = DEFINITIONAL_REPRESENTATION('',(#5425),#5429);
#5425 = LINE('',#5426,#5427);
#5426 = CARTESIAN_POINT('',(-1.780338847627,-3.585169900615));
#5427 = VECTOR('',#5428,1.);
#5428 = DIRECTION('',(0.796704422359,0.604369144972));
#5429 = ( GEOMETRIC_REPRESENTATION_CONTEXT(2) 
PARAMETRIC_REPRESENTATION_CONTEXT() REPRESENTATION_CONTEXT('2D SPACE',''
  ) );
#5430 = ORIENTED_EDGE('',*,*,#4786,.F.);
#5431 = ORIENTED_EDGE('',*,*,#4733,.F.);
#5432 = ORIENTED_EDGE('',*,*,#3055,.T.);
#5433 = ADVANCED_FACE('',(#5434),#3355,.F.);
#5434 = FACE_BOUND('',#5435,.T.);
#5435 = EDGE_LOOP('',(#5436,#5437,#5460,#5483,#5504,#5505));
#5436 = ORIENTED_EDGE('',*,*,#4968,.F.);
#5437 = ORIENTED_EDGE('',*,*,#5438,.F.);
#5438 = EDGE_CURVE('',#5439,#4941,#5441,.T.);
#5439 = VERTEX_POINT('',#5440);
#5440 = CARTESIAN_POINT('',(-24.,117.26812819947,15.264098848981));
#5441 = SURFACE_CURVE('',#5442,(#5446,#5453),.PCURVE_S1.);
#5442 = LINE('',#5443,#5444);
#5443 = CARTESIAN_POINT('',(-20.,117.26812819947,15.264098848981));
#5444 = VECTOR('',#5445,1.);
#5445 = DIRECTION('',(1.,-0.,0.));
#5446 = PCURVE('',#3355,#5447);
#5447 = DEFINITIONAL_REPRESENTATION('',(#5448),#5452);
#5448 = LINE('',#5449,#5450);
#5449 = CARTESIAN_POINT('',(-0.,3.011459085253));
#5450 = VECTOR('',#5451,1.);
#5451 = DIRECTION('',(1.,-0.));
#5452 = ( GEOMETRIC_REPRESENTATION_CONTEXT(2) 
PARAMETRIC_REPRESENTATION_CONTEXT() REPRESENTATION_CONTEXT('2D SPACE',''
  ) );
#5453 = PCURVE('',#4956,#5454);
#5454 = DEFINITIONAL_REPRESENTATION('',(#5455),#5459);
#5455 = LINE('',#5456,#5457);
#5456 = CARTESIAN_POINT('',(0.,3.011459085253));
#5457 = VECTOR('',#5458,1.);
#5458 = DIRECTION('',(1.,-0.));
#5459 = ( GEOMETRIC_REPRESENTATION_CONTEXT(2) 
PARAMETRIC_REPRESENTATION_CONTEXT() REPRESENTATION_CONTEXT('2D SPACE',''
  ) );
#5460 = ORIENTED_EDGE('',*,*,#5461,.T.);
#5461 = EDGE_CURVE('',#5439,#5462,#5464,.T.);
#5462 = VERTEX_POINT('',#5463);
#5463 = CARTESIAN_POINT('',(-24.,46.725593168281,91.805435631056));
#5464 = SURFACE_CURVE('',#5465,(#5469,#5476),.PCURVE_S1.);
#5465 = LINE('',#5466,#5467);
#5466 = CARTESIAN_POINT('',(-24.,119.30900631756,13.04966837383));
#5467 = VECTOR('',#5468,1.);
#5468 = DIRECTION('',(0.,-0.677704083073,0.735334737236));
#5469 = PCURVE('',#3355,#5470);
#5470 = DEFINITIONAL_REPRESENTATION('',(#5471),#5475);
#5471 = LINE('',#5472,#5473);
#5472 = CARTESIAN_POINT('',(-4.,0.));
#5473 = VECTOR('',#5474,1.);
#5474 = DIRECTION('',(-0.,1.));
#5475 = ( GEOMETRIC_REPRESENTATION_CONTEXT(2) 
PARAMETRIC_REPRESENTATION_CONTEXT() REPRESENTATION_CONTEXT('2D SPACE',''
  ) );
#5476 = PCURVE('',#5114,#5477);
#5477 = DEFINITIONAL_REPRESENTATION('',(#5478),#5482);
#5478 = LINE('',#5479,#5480);
#5479 = CARTESIAN_POINT('',(-1.072365401319,2.915702498186));
#5480 = VECTOR('',#5481,1.);
#5481 = DIRECTION('',(0.647933888486,-0.761696577485));
#5482 = ( GEOMETRIC_REPRESENTATION_CONTEXT(2) 
PARAMETRIC_REPRESENTATION_CONTEXT() REPRESENTATION_CONTEXT('2D SPACE',''
  ) );
#5483 = ORIENTED_EDGE('',*,*,#5484,.F.);
#5484 = EDGE_CURVE('',#3312,#5462,#5485,.T.);
#5485 = SURFACE_CURVE('',#5486,(#5490,#5497),.PCURVE_S1.);
#5486 = LINE('',#5487,#5488);
#5487 = CARTESIAN_POINT('',(-20.,46.725593168281,91.805435631056));
#5488 = VECTOR('',#5489,1.);
#5489 = DIRECTION('',(-1.,0.,-0.));
#5490 = PCURVE('',#3355,#5491);
#5491 = DEFINITIONAL_REPRESENTATION('',(#5492),#5496);
#5492 = LINE('',#5493,#5494);
#5493 = CARTESIAN_POINT('',(-0.,107.10192687656));
#5494 = VECTOR('',#5495,1.);
#5495 = DIRECTION('',(-1.,0.));
#5496 = ( GEOMETRIC_REPRESENTATION_CONTEXT(2) 
PARAMETRIC_REPRESENTATION_CONTEXT() REPRESENTATION_CONTEXT('2D SPACE',''
  ) );
#5497 = PCURVE('',#3327,#5498);
#5498 = DEFINITIONAL_REPRESENTATION('',(#5499),#5503);
#5499 = LINE('',#5500,#5501);
#5500 = CARTESIAN_POINT('',(-0.,-0.));
#5501 = VECTOR('',#5502,1.);
#5502 = DIRECTION('',(-0.,1.));
#5503 = ( GEOMETRIC_REPRESENTATION_CONTEXT(2) 
PARAMETRIC_REPRESENTATION_CONTEXT() REPRESENTATION_CONTEXT('2D SPACE',''
  ) );
#5504 = ORIENTED_EDGE('',*,*,#3339,.T.);
#5505 = ORIENTED_EDGE('',*,*,#4005,.F.);
#5506 = ADVANCED_FACE('',(#5507),#3327,.T.);
#5507 = FACE_BOUND('',#5508,.F.);
#5508 = EDGE_LOOP('',(#5509,#5510,#5511,#5534));
#5509 = ORIENTED_EDGE('',*,*,#5484,.F.);
#5510 = ORIENTED_EDGE('',*,*,#3311,.T.);
#5511 = ORIENTED_EDGE('',*,*,#5512,.T.);
#5512 = EDGE_CURVE('',#3284,#5513,#5515,.T.);
#5513 = VERTEX_POINT('',#5514);
#5514 = CARTESIAN_POINT('',(-24.,46.438741297149,91.541065304919));
#5515 = SURFACE_CURVE('',#5516,(#5520,#5527),.PCURVE_S1.);
#5516 = LINE('',#5517,#5518);
#5517 = CARTESIAN_POINT('',(-12.5,46.438741297149,91.541065304919));
#5518 = VECTOR('',#5519,1.);
#5519 = DIRECTION('',(-1.,-0.,1.110223024625E-16));
#5520 = PCURVE('',#3327,#5521);
#5521 = DEFINITIONAL_REPRESENTATION('',(#5522),#5526);
#5522 = LINE('',#5523,#5524);
#5523 = CARTESIAN_POINT('',(-0.390096994751,-7.5));
#5524 = VECTOR('',#5525,1.);
#5525 = DIRECTION('',(7.524026769106E-17,1.));
#5526 = ( GEOMETRIC_REPRESENTATION_CONTEXT(2) 
PARAMETRIC_REPRESENTATION_CONTEXT() REPRESENTATION_CONTEXT('2D SPACE',''
  ) );
#5527 = PCURVE('',#4401,#5528);
#5528 = DEFINITIONAL_REPRESENTATION('',(#5529),#5533);
#5529 = LINE('',#5530,#5531);
#5530 = CARTESIAN_POINT('',(-2.177269077158,3.986620628458E-16));
#5531 = VECTOR('',#5532,1.);
#5532 = DIRECTION('',(-0.,1.));
#5533 = ( GEOMETRIC_REPRESENTATION_CONTEXT(2) 
PARAMETRIC_REPRESENTATION_CONTEXT() REPRESENTATION_CONTEXT('2D SPACE',''
  ) );
#5534 = ORIENTED_EDGE('',*,*,#5535,.F.);
#5535 = EDGE_CURVE('',#5462,#5513,#5536,.T.);
#5536 = SURFACE_CURVE('',#5537,(#5541,#5548),.PCURVE_S1.);
#5537 = LINE('',#5538,#5539);
#5538 = CARTESIAN_POINT('',(-24.,46.725593168281,91.805435631056));
#5539 = VECTOR('',#5540,1.);
#5540 = DIRECTION('',(0.,-0.735334737236,-0.677704083073));
#5541 = PCURVE('',#3327,#5542);
#5542 = DEFINITIONAL_REPRESENTATION('',(#5543),#5547);
#5543 = LINE('',#5544,#5545);
#5544 = CARTESIAN_POINT('',(-0.,4.));
#5545 = VECTOR('',#5546,1.);
#5546 = DIRECTION('',(-1.,0.));
#5547 = ( GEOMETRIC_REPRESENTATION_CONTEXT(2) 
PARAMETRIC_REPRESENTATION_CONTEXT() REPRESENTATION_CONTEXT('2D SPACE',''
  ) );
#5548 = PCURVE('',#5114,#5549);
#5549 = DEFINITIONAL_REPRESENTATION('',(#5550),#5554);
#5550 = LINE('',#5551,#5552);
#5551 = CARTESIAN_POINT('',(68.322602544129,-78.6634686457));
#5552 = VECTOR('',#5553,1.);
#5553 = DIRECTION('',(-0.761696577485,-0.647933888486));
#5554 = ( GEOMETRIC_REPRESENTATION_CONTEXT(2) 
PARAMETRIC_REPRESENTATION_CONTEXT() REPRESENTATION_CONTEXT('2D SPACE',''
  ) );
#5555 = ADVANCED_FACE('',(#5556),#3414,.F.);
#5556 = FACE_BOUND('',#5557,.T.);
#5557 = EDGE_LOOP('',(#5558,#5581,#5602));
#5558 = ORIENTED_EDGE('',*,*,#5559,.F.);
#5559 = EDGE_CURVE('',#5560,#3397,#5562,.T.);
#5560 = VERTEX_POINT('',#5561);
#5561 = CARTESIAN_POINT('',(-20.,-71.50727128279,6.));
#5562 = SURFACE_CURVE('',#5563,(#5567,#5574),.PCURVE_S1.);
#5563 = LINE('',#5564,#5565);
#5564 = CARTESIAN_POINT('',(-20.,-68.41323548667,14.210959318167));
#5565 = VECTOR('',#5566,1.);
#5566 = DIRECTION('',(0.,-0.352614336294,-0.93576873737));
#5567 = PCURVE('',#3414,#5568);
#5568 = DEFINITIONAL_REPRESENTATION('',(#5569),#5573);
#5569 = LINE('',#5570,#5571);
#5570 = CARTESIAN_POINT('',(0.,-0.));
#5571 = VECTOR('',#5572,1.);
#5572 = DIRECTION('',(-1.,2.073080197319E-17));
#5573 = ( GEOMETRIC_REPRESENTATION_CONTEXT(2) 
PARAMETRIC_REPRESENTATION_CONTEXT() REPRESENTATION_CONTEXT('2D SPACE',''
  ) );
#5574 = PCURVE('',#3442,#5575);
#5575 = DEFINITIONAL_REPRESENTATION('',(#5576),#5580);
#5576 = LINE('',#5577,#5578);
#5577 = CARTESIAN_POINT('',(-0.,-0.));
#5578 = VECTOR('',#5579,1.);
#5579 = DIRECTION('',(-1.,0.));
#5580 = ( GEOMETRIC_REPRESENTATION_CONTEXT(2) 
PARAMETRIC_REPRESENTATION_CONTEXT() REPRESENTATION_CONTEXT('2D SPACE',''
  ) );
#5581 = ORIENTED_EDGE('',*,*,#5582,.F.);
#5582 = EDGE_CURVE('',#3399,#5560,#5583,.T.);
#5583 = SURFACE_CURVE('',#5584,(#5588,#5595),.PCURVE_S1.);
#5584 = LINE('',#5585,#5586);
#5585 = CARTESIAN_POINT('',(-20.,-73.70661774333,6.));
#5586 = VECTOR('',#5587,1.);
#5587 = DIRECTION('',(-0.,1.,-0.));
#5588 = PCURVE('',#3414,#5589);
#5589 = DEFINITIONAL_REPRESENTATION('',(#5590),#5594);
#5590 = LINE('',#5591,#5592);
#5591 = CARTESIAN_POINT('',(-9.550081504945,-2.058079660421));
#5592 = VECTOR('',#5593,1.);
#5593 = DIRECTION('',(0.352614336294,0.93576873737));
#5594 = ( GEOMETRIC_REPRESENTATION_CONTEXT(2) 
PARAMETRIC_REPRESENTATION_CONTEXT() REPRESENTATION_CONTEXT('2D SPACE',''
  ) );
#5595 = PCURVE('',#3603,#5596);
#5596 = DEFINITIONAL_REPRESENTATION('',(#5597),#5601);
#5597 = LINE('',#5598,#5599);
#5598 = CARTESIAN_POINT('',(-27.,5.293382256662));
#5599 = VECTOR('',#5600,1.);
#5600 = DIRECTION('',(-0.,1.));
#5601 = ( GEOMETRIC_REPRESENTATION_CONTEXT(2) 
PARAMETRIC_REPRESENTATION_CONTEXT() REPRESENTATION_CONTEXT('2D SPACE',''
  ) );
#5602 = ORIENTED_EDGE('',*,*,#3396,.F.);
#5603 = ADVANCED_FACE('',(#5604,#5749),#3603,.F.);
#5604 = FACE_BOUND('',#5605,.T.);
#5605 = EDGE_LOOP('',(#5606,#5631,#5659,#5682,#5703,#5704,#5705,#5728));
#5606 = ORIENTED_EDGE('',*,*,#5607,.T.);
#5607 = EDGE_CURVE('',#5608,#5610,#5612,.T.);
#5608 = VERTEX_POINT('',#5609);
#5609 = CARTESIAN_POINT('',(-22.,-61.,6.));
#5610 = VERTEX_POINT('',#5611);
#5611 = CARTESIAN_POINT('',(7.,-61.,6.));
#5612 = SURFACE_CURVE('',#5613,(#5617,#5624),.PCURVE_S1.);
#5613 = LINE('',#5614,#5615);
#5614 = CARTESIAN_POINT('',(-22.,-61.,6.));
#5615 = VECTOR('',#5616,1.);
#5616 = DIRECTION('',(1.,-0.,-0.));
#5617 = PCURVE('',#3603,#5618);
#5618 = DEFINITIONAL_REPRESENTATION('',(#5619),#5623);
#5619 = LINE('',#5620,#5621);
#5620 = CARTESIAN_POINT('',(-29.,18.));
#5621 = VECTOR('',#5622,1.);
#5622 = DIRECTION('',(1.,-0.));
#5623 = ( GEOMETRIC_REPRESENTATION_CONTEXT(2) 
PARAMETRIC_REPRESENTATION_CONTEXT() REPRESENTATION_CONTEXT('2D SPACE',''
  ) );
#5624 = PCURVE('',#3685,#5625);
#5625 = DEFINITIONAL_REPRESENTATION('',(#5626),#5630);
#5626 = LINE('',#5627,#5628);
#5627 = CARTESIAN_POINT('',(-0.,29.));
#5628 = VECTOR('',#5629,1.);
#5629 = DIRECTION('',(-0.,-1.));
#5630 = ( GEOMETRIC_REPRESENTATION_CONTEXT(2) 
PARAMETRIC_REPRESENTATION_CONTEXT() REPRESENTATION_CONTEXT('2D SPACE',''
  ) );
#5631 = ORIENTED_EDGE('',*,*,#5632,.F.);
#5632 = EDGE_CURVE('',#5633,#5610,#5635,.T.);
#5633 = VERTEX_POINT('',#5634);
#5634 = CARTESIAN_POINT('',(7.,-79.,6.));
#5635 = SURFACE_CURVE('',#5636,(#5640,#5647),.PCURVE_S1.);
#5636 = LINE('',#5637,#5638);
#5637 = CARTESIAN_POINT('',(7.,-79.,6.));
#5638 = VECTOR('',#5639,1.);
#5639 = DIRECTION('',(-0.,1.,0.));
#5640 = PCURVE('',#3603,#5641);
#5641 = DEFINITIONAL_REPRESENTATION('',(#5642),#5646);
#5642 = LINE('',#5643,#5644);
#5643 = CARTESIAN_POINT('',(0.,-0.));
#5644 = VECTOR('',#5645,1.);
#5645 = DIRECTION('',(0.,1.));
#5646 = ( GEOMETRIC_REPRESENTATION_CONTEXT(2) 
PARAMETRIC_REPRESENTATION_CONTEXT() REPRESENTATION_CONTEXT('2D SPACE',''
  ) );
#5647 = PCURVE('',#5648,#5653);
#5648 = PLANE('',#5649);
#5649 = AXIS2_PLACEMENT_3D('',#5650,#5651,#5652);
#5650 = CARTESIAN_POINT('',(7.,-79.,6.));
#5651 = DIRECTION('',(-1.,0.,-0.));
#5652 = DIRECTION('',(0.,0.,-1.));
#5653 = DEFINITIONAL_REPRESENTATION('',(#5654),#5658);
#5654 = LINE('',#5655,#5656);
#5655 = CARTESIAN_POINT('',(-0.,-0.));
#5656 = VECTOR('',#5657,1.);
#5657 = DIRECTION('',(-0.,-1.));
#5658 = ( GEOMETRIC_REPRESENTATION_CONTEXT(2) 
PARAMETRIC_REPRESENTATION_CONTEXT() REPRESENTATION_CONTEXT('2D SPACE',''
  ) );
#5659 = ORIENTED_EDGE('',*,*,#5660,.T.);
#5660 = EDGE_CURVE('',#5633,#5661,#5663,.T.);
#5661 = VERTEX_POINT('',#5662);
#5662 = CARTESIAN_POINT('',(-22.,-79.,6.));
#5663 = SURFACE_CURVE('',#5664,(#5668,#5675),.PCURVE_S1.);
#5664 = LINE('',#5665,#5666);
#5665 = CARTESIAN_POINT('',(7.,-79.,6.));
#5666 = VECTOR('',#5667,1.);
#5667 = DIRECTION('',(-1.,-0.,-0.));
#5668 = PCURVE('',#3603,#5669);
#5669 = DEFINITIONAL_REPRESENTATION('',(#5670),#5674);
#5670 = LINE('',#5671,#5672);
#5671 = CARTESIAN_POINT('',(0.,-0.));
#5672 = VECTOR('',#5673,1.);
#5673 = DIRECTION('',(-1.,0.));
#5674 = ( GEOMETRIC_REPRESENTATION_CONTEXT(2) 
PARAMETRIC_REPRESENTATION_CONTEXT() REPRESENTATION_CONTEXT('2D SPACE',''
  ) );
#5675 = PCURVE('',#3549,#5676);
#5676 = DEFINITIONAL_REPRESENTATION('',(#5677),#5681);
#5677 = LINE('',#5678,#5679);
#5678 = CARTESIAN_POINT('',(-0.,-0.));
#5679 = VECTOR('',#5680,1.);
#5680 = DIRECTION('',(-0.,1.));
#5681 = ( GEOMETRIC_REPRESENTATION_CONTEXT(2) 
PARAMETRIC_REPRESENTATION_CONTEXT() REPRESENTATION_CONTEXT('2D SPACE',''
  ) );
#5682 = ORIENTED_EDGE('',*,*,#5683,.T.);
#5683 = EDGE_CURVE('',#5661,#3562,#5684,.T.);
#5684 = SURFACE_CURVE('',#5685,(#5689,#5696),.PCURVE_S1.);
#5685 = LINE('',#5686,#5687);
#5686 = CARTESIAN_POINT('',(-22.,-79.,6.));
#5687 = VECTOR('',#5688,1.);
#5688 = DIRECTION('',(-0.,1.,0.));
#5689 = PCURVE('',#3603,#5690);
#5690 = DEFINITIONAL_REPRESENTATION('',(#5691),#5695);
#5691 = LINE('',#5692,#5693);
#5692 = CARTESIAN_POINT('',(-29.,0.));
#5693 = VECTOR('',#5694,1.);
#5694 = DIRECTION('',(0.,1.));
#5695 = ( GEOMETRIC_REPRESENTATION_CONTEXT(2) 
PARAMETRIC_REPRESENTATION_CONTEXT() REPRESENTATION_CONTEXT('2D SPACE',''
  ) );
#5696 = PCURVE('',#3577,#5697);
#5697 = DEFINITIONAL_REPRESENTATION('',(#5698),#5702);
#5698 = LINE('',#5699,#5700);
#5699 = CARTESIAN_POINT('',(-0.,-0.));
#5700 = VECTOR('',#5701,1.);
#5701 = DIRECTION('',(-0.,-1.));
#5702 = ( GEOMETRIC_REPRESENTATION_CONTEXT(2) 
PARAMETRIC_REPRESENTATION_CONTEXT() REPRESENTATION_CONTEXT('2D SPACE',''
  ) );
#5703 = ORIENTED_EDGE('',*,*,#3589,.F.);
#5704 = ORIENTED_EDGE('',*,*,#5582,.T.);
#5705 = ORIENTED_EDGE('',*,*,#5706,.T.);
#5706 = EDGE_CURVE('',#5560,#5707,#5709,.T.);
#5707 = VERTEX_POINT('',#5708);
#5708 = CARTESIAN_POINT('',(-22.,-71.50727128279,6.));
#5709 = SURFACE_CURVE('',#5710,(#5714,#5721),.PCURVE_S1.);
#5710 = LINE('',#5711,#5712);
#5711 = CARTESIAN_POINT('',(-6.5,-71.50727128279,6.));
#5712 = VECTOR('',#5713,1.);
#5713 = DIRECTION('',(-1.,-0.,-0.));
#5714 = PCURVE('',#3603,#5715);
#5715 = DEFINITIONAL_REPRESENTATION('',(#5716),#5720);
#5716 = LINE('',#5717,#5718);
#5717 = CARTESIAN_POINT('',(-13.5,7.492728717204));
#5718 = VECTOR('',#5719,1.);
#5719 = DIRECTION('',(-1.,0.));
#5720 = ( GEOMETRIC_REPRESENTATION_CONTEXT(2) 
PARAMETRIC_REPRESENTATION_CONTEXT() REPRESENTATION_CONTEXT('2D SPACE',''
  ) );
#5721 = PCURVE('',#3442,#5722);
#5722 = DEFINITIONAL_REPRESENTATION('',(#5723),#5727);
#5723 = LINE('',#5724,#5725);
#5724 = CARTESIAN_POINT('',(-8.77456041248,-13.5));
#5725 = VECTOR('',#5726,1.);
#5726 = DIRECTION('',(-0.,1.));
#5727 = ( GEOMETRIC_REPRESENTATION_CONTEXT(2) 
PARAMETRIC_REPRESENTATION_CONTEXT() REPRESENTATION_CONTEXT('2D SPACE',''
  ) );
#5728 = ORIENTED_EDGE('',*,*,#5729,.T.);
#5729 = EDGE_CURVE('',#5707,#5608,#5730,.T.);
#5730 = SURFACE_CURVE('',#5731,(#5735,#5742),.PCURVE_S1.);
#5731 = LINE('',#5732,#5733);
#5732 = CARTESIAN_POINT('',(-22.,-79.,6.));
#5733 = VECTOR('',#5734,1.);
#5734 = DIRECTION('',(-0.,1.,0.));
#5735 = PCURVE('',#3603,#5736);
#5736 = DEFINITIONAL_REPRESENTATION('',(#5737),#5741);
#5737 = LINE('',#5738,#5739);
#5738 = CARTESIAN_POINT('',(-29.,0.));
#5739 = VECTOR('',#5740,1.);
#5740 = DIRECTION('',(0.,1.));
#5741 = ( GEOMETRIC_REPRESENTATION_CONTEXT(2) 
PARAMETRIC_REPRESENTATION_CONTEXT() REPRESENTATION_CONTEXT('2D SPACE',''
  ) );
#5742 = PCURVE('',#4643,#5743);
#5743 = DEFINITIONAL_REPRESENTATION('',(#5744),#5748);
#5744 = LINE('',#5745,#5746);
#5745 = CARTESIAN_POINT('',(-0.,-0.));
#5746 = VECTOR('',#5747,1.);
#5747 = DIRECTION('',(-0.,-1.));
#5748 = ( GEOMETRIC_REPRESENTATION_CONTEXT(2) 
PARAMETRIC_REPRESENTATION_CONTEXT() REPRESENTATION_CONTEXT('2D SPACE',''
  ) );
#5749 = FACE_BOUND('',#5750,.T.);
#5750 = EDGE_LOOP('',(#5751));
#5751 = ORIENTED_EDGE('',*,*,#5752,.F.);
#5752 = EDGE_CURVE('',#5753,#5753,#5755,.T.);
#5753 = VERTEX_POINT('',#5754);
#5754 = CARTESIAN_POINT('',(-0.1,-70.,6.));
#5755 = SURFACE_CURVE('',#5756,(#5761,#5772),.PCURVE_S1.);
#5756 = CIRCLE('',#5757,3.1);
#5757 = AXIS2_PLACEMENT_3D('',#5758,#5759,#5760);
#5758 = CARTESIAN_POINT('',(3.,-70.,6.));
#5759 = DIRECTION('',(0.,0.,-1.));
#5760 = DIRECTION('',(-1.,0.,-0.));
#5761 = PCURVE('',#3603,#5762);
#5762 = DEFINITIONAL_REPRESENTATION('',(#5763),#5771);
#5763 = ( BOUNDED_CURVE() B_SPLINE_CURVE(2,(#5764,#5765,#5766,#5767,
#5768,#5769,#5770),.UNSPECIFIED.,.T.,.F.) B_SPLINE_CURVE_WITH_KNOTS((1,2
    ,2,2,2,1),(-2.094395102393,0.,2.094395102393,4.188790204786,
6.28318530718,8.377580409573),.UNSPECIFIED.) CURVE() 
GEOMETRIC_REPRESENTATION_ITEM() RATIONAL_B_SPLINE_CURVE((1.,0.5,1.,0.5,
1.,0.5,1.)) REPRESENTATION_ITEM('') );
#5764 = CARTESIAN_POINT('',(-7.1,9.));
#5765 = CARTESIAN_POINT('',(-7.1,14.369357503464));
#5766 = CARTESIAN_POINT('',(-2.45,11.684678751732));
#5767 = CARTESIAN_POINT('',(2.2,9.));
#5768 = CARTESIAN_POINT('',(-2.45,6.315321248268));
#5769 = CARTESIAN_POINT('',(-7.1,3.630642496536));
#5770 = CARTESIAN_POINT('',(-7.1,9.));
#5771 = ( GEOMETRIC_REPRESENTATION_CONTEXT(2) 
PARAMETRIC_REPRESENTATION_CONTEXT() REPRESENTATION_CONTEXT('2D SPACE',''
  ) );
#5772 = PCURVE('',#5773,#5778);
#5773 = CYLINDRICAL_SURFACE('',#5774,3.1);
#5774 = AXIS2_PLACEMENT_3D('',#5775,#5776,#5777);
#5775 = CARTESIAN_POINT('',(3.,-70.,6.));
#5776 = DIRECTION('',(0.,-0.,1.));
#5777 = DIRECTION('',(-1.,0.,-0.));
#5778 = DEFINITIONAL_REPRESENTATION('',(#5779),#5783);
#5779 = LINE('',#5780,#5781);
#5780 = CARTESIAN_POINT('',(-0.,0.));
#5781 = VECTOR('',#5782,1.);
#5782 = DIRECTION('',(-1.,0.));
#5783 = ( GEOMETRIC_REPRESENTATION_CONTEXT(2) 
PARAMETRIC_REPRESENTATION_CONTEXT() REPRESENTATION_CONTEXT('2D SPACE',''
  ) );
#5784 = ADVANCED_FACE('',(#5785),#3577,.T.);
#5785 = FACE_BOUND('',#5786,.F.);
#5786 = EDGE_LOOP('',(#5787,#5788,#5809));
#5787 = ORIENTED_EDGE('',*,*,#3561,.F.);
#5788 = ORIENTED_EDGE('',*,*,#5789,.F.);
#5789 = EDGE_CURVE('',#5661,#3534,#5790,.T.);
#5790 = SURFACE_CURVE('',#5791,(#5795,#5802),.PCURVE_S1.);
#5791 = LINE('',#5792,#5793);
#5792 = CARTESIAN_POINT('',(-22.,-79.,6.));
#5793 = VECTOR('',#5794,1.);
#5794 = DIRECTION('',(0.,-0.,1.));
#5795 = PCURVE('',#3577,#5796);
#5796 = DEFINITIONAL_REPRESENTATION('',(#5797),#5801);
#5797 = LINE('',#5798,#5799);
#5798 = CARTESIAN_POINT('',(-0.,-0.));
#5799 = VECTOR('',#5800,1.);
#5800 = DIRECTION('',(-1.,-0.));
#5801 = ( GEOMETRIC_REPRESENTATION_CONTEXT(2) 
PARAMETRIC_REPRESENTATION_CONTEXT() REPRESENTATION_CONTEXT('2D SPACE',''
  ) );
#5802 = PCURVE('',#3549,#5803);
#5803 = DEFINITIONAL_REPRESENTATION('',(#5804),#5808);
#5804 = LINE('',#5805,#5806);
#5805 = CARTESIAN_POINT('',(-0.,29.));
#5806 = VECTOR('',#5807,1.);
#5807 = DIRECTION('',(-1.,-0.));
#5808 = ( GEOMETRIC_REPRESENTATION_CONTEXT(2) 
PARAMETRIC_REPRESENTATION_CONTEXT() REPRESENTATION_CONTEXT('2D SPACE',''
  ) );
#5809 = ORIENTED_EDGE('',*,*,#5683,.T.);
#5810 = ADVANCED_FACE('',(#5811),#3549,.F.);
#5811 = FACE_BOUND('',#5812,.T.);
#5812 = EDGE_LOOP('',(#5813,#5814,#5837,#5858,#5859,#5860));
#5813 = ORIENTED_EDGE('',*,*,#5660,.F.);
#5814 = ORIENTED_EDGE('',*,*,#5815,.T.);
#5815 = EDGE_CURVE('',#5633,#5816,#5818,.T.);
#5816 = VERTEX_POINT('',#5817);
#5817 = CARTESIAN_POINT('',(7.,-79.,14.));
#5818 = SURFACE_CURVE('',#5819,(#5823,#5830),.PCURVE_S1.);
#5819 = LINE('',#5820,#5821);
#5820 = CARTESIAN_POINT('',(7.,-79.,6.));
#5821 = VECTOR('',#5822,1.);
#5822 = DIRECTION('',(0.,-0.,1.));
#5823 = PCURVE('',#3549,#5824);
#5824 = DEFINITIONAL_REPRESENTATION('',(#5825),#5829);
#5825 = LINE('',#5826,#5827);
#5826 = CARTESIAN_POINT('',(-0.,-0.));
#5827 = VECTOR('',#5828,1.);
#5828 = DIRECTION('',(-1.,-0.));
#5829 = ( GEOMETRIC_REPRESENTATION_CONTEXT(2) 
PARAMETRIC_REPRESENTATION_CONTEXT() REPRESENTATION_CONTEXT('2D SPACE',''
  ) );
#5830 = PCURVE('',#5648,#5831);
#5831 = DEFINITIONAL_REPRESENTATION('',(#5832),#5836);
#5832 = LINE('',#5833,#5834);
#5833 = CARTESIAN_POINT('',(-0.,-0.));
#5834 = VECTOR('',#5835,1.);
#5835 = DIRECTION('',(-1.,-0.));
#5836 = ( GEOMETRIC_REPRESENTATION_CONTEXT(2) 
PARAMETRIC_REPRESENTATION_CONTEXT() REPRESENTATION_CONTEXT('2D SPACE',''
  ) );
#5837 = ORIENTED_EDGE('',*,*,#5838,.F.);
#5838 = EDGE_CURVE('',#3619,#5816,#5839,.T.);
#5839 = SURFACE_CURVE('',#5840,(#5844,#5851),.PCURVE_S1.);
#5840 = LINE('',#5841,#5842);
#5841 = CARTESIAN_POINT('',(-22.,-79.,14.));
#5842 = VECTOR('',#5843,1.);
#5843 = DIRECTION('',(1.,-0.,-0.));
#5844 = PCURVE('',#3549,#5845);
#5845 = DEFINITIONAL_REPRESENTATION('',(#5846),#5850);
#5846 = LINE('',#5847,#5848);
#5847 = CARTESIAN_POINT('',(-8.,29.));
#5848 = VECTOR('',#5849,1.);
#5849 = DIRECTION('',(-0.,-1.));
#5850 = ( GEOMETRIC_REPRESENTATION_CONTEXT(2) 
PARAMETRIC_REPRESENTATION_CONTEXT() REPRESENTATION_CONTEXT('2D SPACE',''
  ) );
#5851 = PCURVE('',#3657,#5852);
#5852 = DEFINITIONAL_REPRESENTATION('',(#5853),#5857);
#5853 = LINE('',#5854,#5855);
#5854 = CARTESIAN_POINT('',(-29.,0.));
#5855 = VECTOR('',#5856,1.);
#5856 = DIRECTION('',(1.,-0.));
#5857 = ( GEOMETRIC_REPRESENTATION_CONTEXT(2) 
PARAMETRIC_REPRESENTATION_CONTEXT() REPRESENTATION_CONTEXT('2D SPACE',''
  ) );
#5858 = ORIENTED_EDGE('',*,*,#3618,.T.);
#5859 = ORIENTED_EDGE('',*,*,#3533,.F.);
#5860 = ORIENTED_EDGE('',*,*,#5789,.F.);
#5861 = ADVANCED_FACE('',(#5862),#3496,.F.);
#5862 = FACE_BOUND('',#5863,.T.);
#5863 = EDGE_LOOP('',(#5864,#5865,#5888,#5914,#5915));
#5864 = ORIENTED_EDGE('',*,*,#4132,.T.);
#5865 = ORIENTED_EDGE('',*,*,#5866,.T.);
#5866 = EDGE_CURVE('',#4110,#5867,#5869,.T.);
#5867 = VERTEX_POINT('',#5868);
#5868 = CARTESIAN_POINT('',(-24.,-114.0558075116,23.148783444058));
#5869 = SURFACE_CURVE('',#5870,(#5874,#5881),.PCURVE_S1.);
#5870 = LINE('',#5871,#5872);
#5871 = CARTESIAN_POINT('',(-12.5,-114.0558075116,23.148783444058));
#5872 = VECTOR('',#5873,1.);
#5873 = DIRECTION('',(-1.,0.,-0.));
#5874 = PCURVE('',#3496,#5875);
#5875 = DEFINITIONAL_REPRESENTATION('',(#5876),#5880);
#5876 = LINE('',#5877,#5878);
#5877 = CARTESIAN_POINT('',(-6.641002688892,-6.551403737711E-16));
#5878 = VECTOR('',#5879,1.);
#5879 = DIRECTION('',(-0.,1.));
#5880 = ( GEOMETRIC_REPRESENTATION_CONTEXT(2) 
PARAMETRIC_REPRESENTATION_CONTEXT() REPRESENTATION_CONTEXT('2D SPACE',''
  ) );
#5881 = PCURVE('',#3833,#5882);
#5882 = DEFINITIONAL_REPRESENTATION('',(#5883),#5887);
#5883 = LINE('',#5884,#5885);
#5884 = CARTESIAN_POINT('',(-0.,168.17621919573));
#5885 = VECTOR('',#5886,1.);
#5886 = DIRECTION('',(-1.,0.));
#5887 = ( GEOMETRIC_REPRESENTATION_CONTEXT(2) 
PARAMETRIC_REPRESENTATION_CONTEXT() REPRESENTATION_CONTEXT('2D SPACE',''
  ) );
#5888 = ORIENTED_EDGE('',*,*,#5889,.F.);
#5889 = EDGE_CURVE('',#3455,#5867,#5890,.T.);
#5890 = SURFACE_CURVE('',#5891,(#5896,#5903),.PCURVE_S1.);
#5891 = CIRCLE('',#5892,6.3);
#5892 = AXIS2_PLACEMENT_3D('',#5893,#5894,#5895);
#5893 = CARTESIAN_POINT('',(-24.,-116.2622608604,29.049763330439));
#5894 = DIRECTION('',(1.,0.,-1.110223024625E-16));
#5895 = DIRECTION('',(-1.110223024625E-16,-0.,-1.));
#5896 = PCURVE('',#3496,#5897);
#5897 = DEFINITIONAL_REPRESENTATION('',(#5898),#5902);
#5898 = LINE('',#5899,#5900);
#5899 = CARTESIAN_POINT('',(-0.,11.5));
#5900 = VECTOR('',#5901,1.);
#5901 = DIRECTION('',(-1.,0.));
#5902 = ( GEOMETRIC_REPRESENTATION_CONTEXT(2) 
PARAMETRIC_REPRESENTATION_CONTEXT() REPRESENTATION_CONTEXT('2D SPACE',''
  ) );
#5903 = PCURVE('',#3470,#5904);
#5904 = DEFINITIONAL_REPRESENTATION('',(#5905),#5913);
#5905 = ( BOUNDED_CURVE() B_SPLINE_CURVE(2,(#5906,#5907,#5908,#5909,
#5910,#5911,#5912),.UNSPECIFIED.,.T.,.F.) B_SPLINE_CURVE_WITH_KNOTS((1,2
    ,2,2,2,1),(-2.094395102393,0.,2.094395102393,4.188790204786,
6.28318530718,8.377580409573),.UNSPECIFIED.) CURVE() 
GEOMETRIC_REPRESENTATION_ITEM() RATIONAL_B_SPLINE_CURVE((1.,0.5,1.,0.5,
1.,0.5,1.)) REPRESENTATION_ITEM('') );
#5906 = CARTESIAN_POINT('',(-8.881906475282,-47.78652676795));
#5907 = CARTESIAN_POINT('',(-5.034207015868,-37.57549308521));
#5908 = CARTESIAN_POINT('',(1.884957822575,-46.01321540456));
#5909 = CARTESIAN_POINT('',(8.804122661018,-54.45093772391));
#5910 = CARTESIAN_POINT('',(-1.962741636839,-56.2242490873));
#5911 = CARTESIAN_POINT('',(-12.72960593469,-57.99756045069));
#5912 = CARTESIAN_POINT('',(-8.881906475282,-47.78652676795));
#5913 = ( GEOMETRIC_REPRESENTATION_CONTEXT(2) 
PARAMETRIC_REPRESENTATION_CONTEXT() REPRESENTATION_CONTEXT('2D SPACE',''
  ) );
#5914 = ORIENTED_EDGE('',*,*,#3482,.F.);
#5915 = ORIENTED_EDGE('',*,*,#4156,.F.);
#5916 = ADVANCED_FACE('',(#5917),#3470,.T.);
#5917 = FACE_BOUND('',#5918,.F.);
#5918 = EDGE_LOOP('',(#5919,#5942,#5963,#5964,#5965,#5966,#5967,#5988,
    #5989));
#5919 = ORIENTED_EDGE('',*,*,#5920,.F.);
#5920 = EDGE_CURVE('',#5921,#3427,#5923,.T.);
#5921 = VERTEX_POINT('',#5922);
#5922 = CARTESIAN_POINT('',(-24.,-70.,10.));
#5923 = SURFACE_CURVE('',#5924,(#5928,#5935),.PCURVE_S1.);
#5924 = LINE('',#5925,#5926);
#5925 = CARTESIAN_POINT('',(-24.,-68.41323548667,14.210959318167));
#5926 = VECTOR('',#5927,1.);
#5927 = DIRECTION('',(0.,-0.352614336294,-0.93576873737));
#5928 = PCURVE('',#3470,#5929);
#5929 = DEFINITIONAL_REPRESENTATION('',(#5930),#5934);
#5930 = LINE('',#5931,#5932);
#5931 = CARTESIAN_POINT('',(0.,-0.));
#5932 = VECTOR('',#5933,1.);
#5933 = DIRECTION('',(-1.,2.073080197319E-17));
#5934 = ( GEOMETRIC_REPRESENTATION_CONTEXT(2) 
PARAMETRIC_REPRESENTATION_CONTEXT() REPRESENTATION_CONTEXT('2D SPACE',''
  ) );
#5935 = PCURVE('',#3442,#5936);
#5936 = DEFINITIONAL_REPRESENTATION('',(#5937),#5941);
#5937 = LINE('',#5938,#5939);
#5938 = CARTESIAN_POINT('',(-0.,4.));
#5939 = VECTOR('',#5940,1.);
#5940 = DIRECTION('',(-1.,0.));
#5941 = ( GEOMETRIC_REPRESENTATION_CONTEXT(2) 
PARAMETRIC_REPRESENTATION_CONTEXT() REPRESENTATION_CONTEXT('2D SPACE',''
  ) );
#5942 = ORIENTED_EDGE('',*,*,#5943,.F.);
#5943 = EDGE_CURVE('',#4656,#5921,#5944,.T.);
#5944 = SURFACE_CURVE('',#5945,(#5949,#5956),.PCURVE_S1.);
#5945 = LINE('',#5946,#5947);
#5946 = CARTESIAN_POINT('',(-24.,-67.60410160103,6.190843812361));
#5947 = VECTOR('',#5948,1.);
#5948 = DIRECTION('',(0.,-0.532421866437,0.846479152809));
#5949 = PCURVE('',#3470,#5950);
#5950 = DEFINITIONAL_REPRESENTATION('',(#5951),#5955);
#5951 = LINE('',#5952,#5953);
#5952 = CARTESIAN_POINT('',(-7.219661152373,3.585169900615));
#5953 = VECTOR('',#5954,1.);
#5954 = DIRECTION('',(0.604369144972,-0.796704422359));
#5955 = ( GEOMETRIC_REPRESENTATION_CONTEXT(2) 
PARAMETRIC_REPRESENTATION_CONTEXT() REPRESENTATION_CONTEXT('2D SPACE',''
  ) );
#5956 = PCURVE('',#4671,#5957);
#5957 = DEFINITIONAL_REPRESENTATION('',(#5958),#5962);
#5958 = LINE('',#5959,#5960);
#5959 = CARTESIAN_POINT('',(-0.,4.));
#5960 = VECTOR('',#5961,1.);
#5961 = DIRECTION('',(-1.,0.));
#5962 = ( GEOMETRIC_REPRESENTATION_CONTEXT(2) 
PARAMETRIC_REPRESENTATION_CONTEXT() REPRESENTATION_CONTEXT('2D SPACE',''
  ) );
#5963 = ORIENTED_EDGE('',*,*,#4683,.T.);
#5964 = ORIENTED_EDGE('',*,*,#4809,.T.);
#5965 = ORIENTED_EDGE('',*,*,#5410,.F.);
#5966 = ORIENTED_EDGE('',*,*,#3794,.T.);
#5967 = ORIENTED_EDGE('',*,*,#5968,.F.);
#5968 = EDGE_CURVE('',#5867,#3795,#5969,.T.);
#5969 = SURFACE_CURVE('',#5970,(#5974,#5981),.PCURVE_S1.);
#5970 = LINE('',#5971,#5972);
#5971 = CARTESIAN_POINT('',(-24.,-16.73757362718,59.537340461723));
#5972 = VECTOR('',#5973,1.);
#5973 = DIRECTION('',(-0.,0.936663474029,0.350230690289));
#5974 = PCURVE('',#3470,#5975);
#5975 = DEFINITIONAL_REPRESENTATION('',(#5976),#5980);
#5976 = LINE('',#5977,#5978);
#5977 = CARTESIAN_POINT('',(60.636589661425,32.373737047487));
#5978 = VECTOR('',#5979,1.);
#5979 = DIRECTION('',(0.658015900066,0.753004034027));
#5980 = ( GEOMETRIC_REPRESENTATION_CONTEXT(2) 
PARAMETRIC_REPRESENTATION_CONTEXT() REPRESENTATION_CONTEXT('2D SPACE',''
  ) );
#5981 = PCURVE('',#3833,#5982);
#5982 = DEFINITIONAL_REPRESENTATION('',(#5983),#5987);
#5983 = LINE('',#5984,#5985);
#5984 = CARTESIAN_POINT('',(-11.5,64.277394716263));
#5985 = VECTOR('',#5986,1.);
#5986 = DIRECTION('',(-0.,-1.));
#5987 = ( GEOMETRIC_REPRESENTATION_CONTEXT(2) 
PARAMETRIC_REPRESENTATION_CONTEXT() REPRESENTATION_CONTEXT('2D SPACE',''
  ) );
#5988 = ORIENTED_EDGE('',*,*,#5889,.F.);
#5989 = ORIENTED_EDGE('',*,*,#3454,.F.);
#5990 = ADVANCED_FACE('',(#5991),#3442,.F.);
#5991 = FACE_BOUND('',#5992,.T.);
#5992 = EDGE_LOOP('',(#5993,#5994,#6017,#6038,#6039,#6040));
#5993 = ORIENTED_EDGE('',*,*,#5920,.F.);
#5994 = ORIENTED_EDGE('',*,*,#5995,.F.);
#5995 = EDGE_CURVE('',#5996,#5921,#5998,.T.);
#5996 = VERTEX_POINT('',#5997);
#5997 = CARTESIAN_POINT('',(-22.,-70.,10.));
#5998 = SURFACE_CURVE('',#5999,(#6003,#6010),.PCURVE_S1.);
#5999 = LINE('',#6000,#6001);
#6000 = CARTESIAN_POINT('',(-20.,-70.,10.));
#6001 = VECTOR('',#6002,1.);
#6002 = DIRECTION('',(-1.,-0.,-0.));
#6003 = PCURVE('',#3442,#6004);
#6004 = DEFINITIONAL_REPRESENTATION('',(#6005),#6009);
#6005 = LINE('',#6006,#6007);
#6006 = CARTESIAN_POINT('',(-4.5,0.));
#6007 = VECTOR('',#6008,1.);
#6008 = DIRECTION('',(-0.,1.));
#6009 = ( GEOMETRIC_REPRESENTATION_CONTEXT(2) 
PARAMETRIC_REPRESENTATION_CONTEXT() REPRESENTATION_CONTEXT('2D SPACE',''
  ) );
#6010 = PCURVE('',#4671,#6011);
#6011 = DEFINITIONAL_REPRESENTATION('',(#6012),#6016);
#6012 = LINE('',#6013,#6014);
#6013 = CARTESIAN_POINT('',(-4.5,0.));
#6014 = VECTOR('',#6015,1.);
#6015 = DIRECTION('',(-0.,1.));
#6016 = ( GEOMETRIC_REPRESENTATION_CONTEXT(2) 
PARAMETRIC_REPRESENTATION_CONTEXT() REPRESENTATION_CONTEXT('2D SPACE',''
  ) );
#6017 = ORIENTED_EDGE('',*,*,#6018,.T.);
#6018 = EDGE_CURVE('',#5996,#5707,#6019,.T.);
#6019 = SURFACE_CURVE('',#6020,(#6024,#6031),.PCURVE_S1.);
#6020 = LINE('',#6021,#6022);
#6021 = CARTESIAN_POINT('',(-22.,-70.42606460356,8.869308774266));
#6022 = VECTOR('',#6023,1.);
#6023 = DIRECTION('',(-0.,-0.352614336294,-0.93576873737));
#6024 = PCURVE('',#3442,#6025);
#6025 = DEFINITIONAL_REPRESENTATION('',(#6026),#6030);
#6026 = LINE('',#6027,#6028);
#6027 = CARTESIAN_POINT('',(-5.708301988065,2.));
#6028 = VECTOR('',#6029,1.);
#6029 = DIRECTION('',(-1.,0.));
#6030 = ( GEOMETRIC_REPRESENTATION_CONTEXT(2) 
PARAMETRIC_REPRESENTATION_CONTEXT() REPRESENTATION_CONTEXT('2D SPACE',''
  ) );
#6031 = PCURVE('',#4643,#6032);
#6032 = DEFINITIONAL_REPRESENTATION('',(#6033),#6037);
#6033 = LINE('',#6034,#6035);
#6034 = CARTESIAN_POINT('',(-2.869308774266,-8.573935396436));
#6035 = VECTOR('',#6036,1.);
#6036 = DIRECTION('',(0.93576873737,0.352614336294));
#6037 = ( GEOMETRIC_REPRESENTATION_CONTEXT(2) 
PARAMETRIC_REPRESENTATION_CONTEXT() REPRESENTATION_CONTEXT('2D SPACE',''
  ) );
#6038 = ORIENTED_EDGE('',*,*,#5706,.F.);
#6039 = ORIENTED_EDGE('',*,*,#5559,.T.);
#6040 = ORIENTED_EDGE('',*,*,#3426,.T.);
#6041 = ADVANCED_FACE('',(#6042),#3685,.T.);
#6042 = FACE_BOUND('',#6043,.F.);
#6043 = EDGE_LOOP('',(#6044,#6067,#6088,#6089,#6090,#6111));
#6044 = ORIENTED_EDGE('',*,*,#6045,.T.);
#6045 = EDGE_CURVE('',#5610,#6046,#6048,.T.);
#6046 = VERTEX_POINT('',#6047);
#6047 = CARTESIAN_POINT('',(7.,-61.,14.));
#6048 = SURFACE_CURVE('',#6049,(#6053,#6060),.PCURVE_S1.);
#6049 = LINE('',#6050,#6051);
#6050 = CARTESIAN_POINT('',(7.,-61.,6.));
#6051 = VECTOR('',#6052,1.);
#6052 = DIRECTION('',(0.,-0.,1.));
#6053 = PCURVE('',#3685,#6054);
#6054 = DEFINITIONAL_REPRESENTATION('',(#6055),#6059);
#6055 = LINE('',#6056,#6057);
#6056 = CARTESIAN_POINT('',(-0.,-0.));
#6057 = VECTOR('',#6058,1.);
#6058 = DIRECTION('',(-1.,-0.));
#6059 = ( GEOMETRIC_REPRESENTATION_CONTEXT(2) 
PARAMETRIC_REPRESENTATION_CONTEXT() REPRESENTATION_CONTEXT('2D SPACE',''
  ) );
#6060 = PCURVE('',#5648,#6061);
#6061 = DEFINITIONAL_REPRESENTATION('',(#6062),#6066);
#6062 = LINE('',#6063,#6064);
#6063 = CARTESIAN_POINT('',(-0.,-18.));
#6064 = VECTOR('',#6065,1.);
#6065 = DIRECTION('',(-1.,-0.));
#6066 = ( GEOMETRIC_REPRESENTATION_CONTEXT(2) 
PARAMETRIC_REPRESENTATION_CONTEXT() REPRESENTATION_CONTEXT('2D SPACE',''
  ) );
#6067 = ORIENTED_EDGE('',*,*,#6068,.F.);
#6068 = EDGE_CURVE('',#3642,#6046,#6069,.T.);
#6069 = SURFACE_CURVE('',#6070,(#6074,#6081),.PCURVE_S1.);
#6070 = LINE('',#6071,#6072);
#6071 = CARTESIAN_POINT('',(-22.,-61.,14.));
#6072 = VECTOR('',#6073,1.);
#6073 = DIRECTION('',(1.,-0.,-0.));
#6074 = PCURVE('',#3685,#6075);
#6075 = DEFINITIONAL_REPRESENTATION('',(#6076),#6080);
#6076 = LINE('',#6077,#6078);
#6077 = CARTESIAN_POINT('',(-8.,29.));
#6078 = VECTOR('',#6079,1.);
#6079 = DIRECTION('',(-0.,-1.));
#6080 = ( GEOMETRIC_REPRESENTATION_CONTEXT(2) 
PARAMETRIC_REPRESENTATION_CONTEXT() REPRESENTATION_CONTEXT('2D SPACE',''
  ) );
#6081 = PCURVE('',#3657,#6082);
#6082 = DEFINITIONAL_REPRESENTATION('',(#6083),#6087);
#6083 = LINE('',#6084,#6085);
#6084 = CARTESIAN_POINT('',(-29.,18.));
#6085 = VECTOR('',#6086,1.);
#6086 = DIRECTION('',(1.,-0.));
#6087 = ( GEOMETRIC_REPRESENTATION_CONTEXT(2) 
PARAMETRIC_REPRESENTATION_CONTEXT() REPRESENTATION_CONTEXT('2D SPACE',''
  ) );
#6088 = ORIENTED_EDGE('',*,*,#3669,.T.);
#6089 = ORIENTED_EDGE('',*,*,#4604,.T.);
#6090 = ORIENTED_EDGE('',*,*,#6091,.F.);
#6091 = EDGE_CURVE('',#5608,#4605,#6092,.T.);
#6092 = SURFACE_CURVE('',#6093,(#6097,#6104),.PCURVE_S1.);
#6093 = LINE('',#6094,#6095);
#6094 = CARTESIAN_POINT('',(-22.,-61.,6.));
#6095 = VECTOR('',#6096,1.);
#6096 = DIRECTION('',(0.,-0.,1.));
#6097 = PCURVE('',#3685,#6098);
#6098 = DEFINITIONAL_REPRESENTATION('',(#6099),#6103);
#6099 = LINE('',#6100,#6101);
#6100 = CARTESIAN_POINT('',(-0.,29.));
#6101 = VECTOR('',#6102,1.);
#6102 = DIRECTION('',(-1.,-0.));
#6103 = ( GEOMETRIC_REPRESENTATION_CONTEXT(2) 
PARAMETRIC_REPRESENTATION_CONTEXT() REPRESENTATION_CONTEXT('2D SPACE',''
  ) );
#6104 = PCURVE('',#4643,#6105);
#6105 = DEFINITIONAL_REPRESENTATION('',(#6106),#6110);
#6106 = LINE('',#6107,#6108);
#6107 = CARTESIAN_POINT('',(-0.,-18.));
#6108 = VECTOR('',#6109,1.);
#6109 = DIRECTION('',(-1.,-0.));
#6110 = ( GEOMETRIC_REPRESENTATION_CONTEXT(2) 
PARAMETRIC_REPRESENTATION_CONTEXT() REPRESENTATION_CONTEXT('2D SPACE',''
  ) );
#6111 = ORIENTED_EDGE('',*,*,#5607,.T.);
#6112 = ADVANCED_FACE('',(#6113),#3657,.T.);
#6113 = FACE_BOUND('',#6114,.F.);
#6114 = EDGE_LOOP('',(#6115,#6116,#6117,#6138));
#6115 = ORIENTED_EDGE('',*,*,#3641,.T.);
#6116 = ORIENTED_EDGE('',*,*,#6068,.T.);
#6117 = ORIENTED_EDGE('',*,*,#6118,.F.);
#6118 = EDGE_CURVE('',#5816,#6046,#6119,.T.);
#6119 = SURFACE_CURVE('',#6120,(#6124,#6131),.PCURVE_S1.);
#6120 = LINE('',#6121,#6122);
#6121 = CARTESIAN_POINT('',(7.,-79.,14.));
#6122 = VECTOR('',#6123,1.);
#6123 = DIRECTION('',(-0.,1.,0.));
#6124 = PCURVE('',#3657,#6125);
#6125 = DEFINITIONAL_REPRESENTATION('',(#6126),#6130);
#6126 = LINE('',#6127,#6128);
#6127 = CARTESIAN_POINT('',(0.,-0.));
#6128 = VECTOR('',#6129,1.);
#6129 = DIRECTION('',(0.,1.));
#6130 = ( GEOMETRIC_REPRESENTATION_CONTEXT(2) 
PARAMETRIC_REPRESENTATION_CONTEXT() REPRESENTATION_CONTEXT('2D SPACE',''
  ) );
#6131 = PCURVE('',#5648,#6132);
#6132 = DEFINITIONAL_REPRESENTATION('',(#6133),#6137);
#6133 = LINE('',#6134,#6135);
#6134 = CARTESIAN_POINT('',(-8.,-0.));
#6135 = VECTOR('',#6136,1.);
#6136 = DIRECTION('',(-0.,-1.));
#6137 = ( GEOMETRIC_REPRESENTATION_CONTEXT(2) 
PARAMETRIC_REPRESENTATION_CONTEXT() REPRESENTATION_CONTEXT('2D SPACE',''
  ) );
#6138 = ORIENTED_EDGE('',*,*,#5838,.F.);
#6139 = ADVANCED_FACE('',(#6140),#3833,.F.);
#6140 = FACE_BOUND('',#6141,.T.);
#6141 = EDGE_LOOP('',(#6142,#6143,#6144,#6145,#6146));
#6142 = ORIENTED_EDGE('',*,*,#5866,.F.);
#6143 = ORIENTED_EDGE('',*,*,#4356,.F.);
#6144 = ORIENTED_EDGE('',*,*,#4333,.F.);
#6145 = ORIENTED_EDGE('',*,*,#3817,.T.);
#6146 = ORIENTED_EDGE('',*,*,#5968,.F.);
#6147 = ADVANCED_FACE('',(#6148),#3914,.T.);
#6148 = FACE_BOUND('',#6149,.F.);
#6149 = EDGE_LOOP('',(#6150,#6151,#6152,#6175,#6196,#6197));
#6150 = ORIENTED_EDGE('',*,*,#4990,.F.);
#6151 = ORIENTED_EDGE('',*,*,#5307,.F.);
#6152 = ORIENTED_EDGE('',*,*,#6153,.T.);
#6153 = EDGE_CURVE('',#5308,#6154,#6156,.T.);
#6154 = VERTEX_POINT('',#6155);
#6155 = CARTESIAN_POINT('',(-24.,43.475485949755,82.051793255906));
#6156 = SURFACE_CURVE('',#6157,(#6161,#6168),.PCURVE_S1.);
#6157 = LINE('',#6158,#6159);
#6158 = CARTESIAN_POINT('',(-24.,112.69099368243,6.95033162617));
#6159 = VECTOR('',#6160,1.);
#6160 = DIRECTION('',(0.,-0.677704083073,0.735334737236));
#6161 = PCURVE('',#3914,#6162);
#6162 = DEFINITIONAL_REPRESENTATION('',(#6163),#6167);
#6163 = LINE('',#6164,#6165);
#6164 = CARTESIAN_POINT('',(-4.,0.));
#6165 = VECTOR('',#6166,1.);
#6166 = DIRECTION('',(-0.,1.));
#6167 = ( GEOMETRIC_REPRESENTATION_CONTEXT(2) 
PARAMETRIC_REPRESENTATION_CONTEXT() REPRESENTATION_CONTEXT('2D SPACE',''
  ) );
#6168 = PCURVE('',#5114,#6169);
#6169 = DEFINITIONAL_REPRESENTATION('',(#6170),#6174);
#6170 = LINE('',#6171,#6172);
#6171 = CARTESIAN_POINT('',(-7.927634598681,-2.915702498186));
#6172 = VECTOR('',#6173,1.);
#6173 = DIRECTION('',(0.647933888486,-0.761696577485));
#6174 = ( GEOMETRIC_REPRESENTATION_CONTEXT(2) 
PARAMETRIC_REPRESENTATION_CONTEXT() REPRESENTATION_CONTEXT('2D SPACE',''
  ) );
#6175 = ORIENTED_EDGE('',*,*,#6176,.F.);
#6176 = EDGE_CURVE('',#3899,#6154,#6177,.T.);
#6177 = SURFACE_CURVE('',#6178,(#6182,#6189),.PCURVE_S1.);
#6178 = LINE('',#6179,#6180);
#6179 = CARTESIAN_POINT('',(-12.5,43.475485949755,82.051793255906));
#6180 = VECTOR('',#6181,1.);
#6181 = DIRECTION('',(-1.,-0.,1.110223024625E-16));
#6182 = PCURVE('',#3914,#6183);
#6183 = DEFINITIONAL_REPRESENTATION('',(#6184),#6188);
#6184 = LINE('',#6185,#6186);
#6185 = CARTESIAN_POINT('',(7.5,102.13234575596));
#6186 = VECTOR('',#6187,1.);
#6187 = DIRECTION('',(-1.,8.163855560859E-17));
#6188 = ( GEOMETRIC_REPRESENTATION_CONTEXT(2) 
PARAMETRIC_REPRESENTATION_CONTEXT() REPRESENTATION_CONTEXT('2D SPACE',''
  ) );
#6189 = PCURVE('',#4401,#6190);
#6190 = DEFINITIONAL_REPRESENTATION('',(#6191),#6195);
#6191 = LINE('',#6192,#6193);
#6192 = CARTESIAN_POINT('',(-0.358965190307,-6.548587687288E-16));
#6193 = VECTOR('',#6194,1.);
#6194 = DIRECTION('',(-0.,1.));
#6195 = ( GEOMETRIC_REPRESENTATION_CONTEXT(2) 
PARAMETRIC_REPRESENTATION_CONTEXT() REPRESENTATION_CONTEXT('2D SPACE',''
  ) );
#6196 = ORIENTED_EDGE('',*,*,#3898,.T.);
#6197 = ORIENTED_EDGE('',*,*,#4056,.F.);
#6198 = ADVANCED_FACE('',(#6199),#4198,.F.);
#6199 = FACE_BOUND('',#6200,.T.);
#6200 = EDGE_LOOP('',(#6201,#6202,#6203,#6204));
#6201 = ORIENTED_EDGE('',*,*,#4210,.T.);
#6202 = ORIENTED_EDGE('',*,*,#4180,.T.);
#6203 = ORIENTED_EDGE('',*,*,#4257,.F.);
#6204 = ORIENTED_EDGE('',*,*,#4234,.F.);
#6205 = ADVANCED_FACE('',(#6206),#4401,.F.);
#6206 = FACE_BOUND('',#6207,.T.);
#6207 = EDGE_LOOP('',(#6208,#6209,#6210,#6211,#6212,#6213,#6214,#6215,
    #6216,#6217));
#6208 = ORIENTED_EDGE('',*,*,#6176,.F.);
#6209 = ORIENTED_EDGE('',*,*,#4531,.F.);
#6210 = ORIENTED_EDGE('',*,*,#4507,.T.);
#6211 = ORIENTED_EDGE('',*,*,#4484,.F.);
#6212 = ORIENTED_EDGE('',*,*,#4460,.T.);
#6213 = ORIENTED_EDGE('',*,*,#4437,.T.);
#6214 = ORIENTED_EDGE('',*,*,#4413,.F.);
#6215 = ORIENTED_EDGE('',*,*,#4385,.T.);
#6216 = ORIENTED_EDGE('',*,*,#5512,.T.);
#6217 = ORIENTED_EDGE('',*,*,#6218,.F.);
#6218 = EDGE_CURVE('',#6154,#5513,#6219,.T.);
#6219 = SURFACE_CURVE('',#6220,(#6225,#6232),.PCURVE_S1.);
#6220 = CIRCLE('',#6221,6.3);
#6221 = AXIS2_PLACEMENT_3D('',#6222,#6223,#6224);
#6222 = CARTESIAN_POINT('',(-24.,41.262260860453,87.950236669561));
#6223 = DIRECTION('',(1.,0.,-1.110223024625E-16));
#6224 = DIRECTION('',(-1.110223024625E-16,-0.,-1.));
#6225 = PCURVE('',#4401,#6226);
#6226 = DEFINITIONAL_REPRESENTATION('',(#6227),#6231);
#6227 = LINE('',#6228,#6229);
#6228 = CARTESIAN_POINT('',(-0.,11.5));
#6229 = VECTOR('',#6230,1.);
#6230 = DIRECTION('',(-1.,0.));
#6231 = ( GEOMETRIC_REPRESENTATION_CONTEXT(2) 
PARAMETRIC_REPRESENTATION_CONTEXT() REPRESENTATION_CONTEXT('2D SPACE',''
  ) );
#6232 = PCURVE('',#5114,#6233);
#6233 = DEFINITIONAL_REPRESENTATION('',(#6234),#6242);
#6234 = ( BOUNDED_CURVE() B_SPLINE_CURVE(2,(#6235,#6236,#6237,#6238,
#6239,#6240,#6241),.UNSPECIFIED.,.T.,.F.) B_SPLINE_CURVE_WITH_KNOTS((1,2
    ,2,2,2,1),(-2.094395102393,0.,2.094395102393,4.188790204786,
6.28318530718,8.377580409573),.UNSPECIFIED.) CURVE() 
GEOMETRIC_REPRESENTATION_ITEM() RATIONAL_B_SPLINE_CURVE((1.,0.5,1.,0.5,
1.,0.5,1.)) REPRESENTATION_ITEM('') );
#6235 = CARTESIAN_POINT('',(57.580978819143,-82.8579394829));
#6236 = CARTESIAN_POINT('',(58.901261252801,-72.02618734876));
#6237 = CARTESIAN_POINT('',(67.621692551631,-78.58546154355));
#6238 = CARTESIAN_POINT('',(76.342123850461,-85.14473573833));
#6239 = CARTESIAN_POINT('',(66.301410117973,-89.41721367768));
#6240 = CARTESIAN_POINT('',(56.260696385486,-93.68969161703));
#6241 = CARTESIAN_POINT('',(57.580978819143,-82.8579394829));
#6242 = ( GEOMETRIC_REPRESENTATION_CONTEXT(2) 
PARAMETRIC_REPRESENTATION_CONTEXT() REPRESENTATION_CONTEXT('2D SPACE',''
  ) );
#6243 = ADVANCED_FACE('',(#6244),#4671,.F.);
#6244 = FACE_BOUND('',#6245,.T.);
#6245 = EDGE_LOOP('',(#6246,#6247,#6268,#6269));
#6246 = ORIENTED_EDGE('',*,*,#4655,.F.);
#6247 = ORIENTED_EDGE('',*,*,#6248,.T.);
#6248 = EDGE_CURVE('',#4628,#5996,#6249,.T.);
#6249 = SURFACE_CURVE('',#6250,(#6254,#6261),.PCURVE_S1.);
#6250 = LINE('',#6251,#6252);
#6251 = CARTESIAN_POINT('',(-22.,-69.17631147701,8.690446040875));
#6252 = VECTOR('',#6253,1.);
#6253 = DIRECTION('',(-0.,-0.532421866437,0.846479152809));
#6254 = PCURVE('',#4671,#6255);
#6255 = DEFINITIONAL_REPRESENTATION('',(#6256),#6260);
#6256 = LINE('',#6257,#6258);
#6257 = CARTESIAN_POINT('',(-2.95294009335,2.));
#6258 = VECTOR('',#6259,1.);
#6259 = DIRECTION('',(-1.,0.));
#6260 = ( GEOMETRIC_REPRESENTATION_CONTEXT(2) 
PARAMETRIC_REPRESENTATION_CONTEXT() REPRESENTATION_CONTEXT('2D SPACE',''
  ) );
#6261 = PCURVE('',#4643,#6262);
#6262 = DEFINITIONAL_REPRESENTATION('',(#6263),#6267);
#6263 = LINE('',#6264,#6265);
#6264 = CARTESIAN_POINT('',(-2.690446040875,-9.823688522989));
#6265 = VECTOR('',#6266,1.);
#6266 = DIRECTION('',(-0.846479152809,0.532421866437));
#6267 = ( GEOMETRIC_REPRESENTATION_CONTEXT(2) 
PARAMETRIC_REPRESENTATION_CONTEXT() REPRESENTATION_CONTEXT('2D SPACE',''
  ) );
#6268 = ORIENTED_EDGE('',*,*,#5995,.T.);
#6269 = ORIENTED_EDGE('',*,*,#5943,.F.);
#6270 = ADVANCED_FACE('',(#6271),#4643,.T.);
#6271 = FACE_BOUND('',#6272,.F.);
#6272 = EDGE_LOOP('',(#6273,#6274,#6275,#6276,#6277));
#6273 = ORIENTED_EDGE('',*,*,#6248,.T.);
#6274 = ORIENTED_EDGE('',*,*,#6018,.T.);
#6275 = ORIENTED_EDGE('',*,*,#5729,.T.);
#6276 = ORIENTED_EDGE('',*,*,#6091,.T.);
#6277 = ORIENTED_EDGE('',*,*,#4627,.T.);
#6278 = ADVANCED_FACE('',(#6279),#4956,.T.);
#6279 = FACE_BOUND('',#6280,.F.);
#6280 = EDGE_LOOP('',(#6281,#6282,#6283,#6306,#6334,#6362));
#6281 = ORIENTED_EDGE('',*,*,#4940,.F.);
#6282 = ORIENTED_EDGE('',*,*,#5438,.F.);
#6283 = ORIENTED_EDGE('',*,*,#6284,.T.);
#6284 = EDGE_CURVE('',#5439,#6285,#6287,.T.);
#6285 = VERTEX_POINT('',#6286);
#6286 = CARTESIAN_POINT('',(-24.,128.16548644058,19.283570142749));
#6287 = SURFACE_CURVE('',#6288,(#6292,#6299),.PCURVE_S1.);
#6288 = LINE('',#6289,#6290);
#6289 = CARTESIAN_POINT('',(-24.,114.44273801509,14.221958681747));
#6290 = VECTOR('',#6291,1.);
#6291 = DIRECTION('',(0.,0.938213040388,0.346058218867));
#6292 = PCURVE('',#4956,#6293);
#6293 = DEFINITIONAL_REPRESENTATION('',(#6294),#6298);
#6294 = LINE('',#6295,#6296);
#6295 = CARTESIAN_POINT('',(-4.,0.));
#6296 = VECTOR('',#6297,1.);
#6297 = DIRECTION('',(0.,1.));
#6298 = ( GEOMETRIC_REPRESENTATION_CONTEXT(2) 
PARAMETRIC_REPRESENTATION_CONTEXT() REPRESENTATION_CONTEXT('2D SPACE',''
  ) );
#6299 = PCURVE('',#5114,#6300);
#6300 = DEFINITIONAL_REPRESENTATION('',(#6301),#6305);
#6301 = LINE('',#6302,#6303);
#6302 = CARTESIAN_POINT('',(-0.497479456684,-2.056654881193));
#6303 = VECTOR('',#6304,1.);
#6304 = DIRECTION('',(0.457034418043,0.889449009626));
#6305 = ( GEOMETRIC_REPRESENTATION_CONTEXT(2) 
PARAMETRIC_REPRESENTATION_CONTEXT() REPRESENTATION_CONTEXT('2D SPACE',''
  ) );
#6306 = ORIENTED_EDGE('',*,*,#6307,.F.);
#6307 = EDGE_CURVE('',#6308,#6285,#6310,.T.);
#6308 = VERTEX_POINT('',#6309);
#6309 = CARTESIAN_POINT('',(-22.,128.16548644058,19.283570142749));
#6310 = SURFACE_CURVE('',#6311,(#6315,#6322),.PCURVE_S1.);
#6311 = LINE('',#6312,#6313);
#6312 = CARTESIAN_POINT('',(-20.,128.16548644058,19.283570142749));
#6313 = VECTOR('',#6314,1.);
#6314 = DIRECTION('',(-1.,0.,-0.));
#6315 = PCURVE('',#4956,#6316);
#6316 = DEFINITIONAL_REPRESENTATION('',(#6317),#6321);
#6317 = LINE('',#6318,#6319);
#6318 = CARTESIAN_POINT('',(0.,14.626473769553));
#6319 = VECTOR('',#6320,1.);
#6320 = DIRECTION('',(-1.,0.));
#6321 = ( GEOMETRIC_REPRESENTATION_CONTEXT(2) 
PARAMETRIC_REPRESENTATION_CONTEXT() REPRESENTATION_CONTEXT('2D SPACE',''
  ) );
#6322 = PCURVE('',#6323,#6328);
#6323 = PLANE('',#6324);
#6324 = AXIS2_PLACEMENT_3D('',#6325,#6326,#6327);
#6325 = CARTESIAN_POINT('',(-20.,131.28001041039,10.839652779256));
#6326 = DIRECTION('',(0.,0.938213040388,0.346058218867));
#6327 = DIRECTION('',(0.,0.346058218867,-0.938213040388));
#6328 = DEFINITIONAL_REPRESENTATION('',(#6329),#6333);
#6329 = LINE('',#6330,#6331);
#6330 = CARTESIAN_POINT('',(-9.,0.));
#6331 = VECTOR('',#6332,1.);
#6332 = DIRECTION('',(-0.,1.));
#6333 = ( GEOMETRIC_REPRESENTATION_CONTEXT(2) 
PARAMETRIC_REPRESENTATION_CONTEXT() REPRESENTATION_CONTEXT('2D SPACE',''
  ) );
#6334 = ORIENTED_EDGE('',*,*,#6335,.T.);
#6335 = EDGE_CURVE('',#6308,#6336,#6338,.T.);
#6336 = VERTEX_POINT('',#6337);
#6337 = CARTESIAN_POINT('',(-22.,124.72274842548,18.013722321151));
#6338 = SURFACE_CURVE('',#6339,(#6343,#6350),.PCURVE_S1.);
#6339 = LINE('',#6340,#6341);
#6340 = CARTESIAN_POINT('',(-22.,109.83228865655,12.521402598518));
#6341 = VECTOR('',#6342,1.);
#6342 = DIRECTION('',(-0.,-0.938213040388,-0.346058218867));
#6343 = PCURVE('',#4956,#6344);
#6344 = DEFINITIONAL_REPRESENTATION('',(#6345),#6349);
#6345 = LINE('',#6346,#6347);
#6346 = CARTESIAN_POINT('',(-2.,-4.914075119481));
#6347 = VECTOR('',#6348,1.);
#6348 = DIRECTION('',(-0.,-1.));
#6349 = ( GEOMETRIC_REPRESENTATION_CONTEXT(2) 
PARAMETRIC_REPRESENTATION_CONTEXT() REPRESENTATION_CONTEXT('2D SPACE',''
  ) );
#6350 = PCURVE('',#6351,#6356);
#6351 = PLANE('',#6352);
#6352 = AXIS2_PLACEMENT_3D('',#6353,#6354,#6355);
#6353 = CARTESIAN_POINT('',(-22.,107.,6.));
#6354 = DIRECTION('',(-1.,-0.,-0.));
#6355 = DIRECTION('',(0.,0.,-1.));
#6356 = DEFINITIONAL_REPRESENTATION('',(#6357),#6361);
#6357 = LINE('',#6358,#6359);
#6358 = CARTESIAN_POINT('',(-6.521402598518,-2.832288656552));
#6359 = VECTOR('',#6360,1.);
#6360 = DIRECTION('',(0.346058218867,0.938213040388));
#6361 = ( GEOMETRIC_REPRESENTATION_CONTEXT(2) 
PARAMETRIC_REPRESENTATION_CONTEXT() REPRESENTATION_CONTEXT('2D SPACE',''
  ) );
#6362 = ORIENTED_EDGE('',*,*,#6363,.F.);
#6363 = EDGE_CURVE('',#4913,#6336,#6364,.T.);
#6364 = SURFACE_CURVE('',#6365,(#6369,#6376),.PCURVE_S1.);
#6365 = LINE('',#6366,#6367);
#6366 = CARTESIAN_POINT('',(-9.,124.72274842548,18.013722321151));
#6367 = VECTOR('',#6368,1.);
#6368 = DIRECTION('',(-1.,-0.,-0.));
#6369 = PCURVE('',#4956,#6370);
#6370 = DEFINITIONAL_REPRESENTATION('',(#6371),#6375);
#6371 = LINE('',#6372,#6373);
#6372 = CARTESIAN_POINT('',(11.,10.957010793774));
#6373 = VECTOR('',#6374,1.);
#6374 = DIRECTION('',(-1.,0.));
#6375 = ( GEOMETRIC_REPRESENTATION_CONTEXT(2) 
PARAMETRIC_REPRESENTATION_CONTEXT() REPRESENTATION_CONTEXT('2D SPACE',''
  ) );
#6376 = PCURVE('',#4928,#6377);
#6377 = DEFINITIONAL_REPRESENTATION('',(#6378),#6382);
#6378 = LINE('',#6379,#6380);
#6379 = CARTESIAN_POINT('',(-7.952110860149,11.));
#6380 = VECTOR('',#6381,1.);
#6381 = DIRECTION('',(-0.,1.));
#6382 = ( GEOMETRIC_REPRESENTATION_CONTEXT(2) 
PARAMETRIC_REPRESENTATION_CONTEXT() REPRESENTATION_CONTEXT('2D SPACE',''
  ) );
#6383 = ADVANCED_FACE('',(#6384),#4928,.F.);
#6384 = FACE_BOUND('',#6385,.T.);
#6385 = EDGE_LOOP('',(#6386,#6409,#6410,#6411,#6434,#6462,#6490,#6526));
#6386 = ORIENTED_EDGE('',*,*,#6387,.F.);
#6387 = EDGE_CURVE('',#6336,#6388,#6390,.T.);
#6388 = VERTEX_POINT('',#6389);
#6389 = CARTESIAN_POINT('',(-22.,124.72274842548,20.061611461002));
#6390 = SURFACE_CURVE('',#6391,(#6395,#6402),.PCURVE_S1.);
#6391 = LINE('',#6392,#6393);
#6392 = CARTESIAN_POINT('',(-22.,124.72274842548,10.061611461002));
#6393 = VECTOR('',#6394,1.);
#6394 = DIRECTION('',(0.,-0.,1.));
#6395 = PCURVE('',#4928,#6396);
#6396 = DEFINITIONAL_REPRESENTATION('',(#6397),#6401);
#6397 = LINE('',#6398,#6399);
#6398 = CARTESIAN_POINT('',(-0.,24.));
#6399 = VECTOR('',#6400,1.);
#6400 = DIRECTION('',(-1.,0.));
#6401 = ( GEOMETRIC_REPRESENTATION_CONTEXT(2) 
PARAMETRIC_REPRESENTATION_CONTEXT() REPRESENTATION_CONTEXT('2D SPACE',''
  ) );
#6402 = PCURVE('',#6351,#6403);
#6403 = DEFINITIONAL_REPRESENTATION('',(#6404),#6408);
#6404 = LINE('',#6405,#6406);
#6405 = CARTESIAN_POINT('',(-4.061611461002,-17.72274842548));
#6406 = VECTOR('',#6407,1.);
#6407 = DIRECTION('',(-1.,-0.));
#6408 = ( GEOMETRIC_REPRESENTATION_CONTEXT(2) 
PARAMETRIC_REPRESENTATION_CONTEXT() REPRESENTATION_CONTEXT('2D SPACE',''
  ) );
#6409 = ORIENTED_EDGE('',*,*,#6363,.F.);
#6410 = ORIENTED_EDGE('',*,*,#4912,.T.);
#6411 = ORIENTED_EDGE('',*,*,#6412,.T.);
#6412 = EDGE_CURVE('',#4885,#6413,#6415,.T.);
#6413 = VERTEX_POINT('',#6414);
#6414 = CARTESIAN_POINT('',(-6.,124.72274842548,14.));
#6415 = SURFACE_CURVE('',#6416,(#6420,#6427),.PCURVE_S1.);
#6416 = LINE('',#6417,#6418);
#6417 = CARTESIAN_POINT('',(4.5,124.72274842548,14.));
#6418 = VECTOR('',#6419,1.);
#6419 = DIRECTION('',(1.,-0.,-0.));
#6420 = PCURVE('',#4928,#6421);
#6421 = DEFINITIONAL_REPRESENTATION('',(#6422),#6426);
#6422 = LINE('',#6423,#6424);
#6423 = CARTESIAN_POINT('',(-3.938388538998,-2.5));
#6424 = VECTOR('',#6425,1.);
#6425 = DIRECTION('',(-0.,-1.));
#6426 = ( GEOMETRIC_REPRESENTATION_CONTEXT(2) 
PARAMETRIC_REPRESENTATION_CONTEXT() REPRESENTATION_CONTEXT('2D SPACE',''
  ) );
#6427 = PCURVE('',#4900,#6428);
#6428 = DEFINITIONAL_REPRESENTATION('',(#6429),#6433);
#6429 = LINE('',#6430,#6431);
#6430 = CARTESIAN_POINT('',(-2.5,17.722748425489));
#6431 = VECTOR('',#6432,1.);
#6432 = DIRECTION('',(1.,-0.));
#6433 = ( GEOMETRIC_REPRESENTATION_CONTEXT(2) 
PARAMETRIC_REPRESENTATION_CONTEXT() REPRESENTATION_CONTEXT('2D SPACE',''
  ) );
#6434 = ORIENTED_EDGE('',*,*,#6435,.T.);
#6435 = EDGE_CURVE('',#6413,#6436,#6438,.T.);
#6436 = VERTEX_POINT('',#6437);
#6437 = CARTESIAN_POINT('',(-6.,124.72274842548,18.478019326001));
#6438 = SURFACE_CURVE('',#6439,(#6443,#6450),.PCURVE_S1.);
#6439 = LINE('',#6440,#6441);
#6440 = CARTESIAN_POINT('',(-6.,124.72274842548,9.431116292503));
#6441 = VECTOR('',#6442,1.);
#6442 = DIRECTION('',(-0.,-0.,1.));
#6443 = PCURVE('',#4928,#6444);
#6444 = DEFINITIONAL_REPRESENTATION('',(#6445),#6449);
#6445 = LINE('',#6446,#6447);
#6446 = CARTESIAN_POINT('',(0.6304951685,8.));
#6447 = VECTOR('',#6448,1.);
#6448 = DIRECTION('',(-1.,-0.));
#6449 = ( GEOMETRIC_REPRESENTATION_CONTEXT(2) 
PARAMETRIC_REPRESENTATION_CONTEXT() REPRESENTATION_CONTEXT('2D SPACE',''
  ) );
#6450 = PCURVE('',#6451,#6456);
#6451 = PLANE('',#6452);
#6452 = AXIS2_PLACEMENT_3D('',#6453,#6454,#6455);
#6453 = CARTESIAN_POINT('',(-6.,133.30045718948,8.800621124003));
#6454 = DIRECTION('',(-1.,-0.,-0.));
#6455 = DIRECTION('',(0.,0.894427191,-0.4472135955));
#6456 = DEFINITIONAL_REPRESENTATION('',(#6457),#6461);
#6457 = LINE('',#6458,#6459);
#6458 = CARTESIAN_POINT('',(-7.95410196625,3.272135955));
#6459 = VECTOR('',#6460,1.);
#6460 = DIRECTION('',(-0.4472135955,-0.894427191));
#6461 = ( GEOMETRIC_REPRESENTATION_CONTEXT(2) 
PARAMETRIC_REPRESENTATION_CONTEXT() REPRESENTATION_CONTEXT('2D SPACE',''
  ) );
#6462 = ORIENTED_EDGE('',*,*,#6463,.T.);
#6463 = EDGE_CURVE('',#6436,#6464,#6466,.T.);
#6464 = VERTEX_POINT('',#6465);
#6465 = CARTESIAN_POINT('',(-3.539689278288,124.72274842548,
    18.478019326001));
#6466 = SURFACE_CURVE('',#6467,(#6471,#6478),.PCURVE_S1.);
#6467 = LINE('',#6468,#6469);
#6468 = CARTESIAN_POINT('',(6.,124.72274842548,18.478019326001));
#6469 = VECTOR('',#6470,1.);
#6470 = DIRECTION('',(1.,-0.,-0.));
#6471 = PCURVE('',#4928,#6472);
#6472 = DEFINITIONAL_REPRESENTATION('',(#6473),#6477);
#6473 = LINE('',#6474,#6475);
#6474 = CARTESIAN_POINT('',(-8.416407864999,-4.));
#6475 = VECTOR('',#6476,1.);
#6476 = DIRECTION('',(-0.,-1.));
#6477 = ( GEOMETRIC_REPRESENTATION_CONTEXT(2) 
PARAMETRIC_REPRESENTATION_CONTEXT() REPRESENTATION_CONTEXT('2D SPACE',''
  ) );
#6478 = PCURVE('',#6479,#6484);
#6479 = PLANE('',#6480);
#6480 = AXIS2_PLACEMENT_3D('',#6481,#6482,#6483);
#6481 = CARTESIAN_POINT('',(10.,122.56733089749,14.167184270003));
#6482 = DIRECTION('',(0.,-0.894427191,0.4472135955));
#6483 = DIRECTION('',(1.,0.,0.));
#6484 = DEFINITIONAL_REPRESENTATION('',(#6485),#6489);
#6485 = LINE('',#6486,#6487);
#6486 = CARTESIAN_POINT('',(-4.,4.819660112501));
#6487 = VECTOR('',#6488,1.);
#6488 = DIRECTION('',(1.,-0.));
#6489 = ( GEOMETRIC_REPRESENTATION_CONTEXT(2) 
PARAMETRIC_REPRESENTATION_CONTEXT() REPRESENTATION_CONTEXT('2D SPACE',''
  ) );
#6490 = ORIENTED_EDGE('',*,*,#6491,.F.);
#6491 = EDGE_CURVE('',#6492,#6464,#6494,.T.);
#6492 = VERTEX_POINT('',#6493);
#6493 = CARTESIAN_POINT('',(-3.134199061197,124.72274842548,
    20.061611461002));
#6494 = SURFACE_CURVE('',#6495,(#6500,#6511),.PCURVE_S1.);
#6495 = ELLIPSE('',#6496,6.260990336999,5.6);
#6496 = AXIS2_PLACEMENT_3D('',#6497,#6498,#6499);
#6497 = CARTESIAN_POINT('',(2.,124.72274842548,17.561611461002));
#6498 = DIRECTION('',(0.,-1.,0.));
#6499 = DIRECTION('',(-0.,-0.,-1.));
#6500 = PCURVE('',#4928,#6501);
#6501 = DEFINITIONAL_REPRESENTATION('',(#6502),#6510);
#6502 = ( BOUNDED_CURVE() B_SPLINE_CURVE(2,(#6503,#6504,#6505,#6506,
#6507,#6508,#6509),.UNSPECIFIED.,.T.,.F.) B_SPLINE_CURVE_WITH_KNOTS((1,2
    ,2,2,2,1),(-2.094395102393,0.,2.094395102393,4.188790204786,
6.28318530718,8.377580409573),.UNSPECIFIED.) CURVE() 
GEOMETRIC_REPRESENTATION_ITEM() RATIONAL_B_SPLINE_CURVE((1.,0.5,1.,0.5,
1.,0.5,1.)) REPRESENTATION_ITEM('') );
#6503 = CARTESIAN_POINT('',(-1.239009663001,0.));
#6504 = CARTESIAN_POINT('',(-1.239009663001,-9.699484522386));
#6505 = CARTESIAN_POINT('',(-10.6304951685,-4.849742261193));
#6506 = CARTESIAN_POINT('',(-20.02198067399,-1.371604415045E-15));
#6507 = CARTESIAN_POINT('',(-10.6304951685,4.849742261193));
#6508 = CARTESIAN_POINT('',(-1.239009663001,9.699484522386));
#6509 = CARTESIAN_POINT('',(-1.239009663001,0.));
#6510 = ( GEOMETRIC_REPRESENTATION_CONTEXT(2) 
PARAMETRIC_REPRESENTATION_CONTEXT() REPRESENTATION_CONTEXT('2D SPACE',''
  ) );
#6511 = PCURVE('',#6512,#6517);
#6512 = CYLINDRICAL_SURFACE('',#6513,5.6);
#6513 = AXIS2_PLACEMENT_3D('',#6514,#6515,#6516);
#6514 = CARTESIAN_POINT('',(2.,115.41191336949,22.217028989002));
#6515 = DIRECTION('',(-0.,0.894427191,-0.4472135955));
#6516 = DIRECTION('',(-1.,0.,-0.));
#6517 = DEFINITIONAL_REPRESENTATION('',(#6518),#6525);
#6518 = B_SPLINE_CURVE_WITH_KNOTS('',5,(#6519,#6520,#6521,#6522,#6523,
    #6524),.UNSPECIFIED.,.F.,.F.,(6,6),(4.119189204235,4.565493596142),
  .PIECEWISE_BEZIER_KNOTS.);
#6519 = CARTESIAN_POINT('',(-5.68998553103,8.844582472001));
#6520 = CARTESIAN_POINT('',(-5.779246409411,9.051813861435));
#6521 = CARTESIAN_POINT('',(-5.868507287793,9.274633888803));
#6522 = CARTESIAN_POINT('',(-5.957768166174,9.509604473762));
#6523 = CARTESIAN_POINT('',(-6.047029044555,9.752761826606));
#6524 = CARTESIAN_POINT('',(-6.136289922937,10.0000006));
#6525 = ( GEOMETRIC_REPRESENTATION_CONTEXT(2) 
PARAMETRIC_REPRESENTATION_CONTEXT() REPRESENTATION_CONTEXT('2D SPACE',''
  ) );
#6526 = ORIENTED_EDGE('',*,*,#6527,.T.);
#6527 = EDGE_CURVE('',#6492,#6388,#6528,.T.);
#6528 = SURFACE_CURVE('',#6529,(#6533,#6540),.PCURVE_S1.);
#6529 = LINE('',#6530,#6531);
#6530 = CARTESIAN_POINT('',(2.,124.72274842548,20.061611461002));
#6531 = VECTOR('',#6532,1.);
#6532 = DIRECTION('',(-1.,0.,-0.));
#6533 = PCURVE('',#4928,#6534);
#6534 = DEFINITIONAL_REPRESENTATION('',(#6535),#6539);
#6535 = LINE('',#6536,#6537);
#6536 = CARTESIAN_POINT('',(-10.,-0.));
#6537 = VECTOR('',#6538,1.);
#6538 = DIRECTION('',(-0.,1.));
#6539 = ( GEOMETRIC_REPRESENTATION_CONTEXT(2) 
PARAMETRIC_REPRESENTATION_CONTEXT() REPRESENTATION_CONTEXT('2D SPACE',''
  ) );
#6540 = PCURVE('',#6541,#6546);
#6541 = PLANE('',#6542);
#6542 = AXIS2_PLACEMENT_3D('',#6543,#6544,#6545);
#6543 = CARTESIAN_POINT('',(2.,124.72274842548,20.061611461002));
#6544 = DIRECTION('',(0.,-0.,1.));
#6545 = DIRECTION('',(1.,0.,0.));
#6546 = DEFINITIONAL_REPRESENTATION('',(#6547),#6551);
#6547 = LINE('',#6548,#6549);
#6548 = CARTESIAN_POINT('',(0.,-0.));
#6549 = VECTOR('',#6550,1.);
#6550 = DIRECTION('',(-1.,0.));
#6551 = ( GEOMETRIC_REPRESENTATION_CONTEXT(2) 
PARAMETRIC_REPRESENTATION_CONTEXT() REPRESENTATION_CONTEXT('2D SPACE',''
  ) );
#6552 = ADVANCED_FACE('',(#6553,#6657),#4900,.T.);
#6553 = FACE_BOUND('',#6554,.F.);
#6554 = EDGE_LOOP('',(#6555,#6578,#6579,#6580,#6603,#6631));
#6555 = ORIENTED_EDGE('',*,*,#6556,.F.);
#6556 = EDGE_CURVE('',#4857,#6557,#6559,.T.);
#6557 = VERTEX_POINT('',#6558);
#6558 = CARTESIAN_POINT('',(7.,107.,14.));
#6559 = SURFACE_CURVE('',#6560,(#6564,#6571),.PCURVE_S1.);
#6560 = LINE('',#6561,#6562);
#6561 = CARTESIAN_POINT('',(-22.,107.,14.));
#6562 = VECTOR('',#6563,1.);
#6563 = DIRECTION('',(1.,-0.,-0.));
#6564 = PCURVE('',#4900,#6565);
#6565 = DEFINITIONAL_REPRESENTATION('',(#6566),#6570);
#6566 = LINE('',#6567,#6568);
#6567 = CARTESIAN_POINT('',(-29.,0.));
#6568 = VECTOR('',#6569,1.);
#6569 = DIRECTION('',(1.,-0.));
#6570 = ( GEOMETRIC_REPRESENTATION_CONTEXT(2) 
PARAMETRIC_REPRESENTATION_CONTEXT() REPRESENTATION_CONTEXT('2D SPACE',''
  ) );
#6571 = PCURVE('',#4872,#6572);
#6572 = DEFINITIONAL_REPRESENTATION('',(#6573),#6577);
#6573 = LINE('',#6574,#6575);
#6574 = CARTESIAN_POINT('',(-8.,29.));
#6575 = VECTOR('',#6576,1.);
#6576 = DIRECTION('',(-0.,-1.));
#6577 = ( GEOMETRIC_REPRESENTATION_CONTEXT(2) 
PARAMETRIC_REPRESENTATION_CONTEXT() REPRESENTATION_CONTEXT('2D SPACE',''
  ) );
#6578 = ORIENTED_EDGE('',*,*,#4884,.F.);
#6579 = ORIENTED_EDGE('',*,*,#6412,.T.);
#6580 = ORIENTED_EDGE('',*,*,#6581,.F.);
#6581 = EDGE_CURVE('',#6582,#6413,#6584,.T.);
#6582 = VERTEX_POINT('',#6583);
#6583 = CARTESIAN_POINT('',(-6.,122.48694495598,14.));
#6584 = SURFACE_CURVE('',#6585,(#6589,#6596),.PCURVE_S1.);
#6585 = LINE('',#6586,#6587);
#6586 = CARTESIAN_POINT('',(-6.,120.15022859474,14.));
#6587 = VECTOR('',#6588,1.);
#6588 = DIRECTION('',(-0.,1.,-0.));
#6589 = PCURVE('',#4900,#6590);
#6590 = DEFINITIONAL_REPRESENTATION('',(#6591),#6595);
#6591 = LINE('',#6592,#6593);
#6592 = CARTESIAN_POINT('',(-13.,13.150228594744));
#6593 = VECTOR('',#6594,1.);
#6594 = DIRECTION('',(-0.,1.));
#6595 = ( GEOMETRIC_REPRESENTATION_CONTEXT(2) 
PARAMETRIC_REPRESENTATION_CONTEXT() REPRESENTATION_CONTEXT('2D SPACE',''
  ) );
#6596 = PCURVE('',#6451,#6597);
#6597 = DEFINITIONAL_REPRESENTATION('',(#6598),#6602);
#6598 = LINE('',#6599,#6600);
#6599 = CARTESIAN_POINT('',(-14.0871549445,1.2304951685));
#6600 = VECTOR('',#6601,1.);
#6601 = DIRECTION('',(0.894427191,-0.4472135955));
#6602 = ( GEOMETRIC_REPRESENTATION_CONTEXT(2) 
PARAMETRIC_REPRESENTATION_CONTEXT() REPRESENTATION_CONTEXT('2D SPACE',''
  ) );
#6603 = ORIENTED_EDGE('',*,*,#6604,.F.);
#6604 = EDGE_CURVE('',#6605,#6582,#6607,.T.);
#6605 = VERTEX_POINT('',#6606);
#6606 = CARTESIAN_POINT('',(7.,122.48694495598,14.));
#6607 = SURFACE_CURVE('',#6608,(#6612,#6619),.PCURVE_S1.);
#6608 = LINE('',#6609,#6610);
#6609 = CARTESIAN_POINT('',(10.,122.48694495598,14.));
#6610 = VECTOR('',#6611,1.);
#6611 = DIRECTION('',(-1.,-0.,1.110223024625E-16));
#6612 = PCURVE('',#4900,#6613);
#6613 = DEFINITIONAL_REPRESENTATION('',(#6614),#6618);
#6614 = LINE('',#6615,#6616);
#6615 = CARTESIAN_POINT('',(3.,15.486944955986));
#6616 = VECTOR('',#6617,1.);
#6617 = DIRECTION('',(-1.,0.));
#6618 = ( GEOMETRIC_REPRESENTATION_CONTEXT(2) 
PARAMETRIC_REPRESENTATION_CONTEXT() REPRESENTATION_CONTEXT('2D SPACE',''
  ) );
#6619 = PCURVE('',#6620,#6625);
#6620 = CYLINDRICAL_SURFACE('',#6621,6.);
#6621 = AXIS2_PLACEMENT_3D('',#6622,#6623,#6624);
#6622 = CARTESIAN_POINT('',(10.,127.93389404348,11.483902697003));
#6623 = DIRECTION('',(-1.,-0.,1.110223024625E-16));
#6624 = DIRECTION('',(-1.110223024625E-16,-0.,-1.));
#6625 = DEFINITIONAL_REPRESENTATION('',(#6626),#6630);
#6626 = LINE('',#6627,#6628);
#6627 = CARTESIAN_POINT('',(-4.279660271269,2.793429157985E-16));
#6628 = VECTOR('',#6629,1.);
#6629 = DIRECTION('',(-0.,1.));
#6630 = ( GEOMETRIC_REPRESENTATION_CONTEXT(2) 
PARAMETRIC_REPRESENTATION_CONTEXT() REPRESENTATION_CONTEXT('2D SPACE',''
  ) );
#6631 = ORIENTED_EDGE('',*,*,#6632,.F.);
#6632 = EDGE_CURVE('',#6557,#6605,#6633,.T.);
#6633 = SURFACE_CURVE('',#6634,(#6638,#6645),.PCURVE_S1.);
#6634 = LINE('',#6635,#6636);
#6635 = CARTESIAN_POINT('',(7.,107.,14.));
#6636 = VECTOR('',#6637,1.);
#6637 = DIRECTION('',(-0.,1.,0.));
#6638 = PCURVE('',#4900,#6639);
#6639 = DEFINITIONAL_REPRESENTATION('',(#6640),#6644);
#6640 = LINE('',#6641,#6642);
#6641 = CARTESIAN_POINT('',(0.,-0.));
#6642 = VECTOR('',#6643,1.);
#6643 = DIRECTION('',(0.,1.));
#6644 = ( GEOMETRIC_REPRESENTATION_CONTEXT(2) 
PARAMETRIC_REPRESENTATION_CONTEXT() REPRESENTATION_CONTEXT('2D SPACE',''
  ) );
#6645 = PCURVE('',#6646,#6651);
#6646 = PLANE('',#6647);
#6647 = AXIS2_PLACEMENT_3D('',#6648,#6649,#6650);
#6648 = CARTESIAN_POINT('',(7.,107.,6.));
#6649 = DIRECTION('',(-1.,0.,-0.));
#6650 = DIRECTION('',(0.,0.,-1.));
#6651 = DEFINITIONAL_REPRESENTATION('',(#6652),#6656);
#6652 = LINE('',#6653,#6654);
#6653 = CARTESIAN_POINT('',(-8.,-0.));
#6654 = VECTOR('',#6655,1.);
#6655 = DIRECTION('',(-0.,-1.));
#6656 = ( GEOMETRIC_REPRESENTATION_CONTEXT(2) 
PARAMETRIC_REPRESENTATION_CONTEXT() REPRESENTATION_CONTEXT('2D SPACE',''
  ) );
#6657 = FACE_BOUND('',#6658,.F.);
#6658 = EDGE_LOOP('',(#6659,#6695));
#6659 = ORIENTED_EDGE('',*,*,#6660,.F.);
#6660 = EDGE_CURVE('',#6661,#6663,#6665,.T.);
#6661 = VERTEX_POINT('',#6662);
#6662 = CARTESIAN_POINT('',(5.718833177873,122.48373876248,14.));
#6663 = VERTEX_POINT('',#6664);
#6664 = CARTESIAN_POINT('',(-1.718833177873,122.48373876248,14.));
#6665 = SURFACE_CURVE('',#6666,(#6671,#6682),.PCURVE_S1.);
#6666 = ELLIPSE('',#6667,12.521980673999,5.6);
#6667 = AXIS2_PLACEMENT_3D('',#6668,#6669,#6670);
#6668 = CARTESIAN_POINT('',(2.,131.84597134749,14.));
#6669 = DIRECTION('',(-0.,-0.,-1.));
#6670 = DIRECTION('',(-0.,1.,-0.));
#6671 = PCURVE('',#4900,#6672);
#6672 = DEFINITIONAL_REPRESENTATION('',(#6673),#6681);
#6673 = ( BOUNDED_CURVE() B_SPLINE_CURVE(2,(#6674,#6675,#6676,#6677,
#6678,#6679,#6680),.UNSPECIFIED.,.T.,.F.) B_SPLINE_CURVE_WITH_KNOTS((1,2
    ,2,2,2,1),(-2.094395102393,0.,2.094395102393,4.188790204786,
6.28318530718,8.377580409573),.UNSPECIFIED.) CURVE() 
GEOMETRIC_REPRESENTATION_ITEM() RATIONAL_B_SPLINE_CURVE((1.,0.5,1.,0.5,
1.,0.5,1.)) REPRESENTATION_ITEM('') );
#6674 = CARTESIAN_POINT('',(-5.,37.367952021493));
#6675 = CARTESIAN_POINT('',(4.699484522386,37.367952021493));
#6676 = CARTESIAN_POINT('',(-0.150257738807,18.584981010494));
#6677 = CARTESIAN_POINT('',(-5.,-0.197990000504));
#6678 = CARTESIAN_POINT('',(-9.849742261193,18.584981010494));
#6679 = CARTESIAN_POINT('',(-14.69948452238,37.367952021493));
#6680 = CARTESIAN_POINT('',(-5.,37.367952021493));
#6681 = ( GEOMETRIC_REPRESENTATION_CONTEXT(2) 
PARAMETRIC_REPRESENTATION_CONTEXT() REPRESENTATION_CONTEXT('2D SPACE',''
  ) );
#6682 = PCURVE('',#6512,#6683);
#6683 = DEFINITIONAL_REPRESENTATION('',(#6684),#6694);
#6684 = B_SPLINE_CURVE_WITH_KNOTS('',8,(#6685,#6686,#6687,#6688,#6689,
    #6690,#6691,#6692,#6693),.UNSPECIFIED.,.F.,.F.,(9,9),(2.415333471849
    ,3.867851835331),.PIECEWISE_BEZIER_KNOTS.);
#6685 = CARTESIAN_POINT('',(-2.297055508536,10.0000006));
#6686 = CARTESIAN_POINT('',(-2.115490713101,8.649582106953));
#6687 = CARTESIAN_POINT('',(-1.933925917665,7.614649258089));
#6688 = CARTESIAN_POINT('',(-1.752361122228,6.963038579298));
#6689 = CARTESIAN_POINT('',(-1.570796326795,6.740398091953));
#6690 = CARTESIAN_POINT('',(-1.389231531358,6.963038579304));
#6691 = CARTESIAN_POINT('',(-1.207666735924,7.614649258087));
#6692 = CARTESIAN_POINT('',(-1.026101940489,8.649582106953));
#6693 = CARTESIAN_POINT('',(-0.844537145054,10.0000006));
#6694 = ( GEOMETRIC_REPRESENTATION_CONTEXT(2) 
PARAMETRIC_REPRESENTATION_CONTEXT() REPRESENTATION_CONTEXT('2D SPACE',''
  ) );
#6695 = ORIENTED_EDGE('',*,*,#6696,.F.);
#6696 = EDGE_CURVE('',#6663,#6661,#6697,.T.);
#6697 = SURFACE_CURVE('',#6698,(#6702,#6709),.PCURVE_S1.);
#6698 = LINE('',#6699,#6700);
#6699 = CARTESIAN_POINT('',(4.5,122.48373876248,14.));
#6700 = VECTOR('',#6701,1.);
#6701 = DIRECTION('',(1.,-0.,-0.));
#6702 = PCURVE('',#4900,#6703);
#6703 = DEFINITIONAL_REPRESENTATION('',(#6704),#6708);
#6704 = LINE('',#6705,#6706);
#6705 = CARTESIAN_POINT('',(-2.5,15.483738762488));
#6706 = VECTOR('',#6707,1.);
#6707 = DIRECTION('',(1.,-0.));
#6708 = ( GEOMETRIC_REPRESENTATION_CONTEXT(2) 
PARAMETRIC_REPRESENTATION_CONTEXT() REPRESENTATION_CONTEXT('2D SPACE',''
  ) );
#6709 = PCURVE('',#6710,#6715);
#6710 = PLANE('',#6711);
#6711 = AXIS2_PLACEMENT_3D('',#6712,#6713,#6714);
#6712 = CARTESIAN_POINT('',(2.,124.35618527948,17.744893034002));
#6713 = DIRECTION('',(-0.,0.894427191,-0.4472135955));
#6714 = DIRECTION('',(1.,0.,0.));
#6715 = DEFINITIONAL_REPRESENTATION('',(#6716),#6720);
#6716 = LINE('',#6717,#6718);
#6717 = CARTESIAN_POINT('',(2.5,4.186917696247));
#6718 = VECTOR('',#6719,1.);
#6719 = DIRECTION('',(1.,-0.));
#6720 = ( GEOMETRIC_REPRESENTATION_CONTEXT(2) 
PARAMETRIC_REPRESENTATION_CONTEXT() REPRESENTATION_CONTEXT('2D SPACE',''
  ) );
#6721 = ADVANCED_FACE('',(#6722),#4872,.F.);
#6722 = FACE_BOUND('',#6723,.T.);
#6723 = EDGE_LOOP('',(#6724,#6749,#6770,#6771,#6772,#6773));
#6724 = ORIENTED_EDGE('',*,*,#6725,.F.);
#6725 = EDGE_CURVE('',#6726,#6728,#6730,.T.);
#6726 = VERTEX_POINT('',#6727);
#6727 = CARTESIAN_POINT('',(7.,107.,6.));
#6728 = VERTEX_POINT('',#6729);
#6729 = CARTESIAN_POINT('',(-22.,107.,6.));
#6730 = SURFACE_CURVE('',#6731,(#6735,#6742),.PCURVE_S1.);
#6731 = LINE('',#6732,#6733);
#6732 = CARTESIAN_POINT('',(7.,107.,6.));
#6733 = VECTOR('',#6734,1.);
#6734 = DIRECTION('',(-1.,-0.,-0.));
#6735 = PCURVE('',#4872,#6736);
#6736 = DEFINITIONAL_REPRESENTATION('',(#6737),#6741);
#6737 = LINE('',#6738,#6739);
#6738 = CARTESIAN_POINT('',(-0.,-0.));
#6739 = VECTOR('',#6740,1.);
#6740 = DIRECTION('',(-0.,1.));
#6741 = ( GEOMETRIC_REPRESENTATION_CONTEXT(2) 
PARAMETRIC_REPRESENTATION_CONTEXT() REPRESENTATION_CONTEXT('2D SPACE',''
  ) );
#6742 = PCURVE('',#5242,#6743);
#6743 = DEFINITIONAL_REPRESENTATION('',(#6744),#6748);
#6744 = LINE('',#6745,#6746);
#6745 = CARTESIAN_POINT('',(0.,-0.));
#6746 = VECTOR('',#6747,1.);
#6747 = DIRECTION('',(-1.,0.));
#6748 = ( GEOMETRIC_REPRESENTATION_CONTEXT(2) 
PARAMETRIC_REPRESENTATION_CONTEXT() REPRESENTATION_CONTEXT('2D SPACE',''
  ) );
#6749 = ORIENTED_EDGE('',*,*,#6750,.T.);
#6750 = EDGE_CURVE('',#6726,#6557,#6751,.T.);
#6751 = SURFACE_CURVE('',#6752,(#6756,#6763),.PCURVE_S1.);
#6752 = LINE('',#6753,#6754);
#6753 = CARTESIAN_POINT('',(7.,107.,6.));
#6754 = VECTOR('',#6755,1.);
#6755 = DIRECTION('',(0.,-0.,1.));
#6756 = PCURVE('',#4872,#6757);
#6757 = DEFINITIONAL_REPRESENTATION('',(#6758),#6762);
#6758 = LINE('',#6759,#6760);
#6759 = CARTESIAN_POINT('',(-0.,-0.));
#6760 = VECTOR('',#6761,1.);
#6761 = DIRECTION('',(-1.,-0.));
#6762 = ( GEOMETRIC_REPRESENTATION_CONTEXT(2) 
PARAMETRIC_REPRESENTATION_CONTEXT() REPRESENTATION_CONTEXT('2D SPACE',''
  ) );
#6763 = PCURVE('',#6646,#6764);
#6764 = DEFINITIONAL_REPRESENTATION('',(#6765),#6769);
#6765 = LINE('',#6766,#6767);
#6766 = CARTESIAN_POINT('',(-0.,-0.));
#6767 = VECTOR('',#6768,1.);
#6768 = DIRECTION('',(-1.,-0.));
#6769 = ( GEOMETRIC_REPRESENTATION_CONTEXT(2) 
PARAMETRIC_REPRESENTATION_CONTEXT() REPRESENTATION_CONTEXT('2D SPACE',''
  ) );
#6770 = ORIENTED_EDGE('',*,*,#6556,.F.);
#6771 = ORIENTED_EDGE('',*,*,#4856,.F.);
#6772 = ORIENTED_EDGE('',*,*,#5177,.F.);
#6773 = ORIENTED_EDGE('',*,*,#6774,.F.);
#6774 = EDGE_CURVE('',#6728,#5178,#6775,.T.);
#6775 = SURFACE_CURVE('',#6776,(#6780,#6787),.PCURVE_S1.);
#6776 = LINE('',#6777,#6778);
#6777 = CARTESIAN_POINT('',(-22.,107.,6.));
#6778 = VECTOR('',#6779,1.);
#6779 = DIRECTION('',(0.,-0.,1.));
#6780 = PCURVE('',#4872,#6781);
#6781 = DEFINITIONAL_REPRESENTATION('',(#6782),#6786);
#6782 = LINE('',#6783,#6784);
#6783 = CARTESIAN_POINT('',(-0.,29.));
#6784 = VECTOR('',#6785,1.);
#6785 = DIRECTION('',(-1.,-0.));
#6786 = ( GEOMETRIC_REPRESENTATION_CONTEXT(2) 
PARAMETRIC_REPRESENTATION_CONTEXT() REPRESENTATION_CONTEXT('2D SPACE',''
  ) );
#6787 = PCURVE('',#5216,#6788);
#6788 = DEFINITIONAL_REPRESENTATION('',(#6789),#6793);
#6789 = LINE('',#6790,#6791);
#6790 = CARTESIAN_POINT('',(-0.,-0.));
#6791 = VECTOR('',#6792,1.);
#6792 = DIRECTION('',(-1.,-0.));
#6793 = ( GEOMETRIC_REPRESENTATION_CONTEXT(2) 
PARAMETRIC_REPRESENTATION_CONTEXT() REPRESENTATION_CONTEXT('2D SPACE',''
  ) );
#6794 = ADVANCED_FACE('',(#6795),#5058,.F.);
#6795 = FACE_BOUND('',#6796,.T.);
#6796 = EDGE_LOOP('',(#6797,#6820,#6841));
#6797 = ORIENTED_EDGE('',*,*,#6798,.F.);
#6798 = EDGE_CURVE('',#6799,#5041,#6801,.T.);
#6799 = VERTEX_POINT('',#6800);
#6800 = CARTESIAN_POINT('',(-20.,115.51243993868,6.));
#6801 = SURFACE_CURVE('',#6802,(#6806,#6813),.PCURVE_S1.);
#6802 = LINE('',#6803,#6804);
#6803 = CARTESIAN_POINT('',(-20.,116.54447529891,14.466939293171));
#6804 = VECTOR('',#6805,1.);
#6805 = DIRECTION('',(0.,-0.12099451087,-0.99265317626));
#6806 = PCURVE('',#5058,#6807);
#6807 = DEFINITIONAL_REPRESENTATION('',(#6808),#6812);
#6808 = LINE('',#6809,#6810);
#6809 = CARTESIAN_POINT('',(0.,-0.));
#6810 = VECTOR('',#6811,1.);
#6811 = DIRECTION('',(-1.,4.117328373305E-18));
#6812 = ( GEOMETRIC_REPRESENTATION_CONTEXT(2) 
PARAMETRIC_REPRESENTATION_CONTEXT() REPRESENTATION_CONTEXT('2D SPACE',''
  ) );
#6813 = PCURVE('',#5086,#6814);
#6814 = DEFINITIONAL_REPRESENTATION('',(#6815),#6819);
#6815 = LINE('',#6816,#6817);
#6816 = CARTESIAN_POINT('',(-0.,-0.));
#6817 = VECTOR('',#6818,1.);
#6818 = DIRECTION('',(-1.,0.));
#6819 = ( GEOMETRIC_REPRESENTATION_CONTEXT(2) 
PARAMETRIC_REPRESENTATION_CONTEXT() REPRESENTATION_CONTEXT('2D SPACE',''
  ) );
#6820 = ORIENTED_EDGE('',*,*,#6821,.F.);
#6821 = EDGE_CURVE('',#5043,#6799,#6822,.T.);
#6822 = SURFACE_CURVE('',#6823,(#6827,#6834),.PCURVE_S1.);
#6823 = LINE('',#6824,#6825);
#6824 = CARTESIAN_POINT('',(-20.,111.77223764945,6.));
#6825 = VECTOR('',#6826,1.);
#6826 = DIRECTION('',(-0.,1.,-0.));
#6827 = PCURVE('',#5058,#6828);
#6828 = DEFINITIONAL_REPRESENTATION('',(#6829),#6833);
#6829 = LINE('',#6830,#6831);
#6830 = CARTESIAN_POINT('',(-8.982148742718,-3.712723682262));
#6831 = VECTOR('',#6832,1.);
#6832 = DIRECTION('',(0.12099451087,0.99265317626));
#6833 = ( GEOMETRIC_REPRESENTATION_CONTEXT(2) 
PARAMETRIC_REPRESENTATION_CONTEXT() REPRESENTATION_CONTEXT('2D SPACE',''
  ) );
#6834 = PCURVE('',#5242,#6835);
#6835 = DEFINITIONAL_REPRESENTATION('',(#6836),#6840);
#6836 = LINE('',#6837,#6838);
#6837 = CARTESIAN_POINT('',(-27.,4.772237649457));
#6838 = VECTOR('',#6839,1.);
#6839 = DIRECTION('',(-0.,1.));
#6840 = ( GEOMETRIC_REPRESENTATION_CONTEXT(2) 
PARAMETRIC_REPRESENTATION_CONTEXT() REPRESENTATION_CONTEXT('2D SPACE',''
  ) );
#6841 = ORIENTED_EDGE('',*,*,#5040,.F.);
#6842 = ADVANCED_FACE('',(#6843,#7081),#5242,.F.);
#6843 = FACE_BOUND('',#6844,.T.);
#6844 = EDGE_LOOP('',(#6845,#6875,#6903,#6924,#6925,#6946,#6947,#6948,
    #6971,#6999,#7027,#7055));
#6845 = ORIENTED_EDGE('',*,*,#6846,.T.);
#6846 = EDGE_CURVE('',#6847,#6849,#6851,.T.);
#6847 = VERTEX_POINT('',#6848);
#6848 = CARTESIAN_POINT('',(-22.,118.15902353336,6.));
#6849 = VERTEX_POINT('',#6850);
#6850 = CARTESIAN_POINT('',(-22.,125.,6.));
#6851 = SURFACE_CURVE('',#6852,(#6856,#6863),.PCURVE_S1.);
#6852 = LINE('',#6853,#6854);
#6853 = CARTESIAN_POINT('',(-22.,107.,6.));
#6854 = VECTOR('',#6855,1.);
#6855 = DIRECTION('',(-0.,1.,0.));
#6856 = PCURVE('',#5242,#6857);
#6857 = DEFINITIONAL_REPRESENTATION('',(#6858),#6862);
#6858 = LINE('',#6859,#6860);
#6859 = CARTESIAN_POINT('',(-29.,0.));
#6860 = VECTOR('',#6861,1.);
#6861 = DIRECTION('',(0.,1.));
#6862 = ( GEOMETRIC_REPRESENTATION_CONTEXT(2) 
PARAMETRIC_REPRESENTATION_CONTEXT() REPRESENTATION_CONTEXT('2D SPACE',''
  ) );
#6863 = PCURVE('',#6864,#6869);
#6864 = PLANE('',#6865);
#6865 = AXIS2_PLACEMENT_3D('',#6866,#6867,#6868);
#6866 = CARTESIAN_POINT('',(-22.,107.,6.));
#6867 = DIRECTION('',(-1.,-0.,-0.));
#6868 = DIRECTION('',(0.,0.,-1.));
#6869 = DEFINITIONAL_REPRESENTATION('',(#6870),#6874);
#6870 = LINE('',#6871,#6872);
#6871 = CARTESIAN_POINT('',(-0.,-0.));
#6872 = VECTOR('',#6873,1.);
#6873 = DIRECTION('',(-0.,-1.));
#6874 = ( GEOMETRIC_REPRESENTATION_CONTEXT(2) 
PARAMETRIC_REPRESENTATION_CONTEXT() REPRESENTATION_CONTEXT('2D SPACE',''
  ) );
#6875 = ORIENTED_EDGE('',*,*,#6876,.T.);
#6876 = EDGE_CURVE('',#6849,#6877,#6879,.T.);
#6877 = VERTEX_POINT('',#6878);
#6878 = CARTESIAN_POINT('',(7.,125.,6.));
#6879 = SURFACE_CURVE('',#6880,(#6884,#6891),.PCURVE_S1.);
#6880 = LINE('',#6881,#6882);
#6881 = CARTESIAN_POINT('',(-22.,125.,6.));
#6882 = VECTOR('',#6883,1.);
#6883 = DIRECTION('',(1.,-0.,-0.));
#6884 = PCURVE('',#5242,#6885);
#6885 = DEFINITIONAL_REPRESENTATION('',(#6886),#6890);
#6886 = LINE('',#6887,#6888);
#6887 = CARTESIAN_POINT('',(-29.,18.));
#6888 = VECTOR('',#6889,1.);
#6889 = DIRECTION('',(1.,-0.));
#6890 = ( GEOMETRIC_REPRESENTATION_CONTEXT(2) 
PARAMETRIC_REPRESENTATION_CONTEXT() REPRESENTATION_CONTEXT('2D SPACE',''
  ) );
#6891 = PCURVE('',#6892,#6897);
#6892 = PLANE('',#6893);
#6893 = AXIS2_PLACEMENT_3D('',#6894,#6895,#6896);
#6894 = CARTESIAN_POINT('',(7.,125.,6.));
#6895 = DIRECTION('',(-0.,1.,-0.));
#6896 = DIRECTION('',(0.,0.,-1.));
#6897 = DEFINITIONAL_REPRESENTATION('',(#6898),#6902);
#6898 = LINE('',#6899,#6900);
#6899 = CARTESIAN_POINT('',(-0.,29.));
#6900 = VECTOR('',#6901,1.);
#6901 = DIRECTION('',(-0.,-1.));
#6902 = ( GEOMETRIC_REPRESENTATION_CONTEXT(2) 
PARAMETRIC_REPRESENTATION_CONTEXT() REPRESENTATION_CONTEXT('2D SPACE',''
  ) );
#6903 = ORIENTED_EDGE('',*,*,#6904,.F.);
#6904 = EDGE_CURVE('',#6726,#6877,#6905,.T.);
#6905 = SURFACE_CURVE('',#6906,(#6910,#6917),.PCURVE_S1.);
#6906 = LINE('',#6907,#6908);
#6907 = CARTESIAN_POINT('',(7.,107.,6.));
#6908 = VECTOR('',#6909,1.);
#6909 = DIRECTION('',(-0.,1.,0.));
#6910 = PCURVE('',#5242,#6911);
#6911 = DEFINITIONAL_REPRESENTATION('',(#6912),#6916);
#6912 = LINE('',#6913,#6914);
#6913 = CARTESIAN_POINT('',(0.,-0.));
#6914 = VECTOR('',#6915,1.);
#6915 = DIRECTION('',(0.,1.));
#6916 = ( GEOMETRIC_REPRESENTATION_CONTEXT(2) 
PARAMETRIC_REPRESENTATION_CONTEXT() REPRESENTATION_CONTEXT('2D SPACE',''
  ) );
#6917 = PCURVE('',#6646,#6918);
#6918 = DEFINITIONAL_REPRESENTATION('',(#6919),#6923);
#6919 = LINE('',#6920,#6921);
#6920 = CARTESIAN_POINT('',(-0.,-0.));
#6921 = VECTOR('',#6922,1.);
#6922 = DIRECTION('',(-0.,-1.));
#6923 = ( GEOMETRIC_REPRESENTATION_CONTEXT(2) 
PARAMETRIC_REPRESENTATION_CONTEXT() REPRESENTATION_CONTEXT('2D SPACE',''
  ) );
#6924 = ORIENTED_EDGE('',*,*,#6725,.T.);
#6925 = ORIENTED_EDGE('',*,*,#6926,.T.);
#6926 = EDGE_CURVE('',#6728,#5201,#6927,.T.);
#6927 = SURFACE_CURVE('',#6928,(#6932,#6939),.PCURVE_S1.);
#6928 = LINE('',#6929,#6930);
#6929 = CARTESIAN_POINT('',(-22.,107.,6.));
#6930 = VECTOR('',#6931,1.);
#6931 = DIRECTION('',(-0.,1.,0.));
#6932 = PCURVE('',#5242,#6933);
#6933 = DEFINITIONAL_REPRESENTATION('',(#6934),#6938);
#6934 = LINE('',#6935,#6936);
#6935 = CARTESIAN_POINT('',(-29.,0.));
#6936 = VECTOR('',#6937,1.);
#6937 = DIRECTION('',(0.,1.));
#6938 = ( GEOMETRIC_REPRESENTATION_CONTEXT(2) 
PARAMETRIC_REPRESENTATION_CONTEXT() REPRESENTATION_CONTEXT('2D SPACE',''
  ) );
#6939 = PCURVE('',#5216,#6940);
#6940 = DEFINITIONAL_REPRESENTATION('',(#6941),#6945);
#6941 = LINE('',#6942,#6943);
#6942 = CARTESIAN_POINT('',(-0.,-0.));
#6943 = VECTOR('',#6944,1.);
#6944 = DIRECTION('',(-0.,-1.));
#6945 = ( GEOMETRIC_REPRESENTATION_CONTEXT(2) 
PARAMETRIC_REPRESENTATION_CONTEXT() REPRESENTATION_CONTEXT('2D SPACE',''
  ) );
#6946 = ORIENTED_EDGE('',*,*,#5228,.F.);
#6947 = ORIENTED_EDGE('',*,*,#6821,.T.);
#6948 = ORIENTED_EDGE('',*,*,#6949,.T.);
#6949 = EDGE_CURVE('',#6799,#6950,#6952,.T.);
#6950 = VERTEX_POINT('',#6951);
#6951 = CARTESIAN_POINT('',(-22.,115.51243993868,6.));
#6952 = SURFACE_CURVE('',#6953,(#6957,#6964),.PCURVE_S1.);
#6953 = LINE('',#6954,#6955);
#6954 = CARTESIAN_POINT('',(-6.5,115.51243993868,6.));
#6955 = VECTOR('',#6956,1.);
#6956 = DIRECTION('',(-1.,-0.,-0.));
#6957 = PCURVE('',#5242,#6958);
#6958 = DEFINITIONAL_REPRESENTATION('',(#6959),#6963);
#6959 = LINE('',#6960,#6961);
#6960 = CARTESIAN_POINT('',(-13.5,8.512439938689));
#6961 = VECTOR('',#6962,1.);
#6962 = DIRECTION('',(-1.,0.));
#6963 = ( GEOMETRIC_REPRESENTATION_CONTEXT(2) 
PARAMETRIC_REPRESENTATION_CONTEXT() REPRESENTATION_CONTEXT('2D SPACE',''
  ) );
#6964 = PCURVE('',#5086,#6965);
#6965 = DEFINITIONAL_REPRESENTATION('',(#6966),#6970);
#6966 = LINE('',#6967,#6968);
#6967 = CARTESIAN_POINT('',(-8.529604796179,-13.5));
#6968 = VECTOR('',#6969,1.);
#6969 = DIRECTION('',(-0.,1.));
#6970 = ( GEOMETRIC_REPRESENTATION_CONTEXT(2) 
PARAMETRIC_REPRESENTATION_CONTEXT() REPRESENTATION_CONTEXT('2D SPACE',''
  ) );
#6971 = ORIENTED_EDGE('',*,*,#6972,.T.);
#6972 = EDGE_CURVE('',#6950,#6973,#6975,.T.);
#6973 = VERTEX_POINT('',#6974);
#6974 = CARTESIAN_POINT('',(-22.,117.47539291811,6.));
#6975 = SURFACE_CURVE('',#6976,(#6980,#6987),.PCURVE_S1.);
#6976 = LINE('',#6977,#6978);
#6977 = CARTESIAN_POINT('',(-22.,107.,6.));
#6978 = VECTOR('',#6979,1.);
#6979 = DIRECTION('',(-0.,1.,0.));
#6980 = PCURVE('',#5242,#6981);
#6981 = DEFINITIONAL_REPRESENTATION('',(#6982),#6986);
#6982 = LINE('',#6983,#6984);
#6983 = CARTESIAN_POINT('',(-29.,0.));
#6984 = VECTOR('',#6985,1.);
#6985 = DIRECTION('',(0.,1.));
#6986 = ( GEOMETRIC_REPRESENTATION_CONTEXT(2) 
PARAMETRIC_REPRESENTATION_CONTEXT() REPRESENTATION_CONTEXT('2D SPACE',''
  ) );
#6987 = PCURVE('',#6988,#6993);
#6988 = PLANE('',#6989);
#6989 = AXIS2_PLACEMENT_3D('',#6990,#6991,#6992);
#6990 = CARTESIAN_POINT('',(-22.,107.,6.));
#6991 = DIRECTION('',(-1.,-0.,-0.));
#6992 = DIRECTION('',(0.,0.,-1.));
#6993 = DEFINITIONAL_REPRESENTATION('',(#6994),#6998);
#6994 = LINE('',#6995,#6996);
#6995 = CARTESIAN_POINT('',(-0.,-0.));
#6996 = VECTOR('',#6997,1.);
#6997 = DIRECTION('',(-0.,-1.));
#6998 = ( GEOMETRIC_REPRESENTATION_CONTEXT(2) 
PARAMETRIC_REPRESENTATION_CONTEXT() REPRESENTATION_CONTEXT('2D SPACE',''
  ) );
#6999 = ORIENTED_EDGE('',*,*,#7000,.T.);
#7000 = EDGE_CURVE('',#6973,#7001,#7003,.T.);
#7001 = VERTEX_POINT('',#7002);
#7002 = CARTESIAN_POINT('',(-20.,117.47539291811,6.));
#7003 = SURFACE_CURVE('',#7004,(#7008,#7015),.PCURVE_S1.);
#7004 = LINE('',#7005,#7006);
#7005 = CARTESIAN_POINT('',(-6.5,117.47539291811,6.));
#7006 = VECTOR('',#7007,1.);
#7007 = DIRECTION('',(1.,-0.,-0.));
#7008 = PCURVE('',#5242,#7009);
#7009 = DEFINITIONAL_REPRESENTATION('',(#7010),#7014);
#7010 = LINE('',#7011,#7012);
#7011 = CARTESIAN_POINT('',(-13.5,10.475392918113));
#7012 = VECTOR('',#7013,1.);
#7013 = DIRECTION('',(1.,-0.));
#7014 = ( GEOMETRIC_REPRESENTATION_CONTEXT(2) 
PARAMETRIC_REPRESENTATION_CONTEXT() REPRESENTATION_CONTEXT('2D SPACE',''
  ) );
#7015 = PCURVE('',#7016,#7021);
#7016 = PLANE('',#7017);
#7017 = AXIS2_PLACEMENT_3D('',#7018,#7019,#7020);
#7018 = CARTESIAN_POINT('',(-20.,117.5572619849,5.778041318253));
#7019 = DIRECTION('',(0.,0.938213040388,0.346058218867));
#7020 = DIRECTION('',(0.,0.346058218867,-0.938213040388));
#7021 = DEFINITIONAL_REPRESENTATION('',(#7022),#7026);
#7022 = LINE('',#7023,#7024);
#7023 = CARTESIAN_POINT('',(-0.236575993076,-13.5));
#7024 = VECTOR('',#7025,1.);
#7025 = DIRECTION('',(-0.,-1.));
#7026 = ( GEOMETRIC_REPRESENTATION_CONTEXT(2) 
PARAMETRIC_REPRESENTATION_CONTEXT() REPRESENTATION_CONTEXT('2D SPACE',''
  ) );
#7027 = ORIENTED_EDGE('',*,*,#7028,.T.);
#7028 = EDGE_CURVE('',#7001,#7029,#7031,.T.);
#7029 = VERTEX_POINT('',#7030);
#7030 = CARTESIAN_POINT('',(-20.,118.15902353336,6.));
#7031 = SURFACE_CURVE('',#7032,(#7036,#7043),.PCURVE_S1.);
#7032 = LINE('',#7033,#7034);
#7033 = CARTESIAN_POINT('',(-20.,112.27863099245,6.));
#7034 = VECTOR('',#7035,1.);
#7035 = DIRECTION('',(-0.,1.,-0.));
#7036 = PCURVE('',#5242,#7037);
#7037 = DEFINITIONAL_REPRESENTATION('',(#7038),#7042);
#7038 = LINE('',#7039,#7040);
#7039 = CARTESIAN_POINT('',(-27.,5.278630992452));
#7040 = VECTOR('',#7041,1.);
#7041 = DIRECTION('',(-0.,1.));
#7042 = ( GEOMETRIC_REPRESENTATION_CONTEXT(2) 
PARAMETRIC_REPRESENTATION_CONTEXT() REPRESENTATION_CONTEXT('2D SPACE',''
  ) );
#7043 = PCURVE('',#7044,#7049);
#7044 = PLANE('',#7045);
#7045 = AXIS2_PLACEMENT_3D('',#7046,#7047,#7048);
#7046 = CARTESIAN_POINT('',(-20.,117.5572619849,5.778041318253));
#7047 = DIRECTION('',(-1.,0.,-0.));
#7048 = DIRECTION('',(0.,0.346058218867,-0.938213040388));
#7049 = DEFINITIONAL_REPRESENTATION('',(#7050),#7054);
#7050 = LINE('',#7051,#7052);
#7051 = CARTESIAN_POINT('',(-2.034958168948,4.875669806448));
#7052 = VECTOR('',#7053,1.);
#7053 = DIRECTION('',(0.346058218867,-0.938213040388));
#7054 = ( GEOMETRIC_REPRESENTATION_CONTEXT(2) 
PARAMETRIC_REPRESENTATION_CONTEXT() REPRESENTATION_CONTEXT('2D SPACE',''
  ) );
#7055 = ORIENTED_EDGE('',*,*,#7056,.T.);
#7056 = EDGE_CURVE('',#7029,#6847,#7057,.T.);
#7057 = SURFACE_CURVE('',#7058,(#7062,#7069),.PCURVE_S1.);
#7058 = LINE('',#7059,#7060);
#7059 = CARTESIAN_POINT('',(-6.5,118.15902353336,6.));
#7060 = VECTOR('',#7061,1.);
#7061 = DIRECTION('',(-1.,-0.,-0.));
#7062 = PCURVE('',#5242,#7063);
#7063 = DEFINITIONAL_REPRESENTATION('',(#7064),#7068);
#7064 = LINE('',#7065,#7066);
#7065 = CARTESIAN_POINT('',(-13.5,11.15902353336));
#7066 = VECTOR('',#7067,1.);
#7067 = DIRECTION('',(-1.,0.));
#7068 = ( GEOMETRIC_REPRESENTATION_CONTEXT(2) 
PARAMETRIC_REPRESENTATION_CONTEXT() REPRESENTATION_CONTEXT('2D SPACE',''
  ) );
#7069 = PCURVE('',#7070,#7075);
#7070 = PLANE('',#7071);
#7071 = AXIS2_PLACEMENT_3D('',#7072,#7073,#7074);
#7072 = CARTESIAN_POINT('',(-20.,117.5572619849,5.778041318253));
#7073 = DIRECTION('',(0.,-0.346058218867,0.938213040388));
#7074 = DIRECTION('',(1.,0.,0.));
#7075 = DEFINITIONAL_REPRESENTATION('',(#7076),#7080);
#7076 = LINE('',#7077,#7078);
#7077 = CARTESIAN_POINT('',(13.5,0.641391158034));
#7078 = VECTOR('',#7079,1.);
#7079 = DIRECTION('',(-1.,0.));
#7080 = ( GEOMETRIC_REPRESENTATION_CONTEXT(2) 
PARAMETRIC_REPRESENTATION_CONTEXT() REPRESENTATION_CONTEXT('2D SPACE',''
  ) );
#7081 = FACE_BOUND('',#7082,.T.);
#7082 = EDGE_LOOP('',(#7083));
#7083 = ORIENTED_EDGE('',*,*,#7084,.F.);
#7084 = EDGE_CURVE('',#7085,#7085,#7087,.T.);
#7085 = VERTEX_POINT('',#7086);
#7086 = CARTESIAN_POINT('',(-0.1,116.,6.));
#7087 = SURFACE_CURVE('',#7088,(#7093,#7104),.PCURVE_S1.);
#7088 = CIRCLE('',#7089,3.1);
#7089 = AXIS2_PLACEMENT_3D('',#7090,#7091,#7092);
#7090 = CARTESIAN_POINT('',(3.,116.,6.));
#7091 = DIRECTION('',(0.,0.,-1.));
#7092 = DIRECTION('',(-1.,0.,-0.));
#7093 = PCURVE('',#5242,#7094);
#7094 = DEFINITIONAL_REPRESENTATION('',(#7095),#7103);
#7095 = ( BOUNDED_CURVE() B_SPLINE_CURVE(2,(#7096,#7097,#7098,#7099,
#7100,#7101,#7102),.UNSPECIFIED.,.T.,.F.) B_SPLINE_CURVE_WITH_KNOTS((1,2
    ,2,2,2,1),(-2.094395102393,0.,2.094395102393,4.188790204786,
6.28318530718,8.377580409573),.UNSPECIFIED.) CURVE() 
GEOMETRIC_REPRESENTATION_ITEM() RATIONAL_B_SPLINE_CURVE((1.,0.5,1.,0.5,
1.,0.5,1.)) REPRESENTATION_ITEM('') );
#7096 = CARTESIAN_POINT('',(-7.1,9.));
#7097 = CARTESIAN_POINT('',(-7.1,14.369357503464));
#7098 = CARTESIAN_POINT('',(-2.45,11.684678751732));
#7099 = CARTESIAN_POINT('',(2.2,9.));
#7100 = CARTESIAN_POINT('',(-2.45,6.315321248268));
#7101 = CARTESIAN_POINT('',(-7.1,3.630642496536));
#7102 = CARTESIAN_POINT('',(-7.1,9.));
#7103 = ( GEOMETRIC_REPRESENTATION_CONTEXT(2) 
PARAMETRIC_REPRESENTATION_CONTEXT() REPRESENTATION_CONTEXT('2D SPACE',''
  ) );
#7104 = PCURVE('',#7105,#7110);
#7105 = CYLINDRICAL_SURFACE('',#7106,3.1);
#7106 = AXIS2_PLACEMENT_3D('',#7107,#7108,#7109);
#7107 = CARTESIAN_POINT('',(3.,116.,6.));
#7108 = DIRECTION('',(0.,-0.,1.));
#7109 = DIRECTION('',(-1.,0.,-0.));
#7110 = DEFINITIONAL_REPRESENTATION('',(#7111),#7115);
#7111 = LINE('',#7112,#7113);
#7112 = CARTESIAN_POINT('',(-0.,0.));
#7113 = VECTOR('',#7114,1.);
#7114 = DIRECTION('',(-1.,0.));
#7115 = ( GEOMETRIC_REPRESENTATION_CONTEXT(2) 
PARAMETRIC_REPRESENTATION_CONTEXT() REPRESENTATION_CONTEXT('2D SPACE',''
  ) );
#7116 = ADVANCED_FACE('',(#7117),#5216,.T.);
#7117 = FACE_BOUND('',#7118,.F.);
#7118 = EDGE_LOOP('',(#7119,#7120,#7121));
#7119 = ORIENTED_EDGE('',*,*,#6774,.F.);
#7120 = ORIENTED_EDGE('',*,*,#6926,.T.);
#7121 = ORIENTED_EDGE('',*,*,#5200,.F.);
#7122 = ADVANCED_FACE('',(#7123),#5142,.T.);
#7123 = FACE_BOUND('',#7124,.F.);
#7124 = EDGE_LOOP('',(#7125,#7126,#7127,#7128));
#7125 = ORIENTED_EDGE('',*,*,#5353,.F.);
#7126 = ORIENTED_EDGE('',*,*,#5282,.F.);
#7127 = ORIENTED_EDGE('',*,*,#5126,.T.);
#7128 = ORIENTED_EDGE('',*,*,#7129,.F.);
#7129 = EDGE_CURVE('',#5331,#5099,#7130,.T.);
#7130 = SURFACE_CURVE('',#7131,(#7135,#7142),.PCURVE_S1.);
#7131 = LINE('',#7132,#7133);
#7132 = CARTESIAN_POINT('',(-24.,62.327446309911,21.075453787672));
#7133 = VECTOR('',#7134,1.);
#7134 = DIRECTION('',(0.,-0.12099451087,-0.99265317626));
#7135 = PCURVE('',#5142,#7136);
#7136 = DEFINITIONAL_REPRESENTATION('',(#7137),#7141);
#7137 = LINE('',#7138,#7139);
#7138 = CARTESIAN_POINT('',(-0.,4.));
#7139 = VECTOR('',#7140,1.);
#7140 = DIRECTION('',(-1.,0.));
#7141 = ( GEOMETRIC_REPRESENTATION_CONTEXT(2) 
PARAMETRIC_REPRESENTATION_CONTEXT() REPRESENTATION_CONTEXT('2D SPACE',''
  ) );
#7142 = PCURVE('',#5114,#7143);
#7143 = DEFINITIONAL_REPRESENTATION('',(#7144),#7148);
#7144 = LINE('',#7145,#7146);
#7145 = CARTESIAN_POINT('',(-1.312608201009E-15,-54.61830001216));
#7146 = VECTOR('',#7147,1.);
#7147 = DIRECTION('',(-1.,4.117328373305E-18));
#7148 = ( GEOMETRIC_REPRESENTATION_CONTEXT(2) 
PARAMETRIC_REPRESENTATION_CONTEXT() REPRESENTATION_CONTEXT('2D SPACE',''
  ) );
#7149 = ADVANCED_FACE('',(#7150),#5114,.T.);
#7150 = FACE_BOUND('',#7151,.F.);
#7151 = EDGE_LOOP('',(#7152,#7175,#7198,#7221,#7242,#7243,#7244,#7245,
    #7246,#7247,#7248,#7249));
#7152 = ORIENTED_EDGE('',*,*,#7153,.F.);
#7153 = EDGE_CURVE('',#7154,#5071,#7156,.T.);
#7154 = VERTEX_POINT('',#7155);
#7155 = CARTESIAN_POINT('',(-24.,116.,10.));
#7156 = SURFACE_CURVE('',#7157,(#7161,#7168),.PCURVE_S1.);
#7157 = LINE('',#7158,#7159);
#7158 = CARTESIAN_POINT('',(-24.,116.54447529891,14.466939293171));
#7159 = VECTOR('',#7160,1.);
#7160 = DIRECTION('',(0.,-0.12099451087,-0.99265317626));
#7161 = PCURVE('',#5114,#7162);
#7162 = DEFINITIONAL_REPRESENTATION('',(#7163),#7167);
#7163 = LINE('',#7164,#7165);
#7164 = CARTESIAN_POINT('',(0.,-0.));
#7165 = VECTOR('',#7166,1.);
#7166 = DIRECTION('',(-1.,4.117328373305E-18));
#7167 = ( GEOMETRIC_REPRESENTATION_CONTEXT(2) 
PARAMETRIC_REPRESENTATION_CONTEXT() REPRESENTATION_CONTEXT('2D SPACE',''
  ) );
#7168 = PCURVE('',#5086,#7169);
#7169 = DEFINITIONAL_REPRESENTATION('',(#7170),#7174);
#7170 = LINE('',#7171,#7172);
#7171 = CARTESIAN_POINT('',(-0.,4.));
#7172 = VECTOR('',#7173,1.);
#7173 = DIRECTION('',(-1.,0.));
#7174 = ( GEOMETRIC_REPRESENTATION_CONTEXT(2) 
PARAMETRIC_REPRESENTATION_CONTEXT() REPRESENTATION_CONTEXT('2D SPACE',''
  ) );
#7175 = ORIENTED_EDGE('',*,*,#7176,.F.);
#7176 = EDGE_CURVE('',#7177,#7154,#7179,.T.);
#7177 = VERTEX_POINT('',#7178);
#7178 = CARTESIAN_POINT('',(-24.,117.5572619849,5.778041318253));
#7179 = SURFACE_CURVE('',#7180,(#7184,#7191),.PCURVE_S1.);
#7180 = LINE('',#7181,#7182);
#7181 = CARTESIAN_POINT('',(-24.,117.5572619849,5.778041318253));
#7182 = VECTOR('',#7183,1.);
#7183 = DIRECTION('',(0.,-0.346058218867,0.938213040388));
#7184 = PCURVE('',#5114,#7185);
#7185 = DEFINITIONAL_REPRESENTATION('',(#7186),#7190);
#7186 = LINE('',#7187,#7188);
#7187 = CARTESIAN_POINT('',(-8.502520543316,2.056654881193));
#7188 = VECTOR('',#7189,1.);
#7189 = DIRECTION('',(0.889449009626,-0.457034418043));
#7190 = ( GEOMETRIC_REPRESENTATION_CONTEXT(2) 
PARAMETRIC_REPRESENTATION_CONTEXT() REPRESENTATION_CONTEXT('2D SPACE',''
  ) );
#7191 = PCURVE('',#7016,#7192);
#7192 = DEFINITIONAL_REPRESENTATION('',(#7193),#7197);
#7193 = LINE('',#7194,#7195);
#7194 = CARTESIAN_POINT('',(-0.,4.));
#7195 = VECTOR('',#7196,1.);
#7196 = DIRECTION('',(-1.,0.));
#7197 = ( GEOMETRIC_REPRESENTATION_CONTEXT(2) 
PARAMETRIC_REPRESENTATION_CONTEXT() REPRESENTATION_CONTEXT('2D SPACE',''
  ) );
#7198 = ORIENTED_EDGE('',*,*,#7199,.T.);
#7199 = EDGE_CURVE('',#7177,#7200,#7202,.T.);
#7200 = VERTEX_POINT('',#7201);
#7201 = CARTESIAN_POINT('',(-24.,131.28001041039,10.839652779256));
#7202 = SURFACE_CURVE('',#7203,(#7207,#7214),.PCURVE_S1.);
#7203 = LINE('',#7204,#7205);
#7204 = CARTESIAN_POINT('',(-24.,117.5572619849,5.778041318253));
#7205 = VECTOR('',#7206,1.);
#7206 = DIRECTION('',(0.,0.938213040388,0.346058218867));
#7207 = PCURVE('',#5114,#7208);
#7208 = DEFINITIONAL_REPRESENTATION('',(#7209),#7213);
#7209 = LINE('',#7210,#7211);
#7210 = CARTESIAN_POINT('',(-8.502520543316,2.056654881193));
#7211 = VECTOR('',#7212,1.);
#7212 = DIRECTION('',(0.457034418043,0.889449009626));
#7213 = ( GEOMETRIC_REPRESENTATION_CONTEXT(2) 
PARAMETRIC_REPRESENTATION_CONTEXT() REPRESENTATION_CONTEXT('2D SPACE',''
  ) );
#7214 = PCURVE('',#7070,#7215);
#7215 = DEFINITIONAL_REPRESENTATION('',(#7216),#7220);
#7216 = LINE('',#7217,#7218);
#7217 = CARTESIAN_POINT('',(-4.,0.));
#7218 = VECTOR('',#7219,1.);
#7219 = DIRECTION('',(0.,1.));
#7220 = ( GEOMETRIC_REPRESENTATION_CONTEXT(2) 
PARAMETRIC_REPRESENTATION_CONTEXT() REPRESENTATION_CONTEXT('2D SPACE',''
  ) );
#7221 = ORIENTED_EDGE('',*,*,#7222,.T.);
#7222 = EDGE_CURVE('',#7200,#6285,#7223,.T.);
#7223 = SURFACE_CURVE('',#7224,(#7228,#7235),.PCURVE_S1.);
#7224 = LINE('',#7225,#7226);
#7225 = CARTESIAN_POINT('',(-24.,131.28001041039,10.839652779256));
#7226 = VECTOR('',#7227,1.);
#7227 = DIRECTION('',(0.,-0.346058218867,0.938213040388));
#7228 = PCURVE('',#5114,#7229);
#7229 = DEFINITIONAL_REPRESENTATION('',(#7230),#7234);
#7230 = LINE('',#7231,#7232);
#7231 = CARTESIAN_POINT('',(-1.817718616028,15.066157489838));
#7232 = VECTOR('',#7233,1.);
#7233 = DIRECTION('',(0.889449009626,-0.457034418043));
#7234 = ( GEOMETRIC_REPRESENTATION_CONTEXT(2) 
PARAMETRIC_REPRESENTATION_CONTEXT() REPRESENTATION_CONTEXT('2D SPACE',''
  ) );
#7235 = PCURVE('',#6323,#7236);
#7236 = DEFINITIONAL_REPRESENTATION('',(#7237),#7241);
#7237 = LINE('',#7238,#7239);
#7238 = CARTESIAN_POINT('',(-0.,4.));
#7239 = VECTOR('',#7240,1.);
#7240 = DIRECTION('',(-1.,0.));
#7241 = ( GEOMETRIC_REPRESENTATION_CONTEXT(2) 
PARAMETRIC_REPRESENTATION_CONTEXT() REPRESENTATION_CONTEXT('2D SPACE',''
  ) );
#7242 = ORIENTED_EDGE('',*,*,#6284,.F.);
#7243 = ORIENTED_EDGE('',*,*,#5461,.T.);
#7244 = ORIENTED_EDGE('',*,*,#5535,.T.);
#7245 = ORIENTED_EDGE('',*,*,#6218,.F.);
#7246 = ORIENTED_EDGE('',*,*,#6153,.F.);
#7247 = ORIENTED_EDGE('',*,*,#5330,.T.);
#7248 = ORIENTED_EDGE('',*,*,#7129,.T.);
#7249 = ORIENTED_EDGE('',*,*,#5098,.F.);
#7250 = ADVANCED_FACE('',(#7251),#5086,.F.);
#7251 = FACE_BOUND('',#7252,.T.);
#7252 = EDGE_LOOP('',(#7253,#7254,#7277,#7298,#7299,#7300));
#7253 = ORIENTED_EDGE('',*,*,#7153,.F.);
#7254 = ORIENTED_EDGE('',*,*,#7255,.T.);
#7255 = EDGE_CURVE('',#7154,#7256,#7258,.T.);
#7256 = VERTEX_POINT('',#7257);
#7257 = CARTESIAN_POINT('',(-22.,116.,10.));
#7258 = SURFACE_CURVE('',#7259,(#7263,#7270),.PCURVE_S1.);
#7259 = LINE('',#7260,#7261);
#7260 = CARTESIAN_POINT('',(-20.,116.,10.));
#7261 = VECTOR('',#7262,1.);
#7262 = DIRECTION('',(1.,-0.,-0.));
#7263 = PCURVE('',#5086,#7264);
#7264 = DEFINITIONAL_REPRESENTATION('',(#7265),#7269);
#7265 = LINE('',#7266,#7267);
#7266 = CARTESIAN_POINT('',(-4.5,0.));
#7267 = VECTOR('',#7268,1.);
#7268 = DIRECTION('',(-0.,-1.));
#7269 = ( GEOMETRIC_REPRESENTATION_CONTEXT(2) 
PARAMETRIC_REPRESENTATION_CONTEXT() REPRESENTATION_CONTEXT('2D SPACE',''
  ) );
#7270 = PCURVE('',#7016,#7271);
#7271 = DEFINITIONAL_REPRESENTATION('',(#7272),#7276);
#7272 = LINE('',#7273,#7274);
#7273 = CARTESIAN_POINT('',(-4.5,0.));
#7274 = VECTOR('',#7275,1.);
#7275 = DIRECTION('',(-0.,-1.));
#7276 = ( GEOMETRIC_REPRESENTATION_CONTEXT(2) 
PARAMETRIC_REPRESENTATION_CONTEXT() REPRESENTATION_CONTEXT('2D SPACE',''
  ) );
#7277 = ORIENTED_EDGE('',*,*,#7278,.T.);
#7278 = EDGE_CURVE('',#7256,#6950,#7279,.T.);
#7279 = SURFACE_CURVE('',#7280,(#7284,#7291),.PCURVE_S1.);
#7280 = LINE('',#7281,#7282);
#7281 = CARTESIAN_POINT('',(-22.,115.96614795593,9.722273855045));
#7282 = VECTOR('',#7283,1.);
#7283 = DIRECTION('',(-0.,-0.12099451087,-0.99265317626));
#7284 = PCURVE('',#5086,#7285);
#7285 = DEFINITIONAL_REPRESENTATION('',(#7286),#7290);
#7286 = LINE('',#7287,#7288);
#7287 = CARTESIAN_POINT('',(-4.779781651434,2.));
#7288 = VECTOR('',#7289,1.);
#7289 = DIRECTION('',(-1.,0.));
#7290 = ( GEOMETRIC_REPRESENTATION_CONTEXT(2) 
PARAMETRIC_REPRESENTATION_CONTEXT() REPRESENTATION_CONTEXT('2D SPACE',''
  ) );
#7291 = PCURVE('',#6988,#7292);
#7292 = DEFINITIONAL_REPRESENTATION('',(#7293),#7297);
#7293 = LINE('',#7294,#7295);
#7294 = CARTESIAN_POINT('',(-3.722273855045,-8.966147955935));
#7295 = VECTOR('',#7296,1.);
#7296 = DIRECTION('',(0.99265317626,0.12099451087));
#7297 = ( GEOMETRIC_REPRESENTATION_CONTEXT(2) 
PARAMETRIC_REPRESENTATION_CONTEXT() REPRESENTATION_CONTEXT('2D SPACE',''
  ) );
#7298 = ORIENTED_EDGE('',*,*,#6949,.F.);
#7299 = ORIENTED_EDGE('',*,*,#6798,.T.);
#7300 = ORIENTED_EDGE('',*,*,#5070,.T.);
#7301 = ADVANCED_FACE('',(#7302),#5648,.F.);
#7302 = FACE_BOUND('',#7303,.T.);
#7303 = EDGE_LOOP('',(#7304,#7305,#7306,#7307));
#7304 = ORIENTED_EDGE('',*,*,#5815,.F.);
#7305 = ORIENTED_EDGE('',*,*,#5632,.T.);
#7306 = ORIENTED_EDGE('',*,*,#6045,.T.);
#7307 = ORIENTED_EDGE('',*,*,#6118,.F.);
#7308 = ADVANCED_FACE('',(#7309),#5773,.F.);
#7309 = FACE_BOUND('',#7310,.T.);
#7310 = EDGE_LOOP('',(#7311,#7344,#7365,#7366));
#7311 = ORIENTED_EDGE('',*,*,#7312,.F.);
#7312 = EDGE_CURVE('',#7313,#7313,#7315,.T.);
#7313 = VERTEX_POINT('',#7314);
#7314 = CARTESIAN_POINT('',(-0.1,-70.,11.2));
#7315 = SURFACE_CURVE('',#7316,(#7321,#7328),.PCURVE_S1.);
#7316 = CIRCLE('',#7317,3.1);
#7317 = AXIS2_PLACEMENT_3D('',#7318,#7319,#7320);
#7318 = CARTESIAN_POINT('',(3.,-70.,11.2));
#7319 = DIRECTION('',(0.,0.,-1.));
#7320 = DIRECTION('',(-1.,0.,-0.));
#7321 = PCURVE('',#5773,#7322);
#7322 = DEFINITIONAL_REPRESENTATION('',(#7323),#7327);
#7323 = LINE('',#7324,#7325);
#7324 = CARTESIAN_POINT('',(-0.,5.2));
#7325 = VECTOR('',#7326,1.);
#7326 = DIRECTION('',(-1.,0.));
#7327 = ( GEOMETRIC_REPRESENTATION_CONTEXT(2) 
PARAMETRIC_REPRESENTATION_CONTEXT() REPRESENTATION_CONTEXT('2D SPACE',''
  ) );
#7328 = PCURVE('',#7329,#7334);
#7329 = PLANE('',#7330);
#7330 = AXIS2_PLACEMENT_3D('',#7331,#7332,#7333);
#7331 = CARTESIAN_POINT('',(3.,-70.,11.2));
#7332 = DIRECTION('',(0.,-0.,1.));
#7333 = DIRECTION('',(1.,0.,0.));
#7334 = DEFINITIONAL_REPRESENTATION('',(#7335),#7343);
#7335 = ( BOUNDED_CURVE() B_SPLINE_CURVE(2,(#7336,#7337,#7338,#7339,
#7340,#7341,#7342),.UNSPECIFIED.,.T.,.F.) B_SPLINE_CURVE_WITH_KNOTS((1,2
    ,2,2,2,1),(-2.094395102393,0.,2.094395102393,4.188790204786,
6.28318530718,8.377580409573),.UNSPECIFIED.) CURVE() 
GEOMETRIC_REPRESENTATION_ITEM() RATIONAL_B_SPLINE_CURVE((1.,0.5,1.,0.5,
1.,0.5,1.)) REPRESENTATION_ITEM('') );
#7336 = CARTESIAN_POINT('',(-3.1,0.));
#7337 = CARTESIAN_POINT('',(-3.1,5.369357503464));
#7338 = CARTESIAN_POINT('',(1.55,2.684678751732));
#7339 = CARTESIAN_POINT('',(6.2,7.592810154714E-16));
#7340 = CARTESIAN_POINT('',(1.55,-2.684678751732));
#7341 = CARTESIAN_POINT('',(-3.1,-5.369357503464));
#7342 = CARTESIAN_POINT('',(-3.1,0.));
#7343 = ( GEOMETRIC_REPRESENTATION_CONTEXT(2) 
PARAMETRIC_REPRESENTATION_CONTEXT() REPRESENTATION_CONTEXT('2D SPACE',''
  ) );
#7344 = ORIENTED_EDGE('',*,*,#7345,.F.);
#7345 = EDGE_CURVE('',#5753,#7313,#7346,.T.);
#7346 = SEAM_CURVE('',#7347,(#7351,#7358),.PCURVE_S1.);
#7347 = LINE('',#7348,#7349);
#7348 = CARTESIAN_POINT('',(-0.1,-70.,6.));
#7349 = VECTOR('',#7350,1.);
#7350 = DIRECTION('',(0.,-0.,1.));
#7351 = PCURVE('',#5773,#7352);
#7352 = DEFINITIONAL_REPRESENTATION('',(#7353),#7357);
#7353 = LINE('',#7354,#7355);
#7354 = CARTESIAN_POINT('',(-6.28318530718,-0.));
#7355 = VECTOR('',#7356,1.);
#7356 = DIRECTION('',(-0.,1.));
#7357 = ( GEOMETRIC_REPRESENTATION_CONTEXT(2) 
PARAMETRIC_REPRESENTATION_CONTEXT() REPRESENTATION_CONTEXT('2D SPACE',''
  ) );
#7358 = PCURVE('',#5773,#7359);
#7359 = DEFINITIONAL_REPRESENTATION('',(#7360),#7364);
#7360 = LINE('',#7361,#7362);
#7361 = CARTESIAN_POINT('',(-0.,-0.));
#7362 = VECTOR('',#7363,1.);
#7363 = DIRECTION('',(-0.,1.));
#7364 = ( GEOMETRIC_REPRESENTATION_CONTEXT(2) 
PARAMETRIC_REPRESENTATION_CONTEXT() REPRESENTATION_CONTEXT('2D SPACE',''
  ) );
#7365 = ORIENTED_EDGE('',*,*,#5752,.T.);
#7366 = ORIENTED_EDGE('',*,*,#7345,.T.);
#7367 = ADVANCED_FACE('',(#7368),#6351,.T.);
#7368 = FACE_BOUND('',#7369,.F.);
#7369 = EDGE_LOOP('',(#7370,#7371,#7372,#7395,#7418,#7446,#7474));
#7370 = ORIENTED_EDGE('',*,*,#6387,.F.);
#7371 = ORIENTED_EDGE('',*,*,#6335,.F.);
#7372 = ORIENTED_EDGE('',*,*,#7373,.F.);
#7373 = EDGE_CURVE('',#7374,#6308,#7376,.T.);
#7374 = VERTEX_POINT('',#7375);
#7375 = CARTESIAN_POINT('',(-22.,131.28001041039,10.839652779256));
#7376 = SURFACE_CURVE('',#7377,(#7381,#7388),.PCURVE_S1.);
#7377 = LINE('',#7378,#7379);
#7378 = CARTESIAN_POINT('',(-22.,130.61182877648,12.651188203358));
#7379 = VECTOR('',#7380,1.);
#7380 = DIRECTION('',(-0.,-0.346058218867,0.938213040388));
#7381 = PCURVE('',#6351,#7382);
#7382 = DEFINITIONAL_REPRESENTATION('',(#7383),#7387);
#7383 = LINE('',#7384,#7385);
#7384 = CARTESIAN_POINT('',(-6.651188203358,-23.61182877648));
#7385 = VECTOR('',#7386,1.);
#7386 = DIRECTION('',(-0.938213040388,0.346058218867));
#7387 = ( GEOMETRIC_REPRESENTATION_CONTEXT(2) 
PARAMETRIC_REPRESENTATION_CONTEXT() REPRESENTATION_CONTEXT('2D SPACE',''
  ) );
#7388 = PCURVE('',#6323,#7389);
#7389 = DEFINITIONAL_REPRESENTATION('',(#7390),#7394);
#7390 = LINE('',#7391,#7392);
#7391 = CARTESIAN_POINT('',(-1.930835904127,2.));
#7392 = VECTOR('',#7393,1.);
#7393 = DIRECTION('',(-1.,0.));
#7394 = ( GEOMETRIC_REPRESENTATION_CONTEXT(2) 
PARAMETRIC_REPRESENTATION_CONTEXT() REPRESENTATION_CONTEXT('2D SPACE',''
  ) );
#7395 = ORIENTED_EDGE('',*,*,#7396,.T.);
#7396 = EDGE_CURVE('',#7374,#7397,#7399,.T.);
#7397 = VERTEX_POINT('',#7398);
#7398 = CARTESIAN_POINT('',(-22.,129.17062976012,10.061611461002));
#7399 = SURFACE_CURVE('',#7400,(#7404,#7411),.PCURVE_S1.);
#7400 = LINE('',#7401,#7402);
#7401 = CARTESIAN_POINT('',(-22.,112.94681262635,4.077485235025));
#7402 = VECTOR('',#7403,1.);
#7403 = DIRECTION('',(-0.,-0.938213040388,-0.346058218867));
#7404 = PCURVE('',#6351,#7405);
#7405 = DEFINITIONAL_REPRESENTATION('',(#7406),#7410);
#7406 = LINE('',#7407,#7408);
#7407 = CARTESIAN_POINT('',(1.922514764975,-5.946812626359));
#7408 = VECTOR('',#7409,1.);
#7409 = DIRECTION('',(0.346058218867,0.938213040388));
#7410 = ( GEOMETRIC_REPRESENTATION_CONTEXT(2) 
PARAMETRIC_REPRESENTATION_CONTEXT() REPRESENTATION_CONTEXT('2D SPACE',''
  ) );
#7411 = PCURVE('',#7070,#7412);
#7412 = DEFINITIONAL_REPRESENTATION('',(#7413),#7417);
#7413 = LINE('',#7414,#7415);
#7414 = CARTESIAN_POINT('',(-2.,-4.914075119481));
#7415 = VECTOR('',#7416,1.);
#7416 = DIRECTION('',(-0.,-1.));
#7417 = ( GEOMETRIC_REPRESENTATION_CONTEXT(2) 
PARAMETRIC_REPRESENTATION_CONTEXT() REPRESENTATION_CONTEXT('2D SPACE',''
  ) );
#7418 = ORIENTED_EDGE('',*,*,#7419,.T.);
#7419 = EDGE_CURVE('',#7397,#7420,#7422,.T.);
#7420 = VERTEX_POINT('',#7421);
#7421 = CARTESIAN_POINT('',(-22.,134.72274842548,10.061611461002));
#7422 = SURFACE_CURVE('',#7423,(#7427,#7434),.PCURVE_S1.);
#7423 = LINE('',#7424,#7425);
#7424 = CARTESIAN_POINT('',(-22.,124.72274842548,10.061611461002));
#7425 = VECTOR('',#7426,1.);
#7426 = DIRECTION('',(-0.,1.,0.));
#7427 = PCURVE('',#6351,#7428);
#7428 = DEFINITIONAL_REPRESENTATION('',(#7429),#7433);
#7429 = LINE('',#7430,#7431);
#7430 = CARTESIAN_POINT('',(-4.061611461002,-17.72274842548));
#7431 = VECTOR('',#7432,1.);
#7432 = DIRECTION('',(-0.,-1.));
#7433 = ( GEOMETRIC_REPRESENTATION_CONTEXT(2) 
PARAMETRIC_REPRESENTATION_CONTEXT() REPRESENTATION_CONTEXT('2D SPACE',''
  ) );
#7434 = PCURVE('',#7435,#7440);
#7435 = PLANE('',#7436);
#7436 = AXIS2_PLACEMENT_3D('',#7437,#7438,#7439);
#7437 = CARTESIAN_POINT('',(2.,124.72274842548,10.061611461002));
#7438 = DIRECTION('',(0.,-0.,1.));
#7439 = DIRECTION('',(1.,0.,0.));
#7440 = DEFINITIONAL_REPRESENTATION('',(#7441),#7445);
#7441 = LINE('',#7442,#7443);
#7442 = CARTESIAN_POINT('',(-24.,0.));
#7443 = VECTOR('',#7444,1.);
#7444 = DIRECTION('',(-0.,1.));
#7445 = ( GEOMETRIC_REPRESENTATION_CONTEXT(2) 
PARAMETRIC_REPRESENTATION_CONTEXT() REPRESENTATION_CONTEXT('2D SPACE',''
  ) );
#7446 = ORIENTED_EDGE('',*,*,#7447,.T.);
#7447 = EDGE_CURVE('',#7420,#7448,#7450,.T.);
#7448 = VERTEX_POINT('',#7449);
#7449 = CARTESIAN_POINT('',(-22.,134.72274842548,20.061611461002));
#7450 = SURFACE_CURVE('',#7451,(#7455,#7462),.PCURVE_S1.);
#7451 = LINE('',#7452,#7453);
#7452 = CARTESIAN_POINT('',(-22.,134.72274842548,10.061611461002));
#7453 = VECTOR('',#7454,1.);
#7454 = DIRECTION('',(0.,-0.,1.));
#7455 = PCURVE('',#6351,#7456);
#7456 = DEFINITIONAL_REPRESENTATION('',(#7457),#7461);
#7457 = LINE('',#7458,#7459);
#7458 = CARTESIAN_POINT('',(-4.061611461002,-27.72274842548));
#7459 = VECTOR('',#7460,1.);
#7460 = DIRECTION('',(-1.,-0.));
#7461 = ( GEOMETRIC_REPRESENTATION_CONTEXT(2) 
PARAMETRIC_REPRESENTATION_CONTEXT() REPRESENTATION_CONTEXT('2D SPACE',''
  ) );
#7462 = PCURVE('',#7463,#7468);
#7463 = PLANE('',#7464);
#7464 = AXIS2_PLACEMENT_3D('',#7465,#7466,#7467);
#7465 = CARTESIAN_POINT('',(2.,134.72274842548,10.061611461002));
#7466 = DIRECTION('',(-0.,1.,0.));
#7467 = DIRECTION('',(0.,0.,-1.));
#7468 = DEFINITIONAL_REPRESENTATION('',(#7469),#7473);
#7469 = LINE('',#7470,#7471);
#7470 = CARTESIAN_POINT('',(-0.,24.));
#7471 = VECTOR('',#7472,1.);
#7472 = DIRECTION('',(-1.,0.));
#7473 = ( GEOMETRIC_REPRESENTATION_CONTEXT(2) 
PARAMETRIC_REPRESENTATION_CONTEXT() REPRESENTATION_CONTEXT('2D SPACE',''
  ) );
#7474 = ORIENTED_EDGE('',*,*,#7475,.F.);
#7475 = EDGE_CURVE('',#6388,#7448,#7476,.T.);
#7476 = SURFACE_CURVE('',#7477,(#7481,#7488),.PCURVE_S1.);
#7477 = LINE('',#7478,#7479);
#7478 = CARTESIAN_POINT('',(-22.,124.72274842548,20.061611461002));
#7479 = VECTOR('',#7480,1.);
#7480 = DIRECTION('',(-0.,1.,0.));
#7481 = PCURVE('',#6351,#7482);
#7482 = DEFINITIONAL_REPRESENTATION('',(#7483),#7487);
#7483 = LINE('',#7484,#7485);
#7484 = CARTESIAN_POINT('',(-14.061611461,-17.72274842548));
#7485 = VECTOR('',#7486,1.);
#7486 = DIRECTION('',(-0.,-1.));
#7487 = ( GEOMETRIC_REPRESENTATION_CONTEXT(2) 
PARAMETRIC_REPRESENTATION_CONTEXT() REPRESENTATION_CONTEXT('2D SPACE',''
  ) );
#7488 = PCURVE('',#6541,#7489);
#7489 = DEFINITIONAL_REPRESENTATION('',(#7490),#7494);
#7490 = LINE('',#7491,#7492);
#7491 = CARTESIAN_POINT('',(-24.,0.));
#7492 = VECTOR('',#7493,1.);
#7493 = DIRECTION('',(-0.,1.));
#7494 = ( GEOMETRIC_REPRESENTATION_CONTEXT(2) 
PARAMETRIC_REPRESENTATION_CONTEXT() REPRESENTATION_CONTEXT('2D SPACE',''
  ) );
#7495 = ADVANCED_FACE('',(#7496),#6323,.T.);
#7496 = FACE_BOUND('',#7497,.F.);
#7497 = EDGE_LOOP('',(#7498,#7519,#7520,#7521));
#7498 = ORIENTED_EDGE('',*,*,#7499,.F.);
#7499 = EDGE_CURVE('',#7374,#7200,#7500,.T.);
#7500 = SURFACE_CURVE('',#7501,(#7505,#7512),.PCURVE_S1.);
#7501 = LINE('',#7502,#7503);
#7502 = CARTESIAN_POINT('',(-20.,131.28001041039,10.839652779256));
#7503 = VECTOR('',#7504,1.);
#7504 = DIRECTION('',(-1.,0.,-0.));
#7505 = PCURVE('',#6323,#7506);
#7506 = DEFINITIONAL_REPRESENTATION('',(#7507),#7511);
#7507 = LINE('',#7508,#7509);
#7508 = CARTESIAN_POINT('',(-0.,-0.));
#7509 = VECTOR('',#7510,1.);
#7510 = DIRECTION('',(-0.,1.));
#7511 = ( GEOMETRIC_REPRESENTATION_CONTEXT(2) 
PARAMETRIC_REPRESENTATION_CONTEXT() REPRESENTATION_CONTEXT('2D SPACE',''
  ) );
#7512 = PCURVE('',#7070,#7513);
#7513 = DEFINITIONAL_REPRESENTATION('',(#7514),#7518);
#7514 = LINE('',#7515,#7516);
#7515 = CARTESIAN_POINT('',(0.,14.626473769553));
#7516 = VECTOR('',#7517,1.);
#7517 = DIRECTION('',(-1.,0.));
#7518 = ( GEOMETRIC_REPRESENTATION_CONTEXT(2) 
PARAMETRIC_REPRESENTATION_CONTEXT() REPRESENTATION_CONTEXT('2D SPACE',''
  ) );
#7519 = ORIENTED_EDGE('',*,*,#7373,.T.);
#7520 = ORIENTED_EDGE('',*,*,#6307,.T.);
#7521 = ORIENTED_EDGE('',*,*,#7222,.F.);
#7522 = ADVANCED_FACE('',(#7523),#6541,.T.);
#7523 = FACE_BOUND('',#7524,.F.);
#7524 = EDGE_LOOP('',(#7525,#7556,#7557,#7558,#7581,#7609));
#7525 = ORIENTED_EDGE('',*,*,#7526,.F.);
#7526 = EDGE_CURVE('',#6492,#7527,#7529,.T.);
#7527 = VERTEX_POINT('',#7528);
#7528 = CARTESIAN_POINT('',(-2.964979321457,125.51454449299,
    20.061611461002));
#7529 = SURFACE_CURVE('',#7530,(#7535,#7546),.PCURVE_S1.);
#7530 = ELLIPSE('',#7531,12.521980673999,5.6);
#7531 = AXIS2_PLACEMENT_3D('',#7532,#7533,#7534);
#7532 = CARTESIAN_POINT('',(2.,119.72274842548,20.061611461002));
#7533 = DIRECTION('',(-0.,-0.,-1.));
#7534 = DIRECTION('',(-0.,1.,-0.));
#7535 = PCURVE('',#6541,#7536);
#7536 = DEFINITIONAL_REPRESENTATION('',(#7537),#7545);
#7537 = ( BOUNDED_CURVE() B_SPLINE_CURVE(2,(#7538,#7539,#7540,#7541,
#7542,#7543,#7544),.UNSPECIFIED.,.T.,.F.) B_SPLINE_CURVE_WITH_KNOTS((1,2
    ,2,2,2,1),(-2.094395102393,0.,2.094395102393,4.188790204786,
6.28318530718,8.377580409573),.UNSPECIFIED.) CURVE() 
GEOMETRIC_REPRESENTATION_ITEM() RATIONAL_B_SPLINE_CURVE((1.,0.5,1.,0.5,
1.,0.5,1.)) REPRESENTATION_ITEM('') );
#7538 = CARTESIAN_POINT('',(0.,7.521980673999));
#7539 = CARTESIAN_POINT('',(9.699484522386,7.521980673999));
#7540 = CARTESIAN_POINT('',(4.849742261193,-11.26099033699));
#7541 = CARTESIAN_POINT('',(1.371604415045E-15,-30.04396134799));
#7542 = CARTESIAN_POINT('',(-4.849742261193,-11.26099033699));
#7543 = CARTESIAN_POINT('',(-9.699484522386,7.521980673999));
#7544 = CARTESIAN_POINT('',(0.,7.521980673999));
#7545 = ( GEOMETRIC_REPRESENTATION_CONTEXT(2) 
PARAMETRIC_REPRESENTATION_CONTEXT() REPRESENTATION_CONTEXT('2D SPACE',''
  ) );
#7546 = PCURVE('',#6512,#7547);
#7547 = DEFINITIONAL_REPRESENTATION('',(#7548),#7555);
#7548 = B_SPLINE_CURVE_WITH_KNOTS('',5,(#7549,#7550,#7551,#7552,#7553,
    #7554),.UNSPECIFIED.,.F.,.F.,(6,6),(5.037525633712,5.193236100123),
  .PIECEWISE_BEZIER_KNOTS.);
#7549 = CARTESIAN_POINT('',(-5.958048653852,8.397368876501));
#7550 = CARTESIAN_POINT('',(-5.92690656057,8.727886120032));
#7551 = CARTESIAN_POINT('',(-5.895764467288,9.05406615393));
#7552 = CARTESIAN_POINT('',(-5.864622374006,9.375241162894));
#7553 = CARTESIAN_POINT('',(-5.833480280723,9.690760911401));
#7554 = CARTESIAN_POINT('',(-5.802338187441,10.0000006));
#7555 = ( GEOMETRIC_REPRESENTATION_CONTEXT(2) 
PARAMETRIC_REPRESENTATION_CONTEXT() REPRESENTATION_CONTEXT('2D SPACE',''
  ) );
#7556 = ORIENTED_EDGE('',*,*,#6527,.T.);
#7557 = ORIENTED_EDGE('',*,*,#7475,.T.);
#7558 = ORIENTED_EDGE('',*,*,#7559,.F.);
#7559 = EDGE_CURVE('',#7560,#7448,#7562,.T.);
#7560 = VERTEX_POINT('',#7561);
#7561 = CARTESIAN_POINT('',(-6.,134.72274842548,20.061611461002));
#7562 = SURFACE_CURVE('',#7563,(#7567,#7574),.PCURVE_S1.);
#7563 = LINE('',#7564,#7565);
#7564 = CARTESIAN_POINT('',(2.,134.72274842548,20.061611461002));
#7565 = VECTOR('',#7566,1.);
#7566 = DIRECTION('',(-1.,0.,-0.));
#7567 = PCURVE('',#6541,#7568);
#7568 = DEFINITIONAL_REPRESENTATION('',(#7569),#7573);
#7569 = LINE('',#7570,#7571);
#7570 = CARTESIAN_POINT('',(0.,10.));
#7571 = VECTOR('',#7572,1.);
#7572 = DIRECTION('',(-1.,0.));
#7573 = ( GEOMETRIC_REPRESENTATION_CONTEXT(2) 
PARAMETRIC_REPRESENTATION_CONTEXT() REPRESENTATION_CONTEXT('2D SPACE',''
  ) );
#7574 = PCURVE('',#7463,#7575);
#7575 = DEFINITIONAL_REPRESENTATION('',(#7576),#7580);
#7576 = LINE('',#7577,#7578);
#7577 = CARTESIAN_POINT('',(-10.,-0.));
#7578 = VECTOR('',#7579,1.);
#7579 = DIRECTION('',(-0.,1.));
#7580 = ( GEOMETRIC_REPRESENTATION_CONTEXT(2) 
PARAMETRIC_REPRESENTATION_CONTEXT() REPRESENTATION_CONTEXT('2D SPACE',''
  ) );
#7581 = ORIENTED_EDGE('',*,*,#7582,.T.);
#7582 = EDGE_CURVE('',#7560,#7583,#7585,.T.);
#7583 = VERTEX_POINT('',#7584);
#7584 = CARTESIAN_POINT('',(-6.,125.51454449299,20.061611461002));
#7585 = SURFACE_CURVE('',#7586,(#7590,#7597),.PCURVE_S1.);
#7586 = LINE('',#7587,#7588);
#7587 = CARTESIAN_POINT('',(-6.,129.01160280748,20.061611461002));
#7588 = VECTOR('',#7589,1.);
#7589 = DIRECTION('',(-0.,-1.,-0.));
#7590 = PCURVE('',#6541,#7591);
#7591 = DEFINITIONAL_REPRESENTATION('',(#7592),#7596);
#7592 = LINE('',#7593,#7594);
#7593 = CARTESIAN_POINT('',(-8.,4.288854382));
#7594 = VECTOR('',#7595,1.);
#7595 = DIRECTION('',(-0.,-1.));
#7596 = ( GEOMETRIC_REPRESENTATION_CONTEXT(2) 
PARAMETRIC_REPRESENTATION_CONTEXT() REPRESENTATION_CONTEXT('2D SPACE',''
  ) );
#7597 = PCURVE('',#7598,#7603);
#7598 = PLANE('',#7599);
#7599 = AXIS2_PLACEMENT_3D('',#7600,#7601,#7602);
#7600 = CARTESIAN_POINT('',(-6.,133.30045718948,8.800621124003));
#7601 = DIRECTION('',(-1.,-0.,-0.));
#7602 = DIRECTION('',(0.,0.894427191,-0.4472135955));
#7603 = DEFINITIONAL_REPRESENTATION('',(#7604),#7608);
#7604 = LINE('',#7605,#7606);
#7605 = CARTESIAN_POINT('',(-8.872135955,-8.15410196625));
#7606 = VECTOR('',#7607,1.);
#7607 = DIRECTION('',(-0.894427191,0.4472135955));
#7608 = ( GEOMETRIC_REPRESENTATION_CONTEXT(2) 
PARAMETRIC_REPRESENTATION_CONTEXT() REPRESENTATION_CONTEXT('2D SPACE',''
  ) );
#7609 = ORIENTED_EDGE('',*,*,#7610,.T.);
#7610 = EDGE_CURVE('',#7583,#7527,#7611,.T.);
#7611 = SURFACE_CURVE('',#7612,(#7616,#7623),.PCURVE_S1.);
#7612 = LINE('',#7613,#7614);
#7613 = CARTESIAN_POINT('',(6.,125.51454449299,20.061611461002));
#7614 = VECTOR('',#7615,1.);
#7615 = DIRECTION('',(1.,-0.,-0.));
#7616 = PCURVE('',#6541,#7617);
#7617 = DEFINITIONAL_REPRESENTATION('',(#7618),#7622);
#7618 = LINE('',#7619,#7620);
#7619 = CARTESIAN_POINT('',(4.,0.791796067501));
#7620 = VECTOR('',#7621,1.);
#7621 = DIRECTION('',(1.,-0.));
#7622 = ( GEOMETRIC_REPRESENTATION_CONTEXT(2) 
PARAMETRIC_REPRESENTATION_CONTEXT() REPRESENTATION_CONTEXT('2D SPACE',''
  ) );
#7623 = PCURVE('',#7624,#7629);
#7624 = PLANE('',#7625);
#7625 = AXIS2_PLACEMENT_3D('',#7626,#7627,#7628);
#7626 = CARTESIAN_POINT('',(10.,122.56733089749,14.167184270003));
#7627 = DIRECTION('',(0.,-0.894427191,0.4472135955));
#7628 = DIRECTION('',(1.,0.,0.));
#7629 = DEFINITIONAL_REPRESENTATION('',(#7630),#7634);
#7630 = LINE('',#7631,#7632);
#7631 = CARTESIAN_POINT('',(-4.,6.590169943749));
#7632 = VECTOR('',#7633,1.);
#7633 = DIRECTION('',(1.,-0.));
#7634 = ( GEOMETRIC_REPRESENTATION_CONTEXT(2) 
PARAMETRIC_REPRESENTATION_CONTEXT() REPRESENTATION_CONTEXT('2D SPACE',''
  ) );
#7635 = ADVANCED_FACE('',(#7636),#6512,.T.);
#7636 = FACE_BOUND('',#7637,.F.);
#7637 = EDGE_LOOP('',(#7638,#7664,#7687,#7718,#7719,#7741,#7742,#7743,
    #7767,#7800,#7829,#7855,#7856));
#7638 = ORIENTED_EDGE('',*,*,#7639,.F.);
#7639 = EDGE_CURVE('',#7640,#7642,#7644,.T.);
#7640 = VERTEX_POINT('',#7641);
#7641 = CARTESIAN_POINT('',(-3.6,124.35618527948,17.744893034002));
#7642 = VERTEX_POINT('',#7643);
#7643 = CARTESIAN_POINT('',(-1.919183588453,122.56733089749,
    14.167184270003));
#7644 = SURFACE_CURVE('',#7645,(#7650,#7657),.PCURVE_S1.);
#7645 = CIRCLE('',#7646,5.6);
#7646 = AXIS2_PLACEMENT_3D('',#7647,#7648,#7649);
#7647 = CARTESIAN_POINT('',(2.,124.35618527948,17.744893034002));
#7648 = DIRECTION('',(-0.,-0.894427191,0.4472135955));
#7649 = DIRECTION('',(-1.,0.,-0.));
#7650 = PCURVE('',#6512,#7651);
#7651 = DEFINITIONAL_REPRESENTATION('',(#7652),#7656);
#7652 = LINE('',#7653,#7654);
#7653 = CARTESIAN_POINT('',(-0.,10.));
#7654 = VECTOR('',#7655,1.);
#7655 = DIRECTION('',(-1.,0.));
#7656 = ( GEOMETRIC_REPRESENTATION_CONTEXT(2) 
PARAMETRIC_REPRESENTATION_CONTEXT() REPRESENTATION_CONTEXT('2D SPACE',''
  ) );
#7657 = PCURVE('',#6479,#7658);
#7658 = DEFINITIONAL_REPRESENTATION('',(#7659),#7663);
#7659 = CIRCLE('',#7660,5.6);
#7660 = AXIS2_PLACEMENT_2D('',#7661,#7662);
#7661 = CARTESIAN_POINT('',(-8.,4.));
#7662 = DIRECTION('',(-1.,0.));
#7663 = ( GEOMETRIC_REPRESENTATION_CONTEXT(2) 
PARAMETRIC_REPRESENTATION_CONTEXT() REPRESENTATION_CONTEXT('2D SPACE',''
  ) );
#7664 = ORIENTED_EDGE('',*,*,#7665,.F.);
#7665 = EDGE_CURVE('',#7666,#7640,#7668,.T.);
#7666 = VERTEX_POINT('',#7667);
#7667 = CARTESIAN_POINT('',(-3.6,115.41191336949,22.217028989002));
#7668 = SEAM_CURVE('',#7669,(#7673,#7680),.PCURVE_S1.);
#7669 = LINE('',#7670,#7671);
#7670 = CARTESIAN_POINT('',(-3.6,115.41191336949,22.217028989002));
#7671 = VECTOR('',#7672,1.);
#7672 = DIRECTION('',(-0.,0.894427191,-0.4472135955));
#7673 = PCURVE('',#6512,#7674);
#7674 = DEFINITIONAL_REPRESENTATION('',(#7675),#7679);
#7675 = LINE('',#7676,#7677);
#7676 = CARTESIAN_POINT('',(-6.28318530718,-0.));
#7677 = VECTOR('',#7678,1.);
#7678 = DIRECTION('',(-0.,1.));
#7679 = ( GEOMETRIC_REPRESENTATION_CONTEXT(2) 
PARAMETRIC_REPRESENTATION_CONTEXT() REPRESENTATION_CONTEXT('2D SPACE',''
  ) );
#7680 = PCURVE('',#6512,#7681);
#7681 = DEFINITIONAL_REPRESENTATION('',(#7682),#7686);
#7682 = LINE('',#7683,#7684);
#7683 = CARTESIAN_POINT('',(-0.,-0.));
#7684 = VECTOR('',#7685,1.);
#7685 = DIRECTION('',(-0.,1.));
#7686 = ( GEOMETRIC_REPRESENTATION_CONTEXT(2) 
PARAMETRIC_REPRESENTATION_CONTEXT() REPRESENTATION_CONTEXT('2D SPACE',''
  ) );
#7687 = ORIENTED_EDGE('',*,*,#7688,.T.);
#7688 = EDGE_CURVE('',#7666,#7666,#7689,.T.);
#7689 = SURFACE_CURVE('',#7690,(#7695,#7702),.PCURVE_S1.);
#7690 = CIRCLE('',#7691,5.6);
#7691 = AXIS2_PLACEMENT_3D('',#7692,#7693,#7694);
#7692 = CARTESIAN_POINT('',(2.,115.41191336949,22.217028989002));
#7693 = DIRECTION('',(-0.,-0.894427191,0.4472135955));
#7694 = DIRECTION('',(-1.,0.,-0.));
#7695 = PCURVE('',#6512,#7696);
#7696 = DEFINITIONAL_REPRESENTATION('',(#7697),#7701);
#7697 = LINE('',#7698,#7699);
#7698 = CARTESIAN_POINT('',(-0.,0.));
#7699 = VECTOR('',#7700,1.);
#7700 = DIRECTION('',(-1.,0.));
#7701 = ( GEOMETRIC_REPRESENTATION_CONTEXT(2) 
PARAMETRIC_REPRESENTATION_CONTEXT() REPRESENTATION_CONTEXT('2D SPACE',''
  ) );
#7702 = PCURVE('',#7703,#7708);
#7703 = PLANE('',#7704);
#7704 = AXIS2_PLACEMENT_3D('',#7705,#7706,#7707);
#7705 = CARTESIAN_POINT('',(2.,115.41191336949,22.217028989002));
#7706 = DIRECTION('',(-0.,0.894427191,-0.4472135955));
#7707 = DIRECTION('',(1.,0.,0.));
#7708 = DEFINITIONAL_REPRESENTATION('',(#7709),#7717);
#7709 = ( BOUNDED_CURVE() B_SPLINE_CURVE(2,(#7710,#7711,#7712,#7713,
#7714,#7715,#7716),.UNSPECIFIED.,.T.,.F.) B_SPLINE_CURVE_WITH_KNOTS((1,2
    ,2,2,2,1),(-2.094395102393,0.,2.094395102393,4.188790204786,
6.28318530718,8.377580409573),.UNSPECIFIED.) CURVE() 
GEOMETRIC_REPRESENTATION_ITEM() RATIONAL_B_SPLINE_CURVE((1.,0.5,1.,0.5,
1.,0.5,1.)) REPRESENTATION_ITEM('') );
#7710 = CARTESIAN_POINT('',(-5.6,0.));
#7711 = CARTESIAN_POINT('',(-5.6,9.699484522386));
#7712 = CARTESIAN_POINT('',(2.8,4.849742261193));
#7713 = CARTESIAN_POINT('',(11.2,1.371604415045E-15));
#7714 = CARTESIAN_POINT('',(2.8,-4.849742261193));
#7715 = CARTESIAN_POINT('',(-5.6,-9.699484522386));
#7716 = CARTESIAN_POINT('',(-5.6,0.));
#7717 = ( GEOMETRIC_REPRESENTATION_CONTEXT(2) 
PARAMETRIC_REPRESENTATION_CONTEXT() REPRESENTATION_CONTEXT('2D SPACE',''
  ) );
#7718 = ORIENTED_EDGE('',*,*,#7665,.T.);
#7719 = ORIENTED_EDGE('',*,*,#7720,.F.);
#7720 = EDGE_CURVE('',#6464,#7640,#7721,.T.);
#7721 = SURFACE_CURVE('',#7722,(#7727,#7734),.PCURVE_S1.);
#7722 = CIRCLE('',#7723,5.6);
#7723 = AXIS2_PLACEMENT_3D('',#7724,#7725,#7726);
#7724 = CARTESIAN_POINT('',(2.,124.35618527948,17.744893034002));
#7725 = DIRECTION('',(-0.,-0.894427191,0.4472135955));
#7726 = DIRECTION('',(-1.,0.,-0.));
#7727 = PCURVE('',#6512,#7728);
#7728 = DEFINITIONAL_REPRESENTATION('',(#7729),#7733);
#7729 = LINE('',#7730,#7731);
#7730 = CARTESIAN_POINT('',(-0.,10.));
#7731 = VECTOR('',#7732,1.);
#7732 = DIRECTION('',(-1.,0.));
#7733 = ( GEOMETRIC_REPRESENTATION_CONTEXT(2) 
PARAMETRIC_REPRESENTATION_CONTEXT() REPRESENTATION_CONTEXT('2D SPACE',''
  ) );
#7734 = PCURVE('',#6479,#7735);
#7735 = DEFINITIONAL_REPRESENTATION('',(#7736),#7740);
#7736 = CIRCLE('',#7737,5.6);
#7737 = AXIS2_PLACEMENT_2D('',#7738,#7739);
#7738 = CARTESIAN_POINT('',(-8.,4.));
#7739 = DIRECTION('',(-1.,0.));
#7740 = ( GEOMETRIC_REPRESENTATION_CONTEXT(2) 
PARAMETRIC_REPRESENTATION_CONTEXT() REPRESENTATION_CONTEXT('2D SPACE',''
  ) );
#7741 = ORIENTED_EDGE('',*,*,#6491,.F.);
#7742 = ORIENTED_EDGE('',*,*,#7526,.T.);
#7743 = ORIENTED_EDGE('',*,*,#7744,.F.);
#7744 = EDGE_CURVE('',#7745,#7527,#7747,.T.);
#7745 = VERTEX_POINT('',#7746);
#7746 = CARTESIAN_POINT('',(-1.919183588453,126.14503966148,
    21.322601798002));
#7747 = SURFACE_CURVE('',#7748,(#7753,#7760),.PCURVE_S1.);
#7748 = CIRCLE('',#7749,5.6);
#7749 = AXIS2_PLACEMENT_3D('',#7750,#7751,#7752);
#7750 = CARTESIAN_POINT('',(2.,124.35618527948,17.744893034002));
#7751 = DIRECTION('',(-0.,-0.894427191,0.4472135955));
#7752 = DIRECTION('',(-1.,0.,-0.));
#7753 = PCURVE('',#6512,#7754);
#7754 = DEFINITIONAL_REPRESENTATION('',(#7755),#7759);
#7755 = LINE('',#7756,#7757);
#7756 = CARTESIAN_POINT('',(-0.,10.));
#7757 = VECTOR('',#7758,1.);
#7758 = DIRECTION('',(-1.,0.));
#7759 = ( GEOMETRIC_REPRESENTATION_CONTEXT(2) 
PARAMETRIC_REPRESENTATION_CONTEXT() REPRESENTATION_CONTEXT('2D SPACE',''
  ) );
#7760 = PCURVE('',#7624,#7761);
#7761 = DEFINITIONAL_REPRESENTATION('',(#7762),#7766);
#7762 = CIRCLE('',#7763,5.6);
#7763 = AXIS2_PLACEMENT_2D('',#7764,#7765);
#7764 = CARTESIAN_POINT('',(-8.,4.));
#7765 = DIRECTION('',(-1.,0.));
#7766 = ( GEOMETRIC_REPRESENTATION_CONTEXT(2) 
PARAMETRIC_REPRESENTATION_CONTEXT() REPRESENTATION_CONTEXT('2D SPACE',''
  ) );
#7767 = ORIENTED_EDGE('',*,*,#7768,.F.);
#7768 = EDGE_CURVE('',#7769,#7745,#7771,.T.);
#7769 = VERTEX_POINT('',#7770);
#7770 = CARTESIAN_POINT('',(5.919183588453,126.14503966148,
    21.322601798002));
#7771 = SURFACE_CURVE('',#7772,(#7777,#7784),.PCURVE_S1.);
#7772 = CIRCLE('',#7773,5.6);
#7773 = AXIS2_PLACEMENT_3D('',#7774,#7775,#7776);
#7774 = CARTESIAN_POINT('',(2.,124.35618527948,17.744893034002));
#7775 = DIRECTION('',(-0.,-0.894427191,0.4472135955));
#7776 = DIRECTION('',(-1.,0.,-0.));
#7777 = PCURVE('',#6512,#7778);
#7778 = DEFINITIONAL_REPRESENTATION('',(#7779),#7783);
#7779 = LINE('',#7780,#7781);
#7780 = CARTESIAN_POINT('',(-0.,10.));
#7781 = VECTOR('',#7782,1.);
#7782 = DIRECTION('',(-1.,0.));
#7783 = ( GEOMETRIC_REPRESENTATION_CONTEXT(2) 
PARAMETRIC_REPRESENTATION_CONTEXT() REPRESENTATION_CONTEXT('2D SPACE',''
  ) );
#7784 = PCURVE('',#7785,#7790);
#7785 = PLANE('',#7786);
#7786 = AXIS2_PLACEMENT_3D('',#7787,#7788,#7789);
#7787 = CARTESIAN_POINT('',(2.,124.35618527948,17.744893034002));
#7788 = DIRECTION('',(-0.,0.894427191,-0.4472135955));
#7789 = DIRECTION('',(1.,0.,0.));
#7790 = DEFINITIONAL_REPRESENTATION('',(#7791),#7799);
#7791 = ( BOUNDED_CURVE() B_SPLINE_CURVE(2,(#7792,#7793,#7794,#7795,
#7796,#7797,#7798),.UNSPECIFIED.,.T.,.F.) B_SPLINE_CURVE_WITH_KNOTS((1,2
    ,2,2,2,1),(-2.094395102393,0.,2.094395102393,4.188790204786,
6.28318530718,8.377580409573),.UNSPECIFIED.) CURVE() 
GEOMETRIC_REPRESENTATION_ITEM() RATIONAL_B_SPLINE_CURVE((1.,0.5,1.,0.5,
1.,0.5,1.)) REPRESENTATION_ITEM('') );
#7792 = CARTESIAN_POINT('',(-5.6,0.));
#7793 = CARTESIAN_POINT('',(-5.6,9.699484522386));
#7794 = CARTESIAN_POINT('',(2.8,4.849742261193));
#7795 = CARTESIAN_POINT('',(11.2,1.371604415045E-15));
#7796 = CARTESIAN_POINT('',(2.8,-4.849742261193));
#7797 = CARTESIAN_POINT('',(-5.6,-9.699484522386));
#7798 = CARTESIAN_POINT('',(-5.6,0.));
#7799 = ( GEOMETRIC_REPRESENTATION_CONTEXT(2) 
PARAMETRIC_REPRESENTATION_CONTEXT() REPRESENTATION_CONTEXT('2D SPACE',''
  ) );
#7800 = ORIENTED_EDGE('',*,*,#7801,.F.);
#7801 = EDGE_CURVE('',#7802,#7769,#7804,.T.);
#7802 = VERTEX_POINT('',#7803);
#7803 = CARTESIAN_POINT('',(5.919183588453,122.56733089749,
    14.167184270003));
#7804 = SURFACE_CURVE('',#7805,(#7810,#7817),.PCURVE_S1.);
#7805 = CIRCLE('',#7806,5.6);
#7806 = AXIS2_PLACEMENT_3D('',#7807,#7808,#7809);
#7807 = CARTESIAN_POINT('',(2.,124.35618527948,17.744893034002));
#7808 = DIRECTION('',(-0.,-0.894427191,0.4472135955));
#7809 = DIRECTION('',(-1.,0.,-0.));
#7810 = PCURVE('',#6512,#7811);
#7811 = DEFINITIONAL_REPRESENTATION('',(#7812),#7816);
#7812 = LINE('',#7813,#7814);
#7813 = CARTESIAN_POINT('',(-0.,10.));
#7814 = VECTOR('',#7815,1.);
#7815 = DIRECTION('',(-1.,0.));
#7816 = ( GEOMETRIC_REPRESENTATION_CONTEXT(2) 
PARAMETRIC_REPRESENTATION_CONTEXT() REPRESENTATION_CONTEXT('2D SPACE',''
  ) );
#7817 = PCURVE('',#7818,#7823);
#7818 = PLANE('',#7819);
#7819 = AXIS2_PLACEMENT_3D('',#7820,#7821,#7822);
#7820 = CARTESIAN_POINT('',(10.,122.56733089749,14.167184270003));
#7821 = DIRECTION('',(0.,-0.894427191,0.4472135955));
#7822 = DIRECTION('',(1.,0.,0.));
#7823 = DEFINITIONAL_REPRESENTATION('',(#7824),#7828);
#7824 = CIRCLE('',#7825,5.6);
#7825 = AXIS2_PLACEMENT_2D('',#7826,#7827);
#7826 = CARTESIAN_POINT('',(-8.,4.));
#7827 = DIRECTION('',(-1.,0.));
#7828 = ( GEOMETRIC_REPRESENTATION_CONTEXT(2) 
PARAMETRIC_REPRESENTATION_CONTEXT() REPRESENTATION_CONTEXT('2D SPACE',''
  ) );
#7829 = ORIENTED_EDGE('',*,*,#7830,.F.);
#7830 = EDGE_CURVE('',#6661,#7802,#7831,.T.);
#7831 = SURFACE_CURVE('',#7832,(#7837,#7844),.PCURVE_S1.);
#7832 = CIRCLE('',#7833,5.6);
#7833 = AXIS2_PLACEMENT_3D('',#7834,#7835,#7836);
#7834 = CARTESIAN_POINT('',(2.,124.35618527948,17.744893034002));
#7835 = DIRECTION('',(-0.,-0.894427191,0.4472135955));
#7836 = DIRECTION('',(-1.,0.,-0.));
#7837 = PCURVE('',#6512,#7838);
#7838 = DEFINITIONAL_REPRESENTATION('',(#7839),#7843);
#7839 = LINE('',#7840,#7841);
#7840 = CARTESIAN_POINT('',(-0.,10.));
#7841 = VECTOR('',#7842,1.);
#7842 = DIRECTION('',(-1.,0.));
#7843 = ( GEOMETRIC_REPRESENTATION_CONTEXT(2) 
PARAMETRIC_REPRESENTATION_CONTEXT() REPRESENTATION_CONTEXT('2D SPACE',''
  ) );
#7844 = PCURVE('',#6710,#7845);
#7845 = DEFINITIONAL_REPRESENTATION('',(#7846),#7854);
#7846 = ( BOUNDED_CURVE() B_SPLINE_CURVE(2,(#7847,#7848,#7849,#7850,
#7851,#7852,#7853),.UNSPECIFIED.,.T.,.F.) B_SPLINE_CURVE_WITH_KNOTS((1,2
    ,2,2,2,1),(-2.094395102393,0.,2.094395102393,4.188790204786,
6.28318530718,8.377580409573),.UNSPECIFIED.) CURVE() 
GEOMETRIC_REPRESENTATION_ITEM() RATIONAL_B_SPLINE_CURVE((1.,0.5,1.,0.5,
1.,0.5,1.)) REPRESENTATION_ITEM('') );
#7847 = CARTESIAN_POINT('',(-5.6,0.));
#7848 = CARTESIAN_POINT('',(-5.6,9.699484522386));
#7849 = CARTESIAN_POINT('',(2.8,4.849742261193));
#7850 = CARTESIAN_POINT('',(11.2,1.371604415045E-15));
#7851 = CARTESIAN_POINT('',(2.8,-4.849742261193));
#7852 = CARTESIAN_POINT('',(-5.6,-9.699484522386));
#7853 = CARTESIAN_POINT('',(-5.6,0.));
#7854 = ( GEOMETRIC_REPRESENTATION_CONTEXT(2) 
PARAMETRIC_REPRESENTATION_CONTEXT() REPRESENTATION_CONTEXT('2D SPACE',''
  ) );
#7855 = ORIENTED_EDGE('',*,*,#6660,.T.);
#7856 = ORIENTED_EDGE('',*,*,#7857,.F.);
#7857 = EDGE_CURVE('',#7642,#6663,#7858,.T.);
#7858 = SURFACE_CURVE('',#7859,(#7864,#7871),.PCURVE_S1.);
#7859 = CIRCLE('',#7860,5.6);
#7860 = AXIS2_PLACEMENT_3D('',#7861,#7862,#7863);
#7861 = CARTESIAN_POINT('',(2.,124.35618527948,17.744893034002));
#7862 = DIRECTION('',(-0.,-0.894427191,0.4472135955));
#7863 = DIRECTION('',(-1.,0.,-0.));
#7864 = PCURVE('',#6512,#7865);
#7865 = DEFINITIONAL_REPRESENTATION('',(#7866),#7870);
#7866 = LINE('',#7867,#7868);
#7867 = CARTESIAN_POINT('',(-0.,10.));
#7868 = VECTOR('',#7869,1.);
#7869 = DIRECTION('',(-1.,0.));
#7870 = ( GEOMETRIC_REPRESENTATION_CONTEXT(2) 
PARAMETRIC_REPRESENTATION_CONTEXT() REPRESENTATION_CONTEXT('2D SPACE',''
  ) );
#7871 = PCURVE('',#6710,#7872);
#7872 = DEFINITIONAL_REPRESENTATION('',(#7873),#7881);
#7873 = ( BOUNDED_CURVE() B_SPLINE_CURVE(2,(#7874,#7875,#7876,#7877,
#7878,#7879,#7880),.UNSPECIFIED.,.T.,.F.) B_SPLINE_CURVE_WITH_KNOTS((1,2
    ,2,2,2,1),(-2.094395102393,0.,2.094395102393,4.188790204786,
6.28318530718,8.377580409573),.UNSPECIFIED.) CURVE() 
GEOMETRIC_REPRESENTATION_ITEM() RATIONAL_B_SPLINE_CURVE((1.,0.5,1.,0.5,
1.,0.5,1.)) REPRESENTATION_ITEM('') );
#7874 = CARTESIAN_POINT('',(-5.6,0.));
#7875 = CARTESIAN_POINT('',(-5.6,9.699484522386));
#7876 = CARTESIAN_POINT('',(2.8,4.849742261193));
#7877 = CARTESIAN_POINT('',(11.2,1.371604415045E-15));
#7878 = CARTESIAN_POINT('',(2.8,-4.849742261193));
#7879 = CARTESIAN_POINT('',(-5.6,-9.699484522386));
#7880 = CARTESIAN_POINT('',(-5.6,0.));
#7881 = ( GEOMETRIC_REPRESENTATION_CONTEXT(2) 
PARAMETRIC_REPRESENTATION_CONTEXT() REPRESENTATION_CONTEXT('2D SPACE',''
  ) );
#7882 = ADVANCED_FACE('',(#7883),#6479,.T.);
#7883 = FACE_BOUND('',#7884,.F.);
#7884 = EDGE_LOOP('',(#7885,#7886,#7887,#7888,#7911));
#7885 = ORIENTED_EDGE('',*,*,#6463,.T.);
#7886 = ORIENTED_EDGE('',*,*,#7720,.T.);
#7887 = ORIENTED_EDGE('',*,*,#7639,.T.);
#7888 = ORIENTED_EDGE('',*,*,#7889,.T.);
#7889 = EDGE_CURVE('',#7642,#7890,#7892,.T.);
#7890 = VERTEX_POINT('',#7891);
#7891 = CARTESIAN_POINT('',(-6.,122.56733089749,14.167184270003));
#7892 = SURFACE_CURVE('',#7893,(#7897,#7904),.PCURVE_S1.);
#7893 = LINE('',#7894,#7895);
#7894 = CARTESIAN_POINT('',(10.,122.56733089749,14.167184270003));
#7895 = VECTOR('',#7896,1.);
#7896 = DIRECTION('',(-1.,0.,-0.));
#7897 = PCURVE('',#6479,#7898);
#7898 = DEFINITIONAL_REPRESENTATION('',(#7899),#7903);
#7899 = LINE('',#7900,#7901);
#7900 = CARTESIAN_POINT('',(0.,-0.));
#7901 = VECTOR('',#7902,1.);
#7902 = DIRECTION('',(-1.,0.));
#7903 = ( GEOMETRIC_REPRESENTATION_CONTEXT(2) 
PARAMETRIC_REPRESENTATION_CONTEXT() REPRESENTATION_CONTEXT('2D SPACE',''
  ) );
#7904 = PCURVE('',#6620,#7905);
#7905 = DEFINITIONAL_REPRESENTATION('',(#7906),#7910);
#7906 = LINE('',#7907,#7908);
#7907 = CARTESIAN_POINT('',(-4.248741371384,2.979040983897E-16));
#7908 = VECTOR('',#7909,1.);
#7909 = DIRECTION('',(-0.,1.));
#7910 = ( GEOMETRIC_REPRESENTATION_CONTEXT(2) 
PARAMETRIC_REPRESENTATION_CONTEXT() REPRESENTATION_CONTEXT('2D SPACE',''
  ) );
#7911 = ORIENTED_EDGE('',*,*,#7912,.T.);
#7912 = EDGE_CURVE('',#7890,#6436,#7913,.T.);
#7913 = SURFACE_CURVE('',#7914,(#7918,#7925),.PCURVE_S1.);
#7914 = LINE('',#7915,#7916);
#7915 = CARTESIAN_POINT('',(-6.,122.56733089749,14.167184270003));
#7916 = VECTOR('',#7917,1.);
#7917 = DIRECTION('',(0.,0.4472135955,0.894427191));
#7918 = PCURVE('',#6479,#7919);
#7919 = DEFINITIONAL_REPRESENTATION('',(#7920),#7924);
#7920 = LINE('',#7921,#7922);
#7921 = CARTESIAN_POINT('',(-16.,0.));
#7922 = VECTOR('',#7923,1.);
#7923 = DIRECTION('',(-0.,1.));
#7924 = ( GEOMETRIC_REPRESENTATION_CONTEXT(2) 
PARAMETRIC_REPRESENTATION_CONTEXT() REPRESENTATION_CONTEXT('2D SPACE',''
  ) );
#7925 = PCURVE('',#6451,#7926);
#7926 = DEFINITIONAL_REPRESENTATION('',(#7927),#7931);
#7927 = LINE('',#7928,#7929);
#7928 = CARTESIAN_POINT('',(-12.,-2.615765236891E-15));
#7929 = VECTOR('',#7930,1.);
#7930 = DIRECTION('',(1.084694926189E-17,-1.));
#7931 = ( GEOMETRIC_REPRESENTATION_CONTEXT(2) 
PARAMETRIC_REPRESENTATION_CONTEXT() REPRESENTATION_CONTEXT('2D SPACE',''
  ) );
#7932 = ADVANCED_FACE('',(#7933),#6451,.T.);
#7933 = FACE_BOUND('',#7934,.F.);
#7934 = EDGE_LOOP('',(#7935,#7936,#7937,#7938));
#7935 = ORIENTED_EDGE('',*,*,#6581,.T.);
#7936 = ORIENTED_EDGE('',*,*,#6435,.T.);
#7937 = ORIENTED_EDGE('',*,*,#7912,.F.);
#7938 = ORIENTED_EDGE('',*,*,#7939,.F.);
#7939 = EDGE_CURVE('',#6582,#7890,#7940,.T.);
#7940 = SURFACE_CURVE('',#7941,(#7946,#7953),.PCURVE_S1.);
#7941 = CIRCLE('',#7942,6.);
#7942 = AXIS2_PLACEMENT_3D('',#7943,#7944,#7945);
#7943 = CARTESIAN_POINT('',(-6.,127.93389404348,11.483902697003));
#7944 = DIRECTION('',(-1.,-0.,0.));
#7945 = DIRECTION('',(-0.,0.894427191,-0.4472135955));
#7946 = PCURVE('',#6451,#7947);
#7947 = DEFINITIONAL_REPRESENTATION('',(#7948),#7952);
#7948 = CIRCLE('',#7949,6.);
#7949 = AXIS2_PLACEMENT_2D('',#7950,#7951);
#7950 = CARTESIAN_POINT('',(-6.,-7.525131556347E-15));
#7951 = DIRECTION('',(1.,1.309373151258E-15));
#7952 = ( GEOMETRIC_REPRESENTATION_CONTEXT(2) 
PARAMETRIC_REPRESENTATION_CONTEXT() REPRESENTATION_CONTEXT('2D SPACE',''
  ) );
#7953 = PCURVE('',#6620,#7954);
#7954 = DEFINITIONAL_REPRESENTATION('',(#7955),#7959);
#7955 = LINE('',#7956,#7957);
#7956 = CARTESIAN_POINT('',(-7.390334024974,16.));
#7957 = VECTOR('',#7958,1.);
#7958 = DIRECTION('',(1.,-0.));
#7959 = ( GEOMETRIC_REPRESENTATION_CONTEXT(2) 
PARAMETRIC_REPRESENTATION_CONTEXT() REPRESENTATION_CONTEXT('2D SPACE',''
  ) );
#7960 = ADVANCED_FACE('',(#7961),#6620,.T.);
#7961 = FACE_BOUND('',#7962,.F.);
#7962 = EDGE_LOOP('',(#7963,#7994,#8022,#8051,#8074,#8100,#8101,#8102,
    #8103,#8124));
#7963 = ORIENTED_EDGE('',*,*,#7964,.F.);
#7964 = EDGE_CURVE('',#7965,#7967,#7969,.T.);
#7965 = VERTEX_POINT('',#7966);
#7966 = CARTESIAN_POINT('',(10.,133.30045718948,8.800621124003));
#7967 = VERTEX_POINT('',#7968);
#7968 = CARTESIAN_POINT('',(10.,122.56733089749,14.167184270003));
#7969 = SURFACE_CURVE('',#7970,(#7975,#7982),.PCURVE_S1.);
#7970 = CIRCLE('',#7971,6.);
#7971 = AXIS2_PLACEMENT_3D('',#7972,#7973,#7974);
#7972 = CARTESIAN_POINT('',(10.,127.93389404348,11.483902697003));
#7973 = DIRECTION('',(-1.,-0.,0.));
#7974 = DIRECTION('',(-0.,0.894427191,-0.4472135955));
#7975 = PCURVE('',#6620,#7976);
#7976 = DEFINITIONAL_REPRESENTATION('',(#7977),#7981);
#7977 = LINE('',#7978,#7979);
#7978 = CARTESIAN_POINT('',(-7.390334024974,0.));
#7979 = VECTOR('',#7980,1.);
#7980 = DIRECTION('',(1.,-0.));
#7981 = ( GEOMETRIC_REPRESENTATION_CONTEXT(2) 
PARAMETRIC_REPRESENTATION_CONTEXT() REPRESENTATION_CONTEXT('2D SPACE',''
  ) );
#7982 = PCURVE('',#7983,#7988);
#7983 = PLANE('',#7984);
#7984 = AXIS2_PLACEMENT_3D('',#7985,#7986,#7987);
#7985 = CARTESIAN_POINT('',(10.,133.30045718948,8.800621124003));
#7986 = DIRECTION('',(-1.,-0.,-0.));
#7987 = DIRECTION('',(0.,0.894427191,-0.4472135955));
#7988 = DEFINITIONAL_REPRESENTATION('',(#7989),#7993);
#7989 = CIRCLE('',#7990,6.);
#7990 = AXIS2_PLACEMENT_2D('',#7991,#7992);
#7991 = CARTESIAN_POINT('',(-6.,-7.525131556347E-15));
#7992 = DIRECTION('',(1.,1.309373151258E-15));
#7993 = ( GEOMETRIC_REPRESENTATION_CONTEXT(2) 
PARAMETRIC_REPRESENTATION_CONTEXT() REPRESENTATION_CONTEXT('2D SPACE',''
  ) );
#7994 = ORIENTED_EDGE('',*,*,#7995,.T.);
#7995 = EDGE_CURVE('',#7965,#7996,#7998,.T.);
#7996 = VERTEX_POINT('',#7997);
#7997 = CARTESIAN_POINT('',(-6.,133.30045718948,8.800621124003));
#7998 = SURFACE_CURVE('',#7999,(#8003,#8010),.PCURVE_S1.);
#7999 = LINE('',#8000,#8001);
#8000 = CARTESIAN_POINT('',(10.,133.30045718948,8.800621124003));
#8001 = VECTOR('',#8002,1.);
#8002 = DIRECTION('',(-1.,0.,-0.));
#8003 = PCURVE('',#6620,#8004);
#8004 = DEFINITIONAL_REPRESENTATION('',(#8005),#8009);
#8005 = LINE('',#8006,#8007);
#8006 = CARTESIAN_POINT('',(-7.390334024974,-2.979040983897E-16));
#8007 = VECTOR('',#8008,1.);
#8008 = DIRECTION('',(-0.,1.));
#8009 = ( GEOMETRIC_REPRESENTATION_CONTEXT(2) 
PARAMETRIC_REPRESENTATION_CONTEXT() REPRESENTATION_CONTEXT('2D SPACE',''
  ) );
#8010 = PCURVE('',#8011,#8016);
#8011 = PLANE('',#8012);
#8012 = AXIS2_PLACEMENT_3D('',#8013,#8014,#8015);
#8013 = CARTESIAN_POINT('',(10.,133.30045718948,8.800621124003));
#8014 = DIRECTION('',(0.,-0.894427191,0.4472135955));
#8015 = DIRECTION('',(1.,0.,0.));
#8016 = DEFINITIONAL_REPRESENTATION('',(#8017),#8021);
#8017 = LINE('',#8018,#8019);
#8018 = CARTESIAN_POINT('',(0.,-0.));
#8019 = VECTOR('',#8020,1.);
#8020 = DIRECTION('',(-1.,0.));
#8021 = ( GEOMETRIC_REPRESENTATION_CONTEXT(2) 
PARAMETRIC_REPRESENTATION_CONTEXT() REPRESENTATION_CONTEXT('2D SPACE',''
  ) );
#8022 = ORIENTED_EDGE('',*,*,#8023,.T.);
#8023 = EDGE_CURVE('',#7996,#8024,#8026,.T.);
#8024 = VERTEX_POINT('',#8025);
#8025 = CARTESIAN_POINT('',(-6.,125.,6.250140594884));
#8026 = SURFACE_CURVE('',#8027,(#8032,#8039),.PCURVE_S1.);
#8027 = CIRCLE('',#8028,6.);
#8028 = AXIS2_PLACEMENT_3D('',#8029,#8030,#8031);
#8029 = CARTESIAN_POINT('',(-6.,127.93389404348,11.483902697003));
#8030 = DIRECTION('',(-1.,-0.,0.));
#8031 = DIRECTION('',(-0.,0.894427191,-0.4472135955));
#8032 = PCURVE('',#6620,#8033);
#8033 = DEFINITIONAL_REPRESENTATION('',(#8034),#8038);
#8034 = LINE('',#8035,#8036);
#8035 = CARTESIAN_POINT('',(-7.390334024974,16.));
#8036 = VECTOR('',#8037,1.);
#8037 = DIRECTION('',(1.,-0.));
#8038 = ( GEOMETRIC_REPRESENTATION_CONTEXT(2) 
PARAMETRIC_REPRESENTATION_CONTEXT() REPRESENTATION_CONTEXT('2D SPACE',''
  ) );
#8039 = PCURVE('',#8040,#8045);
#8040 = PLANE('',#8041);
#8041 = AXIS2_PLACEMENT_3D('',#8042,#8043,#8044);
#8042 = CARTESIAN_POINT('',(-6.,133.30045718948,8.800621124003));
#8043 = DIRECTION('',(-1.,-0.,-0.));
#8044 = DIRECTION('',(0.,0.894427191,-0.4472135955));
#8045 = DEFINITIONAL_REPRESENTATION('',(#8046),#8050);
#8046 = CIRCLE('',#8047,6.);
#8047 = AXIS2_PLACEMENT_2D('',#8048,#8049);
#8048 = CARTESIAN_POINT('',(-6.,-7.525131556347E-15));
#8049 = DIRECTION('',(1.,1.309373151258E-15));
#8050 = ( GEOMETRIC_REPRESENTATION_CONTEXT(2) 
PARAMETRIC_REPRESENTATION_CONTEXT() REPRESENTATION_CONTEXT('2D SPACE',''
  ) );
#8051 = ORIENTED_EDGE('',*,*,#8052,.F.);
#8052 = EDGE_CURVE('',#8053,#8024,#8055,.T.);
#8053 = VERTEX_POINT('',#8054);
#8054 = CARTESIAN_POINT('',(7.,125.,6.250140594884));
#8055 = SURFACE_CURVE('',#8056,(#8060,#8067),.PCURVE_S1.);
#8056 = LINE('',#8057,#8058);
#8057 = CARTESIAN_POINT('',(10.,125.,6.250140594884));
#8058 = VECTOR('',#8059,1.);
#8059 = DIRECTION('',(-1.,-0.,1.110223024625E-16));
#8060 = PCURVE('',#6620,#8061);
#8061 = DEFINITIONAL_REPRESENTATION('',(#8062),#8066);
#8062 = LINE('',#8063,#8064);
#8063 = CARTESIAN_POINT('',(-5.772262583946,-5.810643191183E-16));
#8064 = VECTOR('',#8065,1.);
#8065 = DIRECTION('',(-0.,1.));
#8066 = ( GEOMETRIC_REPRESENTATION_CONTEXT(2) 
PARAMETRIC_REPRESENTATION_CONTEXT() REPRESENTATION_CONTEXT('2D SPACE',''
  ) );
#8067 = PCURVE('',#6892,#8068);
#8068 = DEFINITIONAL_REPRESENTATION('',(#8069),#8073);
#8069 = LINE('',#8070,#8071);
#8070 = CARTESIAN_POINT('',(-0.250140594884,-3.));
#8071 = VECTOR('',#8072,1.);
#8072 = DIRECTION('',(-1.110223024625E-16,1.));
#8073 = ( GEOMETRIC_REPRESENTATION_CONTEXT(2) 
PARAMETRIC_REPRESENTATION_CONTEXT() REPRESENTATION_CONTEXT('2D SPACE',''
  ) );
#8074 = ORIENTED_EDGE('',*,*,#8075,.F.);
#8075 = EDGE_CURVE('',#6605,#8053,#8076,.T.);
#8076 = SURFACE_CURVE('',#8077,(#8082,#8089),.PCURVE_S1.);
#8077 = CIRCLE('',#8078,6.);
#8078 = AXIS2_PLACEMENT_3D('',#8079,#8080,#8081);
#8079 = CARTESIAN_POINT('',(7.,127.93389404348,11.483902697003));
#8080 = DIRECTION('',(1.,0.,-1.110223024625E-16));
#8081 = DIRECTION('',(-1.110223024625E-16,-0.,-1.));
#8082 = PCURVE('',#6620,#8083);
#8083 = DEFINITIONAL_REPRESENTATION('',(#8084),#8088);
#8084 = LINE('',#8085,#8086);
#8085 = CARTESIAN_POINT('',(-0.,3.));
#8086 = VECTOR('',#8087,1.);
#8087 = DIRECTION('',(-1.,0.));
#8088 = ( GEOMETRIC_REPRESENTATION_CONTEXT(2) 
PARAMETRIC_REPRESENTATION_CONTEXT() REPRESENTATION_CONTEXT('2D SPACE',''
  ) );
#8089 = PCURVE('',#6646,#8090);
#8090 = DEFINITIONAL_REPRESENTATION('',(#8091),#8099);
#8091 = ( BOUNDED_CURVE() B_SPLINE_CURVE(2,(#8092,#8093,#8094,#8095,
#8096,#8097,#8098),.UNSPECIFIED.,.T.,.F.) B_SPLINE_CURVE_WITH_KNOTS((1,2
    ,2,2,2,1),(-2.094395102393,0.,2.094395102393,4.188790204786,
6.28318530718,8.377580409573),.UNSPECIFIED.) CURVE() 
GEOMETRIC_REPRESENTATION_ITEM() RATIONAL_B_SPLINE_CURVE((1.,0.5,1.,0.5,
1.,0.5,1.)) REPRESENTATION_ITEM('') );
#8092 = CARTESIAN_POINT('',(0.516097302997,-20.93389404348));
#8093 = CARTESIAN_POINT('',(0.516097302997,-31.3261988889));
#8094 = CARTESIAN_POINT('',(-8.483902697003,-26.13004646619));
#8095 = CARTESIAN_POINT('',(-17.483902697,-20.93389404348));
#8096 = CARTESIAN_POINT('',(-8.483902697003,-15.73774162078));
#8097 = CARTESIAN_POINT('',(0.516097302997,-10.54158919807));
#8098 = CARTESIAN_POINT('',(0.516097302997,-20.93389404348));
#8099 = ( GEOMETRIC_REPRESENTATION_CONTEXT(2) 
PARAMETRIC_REPRESENTATION_CONTEXT() REPRESENTATION_CONTEXT('2D SPACE',''
  ) );
#8100 = ORIENTED_EDGE('',*,*,#6604,.T.);
#8101 = ORIENTED_EDGE('',*,*,#7939,.T.);
#8102 = ORIENTED_EDGE('',*,*,#7889,.F.);
#8103 = ORIENTED_EDGE('',*,*,#8104,.F.);
#8104 = EDGE_CURVE('',#7802,#7642,#8105,.T.);
#8105 = SURFACE_CURVE('',#8106,(#8110,#8117),.PCURVE_S1.);
#8106 = LINE('',#8107,#8108);
#8107 = CARTESIAN_POINT('',(10.,122.56733089749,14.167184270003));
#8108 = VECTOR('',#8109,1.);
#8109 = DIRECTION('',(-1.,0.,-0.));
#8110 = PCURVE('',#6620,#8111);
#8111 = DEFINITIONAL_REPRESENTATION('',(#8112),#8116);
#8112 = LINE('',#8113,#8114);
#8113 = CARTESIAN_POINT('',(-4.248741371384,2.979040983897E-16));
#8114 = VECTOR('',#8115,1.);
#8115 = DIRECTION('',(-0.,1.));
#8116 = ( GEOMETRIC_REPRESENTATION_CONTEXT(2) 
PARAMETRIC_REPRESENTATION_CONTEXT() REPRESENTATION_CONTEXT('2D SPACE',''
  ) );
#8117 = PCURVE('',#6710,#8118);
#8118 = DEFINITIONAL_REPRESENTATION('',(#8119),#8123);
#8119 = LINE('',#8120,#8121);
#8120 = CARTESIAN_POINT('',(8.,4.));
#8121 = VECTOR('',#8122,1.);
#8122 = DIRECTION('',(-1.,0.));
#8123 = ( GEOMETRIC_REPRESENTATION_CONTEXT(2) 
PARAMETRIC_REPRESENTATION_CONTEXT() REPRESENTATION_CONTEXT('2D SPACE',''
  ) );
#8124 = ORIENTED_EDGE('',*,*,#8125,.F.);
#8125 = EDGE_CURVE('',#7967,#7802,#8126,.T.);
#8126 = SURFACE_CURVE('',#8127,(#8131,#8138),.PCURVE_S1.);
#8127 = LINE('',#8128,#8129);
#8128 = CARTESIAN_POINT('',(10.,122.56733089749,14.167184270003));
#8129 = VECTOR('',#8130,1.);
#8130 = DIRECTION('',(-1.,0.,-0.));
#8131 = PCURVE('',#6620,#8132);
#8132 = DEFINITIONAL_REPRESENTATION('',(#8133),#8137);
#8133 = LINE('',#8134,#8135);
#8134 = CARTESIAN_POINT('',(-4.248741371384,2.979040983897E-16));
#8135 = VECTOR('',#8136,1.);
#8136 = DIRECTION('',(-0.,1.));
#8137 = ( GEOMETRIC_REPRESENTATION_CONTEXT(2) 
PARAMETRIC_REPRESENTATION_CONTEXT() REPRESENTATION_CONTEXT('2D SPACE',''
  ) );
#8138 = PCURVE('',#7818,#8139);
#8139 = DEFINITIONAL_REPRESENTATION('',(#8140),#8144);
#8140 = LINE('',#8141,#8142);
#8141 = CARTESIAN_POINT('',(0.,-0.));
#8142 = VECTOR('',#8143,1.);
#8143 = DIRECTION('',(-1.,0.));
#8144 = ( GEOMETRIC_REPRESENTATION_CONTEXT(2) 
PARAMETRIC_REPRESENTATION_CONTEXT() REPRESENTATION_CONTEXT('2D SPACE',''
  ) );
#8145 = ADVANCED_FACE('',(#8146),#6646,.F.);
#8146 = FACE_BOUND('',#8147,.T.);
#8147 = EDGE_LOOP('',(#8148,#8149,#8150,#8151,#8172));
#8148 = ORIENTED_EDGE('',*,*,#6632,.F.);
#8149 = ORIENTED_EDGE('',*,*,#6750,.F.);
#8150 = ORIENTED_EDGE('',*,*,#6904,.T.);
#8151 = ORIENTED_EDGE('',*,*,#8152,.T.);
#8152 = EDGE_CURVE('',#6877,#8053,#8153,.T.);
#8153 = SURFACE_CURVE('',#8154,(#8158,#8165),.PCURVE_S1.);
#8154 = LINE('',#8155,#8156);
#8155 = CARTESIAN_POINT('',(7.,125.,6.));
#8156 = VECTOR('',#8157,1.);
#8157 = DIRECTION('',(0.,-0.,1.));
#8158 = PCURVE('',#6646,#8159);
#8159 = DEFINITIONAL_REPRESENTATION('',(#8160),#8164);
#8160 = LINE('',#8161,#8162);
#8161 = CARTESIAN_POINT('',(-0.,-18.));
#8162 = VECTOR('',#8163,1.);
#8163 = DIRECTION('',(-1.,-0.));
#8164 = ( GEOMETRIC_REPRESENTATION_CONTEXT(2) 
PARAMETRIC_REPRESENTATION_CONTEXT() REPRESENTATION_CONTEXT('2D SPACE',''
  ) );
#8165 = PCURVE('',#6892,#8166);
#8166 = DEFINITIONAL_REPRESENTATION('',(#8167),#8171);
#8167 = LINE('',#8168,#8169);
#8168 = CARTESIAN_POINT('',(-0.,-0.));
#8169 = VECTOR('',#8170,1.);
#8170 = DIRECTION('',(-1.,-0.));
#8171 = ( GEOMETRIC_REPRESENTATION_CONTEXT(2) 
PARAMETRIC_REPRESENTATION_CONTEXT() REPRESENTATION_CONTEXT('2D SPACE',''
  ) );
#8172 = ORIENTED_EDGE('',*,*,#8075,.F.);
#8173 = ADVANCED_FACE('',(#8174),#6710,.T.);
#8174 = FACE_BOUND('',#8175,.F.);
#8175 = EDGE_LOOP('',(#8176,#8177,#8178,#8179));
#8176 = ORIENTED_EDGE('',*,*,#8104,.T.);
#8177 = ORIENTED_EDGE('',*,*,#7857,.T.);
#8178 = ORIENTED_EDGE('',*,*,#6696,.T.);
#8179 = ORIENTED_EDGE('',*,*,#7830,.T.);
#8180 = ADVANCED_FACE('',(#8181),#6864,.T.);
#8181 = FACE_BOUND('',#8182,.F.);
#8182 = EDGE_LOOP('',(#8183,#8206,#8207));
#8183 = ORIENTED_EDGE('',*,*,#8184,.T.);
#8184 = EDGE_CURVE('',#8185,#6847,#8187,.T.);
#8185 = VERTEX_POINT('',#8186);
#8186 = CARTESIAN_POINT('',(-22.,125.,8.523282057964));
#8187 = SURFACE_CURVE('',#8188,(#8192,#8199),.PCURVE_S1.);
#8188 = LINE('',#8189,#8190);
#8189 = CARTESIAN_POINT('',(-22.,112.94681262635,4.077485235025));
#8190 = VECTOR('',#8191,1.);
#8191 = DIRECTION('',(-0.,-0.938213040388,-0.346058218867));
#8192 = PCURVE('',#6864,#8193);
#8193 = DEFINITIONAL_REPRESENTATION('',(#8194),#8198);
#8194 = LINE('',#8195,#8196);
#8195 = CARTESIAN_POINT('',(1.922514764975,-5.946812626359));
#8196 = VECTOR('',#8197,1.);
#8197 = DIRECTION('',(0.346058218867,0.938213040388));
#8198 = ( GEOMETRIC_REPRESENTATION_CONTEXT(2) 
PARAMETRIC_REPRESENTATION_CONTEXT() REPRESENTATION_CONTEXT('2D SPACE',''
  ) );
#8199 = PCURVE('',#7070,#8200);
#8200 = DEFINITIONAL_REPRESENTATION('',(#8201),#8205);
#8201 = LINE('',#8202,#8203);
#8202 = CARTESIAN_POINT('',(-2.,-4.914075119481));
#8203 = VECTOR('',#8204,1.);
#8204 = DIRECTION('',(-0.,-1.));
#8205 = ( GEOMETRIC_REPRESENTATION_CONTEXT(2) 
PARAMETRIC_REPRESENTATION_CONTEXT() REPRESENTATION_CONTEXT('2D SPACE',''
  ) );
#8206 = ORIENTED_EDGE('',*,*,#6846,.T.);
#8207 = ORIENTED_EDGE('',*,*,#8208,.T.);
#8208 = EDGE_CURVE('',#6849,#8185,#8209,.T.);
#8209 = SURFACE_CURVE('',#8210,(#8214,#8221),.PCURVE_S1.);
#8210 = LINE('',#8211,#8212);
#8211 = CARTESIAN_POINT('',(-22.,125.,6.));
#8212 = VECTOR('',#8213,1.);
#8213 = DIRECTION('',(0.,-0.,1.));
#8214 = PCURVE('',#6864,#8215);
#8215 = DEFINITIONAL_REPRESENTATION('',(#8216),#8220);
#8216 = LINE('',#8217,#8218);
#8217 = CARTESIAN_POINT('',(-0.,-18.));
#8218 = VECTOR('',#8219,1.);
#8219 = DIRECTION('',(-1.,-0.));
#8220 = ( GEOMETRIC_REPRESENTATION_CONTEXT(2) 
PARAMETRIC_REPRESENTATION_CONTEXT() REPRESENTATION_CONTEXT('2D SPACE',''
  ) );
#8221 = PCURVE('',#6892,#8222);
#8222 = DEFINITIONAL_REPRESENTATION('',(#8223),#8227);
#8223 = LINE('',#8224,#8225);
#8224 = CARTESIAN_POINT('',(-0.,29.));
#8225 = VECTOR('',#8226,1.);
#8226 = DIRECTION('',(-1.,-0.));
#8227 = ( GEOMETRIC_REPRESENTATION_CONTEXT(2) 
PARAMETRIC_REPRESENTATION_CONTEXT() REPRESENTATION_CONTEXT('2D SPACE',''
  ) );
#8228 = ADVANCED_FACE('',(#8229),#7070,.F.);
#8229 = FACE_BOUND('',#8230,.T.);
#8230 = EDGE_LOOP('',(#8231,#8254,#8275,#8276,#8277,#8278,#8301,#8329,
    #8350,#8351));
#8231 = ORIENTED_EDGE('',*,*,#8232,.F.);
#8232 = EDGE_CURVE('',#8233,#7029,#8235,.T.);
#8233 = VERTEX_POINT('',#8234);
#8234 = CARTESIAN_POINT('',(-20.,117.5572619849,5.778041318253));
#8235 = SURFACE_CURVE('',#8236,(#8240,#8247),.PCURVE_S1.);
#8236 = LINE('',#8237,#8238);
#8237 = CARTESIAN_POINT('',(-20.,117.5572619849,5.778041318253));
#8238 = VECTOR('',#8239,1.);
#8239 = DIRECTION('',(0.,0.938213040388,0.346058218867));
#8240 = PCURVE('',#7070,#8241);
#8241 = DEFINITIONAL_REPRESENTATION('',(#8242),#8246);
#8242 = LINE('',#8243,#8244);
#8243 = CARTESIAN_POINT('',(0.,-0.));
#8244 = VECTOR('',#8245,1.);
#8245 = DIRECTION('',(0.,1.));
#8246 = ( GEOMETRIC_REPRESENTATION_CONTEXT(2) 
PARAMETRIC_REPRESENTATION_CONTEXT() REPRESENTATION_CONTEXT('2D SPACE',''
  ) );
#8247 = PCURVE('',#7044,#8248);
#8248 = DEFINITIONAL_REPRESENTATION('',(#8249),#8253);
#8249 = LINE('',#8250,#8251);
#8250 = CARTESIAN_POINT('',(-0.,-0.));
#8251 = VECTOR('',#8252,1.);
#8252 = DIRECTION('',(-1.538466164112E-17,-1.));
#8253 = ( GEOMETRIC_REPRESENTATION_CONTEXT(2) 
PARAMETRIC_REPRESENTATION_CONTEXT() REPRESENTATION_CONTEXT('2D SPACE',''
  ) );
#8254 = ORIENTED_EDGE('',*,*,#8255,.T.);
#8255 = EDGE_CURVE('',#8233,#7177,#8256,.T.);
#8256 = SURFACE_CURVE('',#8257,(#8261,#8268),.PCURVE_S1.);
#8257 = LINE('',#8258,#8259);
#8258 = CARTESIAN_POINT('',(-20.,117.5572619849,5.778041318253));
#8259 = VECTOR('',#8260,1.);
#8260 = DIRECTION('',(-1.,0.,-0.));
#8261 = PCURVE('',#7070,#8262);
#8262 = DEFINITIONAL_REPRESENTATION('',(#8263),#8267);
#8263 = LINE('',#8264,#8265);
#8264 = CARTESIAN_POINT('',(0.,-0.));
#8265 = VECTOR('',#8266,1.);
#8266 = DIRECTION('',(-1.,0.));
#8267 = ( GEOMETRIC_REPRESENTATION_CONTEXT(2) 
PARAMETRIC_REPRESENTATION_CONTEXT() REPRESENTATION_CONTEXT('2D SPACE',''
  ) );
#8268 = PCURVE('',#7016,#8269);
#8269 = DEFINITIONAL_REPRESENTATION('',(#8270),#8274);
#8270 = LINE('',#8271,#8272);
#8271 = CARTESIAN_POINT('',(-0.,-0.));
#8272 = VECTOR('',#8273,1.);
#8273 = DIRECTION('',(-0.,1.));
#8274 = ( GEOMETRIC_REPRESENTATION_CONTEXT(2) 
PARAMETRIC_REPRESENTATION_CONTEXT() REPRESENTATION_CONTEXT('2D SPACE',''
  ) );
#8275 = ORIENTED_EDGE('',*,*,#7199,.T.);
#8276 = ORIENTED_EDGE('',*,*,#7499,.F.);
#8277 = ORIENTED_EDGE('',*,*,#7396,.T.);
#8278 = ORIENTED_EDGE('',*,*,#8279,.F.);
#8279 = EDGE_CURVE('',#8280,#7397,#8282,.T.);
#8280 = VERTEX_POINT('',#8281);
#8281 = CARTESIAN_POINT('',(-20.,129.17062976012,10.061611461002));
#8282 = SURFACE_CURVE('',#8283,(#8287,#8294),.PCURVE_S1.);
#8283 = LINE('',#8284,#8285);
#8284 = CARTESIAN_POINT('',(-9.,129.17062976012,10.061611461002));
#8285 = VECTOR('',#8286,1.);
#8286 = DIRECTION('',(-1.,-0.,-0.));
#8287 = PCURVE('',#7070,#8288);
#8288 = DEFINITIONAL_REPRESENTATION('',(#8289),#8293);
#8289 = LINE('',#8290,#8291);
#8290 = CARTESIAN_POINT('',(11.,12.378177743526));
#8291 = VECTOR('',#8292,1.);
#8292 = DIRECTION('',(-1.,0.));
#8293 = ( GEOMETRIC_REPRESENTATION_CONTEXT(2) 
PARAMETRIC_REPRESENTATION_CONTEXT() REPRESENTATION_CONTEXT('2D SPACE',''
  ) );
#8294 = PCURVE('',#7435,#8295);
#8295 = DEFINITIONAL_REPRESENTATION('',(#8296),#8300);
#8296 = LINE('',#8297,#8298);
#8297 = CARTESIAN_POINT('',(-11.,4.447881334632));
#8298 = VECTOR('',#8299,1.);
#8299 = DIRECTION('',(-1.,0.));
#8300 = ( GEOMETRIC_REPRESENTATION_CONTEXT(2) 
PARAMETRIC_REPRESENTATION_CONTEXT() REPRESENTATION_CONTEXT('2D SPACE',''
  ) );
#8301 = ORIENTED_EDGE('',*,*,#8302,.F.);
#8302 = EDGE_CURVE('',#8303,#8280,#8305,.T.);
#8303 = VERTEX_POINT('',#8304);
#8304 = CARTESIAN_POINT('',(-20.,125.,8.523282057964));
#8305 = SURFACE_CURVE('',#8306,(#8310,#8317),.PCURVE_S1.);
#8306 = LINE('',#8307,#8308);
#8307 = CARTESIAN_POINT('',(-20.,117.5572619849,5.778041318253));
#8308 = VECTOR('',#8309,1.);
#8309 = DIRECTION('',(0.,0.938213040388,0.346058218867));
#8310 = PCURVE('',#7070,#8311);
#8311 = DEFINITIONAL_REPRESENTATION('',(#8312),#8316);
#8312 = LINE('',#8313,#8314);
#8313 = CARTESIAN_POINT('',(0.,-0.));
#8314 = VECTOR('',#8315,1.);
#8315 = DIRECTION('',(0.,1.));
#8316 = ( GEOMETRIC_REPRESENTATION_CONTEXT(2) 
PARAMETRIC_REPRESENTATION_CONTEXT() REPRESENTATION_CONTEXT('2D SPACE',''
  ) );
#8317 = PCURVE('',#8318,#8323);
#8318 = PLANE('',#8319);
#8319 = AXIS2_PLACEMENT_3D('',#8320,#8321,#8322);
#8320 = CARTESIAN_POINT('',(-20.,117.5572619849,5.778041318253));
#8321 = DIRECTION('',(-1.,0.,-0.));
#8322 = DIRECTION('',(0.,0.346058218867,-0.938213040388));
#8323 = DEFINITIONAL_REPRESENTATION('',(#8324),#8328);
#8324 = LINE('',#8325,#8326);
#8325 = CARTESIAN_POINT('',(-0.,-0.));
#8326 = VECTOR('',#8327,1.);
#8327 = DIRECTION('',(-1.538466164112E-17,-1.));
#8328 = ( GEOMETRIC_REPRESENTATION_CONTEXT(2) 
PARAMETRIC_REPRESENTATION_CONTEXT() REPRESENTATION_CONTEXT('2D SPACE',''
  ) );
#8329 = ORIENTED_EDGE('',*,*,#8330,.T.);
#8330 = EDGE_CURVE('',#8303,#8185,#8331,.T.);
#8331 = SURFACE_CURVE('',#8332,(#8336,#8343),.PCURVE_S1.);
#8332 = LINE('',#8333,#8334);
#8333 = CARTESIAN_POINT('',(-6.5,125.,8.523282057964));
#8334 = VECTOR('',#8335,1.);
#8335 = DIRECTION('',(-1.,-0.,-0.));
#8336 = PCURVE('',#7070,#8337);
#8337 = DEFINITIONAL_REPRESENTATION('',(#8338),#8342);
#8338 = LINE('',#8339,#8340);
#8339 = CARTESIAN_POINT('',(13.5,7.932886982703));
#8340 = VECTOR('',#8341,1.);
#8341 = DIRECTION('',(-1.,0.));
#8342 = ( GEOMETRIC_REPRESENTATION_CONTEXT(2) 
PARAMETRIC_REPRESENTATION_CONTEXT() REPRESENTATION_CONTEXT('2D SPACE',''
  ) );
#8343 = PCURVE('',#6892,#8344);
#8344 = DEFINITIONAL_REPRESENTATION('',(#8345),#8349);
#8345 = LINE('',#8346,#8347);
#8346 = CARTESIAN_POINT('',(-2.523282057964,13.5));
#8347 = VECTOR('',#8348,1.);
#8348 = DIRECTION('',(-0.,1.));
#8349 = ( GEOMETRIC_REPRESENTATION_CONTEXT(2) 
PARAMETRIC_REPRESENTATION_CONTEXT() REPRESENTATION_CONTEXT('2D SPACE',''
  ) );
#8350 = ORIENTED_EDGE('',*,*,#8184,.T.);
#8351 = ORIENTED_EDGE('',*,*,#7056,.F.);
#8352 = ADVANCED_FACE('',(#8353),#6892,.T.);
#8353 = FACE_BOUND('',#8354,.F.);
#8354 = EDGE_LOOP('',(#8355,#8356,#8357,#8358,#8359,#8382,#8405,#8426));
#8355 = ORIENTED_EDGE('',*,*,#8208,.F.);
#8356 = ORIENTED_EDGE('',*,*,#6876,.T.);
#8357 = ORIENTED_EDGE('',*,*,#8152,.T.);
#8358 = ORIENTED_EDGE('',*,*,#8052,.T.);
#8359 = ORIENTED_EDGE('',*,*,#8360,.F.);
#8360 = EDGE_CURVE('',#8361,#8024,#8363,.T.);
#8361 = VERTEX_POINT('',#8362);
#8362 = CARTESIAN_POINT('',(-6.,125.,10.061611461002));
#8363 = SURFACE_CURVE('',#8364,(#8368,#8375),.PCURVE_S1.);
#8364 = LINE('',#8365,#8366);
#8365 = CARTESIAN_POINT('',(-6.,125.,7.400310562002));
#8366 = VECTOR('',#8367,1.);
#8367 = DIRECTION('',(-0.,-0.,-1.));
#8368 = PCURVE('',#6892,#8369);
#8369 = DEFINITIONAL_REPRESENTATION('',(#8370),#8374);
#8370 = LINE('',#8371,#8372);
#8371 = CARTESIAN_POINT('',(-1.400310562002,13.));
#8372 = VECTOR('',#8373,1.);
#8373 = DIRECTION('',(1.,-0.));
#8374 = ( GEOMETRIC_REPRESENTATION_CONTEXT(2) 
PARAMETRIC_REPRESENTATION_CONTEXT() REPRESENTATION_CONTEXT('2D SPACE',''
  ) );
#8375 = PCURVE('',#8040,#8376);
#8376 = DEFINITIONAL_REPRESENTATION('',(#8377),#8381);
#8377 = LINE('',#8378,#8379);
#8378 = CARTESIAN_POINT('',(-6.79791668676,4.964553146503));
#8379 = VECTOR('',#8380,1.);
#8380 = DIRECTION('',(0.4472135955,0.894427191));
#8381 = ( GEOMETRIC_REPRESENTATION_CONTEXT(2) 
PARAMETRIC_REPRESENTATION_CONTEXT() REPRESENTATION_CONTEXT('2D SPACE',''
  ) );
#8382 = ORIENTED_EDGE('',*,*,#8383,.T.);
#8383 = EDGE_CURVE('',#8361,#8384,#8386,.T.);
#8384 = VERTEX_POINT('',#8385);
#8385 = CARTESIAN_POINT('',(-20.,125.,10.061611461002));
#8386 = SURFACE_CURVE('',#8387,(#8391,#8398),.PCURVE_S1.);
#8387 = LINE('',#8388,#8389);
#8388 = CARTESIAN_POINT('',(4.5,125.,10.061611461002));
#8389 = VECTOR('',#8390,1.);
#8390 = DIRECTION('',(-1.,-0.,-0.));
#8391 = PCURVE('',#6892,#8392);
#8392 = DEFINITIONAL_REPRESENTATION('',(#8393),#8397);
#8393 = LINE('',#8394,#8395);
#8394 = CARTESIAN_POINT('',(-4.061611461002,2.5));
#8395 = VECTOR('',#8396,1.);
#8396 = DIRECTION('',(-0.,1.));
#8397 = ( GEOMETRIC_REPRESENTATION_CONTEXT(2) 
PARAMETRIC_REPRESENTATION_CONTEXT() REPRESENTATION_CONTEXT('2D SPACE',''
  ) );
#8398 = PCURVE('',#7435,#8399);
#8399 = DEFINITIONAL_REPRESENTATION('',(#8400),#8404);
#8400 = LINE('',#8401,#8402);
#8401 = CARTESIAN_POINT('',(2.5,0.277251574511));
#8402 = VECTOR('',#8403,1.);
#8403 = DIRECTION('',(-1.,0.));
#8404 = ( GEOMETRIC_REPRESENTATION_CONTEXT(2) 
PARAMETRIC_REPRESENTATION_CONTEXT() REPRESENTATION_CONTEXT('2D SPACE',''
  ) );
#8405 = ORIENTED_EDGE('',*,*,#8406,.T.);
#8406 = EDGE_CURVE('',#8384,#8303,#8407,.T.);
#8407 = SURFACE_CURVE('',#8408,(#8412,#8419),.PCURVE_S1.);
#8408 = LINE('',#8409,#8410);
#8409 = CARTESIAN_POINT('',(-20.,125.,5.889020659127));
#8410 = VECTOR('',#8411,1.);
#8411 = DIRECTION('',(-0.,-0.,-1.));
#8412 = PCURVE('',#6892,#8413);
#8413 = DEFINITIONAL_REPRESENTATION('',(#8414),#8418);
#8414 = LINE('',#8415,#8416);
#8415 = CARTESIAN_POINT('',(0.110979340873,27.));
#8416 = VECTOR('',#8417,1.);
#8417 = DIRECTION('',(1.,-0.));
#8418 = ( GEOMETRIC_REPRESENTATION_CONTEXT(2) 
PARAMETRIC_REPRESENTATION_CONTEXT() REPRESENTATION_CONTEXT('2D SPACE',''
  ) );
#8419 = PCURVE('',#8318,#8420);
#8420 = DEFINITIONAL_REPRESENTATION('',(#8421),#8425);
#8421 = LINE('',#8422,#8423);
#8422 = CARTESIAN_POINT('',(2.47149839618,-7.02127917499));
#8423 = VECTOR('',#8424,1.);
#8424 = DIRECTION('',(0.938213040388,0.346058218867));
#8425 = ( GEOMETRIC_REPRESENTATION_CONTEXT(2) 
PARAMETRIC_REPRESENTATION_CONTEXT() REPRESENTATION_CONTEXT('2D SPACE',''
  ) );
#8426 = ORIENTED_EDGE('',*,*,#8330,.T.);
#8427 = ADVANCED_FACE('',(#8428),#7044,.F.);
#8428 = FACE_BOUND('',#8429,.T.);
#8429 = EDGE_LOOP('',(#8430,#8431,#8452));
#8430 = ORIENTED_EDGE('',*,*,#7028,.F.);
#8431 = ORIENTED_EDGE('',*,*,#8432,.F.);
#8432 = EDGE_CURVE('',#8233,#7001,#8433,.T.);
#8433 = SURFACE_CURVE('',#8434,(#8438,#8445),.PCURVE_S1.);
#8434 = LINE('',#8435,#8436);
#8435 = CARTESIAN_POINT('',(-20.,117.5572619849,5.778041318253));
#8436 = VECTOR('',#8437,1.);
#8437 = DIRECTION('',(0.,-0.346058218867,0.938213040388));
#8438 = PCURVE('',#7044,#8439);
#8439 = DEFINITIONAL_REPRESENTATION('',(#8440),#8444);
#8440 = LINE('',#8441,#8442);
#8441 = CARTESIAN_POINT('',(-0.,-0.));
#8442 = VECTOR('',#8443,1.);
#8443 = DIRECTION('',(-1.,-1.538466164112E-17));
#8444 = ( GEOMETRIC_REPRESENTATION_CONTEXT(2) 
PARAMETRIC_REPRESENTATION_CONTEXT() REPRESENTATION_CONTEXT('2D SPACE',''
  ) );
#8445 = PCURVE('',#7016,#8446);
#8446 = DEFINITIONAL_REPRESENTATION('',(#8447),#8451);
#8447 = LINE('',#8448,#8449);
#8448 = CARTESIAN_POINT('',(-0.,-0.));
#8449 = VECTOR('',#8450,1.);
#8450 = DIRECTION('',(-1.,0.));
#8451 = ( GEOMETRIC_REPRESENTATION_CONTEXT(2) 
PARAMETRIC_REPRESENTATION_CONTEXT() REPRESENTATION_CONTEXT('2D SPACE',''
  ) );
#8452 = ORIENTED_EDGE('',*,*,#8232,.T.);
#8453 = ADVANCED_FACE('',(#8454),#7016,.F.);
#8454 = FACE_BOUND('',#8455,.T.);
#8455 = EDGE_LOOP('',(#8456,#8457,#8458,#8459,#8460,#8481));
#8456 = ORIENTED_EDGE('',*,*,#7176,.F.);
#8457 = ORIENTED_EDGE('',*,*,#8255,.F.);
#8458 = ORIENTED_EDGE('',*,*,#8432,.T.);
#8459 = ORIENTED_EDGE('',*,*,#7000,.F.);
#8460 = ORIENTED_EDGE('',*,*,#8461,.T.);
#8461 = EDGE_CURVE('',#6973,#7256,#8462,.T.);
#8462 = SURFACE_CURVE('',#8463,(#8467,#8474),.PCURVE_S1.);
#8463 = LINE('',#8464,#8465);
#8464 = CARTESIAN_POINT('',(-22.,116.88908035099,7.589576742355));
#8465 = VECTOR('',#8466,1.);
#8466 = DIRECTION('',(-0.,-0.346058218867,0.938213040388));
#8467 = PCURVE('',#7016,#8468);
#8468 = DEFINITIONAL_REPRESENTATION('',(#8469),#8473);
#8469 = LINE('',#8470,#8471);
#8470 = CARTESIAN_POINT('',(-1.930835904127,2.));
#8471 = VECTOR('',#8472,1.);
#8472 = DIRECTION('',(-1.,0.));
#8473 = ( GEOMETRIC_REPRESENTATION_CONTEXT(2) 
PARAMETRIC_REPRESENTATION_CONTEXT() REPRESENTATION_CONTEXT('2D SPACE',''
  ) );
#8474 = PCURVE('',#6988,#8475);
#8475 = DEFINITIONAL_REPRESENTATION('',(#8476),#8480);
#8476 = LINE('',#8477,#8478);
#8477 = CARTESIAN_POINT('',(-1.589576742355,-9.889080350996));
#8478 = VECTOR('',#8479,1.);
#8479 = DIRECTION('',(-0.938213040388,0.346058218867));
#8480 = ( GEOMETRIC_REPRESENTATION_CONTEXT(2) 
PARAMETRIC_REPRESENTATION_CONTEXT() REPRESENTATION_CONTEXT('2D SPACE',''
  ) );
#8481 = ORIENTED_EDGE('',*,*,#7255,.F.);
#8482 = ADVANCED_FACE('',(#8483),#6988,.T.);
#8483 = FACE_BOUND('',#8484,.F.);
#8484 = EDGE_LOOP('',(#8485,#8486,#8487));
#8485 = ORIENTED_EDGE('',*,*,#8461,.T.);
#8486 = ORIENTED_EDGE('',*,*,#7278,.T.);
#8487 = ORIENTED_EDGE('',*,*,#6972,.T.);
#8488 = ADVANCED_FACE('',(#8489),#7105,.F.);
#8489 = FACE_BOUND('',#8490,.T.);
#8490 = EDGE_LOOP('',(#8491,#8524,#8545,#8546));
#8491 = ORIENTED_EDGE('',*,*,#8492,.F.);
#8492 = EDGE_CURVE('',#8493,#8493,#8495,.T.);
#8493 = VERTEX_POINT('',#8494);
#8494 = CARTESIAN_POINT('',(-0.1,116.,11.2));
#8495 = SURFACE_CURVE('',#8496,(#8501,#8508),.PCURVE_S1.);
#8496 = CIRCLE('',#8497,3.1);
#8497 = AXIS2_PLACEMENT_3D('',#8498,#8499,#8500);
#8498 = CARTESIAN_POINT('',(3.,116.,11.2));
#8499 = DIRECTION('',(0.,0.,-1.));
#8500 = DIRECTION('',(-1.,0.,-0.));
#8501 = PCURVE('',#7105,#8502);
#8502 = DEFINITIONAL_REPRESENTATION('',(#8503),#8507);
#8503 = LINE('',#8504,#8505);
#8504 = CARTESIAN_POINT('',(-0.,5.2));
#8505 = VECTOR('',#8506,1.);
#8506 = DIRECTION('',(-1.,0.));
#8507 = ( GEOMETRIC_REPRESENTATION_CONTEXT(2) 
PARAMETRIC_REPRESENTATION_CONTEXT() REPRESENTATION_CONTEXT('2D SPACE',''
  ) );
#8508 = PCURVE('',#8509,#8514);
#8509 = PLANE('',#8510);
#8510 = AXIS2_PLACEMENT_3D('',#8511,#8512,#8513);
#8511 = CARTESIAN_POINT('',(3.,116.,11.2));
#8512 = DIRECTION('',(0.,-0.,1.));
#8513 = DIRECTION('',(1.,0.,0.));
#8514 = DEFINITIONAL_REPRESENTATION('',(#8515),#8523);
#8515 = ( BOUNDED_CURVE() B_SPLINE_CURVE(2,(#8516,#8517,#8518,#8519,
#8520,#8521,#8522),.UNSPECIFIED.,.T.,.F.) B_SPLINE_CURVE_WITH_KNOTS((1,2
    ,2,2,2,1),(-2.094395102393,0.,2.094395102393,4.188790204786,
6.28318530718,8.377580409573),.UNSPECIFIED.) CURVE() 
GEOMETRIC_REPRESENTATION_ITEM() RATIONAL_B_SPLINE_CURVE((1.,0.5,1.,0.5,
1.,0.5,1.)) REPRESENTATION_ITEM('') );
#8516 = CARTESIAN_POINT('',(-3.1,0.));
#8517 = CARTESIAN_POINT('',(-3.1,5.369357503464));
#8518 = CARTESIAN_POINT('',(1.55,2.684678751732));
#8519 = CARTESIAN_POINT('',(6.2,7.592810154714E-16));
#8520 = CARTESIAN_POINT('',(1.55,-2.684678751732));
#8521 = CARTESIAN_POINT('',(-3.1,-5.369357503464));
#8522 = CARTESIAN_POINT('',(-3.1,0.));
#8523 = ( GEOMETRIC_REPRESENTATION_CONTEXT(2) 
PARAMETRIC_REPRESENTATION_CONTEXT() REPRESENTATION_CONTEXT('2D SPACE',''
  ) );
#8524 = ORIENTED_EDGE('',*,*,#8525,.F.);
#8525 = EDGE_CURVE('',#7085,#8493,#8526,.T.);
#8526 = SEAM_CURVE('',#8527,(#8531,#8538),.PCURVE_S1.);
#8527 = LINE('',#8528,#8529);
#8528 = CARTESIAN_POINT('',(-0.1,116.,6.));
#8529 = VECTOR('',#8530,1.);
#8530 = DIRECTION('',(0.,-0.,1.));
#8531 = PCURVE('',#7105,#8532);
#8532 = DEFINITIONAL_REPRESENTATION('',(#8533),#8537);
#8533 = LINE('',#8534,#8535);
#8534 = CARTESIAN_POINT('',(-6.28318530718,-0.));
#8535 = VECTOR('',#8536,1.);
#8536 = DIRECTION('',(-0.,1.));
#8537 = ( GEOMETRIC_REPRESENTATION_CONTEXT(2) 
PARAMETRIC_REPRESENTATION_CONTEXT() REPRESENTATION_CONTEXT('2D SPACE',''
  ) );
#8538 = PCURVE('',#7105,#8539);
#8539 = DEFINITIONAL_REPRESENTATION('',(#8540),#8544);
#8540 = LINE('',#8541,#8542);
#8541 = CARTESIAN_POINT('',(-0.,-0.));
#8542 = VECTOR('',#8543,1.);
#8543 = DIRECTION('',(-0.,1.));
#8544 = ( GEOMETRIC_REPRESENTATION_CONTEXT(2) 
PARAMETRIC_REPRESENTATION_CONTEXT() REPRESENTATION_CONTEXT('2D SPACE',''
  ) );
#8545 = ORIENTED_EDGE('',*,*,#7084,.T.);
#8546 = ORIENTED_EDGE('',*,*,#8525,.T.);
#8547 = ADVANCED_FACE('',(#8548),#7329,.F.);
#8548 = FACE_BOUND('',#8549,.T.);
#8549 = EDGE_LOOP('',(#8550));
#8550 = ORIENTED_EDGE('',*,*,#7312,.T.);
#8551 = ADVANCED_FACE('',(#8552),#7463,.T.);
#8552 = FACE_BOUND('',#8553,.F.);
#8553 = EDGE_LOOP('',(#8554,#8555,#8578,#8606,#8629,#8650));
#8554 = ORIENTED_EDGE('',*,*,#7447,.F.);
#8555 = ORIENTED_EDGE('',*,*,#8556,.F.);
#8556 = EDGE_CURVE('',#8557,#7420,#8559,.T.);
#8557 = VERTEX_POINT('',#8558);
#8558 = CARTESIAN_POINT('',(2.,134.72274842548,10.061611461002));
#8559 = SURFACE_CURVE('',#8560,(#8564,#8571),.PCURVE_S1.);
#8560 = LINE('',#8561,#8562);
#8561 = CARTESIAN_POINT('',(2.,134.72274842548,10.061611461002));
#8562 = VECTOR('',#8563,1.);
#8563 = DIRECTION('',(-1.,0.,-0.));
#8564 = PCURVE('',#7463,#8565);
#8565 = DEFINITIONAL_REPRESENTATION('',(#8566),#8570);
#8566 = LINE('',#8567,#8568);
#8567 = CARTESIAN_POINT('',(-0.,-0.));
#8568 = VECTOR('',#8569,1.);
#8569 = DIRECTION('',(-0.,1.));
#8570 = ( GEOMETRIC_REPRESENTATION_CONTEXT(2) 
PARAMETRIC_REPRESENTATION_CONTEXT() REPRESENTATION_CONTEXT('2D SPACE',''
  ) );
#8571 = PCURVE('',#7435,#8572);
#8572 = DEFINITIONAL_REPRESENTATION('',(#8573),#8577);
#8573 = LINE('',#8574,#8575);
#8574 = CARTESIAN_POINT('',(0.,10.));
#8575 = VECTOR('',#8576,1.);
#8576 = DIRECTION('',(-1.,0.));
#8577 = ( GEOMETRIC_REPRESENTATION_CONTEXT(2) 
PARAMETRIC_REPRESENTATION_CONTEXT() REPRESENTATION_CONTEXT('2D SPACE',''
  ) );
#8578 = ORIENTED_EDGE('',*,*,#8579,.T.);
#8579 = EDGE_CURVE('',#8557,#8580,#8582,.T.);
#8580 = VERTEX_POINT('',#8581);
#8581 = CARTESIAN_POINT('',(2.,134.72274842548,11.645203596004));
#8582 = SURFACE_CURVE('',#8583,(#8587,#8594),.PCURVE_S1.);
#8583 = LINE('',#8584,#8585);
#8584 = CARTESIAN_POINT('',(2.,134.72274842548,10.061611461002));
#8585 = VECTOR('',#8586,1.);
#8586 = DIRECTION('',(0.,-0.,1.));
#8587 = PCURVE('',#7463,#8588);
#8588 = DEFINITIONAL_REPRESENTATION('',(#8589),#8593);
#8589 = LINE('',#8590,#8591);
#8590 = CARTESIAN_POINT('',(-0.,-0.));
#8591 = VECTOR('',#8592,1.);
#8592 = DIRECTION('',(-1.,0.));
#8593 = ( GEOMETRIC_REPRESENTATION_CONTEXT(2) 
PARAMETRIC_REPRESENTATION_CONTEXT() REPRESENTATION_CONTEXT('2D SPACE',''
  ) );
#8594 = PCURVE('',#8595,#8600);
#8595 = PLANE('',#8596);
#8596 = AXIS2_PLACEMENT_3D('',#8597,#8598,#8599);
#8597 = CARTESIAN_POINT('',(2.,124.72274842548,10.061611461002));
#8598 = DIRECTION('',(-1.,0.,-0.));
#8599 = DIRECTION('',(0.,0.,-1.));
#8600 = DEFINITIONAL_REPRESENTATION('',(#8601),#8605);
#8601 = LINE('',#8602,#8603);
#8602 = CARTESIAN_POINT('',(-0.,-10.));
#8603 = VECTOR('',#8604,1.);
#8604 = DIRECTION('',(-1.,-0.));
#8605 = ( GEOMETRIC_REPRESENTATION_CONTEXT(2) 
PARAMETRIC_REPRESENTATION_CONTEXT() REPRESENTATION_CONTEXT('2D SPACE',''
  ) );
#8606 = ORIENTED_EDGE('',*,*,#8607,.F.);
#8607 = EDGE_CURVE('',#8608,#8580,#8610,.T.);
#8608 = VERTEX_POINT('',#8609);
#8609 = CARTESIAN_POINT('',(-6.,134.72274842548,11.645203596004));
#8610 = SURFACE_CURVE('',#8611,(#8615,#8622),.PCURVE_S1.);
#8611 = LINE('',#8612,#8613);
#8612 = CARTESIAN_POINT('',(6.,134.72274842548,11.645203596004));
#8613 = VECTOR('',#8614,1.);
#8614 = DIRECTION('',(1.,-0.,-0.));
#8615 = PCURVE('',#7463,#8616);
#8616 = DEFINITIONAL_REPRESENTATION('',(#8617),#8621);
#8617 = LINE('',#8618,#8619);
#8618 = CARTESIAN_POINT('',(-1.583592135001,-4.));
#8619 = VECTOR('',#8620,1.);
#8620 = DIRECTION('',(-0.,-1.));
#8621 = ( GEOMETRIC_REPRESENTATION_CONTEXT(2) 
PARAMETRIC_REPRESENTATION_CONTEXT() REPRESENTATION_CONTEXT('2D SPACE',''
  ) );
#8622 = PCURVE('',#8011,#8623);
#8623 = DEFINITIONAL_REPRESENTATION('',(#8624),#8628);
#8624 = LINE('',#8625,#8626);
#8625 = CARTESIAN_POINT('',(-4.,3.180339887499));
#8626 = VECTOR('',#8627,1.);
#8627 = DIRECTION('',(1.,-0.));
#8628 = ( GEOMETRIC_REPRESENTATION_CONTEXT(2) 
PARAMETRIC_REPRESENTATION_CONTEXT() REPRESENTATION_CONTEXT('2D SPACE',''
  ) );
#8629 = ORIENTED_EDGE('',*,*,#8630,.T.);
#8630 = EDGE_CURVE('',#8608,#7560,#8631,.T.);
#8631 = SURFACE_CURVE('',#8632,(#8636,#8643),.PCURVE_S1.);
#8632 = LINE('',#8633,#8634);
#8633 = CARTESIAN_POINT('',(-6.,134.72274842548,9.431116292503));
#8634 = VECTOR('',#8635,1.);
#8635 = DIRECTION('',(-0.,-0.,1.));
#8636 = PCURVE('',#7463,#8637);
#8637 = DEFINITIONAL_REPRESENTATION('',(#8638),#8642);
#8638 = LINE('',#8639,#8640);
#8639 = CARTESIAN_POINT('',(0.6304951685,8.));
#8640 = VECTOR('',#8641,1.);
#8641 = DIRECTION('',(-1.,-0.));
#8642 = ( GEOMETRIC_REPRESENTATION_CONTEXT(2) 
PARAMETRIC_REPRESENTATION_CONTEXT() REPRESENTATION_CONTEXT('2D SPACE',''
  ) );
#8643 = PCURVE('',#7598,#8644);
#8644 = DEFINITIONAL_REPRESENTATION('',(#8645),#8649);
#8645 = LINE('',#8646,#8647);
#8646 = CARTESIAN_POINT('',(0.990169943749,-1.2));
#8647 = VECTOR('',#8648,1.);
#8648 = DIRECTION('',(-0.4472135955,-0.894427191));
#8649 = ( GEOMETRIC_REPRESENTATION_CONTEXT(2) 
PARAMETRIC_REPRESENTATION_CONTEXT() REPRESENTATION_CONTEXT('2D SPACE',''
  ) );
#8650 = ORIENTED_EDGE('',*,*,#7559,.T.);
#8651 = ADVANCED_FACE('',(#8652),#7435,.F.);
#8652 = FACE_BOUND('',#8653,.T.);
#8653 = EDGE_LOOP('',(#8654,#8677,#8700,#8721,#8722,#8743,#8744,#8745));
#8654 = ORIENTED_EDGE('',*,*,#8655,.F.);
#8655 = EDGE_CURVE('',#8656,#8557,#8658,.T.);
#8656 = VERTEX_POINT('',#8657);
#8657 = CARTESIAN_POINT('',(2.,133.93095235798,10.061611461002));
#8658 = SURFACE_CURVE('',#8659,(#8663,#8670),.PCURVE_S1.);
#8659 = LINE('',#8660,#8661);
#8660 = CARTESIAN_POINT('',(2.,124.72274842548,10.061611461002));
#8661 = VECTOR('',#8662,1.);
#8662 = DIRECTION('',(-0.,1.,0.));
#8663 = PCURVE('',#7435,#8664);
#8664 = DEFINITIONAL_REPRESENTATION('',(#8665),#8669);
#8665 = LINE('',#8666,#8667);
#8666 = CARTESIAN_POINT('',(0.,-0.));
#8667 = VECTOR('',#8668,1.);
#8668 = DIRECTION('',(-0.,1.));
#8669 = ( GEOMETRIC_REPRESENTATION_CONTEXT(2) 
PARAMETRIC_REPRESENTATION_CONTEXT() REPRESENTATION_CONTEXT('2D SPACE',''
  ) );
#8670 = PCURVE('',#8595,#8671);
#8671 = DEFINITIONAL_REPRESENTATION('',(#8672),#8676);
#8672 = LINE('',#8673,#8674);
#8673 = CARTESIAN_POINT('',(-0.,-0.));
#8674 = VECTOR('',#8675,1.);
#8675 = DIRECTION('',(-0.,-1.));
#8676 = ( GEOMETRIC_REPRESENTATION_CONTEXT(2) 
PARAMETRIC_REPRESENTATION_CONTEXT() REPRESENTATION_CONTEXT('2D SPACE',''
  ) );
#8677 = ORIENTED_EDGE('',*,*,#8678,.F.);
#8678 = EDGE_CURVE('',#8679,#8656,#8681,.T.);
#8679 = VERTEX_POINT('',#8680);
#8680 = CARTESIAN_POINT('',(-6.,133.93095235798,10.061611461002));
#8681 = SURFACE_CURVE('',#8682,(#8686,#8693),.PCURVE_S1.);
#8682 = LINE('',#8683,#8684);
#8683 = CARTESIAN_POINT('',(6.,133.93095235798,10.061611461002));
#8684 = VECTOR('',#8685,1.);
#8685 = DIRECTION('',(1.,-0.,-0.));
#8686 = PCURVE('',#7435,#8687);
#8687 = DEFINITIONAL_REPRESENTATION('',(#8688),#8692);
#8688 = LINE('',#8689,#8690);
#8689 = CARTESIAN_POINT('',(4.,9.208203932499));
#8690 = VECTOR('',#8691,1.);
#8691 = DIRECTION('',(1.,-0.));
#8692 = ( GEOMETRIC_REPRESENTATION_CONTEXT(2) 
PARAMETRIC_REPRESENTATION_CONTEXT() REPRESENTATION_CONTEXT('2D SPACE',''
  ) );
#8693 = PCURVE('',#8011,#8694);
#8694 = DEFINITIONAL_REPRESENTATION('',(#8695),#8699);
#8695 = LINE('',#8696,#8697);
#8696 = CARTESIAN_POINT('',(-4.,1.409830056251));
#8697 = VECTOR('',#8698,1.);
#8698 = DIRECTION('',(1.,-0.));
#8699 = ( GEOMETRIC_REPRESENTATION_CONTEXT(2) 
PARAMETRIC_REPRESENTATION_CONTEXT() REPRESENTATION_CONTEXT('2D SPACE',''
  ) );
#8700 = ORIENTED_EDGE('',*,*,#8701,.T.);
#8701 = EDGE_CURVE('',#8679,#8361,#8702,.T.);
#8702 = SURFACE_CURVE('',#8703,(#8707,#8714),.PCURVE_S1.);
#8703 = LINE('',#8704,#8705);
#8704 = CARTESIAN_POINT('',(-6.,129.01160280748,10.061611461002));
#8705 = VECTOR('',#8706,1.);
#8706 = DIRECTION('',(-0.,-1.,-0.));
#8707 = PCURVE('',#7435,#8708);
#8708 = DEFINITIONAL_REPRESENTATION('',(#8709),#8713);
#8709 = LINE('',#8710,#8711);
#8710 = CARTESIAN_POINT('',(-8.,4.288854382));
#8711 = VECTOR('',#8712,1.);
#8712 = DIRECTION('',(-0.,-1.));
#8713 = ( GEOMETRIC_REPRESENTATION_CONTEXT(2) 
PARAMETRIC_REPRESENTATION_CONTEXT() REPRESENTATION_CONTEXT('2D SPACE',''
  ) );
#8714 = PCURVE('',#8040,#8715);
#8715 = DEFINITIONAL_REPRESENTATION('',(#8716),#8720);
#8716 = LINE('',#8717,#8718);
#8717 = CARTESIAN_POINT('',(-4.4,0.790169943749));
#8718 = VECTOR('',#8719,1.);
#8719 = DIRECTION('',(-0.894427191,0.4472135955));
#8720 = ( GEOMETRIC_REPRESENTATION_CONTEXT(2) 
PARAMETRIC_REPRESENTATION_CONTEXT() REPRESENTATION_CONTEXT('2D SPACE',''
  ) );
#8721 = ORIENTED_EDGE('',*,*,#8383,.T.);
#8722 = ORIENTED_EDGE('',*,*,#8723,.T.);
#8723 = EDGE_CURVE('',#8384,#8280,#8724,.T.);
#8724 = SURFACE_CURVE('',#8725,(#8729,#8736),.PCURVE_S1.);
#8725 = LINE('',#8726,#8727);
#8726 = CARTESIAN_POINT('',(-20.,121.14000520519,10.061611461002));
#8727 = VECTOR('',#8728,1.);
#8728 = DIRECTION('',(-0.,1.,-0.));
#8729 = PCURVE('',#7435,#8730);
#8730 = DEFINITIONAL_REPRESENTATION('',(#8731),#8735);
#8731 = LINE('',#8732,#8733);
#8732 = CARTESIAN_POINT('',(-22.,-3.582743220293));
#8733 = VECTOR('',#8734,1.);
#8734 = DIRECTION('',(0.,1.));
#8735 = ( GEOMETRIC_REPRESENTATION_CONTEXT(2) 
PARAMETRIC_REPRESENTATION_CONTEXT() REPRESENTATION_CONTEXT('2D SPACE',''
  ) );
#8736 = PCURVE('',#8318,#8737);
#8737 = DEFINITIONAL_REPRESENTATION('',(#8738),#8742);
#8738 = LINE('',#8739,#8740);
#8739 = CARTESIAN_POINT('',(-2.77906362987,-4.843741063634));
#8740 = VECTOR('',#8741,1.);
#8741 = DIRECTION('',(0.346058218867,-0.938213040388));
#8742 = ( GEOMETRIC_REPRESENTATION_CONTEXT(2) 
PARAMETRIC_REPRESENTATION_CONTEXT() REPRESENTATION_CONTEXT('2D SPACE',''
  ) );
#8743 = ORIENTED_EDGE('',*,*,#8279,.T.);
#8744 = ORIENTED_EDGE('',*,*,#7419,.T.);
#8745 = ORIENTED_EDGE('',*,*,#8556,.F.);
#8746 = ADVANCED_FACE('',(#8747),#7624,.T.);
#8747 = FACE_BOUND('',#8748,.F.);
#8748 = EDGE_LOOP('',(#8749,#8777,#8778,#8779));
#8749 = ORIENTED_EDGE('',*,*,#8750,.F.);
#8750 = EDGE_CURVE('',#7745,#8751,#8753,.T.);
#8751 = VERTEX_POINT('',#8752);
#8752 = CARTESIAN_POINT('',(-6.,126.14503966148,21.322601798002));
#8753 = SURFACE_CURVE('',#8754,(#8758,#8765),.PCURVE_S1.);
#8754 = LINE('',#8755,#8756);
#8755 = CARTESIAN_POINT('',(10.,126.14503966148,21.322601798002));
#8756 = VECTOR('',#8757,1.);
#8757 = DIRECTION('',(-1.,0.,-0.));
#8758 = PCURVE('',#7624,#8759);
#8759 = DEFINITIONAL_REPRESENTATION('',(#8760),#8764);
#8760 = LINE('',#8761,#8762);
#8761 = CARTESIAN_POINT('',(0.,8.));
#8762 = VECTOR('',#8763,1.);
#8763 = DIRECTION('',(-1.,0.));
#8764 = ( GEOMETRIC_REPRESENTATION_CONTEXT(2) 
PARAMETRIC_REPRESENTATION_CONTEXT() REPRESENTATION_CONTEXT('2D SPACE',''
  ) );
#8765 = PCURVE('',#8766,#8771);
#8766 = CYLINDRICAL_SURFACE('',#8767,6.);
#8767 = AXIS2_PLACEMENT_3D('',#8768,#8769,#8770);
#8768 = CARTESIAN_POINT('',(10.,131.51160280748,18.639320225002));
#8769 = DIRECTION('',(-1.,-0.,1.110223024625E-16));
#8770 = DIRECTION('',(-1.110223024625E-16,0.,-1.));
#8771 = DEFINITIONAL_REPRESENTATION('',(#8772),#8776);
#8772 = LINE('',#8773,#8774);
#8773 = CARTESIAN_POINT('',(-4.248741371384,2.979040983897E-16));
#8774 = VECTOR('',#8775,1.);
#8775 = DIRECTION('',(-0.,1.));
#8776 = ( GEOMETRIC_REPRESENTATION_CONTEXT(2) 
PARAMETRIC_REPRESENTATION_CONTEXT() REPRESENTATION_CONTEXT('2D SPACE',''
  ) );
#8777 = ORIENTED_EDGE('',*,*,#7744,.T.);
#8778 = ORIENTED_EDGE('',*,*,#7610,.F.);
#8779 = ORIENTED_EDGE('',*,*,#8780,.T.);
#8780 = EDGE_CURVE('',#7583,#8751,#8781,.T.);
#8781 = SURFACE_CURVE('',#8782,(#8786,#8793),.PCURVE_S1.);
#8782 = LINE('',#8783,#8784);
#8783 = CARTESIAN_POINT('',(-6.,122.56733089749,14.167184270003));
#8784 = VECTOR('',#8785,1.);
#8785 = DIRECTION('',(0.,0.4472135955,0.894427191));
#8786 = PCURVE('',#7624,#8787);
#8787 = DEFINITIONAL_REPRESENTATION('',(#8788),#8792);
#8788 = LINE('',#8789,#8790);
#8789 = CARTESIAN_POINT('',(-16.,0.));
#8790 = VECTOR('',#8791,1.);
#8791 = DIRECTION('',(-0.,1.));
#8792 = ( GEOMETRIC_REPRESENTATION_CONTEXT(2) 
PARAMETRIC_REPRESENTATION_CONTEXT() REPRESENTATION_CONTEXT('2D SPACE',''
  ) );
#8793 = PCURVE('',#7598,#8794);
#8794 = DEFINITIONAL_REPRESENTATION('',(#8795),#8799);
#8795 = LINE('',#8796,#8797);
#8796 = CARTESIAN_POINT('',(-12.,-2.615765236891E-15));
#8797 = VECTOR('',#8798,1.);
#8798 = DIRECTION('',(1.084694926189E-17,-1.));
#8799 = ( GEOMETRIC_REPRESENTATION_CONTEXT(2) 
PARAMETRIC_REPRESENTATION_CONTEXT() REPRESENTATION_CONTEXT('2D SPACE',''
  ) );
#8800 = ADVANCED_FACE('',(#8801),#7598,.T.);
#8801 = FACE_BOUND('',#8802,.F.);
#8802 = EDGE_LOOP('',(#8803,#8804,#8827,#8853,#8854));
#8803 = ORIENTED_EDGE('',*,*,#8630,.F.);
#8804 = ORIENTED_EDGE('',*,*,#8805,.T.);
#8805 = EDGE_CURVE('',#8608,#8806,#8808,.T.);
#8806 = VERTEX_POINT('',#8807);
#8807 = CARTESIAN_POINT('',(-6.,136.87816595348,15.956038652002));
#8808 = SURFACE_CURVE('',#8809,(#8813,#8820),.PCURVE_S1.);
#8809 = LINE('',#8810,#8811);
#8810 = CARTESIAN_POINT('',(-6.,133.30045718948,8.800621124003));
#8811 = VECTOR('',#8812,1.);
#8812 = DIRECTION('',(0.,0.4472135955,0.894427191));
#8813 = PCURVE('',#7598,#8814);
#8814 = DEFINITIONAL_REPRESENTATION('',(#8815),#8819);
#8815 = LINE('',#8816,#8817);
#8816 = CARTESIAN_POINT('',(-0.,-0.));
#8817 = VECTOR('',#8818,1.);
#8818 = DIRECTION('',(1.084694926189E-17,-1.));
#8819 = ( GEOMETRIC_REPRESENTATION_CONTEXT(2) 
PARAMETRIC_REPRESENTATION_CONTEXT() REPRESENTATION_CONTEXT('2D SPACE',''
  ) );
#8820 = PCURVE('',#8011,#8821);
#8821 = DEFINITIONAL_REPRESENTATION('',(#8822),#8826);
#8822 = LINE('',#8823,#8824);
#8823 = CARTESIAN_POINT('',(-16.,0.));
#8824 = VECTOR('',#8825,1.);
#8825 = DIRECTION('',(-0.,1.));
#8826 = ( GEOMETRIC_REPRESENTATION_CONTEXT(2) 
PARAMETRIC_REPRESENTATION_CONTEXT() REPRESENTATION_CONTEXT('2D SPACE',''
  ) );
#8827 = ORIENTED_EDGE('',*,*,#8828,.T.);
#8828 = EDGE_CURVE('',#8806,#8751,#8829,.T.);
#8829 = SURFACE_CURVE('',#8830,(#8835,#8846),.PCURVE_S1.);
#8830 = CIRCLE('',#8831,6.);
#8831 = AXIS2_PLACEMENT_3D('',#8832,#8833,#8834);
#8832 = CARTESIAN_POINT('',(-6.,131.51160280748,18.639320225002));
#8833 = DIRECTION('',(1.,0.,-1.110223024625E-16));
#8834 = DIRECTION('',(-1.110223024625E-16,0.,-1.));
#8835 = PCURVE('',#7598,#8836);
#8836 = DEFINITIONAL_REPRESENTATION('',(#8837),#8845);
#8837 = ( BOUNDED_CURVE() B_SPLINE_CURVE(2,(#8838,#8839,#8840,#8841,
#8842,#8843,#8844),.UNSPECIFIED.,.T.,.F.) B_SPLINE_CURVE_WITH_KNOTS((1,2
    ,2,2,2,1),(-2.094395102393,0.,2.094395102393,4.188790204786,
6.28318530718,8.377580409573),.UNSPECIFIED.) CURVE() 
GEOMETRIC_REPRESENTATION_ITEM() RATIONAL_B_SPLINE_CURVE((1.,0.5,1.,0.5,
1.,0.5,1.)) REPRESENTATION_ITEM('') );
#8838 = CARTESIAN_POINT('',(-3.316718427,-2.633436854001));
#8839 = CARTESIAN_POINT('',(5.978441603898,-7.281016869449));
#8840 = CARTESIAN_POINT('',(-2.694060771051,-13.00707158072));
#8841 = CARTESIAN_POINT('',(-11.36656314599,-18.73312629199));
#8842 = CARTESIAN_POINT('',(-11.98922080194,-8.359491565275));
#8843 = CARTESIAN_POINT('',(-12.61187845789,2.014143161448));
#8844 = CARTESIAN_POINT('',(-3.316718427,-2.633436854001));
#8845 = ( GEOMETRIC_REPRESENTATION_CONTEXT(2) 
PARAMETRIC_REPRESENTATION_CONTEXT() REPRESENTATION_CONTEXT('2D SPACE',''
  ) );
#8846 = PCURVE('',#8766,#8847);
#8847 = DEFINITIONAL_REPRESENTATION('',(#8848),#8852);
#8848 = LINE('',#8849,#8850);
#8849 = CARTESIAN_POINT('',(-0.,16.));
#8850 = VECTOR('',#8851,1.);
#8851 = DIRECTION('',(-1.,0.));
#8852 = ( GEOMETRIC_REPRESENTATION_CONTEXT(2) 
PARAMETRIC_REPRESENTATION_CONTEXT() REPRESENTATION_CONTEXT('2D SPACE',''
  ) );
#8853 = ORIENTED_EDGE('',*,*,#8780,.F.);
#8854 = ORIENTED_EDGE('',*,*,#7582,.F.);
#8855 = ADVANCED_FACE('',(#8856),#7818,.T.);
#8856 = FACE_BOUND('',#8857,.F.);
#8857 = EDGE_LOOP('',(#8858,#8881,#8902,#8903));
#8858 = ORIENTED_EDGE('',*,*,#8859,.F.);
#8859 = EDGE_CURVE('',#8860,#7769,#8862,.T.);
#8860 = VERTEX_POINT('',#8861);
#8861 = CARTESIAN_POINT('',(10.,126.14503966148,21.322601798002));
#8862 = SURFACE_CURVE('',#8863,(#8867,#8874),.PCURVE_S1.);
#8863 = LINE('',#8864,#8865);
#8864 = CARTESIAN_POINT('',(10.,126.14503966148,21.322601798002));
#8865 = VECTOR('',#8866,1.);
#8866 = DIRECTION('',(-1.,0.,-0.));
#8867 = PCURVE('',#7818,#8868);
#8868 = DEFINITIONAL_REPRESENTATION('',(#8869),#8873);
#8869 = LINE('',#8870,#8871);
#8870 = CARTESIAN_POINT('',(0.,8.));
#8871 = VECTOR('',#8872,1.);
#8872 = DIRECTION('',(-1.,0.));
#8873 = ( GEOMETRIC_REPRESENTATION_CONTEXT(2) 
PARAMETRIC_REPRESENTATION_CONTEXT() REPRESENTATION_CONTEXT('2D SPACE',''
  ) );
#8874 = PCURVE('',#8766,#8875);
#8875 = DEFINITIONAL_REPRESENTATION('',(#8876),#8880);
#8876 = LINE('',#8877,#8878);
#8877 = CARTESIAN_POINT('',(-4.248741371384,2.979040983897E-16));
#8878 = VECTOR('',#8879,1.);
#8879 = DIRECTION('',(-0.,1.));
#8880 = ( GEOMETRIC_REPRESENTATION_CONTEXT(2) 
PARAMETRIC_REPRESENTATION_CONTEXT() REPRESENTATION_CONTEXT('2D SPACE',''
  ) );
#8881 = ORIENTED_EDGE('',*,*,#8882,.F.);
#8882 = EDGE_CURVE('',#7967,#8860,#8883,.T.);
#8883 = SURFACE_CURVE('',#8884,(#8888,#8895),.PCURVE_S1.);
#8884 = LINE('',#8885,#8886);
#8885 = CARTESIAN_POINT('',(10.,122.56733089749,14.167184270003));
#8886 = VECTOR('',#8887,1.);
#8887 = DIRECTION('',(0.,0.4472135955,0.894427191));
#8888 = PCURVE('',#7818,#8889);
#8889 = DEFINITIONAL_REPRESENTATION('',(#8890),#8894);
#8890 = LINE('',#8891,#8892);
#8891 = CARTESIAN_POINT('',(0.,-0.));
#8892 = VECTOR('',#8893,1.);
#8893 = DIRECTION('',(-0.,1.));
#8894 = ( GEOMETRIC_REPRESENTATION_CONTEXT(2) 
PARAMETRIC_REPRESENTATION_CONTEXT() REPRESENTATION_CONTEXT('2D SPACE',''
  ) );
#8895 = PCURVE('',#7983,#8896);
#8896 = DEFINITIONAL_REPRESENTATION('',(#8897),#8901);
#8897 = LINE('',#8898,#8899);
#8898 = CARTESIAN_POINT('',(-12.,-2.615765236891E-15));
#8899 = VECTOR('',#8900,1.);
#8900 = DIRECTION('',(1.084694926189E-17,-1.));
#8901 = ( GEOMETRIC_REPRESENTATION_CONTEXT(2) 
PARAMETRIC_REPRESENTATION_CONTEXT() REPRESENTATION_CONTEXT('2D SPACE',''
  ) );
#8902 = ORIENTED_EDGE('',*,*,#8125,.T.);
#8903 = ORIENTED_EDGE('',*,*,#7801,.T.);
#8904 = ADVANCED_FACE('',(#8905),#7785,.T.);
#8905 = FACE_BOUND('',#8906,.F.);
#8906 = EDGE_LOOP('',(#8907,#8908));
#8907 = ORIENTED_EDGE('',*,*,#7768,.T.);
#8908 = ORIENTED_EDGE('',*,*,#8909,.F.);
#8909 = EDGE_CURVE('',#7769,#7745,#8910,.T.);
#8910 = SURFACE_CURVE('',#8911,(#8915,#8922),.PCURVE_S1.);
#8911 = LINE('',#8912,#8913);
#8912 = CARTESIAN_POINT('',(10.,126.14503966148,21.322601798002));
#8913 = VECTOR('',#8914,1.);
#8914 = DIRECTION('',(-1.,0.,-0.));
#8915 = PCURVE('',#7785,#8916);
#8916 = DEFINITIONAL_REPRESENTATION('',(#8917),#8921);
#8917 = LINE('',#8918,#8919);
#8918 = CARTESIAN_POINT('',(8.,-4.));
#8919 = VECTOR('',#8920,1.);
#8920 = DIRECTION('',(-1.,0.));
#8921 = ( GEOMETRIC_REPRESENTATION_CONTEXT(2) 
PARAMETRIC_REPRESENTATION_CONTEXT() REPRESENTATION_CONTEXT('2D SPACE',''
  ) );
#8922 = PCURVE('',#8766,#8923);
#8923 = DEFINITIONAL_REPRESENTATION('',(#8924),#8928);
#8924 = LINE('',#8925,#8926);
#8925 = CARTESIAN_POINT('',(-4.248741371384,2.979040983897E-16));
#8926 = VECTOR('',#8927,1.);
#8927 = DIRECTION('',(-0.,1.));
#8928 = ( GEOMETRIC_REPRESENTATION_CONTEXT(2) 
PARAMETRIC_REPRESENTATION_CONTEXT() REPRESENTATION_CONTEXT('2D SPACE',''
  ) );
#8929 = ADVANCED_FACE('',(#8930,#8933),#7703,.F.);
#8930 = FACE_BOUND('',#8931,.T.);
#8931 = EDGE_LOOP('',(#8932));
#8932 = ORIENTED_EDGE('',*,*,#7688,.T.);
#8933 = FACE_BOUND('',#8934,.T.);
#8934 = EDGE_LOOP('',(#8935));
#8935 = ORIENTED_EDGE('',*,*,#8936,.F.);
#8936 = EDGE_CURVE('',#8937,#8937,#8939,.T.);
#8937 = VERTEX_POINT('',#8938);
#8938 = CARTESIAN_POINT('',(-1.2,115.41191336949,22.217028989002));
#8939 = SURFACE_CURVE('',#8940,(#8945,#8956),.PCURVE_S1.);
#8940 = CIRCLE('',#8941,3.2);
#8941 = AXIS2_PLACEMENT_3D('',#8942,#8943,#8944);
#8942 = CARTESIAN_POINT('',(2.,115.41191336949,22.217028989002));
#8943 = DIRECTION('',(0.,-0.894427191,0.4472135955));
#8944 = DIRECTION('',(-1.,-0.,-0.));
#8945 = PCURVE('',#7703,#8946);
#8946 = DEFINITIONAL_REPRESENTATION('',(#8947),#8955);
#8947 = ( BOUNDED_CURVE() B_SPLINE_CURVE(2,(#8948,#8949,#8950,#8951,
#8952,#8953,#8954),.UNSPECIFIED.,.T.,.F.) B_SPLINE_CURVE_WITH_KNOTS((1,2
    ,2,2,2,1),(-2.094395102393,0.,2.094395102393,4.188790204786,
6.28318530718,8.377580409573),.UNSPECIFIED.) CURVE() 
GEOMETRIC_REPRESENTATION_ITEM() RATIONAL_B_SPLINE_CURVE((1.,0.5,1.,0.5,
1.,0.5,1.)) REPRESENTATION_ITEM('') );
#8948 = CARTESIAN_POINT('',(-3.2,-7.944109290391E-16));
#8949 = CARTESIAN_POINT('',(-3.2,5.54256258422));
#8950 = CARTESIAN_POINT('',(1.6,2.77128129211));
#8951 = CARTESIAN_POINT('',(6.4,-1.063697758482E-17));
#8952 = CARTESIAN_POINT('',(1.6,-2.77128129211));
#8953 = CARTESIAN_POINT('',(-3.2,-5.54256258422));
#8954 = CARTESIAN_POINT('',(-3.2,-7.944109290391E-16));
#8955 = ( GEOMETRIC_REPRESENTATION_CONTEXT(2) 
PARAMETRIC_REPRESENTATION_CONTEXT() REPRESENTATION_CONTEXT('2D SPACE',''
  ) );
#8956 = PCURVE('',#8957,#8962);
#8957 = CYLINDRICAL_SURFACE('',#8958,3.2);
#8958 = AXIS2_PLACEMENT_3D('',#8959,#8960,#8961);
#8959 = CARTESIAN_POINT('',(2.,114.51748617849,22.664242584502));
#8960 = DIRECTION('',(-0.,0.894427191,-0.4472135955));
#8961 = DIRECTION('',(-1.,0.,-0.));
#8962 = DEFINITIONAL_REPRESENTATION('',(#8963),#8967);
#8963 = LINE('',#8964,#8965);
#8964 = CARTESIAN_POINT('',(-0.,1.));
#8965 = VECTOR('',#8966,1.);
#8966 = DIRECTION('',(-1.,0.));
#8967 = ( GEOMETRIC_REPRESENTATION_CONTEXT(2) 
PARAMETRIC_REPRESENTATION_CONTEXT() REPRESENTATION_CONTEXT('2D SPACE',''
  ) );
#8968 = ADVANCED_FACE('',(#8969),#7983,.F.);
#8969 = FACE_BOUND('',#8970,.T.);
#8970 = EDGE_LOOP('',(#8971,#8994,#9020,#9021));
#8971 = ORIENTED_EDGE('',*,*,#8972,.T.);
#8972 = EDGE_CURVE('',#7965,#8973,#8975,.T.);
#8973 = VERTEX_POINT('',#8974);
#8974 = CARTESIAN_POINT('',(10.,136.87816595348,15.956038652002));
#8975 = SURFACE_CURVE('',#8976,(#8980,#8987),.PCURVE_S1.);
#8976 = LINE('',#8977,#8978);
#8977 = CARTESIAN_POINT('',(10.,133.30045718948,8.800621124003));
#8978 = VECTOR('',#8979,1.);
#8979 = DIRECTION('',(0.,0.4472135955,0.894427191));
#8980 = PCURVE('',#7983,#8981);
#8981 = DEFINITIONAL_REPRESENTATION('',(#8982),#8986);
#8982 = LINE('',#8983,#8984);
#8983 = CARTESIAN_POINT('',(-0.,-0.));
#8984 = VECTOR('',#8985,1.);
#8985 = DIRECTION('',(1.084694926189E-17,-1.));
#8986 = ( GEOMETRIC_REPRESENTATION_CONTEXT(2) 
PARAMETRIC_REPRESENTATION_CONTEXT() REPRESENTATION_CONTEXT('2D SPACE',''
  ) );
#8987 = PCURVE('',#8011,#8988);
#8988 = DEFINITIONAL_REPRESENTATION('',(#8989),#8993);
#8989 = LINE('',#8990,#8991);
#8990 = CARTESIAN_POINT('',(0.,-0.));
#8991 = VECTOR('',#8992,1.);
#8992 = DIRECTION('',(-0.,1.));
#8993 = ( GEOMETRIC_REPRESENTATION_CONTEXT(2) 
PARAMETRIC_REPRESENTATION_CONTEXT() REPRESENTATION_CONTEXT('2D SPACE',''
  ) );
#8994 = ORIENTED_EDGE('',*,*,#8995,.T.);
#8995 = EDGE_CURVE('',#8973,#8860,#8996,.T.);
#8996 = SURFACE_CURVE('',#8997,(#9002,#9013),.PCURVE_S1.);
#8997 = CIRCLE('',#8998,6.);
#8998 = AXIS2_PLACEMENT_3D('',#8999,#9000,#9001);
#8999 = CARTESIAN_POINT('',(10.,131.51160280748,18.639320225002));
#9000 = DIRECTION('',(1.,0.,-1.110223024625E-16));
#9001 = DIRECTION('',(-1.110223024625E-16,0.,-1.));
#9002 = PCURVE('',#7983,#9003);
#9003 = DEFINITIONAL_REPRESENTATION('',(#9004),#9012);
#9004 = ( BOUNDED_CURVE() B_SPLINE_CURVE(2,(#9005,#9006,#9007,#9008,
#9009,#9010,#9011),.UNSPECIFIED.,.T.,.F.) B_SPLINE_CURVE_WITH_KNOTS((1,2
    ,2,2,2,1),(-2.094395102393,0.,2.094395102393,4.188790204786,
6.28318530718,8.377580409573),.UNSPECIFIED.) CURVE() 
GEOMETRIC_REPRESENTATION_ITEM() RATIONAL_B_SPLINE_CURVE((1.,0.5,1.,0.5,
1.,0.5,1.)) REPRESENTATION_ITEM('') );
#9005 = CARTESIAN_POINT('',(-3.316718427,-2.633436854001));
#9006 = CARTESIAN_POINT('',(5.978441603898,-7.281016869449));
#9007 = CARTESIAN_POINT('',(-2.694060771051,-13.00707158072));
#9008 = CARTESIAN_POINT('',(-11.36656314599,-18.73312629199));
#9009 = CARTESIAN_POINT('',(-11.98922080194,-8.359491565275));
#9010 = CARTESIAN_POINT('',(-12.61187845789,2.014143161448));
#9011 = CARTESIAN_POINT('',(-3.316718427,-2.633436854001));
#9012 = ( GEOMETRIC_REPRESENTATION_CONTEXT(2) 
PARAMETRIC_REPRESENTATION_CONTEXT() REPRESENTATION_CONTEXT('2D SPACE',''
  ) );
#9013 = PCURVE('',#8766,#9014);
#9014 = DEFINITIONAL_REPRESENTATION('',(#9015),#9019);
#9015 = LINE('',#9016,#9017);
#9016 = CARTESIAN_POINT('',(-0.,0.));
#9017 = VECTOR('',#9018,1.);
#9018 = DIRECTION('',(-1.,0.));
#9019 = ( GEOMETRIC_REPRESENTATION_CONTEXT(2) 
PARAMETRIC_REPRESENTATION_CONTEXT() REPRESENTATION_CONTEXT('2D SPACE',''
  ) );
#9020 = ORIENTED_EDGE('',*,*,#8882,.F.);
#9021 = ORIENTED_EDGE('',*,*,#7964,.F.);
#9022 = ADVANCED_FACE('',(#9023),#8040,.T.);
#9023 = FACE_BOUND('',#9024,.F.);
#9024 = EDGE_LOOP('',(#9025,#9026,#9047,#9048));
#9025 = ORIENTED_EDGE('',*,*,#8023,.F.);
#9026 = ORIENTED_EDGE('',*,*,#9027,.T.);
#9027 = EDGE_CURVE('',#7996,#8679,#9028,.T.);
#9028 = SURFACE_CURVE('',#9029,(#9033,#9040),.PCURVE_S1.);
#9029 = LINE('',#9030,#9031);
#9030 = CARTESIAN_POINT('',(-6.,133.30045718948,8.800621124003));
#9031 = VECTOR('',#9032,1.);
#9032 = DIRECTION('',(0.,0.4472135955,0.894427191));
#9033 = PCURVE('',#8040,#9034);
#9034 = DEFINITIONAL_REPRESENTATION('',(#9035),#9039);
#9035 = LINE('',#9036,#9037);
#9036 = CARTESIAN_POINT('',(-0.,-0.));
#9037 = VECTOR('',#9038,1.);
#9038 = DIRECTION('',(1.084694926189E-17,-1.));
#9039 = ( GEOMETRIC_REPRESENTATION_CONTEXT(2) 
PARAMETRIC_REPRESENTATION_CONTEXT() REPRESENTATION_CONTEXT('2D SPACE',''
  ) );
#9040 = PCURVE('',#8011,#9041);
#9041 = DEFINITIONAL_REPRESENTATION('',(#9042),#9046);
#9042 = LINE('',#9043,#9044);
#9043 = CARTESIAN_POINT('',(-16.,0.));
#9044 = VECTOR('',#9045,1.);
#9045 = DIRECTION('',(-0.,1.));
#9046 = ( GEOMETRIC_REPRESENTATION_CONTEXT(2) 
PARAMETRIC_REPRESENTATION_CONTEXT() REPRESENTATION_CONTEXT('2D SPACE',''
  ) );
#9047 = ORIENTED_EDGE('',*,*,#8701,.T.);
#9048 = ORIENTED_EDGE('',*,*,#8360,.T.);
#9049 = ADVANCED_FACE('',(#9050),#8011,.F.);
#9050 = FACE_BOUND('',#9051,.T.);
#9051 = EDGE_LOOP('',(#9052,#9073,#9074,#9075,#9076,#9077,#9098,#9099));
#9052 = ORIENTED_EDGE('',*,*,#9053,.F.);
#9053 = EDGE_CURVE('',#8973,#8806,#9054,.T.);
#9054 = SURFACE_CURVE('',#9055,(#9059,#9066),.PCURVE_S1.);
#9055 = LINE('',#9056,#9057);
#9056 = CARTESIAN_POINT('',(10.,136.87816595348,15.956038652002));
#9057 = VECTOR('',#9058,1.);
#9058 = DIRECTION('',(-1.,0.,-0.));
#9059 = PCURVE('',#8011,#9060);
#9060 = DEFINITIONAL_REPRESENTATION('',(#9061),#9065);
#9061 = LINE('',#9062,#9063);
#9062 = CARTESIAN_POINT('',(0.,8.));
#9063 = VECTOR('',#9064,1.);
#9064 = DIRECTION('',(-1.,0.));
#9065 = ( GEOMETRIC_REPRESENTATION_CONTEXT(2) 
PARAMETRIC_REPRESENTATION_CONTEXT() REPRESENTATION_CONTEXT('2D SPACE',''
  ) );
#9066 = PCURVE('',#8766,#9067);
#9067 = DEFINITIONAL_REPRESENTATION('',(#9068),#9072);
#9068 = LINE('',#9069,#9070);
#9069 = CARTESIAN_POINT('',(-1.107148717794,-2.979040983897E-16));
#9070 = VECTOR('',#9071,1.);
#9071 = DIRECTION('',(-0.,1.));
#9072 = ( GEOMETRIC_REPRESENTATION_CONTEXT(2) 
PARAMETRIC_REPRESENTATION_CONTEXT() REPRESENTATION_CONTEXT('2D SPACE',''
  ) );
#9073 = ORIENTED_EDGE('',*,*,#8972,.F.);
#9074 = ORIENTED_EDGE('',*,*,#7995,.T.);
#9075 = ORIENTED_EDGE('',*,*,#9027,.T.);
#9076 = ORIENTED_EDGE('',*,*,#8678,.T.);
#9077 = ORIENTED_EDGE('',*,*,#9078,.T.);
#9078 = EDGE_CURVE('',#8656,#8580,#9079,.T.);
#9079 = SURFACE_CURVE('',#9080,(#9084,#9091),.PCURVE_S1.);
#9080 = LINE('',#9081,#9082);
#9081 = CARTESIAN_POINT('',(2.,132.69488438048,7.589475506003));
#9082 = VECTOR('',#9083,1.);
#9083 = DIRECTION('',(-0.,0.4472135955,0.894427191));
#9084 = PCURVE('',#8011,#9085);
#9085 = DEFINITIONAL_REPRESENTATION('',(#9086),#9090);
#9086 = LINE('',#9087,#9088);
#9087 = CARTESIAN_POINT('',(-8.,-1.35410196625));
#9088 = VECTOR('',#9089,1.);
#9089 = DIRECTION('',(0.,1.));
#9090 = ( GEOMETRIC_REPRESENTATION_CONTEXT(2) 
PARAMETRIC_REPRESENTATION_CONTEXT() REPRESENTATION_CONTEXT('2D SPACE',''
  ) );
#9091 = PCURVE('',#8595,#9092);
#9092 = DEFINITIONAL_REPRESENTATION('',(#9093),#9097);
#9093 = LINE('',#9094,#9095);
#9094 = CARTESIAN_POINT('',(2.472135955,-7.972135955));
#9095 = VECTOR('',#9096,1.);
#9096 = DIRECTION('',(-0.894427191,-0.4472135955));
#9097 = ( GEOMETRIC_REPRESENTATION_CONTEXT(2) 
PARAMETRIC_REPRESENTATION_CONTEXT() REPRESENTATION_CONTEXT('2D SPACE',''
  ) );
#9098 = ORIENTED_EDGE('',*,*,#8607,.F.);
#9099 = ORIENTED_EDGE('',*,*,#8805,.T.);
#9100 = ADVANCED_FACE('',(#9101),#8318,.F.);
#9101 = FACE_BOUND('',#9102,.T.);
#9102 = EDGE_LOOP('',(#9103,#9104,#9105));
#9103 = ORIENTED_EDGE('',*,*,#8406,.T.);
#9104 = ORIENTED_EDGE('',*,*,#8302,.T.);
#9105 = ORIENTED_EDGE('',*,*,#8723,.F.);
#9106 = ADVANCED_FACE('',(#9107),#8509,.F.);
#9107 = FACE_BOUND('',#9108,.T.);
#9108 = EDGE_LOOP('',(#9109));
#9109 = ORIENTED_EDGE('',*,*,#8492,.T.);
#9110 = ADVANCED_FACE('',(#9111),#8595,.F.);
#9111 = FACE_BOUND('',#9112,.T.);
#9112 = EDGE_LOOP('',(#9113,#9114,#9115));
#9113 = ORIENTED_EDGE('',*,*,#9078,.F.);
#9114 = ORIENTED_EDGE('',*,*,#8655,.T.);
#9115 = ORIENTED_EDGE('',*,*,#8579,.T.);
#9116 = ADVANCED_FACE('',(#9117),#8766,.T.);
#9117 = FACE_BOUND('',#9118,.F.);
#9118 = EDGE_LOOP('',(#9119,#9120,#9121,#9122,#9123,#9124));
#9119 = ORIENTED_EDGE('',*,*,#8828,.F.);
#9120 = ORIENTED_EDGE('',*,*,#9053,.F.);
#9121 = ORIENTED_EDGE('',*,*,#8995,.T.);
#9122 = ORIENTED_EDGE('',*,*,#8859,.T.);
#9123 = ORIENTED_EDGE('',*,*,#8909,.T.);
#9124 = ORIENTED_EDGE('',*,*,#8750,.T.);
#9125 = ADVANCED_FACE('',(#9126),#8957,.F.);
#9126 = FACE_BOUND('',#9127,.T.);
#9127 = EDGE_LOOP('',(#9128,#9151,#9180,#9218,#9254,#9276,#9277));
#9128 = ORIENTED_EDGE('',*,*,#9129,.T.);
#9129 = EDGE_CURVE('',#8937,#9130,#9132,.T.);
#9130 = VERTEX_POINT('',#9131);
#9131 = CARTESIAN_POINT('',(-1.2,124.35618527948,17.744893034002));
#9132 = SEAM_CURVE('',#9133,(#9137,#9144),.PCURVE_S1.);
#9133 = LINE('',#9134,#9135);
#9134 = CARTESIAN_POINT('',(-1.2,114.51748617849,22.664242584502));
#9135 = VECTOR('',#9136,1.);
#9136 = DIRECTION('',(-0.,0.894427191,-0.4472135955));
#9137 = PCURVE('',#8957,#9138);
#9138 = DEFINITIONAL_REPRESENTATION('',(#9139),#9143);
#9139 = LINE('',#9140,#9141);
#9140 = CARTESIAN_POINT('',(-6.28318530718,-0.));
#9141 = VECTOR('',#9142,1.);
#9142 = DIRECTION('',(-0.,1.));
#9143 = ( GEOMETRIC_REPRESENTATION_CONTEXT(2) 
PARAMETRIC_REPRESENTATION_CONTEXT() REPRESENTATION_CONTEXT('2D SPACE',''
  ) );
#9144 = PCURVE('',#8957,#9145);
#9145 = DEFINITIONAL_REPRESENTATION('',(#9146),#9150);
#9146 = LINE('',#9147,#9148);
#9147 = CARTESIAN_POINT('',(-0.,-0.));
#9148 = VECTOR('',#9149,1.);
#9149 = DIRECTION('',(-0.,1.));
#9150 = ( GEOMETRIC_REPRESENTATION_CONTEXT(2) 
PARAMETRIC_REPRESENTATION_CONTEXT() REPRESENTATION_CONTEXT('2D SPACE',''
  ) );
#9151 = ORIENTED_EDGE('',*,*,#9152,.F.);
#9152 = EDGE_CURVE('',#9153,#9130,#9155,.T.);
#9153 = VERTEX_POINT('',#9154);
#9154 = CARTESIAN_POINT('',(-1.093243815152,124.72274842548,
    18.478019326001));
#9155 = SURFACE_CURVE('',#9156,(#9161,#9168),.PCURVE_S1.);
#9156 = CIRCLE('',#9157,3.2);
#9157 = AXIS2_PLACEMENT_3D('',#9158,#9159,#9160);
#9158 = CARTESIAN_POINT('',(2.,124.35618527948,17.744893034002));
#9159 = DIRECTION('',(0.,-0.894427191,0.4472135955));
#9160 = DIRECTION('',(-1.,-0.,-0.));
#9161 = PCURVE('',#8957,#9162);
#9162 = DEFINITIONAL_REPRESENTATION('',(#9163),#9167);
#9163 = LINE('',#9164,#9165);
#9164 = CARTESIAN_POINT('',(-0.,11.));
#9165 = VECTOR('',#9166,1.);
#9166 = DIRECTION('',(-1.,0.));
#9167 = ( GEOMETRIC_REPRESENTATION_CONTEXT(2) 
PARAMETRIC_REPRESENTATION_CONTEXT() REPRESENTATION_CONTEXT('2D SPACE',''
  ) );
#9168 = PCURVE('',#9169,#9174);
#9169 = PLANE('',#9170);
#9170 = AXIS2_PLACEMENT_3D('',#9171,#9172,#9173);
#9171 = CARTESIAN_POINT('',(10.,122.56733089749,14.167184270003));
#9172 = DIRECTION('',(0.,-0.894427191,0.4472135955));
#9173 = DIRECTION('',(1.,0.,0.));
#9174 = DEFINITIONAL_REPRESENTATION('',(#9175),#9179);
#9175 = CIRCLE('',#9176,3.2);
#9176 = AXIS2_PLACEMENT_2D('',#9177,#9178);
#9177 = CARTESIAN_POINT('',(-8.,4.));
#9178 = DIRECTION('',(-1.,0.));
#9179 = ( GEOMETRIC_REPRESENTATION_CONTEXT(2) 
PARAMETRIC_REPRESENTATION_CONTEXT() REPRESENTATION_CONTEXT('2D SPACE',''
  ) );
#9180 = ORIENTED_EDGE('',*,*,#9181,.F.);
#9181 = EDGE_CURVE('',#9182,#9153,#9184,.T.);
#9182 = VERTEX_POINT('',#9183);
#9183 = CARTESIAN_POINT('',(-0.289104628452,124.72274842548,
    20.061611461002));
#9184 = SURFACE_CURVE('',#9185,(#9190,#9202),.PCURVE_S1.);
#9185 = ELLIPSE('',#9186,3.577708764,3.2);
#9186 = AXIS2_PLACEMENT_3D('',#9187,#9188,#9189);
#9187 = CARTESIAN_POINT('',(2.,124.72274842548,17.561611461002));
#9188 = DIRECTION('',(0.,-1.,0.));
#9189 = DIRECTION('',(-0.,-0.,-1.));
#9190 = PCURVE('',#8957,#9191);
#9191 = DEFINITIONAL_REPRESENTATION('',(#9192),#9201);
#9192 = B_SPLINE_CURVE_WITH_KNOTS('',7,(#9193,#9194,#9195,#9196,#9197,
    #9198,#9199,#9200),.UNSPECIFIED.,.F.,.F.,(8,8),(3.350395655244,
    4.453358590022),.PIECEWISE_BEZIER_KNOTS.);
#9193 = CARTESIAN_POINT('',(-4.921191982039,9.844582472001));
#9194 = CARTESIAN_POINT('',(-5.078758115579,9.896841246463));
#9195 = CARTESIAN_POINT('',(-5.236324249118,9.994437413018));
#9196 = CARTESIAN_POINT('',(-5.393890382659,10.135251015076));
#9197 = CARTESIAN_POINT('',(-5.551456516197,10.314408477544));
#9198 = CARTESIAN_POINT('',(-5.709022649737,10.524480856322));
#9199 = CARTESIAN_POINT('',(-5.866588783277,10.756305340924));
#9200 = CARTESIAN_POINT('',(-6.024154916817,11.0000006));
#9201 = ( GEOMETRIC_REPRESENTATION_CONTEXT(2) 
PARAMETRIC_REPRESENTATION_CONTEXT() REPRESENTATION_CONTEXT('2D SPACE',''
  ) );
#9202 = PCURVE('',#9203,#9208);
#9203 = PLANE('',#9204);
#9204 = AXIS2_PLACEMENT_3D('',#9205,#9206,#9207);
#9205 = CARTESIAN_POINT('',(2.,124.72274842548,10.061611461002));
#9206 = DIRECTION('',(-0.,1.,0.));
#9207 = DIRECTION('',(0.,0.,-1.));
#9208 = DEFINITIONAL_REPRESENTATION('',(#9209),#9217);
#9209 = ( BOUNDED_CURVE() B_SPLINE_CURVE(2,(#9210,#9211,#9212,#9213,
#9214,#9215,#9216),.UNSPECIFIED.,.T.,.F.) B_SPLINE_CURVE_WITH_KNOTS((1,2
    ,2,2,2,1),(-2.094395102393,0.,2.094395102393,4.188790204786,
6.28318530718,8.377580409573),.UNSPECIFIED.) CURVE() 
GEOMETRIC_REPRESENTATION_ITEM() RATIONAL_B_SPLINE_CURVE((1.,0.5,1.,0.5,
1.,0.5,1.)) REPRESENTATION_ITEM('') );
#9210 = CARTESIAN_POINT('',(-3.922291236,0.));
#9211 = CARTESIAN_POINT('',(-3.922291236,-5.54256258422));
#9212 = CARTESIAN_POINT('',(-9.288854382,-2.77128129211));
#9213 = CARTESIAN_POINT('',(-14.65541752799,-7.837739514543E-16));
#9214 = CARTESIAN_POINT('',(-9.288854382,2.77128129211));
#9215 = CARTESIAN_POINT('',(-3.922291236,5.54256258422));
#9216 = CARTESIAN_POINT('',(-3.922291236,0.));
#9217 = ( GEOMETRIC_REPRESENTATION_CONTEXT(2) 
PARAMETRIC_REPRESENTATION_CONTEXT() REPRESENTATION_CONTEXT('2D SPACE',''
  ) );
#9218 = ORIENTED_EDGE('',*,*,#9219,.T.);
#9219 = EDGE_CURVE('',#9182,#9220,#9222,.T.);
#9220 = VERTEX_POINT('',#9221);
#9221 = CARTESIAN_POINT('',(0.120899240994,125.51454449299,
    20.061611461002));
#9222 = SURFACE_CURVE('',#9223,(#9228,#9238),.PCURVE_S1.);
#9223 = ELLIPSE('',#9224,7.155417527999,3.2);
#9224 = AXIS2_PLACEMENT_3D('',#9225,#9226,#9227);
#9225 = CARTESIAN_POINT('',(2.,119.72274842548,20.061611461002));
#9226 = DIRECTION('',(-0.,-0.,-1.));
#9227 = DIRECTION('',(-0.,1.,-0.));
#9228 = PCURVE('',#8957,#9229);
#9229 = DEFINITIONAL_REPRESENTATION('',(#9230),#9237);
#9230 = B_SPLINE_CURVE_WITH_KNOTS('',5,(#9231,#9232,#9233,#9234,#9235,
    #9236),.UNSPECIFIED.,.F.,.F.,(6,6),(5.305588756534,5.655566700447),
  .PIECEWISE_BEZIER_KNOTS.);
#9231 = CARTESIAN_POINT('',(-5.68998553103,9.397368876501));
#9232 = CARTESIAN_POINT('',(-5.619989942247,9.768807444456));
#9233 = CARTESIAN_POINT('',(-5.549994353465,10.11833555098));
#9234 = CARTESIAN_POINT('',(-5.479998764682,10.442160326246));
#9235 = CARTESIAN_POINT('',(-5.4100031759,10.736943129873));
#9236 = CARTESIAN_POINT('',(-5.340007587117,11.0000006));
#9237 = ( GEOMETRIC_REPRESENTATION_CONTEXT(2) 
PARAMETRIC_REPRESENTATION_CONTEXT() REPRESENTATION_CONTEXT('2D SPACE',''
  ) );
#9238 = PCURVE('',#9239,#9244);
#9239 = PLANE('',#9240);
#9240 = AXIS2_PLACEMENT_3D('',#9241,#9242,#9243);
#9241 = CARTESIAN_POINT('',(2.,124.72274842548,20.061611461002));
#9242 = DIRECTION('',(0.,-0.,1.));
#9243 = DIRECTION('',(1.,0.,0.));
#9244 = DEFINITIONAL_REPRESENTATION('',(#9245),#9253);
#9245 = ( BOUNDED_CURVE() B_SPLINE_CURVE(2,(#9246,#9247,#9248,#9249,
#9250,#9251,#9252),.UNSPECIFIED.,.T.,.F.) B_SPLINE_CURVE_WITH_KNOTS((1,2
    ,2,2,2,1),(-2.094395102393,0.,2.094395102393,4.188790204786,
6.28318530718,8.377580409573),.UNSPECIFIED.) CURVE() 
GEOMETRIC_REPRESENTATION_ITEM() RATIONAL_B_SPLINE_CURVE((1.,0.5,1.,0.5,
1.,0.5,1.)) REPRESENTATION_ITEM('') );
#9246 = CARTESIAN_POINT('',(0.,2.155417527999));
#9247 = CARTESIAN_POINT('',(5.54256258422,2.155417527999));
#9248 = CARTESIAN_POINT('',(2.77128129211,-8.577708764));
#9249 = CARTESIAN_POINT('',(7.837739514543E-16,-19.31083505599));
#9250 = CARTESIAN_POINT('',(-2.77128129211,-8.577708764));
#9251 = CARTESIAN_POINT('',(-5.54256258422,2.155417527999));
#9252 = CARTESIAN_POINT('',(0.,2.155417527999));
#9253 = ( GEOMETRIC_REPRESENTATION_CONTEXT(2) 
PARAMETRIC_REPRESENTATION_CONTEXT() REPRESENTATION_CONTEXT('2D SPACE',''
  ) );
#9254 = ORIENTED_EDGE('',*,*,#9255,.F.);
#9255 = EDGE_CURVE('',#9130,#9220,#9256,.T.);
#9256 = SURFACE_CURVE('',#9257,(#9262,#9269),.PCURVE_S1.);
#9257 = CIRCLE('',#9258,3.2);
#9258 = AXIS2_PLACEMENT_3D('',#9259,#9260,#9261);
#9259 = CARTESIAN_POINT('',(2.,124.35618527948,17.744893034002));
#9260 = DIRECTION('',(0.,-0.894427191,0.4472135955));
#9261 = DIRECTION('',(-1.,-0.,-0.));
#9262 = PCURVE('',#8957,#9263);
#9263 = DEFINITIONAL_REPRESENTATION('',(#9264),#9268);
#9264 = LINE('',#9265,#9266);
#9265 = CARTESIAN_POINT('',(-0.,11.));
#9266 = VECTOR('',#9267,1.);
#9267 = DIRECTION('',(-1.,0.));
#9268 = ( GEOMETRIC_REPRESENTATION_CONTEXT(2) 
PARAMETRIC_REPRESENTATION_CONTEXT() REPRESENTATION_CONTEXT('2D SPACE',''
  ) );
#9269 = PCURVE('',#9169,#9270);
#9270 = DEFINITIONAL_REPRESENTATION('',(#9271),#9275);
#9271 = CIRCLE('',#9272,3.2);
#9272 = AXIS2_PLACEMENT_2D('',#9273,#9274);
#9273 = CARTESIAN_POINT('',(-8.,4.));
#9274 = DIRECTION('',(-1.,0.));
#9275 = ( GEOMETRIC_REPRESENTATION_CONTEXT(2) 
PARAMETRIC_REPRESENTATION_CONTEXT() REPRESENTATION_CONTEXT('2D SPACE',''
  ) );
#9276 = ORIENTED_EDGE('',*,*,#9129,.F.);
#9277 = ORIENTED_EDGE('',*,*,#8936,.T.);
#9278 = ADVANCED_FACE('',(#9279),#9169,.T.);
#9279 = FACE_BOUND('',#9280,.F.);
#9280 = EDGE_LOOP('',(#9281,#9282,#9283,#9306,#9335,#9359,#9387));
#9281 = ORIENTED_EDGE('',*,*,#9255,.F.);
#9282 = ORIENTED_EDGE('',*,*,#9152,.F.);
#9283 = ORIENTED_EDGE('',*,*,#9284,.T.);
#9284 = EDGE_CURVE('',#9153,#9285,#9287,.T.);
#9285 = VERTEX_POINT('',#9286);
#9286 = CARTESIAN_POINT('',(0.655090226084,124.72274842548,
    18.478019326001));
#9287 = SURFACE_CURVE('',#9288,(#9292,#9299),.PCURVE_S1.);
#9288 = LINE('',#9289,#9290);
#9289 = CARTESIAN_POINT('',(6.,124.72274842548,18.478019326001));
#9290 = VECTOR('',#9291,1.);
#9291 = DIRECTION('',(1.,-0.,-0.));
#9292 = PCURVE('',#9169,#9293);
#9293 = DEFINITIONAL_REPRESENTATION('',(#9294),#9298);
#9294 = LINE('',#9295,#9296);
#9295 = CARTESIAN_POINT('',(-4.,4.819660112501));
#9296 = VECTOR('',#9297,1.);
#9297 = DIRECTION('',(1.,-0.));
#9298 = ( GEOMETRIC_REPRESENTATION_CONTEXT(2) 
PARAMETRIC_REPRESENTATION_CONTEXT() REPRESENTATION_CONTEXT('2D SPACE',''
  ) );
#9299 = PCURVE('',#9203,#9300);
#9300 = DEFINITIONAL_REPRESENTATION('',(#9301),#9305);
#9301 = LINE('',#9302,#9303);
#9302 = CARTESIAN_POINT('',(-8.416407864999,-4.));
#9303 = VECTOR('',#9304,1.);
#9304 = DIRECTION('',(-0.,-1.));
#9305 = ( GEOMETRIC_REPRESENTATION_CONTEXT(2) 
PARAMETRIC_REPRESENTATION_CONTEXT() REPRESENTATION_CONTEXT('2D SPACE',''
  ) );
#9306 = ORIENTED_EDGE('',*,*,#9307,.T.);
#9307 = EDGE_CURVE('',#9285,#9308,#9310,.T.);
#9308 = VERTEX_POINT('',#9309);
#9309 = CARTESIAN_POINT('',(0.425,124.35618527948,17.744893034002));
#9310 = SURFACE_CURVE('',#9311,(#9316,#9323),.PCURVE_S1.);
#9311 = CIRCLE('',#9312,1.575);
#9312 = AXIS2_PLACEMENT_3D('',#9313,#9314,#9315);
#9313 = CARTESIAN_POINT('',(2.,124.35618527948,17.744893034002));
#9314 = DIRECTION('',(0.,-0.894427191,0.4472135955));
#9315 = DIRECTION('',(-1.,-0.,-0.));
#9316 = PCURVE('',#9169,#9317);
#9317 = DEFINITIONAL_REPRESENTATION('',(#9318),#9322);
#9318 = CIRCLE('',#9319,1.575);
#9319 = AXIS2_PLACEMENT_2D('',#9320,#9321);
#9320 = CARTESIAN_POINT('',(-8.,4.));
#9321 = DIRECTION('',(-1.,0.));
#9322 = ( GEOMETRIC_REPRESENTATION_CONTEXT(2) 
PARAMETRIC_REPRESENTATION_CONTEXT() REPRESENTATION_CONTEXT('2D SPACE',''
  ) );
#9323 = PCURVE('',#9324,#9329);
#9324 = CYLINDRICAL_SURFACE('',#9325,1.575);
#9325 = AXIS2_PLACEMENT_3D('',#9326,#9327,#9328);
#9326 = CARTESIAN_POINT('',(2.,122.56733089749,18.639320225002));
#9327 = DIRECTION('',(-0.,0.894427191,-0.4472135955));
#9328 = DIRECTION('',(-1.,0.,-0.));
#9329 = DEFINITIONAL_REPRESENTATION('',(#9330),#9334);
#9330 = LINE('',#9331,#9332);
#9331 = CARTESIAN_POINT('',(-0.,2.));
#9332 = VECTOR('',#9333,1.);
#9333 = DIRECTION('',(-1.,0.));
#9334 = ( GEOMETRIC_REPRESENTATION_CONTEXT(2) 
PARAMETRIC_REPRESENTATION_CONTEXT() REPRESENTATION_CONTEXT('2D SPACE',''
  ) );
#9335 = ORIENTED_EDGE('',*,*,#9336,.T.);
#9336 = EDGE_CURVE('',#9308,#9337,#9339,.T.);
#9337 = VERTEX_POINT('',#9338);
#9338 = CARTESIAN_POINT('',(2.,125.0605466924,19.153615859827));
#9339 = SURFACE_CURVE('',#9340,(#9345,#9352),.PCURVE_S1.);
#9340 = CIRCLE('',#9341,1.575);
#9341 = AXIS2_PLACEMENT_3D('',#9342,#9343,#9344);
#9342 = CARTESIAN_POINT('',(2.,124.35618527948,17.744893034002));
#9343 = DIRECTION('',(0.,-0.894427191,0.4472135955));
#9344 = DIRECTION('',(-1.,-0.,-0.));
#9345 = PCURVE('',#9169,#9346);
#9346 = DEFINITIONAL_REPRESENTATION('',(#9347),#9351);
#9347 = CIRCLE('',#9348,1.575);
#9348 = AXIS2_PLACEMENT_2D('',#9349,#9350);
#9349 = CARTESIAN_POINT('',(-8.,4.));
#9350 = DIRECTION('',(-1.,0.));
#9351 = ( GEOMETRIC_REPRESENTATION_CONTEXT(2) 
PARAMETRIC_REPRESENTATION_CONTEXT() REPRESENTATION_CONTEXT('2D SPACE',''
  ) );
#9352 = PCURVE('',#9324,#9353);
#9353 = DEFINITIONAL_REPRESENTATION('',(#9354),#9358);
#9354 = LINE('',#9355,#9356);
#9355 = CARTESIAN_POINT('',(-0.,2.));
#9356 = VECTOR('',#9357,1.);
#9357 = DIRECTION('',(-1.,0.));
#9358 = ( GEOMETRIC_REPRESENTATION_CONTEXT(2) 
PARAMETRIC_REPRESENTATION_CONTEXT() REPRESENTATION_CONTEXT('2D SPACE',''
  ) );
#9359 = ORIENTED_EDGE('',*,*,#9360,.T.);
#9360 = EDGE_CURVE('',#9337,#9361,#9363,.T.);
#9361 = VERTEX_POINT('',#9362);
#9362 = CARTESIAN_POINT('',(2.,125.51454449299,20.061611461002));
#9363 = SURFACE_CURVE('',#9364,(#9368,#9375),.PCURVE_S1.);
#9364 = LINE('',#9365,#9366);
#9365 = CARTESIAN_POINT('',(2.,121.96175808849,12.956038652002));
#9366 = VECTOR('',#9367,1.);
#9367 = DIRECTION('',(-0.,0.4472135955,0.894427191));
#9368 = PCURVE('',#9169,#9369);
#9369 = DEFINITIONAL_REPRESENTATION('',(#9370),#9374);
#9370 = LINE('',#9371,#9372);
#9371 = CARTESIAN_POINT('',(-8.,-1.35410196625));
#9372 = VECTOR('',#9373,1.);
#9373 = DIRECTION('',(0.,1.));
#9374 = ( GEOMETRIC_REPRESENTATION_CONTEXT(2) 
PARAMETRIC_REPRESENTATION_CONTEXT() REPRESENTATION_CONTEXT('2D SPACE',''
  ) );
#9375 = PCURVE('',#9376,#9381);
#9376 = PLANE('',#9377);
#9377 = AXIS2_PLACEMENT_3D('',#9378,#9379,#9380);
#9378 = CARTESIAN_POINT('',(2.,124.72274842548,10.061611461002));
#9379 = DIRECTION('',(-1.,0.,-0.));
#9380 = DIRECTION('',(0.,0.,-1.));
#9381 = DEFINITIONAL_REPRESENTATION('',(#9382),#9386);
#9382 = LINE('',#9383,#9384);
#9383 = CARTESIAN_POINT('',(-2.894427191,2.760990336999));
#9384 = VECTOR('',#9385,1.);
#9385 = DIRECTION('',(-0.894427191,-0.4472135955));
#9386 = ( GEOMETRIC_REPRESENTATION_CONTEXT(2) 
PARAMETRIC_REPRESENTATION_CONTEXT() REPRESENTATION_CONTEXT('2D SPACE',''
  ) );
#9387 = ORIENTED_EDGE('',*,*,#9388,.F.);
#9388 = EDGE_CURVE('',#9220,#9361,#9389,.T.);
#9389 = SURFACE_CURVE('',#9390,(#9394,#9401),.PCURVE_S1.);
#9390 = LINE('',#9391,#9392);
#9391 = CARTESIAN_POINT('',(6.,125.51454449299,20.061611461002));
#9392 = VECTOR('',#9393,1.);
#9393 = DIRECTION('',(1.,-0.,-0.));
#9394 = PCURVE('',#9169,#9395);
#9395 = DEFINITIONAL_REPRESENTATION('',(#9396),#9400);
#9396 = LINE('',#9397,#9398);
#9397 = CARTESIAN_POINT('',(-4.,6.590169943749));
#9398 = VECTOR('',#9399,1.);
#9399 = DIRECTION('',(1.,-0.));
#9400 = ( GEOMETRIC_REPRESENTATION_CONTEXT(2) 
PARAMETRIC_REPRESENTATION_CONTEXT() REPRESENTATION_CONTEXT('2D SPACE',''
  ) );
#9401 = PCURVE('',#9239,#9402);
#9402 = DEFINITIONAL_REPRESENTATION('',(#9403),#9407);
#9403 = LINE('',#9404,#9405);
#9404 = CARTESIAN_POINT('',(4.,0.791796067501));
#9405 = VECTOR('',#9406,1.);
#9406 = DIRECTION('',(1.,-0.));
#9407 = ( GEOMETRIC_REPRESENTATION_CONTEXT(2) 
PARAMETRIC_REPRESENTATION_CONTEXT() REPRESENTATION_CONTEXT('2D SPACE',''
  ) );
#9408 = ADVANCED_FACE('',(#9409),#9239,.T.);
#9409 = FACE_BOUND('',#9410,.F.);
#9410 = EDGE_LOOP('',(#9411,#9434,#9455,#9456));
#9411 = ORIENTED_EDGE('',*,*,#9412,.F.);
#9412 = EDGE_CURVE('',#9413,#9361,#9415,.T.);
#9413 = VERTEX_POINT('',#9414);
#9414 = CARTESIAN_POINT('',(2.,124.72274842548,20.061611461002));
#9415 = SURFACE_CURVE('',#9416,(#9420,#9427),.PCURVE_S1.);
#9416 = LINE('',#9417,#9418);
#9417 = CARTESIAN_POINT('',(2.,124.72274842548,20.061611461002));
#9418 = VECTOR('',#9419,1.);
#9419 = DIRECTION('',(-0.,1.,0.));
#9420 = PCURVE('',#9239,#9421);
#9421 = DEFINITIONAL_REPRESENTATION('',(#9422),#9426);
#9422 = LINE('',#9423,#9424);
#9423 = CARTESIAN_POINT('',(0.,-0.));
#9424 = VECTOR('',#9425,1.);
#9425 = DIRECTION('',(-0.,1.));
#9426 = ( GEOMETRIC_REPRESENTATION_CONTEXT(2) 
PARAMETRIC_REPRESENTATION_CONTEXT() REPRESENTATION_CONTEXT('2D SPACE',''
  ) );
#9427 = PCURVE('',#9376,#9428);
#9428 = DEFINITIONAL_REPRESENTATION('',(#9429),#9433);
#9429 = LINE('',#9430,#9431);
#9430 = CARTESIAN_POINT('',(-10.,-0.));
#9431 = VECTOR('',#9432,1.);
#9432 = DIRECTION('',(-0.,-1.));
#9433 = ( GEOMETRIC_REPRESENTATION_CONTEXT(2) 
PARAMETRIC_REPRESENTATION_CONTEXT() REPRESENTATION_CONTEXT('2D SPACE',''
  ) );
#9434 = ORIENTED_EDGE('',*,*,#9435,.T.);
#9435 = EDGE_CURVE('',#9413,#9182,#9436,.T.);
#9436 = SURFACE_CURVE('',#9437,(#9441,#9448),.PCURVE_S1.);
#9437 = LINE('',#9438,#9439);
#9438 = CARTESIAN_POINT('',(2.,124.72274842548,20.061611461002));
#9439 = VECTOR('',#9440,1.);
#9440 = DIRECTION('',(-1.,0.,-0.));
#9441 = PCURVE('',#9239,#9442);
#9442 = DEFINITIONAL_REPRESENTATION('',(#9443),#9447);
#9443 = LINE('',#9444,#9445);
#9444 = CARTESIAN_POINT('',(0.,-0.));
#9445 = VECTOR('',#9446,1.);
#9446 = DIRECTION('',(-1.,0.));
#9447 = ( GEOMETRIC_REPRESENTATION_CONTEXT(2) 
PARAMETRIC_REPRESENTATION_CONTEXT() REPRESENTATION_CONTEXT('2D SPACE',''
  ) );
#9448 = PCURVE('',#9203,#9449);
#9449 = DEFINITIONAL_REPRESENTATION('',(#9450),#9454);
#9450 = LINE('',#9451,#9452);
#9451 = CARTESIAN_POINT('',(-10.,-0.));
#9452 = VECTOR('',#9453,1.);
#9453 = DIRECTION('',(-0.,1.));
#9454 = ( GEOMETRIC_REPRESENTATION_CONTEXT(2) 
PARAMETRIC_REPRESENTATION_CONTEXT() REPRESENTATION_CONTEXT('2D SPACE',''
  ) );
#9455 = ORIENTED_EDGE('',*,*,#9219,.T.);
#9456 = ORIENTED_EDGE('',*,*,#9388,.T.);
#9457 = ADVANCED_FACE('',(#9458),#9203,.F.);
#9458 = FACE_BOUND('',#9459,.T.);
#9459 = EDGE_LOOP('',(#9460,#9461,#9462,#9495,#9516));
#9460 = ORIENTED_EDGE('',*,*,#9181,.T.);
#9461 = ORIENTED_EDGE('',*,*,#9284,.T.);
#9462 = ORIENTED_EDGE('',*,*,#9463,.F.);
#9463 = EDGE_CURVE('',#9464,#9285,#9466,.T.);
#9464 = VERTEX_POINT('',#9465);
#9465 = CARTESIAN_POINT('',(2.,124.72274842548,19.322514993284));
#9466 = SURFACE_CURVE('',#9467,(#9472,#9483),.PCURVE_S1.);
#9467 = ELLIPSE('',#9468,1.760903532281,1.575);
#9468 = AXIS2_PLACEMENT_3D('',#9469,#9470,#9471);
#9469 = CARTESIAN_POINT('',(2.,124.72274842548,17.561611461002));
#9470 = DIRECTION('',(0.,-1.,0.));
#9471 = DIRECTION('',(-0.,-0.,-1.));
#9472 = PCURVE('',#9203,#9473);
#9473 = DEFINITIONAL_REPRESENTATION('',(#9474),#9482);
#9474 = ( BOUNDED_CURVE() B_SPLINE_CURVE(2,(#9475,#9476,#9477,#9478,
#9479,#9480,#9481),.UNSPECIFIED.,.T.,.F.) B_SPLINE_CURVE_WITH_KNOTS((1,2
    ,2,2,2,1),(-2.094395102393,0.,2.094395102393,4.188790204786,
6.28318530718,8.377580409573),.UNSPECIFIED.) CURVE() 
GEOMETRIC_REPRESENTATION_ITEM() RATIONAL_B_SPLINE_CURVE((1.,0.5,1.,0.5,
1.,0.5,1.)) REPRESENTATION_ITEM('') );
#9475 = CARTESIAN_POINT('',(-5.739096467719,0.));
#9476 = CARTESIAN_POINT('',(-5.739096467719,-2.727980021921));
#9477 = CARTESIAN_POINT('',(-8.380451766141,-1.36399001096));
#9478 = CARTESIAN_POINT('',(-11.02180706456,-3.857637417314E-16));
#9479 = CARTESIAN_POINT('',(-8.380451766141,1.36399001096));
#9480 = CARTESIAN_POINT('',(-5.739096467719,2.727980021921));
#9481 = CARTESIAN_POINT('',(-5.739096467719,0.));
#9482 = ( GEOMETRIC_REPRESENTATION_CONTEXT(2) 
PARAMETRIC_REPRESENTATION_CONTEXT() REPRESENTATION_CONTEXT('2D SPACE',''
  ) );
#9483 = PCURVE('',#9324,#9484);
#9484 = DEFINITIONAL_REPRESENTATION('',(#9485),#9494);
#9485 = B_SPLINE_CURVE_WITH_KNOTS('',7,(#9486,#9487,#9488,#9489,#9490,
    #9491,#9492,#9493),.UNSPECIFIED.,.F.,.F.,(8,8),(2.943911237009,
    4.267355099886),.PIECEWISE_BEZIER_KNOTS.);
#9486 = CARTESIAN_POINT('',(-4.514707563804,1.637666953823));
#9487 = CARTESIAN_POINT('',(-4.703770972786,1.608425992798));
#9488 = CARTESIAN_POINT('',(-4.892834381768,1.611386391908));
#9489 = CARTESIAN_POINT('',(-5.081897790754,1.648253261863));
#9490 = CARTESIAN_POINT('',(-5.270961199732,1.717922021142));
#9491 = CARTESIAN_POINT('',(-5.460024608717,1.816187743616));
#9492 = CARTESIAN_POINT('',(-5.649088017699,1.936435178331));
#9493 = CARTESIAN_POINT('',(-5.838151426681,2.07082039325));
#9494 = ( GEOMETRIC_REPRESENTATION_CONTEXT(2) 
PARAMETRIC_REPRESENTATION_CONTEXT() REPRESENTATION_CONTEXT('2D SPACE',''
  ) );
#9495 = ORIENTED_EDGE('',*,*,#9496,.T.);
#9496 = EDGE_CURVE('',#9464,#9413,#9497,.T.);
#9497 = SURFACE_CURVE('',#9498,(#9502,#9509),.PCURVE_S1.);
#9498 = LINE('',#9499,#9500);
#9499 = CARTESIAN_POINT('',(2.,124.72274842548,10.061611461002));
#9500 = VECTOR('',#9501,1.);
#9501 = DIRECTION('',(0.,-0.,1.));
#9502 = PCURVE('',#9203,#9503);
#9503 = DEFINITIONAL_REPRESENTATION('',(#9504),#9508);
#9504 = LINE('',#9505,#9506);
#9505 = CARTESIAN_POINT('',(-0.,-0.));
#9506 = VECTOR('',#9507,1.);
#9507 = DIRECTION('',(-1.,0.));
#9508 = ( GEOMETRIC_REPRESENTATION_CONTEXT(2) 
PARAMETRIC_REPRESENTATION_CONTEXT() REPRESENTATION_CONTEXT('2D SPACE',''
  ) );
#9509 = PCURVE('',#9376,#9510);
#9510 = DEFINITIONAL_REPRESENTATION('',(#9511),#9515);
#9511 = LINE('',#9512,#9513);
#9512 = CARTESIAN_POINT('',(-0.,-0.));
#9513 = VECTOR('',#9514,1.);
#9514 = DIRECTION('',(-1.,-0.));
#9515 = ( GEOMETRIC_REPRESENTATION_CONTEXT(2) 
PARAMETRIC_REPRESENTATION_CONTEXT() REPRESENTATION_CONTEXT('2D SPACE',''
  ) );
#9516 = ORIENTED_EDGE('',*,*,#9435,.T.);
#9517 = ADVANCED_FACE('',(#9518),#9376,.F.);
#9518 = FACE_BOUND('',#9519,.T.);
#9519 = EDGE_LOOP('',(#9520,#9521,#9542,#9543));
#9520 = ORIENTED_EDGE('',*,*,#9496,.F.);
#9521 = ORIENTED_EDGE('',*,*,#9522,.T.);
#9522 = EDGE_CURVE('',#9464,#9337,#9523,.T.);
#9523 = SURFACE_CURVE('',#9524,(#9528,#9535),.PCURVE_S1.);
#9524 = LINE('',#9525,#9526);
#9525 = CARTESIAN_POINT('',(2.,123.2716923104,20.048043050827));
#9526 = VECTOR('',#9527,1.);
#9527 = DIRECTION('',(-0.,0.894427191,-0.4472135955));
#9528 = PCURVE('',#9376,#9529);
#9529 = DEFINITIONAL_REPRESENTATION('',(#9530),#9534);
#9530 = LINE('',#9531,#9532);
#9531 = CARTESIAN_POINT('',(-9.986431589825,1.451056115087));
#9532 = VECTOR('',#9533,1.);
#9533 = DIRECTION('',(0.4472135955,-0.894427191));
#9534 = ( GEOMETRIC_REPRESENTATION_CONTEXT(2) 
PARAMETRIC_REPRESENTATION_CONTEXT() REPRESENTATION_CONTEXT('2D SPACE',''
  ) );
#9535 = PCURVE('',#9324,#9536);
#9536 = DEFINITIONAL_REPRESENTATION('',(#9537),#9541);
#9537 = LINE('',#9538,#9539);
#9538 = CARTESIAN_POINT('',(-4.712388980385,1.638154252706E-15));
#9539 = VECTOR('',#9540,1.);
#9540 = DIRECTION('',(-0.,1.));
#9541 = ( GEOMETRIC_REPRESENTATION_CONTEXT(2) 
PARAMETRIC_REPRESENTATION_CONTEXT() REPRESENTATION_CONTEXT('2D SPACE',''
  ) );
#9542 = ORIENTED_EDGE('',*,*,#9360,.T.);
#9543 = ORIENTED_EDGE('',*,*,#9412,.F.);
#9544 = ADVANCED_FACE('',(#9545),#9324,.F.);
#9545 = FACE_BOUND('',#9546,.T.);
#9546 = EDGE_LOOP('',(#9547,#9570,#9601,#9602,#9603,#9604,#9605));
#9547 = ORIENTED_EDGE('',*,*,#9548,.T.);
#9548 = EDGE_CURVE('',#9308,#9549,#9551,.T.);
#9549 = VERTEX_POINT('',#9550);
#9550 = CARTESIAN_POINT('',(0.425,132.40602999848,13.719970674503));
#9551 = SEAM_CURVE('',#9552,(#9556,#9563),.PCURVE_S1.);
#9552 = LINE('',#9553,#9554);
#9553 = CARTESIAN_POINT('',(0.425,122.56733089749,18.639320225002));
#9554 = VECTOR('',#9555,1.);
#9555 = DIRECTION('',(-0.,0.894427191,-0.4472135955));
#9556 = PCURVE('',#9324,#9557);
#9557 = DEFINITIONAL_REPRESENTATION('',(#9558),#9562);
#9558 = LINE('',#9559,#9560);
#9559 = CARTESIAN_POINT('',(-6.28318530718,-0.));
#9560 = VECTOR('',#9561,1.);
#9561 = DIRECTION('',(-0.,1.));
#9562 = ( GEOMETRIC_REPRESENTATION_CONTEXT(2) 
PARAMETRIC_REPRESENTATION_CONTEXT() REPRESENTATION_CONTEXT('2D SPACE',''
  ) );
#9563 = PCURVE('',#9324,#9564);
#9564 = DEFINITIONAL_REPRESENTATION('',(#9565),#9569);
#9565 = LINE('',#9566,#9567);
#9566 = CARTESIAN_POINT('',(-0.,-0.));
#9567 = VECTOR('',#9568,1.);
#9568 = DIRECTION('',(-0.,1.));
#9569 = ( GEOMETRIC_REPRESENTATION_CONTEXT(2) 
PARAMETRIC_REPRESENTATION_CONTEXT() REPRESENTATION_CONTEXT('2D SPACE',''
  ) );
#9570 = ORIENTED_EDGE('',*,*,#9571,.F.);
#9571 = EDGE_CURVE('',#9549,#9549,#9572,.T.);
#9572 = SURFACE_CURVE('',#9573,(#9578,#9585),.PCURVE_S1.);
#9573 = CIRCLE('',#9574,1.575);
#9574 = AXIS2_PLACEMENT_3D('',#9575,#9576,#9577);
#9575 = CARTESIAN_POINT('',(2.,132.40602999848,13.719970674503));
#9576 = DIRECTION('',(-0.,-0.894427191,0.4472135955));
#9577 = DIRECTION('',(-1.,0.,-0.));
#9578 = PCURVE('',#9324,#9579);
#9579 = DEFINITIONAL_REPRESENTATION('',(#9580),#9584);
#9580 = LINE('',#9581,#9582);
#9581 = CARTESIAN_POINT('',(-0.,11.));
#9582 = VECTOR('',#9583,1.);
#9583 = DIRECTION('',(-1.,0.));
#9584 = ( GEOMETRIC_REPRESENTATION_CONTEXT(2) 
PARAMETRIC_REPRESENTATION_CONTEXT() REPRESENTATION_CONTEXT('2D SPACE',''
  ) );
#9585 = PCURVE('',#9586,#9591);
#9586 = PLANE('',#9587);
#9587 = AXIS2_PLACEMENT_3D('',#9588,#9589,#9590);
#9588 = CARTESIAN_POINT('',(2.,132.40602999848,13.719970674503));
#9589 = DIRECTION('',(-0.,0.894427191,-0.4472135955));
#9590 = DIRECTION('',(1.,0.,0.));
#9591 = DEFINITIONAL_REPRESENTATION('',(#9592),#9600);
#9592 = ( BOUNDED_CURVE() B_SPLINE_CURVE(2,(#9593,#9594,#9595,#9596,
#9597,#9598,#9599),.UNSPECIFIED.,.T.,.F.) B_SPLINE_CURVE_WITH_KNOTS((1,2
    ,2,2,2,1),(-2.094395102393,0.,2.094395102393,4.188790204786,
6.28318530718,8.377580409573),.UNSPECIFIED.) CURVE() 
GEOMETRIC_REPRESENTATION_ITEM() RATIONAL_B_SPLINE_CURVE((1.,0.5,1.,0.5,
1.,0.5,1.)) REPRESENTATION_ITEM('') );
#9593 = CARTESIAN_POINT('',(-1.575,0.));
#9594 = CARTESIAN_POINT('',(-1.575,2.727980021921));
#9595 = CARTESIAN_POINT('',(0.7875,1.36399001096));
#9596 = CARTESIAN_POINT('',(3.15,3.857637417314E-16));
#9597 = CARTESIAN_POINT('',(0.7875,-1.36399001096));
#9598 = CARTESIAN_POINT('',(-1.575,-2.727980021921));
#9599 = CARTESIAN_POINT('',(-1.575,0.));
#9600 = ( GEOMETRIC_REPRESENTATION_CONTEXT(2) 
PARAMETRIC_REPRESENTATION_CONTEXT() REPRESENTATION_CONTEXT('2D SPACE',''
  ) );
#9601 = ORIENTED_EDGE('',*,*,#9548,.F.);
#9602 = ORIENTED_EDGE('',*,*,#9336,.T.);
#9603 = ORIENTED_EDGE('',*,*,#9522,.F.);
#9604 = ORIENTED_EDGE('',*,*,#9463,.T.);
#9605 = ORIENTED_EDGE('',*,*,#9307,.T.);
#9606 = ADVANCED_FACE('',(#9607),#9586,.F.);
#9607 = FACE_BOUND('',#9608,.T.);
#9608 = EDGE_LOOP('',(#9609));
#9609 = ORIENTED_EDGE('',*,*,#9571,.T.);
#9610 = ( GEOMETRIC_REPRESENTATION_CONTEXT(3) 
GLOBAL_UNCERTAINTY_ASSIGNED_CONTEXT((#9614)) 
GLOBAL_UNIT_ASSIGNED_CONTEXT((#9611,#9612,#9613)) REPRESENTATION_CONTEXT
('Context #1','3D Context with UNIT and UNCERTAINTY') );
#9611 = ( LENGTH_UNIT() NAMED_UNIT(*) SI_UNIT(.MILLI.,.METRE.) );
#9612 = ( NAMED_UNIT(*) PLANE_ANGLE_UNIT() SI_UNIT($,.RADIAN.) );
#9613 = ( NAMED_UNIT(*) SI_UNIT($,.STERADIAN.) SOLID_ANGLE_UNIT() );
#9614 = UNCERTAINTY_MEASURE_WITH_UNIT(LENGTH_MEASURE(1.E-07),#9611,
  'distance_accuracy_value','confusion accuracy');
#9615 = PRODUCT_RELATED_PRODUCT_CATEGORY('part',$,(#7));
ENDSEC;
END-ISO-10303-21;
